acquisition_id,byte_size,evidence_id,evidence_kind,fixity_verified_at,immutable_locator,notes,payload_sha256,rights_state,source_id,source_locator,source_version_id
sha256:00115ad88776a093c343843f84b0ba66561125d529a6d3b214052c2468dcc77f,73344,evidence:sha256:00115ad88776a093c343843f84b0ba66561125d529a6d3b214052c2468dcc77f,rights_constrained_reference,2026-08-27T08:02:43.936236+00:00,sha256:00115ad88776a093c343843f84b0ba66561125d529a6d3b214052c2468dcc77f,B2 historical checksum reference records current-run fixity; source bytes remain ignored and local.,00115ad88776a093c343843f84b0ba66561125d529a6d3b214052c2468dcc77f,public_reuse_review,au_pbs,https://www.pbs.gov.au/publication/schedule/2009/2009-02-01-general-schedule-soc.pdf?variant=3,au_pbs_archive_2009_02_01_e67193edf26f
sha256:005f3d78d66cb3cd1deb18c324d3de730371565983205641b3fe47e07a337a5d,7807,evidence:sha256:005f3d78d66cb3cd1deb18c324d3de730371565983205641b3fe47e07a337a5d,rights_constrained_reference,2026-08-27T08:02:43.936236+00:00,sha256:005f3d78d66cb3cd1deb18c324d3de730371565983205641b3fe47e07a337a5d,B2 historical checksum reference records current-run fixity; source bytes remain ignored and local.,005f3d78d66cb3cd1deb18c324d3de730371565983205641b3fe47e07a337a5d,public_reuse_review,au_pbs,https://www.pbs.gov.au/publication/schedule/2010/2010-10-01-dental-book-SOC.pdf?variant=3,au_pbs_archive_2010_10_01_4ae618e1553a
sha256:0076c9c29ce377efc550e0c5346a2abe2cf1d2d834c6f5628eed226749bbf92c,469742,evidence:sha256:0076c9c29ce377efc550e0c5346a2abe2cf1d2d834c6f5628eed226749bbf92c,rights_constrained_reference,2026-08-27T08:02:43.936236+00:00,sha256:0076c9c29ce377efc550e0c5346a2abe2cf1d2d834c6f5628eed226749bbf92c,B2 historical checksum reference records current-run fixity; source bytes remain ignored and local.,0076c9c29ce377efc550e0c5346a2abe2cf1d2d834c6f5628eed226749bbf92c,public_reuse_review,au_mbs,https://www.mbsonline.gov.au/internet/mbsonline/publishing.nsf/Content/94D54B959677561ECA2585FF000015E3/$File/201312-Allied.pdf,au_mbs_historical_0246
sha256:008d4e845aa3e10f90f2ba7c031f64bea0fea3ab3aab5afbe8a237c4ade44785,466027,evidence:sha256:008d4e845aa3e10f90f2ba7c031f64bea0fea3ab3aab5afbe8a237c4ade44785,rights_constrained_reference,2026-08-27T08:02:43.936236+00:00,sha256:008d4e845aa3e10f90f2ba7c031f64bea0fea3ab3aab5afbe8a237c4ade44785,B2 historical checksum reference records current-run fixity; source bytes remain ignored and local.,008d4e845aa3e10f90f2ba7c031f64bea0fea3ab3aab5afbe8a237c4ade44785,public_reuse_review,au_pbs,https://www.pbs.gov.au/publication/schedule/2022/02/2022-02-01-general-soc.pdf?variant=3,au_pbs_archive_2022_02_01_8507d5a032ba
sha256:00b3c2d68eddb37ca4a61dfd97370c67590fe271496c3904ef70727eecee94cf,402988,evidence:sha256:00b3c2d68eddb37ca4a61dfd97370c67590fe271496c3904ef70727eecee94cf,rights_constrained_reference,2026-08-27T08:02:43.936236+00:00,sha256:00b3c2d68eddb37ca4a61dfd97370c67590fe271496c3904ef70727eecee94cf,B2 historical checksum reference records current-run fixity; source bytes remain ignored and local.,00b3c2d68eddb37ca4a61dfd97370c67590fe271496c3904ef70727eecee94cf,public_reuse_review,au_pbs,https://www.pbs.gov.au/publication/schedule/2015/03/2015-03-01-errata.pdf?variant=3,au_pbs_archive_2015_03_01_404dd6faf91c
sha256:00e6b75b9d4a43b2570855dee06720933869fadaae01877e7e4fe19d2cc9b1e6,211144,evidence:sha256:00e6b75b9d4a43b2570855dee06720933869fadaae01877e7e4fe19d2cc9b1e6,rights_constrained_reference,2026-08-27T08:02:43.936236+00:00,sha256:00e6b75b9d4a43b2570855dee06720933869fadaae01877e7e4fe19d2cc9b1e6,B2 historical checksum reference records current-run fixity; source bytes remain ignored and local.,00e6b75b9d4a43b2570855dee06720933869fadaae01877e7e4fe19d2cc9b1e6,public_reuse_review,au_pbs,https://www.pbs.gov.au/publication/schedule/2011/11/2011-11-01-dental-book-SOC.pdf?variant=3,au_pbs_archive_2011_11_01_b0ff17f9f096
sha256:0158e656415e572d7014397d16af1bd7fad487546d6faac4a7b7011ccc5dd9c4,1893318,evidence:sha256:0158e656415e572d7014397d16af1bd7fad487546d6faac4a7b7011ccc5dd9c4,rights_constrained_reference,2026-08-27T08:02:43.936236+00:00,sha256:0158e656415e572d7014397d16af1bd7fad487546d6faac4a7b7011ccc5dd9c4,B2 historical checksum reference records current-run fixity; source bytes remain ignored and local.,0158e656415e572d7014397d16af1bd7fad487546d6faac4a7b7011ccc5dd9c4,public_reuse_review,au_pbs,https://www.pbs.gov.au/publication/schedule/2021/06/2021-06-01-general-soc.pdf?variant=3,au_pbs_archive_2021_06_01_9515fa055e11
sha256:0177d6ea31ec819517f23ee407518d8d6e53f79175e4eb660d350651eaa9b859,1087867,evidence:sha256:0177d6ea31ec819517f23ee407518d8d6e53f79175e4eb660d350651eaa9b859,rights_constrained_reference,2026-08-27T08:02:43.936236+00:00,sha256:0177d6ea31ec819517f23ee407518d8d6e53f79175e4eb660d350651eaa9b859,B2 historical checksum reference records current-run fixity; source bytes remain ignored and local.,0177d6ea31ec819517f23ee407518d8d6e53f79175e4eb660d350651eaa9b859,public_reuse_review,au_pbs,https://www.pbs.gov.au/publication/schedule/2019/03/2019-03-01-general-soc.pdf?variant=3,au_pbs_archive_2019_03_01_27d9f7f6a71e
sha256:01809c64f8f18462a87a96bef295196499f869ac3876c6fe58d43a9c3bedb175,5265397,evidence:sha256:01809c64f8f18462a87a96bef295196499f869ac3876c6fe58d43a9c3bedb175,rights_constrained_reference,2026-08-27T08:02:43.936236+00:00,sha256:01809c64f8f18462a87a96bef295196499f869ac3876c6fe58d43a9c3bedb175,B2 historical checksum reference records current-run fixity; source bytes remain ignored and local.,01809c64f8f18462a87a96bef295196499f869ac3876c6fe58d43a9c3bedb175,public_reuse_review,au_mbs,https://www.mbsonline.gov.au/internet/mbsonline/publishing.nsf/Content/94D54B959677561ECA2585FF000015E3/$File/201305-MBS.pdf,au_mbs_historical_0235
sha256:0190cdd4da0848449e44dc1a6f8a826d959655a8a6c81df81a865c29f688f17c,38871,evidence:sha256:0190cdd4da0848449e44dc1a6f8a826d959655a8a6c81df81a865c29f688f17c,rights_constrained_reference,2026-08-27T08:02:43.936236+00:00,sha256:0190cdd4da0848449e44dc1a6f8a826d959655a8a6c81df81a865c29f688f17c,B2 historical checksum reference records current-run fixity; source bytes remain ignored and local.,0190cdd4da0848449e44dc1a6f8a826d959655a8a6c81df81a865c29f688f17c,public_reuse_review,au_pbs,https://www.pbs.gov.au/publication/schedule/2010/2010-04-01-dental-book-SOC.pdf?variant=3,au_pbs_archive_2010_04_01_fe223acb1c95
sha256:01ad3ee276d2636280e50239db091f18696661c3d25db52078f3cf8e350f1e40,901703,evidence:sha256:01ad3ee276d2636280e50239db091f18696661c3d25db52078f3cf8e350f1e40,rights_constrained_reference,2026-08-27T08:02:43.936236+00:00,sha256:01ad3ee276d2636280e50239db091f18696661c3d25db52078f3cf8e350f1e40,B2 historical checksum reference records current-run fixity; source bytes remain ignored and local.,01ad3ee276d2636280e50239db091f18696661c3d25db52078f3cf8e350f1e40,public_reuse_review,au_mbs,https://www.mbsonline.gov.au/internet/mbsonline/publishing.nsf/Content/70CAF134CEE45219CA258614007874F8/$File/201601-Optom.pdf,au_mbs_historical_0189
sha256:01dda9146d51d1e465b86696535331cab76f3529662c1bfd000e8339f7090464,275532,evidence:sha256:01dda9146d51d1e465b86696535331cab76f3529662c1bfd000e8339f7090464,rights_constrained_reference,2026-08-27T08:02:43.936236+00:00,sha256:01dda9146d51d1e465b86696535331cab76f3529662c1bfd000e8339f7090464,B2 historical checksum reference records current-run fixity; source bytes remain ignored and local.,01dda9146d51d1e465b86696535331cab76f3529662c1bfd000e8339f7090464,public_reuse_review,au_mbs,https://www.mbsonline.gov.au/internet/mbsonline/publishing.nsf/Content/E137A6BDE8494881CA2585FF000A72FF/$File/201201-Allied.pdf,au_mbs_historical_0295
sha256:02032b339b09929c6f96c265f7d33662f51796d3d697e28f4e96f6eb64af0b25,14169,evidence:sha256:02032b339b09929c6f96c265f7d33662f51796d3d697e28f4e96f6eb64af0b25,rights_constrained_reference,2026-08-27T08:02:43.936236+00:00,sha256:02032b339b09929c6f96c265f7d33662f51796d3d697e28f4e96f6eb64af0b25,B2 historical checksum reference records current-run fixity; source bytes remain ignored and local.,02032b339b09929c6f96c265f7d33662f51796d3d697e28f4e96f6eb64af0b25,public_reuse_review,au_pbs,https://www.pbs.gov.au/publication/schedule/2010/2010-04-01-general-schedule-erratum.pdf?variant=3,au_pbs_archive_2010_04_01_ca0082bbfb98
sha256:02089568c0097e53f6afb8b427868718589de87d4da33af6c5604df880a364dc,769910,evidence:sha256:02089568c0097e53f6afb8b427868718589de87d4da33af6c5604df880a364dc,rights_constrained_reference,2026-08-27T08:02:43.936236+00:00,sha256:02089568c0097e53f6afb8b427868718589de87d4da33af6c5604df880a364dc,B2 historical checksum reference records current-run fixity; source bytes remain ignored and local.,02089568c0097e53f6afb8b427868718589de87d4da33af6c5604df880a364dc,public_reuse_review,au_pbs,https://www.pbs.gov.au/publication/schedule/2010/2010-07-01-dental-book.pdf?variant=3,au_pbs_archive_2010_07_01_d22d5cbda95c
sha256:026046861e25306d498d793c08639620a48a9b519d3b15a79174543dbc3a06b9,541118,evidence:sha256:026046861e25306d498d793c08639620a48a9b519d3b15a79174543dbc3a06b9,rights_constrained_reference,2026-08-27T08:02:43.936236+00:00,sha256:026046861e25306d498d793c08639620a48a9b519d3b15a79174543dbc3a06b9,B2 historical checksum reference records current-run fixity; source bytes remain ignored and local.,026046861e25306d498d793c08639620a48a9b519d3b15a79174543dbc3a06b9,public_reuse_review,au_pbs,https://www.pbs.gov.au/publication/schedule/2014/09/2014-09-01-efc-schedule.pdf?variant=3,au_pbs_archive_2014_09_01_b6dc0e0b7b91
sha256:0260cc705f14f1eab7f01a98c263eaf699ee27bc16b88da24a9f0fb960e6b362,448527,evidence:sha256:0260cc705f14f1eab7f01a98c263eaf699ee27bc16b88da24a9f0fb960e6b362,rights_constrained_reference,2026-08-27T08:02:43.936236+00:00,sha256:0260cc705f14f1eab7f01a98c263eaf699ee27bc16b88da24a9f0fb960e6b362,B2 historical checksum reference records current-run fixity; source bytes remain ignored and local.,0260cc705f14f1eab7f01a98c263eaf699ee27bc16b88da24a9f0fb960e6b362,public_reuse_review,au_pbs,https://www.pbs.gov.au/publication/schedule/2008/2008-11-01-dental-book.pdf?variant=3,au_pbs_archive_2008_11_01_5845e901f6ed
sha256:028ace21535a617f6ea6a576991687274f75bdc937efce73bbb1094d9d170b05,355933,evidence:sha256:028ace21535a617f6ea6a576991687274f75bdc937efce73bbb1094d9d170b05,rights_constrained_reference,2026-08-27T08:02:43.936236+00:00,sha256:028ace21535a617f6ea6a576991687274f75bdc937efce73bbb1094d9d170b05,B2 historical checksum reference records current-run fixity; source bytes remain ignored and local.,028ace21535a617f6ea6a576991687274f75bdc937efce73bbb1094d9d170b05,public_reuse_review,au_mbs,https://www.mbsonline.gov.au/internet/mbsonline/publishing.nsf/Content/94D54B959677561ECA2585FF000015E3/$File/201303-Optom.pdf,au_mbs_historical_0233
sha256:02e554fda6d72c7e8eedd831197291a9edac10767f93a442c14f2f67343fa3b0,1089439,evidence:sha256:02e554fda6d72c7e8eedd831197291a9edac10767f93a442c14f2f67343fa3b0,rights_constrained_reference,2026-08-27T08:02:43.936236+00:00,sha256:02e554fda6d72c7e8eedd831197291a9edac10767f93a442c14f2f67343fa3b0,B2 historical checksum reference records current-run fixity; source bytes remain ignored and local.,02e554fda6d72c7e8eedd831197291a9edac10767f93a442c14f2f67343fa3b0,public_reuse_review,au_pbs,https://www.pbs.gov.au/publication/schedule/2010/2010-01-01-dental-book.pdf?variant=3,au_pbs_archive_2010_01_01_73af48a20f10
sha256:02e5f22eef63aa2766e1f45d9c780aa22cc499709fb00928de2ff286ea0e046e,7595,evidence:sha256:02e5f22eef63aa2766e1f45d9c780aa22cc499709fb00928de2ff286ea0e046e,rights_constrained_reference,2026-08-27T08:02:43.936236+00:00,sha256:02e5f22eef63aa2766e1f45d9c780aa22cc499709fb00928de2ff286ea0e046e,B2 historical checksum reference records current-run fixity; source bytes remain ignored and local.,02e5f22eef63aa2766e1f45d9c780aa22cc499709fb00928de2ff286ea0e046e,public_reuse_review,au_pbs,https://www.pbs.gov.au/publication/schedule/2010/2010-07-01-dental-book-SOC.pdf?variant=3,au_pbs_archive_2010_07_01_4daaee4e968c
sha256:02ee83a9fa85b47addb1edbf274e7eaa2320f867750de9cb0c9a3c27b2cd32e9,1956497,evidence:sha256:02ee83a9fa85b47addb1edbf274e7eaa2320f867750de9cb0c9a3c27b2cd32e9,rights_constrained_reference,2026-08-27T08:02:43.936236+00:00,sha256:02ee83a9fa85b47addb1edbf274e7eaa2320f867750de9cb0c9a3c27b2cd32e9,B2 historical checksum reference records current-run fixity; source bytes remain ignored and local.,02ee83a9fa85b47addb1edbf274e7eaa2320f867750de9cb0c9a3c27b2cd32e9,public_reuse_review,au_pbs,https://www.pbs.gov.au/publication/schedule/2020/01/2020-01-01-efc-schedule.pdf?variant=3,au_pbs_archive_2020_01_01_e78b4e976a68
sha256:03658490de41abcfcc5740dd9058c1c8db6379b17ef33ede2125a1bb7fafab82,2769033,evidence:sha256:03658490de41abcfcc5740dd9058c1c8db6379b17ef33ede2125a1bb7fafab82,rights_constrained_reference,2026-08-27T08:02:43.936236+00:00,sha256:03658490de41abcfcc5740dd9058c1c8db6379b17ef33ede2125a1bb7fafab82,B2 historical checksum reference records current-run fixity; source bytes remain ignored and local.,03658490de41abcfcc5740dd9058c1c8db6379b17ef33ede2125a1bb7fafab82,public_reuse_review,au_pbs,https://www.pbs.gov.au/publication/schedule/2024/01/2024-01-01-efc-schedule.pdf?variant=3,au_pbs_archive_2024_01_01_d3a40e8f28a9
sha256:036be06629e7fc1947fe3af5e5cc6670adc15d64635fd288a19a7150a9cf77eb,967947,evidence:sha256:036be06629e7fc1947fe3af5e5cc6670adc15d64635fd288a19a7150a9cf77eb,rights_constrained_reference,2026-08-27T08:02:43.936236+00:00,sha256:036be06629e7fc1947fe3af5e5cc6670adc15d64635fd288a19a7150a9cf77eb,B2 historical checksum reference records current-run fixity; source bytes remain ignored and local.,036be06629e7fc1947fe3af5e5cc6670adc15d64635fd288a19a7150a9cf77eb,public_reuse_review,au_pbs,https://www.pbs.gov.au/publication/schedule/2011/06/2011-06-01-dental-book.pdf?variant=3,au_pbs_archive_2011_06_01_d66d1552b231
sha256:037727cd2aa0207459e986b18f4cb99a5b3e5ccaecdeb24b29c5c3e423a06c9c,879058,evidence:sha256:037727cd2aa0207459e986b18f4cb99a5b3e5ccaecdeb24b29c5c3e423a06c9c,rights_constrained_reference,2026-08-27T08:02:43.936236+00:00,sha256:037727cd2aa0207459e986b18f4cb99a5b3e5ccaecdeb24b29c5c3e423a06c9c,B2 historical checksum reference records current-run fixity; source bytes remain ignored and local.,037727cd2aa0207459e986b18f4cb99a5b3e5ccaecdeb24b29c5c3e423a06c9c,public_reuse_review,au_pbs,https://www.pbs.gov.au/publication/schedule/2023/02/2023-02-01-general-soc.pdf?variant=3,au_pbs_archive_2023_02_01_fc015666d441
sha256:03d12078f050bace5fb2aa7c7a1fdec79d3252cfd2997cd27690824e51f493c4,21649773,evidence:sha256:03d12078f050bace5fb2aa7c7a1fdec79d3252cfd2997cd27690824e51f493c4,rights_constrained_reference,2026-08-27T08:02:43.936236+00:00,sha256:03d12078f050bace5fb2aa7c7a1fdec79d3252cfd2997cd27690824e51f493c4,B2 historical checksum reference records current-run fixity; source bytes remain ignored and local.,03d12078f050bace5fb2aa7c7a1fdec79d3252cfd2997cd27690824e51f493c4,public_reuse_review,au_pbs,https://www.pbs.gov.au/publication/schedule/2016/12/2016-12-01-general-schedule.pdf?variant=3,au_pbs_archive_2016_12_01_3738e5454957
sha256:03e0bcdfcf5bed9553ae01f14f7d59205c3b092aab8412600e7f804d27ac610e,83611,evidence:sha256:03e0bcdfcf5bed9553ae01f14f7d59205c3b092aab8412600e7f804d27ac610e,rights_constrained_reference,2026-08-27T08:02:43.936236+00:00,sha256:03e0bcdfcf5bed9553ae01f14f7d59205c3b092aab8412600e7f804d27ac610e,B2 historical checksum reference records current-run fixity; source bytes remain ignored and local.,03e0bcdfcf5bed9553ae01f14f7d59205c3b092aab8412600e7f804d27ac610e,public_reuse_review,au_pbs,https://www.pbs.gov.au/publication/schedule/2009/2009-11-01-general-schedule-soc.pdf?variant=3,au_pbs_archive_2009_11_01_58b3888c530f
sha256:04f6036e651ef4747b83f6304b843f769c1e5b728be75524aa67f8a1e88e3ad8,2610181,evidence:sha256:04f6036e651ef4747b83f6304b843f769c1e5b728be75524aa67f8a1e88e3ad8,rights_constrained_reference,2026-08-27T08:02:43.936236+00:00,sha256:04f6036e651ef4747b83f6304b843f769c1e5b728be75524aa67f8a1e88e3ad8,B2 historical checksum reference records current-run fixity; source bytes remain ignored and local.,04f6036e651ef4747b83f6304b843f769c1e5b728be75524aa67f8a1e88e3ad8,public_reuse_review,au_pbs,https://www.pbs.gov.au/publication/schedule/2022/08/2022-08-01-general-soc.pdf?variant=3,au_pbs_archive_2022_08_01_a08853681612
sha256:0516ee7c5053e72c8d859b739f04679d5b88ab4471fe23ac0634822b680288b4,298348,evidence:sha256:0516ee7c5053e72c8d859b739f04679d5b88ab4471fe23ac0634822b680288b4,rights_constrained_reference,2026-08-27T08:02:43.936236+00:00,sha256:0516ee7c5053e72c8d859b739f04679d5b88ab4471fe23ac0634822b680288b4,B2 historical checksum reference records current-run fixity; source bytes remain ignored and local.,0516ee7c5053e72c8d859b739f04679d5b88ab4471fe23ac0634822b680288b4,public_reuse_review,au_pbs,https://www.pbs.gov.au/publication/schedule/2025/09/Addendum-1-September-2025-Benzathine-benzylpenicillin.pdf?variant=3,au_pbs_archive_unknown_167de91660aa
sha256:0539c77de43b284febc2ca007d4eba468694125ecd48630da205d3bcc26d4d9b,2912419,evidence:sha256:0539c77de43b284febc2ca007d4eba468694125ecd48630da205d3bcc26d4d9b,rights_constrained_reference,2026-08-27T08:02:43.936236+00:00,sha256:0539c77de43b284febc2ca007d4eba468694125ecd48630da205d3bcc26d4d9b,B2 historical checksum reference records current-run fixity; source bytes remain ignored and local.,0539c77de43b284febc2ca007d4eba468694125ecd48630da205d3bcc26d4d9b,public_reuse_review,au_pbs,https://www.pbs.gov.au/publication/schedule/2024/09/2024-09-01-efc-schedule.pdf?variant=3,au_pbs_archive_2024_09_01_60f660163a73
sha256:056c8cb2a25849e5b95de97b7b2d0b797946a933e322388ae35ec8c44b4c8a99,3289372,evidence:sha256:056c8cb2a25849e5b95de97b7b2d0b797946a933e322388ae35ec8c44b4c8a99,rights_constrained_reference,2026-08-27T08:02:43.936236+00:00,sha256:056c8cb2a25849e5b95de97b7b2d0b797946a933e322388ae35ec8c44b4c8a99,B2 historical checksum reference records current-run fixity; source bytes remain ignored and local.,056c8cb2a25849e5b95de97b7b2d0b797946a933e322388ae35ec8c44b4c8a99,public_reuse_review,au_mbs,https://www.mbsonline.gov.au/internet/mbsonline/publishing.nsf/Content/515793D58E889BD0CA257CD100033990/$File/2004-11-MBS.pdf,au_mbs_historical_0133
sha256:05bb7619e1537f50925c24daed840d724c6db949eceabcd0f51a5e995f391a9d,82325,evidence:sha256:05bb7619e1537f50925c24daed840d724c6db949eceabcd0f51a5e995f391a9d,rights_constrained_reference,2026-08-27T08:02:43.936236+00:00,sha256:05bb7619e1537f50925c24daed840d724c6db949eceabcd0f51a5e995f391a9d,B2 historical checksum reference records current-run fixity; source bytes remain ignored and local.,05bb7619e1537f50925c24daed840d724c6db949eceabcd0f51a5e995f391a9d,public_reuse_review,au_pbs,https://www.pbs.gov.au/publication/schedule/2013/02/2013-02-01-data-erratum.pdf?variant=3,au_pbs_archive_2013_02_01_695dbe8b540b
sha256:05c59665124fd5145ebd0702d8ac8f1baaa4efa02daaedc9ab899c87c5120095,801512,evidence:sha256:05c59665124fd5145ebd0702d8ac8f1baaa4efa02daaedc9ab899c87c5120095,rights_constrained_reference,2026-08-27T08:02:43.936236+00:00,sha256:05c59665124fd5145ebd0702d8ac8f1baaa4efa02daaedc9ab899c87c5120095,B2 historical checksum reference records current-run fixity; source bytes remain ignored and local.,05c59665124fd5145ebd0702d8ac8f1baaa4efa02daaedc9ab899c87c5120095,public_reuse_review,au_mbs,https://www.mbsonline.gov.au/internet/mbsonline/publishing.nsf/Content/A7F6A9DA0E280DCCCA2586140008B368/$File/201501-Optom.pdf,au_mbs_historical_0251
sha256:05d91412adeaa42ff022f433cc9e283f938b186e822009cb208ea4569ceca6cc,2472434,evidence:sha256:05d91412adeaa42ff022f433cc9e283f938b186e822009cb208ea4569ceca6cc,rights_constrained_reference,2026-08-27T08:02:43.936236+00:00,sha256:05d91412adeaa42ff022f433cc9e283f938b186e822009cb208ea4569ceca6cc,B2 historical checksum reference records current-run fixity; source bytes remain ignored and local.,05d91412adeaa42ff022f433cc9e283f938b186e822009cb208ea4569ceca6cc,public_reuse_review,au_pbs,https://www.pbs.gov.au/publication/schedule/2025/10/2025-10-01-general-soc.pdf?variant=3,au_pbs_archive_2025_10_01_cdc19ca83cb9
sha256:060746023d95f4dd5254f3ad6f7fb6adf5cac00b4f2d68e03b599a7908b6b2cd,14815664,evidence:sha256:060746023d95f4dd5254f3ad6f7fb6adf5cac00b4f2d68e03b599a7908b6b2cd,rights_constrained_reference,2026-08-27T08:02:43.936236+00:00,sha256:060746023d95f4dd5254f3ad6f7fb6adf5cac00b4f2d68e03b599a7908b6b2cd,B2 historical checksum reference records current-run fixity; source bytes remain ignored and local.,060746023d95f4dd5254f3ad6f7fb6adf5cac00b4f2d68e03b599a7908b6b2cd,public_reuse_review,au_pbs,https://www.pbs.gov.au/publication/schedule/1951-2002/1985-12-01-consolidated-schedules.pdf?variant=3,au_pbs_archive_1985_12_01_364889789397
sha256:06085e3f808a1a4a37796702af73c3a03b5857406082f94379f87702afd90cbb,10633550,evidence:sha256:06085e3f808a1a4a37796702af73c3a03b5857406082f94379f87702afd90cbb,rights_constrained_reference,2026-08-27T08:02:43.936236+00:00,sha256:06085e3f808a1a4a37796702af73c3a03b5857406082f94379f87702afd90cbb,B2 historical checksum reference records current-run fixity; source bytes remain ignored and local.,06085e3f808a1a4a37796702af73c3a03b5857406082f94379f87702afd90cbb,public_reuse_review,au_pbs,https://www.pbs.gov.au/publication/schedule/2023/07/2023-07-01-general-schedule-volume-2.pdf?variant=3,au_pbs_archive_2023_07_01_706f2e214fef
sha256:063186c99e597a60dc11b4aaf71d056eebaf2612061f637b1b52bab9e488a622,12986,evidence:sha256:063186c99e597a60dc11b4aaf71d056eebaf2612061f637b1b52bab9e488a622,rights_constrained_reference,2026-08-27T08:02:43.936236+00:00,sha256:063186c99e597a60dc11b4aaf71d056eebaf2612061f637b1b52bab9e488a622,B2 historical checksum reference records current-run fixity; source bytes remain ignored and local.,063186c99e597a60dc11b4aaf71d056eebaf2612061f637b1b52bab9e488a622,public_reuse_review,au_mbs,https://www.mbsonline.gov.au/internet/mbsonline/publishing.nsf/Content/FBE6CC5B217AC8DACA25859E0016F5A3/$File/rvg210701.txt,au_mbs_historical_0338
sha256:06424aefc194123705600f85a0ad5c454ea84f8536adf8264670bf064a1a61e7,10412323,evidence:sha256:06424aefc194123705600f85a0ad5c454ea84f8536adf8264670bf064a1a61e7,rights_constrained_reference,2026-08-27T08:02:43.936236+00:00,sha256:06424aefc194123705600f85a0ad5c454ea84f8536adf8264670bf064a1a61e7,B2 historical checksum reference records current-run fixity; source bytes remain ignored and local.,06424aefc194123705600f85a0ad5c454ea84f8536adf8264670bf064a1a61e7,public_reuse_review,au_pbs,https://www.pbs.gov.au/publication/schedule/2024/06/2024-06-01-general-schedule-volume-1.pdf?variant=3,au_pbs_archive_2024_06_01_69973c7c7c41
sha256:0650b0a01c6b4b9b1bff3029ac89550c08f9481ba56cda9f1398b9fbf6b44775,3682785,evidence:sha256:0650b0a01c6b4b9b1bff3029ac89550c08f9481ba56cda9f1398b9fbf6b44775,rights_constrained_reference,2026-08-27T08:02:43.936236+00:00,sha256:0650b0a01c6b4b9b1bff3029ac89550c08f9481ba56cda9f1398b9fbf6b44775,B2 historical checksum reference records current-run fixity; source bytes remain ignored and local.,0650b0a01c6b4b9b1bff3029ac89550c08f9481ba56cda9f1398b9fbf6b44775,public_reuse_review,au_pbs,https://www.pbs.gov.au/publication/schedule/2010/2010-09-01-general-schedule.pdf?variant=3,au_pbs_archive_2010_09_01_369b07e2c8e8
sha256:06c3361624709190f83391208842bbbcb8cf8b76796f79ec6d5633840aaf7f2d,1132894,evidence:sha256:06c3361624709190f83391208842bbbcb8cf8b76796f79ec6d5633840aaf7f2d,rights_constrained_reference,2026-08-27T08:02:43.936236+00:00,sha256:06c3361624709190f83391208842bbbcb8cf8b76796f79ec6d5633840aaf7f2d,B2 historical checksum reference records current-run fixity; source bytes remain ignored and local.,06c3361624709190f83391208842bbbcb8cf8b76796f79ec6d5633840aaf7f2d,public_reuse_review,au_mbs,https://www.mbsonline.gov.au/internet/mbsonline/publishing.nsf/Content/515793D58E889BD0CA257CD100033990/$File/1994-05-MBS.pdf,au_mbs_historical_0097
sha256:06db83b67debbdfb7febf04ebbcbdea14c43d58ba7d0107707341faba4a1eee9,2039444,evidence:sha256:06db83b67debbdfb7febf04ebbcbdea14c43d58ba7d0107707341faba4a1eee9,rights_constrained_reference,2026-08-27T08:02:43.936236+00:00,sha256:06db83b67debbdfb7febf04ebbcbdea14c43d58ba7d0107707341faba4a1eee9,B2 historical checksum reference records current-run fixity; source bytes remain ignored and local.,06db83b67debbdfb7febf04ebbcbdea14c43d58ba7d0107707341faba4a1eee9,public_reuse_review,au_pbs,https://www.pbs.gov.au/publication/schedule/2020/05/2020-05-01-efc-schedule.pdf?variant=3,au_pbs_archive_2020_05_01_e1a0fe04d1de
sha256:07197f96afb15262bf03ddff42ce1325400d29b2f4e341a3cf21e5fbd605ee48,355951,evidence:sha256:07197f96afb15262bf03ddff42ce1325400d29b2f4e341a3cf21e5fbd605ee48,rights_constrained_reference,2026-08-27T08:02:43.936236+00:00,sha256:07197f96afb15262bf03ddff42ce1325400d29b2f4e341a3cf21e5fbd605ee48,B2 historical checksum reference records current-run fixity; source bytes remain ignored and local.,07197f96afb15262bf03ddff42ce1325400d29b2f4e341a3cf21e5fbd605ee48,public_reuse_review,au_mbs,https://www.mbsonline.gov.au/internet/mbsonline/publishing.nsf/Content/94D54B959677561ECA2585FF000015E3/$File/201305-Optom.pdf,au_mbs_historical_0236
sha256:07563bbba8bad0a8e5b51cf383edcf21f347b8dd3880757df6e19ef0ee3eb5b6,135983,evidence:sha256:07563bbba8bad0a8e5b51cf383edcf21f347b8dd3880757df6e19ef0ee3eb5b6,rights_constrained_reference,2026-08-27T08:02:43.936236+00:00,sha256:07563bbba8bad0a8e5b51cf383edcf21f347b8dd3880757df6e19ef0ee3eb5b6,B2 historical checksum reference records current-run fixity; source bytes remain ignored and local.,07563bbba8bad0a8e5b51cf383edcf21f347b8dd3880757df6e19ef0ee3eb5b6,public_reuse_review,au_mbs,https://www.mbsonline.gov.au/internet/mbsonline/publishing.nsf/650f3eec0dfb990fca25692100069854/d4bd04ca56657072ca258df70023b066/$FILE/54354662.csv/Health%20Insurance%20Regulations%202018%20-%20Basic%20Service%20Description%20for%20Assignment%20of%20Medicare%20Benefits.csv,au_mbs_historical_0008
sha256:07618850aef7882653b00c21d0da3e9b00449fe905b03b407a169221649ceb88,22436229,evidence:sha256:07618850aef7882653b00c21d0da3e9b00449fe905b03b407a169221649ceb88,rights_constrained_reference,2026-08-27T08:02:43.936236+00:00,sha256:07618850aef7882653b00c21d0da3e9b00449fe905b03b407a169221649ceb88,B2 historical checksum reference records current-run fixity; source bytes remain ignored and local.,07618850aef7882653b00c21d0da3e9b00449fe905b03b407a169221649ceb88,public_reuse_review,au_mbs,https://www.mbsonline.gov.au/internet/mbsonline/publishing.nsf/Content/515793D58E889BD0CA257CD100033990/$File/1978-MBS.pdf,au_mbs_historical_0075
sha256:07a808dfc848cc84c85e3d741117f757e4bf06d5b6a9b2bb6248f4fcebf7aed4,953198,evidence:sha256:07a808dfc848cc84c85e3d741117f757e4bf06d5b6a9b2bb6248f4fcebf7aed4,rights_constrained_reference,2026-08-27T08:02:43.936236+00:00,sha256:07a808dfc848cc84c85e3d741117f757e4bf06d5b6a9b2bb6248f4fcebf7aed4,B2 historical checksum reference records current-run fixity; source bytes remain ignored and local.,07a808dfc848cc84c85e3d741117f757e4bf06d5b6a9b2bb6248f4fcebf7aed4,public_reuse_review,au_pbs,https://www.pbs.gov.au/publication/schedule/2015/03/2015-03-01-efc-schedule.pdf?variant=3,au_pbs_archive_2015_03_01_266d2b5c542c
sha256:07b1c0e424ec7f602361ebbf233c637a2f67313fc14453b9302388bf70c2cc83,277960,evidence:sha256:07b1c0e424ec7f602361ebbf233c637a2f67313fc14453b9302388bf70c2cc83,rights_constrained_reference,2026-08-27T08:02:43.936236+00:00,sha256:07b1c0e424ec7f602361ebbf233c637a2f67313fc14453b9302388bf70c2cc83,B2 historical checksum reference records current-run fixity; source bytes remain ignored and local.,07b1c0e424ec7f602361ebbf233c637a2f67313fc14453b9302388bf70c2cc83,public_reuse_review,au_pbs,https://www.pbs.gov.au/publication/schedule/2016/05/2016-05-01-erratum.pdf?variant=3,au_pbs_archive_2016_05_01_c96c73eb1aa1
sha256:07de620129f883fdc2cba69084c4b157a5073392991928337473086d736a0f77,2709389,evidence:sha256:07de620129f883fdc2cba69084c4b157a5073392991928337473086d736a0f77,rights_constrained_reference,2026-08-27T08:02:43.936236+00:00,sha256:07de620129f883fdc2cba69084c4b157a5073392991928337473086d736a0f77,B2 historical checksum reference records current-run fixity; source bytes remain ignored and local.,07de620129f883fdc2cba69084c4b157a5073392991928337473086d736a0f77,public_reuse_review,au_pbs,https://www.pbs.gov.au/publication/schedule/2016/05/2016-05-01-general-schedule-soc.pdf?variant=3,au_pbs_archive_2016_05_01_d52e805d91db
sha256:07ea7e7767619acea74dc6d82bfdbac8f5cd340130cd1811612d3ea340db413f,349707,evidence:sha256:07ea7e7767619acea74dc6d82bfdbac8f5cd340130cd1811612d3ea340db413f,rights_constrained_reference,2026-08-27T08:02:43.936236+00:00,sha256:07ea7e7767619acea74dc6d82bfdbac8f5cd340130cd1811612d3ea340db413f,B2 historical checksum reference records current-run fixity; source bytes remain ignored and local.,07ea7e7767619acea74dc6d82bfdbac8f5cd340130cd1811612d3ea340db413f,public_reuse_review,au_mbs,https://www.mbsonline.gov.au/internet/mbsonline/publishing.nsf/Content/515793D58E889BD0CA257CD100033990/$File/2005-11-Optom.pdf,au_mbs_historical_0139
sha256:0866134a406f823523d2a963108c61d86c4891881987d79b4d21f0c2de89293a,86281,evidence:sha256:0866134a406f823523d2a963108c61d86c4891881987d79b4d21f0c2de89293a,rights_constrained_reference,2026-08-27T08:02:43.936236+00:00,sha256:0866134a406f823523d2a963108c61d86c4891881987d79b4d21f0c2de89293a,B2 historical checksum reference records current-run fixity; source bytes remain ignored and local.,0866134a406f823523d2a963108c61d86c4891881987d79b4d21f0c2de89293a,public_reuse_review,au_mbs,https://www.mbsonline.gov.au/internet/mbsonline/publishing.nsf/Content/8F3FA58ED97DCA35CA2584BE00111151/$File/202001-Cat2.zip,au_mbs_historical_0201
sha256:08827bcc6a46f1df89116ef4dc6225e9168948b47c11c28964866128ecaa2a1e,153953,evidence:sha256:08827bcc6a46f1df89116ef4dc6225e9168948b47c11c28964866128ecaa2a1e,rights_constrained_reference,2026-08-27T08:02:43.936236+00:00,sha256:08827bcc6a46f1df89116ef4dc6225e9168948b47c11c28964866128ecaa2a1e,B2 historical checksum reference records current-run fixity; source bytes remain ignored and local.,08827bcc6a46f1df89116ef4dc6225e9168948b47c11c28964866128ecaa2a1e,public_reuse_review,au_pbs,https://www.pbs.gov.au/publication/schedule/2011/10/2011-10-01-dental-book-SOC.pdf?variant=3,au_pbs_archive_2011_10_01_4ca3027ea6ab
sha256:08aad0461198d78c4943e21fbe5f55af2a5945bee306e30f0bbc8401d8f173ea,16931231,evidence:sha256:08aad0461198d78c4943e21fbe5f55af2a5945bee306e30f0bbc8401d8f173ea,rights_constrained_reference,2026-08-27T08:02:43.936236+00:00,sha256:08aad0461198d78c4943e21fbe5f55af2a5945bee306e30f0bbc8401d8f173ea,B2 historical checksum reference records current-run fixity; source bytes remain ignored and local.,08aad0461198d78c4943e21fbe5f55af2a5945bee306e30f0bbc8401d8f173ea,public_reuse_review,au_mbs,https://www.mbsonline.gov.au/internet/mbsonline/publishing.nsf/Content/90CB91EE0B6FB8A9CA2586140082584E/$File/201802-MBS.pdf,au_mbs_historical_0222
sha256:0913aa5f6ba9bcbb587f8ec39c1b35233b787b819c5e8ba3bf0a11d0d3b974e3,189071,evidence:sha256:0913aa5f6ba9bcbb587f8ec39c1b35233b787b819c5e8ba3bf0a11d0d3b974e3,rights_constrained_reference,2026-08-27T08:02:43.936236+00:00,sha256:0913aa5f6ba9bcbb587f8ec39c1b35233b787b819c5e8ba3bf0a11d0d3b974e3,B2 historical checksum reference records current-run fixity; source bytes remain ignored and local.,0913aa5f6ba9bcbb587f8ec39c1b35233b787b819c5e8ba3bf0a11d0d3b974e3,public_reuse_review,au_mbs,https://www.mbsonline.gov.au/internet/mbsonline/publishing.nsf/Content/E137A6BDE8494881CA2585FF000A72FF/$File/201201-Dental.pdf,au_mbs_historical_0296
sha256:096283997d24eeb3dbafe43978bf68aa4bb16d2d3be4aac01bd9d79ea73b6ba9,808045,evidence:sha256:096283997d24eeb3dbafe43978bf68aa4bb16d2d3be4aac01bd9d79ea73b6ba9,rights_constrained_reference,2026-08-27T08:02:43.936236+00:00,sha256:096283997d24eeb3dbafe43978bf68aa4bb16d2d3be4aac01bd9d79ea73b6ba9,B2 historical checksum reference records current-run fixity; source bytes remain ignored and local.,096283997d24eeb3dbafe43978bf68aa4bb16d2d3be4aac01bd9d79ea73b6ba9,public_reuse_review,au_pbs,https://www.pbs.gov.au/publication/schedule/2008/2008-09-01-dental-book.pdf?variant=3,au_pbs_archive_2008_09_01_e8bb796d54ec
sha256:0979fdc4bc9c268c8f86e69946636ca9c4adc994eb9e581ff172ce1afd279976,447992,evidence:sha256:0979fdc4bc9c268c8f86e69946636ca9c4adc994eb9e581ff172ce1afd279976,rights_constrained_reference,2026-08-27T08:02:43.936236+00:00,sha256:0979fdc4bc9c268c8f86e69946636ca9c4adc994eb9e581ff172ce1afd279976,B2 historical checksum reference records current-run fixity; source bytes remain ignored and local.,0979fdc4bc9c268c8f86e69946636ca9c4adc994eb9e581ff172ce1afd279976,public_reuse_review,au_mbs,https://www.mbsonline.gov.au/internet/mbsonline/publishing.nsf/Content/515793D58E889BD0CA257CD100033990/$File/2007-05-Pathology.pdf,au_mbs_historical_0146
sha256:098540727a104c1e7ff901059b59232a8bd444c7bd08c3354ab0062b8a0e57b3,452065,evidence:sha256:098540727a104c1e7ff901059b59232a8bd444c7bd08c3354ab0062b8a0e57b3,rights_constrained_reference,2026-08-27T08:02:43.936236+00:00,sha256:098540727a104c1e7ff901059b59232a8bd444c7bd08c3354ab0062b8a0e57b3,B2 historical checksum reference records current-run fixity; source bytes remain ignored and local.,098540727a104c1e7ff901059b59232a8bd444c7bd08c3354ab0062b8a0e57b3,public_reuse_review,au_pbs,https://www.pbs.gov.au/publication/schedule/2009/2009-09-01-dental-book.pdf?variant=3,au_pbs_archive_2009_09_01_a4a3c213f2a0
sha256:0998a91ed7b5651228d1f2b56a85c786317fb77a978290156c2d8075668195e4,1356755,evidence:sha256:0998a91ed7b5651228d1f2b56a85c786317fb77a978290156c2d8075668195e4,rights_constrained_reference,2026-08-27T08:02:43.936236+00:00,sha256:0998a91ed7b5651228d1f2b56a85c786317fb77a978290156c2d8075668195e4,B2 historical checksum reference records current-run fixity; source bytes remain ignored and local.,0998a91ed7b5651228d1f2b56a85c786317fb77a978290156c2d8075668195e4,public_reuse_review,au_pbs,https://www.pbs.gov.au/publication/schedule/2014/12/2014-12-01-efc-schedule.pdf?variant=3,au_pbs_archive_2014_12_01_b75e85c0c6a7
sha256:09ad40e2aa3b57a338effe8a581066478d47093670bfc0ae4fdb18bcec9b35eb,11200047,evidence:sha256:09ad40e2aa3b57a338effe8a581066478d47093670bfc0ae4fdb18bcec9b35eb,rights_constrained_reference,2026-08-27T08:02:43.936236+00:00,sha256:09ad40e2aa3b57a338effe8a581066478d47093670bfc0ae4fdb18bcec9b35eb,B2 historical checksum reference records current-run fixity; source bytes remain ignored and local.,09ad40e2aa3b57a338effe8a581066478d47093670bfc0ae4fdb18bcec9b35eb,public_reuse_review,au_pbs,https://www.pbs.gov.au/publication/schedule/1951-2002/1980-12-01-consolidated-schedules.pdf?variant=3,au_pbs_archive_1980_12_01_c5b0b95d82bb
sha256:0a179f9c622c9b842c37a6a557759ed523a7be1b053aafcb498864e7da8262df,3997414,evidence:sha256:0a179f9c622c9b842c37a6a557759ed523a7be1b053aafcb498864e7da8262df,rights_constrained_reference,2026-08-27T08:02:43.936236+00:00,sha256:0a179f9c622c9b842c37a6a557759ed523a7be1b053aafcb498864e7da8262df,B2 historical checksum reference records current-run fixity; source bytes remain ignored and local.,0a179f9c622c9b842c37a6a557759ed523a7be1b053aafcb498864e7da8262df,public_reuse_review,au_mbs,https://www.mbsonline.gov.au/internet/mbsonline/publishing.nsf/Content/515793D58E889BD0CA257CD100033990/$File/201011-MBS.pdf,au_mbs_historical_0175
sha256:0a2a769dfbf29bf71b2bfe31d2c7d006442b9ee655c7cd48baa0affc2edbe1e6,181811,evidence:sha256:0a2a769dfbf29bf71b2bfe31d2c7d006442b9ee655c7cd48baa0affc2edbe1e6,rights_constrained_reference,2026-08-27T08:02:43.936236+00:00,sha256:0a2a769dfbf29bf71b2bfe31d2c7d006442b9ee655c7cd48baa0affc2edbe1e6,B2 historical checksum reference records current-run fixity; source bytes remain ignored and local.,0a2a769dfbf29bf71b2bfe31d2c7d006442b9ee655c7cd48baa0affc2edbe1e6,public_reuse_review,au_pbs,https://www.pbs.gov.au/publication/schedule/2010/2010-10-01-general-schedule-SOC.pdf?variant=3,au_pbs_archive_2010_10_01_3edda9e5d262
sha256:0a480d3e7cede5cd4c72250939ebcfa76f8a8b9776fc6629158c4dfa57ae488f,1010374,evidence:sha256:0a480d3e7cede5cd4c72250939ebcfa76f8a8b9776fc6629158c4dfa57ae488f,rights_constrained_reference,2026-08-27T08:02:43.936236+00:00,sha256:0a480d3e7cede5cd4c72250939ebcfa76f8a8b9776fc6629158c4dfa57ae488f,B2 historical checksum reference records current-run fixity; source bytes remain ignored and local.,0a480d3e7cede5cd4c72250939ebcfa76f8a8b9776fc6629158c4dfa57ae488f,public_reuse_review,au_mbs,https://www.mbsonline.gov.au/internet/mbsonline/publishing.nsf/Content/5DCECCA2E8B2062CCA2586F100070995/$File/202007-Cat4.pdf,au_mbs_historical_0179
sha256:0a83d2e8f001fba53e3141c3d54aa734cc8e3258c388b9925271f46827824ce4,3230310,evidence:sha256:0a83d2e8f001fba53e3141c3d54aa734cc8e3258c388b9925271f46827824ce4,rights_constrained_reference,2026-08-27T08:02:43.936236+00:00,sha256:0a83d2e8f001fba53e3141c3d54aa734cc8e3258c388b9925271f46827824ce4,B2 historical checksum reference records current-run fixity; source bytes remain ignored and local.,0a83d2e8f001fba53e3141c3d54aa734cc8e3258c388b9925271f46827824ce4,public_reuse_review,au_pbs,https://www.pbs.gov.au/publication/schedule/2012/04/2012-04-01-efc-schedule.pdf?variant=3,au_pbs_archive_2012_04_01_909071a59b65
sha256:0a8f73832a220851ceb0bcbc0adbe76a07b9978f1dd8acc880b094ef51502b7f,5260125,evidence:sha256:0a8f73832a220851ceb0bcbc0adbe76a07b9978f1dd8acc880b094ef51502b7f,rights_constrained_reference,2026-08-27T08:02:43.936236+00:00,sha256:0a8f73832a220851ceb0bcbc0adbe76a07b9978f1dd8acc880b094ef51502b7f,B2 historical checksum reference records current-run fixity; source bytes remain ignored and local.,0a8f73832a220851ceb0bcbc0adbe76a07b9978f1dd8acc880b094ef51502b7f,public_reuse_review,au_mbs,https://www.mbsonline.gov.au/internet/mbsonline/publishing.nsf/Content/E137A6BDE8494881CA2585FF000A72FF/$File/201201-MBS.pdf,au_mbs_historical_0297
sha256:0a9b9ae01b38df3c2e5b7b9715d9e650dde144fdf285e697415be970d0065116,3077636,evidence:sha256:0a9b9ae01b38df3c2e5b7b9715d9e650dde144fdf285e697415be970d0065116,rights_constrained_reference,2026-08-27T08:02:43.936236+00:00,sha256:0a9b9ae01b38df3c2e5b7b9715d9e650dde144fdf285e697415be970d0065116,B2 historical checksum reference records current-run fixity; source bytes remain ignored and local.,0a9b9ae01b38df3c2e5b7b9715d9e650dde144fdf285e697415be970d0065116,public_reuse_review,au_mbs,https://www.mbsonline.gov.au/internet/mbsonline/publishing.nsf/Content/B013E0789A07D708CA258B030013670A/$File/PDF%20Version%20-%201%20July%202024%20Category%201%20-%20Professional%20Attendances.pdf,au_mbs_historical_0260
sha256:0aafc9b9accb41c1e7600628d0ff8aac2e4a3a9c4dc47ed12bd39bd38d18ad3b,1662060,evidence:sha256:0aafc9b9accb41c1e7600628d0ff8aac2e4a3a9c4dc47ed12bd39bd38d18ad3b,rights_constrained_reference,2026-08-27T08:02:43.936236+00:00,sha256:0aafc9b9accb41c1e7600628d0ff8aac2e4a3a9c4dc47ed12bd39bd38d18ad3b,B2 historical checksum reference records current-run fixity; source bytes remain ignored and local.,0aafc9b9accb41c1e7600628d0ff8aac2e4a3a9c4dc47ed12bd39bd38d18ad3b,public_reuse_review,au_mbs,https://www.mbsonline.gov.au/internet/mbsonline/publishing.nsf/Content/293EEBA9AB153C56CA2584EB001547AF/$File/202003-Cat6.pdf,au_mbs_historical_0025
sha256:0ae226e97c36cf53bc60fb2f817e5719384cb03c25c9ed9bfeb2d2e1e78273ca,701304,evidence:sha256:0ae226e97c36cf53bc60fb2f817e5719384cb03c25c9ed9bfeb2d2e1e78273ca,rights_constrained_reference,2026-08-27T08:02:43.936236+00:00,sha256:0ae226e97c36cf53bc60fb2f817e5719384cb03c25c9ed9bfeb2d2e1e78273ca,B2 historical checksum reference records current-run fixity; source bytes remain ignored and local.,0ae226e97c36cf53bc60fb2f817e5719384cb03c25c9ed9bfeb2d2e1e78273ca,public_reuse_review,au_pbs,https://www.pbs.gov.au/publication/schedule/2014/08/2014-08-01-efc-schedule.pdf?variant=3,au_pbs_archive_2014_08_01_7ac6ddaf39b7
sha256:0ae3a95cb515d9f16507a60faea7a5a07dc3ce659b86fc3ea5ab15ac83c1b8f1,52019,evidence:sha256:0ae3a95cb515d9f16507a60faea7a5a07dc3ce659b86fc3ea5ab15ac83c1b8f1,rights_constrained_reference,2026-08-27T08:02:43.936236+00:00,sha256:0ae3a95cb515d9f16507a60faea7a5a07dc3ce659b86fc3ea5ab15ac83c1b8f1,B2 historical checksum reference records current-run fixity; source bytes remain ignored and local.,0ae3a95cb515d9f16507a60faea7a5a07dc3ce659b86fc3ea5ab15ac83c1b8f1,public_reuse_review,au_pbs,https://www.pbs.gov.au/publication/schedule/2007/2007-02-01-dental-book-soc.pdf?variant=3,au_pbs_archive_2007_02_01_fba9518959cb
sha256:0b492b656e822bbe544fdb7059028a71b9c4076f5eee9c09344713d6199730e1,11695838,evidence:sha256:0b492b656e822bbe544fdb7059028a71b9c4076f5eee9c09344713d6199730e1,rights_constrained_reference,2026-08-27T08:02:43.936236+00:00,sha256:0b492b656e822bbe544fdb7059028a71b9c4076f5eee9c09344713d6199730e1,B2 historical checksum reference records current-run fixity; source bytes remain ignored and local.,0b492b656e822bbe544fdb7059028a71b9c4076f5eee9c09344713d6199730e1,public_reuse_review,au_mbs,https://www.mbsonline.gov.au/internet/mbsonline/publishing.nsf/Content/C73750F033F64E1CCA258C190017A963/$File/MBS%20Book%20-%201%20March%202025.pdf,au_mbs_historical_0282
sha256:0bc0621d46a6b5f0e45952003ddd3c1659d023674f813d1e24668710c0b81938,1675606,evidence:sha256:0bc0621d46a6b5f0e45952003ddd3c1659d023674f813d1e24668710c0b81938,rights_constrained_reference,2026-08-27T08:02:43.936236+00:00,sha256:0bc0621d46a6b5f0e45952003ddd3c1659d023674f813d1e24668710c0b81938,B2 historical checksum reference records current-run fixity; source bytes remain ignored and local.,0bc0621d46a6b5f0e45952003ddd3c1659d023674f813d1e24668710c0b81938,public_reuse_review,au_pbs,https://www.pbs.gov.au/publication/schedule/2018/07/2018-07-01-general-soc.pdf?variant=3,au_pbs_archive_2018_07_01_79af9137368d
sha256:0bc810a74f3edd1959c07f2cfa2e57cd032562855f83f70317fa25ac551555b9,17688944,evidence:sha256:0bc810a74f3edd1959c07f2cfa2e57cd032562855f83f70317fa25ac551555b9,rights_constrained_reference,2026-08-27T08:02:43.936236+00:00,sha256:0bc810a74f3edd1959c07f2cfa2e57cd032562855f83f70317fa25ac551555b9,B2 historical checksum reference records current-run fixity; source bytes remain ignored and local.,0bc810a74f3edd1959c07f2cfa2e57cd032562855f83f70317fa25ac551555b9,public_reuse_review,au_pbs,https://www.pbs.gov.au/publication/schedule/2015/09/2015-09-01-general-schedule.pdf?variant=3,au_pbs_archive_2015_09_01_39baaa55fa11
sha256:0bfa7f37573ae1b8c556af604d95480720ef30af6a53a9606d3c5386a8ae0e0f,49699,evidence:sha256:0bfa7f37573ae1b8c556af604d95480720ef30af6a53a9606d3c5386a8ae0e0f,rights_constrained_reference,2026-08-27T08:02:43.936236+00:00,sha256:0bfa7f37573ae1b8c556af604d95480720ef30af6a53a9606d3c5386a8ae0e0f,B2 historical checksum reference records current-run fixity; source bytes remain ignored and local.,0bfa7f37573ae1b8c556af604d95480720ef30af6a53a9606d3c5386a8ae0e0f,public_reuse_review,au_pbs,https://www.pbs.gov.au/publication/schedule/2007/2007-09-01-dental-book-soc.pdf?variant=3,au_pbs_archive_2007_09_01_1b5747cbb439
sha256:0c59209ca7746ab475344dab541fb0f70654a2b3b2eb5db61497dbbf76c43a8e,741048,evidence:sha256:0c59209ca7746ab475344dab541fb0f70654a2b3b2eb5db61497dbbf76c43a8e,rights_constrained_reference,2026-08-27T08:02:43.936236+00:00,sha256:0c59209ca7746ab475344dab541fb0f70654a2b3b2eb5db61497dbbf76c43a8e,B2 historical checksum reference records current-run fixity; source bytes remain ignored and local.,0c59209ca7746ab475344dab541fb0f70654a2b3b2eb5db61497dbbf76c43a8e,public_reuse_review,au_pbs,https://www.pbs.gov.au/publication/schedule/2011/04/2011-04-01-dental-book-SOC.pdf?variant=3,au_pbs_archive_2011_04_01_2d03f7da55fb
sha256:0c5e3e82f62186391e8600e342c84d7a9a6b6196857061cae24dfd68ecb352a8,11388074,evidence:sha256:0c5e3e82f62186391e8600e342c84d7a9a6b6196857061cae24dfd68ecb352a8,rights_constrained_reference,2026-08-27T08:02:43.936236+00:00,sha256:0c5e3e82f62186391e8600e342c84d7a9a6b6196857061cae24dfd68ecb352a8,B2 historical checksum reference records current-run fixity; source bytes remain ignored and local.,0c5e3e82f62186391e8600e342c84d7a9a6b6196857061cae24dfd68ecb352a8,public_reuse_review,au_pbs,https://www.pbs.gov.au/publication/schedule/2024/01/2024-01-01-general-volume-2.pdf?variant=3,au_pbs_archive_2024_01_01_ca7bba174a0a
sha256:0c5e9317c0f911066b04b9e606a897054012d87607f25a777c7e1f219998a191,50007,evidence:sha256:0c5e9317c0f911066b04b9e606a897054012d87607f25a777c7e1f219998a191,rights_constrained_reference,2026-08-27T08:02:43.936236+00:00,sha256:0c5e9317c0f911066b04b9e606a897054012d87607f25a777c7e1f219998a191,B2 historical checksum reference records current-run fixity; source bytes remain ignored and local.,0c5e9317c0f911066b04b9e606a897054012d87607f25a777c7e1f219998a191,public_reuse_review,au_pbs,https://www.pbs.gov.au/publication/schedule/2009/2009-01-01-dental-book-soc.pdf?variant=3,au_pbs_archive_2009_01_01_a63c2ff0953d
sha256:0c66edaaa016f8a2fe5df7100e1bccd2ce1fb4788585bafb5f13050a53dd5195,530774,evidence:sha256:0c66edaaa016f8a2fe5df7100e1bccd2ce1fb4788585bafb5f13050a53dd5195,rights_constrained_reference,2026-08-27T08:02:43.936236+00:00,sha256:0c66edaaa016f8a2fe5df7100e1bccd2ce1fb4788585bafb5f13050a53dd5195,B2 historical checksum reference records current-run fixity; source bytes remain ignored and local.,0c66edaaa016f8a2fe5df7100e1bccd2ce1fb4788585bafb5f13050a53dd5195,public_reuse_review,au_pbs,https://www.pbs.gov.au/publication/schedule/2010/2010-03-01-general-schedule-soc.pdf?variant=3,au_pbs_archive_2010_03_01_6e8e56ab02d4
sha256:0c9458d84eba3f7ce27f9078718142a2d288195f2230bf702071aa5bfba0d5b4,713937,evidence:sha256:0c9458d84eba3f7ce27f9078718142a2d288195f2230bf702071aa5bfba0d5b4,rights_constrained_reference,2026-08-27T08:02:43.936236+00:00,sha256:0c9458d84eba3f7ce27f9078718142a2d288195f2230bf702071aa5bfba0d5b4,B2 historical checksum reference records current-run fixity; source bytes remain ignored and local.,0c9458d84eba3f7ce27f9078718142a2d288195f2230bf702071aa5bfba0d5b4,public_reuse_review,au_pbs,https://www.pbs.gov.au/publication/schedule/2014/02/2014-02-01-general-schedule-soc.pdf?variant=3,au_pbs_archive_2014_02_01_beddfeafe32b
sha256:0cfc957130df144314407669f7ea8e39f2b416f0802c3dcfa983871aa95389dc,1217836,evidence:sha256:0cfc957130df144314407669f7ea8e39f2b416f0802c3dcfa983871aa95389dc,rights_constrained_reference,2026-08-27T08:02:43.936236+00:00,sha256:0cfc957130df144314407669f7ea8e39f2b416f0802c3dcfa983871aa95389dc,B2 historical checksum reference records current-run fixity; source bytes remain ignored and local.,0cfc957130df144314407669f7ea8e39f2b416f0802c3dcfa983871aa95389dc,public_reuse_review,au_pbs,https://www.pbs.gov.au/publication/schedule/2019/01/2019-01-01-general-soc.pdf?variant=3,au_pbs_archive_2019_01_01_83497393f46d
sha256:0d12c761e132e8ed71619b106df756387112f727d539278409836f9da1719f37,187997,evidence:sha256:0d12c761e132e8ed71619b106df756387112f727d539278409836f9da1719f37,rights_constrained_reference,2026-08-27T08:02:43.936236+00:00,sha256:0d12c761e132e8ed71619b106df756387112f727d539278409836f9da1719f37,B2 historical checksum reference records current-run fixity; source bytes remain ignored and local.,0d12c761e132e8ed71619b106df756387112f727d539278409836f9da1719f37,public_reuse_review,au_mbs,https://www.mbsonline.gov.au/internet/mbsonline/publishing.nsf/Content/515793D58E889BD0CA257CD100033990/$File/200811Dental.pdf,au_mbs_historical_0156
sha256:0dddc38b9d2a47f313c1e6ce95ca9f34822e0800a73963308cd3f9de3262fc5e,17024985,evidence:sha256:0dddc38b9d2a47f313c1e6ce95ca9f34822e0800a73963308cd3f9de3262fc5e,rights_constrained_reference,2026-08-27T08:02:43.936236+00:00,sha256:0dddc38b9d2a47f313c1e6ce95ca9f34822e0800a73963308cd3f9de3262fc5e,B2 historical checksum reference records current-run fixity; source bytes remain ignored and local.,0dddc38b9d2a47f313c1e6ce95ca9f34822e0800a73963308cd3f9de3262fc5e,public_reuse_review,au_mbs,https://www.mbsonline.gov.au/internet/mbsonline/publishing.nsf/Content/A7F6A9DA0E280DCCCA2586140008B368/$File/201512-MBS.pdf,au_mbs_historical_0259
sha256:0e09a522b926b97998c4f011d0cc387488032b4e40df5329f330ac9a5243ad74,13088403,evidence:sha256:0e09a522b926b97998c4f011d0cc387488032b4e40df5329f330ac9a5243ad74,rights_constrained_reference,2026-08-27T08:02:43.936236+00:00,sha256:0e09a522b926b97998c4f011d0cc387488032b4e40df5329f330ac9a5243ad74,B2 historical checksum reference records current-run fixity; source bytes remain ignored and local.,0e09a522b926b97998c4f011d0cc387488032b4e40df5329f330ac9a5243ad74,public_reuse_review,au_mbs,https://www.mbsonline.gov.au/internet/mbsonline/publishing.nsf/650f3eec0dfb990fca25692100069854/0b61e1e80b332754ca258c9e0000c7d8/$FILE/MBS%20Book%201%20July%202025.PDF,au_mbs_historical_0002
sha256:0e128372bdf43009acaca3235f325bcd3f2ef569578e75d775f0641816bd1685,26299364,evidence:sha256:0e128372bdf43009acaca3235f325bcd3f2ef569578e75d775f0641816bd1685,rights_constrained_reference,2026-08-27T08:02:43.936236+00:00,sha256:0e128372bdf43009acaca3235f325bcd3f2ef569578e75d775f0641816bd1685,B2 historical checksum reference records current-run fixity; source bytes remain ignored and local.,0e128372bdf43009acaca3235f325bcd3f2ef569578e75d775f0641816bd1685,public_reuse_review,au_pbs,https://www.pbs.gov.au/publication/schedule/2022/09/2022-09-01-general-schedule-volume-1.pdf?variant=3,au_pbs_archive_2022_09_01_bd19bf69c8df
sha256:0e84ab30ca18dfe4b1073782b2e9f9b55956995735584a90d23a1fd6a4d00c05,524050,evidence:sha256:0e84ab30ca18dfe4b1073782b2e9f9b55956995735584a90d23a1fd6a4d00c05,rights_constrained_reference,2026-08-27T08:02:43.936236+00:00,sha256:0e84ab30ca18dfe4b1073782b2e9f9b55956995735584a90d23a1fd6a4d00c05,B2 historical checksum reference records current-run fixity; source bytes remain ignored and local.,0e84ab30ca18dfe4b1073782b2e9f9b55956995735584a90d23a1fd6a4d00c05,public_reuse_review,au_pbs,https://www.pbs.gov.au/publication/schedule/2016/11/2016-11-01-general-soc.pdf?variant=3,au_pbs_archive_2016_11_01_e43d2cec2cae
sha256:0ea760d7f9b1eb20cad10d2d7df8f5c713d8968665413e59627d7dd8c15d42c3,21059812,evidence:sha256:0ea760d7f9b1eb20cad10d2d7df8f5c713d8968665413e59627d7dd8c15d42c3,rights_constrained_reference,2026-08-27T08:02:43.936236+00:00,sha256:0ea760d7f9b1eb20cad10d2d7df8f5c713d8968665413e59627d7dd8c15d42c3,B2 historical checksum reference records current-run fixity; source bytes remain ignored and local.,0ea760d7f9b1eb20cad10d2d7df8f5c713d8968665413e59627d7dd8c15d42c3,public_reuse_review,au_pbs,https://www.pbs.gov.au/publication/schedule/2018/08/2018-08-01-general-schedule.pdf?variant=3,au_pbs_archive_2018_08_01_231f9eaa6a4d
sha256:0ec1c95753e404175d13dc3795c61f3fff28b40acc9efe625afa787b166d071c,340104,evidence:sha256:0ec1c95753e404175d13dc3795c61f3fff28b40acc9efe625afa787b166d071c,rights_constrained_reference,2026-08-27T08:02:43.936236+00:00,sha256:0ec1c95753e404175d13dc3795c61f3fff28b40acc9efe625afa787b166d071c,B2 historical checksum reference records current-run fixity; source bytes remain ignored and local.,0ec1c95753e404175d13dc3795c61f3fff28b40acc9efe625afa787b166d071c,public_reuse_review,au_pbs,https://www.pbs.gov.au/publication/schedule/2014/05/2014-05-01-errata.pdf?variant=3,au_pbs_archive_2014_05_01_d9c707e3c711
sha256:0f0696f0f97cc9999042aea36ba28507aa3ef746027933ad5df41356c1277d4f,805301,evidence:sha256:0f0696f0f97cc9999042aea36ba28507aa3ef746027933ad5df41356c1277d4f,rights_constrained_reference,2026-08-27T08:02:43.936236+00:00,sha256:0f0696f0f97cc9999042aea36ba28507aa3ef746027933ad5df41356c1277d4f,B2 historical checksum reference records current-run fixity; source bytes remain ignored and local.,0f0696f0f97cc9999042aea36ba28507aa3ef746027933ad5df41356c1277d4f,public_reuse_review,au_mbs,https://www.mbsonline.gov.au/internet/mbsonline/publishing.nsf/Content/4C767FC45843CB02CA25898500825ACA/$File/PDF%20version%20of%20the%20July%202023%20Category%202%20-%20Diagnostic%20Procedures.pdf,au_mbs_historical_0054
sha256:0f0ff054445ba6eee110cf2d48d149a2f099f808adc43e6f89f9f9340eb0b74b,126106,evidence:sha256:0f0ff054445ba6eee110cf2d48d149a2f099f808adc43e6f89f9f9340eb0b74b,rights_constrained_reference,2026-08-27T08:02:43.936236+00:00,sha256:0f0ff054445ba6eee110cf2d48d149a2f099f808adc43e6f89f9f9340eb0b74b,B2 historical checksum reference records current-run fixity; source bytes remain ignored and local.,0f0ff054445ba6eee110cf2d48d149a2f099f808adc43e6f89f9f9340eb0b74b,public_reuse_review,au_pbs,https://www.pbs.gov.au/publication/schedule/2008/2008-12-01-general-schedule-soc.pdf?variant=3,au_pbs_archive_2008_12_01_16864839c46c
sha256:0f1fe526b5f74266b95e240a96e457fd4d3f03688bd679284f987c3268b0e790,512996,evidence:sha256:0f1fe526b5f74266b95e240a96e457fd4d3f03688bd679284f987c3268b0e790,rights_constrained_reference,2026-08-27T08:02:43.936236+00:00,sha256:0f1fe526b5f74266b95e240a96e457fd4d3f03688bd679284f987c3268b0e790,B2 historical checksum reference records current-run fixity; source bytes remain ignored and local.,0f1fe526b5f74266b95e240a96e457fd4d3f03688bd679284f987c3268b0e790,public_reuse_review,au_pbs,https://www.pbs.gov.au/publication/schedule/2013/10/2013-10-01-efc-schedule-soc.pdf?variant=3,au_pbs_archive_2013_10_01_850e5348884a
sha256:0f20b1ab3ecc1bd93ca3bcd20e037f22447d5b5d4c66c997f6ff72cd69e95e28,2152554,evidence:sha256:0f20b1ab3ecc1bd93ca3bcd20e037f22447d5b5d4c66c997f6ff72cd69e95e28,rights_constrained_reference,2026-08-27T08:02:43.936236+00:00,sha256:0f20b1ab3ecc1bd93ca3bcd20e037f22447d5b5d4c66c997f6ff72cd69e95e28,B2 historical checksum reference records current-run fixity; source bytes remain ignored and local.,0f20b1ab3ecc1bd93ca3bcd20e037f22447d5b5d4c66c997f6ff72cd69e95e28,public_reuse_review,au_pbs,https://www.pbs.gov.au/publication/schedule/2019/09/2019-09-01-general-soc.pdf?variant=3,au_pbs_archive_2019_09_01_676031d2e2ad
sha256:0f6a0dcda44e4e67d4b0102470e18e0ade20193e4c9308be4a9b8a68d7f3e281,21377474,evidence:sha256:0f6a0dcda44e4e67d4b0102470e18e0ade20193e4c9308be4a9b8a68d7f3e281,rights_constrained_reference,2026-08-27T08:02:43.936236+00:00,sha256:0f6a0dcda44e4e67d4b0102470e18e0ade20193e4c9308be4a9b8a68d7f3e281,B2 historical checksum reference records current-run fixity; source bytes remain ignored and local.,0f6a0dcda44e4e67d4b0102470e18e0ade20193e4c9308be4a9b8a68d7f3e281,public_reuse_review,au_pbs,https://www.pbs.gov.au/publication/schedule/2020/01/2020-01-01-general-schedule-volume-1.pdf?variant=3,au_pbs_archive_2020_01_01_6299523accd4
sha256:0f7e258dcc66152e859c5f3700dc89a29b530856098f35f04ff23cc9644a5c5c,25816068,evidence:sha256:0f7e258dcc66152e859c5f3700dc89a29b530856098f35f04ff23cc9644a5c5c,rights_constrained_reference,2026-08-27T08:02:43.936236+00:00,sha256:0f7e258dcc66152e859c5f3700dc89a29b530856098f35f04ff23cc9644a5c5c,B2 historical checksum reference records current-run fixity; source bytes remain ignored and local.,0f7e258dcc66152e859c5f3700dc89a29b530856098f35f04ff23cc9644a5c5c,public_reuse_review,au_pbs,https://www.pbs.gov.au/publication/schedule/2023/02/2023-02-01-general-schedule-volume-1.pdf?variant=3,au_pbs_archive_2023_02_01_30cb1dcfcecc
sha256:1055768dda1687aff1133a87092ecb5fb0ad4f9784bcb5ff26183c5ec393c359,348272,evidence:sha256:1055768dda1687aff1133a87092ecb5fb0ad4f9784bcb5ff26183c5ec393c359,rights_constrained_reference,2026-08-27T08:02:43.936236+00:00,sha256:1055768dda1687aff1133a87092ecb5fb0ad4f9784bcb5ff26183c5ec393c359,B2 historical checksum reference records current-run fixity; source bytes remain ignored and local.,1055768dda1687aff1133a87092ecb5fb0ad4f9784bcb5ff26183c5ec393c359,public_reuse_review,au_pbs,https://www.pbs.gov.au/publication/schedule/2012/01/2012-01-01-general-schedule-SOC.pdf?variant=3,au_pbs_archive_2012_01_01_f8425b35c91a
sha256:106a3e3d9a2f2757a0be6aea0bed64408a4505b3540af172b18f663c69a89a2d,14963290,evidence:sha256:106a3e3d9a2f2757a0be6aea0bed64408a4505b3540af172b18f663c69a89a2d,rights_constrained_reference,2026-08-27T08:02:43.936236+00:00,sha256:106a3e3d9a2f2757a0be6aea0bed64408a4505b3540af172b18f663c69a89a2d,B2 historical checksum reference records current-run fixity; source bytes remain ignored and local.,106a3e3d9a2f2757a0be6aea0bed64408a4505b3540af172b18f663c69a89a2d,public_reuse_review,au_pbs,https://www.pbs.gov.au/publication/schedule/2026/04/2026-04-01-general-schedule-Volume-2.pdf?variant=3,au_pbs_archive_2026_04_01_43b25c31b045
sha256:106d6c831ea6bc81b6d031653c08779c0b9c7b4bc75cea49d869b62acb75aa10,10578241,evidence:sha256:106d6c831ea6bc81b6d031653c08779c0b9c7b4bc75cea49d869b62acb75aa10,rights_constrained_reference,2026-08-27T08:02:43.936236+00:00,sha256:106d6c831ea6bc81b6d031653c08779c0b9c7b4bc75cea49d869b62acb75aa10,B2 historical checksum reference records current-run fixity; source bytes remain ignored and local.,106d6c831ea6bc81b6d031653c08779c0b9c7b4bc75cea49d869b62acb75aa10,public_reuse_review,au_pbs,https://www.pbs.gov.au/publication/schedule/2021/04/2021-04-01-general-volume-1.pdf?variant=3,au_pbs_archive_2021_04_01_815e54e0e43b
sha256:10a87cdbba38a5678a72aecab7f033085fde2af1f7c85cfa277e1e1680851c4a,16876913,evidence:sha256:10a87cdbba38a5678a72aecab7f033085fde2af1f7c85cfa277e1e1680851c4a,rights_constrained_reference,2026-08-27T08:02:43.936236+00:00,sha256:10a87cdbba38a5678a72aecab7f033085fde2af1f7c85cfa277e1e1680851c4a,B2 historical checksum reference records current-run fixity; source bytes remain ignored and local.,10a87cdbba38a5678a72aecab7f033085fde2af1f7c85cfa277e1e1680851c4a,public_reuse_review,au_mbs,https://www.mbsonline.gov.au/internet/mbsonline/publishing.nsf/Content/70CAF134CEE45219CA258614007874F8/$File/201607-MBS.pdf,au_mbs_historical_0194
sha256:10c017e5e620e863c28a52524d43691e3194c7dde92927795e713125fc897a36,32437549,evidence:sha256:10c017e5e620e863c28a52524d43691e3194c7dde92927795e713125fc897a36,rights_constrained_reference,2026-08-27T08:02:43.936236+00:00,sha256:10c017e5e620e863c28a52524d43691e3194c7dde92927795e713125fc897a36,B2 historical checksum reference records current-run fixity; source bytes remain ignored and local.,10c017e5e620e863c28a52524d43691e3194c7dde92927795e713125fc897a36,public_reuse_review,au_pbs,https://www.pbs.gov.au/publication/schedule/2025/07/2025-07-01-general-schedule-volume-1.pdf?variant=3,au_pbs_archive_2025_07_01_7e089d1dec3b
sha256:10d4a90537b250cf26260fdcdf47bcfb619f21e21700aaceffc046e4fc1efd9b,3982142,evidence:sha256:10d4a90537b250cf26260fdcdf47bcfb619f21e21700aaceffc046e4fc1efd9b,rights_constrained_reference,2026-08-27T08:02:43.936236+00:00,sha256:10d4a90537b250cf26260fdcdf47bcfb619f21e21700aaceffc046e4fc1efd9b,B2 historical checksum reference records current-run fixity; source bytes remain ignored and local.,10d4a90537b250cf26260fdcdf47bcfb619f21e21700aaceffc046e4fc1efd9b,public_reuse_review,au_mbs,https://www.mbsonline.gov.au/internet/mbsonline/publishing.nsf/Content/E137A6BDE8494881CA2585FF000A72FF/$File/201203-MBS.pdf,au_mbs_historical_0301
sha256:10f0daa517fb5369df9a921da5e50ea42ab3822f921bbaab325b9e1bc09e194d,802771,evidence:sha256:10f0daa517fb5369df9a921da5e50ea42ab3822f921bbaab325b9e1bc09e194d,rights_constrained_reference,2026-08-27T08:02:43.936236+00:00,sha256:10f0daa517fb5369df9a921da5e50ea42ab3822f921bbaab325b9e1bc09e194d,B2 historical checksum reference records current-run fixity; source bytes remain ignored and local.,10f0daa517fb5369df9a921da5e50ea42ab3822f921bbaab325b9e1bc09e194d,public_reuse_review,au_pbs,https://www.pbs.gov.au/publication/schedule/2007/2007-12-01-dental-book.pdf?variant=3,au_pbs_archive_2007_12_01_7452642b04f0
sha256:112b94c3f445d1881c2a0fd26de727e95658627266f79610e34e71736337997a,18332287,evidence:sha256:112b94c3f445d1881c2a0fd26de727e95658627266f79610e34e71736337997a,rights_constrained_reference,2026-08-27T08:02:43.936236+00:00,sha256:112b94c3f445d1881c2a0fd26de727e95658627266f79610e34e71736337997a,B2 historical checksum reference records current-run fixity; source bytes remain ignored and local.,112b94c3f445d1881c2a0fd26de727e95658627266f79610e34e71736337997a,public_reuse_review,au_mbs,https://www.mbsonline.gov.au/internet/mbsonline/publishing.nsf/Content/F540E955EFE9BFD5CA25861500000C28/$File/201902-MBS.pdf,au_mbs_historical_0321
sha256:11a1160cdcf7f8fb8cd537f92138c32f68897f2e8086584df10b9be303dc2dac,458187,evidence:sha256:11a1160cdcf7f8fb8cd537f92138c32f68897f2e8086584df10b9be303dc2dac,rights_constrained_reference,2026-08-27T08:02:43.936236+00:00,sha256:11a1160cdcf7f8fb8cd537f92138c32f68897f2e8086584df10b9be303dc2dac,B2 historical checksum reference records current-run fixity; source bytes remain ignored and local.,11a1160cdcf7f8fb8cd537f92138c32f68897f2e8086584df10b9be303dc2dac,public_reuse_review,au_pbs,https://www.pbs.gov.au/publication/schedule/2010/2010-04-01-dental-book.pdf?variant=3,au_pbs_archive_2010_04_01_5ff2ee57be88
sha256:11b35024a9789f18e7241a83cbfae7ccd90dee1c1cf561097a7942f2217faba3,32120,evidence:sha256:11b35024a9789f18e7241a83cbfae7ccd90dee1c1cf561097a7942f2217faba3,rights_constrained_reference,2026-08-27T08:02:43.936236+00:00,sha256:11b35024a9789f18e7241a83cbfae7ccd90dee1c1cf561097a7942f2217faba3,B2 historical checksum reference records current-run fixity; source bytes remain ignored and local.,11b35024a9789f18e7241a83cbfae7ccd90dee1c1cf561097a7942f2217faba3,public_reuse_review,au_pbs,https://www.pbs.gov.au/publication/schedule/2011/12/2011-12-01-general-schedule-erratum.pdf?variant=3,au_pbs_archive_2011_12_01_54c44753a5ca
sha256:11ef2a609a71e0beb92a078080de0f25ef5ac0392e8d4f19b07282d3e6492fc5,1438206,evidence:sha256:11ef2a609a71e0beb92a078080de0f25ef5ac0392e8d4f19b07282d3e6492fc5,rights_constrained_reference,2026-08-27T08:02:43.936236+00:00,sha256:11ef2a609a71e0beb92a078080de0f25ef5ac0392e8d4f19b07282d3e6492fc5,B2 historical checksum reference records current-run fixity; source bytes remain ignored and local.,11ef2a609a71e0beb92a078080de0f25ef5ac0392e8d4f19b07282d3e6492fc5,public_reuse_review,au_pbs,https://www.pbs.gov.au/publication/schedule/2025/10/2025-10-01-efc-schedule.pdf?variant=3,au_pbs_archive_2025_10_01_53c0aa0a76bd
sha256:1236a97681fa4782b2c6834ffc4a1111e9fb62fdb55aaad1b51ff5747af012da,43896,evidence:sha256:1236a97681fa4782b2c6834ffc4a1111e9fb62fdb55aaad1b51ff5747af012da,rights_constrained_reference,2026-08-27T08:02:43.936236+00:00,sha256:1236a97681fa4782b2c6834ffc4a1111e9fb62fdb55aaad1b51ff5747af012da,B2 historical checksum reference records current-run fixity; source bytes remain ignored and local.,1236a97681fa4782b2c6834ffc4a1111e9fb62fdb55aaad1b51ff5747af012da,public_reuse_review,au_pbs,https://www.pbs.gov.au/publication/schedule/2008/2008-05-01-dental-book-soc.pdf?variant=3,au_pbs_archive_2008_05_01_06e9f60a4d4c
sha256:128fbe22acd847ae5b34da34b2f24b9cfc4aad9f5968426cd6e3ade9923de9d9,6482955,evidence:sha256:128fbe22acd847ae5b34da34b2f24b9cfc4aad9f5968426cd6e3ade9923de9d9,rights_constrained_reference,2026-08-27T08:02:43.936236+00:00,sha256:128fbe22acd847ae5b34da34b2f24b9cfc4aad9f5968426cd6e3ade9923de9d9,B2 historical checksum reference records current-run fixity; source bytes remain ignored and local.,128fbe22acd847ae5b34da34b2f24b9cfc4aad9f5968426cd6e3ade9923de9d9,public_reuse_review,au_pbs,https://www.pbs.gov.au/publication/schedule/2013/07/2013-07-01-general-schedule.pdf?variant=3,au_pbs_archive_2013_07_01_f0a2a85042e6
sha256:12d3cf6e7f36854faa25429fc8a6cd17207a4fa0116f3a9b834a0a461cdca7a4,1673038,evidence:sha256:12d3cf6e7f36854faa25429fc8a6cd17207a4fa0116f3a9b834a0a461cdca7a4,rights_constrained_reference,2026-08-27T08:02:43.936236+00:00,sha256:12d3cf6e7f36854faa25429fc8a6cd17207a4fa0116f3a9b834a0a461cdca7a4,B2 historical checksum reference records current-run fixity; source bytes remain ignored and local.,12d3cf6e7f36854faa25429fc8a6cd17207a4fa0116f3a9b834a0a461cdca7a4,public_reuse_review,au_pbs,https://www.pbs.gov.au/publication/schedule/2015/08/2015-08-01-general-schedule-soc.pdf?variant=3,au_pbs_archive_2015_08_01_88dd6fcec312
sha256:12db4d60ba890783e5a75405053a9ac69270ce7e9accfab553a5287838ee640c,466276,evidence:sha256:12db4d60ba890783e5a75405053a9ac69270ce7e9accfab553a5287838ee640c,rights_constrained_reference,2026-08-27T08:02:43.936236+00:00,sha256:12db4d60ba890783e5a75405053a9ac69270ce7e9accfab553a5287838ee640c,B2 historical checksum reference records current-run fixity; source bytes remain ignored and local.,12db4d60ba890783e5a75405053a9ac69270ce7e9accfab553a5287838ee640c,public_reuse_review,au_pbs,https://www.pbs.gov.au/publication/schedule/2010/2010-10-01-chemotherapy-booklet.pdf?variant=3,au_pbs_archive_2010_10_01_7f46e8302eb0
sha256:12eda6d9147c928a9f2fc65b37e58390f8a9cf913a52a6ee9520a6dc4e6872e6,549011,evidence:sha256:12eda6d9147c928a9f2fc65b37e58390f8a9cf913a52a6ee9520a6dc4e6872e6,rights_constrained_reference,2026-08-27T08:02:43.936236+00:00,sha256:12eda6d9147c928a9f2fc65b37e58390f8a9cf913a52a6ee9520a6dc4e6872e6,B2 historical checksum reference records current-run fixity; source bytes remain ignored and local.,12eda6d9147c928a9f2fc65b37e58390f8a9cf913a52a6ee9520a6dc4e6872e6,public_reuse_review,au_pbs,https://www.pbs.gov.au/publication/schedule/2007/2007-03-01-general-schedule-soc.pdf?variant=3,au_pbs_archive_2007_03_01_9271ce415dc3
sha256:131d5ca84ca63adcdb45a1d6fbb0bc687c6fbb3b4c54638370e46bbb5445fb81,3638626,evidence:sha256:131d5ca84ca63adcdb45a1d6fbb0bc687c6fbb3b4c54638370e46bbb5445fb81,rights_constrained_reference,2026-08-27T08:02:43.936236+00:00,sha256:131d5ca84ca63adcdb45a1d6fbb0bc687c6fbb3b4c54638370e46bbb5445fb81,B2 historical checksum reference records current-run fixity; source bytes remain ignored and local.,131d5ca84ca63adcdb45a1d6fbb0bc687c6fbb3b4c54638370e46bbb5445fb81,public_reuse_review,au_pbs,https://www.pbs.gov.au/publication/schedule/2012/04/2012-04-01-general-schedule-SOC.pdf?variant=3,au_pbs_archive_2012_04_01_c1555f400c00
sha256:1327b18305c9c10afce693c43f9e1dec0ed56d03ba9d0a77f05d7078282cc0eb,9814686,evidence:sha256:1327b18305c9c10afce693c43f9e1dec0ed56d03ba9d0a77f05d7078282cc0eb,rights_constrained_reference,2026-08-27T08:02:43.936236+00:00,sha256:1327b18305c9c10afce693c43f9e1dec0ed56d03ba9d0a77f05d7078282cc0eb,B2 historical checksum reference records current-run fixity; source bytes remain ignored and local.,1327b18305c9c10afce693c43f9e1dec0ed56d03ba9d0a77f05d7078282cc0eb,public_reuse_review,au_pbs,https://www.pbs.gov.au/publication/schedule/2013/04/2013-04-01-general-schedule.pdf?variant=3,au_pbs_archive_2013_04_01_1334cd9913d4
sha256:1343fbaf1cfe07a64fc8df98573f0fbfda882bfa52cb7fb74fe520f193b1a962,136796,evidence:sha256:1343fbaf1cfe07a64fc8df98573f0fbfda882bfa52cb7fb74fe520f193b1a962,rights_constrained_reference,2026-08-27T08:02:43.936236+00:00,sha256:1343fbaf1cfe07a64fc8df98573f0fbfda882bfa52cb7fb74fe520f193b1a962,B2 historical checksum reference records current-run fixity; source bytes remain ignored and local.,1343fbaf1cfe07a64fc8df98573f0fbfda882bfa52cb7fb74fe520f193b1a962,public_reuse_review,au_mbs,https://www.mbsonline.gov.au/internet/mbsonline/publishing.nsf/650f3eec0dfb990fca25692100069854/dd6984c45a944962ca258d8600139d55/$FILE/Health%20Insurance%20Regulations%202018%20-%20Basic%20Service%20Description%20for%20Assignment%20of%20Medicare%20Benefits.csv,au_mbs_historical_0010
sha256:1386e7fc36ccc9f38b719a534d89902316a5b7881f7c17d94ec732ea4da5567f,502913,evidence:sha256:1386e7fc36ccc9f38b719a534d89902316a5b7881f7c17d94ec732ea4da5567f,rights_constrained_reference,2026-08-27T08:02:43.936236+00:00,sha256:1386e7fc36ccc9f38b719a534d89902316a5b7881f7c17d94ec732ea4da5567f,B2 historical checksum reference records current-run fixity; source bytes remain ignored and local.,1386e7fc36ccc9f38b719a534d89902316a5b7881f7c17d94ec732ea4da5567f,public_reuse_review,au_pbs,https://www.pbs.gov.au/publication/schedule/2010/2010-08-01-general-schedule-SOC.pdf?variant=3,au_pbs_archive_2010_08_01_3a85edc4b517
sha256:13ac56bc53c2207a7b357cb306293e7ec44c6ef298595ed6441d4814e3946897,189414,evidence:sha256:13ac56bc53c2207a7b357cb306293e7ec44c6ef298595ed6441d4814e3946897,rights_constrained_reference,2026-08-27T08:02:43.936236+00:00,sha256:13ac56bc53c2207a7b357cb306293e7ec44c6ef298595ed6441d4814e3946897,B2 historical checksum reference records current-run fixity; source bytes remain ignored and local.,13ac56bc53c2207a7b357cb306293e7ec44c6ef298595ed6441d4814e3946897,public_reuse_review,au_mbs,https://www.mbsonline.gov.au/internet/mbsonline/publishing.nsf/Content/515793D58E889BD0CA257CD100033990/$File/200911-Dental.pdf,au_mbs_historical_0164
sha256:13afbd9e7b62cf7d0dd62f71d670cdd7d9d6c1a13b59f2ad1126299350d900ba,61706,evidence:sha256:13afbd9e7b62cf7d0dd62f71d670cdd7d9d6c1a13b59f2ad1126299350d900ba,rights_constrained_reference,2026-08-27T08:02:43.936236+00:00,sha256:13afbd9e7b62cf7d0dd62f71d670cdd7d9d6c1a13b59f2ad1126299350d900ba,B2 historical checksum reference records current-run fixity; source bytes remain ignored and local.,13afbd9e7b62cf7d0dd62f71d670cdd7d9d6c1a13b59f2ad1126299350d900ba,public_reuse_review,au_pbs,https://www.pbs.gov.au/publication/schedule/2007/2007-06-01-dental-book-soc.pdf?variant=3,au_pbs_archive_2007_06_01_ef7d702a95fd
sha256:13b6f4c50e3389058affd83f8a01a8b716042c4353bdb211be8bda298a67e50d,3355635,evidence:sha256:13b6f4c50e3389058affd83f8a01a8b716042c4353bdb211be8bda298a67e50d,rights_constrained_reference,2026-08-27T08:02:43.936236+00:00,sha256:13b6f4c50e3389058affd83f8a01a8b716042c4353bdb211be8bda298a67e50d,B2 historical checksum reference records current-run fixity; source bytes remain ignored and local.,13b6f4c50e3389058affd83f8a01a8b716042c4353bdb211be8bda298a67e50d,public_reuse_review,au_pbs,https://www.pbs.gov.au/publication/schedule/2025/09/2025-09-01-general-soc.pdf?variant=3,au_pbs_archive_2025_09_01_5bf12d103a07
sha256:153107a7b9a1681a874994a8c417c65039374626b44e7c83075b80d02f497d44,1230077,evidence:sha256:153107a7b9a1681a874994a8c417c65039374626b44e7c83075b80d02f497d44,rights_constrained_reference,2026-08-27T08:02:43.936236+00:00,sha256:153107a7b9a1681a874994a8c417c65039374626b44e7c83075b80d02f497d44,B2 historical checksum reference records current-run fixity; source bytes remain ignored and local.,153107a7b9a1681a874994a8c417c65039374626b44e7c83075b80d02f497d44,public_reuse_review,au_mbs,https://www.mbsonline.gov.au/internet/mbsonline/publishing.nsf/Content/515793D58E889BD0CA257CD100033990/$File/1992-02-Pathology.pdf,au_mbs_historical_0092
sha256:1565efe0d4ed5916fb86aa62faaea1a92939e44439550cfa10e973f263542294,1366039,evidence:sha256:1565efe0d4ed5916fb86aa62faaea1a92939e44439550cfa10e973f263542294,rights_constrained_reference,2026-08-27T08:02:43.936236+00:00,sha256:1565efe0d4ed5916fb86aa62faaea1a92939e44439550cfa10e973f263542294,B2 historical checksum reference records current-run fixity; source bytes remain ignored and local.,1565efe0d4ed5916fb86aa62faaea1a92939e44439550cfa10e973f263542294,public_reuse_review,au_pbs,https://www.pbs.gov.au/publication/schedule/2015/01/2015-01-01-efc-schedule.pdf?variant=3,au_pbs_archive_2015_01_01_8caaeb0ca46d
sha256:158af9bb308927089c1e3a38c7ebbf5816579fd6df1a4288b28e8a0566842351,6078100,evidence:sha256:158af9bb308927089c1e3a38c7ebbf5816579fd6df1a4288b28e8a0566842351,rights_constrained_reference,2026-08-27T08:02:43.936236+00:00,sha256:158af9bb308927089c1e3a38c7ebbf5816579fd6df1a4288b28e8a0566842351,B2 historical checksum reference records current-run fixity; source bytes remain ignored and local.,158af9bb308927089c1e3a38c7ebbf5816579fd6df1a4288b28e8a0566842351,public_reuse_review,au_pbs,https://www.pbs.gov.au/publication/schedule/2004/2004-12-01-general-schedule.pdf?variant=3,au_pbs_archive_2004_12_01_beeae929627c
sha256:159660efbf281bd28547731bea99c1055a606bc2f88f7ffeacf425bdcf485016,21087410,evidence:sha256:159660efbf281bd28547731bea99c1055a606bc2f88f7ffeacf425bdcf485016,rights_constrained_reference,2026-08-27T08:02:43.936236+00:00,sha256:159660efbf281bd28547731bea99c1055a606bc2f88f7ffeacf425bdcf485016,B2 historical checksum reference records current-run fixity; source bytes remain ignored and local.,159660efbf281bd28547731bea99c1055a606bc2f88f7ffeacf425bdcf485016,public_reuse_review,au_pbs,https://www.pbs.gov.au/publication/schedule/2019/10/2019-10-01-general-schedule-volume-1.pdf?variant=3,au_pbs_archive_2019_10_01_1c71faccc92e
sha256:15f07fed32c461dc405848c77e80dc7cbf9d8ee7b165d6956d3e33c88f83a94e,3650520,evidence:sha256:15f07fed32c461dc405848c77e80dc7cbf9d8ee7b165d6956d3e33c88f83a94e,rights_constrained_reference,2026-08-27T08:02:43.936236+00:00,sha256:15f07fed32c461dc405848c77e80dc7cbf9d8ee7b165d6956d3e33c88f83a94e,B2 historical checksum reference records current-run fixity; source bytes remain ignored and local.,15f07fed32c461dc405848c77e80dc7cbf9d8ee7b165d6956d3e33c88f83a94e,public_reuse_review,au_pbs,https://www.pbs.gov.au/publication/schedule/2011/12/2011-12-01-chemotherapy-booklet.pdf?variant=3,au_pbs_archive_2011_12_01_70bcc8299b86
sha256:1605e219583f08bc3008c81c89c94b4a90e67e377e74da6bab37929d1088534c,275655,evidence:sha256:1605e219583f08bc3008c81c89c94b4a90e67e377e74da6bab37929d1088534c,rights_constrained_reference,2026-08-27T08:02:43.936236+00:00,sha256:1605e219583f08bc3008c81c89c94b4a90e67e377e74da6bab37929d1088534c,B2 historical checksum reference records current-run fixity; source bytes remain ignored and local.,1605e219583f08bc3008c81c89c94b4a90e67e377e74da6bab37929d1088534c,public_reuse_review,au_mbs,https://www.mbsonline.gov.au/internet/mbsonline/publishing.nsf/Content/317ACF6351081DB5CA2585FF00086C40/$File/201111-Allied.pdf,au_mbs_historical_0041
sha256:1640310d11a5a2164118ce01af7fdd2b1219232f95cb3bc1e21dad7730cfb84c,10867396,evidence:sha256:1640310d11a5a2164118ce01af7fdd2b1219232f95cb3bc1e21dad7730cfb84c,rights_constrained_reference,2026-08-27T08:02:43.936236+00:00,sha256:1640310d11a5a2164118ce01af7fdd2b1219232f95cb3bc1e21dad7730cfb84c,B2 historical checksum reference records current-run fixity; source bytes remain ignored and local.,1640310d11a5a2164118ce01af7fdd2b1219232f95cb3bc1e21dad7730cfb84c,public_reuse_review,au_pbs,https://www.pbs.gov.au/publication/schedule/2019/10/2019-10-01-general-schedule-volume-2.pdf?variant=3,au_pbs_archive_2019_10_01_20b4e44bb5be
sha256:1641701d0888230a0efae38763ba64b56693021f4a23f567366e86c9a92706b6,845332,evidence:sha256:1641701d0888230a0efae38763ba64b56693021f4a23f567366e86c9a92706b6,rights_constrained_reference,2026-08-27T08:02:43.936236+00:00,sha256:1641701d0888230a0efae38763ba64b56693021f4a23f567366e86c9a92706b6,B2 historical checksum reference records current-run fixity; source bytes remain ignored and local.,1641701d0888230a0efae38763ba64b56693021f4a23f567366e86c9a92706b6,public_reuse_review,au_mbs,https://www.mbsonline.gov.au/internet/mbsonline/publishing.nsf/Content/4EFCF78281A91736CA258654001138AF/$File/202103-cat7.pdf,au_mbs_historical_0068
sha256:1656f7f353e81235ab22feff01ffb68a261a39de9be66483cf7b154da337098c,355778,evidence:sha256:1656f7f353e81235ab22feff01ffb68a261a39de9be66483cf7b154da337098c,rights_constrained_reference,2026-08-27T08:02:43.936236+00:00,sha256:1656f7f353e81235ab22feff01ffb68a261a39de9be66483cf7b154da337098c,B2 historical checksum reference records current-run fixity; source bytes remain ignored and local.,1656f7f353e81235ab22feff01ffb68a261a39de9be66483cf7b154da337098c,public_reuse_review,au_mbs,https://www.mbsonline.gov.au/internet/mbsonline/publishing.nsf/Content/94D54B959677561ECA2585FF000015E3/$File/201312-Optom.pdf,au_mbs_historical_0248
sha256:1660b54112a4403317716436c72ca29469447ef370efdfb34f6fee7b63369440,1113872,evidence:sha256:1660b54112a4403317716436c72ca29469447ef370efdfb34f6fee7b63369440,rights_constrained_reference,2026-08-27T08:02:43.936236+00:00,sha256:1660b54112a4403317716436c72ca29469447ef370efdfb34f6fee7b63369440,B2 historical checksum reference records current-run fixity; source bytes remain ignored and local.,1660b54112a4403317716436c72ca29469447ef370efdfb34f6fee7b63369440,public_reuse_review,au_pbs,https://www.pbs.gov.au/publication/schedule/2016/02/2016-02-01-efc-schedule.pdf?variant=3,au_pbs_archive_2016_02_01_0d697aac1105
sha256:16963660cedc42e650ddd7552151aba4c70366cb92696eb5020713c641a24827,2406030,evidence:sha256:16963660cedc42e650ddd7552151aba4c70366cb92696eb5020713c641a24827,rights_constrained_reference,2026-08-27T08:02:43.936236+00:00,sha256:16963660cedc42e650ddd7552151aba4c70366cb92696eb5020713c641a24827,B2 historical checksum reference records current-run fixity; source bytes remain ignored and local.,16963660cedc42e650ddd7552151aba4c70366cb92696eb5020713c641a24827,public_reuse_review,au_pbs,https://www.pbs.gov.au/publication/schedule/2021/09/2021-09-01-efc-schedule.pdf?variant=3,au_pbs_archive_2021_09_01_17be7f0bdb71
sha256:16d35d070eb400844c2ea41d922796db6883b5eb977138fe5ec141e3f8603498,10647702,evidence:sha256:16d35d070eb400844c2ea41d922796db6883b5eb977138fe5ec141e3f8603498,rights_constrained_reference,2026-08-27T08:02:43.936236+00:00,sha256:16d35d070eb400844c2ea41d922796db6883b5eb977138fe5ec141e3f8603498,B2 historical checksum reference records current-run fixity; source bytes remain ignored and local.,16d35d070eb400844c2ea41d922796db6883b5eb977138fe5ec141e3f8603498,public_reuse_review,au_pbs,https://www.pbs.gov.au/publication/schedule/2023/04/2023-04-01-general-schedule-volume-2.pdf?variant=3,au_pbs_archive_2023_04_01_83761d50b1e6
sha256:16ddc38cd21614c957dfc5b45f9a7ebe243cffcf2b62913e36ce16f82a688c6e,342144,evidence:sha256:16ddc38cd21614c957dfc5b45f9a7ebe243cffcf2b62913e36ce16f82a688c6e,rights_constrained_reference,2026-08-27T08:02:43.936236+00:00,sha256:16ddc38cd21614c957dfc5b45f9a7ebe243cffcf2b62913e36ce16f82a688c6e,B2 historical checksum reference records current-run fixity; source bytes remain ignored and local.,16ddc38cd21614c957dfc5b45f9a7ebe243cffcf2b62913e36ce16f82a688c6e,public_reuse_review,au_pbs,https://www.pbs.gov.au/publication/schedule/2014/06/2014-06-01-errata.pdf?variant=3,au_pbs_archive_2014_06_01_a9ec7e420eab
sha256:16fab69616f012c77dd8786a6cd2437a1192e7f4938c7d2d605bdc28b3ce85e9,4583037,evidence:sha256:16fab69616f012c77dd8786a6cd2437a1192e7f4938c7d2d605bdc28b3ce85e9,rights_constrained_reference,2026-08-27T08:02:43.936236+00:00,sha256:16fab69616f012c77dd8786a6cd2437a1192e7f4938c7d2d605bdc28b3ce85e9,B2 historical checksum reference records current-run fixity; source bytes remain ignored and local.,16fab69616f012c77dd8786a6cd2437a1192e7f4938c7d2d605bdc28b3ce85e9,public_reuse_review,au_pbs,https://www.pbs.gov.au/publication/schedule/2005/2005-12-01-general-schedule.pdf?variant=3,au_pbs_archive_2005_12_01_187253ec6afd
sha256:1732bbd5c7ab4bbc06f7313fb1821cf895d7e2392543546a2b506ea4a78f9461,300337,evidence:sha256:1732bbd5c7ab4bbc06f7313fb1821cf895d7e2392543546a2b506ea4a78f9461,rights_constrained_reference,2026-08-27T08:02:43.936236+00:00,sha256:1732bbd5c7ab4bbc06f7313fb1821cf895d7e2392543546a2b506ea4a78f9461,B2 historical checksum reference records current-run fixity; source bytes remain ignored and local.,1732bbd5c7ab4bbc06f7313fb1821cf895d7e2392543546a2b506ea4a78f9461,public_reuse_review,au_pbs,https://www.pbs.gov.au/publication/schedule/2022/04/2022-04-01-errata.pdf?variant=3,au_pbs_archive_2022_04_01_974bc0d792cc
sha256:17fb6d7680ef60d27f2079eebc07a59356aec635aaf68ef3b58d37ad666a8cc7,12252852,evidence:sha256:17fb6d7680ef60d27f2079eebc07a59356aec635aaf68ef3b58d37ad666a8cc7,rights_constrained_reference,2026-08-27T08:02:43.936236+00:00,sha256:17fb6d7680ef60d27f2079eebc07a59356aec635aaf68ef3b58d37ad666a8cc7,B2 historical checksum reference records current-run fixity; source bytes remain ignored and local.,17fb6d7680ef60d27f2079eebc07a59356aec635aaf68ef3b58d37ad666a8cc7,public_reuse_review,au_pbs,https://www.pbs.gov.au/publication/schedule/1951-2002/1983-12-01-consolidated-schedules.pdf?variant=3,au_pbs_archive_1983_12_01_dda73c7aeeee
sha256:181b48e24b076a6574dd990e65f123b264bde57d6d2a17f0e0844dcbc850d75c,50366,evidence:sha256:181b48e24b076a6574dd990e65f123b264bde57d6d2a17f0e0844dcbc850d75c,rights_constrained_reference,2026-08-27T08:02:43.936236+00:00,sha256:181b48e24b076a6574dd990e65f123b264bde57d6d2a17f0e0844dcbc850d75c,B2 historical checksum reference records current-run fixity; source bytes remain ignored and local.,181b48e24b076a6574dd990e65f123b264bde57d6d2a17f0e0844dcbc850d75c,public_reuse_review,au_pbs,https://www.pbs.gov.au/publication/schedule/2009/2009-09-01-general-schedule-soc.pdf?variant=3,au_pbs_archive_2009_09_01_61b5ae028a13
sha256:18352d5fce1c2c295e80ef53a4445f84af967ef53b613fbb60874a7ba2d15033,2477141,evidence:sha256:18352d5fce1c2c295e80ef53a4445f84af967ef53b613fbb60874a7ba2d15033,rights_constrained_reference,2026-08-27T08:02:43.936236+00:00,sha256:18352d5fce1c2c295e80ef53a4445f84af967ef53b613fbb60874a7ba2d15033,B2 historical checksum reference records current-run fixity; source bytes remain ignored and local.,18352d5fce1c2c295e80ef53a4445f84af967ef53b613fbb60874a7ba2d15033,public_reuse_review,au_pbs,https://www.pbs.gov.au/publication/schedule/2022/10/2022-10-01-efc-schedule.pdf?variant=3,au_pbs_archive_2022_10_01_edd9f1ff56a1
sha256:186d45309c8a55869edc031aae31243ea48dd25d4a035c226123881dc8861b23,106560,evidence:sha256:186d45309c8a55869edc031aae31243ea48dd25d4a035c226123881dc8861b23,rights_constrained_reference,2026-08-27T08:02:43.936236+00:00,sha256:186d45309c8a55869edc031aae31243ea48dd25d4a035c226123881dc8861b23,B2 historical checksum reference records current-run fixity; source bytes remain ignored and local.,186d45309c8a55869edc031aae31243ea48dd25d4a035c226123881dc8861b23,public_reuse_review,au_pbs,https://www.pbs.gov.au/publication/schedule/2012/01/2012-01-01-general-schedule-erratum.pdf?variant=3,au_pbs_archive_2012_01_01_dbe6e801d54e
sha256:18d16dd5ab7a33ae3b2558582d80309eaf9883989113daa54c884bd85cbf2ccf,3872641,evidence:sha256:18d16dd5ab7a33ae3b2558582d80309eaf9883989113daa54c884bd85cbf2ccf,rights_constrained_reference,2026-08-27T08:02:43.936236+00:00,sha256:18d16dd5ab7a33ae3b2558582d80309eaf9883989113daa54c884bd85cbf2ccf,B2 historical checksum reference records current-run fixity; source bytes remain ignored and local.,18d16dd5ab7a33ae3b2558582d80309eaf9883989113daa54c884bd85cbf2ccf,public_reuse_review,au_pbs,https://www.pbs.gov.au/publication/schedule/2017/06/2017-06-01-efc-schedule.pdf?variant=3,au_pbs_archive_2017_06_01_18c579dbbe48
sha256:18dadec7e27b42ce0c67ae3c85c0a15dcd9fc8f54e3dd0817f6f817f12a78eb9,630770,evidence:sha256:18dadec7e27b42ce0c67ae3c85c0a15dcd9fc8f54e3dd0817f6f817f12a78eb9,rights_constrained_reference,2026-08-27T08:02:43.936236+00:00,sha256:18dadec7e27b42ce0c67ae3c85c0a15dcd9fc8f54e3dd0817f6f817f12a78eb9,B2 historical checksum reference records current-run fixity; source bytes remain ignored and local.,18dadec7e27b42ce0c67ae3c85c0a15dcd9fc8f54e3dd0817f6f817f12a78eb9,public_reuse_review,au_pbs,https://www.pbs.gov.au/publication/schedule/2012/05/2012-05-01-general-schedule-SOC.pdf?variant=3,au_pbs_archive_2012_05_01_12c98ba53776
sha256:18e21ce23bfabed924dc81c8d5202ea40de25178017d2725e8259f75ce9298bc,3895111,evidence:sha256:18e21ce23bfabed924dc81c8d5202ea40de25178017d2725e8259f75ce9298bc,rights_constrained_reference,2026-08-27T08:02:43.936236+00:00,sha256:18e21ce23bfabed924dc81c8d5202ea40de25178017d2725e8259f75ce9298bc,B2 historical checksum reference records current-run fixity; source bytes remain ignored and local.,18e21ce23bfabed924dc81c8d5202ea40de25178017d2725e8259f75ce9298bc,public_reuse_review,au_pbs,https://www.pbs.gov.au/publication/schedule/2008/2008-11-01-general-schedule.pdf?variant=3,au_pbs_archive_2008_11_01_c788085e1a81
sha256:18e80af979553e303628024f773d2321d58b47da3de1d0b7dd3b1d1c7ab9fcff,22069727,evidence:sha256:18e80af979553e303628024f773d2321d58b47da3de1d0b7dd3b1d1c7ab9fcff,rights_constrained_reference,2026-08-27T08:02:43.936236+00:00,sha256:18e80af979553e303628024f773d2321d58b47da3de1d0b7dd3b1d1c7ab9fcff,B2 historical checksum reference records current-run fixity; source bytes remain ignored and local.,18e80af979553e303628024f773d2321d58b47da3de1d0b7dd3b1d1c7ab9fcff,public_reuse_review,au_pbs,https://www.pbs.gov.au/publication/schedule/2020/09/2020-09-01-general-schedule-volume-1.pdf?variant=3,au_pbs_archive_2020_09_01_30b2baadb4a2
sha256:19d636fbaa7de89484178c3eb51b2524ec0bc2adfdb77234a2a130e4c42e799e,3909638,evidence:sha256:19d636fbaa7de89484178c3eb51b2524ec0bc2adfdb77234a2a130e4c42e799e,rights_constrained_reference,2026-08-27T08:02:43.936236+00:00,sha256:19d636fbaa7de89484178c3eb51b2524ec0bc2adfdb77234a2a130e4c42e799e,B2 historical checksum reference records current-run fixity; source bytes remain ignored and local.,19d636fbaa7de89484178c3eb51b2524ec0bc2adfdb77234a2a130e4c42e799e,public_reuse_review,au_pbs,https://www.pbs.gov.au/publication/schedule/2011/05/2011-05-01-general-schedule.pdf?variant=3,au_pbs_archive_2011_05_01_95325f419807
sha256:19f70a9beac6c64f709ffadcbdb08228cf60edd4d5eb810de086a15690b0a969,267636,evidence:sha256:19f70a9beac6c64f709ffadcbdb08228cf60edd4d5eb810de086a15690b0a969,rights_constrained_reference,2026-08-27T08:02:43.936236+00:00,sha256:19f70a9beac6c64f709ffadcbdb08228cf60edd4d5eb810de086a15690b0a969,B2 historical checksum reference records current-run fixity; source bytes remain ignored and local.,19f70a9beac6c64f709ffadcbdb08228cf60edd4d5eb810de086a15690b0a969,public_reuse_review,au_mbs,https://www.mbsonline.gov.au/internet/mbsonline/publishing.nsf/Content/515793D58E889BD0CA257CD100033990/$File/200907-Summary.pdf,au_mbs_historical_0161
sha256:19faee15e617b43c1a4b6c96396848c2f11999500cbb2be64e1d7732dcc29ba4,135180,evidence:sha256:19faee15e617b43c1a4b6c96396848c2f11999500cbb2be64e1d7732dcc29ba4,rights_constrained_reference,2026-08-27T08:02:43.936236+00:00,sha256:19faee15e617b43c1a4b6c96396848c2f11999500cbb2be64e1d7732dcc29ba4,B2 historical checksum reference records current-run fixity; source bytes remain ignored and local.,19faee15e617b43c1a4b6c96396848c2f11999500cbb2be64e1d7732dcc29ba4,public_reuse_review,au_pbs,https://www.pbs.gov.au/publication/schedule/2007/2007-06-01-general-schedule-soc.pdf?variant=3,au_pbs_archive_2007_06_01_233ec153d299
sha256:19fb716788952deb1e36d524698e2c02fb328e33e87b15d418e6bc1df62e9a7c,1461136,evidence:sha256:19fb716788952deb1e36d524698e2c02fb328e33e87b15d418e6bc1df62e9a7c,rights_constrained_reference,2026-08-27T08:02:43.936236+00:00,sha256:19fb716788952deb1e36d524698e2c02fb328e33e87b15d418e6bc1df62e9a7c,B2 historical checksum reference records current-run fixity; source bytes remain ignored and local.,19fb716788952deb1e36d524698e2c02fb328e33e87b15d418e6bc1df62e9a7c,public_reuse_review,au_mbs,https://www.mbsonline.gov.au/internet/mbsonline/publishing.nsf/Content/B900536D4B582E61CA2585FF0006926F/$File/201403-Allied.PDF,au_mbs_historical_0273
sha256:1a2ef43a4e129ac1827407f7f8adce7b437ae94ebcd5c5ad25ae793d08ab16bd,1259274,evidence:sha256:1a2ef43a4e129ac1827407f7f8adce7b437ae94ebcd5c5ad25ae793d08ab16bd,rights_constrained_reference,2026-08-27T08:02:43.936236+00:00,sha256:1a2ef43a4e129ac1827407f7f8adce7b437ae94ebcd5c5ad25ae793d08ab16bd,B2 historical checksum reference records current-run fixity; source bytes remain ignored and local.,1a2ef43a4e129ac1827407f7f8adce7b437ae94ebcd5c5ad25ae793d08ab16bd,public_reuse_review,au_mbs,https://www.mbsonline.gov.au/internet/mbsonline/publishing.nsf/Content/4C767FC45843CB02CA25898500825ACA/$File/PDF%20version%20of%20the%20July%202023%20Category%206%20-%20Pathology%20Services%C2%A0.pdf,au_mbs_historical_0058
sha256:1ac39d0a7063fb41cc9f9916d6d4a6471a29c3b140ef34c20c2624b4bd5025fa,6873404,evidence:sha256:1ac39d0a7063fb41cc9f9916d6d4a6471a29c3b140ef34c20c2624b4bd5025fa,rights_constrained_reference,2026-08-27T08:02:43.936236+00:00,sha256:1ac39d0a7063fb41cc9f9916d6d4a6471a29c3b140ef34c20c2624b4bd5025fa,B2 historical checksum reference records current-run fixity; source bytes remain ignored and local.,1ac39d0a7063fb41cc9f9916d6d4a6471a29c3b140ef34c20c2624b4bd5025fa,public_reuse_review,au_mbs,https://www.mbsonline.gov.au/internet/mbsonline/publishing.nsf/Content/515793D58E889BD0CA257CD100033990/$File/2006-11-MBS.pdf,au_mbs_historical_0143
sha256:1b77b9b92567df3c5361605880c9817804e061cd57c6e99be8a2679216ca5f6b,1836916,evidence:sha256:1b77b9b92567df3c5361605880c9817804e061cd57c6e99be8a2679216ca5f6b,rights_constrained_reference,2026-08-27T08:02:43.936236+00:00,sha256:1b77b9b92567df3c5361605880c9817804e061cd57c6e99be8a2679216ca5f6b,B2 historical checksum reference records current-run fixity; source bytes remain ignored and local.,1b77b9b92567df3c5361605880c9817804e061cd57c6e99be8a2679216ca5f6b,public_reuse_review,au_mbs,https://www.mbsonline.gov.au/internet/mbsonline/publishing.nsf/Content/DD4BF54A34D823FDCA25881700139AD5/$File/202207-Cat6d.pdf,au_mbs_historical_0290
sha256:1ba04e577235ff871c6836bbcc2adcdef247370772dd6558edebce9adf2df397,216131,evidence:sha256:1ba04e577235ff871c6836bbcc2adcdef247370772dd6558edebce9adf2df397,rights_constrained_reference,2026-07-23T01:56:45.822205+00:00,sha256:1ba04e577235ff871c6836bbcc2adcdef247370772dd6558edebce9adf2df397,B2 reviewed-snapshot reference preserves fixity and rights state without redistributing source bytes.,1ba04e577235ff871c6836bbcc2adcdef247370772dd6558edebce9adf2df397,public_reuse_review,us_cms_pfs,https://www.cms.gov/medicare/payment/physician-fee-schedule/search,us_cms_pfs_2026_revision_c_carrier
sha256:1bd0e95f100c015f39ee8ef8ab006998a1f63f347b52bcd2aec32c7efb1f9223,5012331,evidence:sha256:1bd0e95f100c015f39ee8ef8ab006998a1f63f347b52bcd2aec32c7efb1f9223,rights_constrained_reference,2026-07-18T00:00:00+00:00,sha256:1bd0e95f100c015f39ee8ef8ab006998a1f63f347b52bcd2aec32c7efb1f9223,B2 reviewed-snapshot reference preserves fixity and rights state without redistributing source bytes.,1bd0e95f100c015f39ee8ef8ab006998a1f63f347b52bcd2aec32c7efb1f9223,public_reuse_review,au_pbs,https://data.pbs.gov.au/document/91327.html,au_pbs_api_v3_current_month
sha256:1bf10c044f5d33f80bc59372de81d59df0cf599cd8498ebc59bca5f9202532b4,466319,evidence:sha256:1bf10c044f5d33f80bc59372de81d59df0cf599cd8498ebc59bca5f9202532b4,rights_constrained_reference,2026-08-27T08:02:43.936236+00:00,sha256:1bf10c044f5d33f80bc59372de81d59df0cf599cd8498ebc59bca5f9202532b4,B2 historical checksum reference records current-run fixity; source bytes remain ignored and local.,1bf10c044f5d33f80bc59372de81d59df0cf599cd8498ebc59bca5f9202532b4,public_reuse_review,au_pbs,https://www.pbs.gov.au/publication/schedule/2010/2010-08-01-dental-book.pdf?variant=3,au_pbs_archive_2010_08_01_20069ea3a960
sha256:1c03036f94d2d8d030c72213543fc274a3bc9ee314de3908376dc51b565e5037,17159971,evidence:sha256:1c03036f94d2d8d030c72213543fc274a3bc9ee314de3908376dc51b565e5037,rights_constrained_reference,2026-08-27T08:02:43.936236+00:00,sha256:1c03036f94d2d8d030c72213543fc274a3bc9ee314de3908376dc51b565e5037,B2 historical checksum reference records current-run fixity; source bytes remain ignored and local.,1c03036f94d2d8d030c72213543fc274a3bc9ee314de3908376dc51b565e5037,public_reuse_review,au_mbs,https://www.mbsonline.gov.au/internet/mbsonline/publishing.nsf/Content/40901A5DCA1CD593CA258614007F45C1/$File/201711-MBS-16-Nov.pdf,au_mbs_historical_0050
sha256:1c037399320cdf4bfe3b823c21656959d73d42f1a5182c6263a5b6c540a7aa84,575011,evidence:sha256:1c037399320cdf4bfe3b823c21656959d73d42f1a5182c6263a5b6c540a7aa84,rights_constrained_reference,2026-08-27T08:02:43.936236+00:00,sha256:1c037399320cdf4bfe3b823c21656959d73d42f1a5182c6263a5b6c540a7aa84,B2 historical checksum reference records current-run fixity; source bytes remain ignored and local.,1c037399320cdf4bfe3b823c21656959d73d42f1a5182c6263a5b6c540a7aa84,public_reuse_review,au_mbs,https://www.mbsonline.gov.au/internet/mbsonline/publishing.nsf/Content/515793D58E889BD0CA257CD100033990/$File/2007-05-MBS.pdf,au_mbs_historical_0145
sha256:1ca463119fa5a675e8ef159a87b150713c0b41cbf1af1d219d9d90fb98056f76,81623,evidence:sha256:1ca463119fa5a675e8ef159a87b150713c0b41cbf1af1d219d9d90fb98056f76,rights_constrained_reference,2026-08-27T08:02:43.936236+00:00,sha256:1ca463119fa5a675e8ef159a87b150713c0b41cbf1af1d219d9d90fb98056f76,B2 historical checksum reference records current-run fixity; source bytes remain ignored and local.,1ca463119fa5a675e8ef159a87b150713c0b41cbf1af1d219d9d90fb98056f76,public_reuse_review,au_pbs,https://www.pbs.gov.au/publication/schedule/2008/2008-01-01-general-schedule-soc.pdf?variant=3,au_pbs_archive_2008_01_01_4ea6885ef6a4
sha256:1ca5da4899975173667480f4113303632ca2960b4884395a933f780419597b79,96419,evidence:sha256:1ca5da4899975173667480f4113303632ca2960b4884395a933f780419597b79,rights_constrained_reference,2026-08-27T08:02:43.936236+00:00,sha256:1ca5da4899975173667480f4113303632ca2960b4884395a933f780419597b79,B2 historical checksum reference records current-run fixity; source bytes remain ignored and local.,1ca5da4899975173667480f4113303632ca2960b4884395a933f780419597b79,public_reuse_review,au_pbs,https://www.pbs.gov.au/publication/schedule/2015/12/2015-12-01-errata.pdf?variant=3,au_pbs_archive_2015_12_01_729fc47c00c6
sha256:1d09aa999667b1279097a007a536cb9820b6a33c4c0a1de5b4d72688bf418221,15628047,evidence:sha256:1d09aa999667b1279097a007a536cb9820b6a33c4c0a1de5b4d72688bf418221,rights_constrained_reference,2026-08-27T08:02:43.936236+00:00,sha256:1d09aa999667b1279097a007a536cb9820b6a33c4c0a1de5b4d72688bf418221,B2 historical checksum reference records current-run fixity; source bytes remain ignored and local.,1d09aa999667b1279097a007a536cb9820b6a33c4c0a1de5b4d72688bf418221,public_reuse_review,au_pbs,https://www.pbs.gov.au/publication/schedule/2020/06/2020-06-01-general-schedule-volume-1.pdf?variant=3,au_pbs_archive_2020_06_01_0af69f30cb2f
sha256:1d2afc85ce6bd2580caf7d1bbf2454c35c6a6339692729ee9b59d7ed7c7f61b8,51133,evidence:sha256:1d2afc85ce6bd2580caf7d1bbf2454c35c6a6339692729ee9b59d7ed7c7f61b8,rights_constrained_reference,2026-08-27T08:02:43.936236+00:00,sha256:1d2afc85ce6bd2580caf7d1bbf2454c35c6a6339692729ee9b59d7ed7c7f61b8,B2 historical checksum reference records current-run fixity; source bytes remain ignored and local.,1d2afc85ce6bd2580caf7d1bbf2454c35c6a6339692729ee9b59d7ed7c7f61b8,public_reuse_review,au_pbs,https://www.pbs.gov.au/publication/schedule/2007/2007-01-01-dental-book-soc.pdf?variant=3,au_pbs_archive_2007_01_01_1fd0c04184e7
sha256:1d399ba9f1a2d11e7d79aff22c20b62f9e05b162d202289b768b51d98a03f58f,13774831,evidence:sha256:1d399ba9f1a2d11e7d79aff22c20b62f9e05b162d202289b768b51d98a03f58f,rights_constrained_reference,2026-08-27T08:02:43.936236+00:00,sha256:1d399ba9f1a2d11e7d79aff22c20b62f9e05b162d202289b768b51d98a03f58f,B2 historical checksum reference records current-run fixity; source bytes remain ignored and local.,1d399ba9f1a2d11e7d79aff22c20b62f9e05b162d202289b768b51d98a03f58f,public_reuse_review,au_pbs,https://www.pbs.gov.au/publication/schedule/1951-2002/1979-12-01-consolidated-schedules.pdf?variant=3,au_pbs_archive_1979_12_01_d2cea428088d
sha256:1d5033a36bef021bcfa20e6613af53ca8624f17662b39ff7654b2b386c78cd01,4004083,evidence:sha256:1d5033a36bef021bcfa20e6613af53ca8624f17662b39ff7654b2b386c78cd01,rights_constrained_reference,2026-08-27T08:02:43.936236+00:00,sha256:1d5033a36bef021bcfa20e6613af53ca8624f17662b39ff7654b2b386c78cd01,B2 historical checksum reference records current-run fixity; source bytes remain ignored and local.,1d5033a36bef021bcfa20e6613af53ca8624f17662b39ff7654b2b386c78cd01,public_reuse_review,au_pbs,https://www.pbs.gov.au/publication/schedule/2026/07/2026-07-01-general-soc.pdf?variant=3,au_pbs_archive_2026_07_01_6a28832fe0e9
sha256:1d8a3c372439e1a4de0701623ccb12297745db24710503dcf30fefff8c9f8294,19188567,evidence:sha256:1d8a3c372439e1a4de0701623ccb12297745db24710503dcf30fefff8c9f8294,rights_constrained_reference,2026-08-27T08:02:43.936236+00:00,sha256:1d8a3c372439e1a4de0701623ccb12297745db24710503dcf30fefff8c9f8294,B2 historical checksum reference records current-run fixity; source bytes remain ignored and local.,1d8a3c372439e1a4de0701623ccb12297745db24710503dcf30fefff8c9f8294,public_reuse_review,au_mbs,https://www.mbsonline.gov.au/internet/mbsonline/publishing.nsf/Content/515793D58E889BD0CA257CD100033990/$File/1975-MBS.pdf,au_mbs_historical_0073
sha256:1da5df0f2e493b6810bb0c73aa177384dc5e8da62ec2bbd15539b5cea5c2f911,150837,evidence:sha256:1da5df0f2e493b6810bb0c73aa177384dc5e8da62ec2bbd15539b5cea5c2f911,rights_constrained_reference,2026-08-27T08:02:43.936236+00:00,sha256:1da5df0f2e493b6810bb0c73aa177384dc5e8da62ec2bbd15539b5cea5c2f911,B2 historical checksum reference records current-run fixity; source bytes remain ignored and local.,1da5df0f2e493b6810bb0c73aa177384dc5e8da62ec2bbd15539b5cea5c2f911,public_reuse_review,au_pbs,https://www.pbs.gov.au/publication/schedule/2012/09/2012-09-01-dental-book-SOC.pdf?variant=3,au_pbs_archive_2012_09_01_78f6f7da0fa7
sha256:1db8e8a3b22cc3da637a2ec21a3313552136f9b32133a5e1bf2dd52a720b74a7,1224773,evidence:sha256:1db8e8a3b22cc3da637a2ec21a3313552136f9b32133a5e1bf2dd52a720b74a7,rights_constrained_reference,2026-08-27T08:02:43.936236+00:00,sha256:1db8e8a3b22cc3da637a2ec21a3313552136f9b32133a5e1bf2dd52a720b74a7,B2 historical checksum reference records current-run fixity; source bytes remain ignored and local.,1db8e8a3b22cc3da637a2ec21a3313552136f9b32133a5e1bf2dd52a720b74a7,public_reuse_review,au_pbs,https://www.pbs.gov.au/publication/schedule/2016/11/2016-11-01-efc-schedule.pdf?variant=3,au_pbs_archive_2016_11_01_db588dfe6b7b
sha256:1e02c08553bbd4ce4aa8c4b9a9e7b92048c58e2a0683a018486e4c645a991861,48982,evidence:sha256:1e02c08553bbd4ce4aa8c4b9a9e7b92048c58e2a0683a018486e4c645a991861,rights_constrained_reference,2026-08-27T08:02:43.936236+00:00,sha256:1e02c08553bbd4ce4aa8c4b9a9e7b92048c58e2a0683a018486e4c645a991861,B2 historical checksum reference records current-run fixity; source bytes remain ignored and local.,1e02c08553bbd4ce4aa8c4b9a9e7b92048c58e2a0683a018486e4c645a991861,public_reuse_review,au_pbs,https://www.pbs.gov.au/publication/schedule/2007/2007-12-01-dental-book-soc.pdf?variant=3,au_pbs_archive_2007_12_01_eba86c44c844
sha256:1e20c0ef4dfc9c1776c2de1a3124ae04bd645ab1898c9d9220d5039a95e71090,13171,evidence:sha256:1e20c0ef4dfc9c1776c2de1a3124ae04bd645ab1898c9d9220d5039a95e71090,rights_constrained_reference,2026-08-27T08:02:43.936236+00:00,sha256:1e20c0ef4dfc9c1776c2de1a3124ae04bd645ab1898c9d9220d5039a95e71090,B2 historical checksum reference records current-run fixity; source bytes remain ignored and local.,1e20c0ef4dfc9c1776c2de1a3124ae04bd645ab1898c9d9220d5039a95e71090,public_reuse_review,au_mbs,https://www.mbsonline.gov.au/internet/mbsonline/publishing.nsf/Content/4C767FC45843CB02CA25898500825ACA/$File/RVG%20file%20-%202%20March%202023%20to%201%20July%202023%20(RVG%20file%2020230701).TXT,au_mbs_historical_0061
sha256:1e21bc526c0a39a6f6d05220920d21119afdd2a4627d2d334c119938eb13d2de,794627,evidence:sha256:1e21bc526c0a39a6f6d05220920d21119afdd2a4627d2d334c119938eb13d2de,rights_constrained_reference,2026-08-27T08:02:43.936236+00:00,sha256:1e21bc526c0a39a6f6d05220920d21119afdd2a4627d2d334c119938eb13d2de,B2 historical checksum reference records current-run fixity; source bytes remain ignored and local.,1e21bc526c0a39a6f6d05220920d21119afdd2a4627d2d334c119938eb13d2de,public_reuse_review,au_pbs,https://www.pbs.gov.au/publication/schedule/2017/08/2017-08-01-general-soc.pdf?variant=3,au_pbs_archive_2017_08_01_5bc65f051559
sha256:1e370b69db9ec76bce0f3d257f6e7dc64f93e46ae58696f4cd10546e27243375,510707,evidence:sha256:1e370b69db9ec76bce0f3d257f6e7dc64f93e46ae58696f4cd10546e27243375,rights_constrained_reference,2026-08-27T08:02:43.936236+00:00,sha256:1e370b69db9ec76bce0f3d257f6e7dc64f93e46ae58696f4cd10546e27243375,B2 historical checksum reference records current-run fixity; source bytes remain ignored and local.,1e370b69db9ec76bce0f3d257f6e7dc64f93e46ae58696f4cd10546e27243375,public_reuse_review,au_pbs,https://www.pbs.gov.au/publication/schedule/2014/07/2014-07-01-efc-schedule.pdf?variant=3,au_pbs_archive_2014_07_01_fb96e83bf0d2
sha256:1e3b3d9ab8e927fb5c49e740373fbae952f0899d54f6d7236f1992549a42faad,1494256,evidence:sha256:1e3b3d9ab8e927fb5c49e740373fbae952f0899d54f6d7236f1992549a42faad,rights_constrained_reference,2026-08-27T08:02:43.936236+00:00,sha256:1e3b3d9ab8e927fb5c49e740373fbae952f0899d54f6d7236f1992549a42faad,B2 historical checksum reference records current-run fixity; source bytes remain ignored and local.,1e3b3d9ab8e927fb5c49e740373fbae952f0899d54f6d7236f1992549a42faad,public_reuse_review,au_pbs,https://www.pbs.gov.au/publication/schedule/2025/04/2025-04-01-general-soc.pdf?variant=3,au_pbs_archive_2025_04_01_0739fc9089ae
sha256:1e5dd8a46d5380bf55821d70be1c49b984d0ba211f7f3941d3c76d864f38c3e0,996491,evidence:sha256:1e5dd8a46d5380bf55821d70be1c49b984d0ba211f7f3941d3c76d864f38c3e0,rights_constrained_reference,2026-08-27T08:02:43.936236+00:00,sha256:1e5dd8a46d5380bf55821d70be1c49b984d0ba211f7f3941d3c76d864f38c3e0,B2 historical checksum reference records current-run fixity; source bytes remain ignored and local.,1e5dd8a46d5380bf55821d70be1c49b984d0ba211f7f3941d3c76d864f38c3e0,public_reuse_review,au_pbs,https://www.pbs.gov.au/publication/schedule/2011/09/2011-09-01-general-schedule-SOC.pdf?variant=3,au_pbs_archive_2011_09_01_2b65a8f47f85
sha256:1e7904f12be213d84129265e80b63af8b801fc1cbfdcca93449f85ce3ab7b91b,2226790,evidence:sha256:1e7904f12be213d84129265e80b63af8b801fc1cbfdcca93449f85ce3ab7b91b,rights_constrained_reference,2026-08-27T08:02:43.936236+00:00,sha256:1e7904f12be213d84129265e80b63af8b801fc1cbfdcca93449f85ce3ab7b91b,B2 historical checksum reference records current-run fixity; source bytes remain ignored and local.,1e7904f12be213d84129265e80b63af8b801fc1cbfdcca93449f85ce3ab7b91b,public_reuse_review,au_mbs,https://www.mbsonline.gov.au/internet/mbsonline/publishing.nsf/Content/4EFCF78281A91736CA258654001138AF/$File/202103-cat5.pdf,au_mbs_historical_0066
sha256:1ebe79eac741dc755e3ca725fcef45c25ac9adc16f8cbc77b5fdd0f688011f1d,327674,evidence:sha256:1ebe79eac741dc755e3ca725fcef45c25ac9adc16f8cbc77b5fdd0f688011f1d,rights_constrained_reference,2026-08-27T08:02:43.936236+00:00,sha256:1ebe79eac741dc755e3ca725fcef45c25ac9adc16f8cbc77b5fdd0f688011f1d,B2 historical checksum reference records current-run fixity; source bytes remain ignored and local.,1ebe79eac741dc755e3ca725fcef45c25ac9adc16f8cbc77b5fdd0f688011f1d,public_reuse_review,au_mbs,https://www.mbsonline.gov.au/internet/mbsonline/publishing.nsf/Content/515793D58E889BD0CA257CD100033990/$File/2004-11-Optom.pdf,au_mbs_historical_0134
sha256:1eceea2f6d5f9368ead0a7df55ffd39761cbaf1a01ab41284a66e5a9c56d85e6,98916,evidence:sha256:1eceea2f6d5f9368ead0a7df55ffd39761cbaf1a01ab41284a66e5a9c56d85e6,rights_constrained_reference,2026-08-27T08:02:43.936236+00:00,sha256:1eceea2f6d5f9368ead0a7df55ffd39761cbaf1a01ab41284a66e5a9c56d85e6,B2 historical checksum reference records current-run fixity; source bytes remain ignored and local.,1eceea2f6d5f9368ead0a7df55ffd39761cbaf1a01ab41284a66e5a9c56d85e6,public_reuse_review,au_pbs,https://www.pbs.gov.au/publication/schedule/2007/2007-02-01-general-schedule-soc.pdf?variant=3,au_pbs_archive_2007_02_01_8765a09d1321
sha256:1f20409187bbf8a0ed69637d64144fae7d3d9111acbe76a51253f71ac8a38956,16781655,evidence:sha256:1f20409187bbf8a0ed69637d64144fae7d3d9111acbe76a51253f71ac8a38956,rights_constrained_reference,2026-08-27T08:02:43.936236+00:00,sha256:1f20409187bbf8a0ed69637d64144fae7d3d9111acbe76a51253f71ac8a38956,B2 historical checksum reference records current-run fixity; source bytes remain ignored and local.,1f20409187bbf8a0ed69637d64144fae7d3d9111acbe76a51253f71ac8a38956,public_reuse_review,au_mbs,https://www.mbsonline.gov.au/internet/mbsonline/publishing.nsf/Content/A7F6A9DA0E280DCCCA2586140008B368/$File/201501-MBS.pdf,au_mbs_historical_0250
sha256:1f6356ad7e52da7364d0a9fafbcacd83556454e84614c1a70f117d73932bdd15,615663,evidence:sha256:1f6356ad7e52da7364d0a9fafbcacd83556454e84614c1a70f117d73932bdd15,rights_constrained_reference,2026-08-27T08:02:43.936236+00:00,sha256:1f6356ad7e52da7364d0a9fafbcacd83556454e84614c1a70f117d73932bdd15,B2 historical checksum reference records current-run fixity; source bytes remain ignored and local.,1f6356ad7e52da7364d0a9fafbcacd83556454e84614c1a70f117d73932bdd15,public_reuse_review,au_pbs,https://www.pbs.gov.au/publication/schedule/2019/12/2019-12-01-errata.pdf?variant=3,au_pbs_archive_2019_12_01_5aa1940f4028
sha256:1f7a29021bbd2fef78bed1dc882275cc39151dc5a0344580a920900049c1563b,725407,evidence:sha256:1f7a29021bbd2fef78bed1dc882275cc39151dc5a0344580a920900049c1563b,rights_constrained_reference,2026-08-27T08:02:43.936236+00:00,sha256:1f7a29021bbd2fef78bed1dc882275cc39151dc5a0344580a920900049c1563b,B2 historical checksum reference records current-run fixity; source bytes remain ignored and local.,1f7a29021bbd2fef78bed1dc882275cc39151dc5a0344580a920900049c1563b,public_reuse_review,au_pbs,https://www.pbs.gov.au/publication/schedule/2014/04/2014-04-01-general-schedule-soc.pdf?variant=3,au_pbs_archive_2014_04_01_9737eef4be95
sha256:1fe830ae80bfcd55f5815029331b0a4e02f5c70232408ce1e8861e3606f3498b,8580935,evidence:sha256:1fe830ae80bfcd55f5815029331b0a4e02f5c70232408ce1e8861e3606f3498b,rights_constrained_reference,1970-01-01T00:00:00Z,sha256:1fe830ae80bfcd55f5815029331b0a4e02f5c70232408ce1e8861e3606f3498b,B2 reference preserves identity without publishing local raw bytes.,1fe830ae80bfcd55f5815029331b0a4e02f5c70232408ce1e8861e3606f3498b,public_reuse_review,au_mbs,https://www.mbsonline.gov.au/internet/mbsonline/publishing.nsf/650f3eec0dfb990d3ca25692100069854/1bc94358d4f276d3ca257ccf0000aa73/%24FILE/20260701_MBSONLINE_DESC.TXT,au_mbs_20260701_txt_pair
sha256:202514d416c8074f937e52f6951c9f9d44c6af6c90c07006cb4ff3d421083e83,16989875,evidence:sha256:202514d416c8074f937e52f6951c9f9d44c6af6c90c07006cb4ff3d421083e83,rights_constrained_reference,2026-08-27T08:02:43.936236+00:00,sha256:202514d416c8074f937e52f6951c9f9d44c6af6c90c07006cb4ff3d421083e83,B2 historical checksum reference records current-run fixity; source bytes remain ignored and local.,202514d416c8074f937e52f6951c9f9d44c6af6c90c07006cb4ff3d421083e83,public_reuse_review,au_mbs,https://www.mbsonline.gov.au/internet/mbsonline/publishing.nsf/Content/515793D58E889BD0CA257CD100033990/$File/1974-MBS.pdf,au_mbs_historical_0072
sha256:2079dd51299cdec2593f232da332d7a99394e96ab116aad2c5de996f39cd59d2,17342137,evidence:sha256:2079dd51299cdec2593f232da332d7a99394e96ab116aad2c5de996f39cd59d2,rights_constrained_reference,2026-08-27T08:02:43.936236+00:00,sha256:2079dd51299cdec2593f232da332d7a99394e96ab116aad2c5de996f39cd59d2,B2 historical checksum reference records current-run fixity; source bytes remain ignored and local.,2079dd51299cdec2593f232da332d7a99394e96ab116aad2c5de996f39cd59d2,public_reuse_review,au_pbs,https://www.pbs.gov.au/publication/schedule/1951-2002/1970-12-01-consolidated-schedules.pdf?variant=3,au_pbs_archive_1970_12_01_831e4c059bc3
sha256:20ef9121105c8307c04cb1fbd26fad75815dd488c57b9553def1a53dcc759c32,7155131,evidence:sha256:20ef9121105c8307c04cb1fbd26fad75815dd488c57b9553def1a53dcc759c32,rights_constrained_reference,2026-08-27T08:02:43.936236+00:00,sha256:20ef9121105c8307c04cb1fbd26fad75815dd488c57b9553def1a53dcc759c32,B2 historical checksum reference records current-run fixity; source bytes remain ignored and local.,20ef9121105c8307c04cb1fbd26fad75815dd488c57b9553def1a53dcc759c32,public_reuse_review,au_pbs,https://www.pbs.gov.au/publication/schedule/2013/08/2013-08-01-general-schedule.pdf?variant=3,au_pbs_archive_2013_08_01_62a83f1b9727
sha256:20f81c6f87224db49e831d7bc2b2a71e80851c9d7aecb6b273556e695d17bc5f,3952602,evidence:sha256:20f81c6f87224db49e831d7bc2b2a71e80851c9d7aecb6b273556e695d17bc5f,rights_constrained_reference,2026-08-27T08:02:43.936236+00:00,sha256:20f81c6f87224db49e831d7bc2b2a71e80851c9d7aecb6b273556e695d17bc5f,B2 historical checksum reference records current-run fixity; source bytes remain ignored and local.,20f81c6f87224db49e831d7bc2b2a71e80851c9d7aecb6b273556e695d17bc5f,public_reuse_review,au_pbs,https://www.pbs.gov.au/publication/schedule/1951-2002/1959-11-01-PBS-Schedule-Medical-Practitioners.pdf?variant=3,au_pbs_archive_1959_11_01_e7bc7aaa306c
sha256:20fc8aebdc0f9e7a7a45733241c5beaf82155e9aeeeb25e96333515fe68ea17f,518816,evidence:sha256:20fc8aebdc0f9e7a7a45733241c5beaf82155e9aeeeb25e96333515fe68ea17f,rights_constrained_reference,2026-08-27T08:02:43.936236+00:00,sha256:20fc8aebdc0f9e7a7a45733241c5beaf82155e9aeeeb25e96333515fe68ea17f,B2 historical checksum reference records current-run fixity; source bytes remain ignored and local.,20fc8aebdc0f9e7a7a45733241c5beaf82155e9aeeeb25e96333515fe68ea17f,public_reuse_review,au_pbs,https://www.pbs.gov.au/publication/schedule/2014/03/2014-03-01-efc-schedule-soc.pdf?variant=3,au_pbs_archive_2014_03_01_97a637d7b0f0
sha256:2168946df659b65dd4c8727e3006c6a7d9b1233bbbb93566fd23bf3b8e50135d,5256765,evidence:sha256:2168946df659b65dd4c8727e3006c6a7d9b1233bbbb93566fd23bf3b8e50135d,rights_constrained_reference,2026-08-27T08:02:43.936236+00:00,sha256:2168946df659b65dd4c8727e3006c6a7d9b1233bbbb93566fd23bf3b8e50135d,B2 historical checksum reference records current-run fixity; source bytes remain ignored and local.,2168946df659b65dd4c8727e3006c6a7d9b1233bbbb93566fd23bf3b8e50135d,public_reuse_review,au_mbs,https://www.mbsonline.gov.au/internet/mbsonline/publishing.nsf/Content/B900536D4B582E61CA2585FF0006926F/$File/201407-MBS.PDF,au_mbs_historical_0277
sha256:2179e43b2b3414a341b478c1d384bad48beaec35da6ed29d4bcd56ba25146803,23190459,evidence:sha256:2179e43b2b3414a341b478c1d384bad48beaec35da6ed29d4bcd56ba25146803,rights_constrained_reference,2026-08-27T08:02:43.936236+00:00,sha256:2179e43b2b3414a341b478c1d384bad48beaec35da6ed29d4bcd56ba25146803,B2 historical checksum reference records current-run fixity; source bytes remain ignored and local.,2179e43b2b3414a341b478c1d384bad48beaec35da6ed29d4bcd56ba25146803,public_reuse_review,au_mbs,https://www.mbsonline.gov.au/internet/mbsonline/publishing.nsf/Content/515793D58E889BD0CA257CD100033990/$File/1996-11-MBS.pdf,au_mbs_historical_0105
sha256:2195b2fc10f5bec5548f91db379c935801ee568f63192a186c917d6eb46ef41d,15181164,evidence:sha256:2195b2fc10f5bec5548f91db379c935801ee568f63192a186c917d6eb46ef41d,rights_constrained_reference,2026-08-27T08:02:43.936236+00:00,sha256:2195b2fc10f5bec5548f91db379c935801ee568f63192a186c917d6eb46ef41d,B2 historical checksum reference records current-run fixity; source bytes remain ignored and local.,2195b2fc10f5bec5548f91db379c935801ee568f63192a186c917d6eb46ef41d,public_reuse_review,au_pbs,https://www.pbs.gov.au/publication/schedule/2025/08/2025-08-01-general-schedule-volume-2.pdf?variant=3,au_pbs_archive_2025_08_01_497d9cd61ede
sha256:2196f94b4b64e016c18abf815347a1ec5862ff48556611efdfa878d3ed0cf7a8,11506189,evidence:sha256:2196f94b4b64e016c18abf815347a1ec5862ff48556611efdfa878d3ed0cf7a8,rights_constrained_reference,2026-08-27T08:02:43.936236+00:00,sha256:2196f94b4b64e016c18abf815347a1ec5862ff48556611efdfa878d3ed0cf7a8,B2 historical checksum reference records current-run fixity; source bytes remain ignored and local.,2196f94b4b64e016c18abf815347a1ec5862ff48556611efdfa878d3ed0cf7a8,public_reuse_review,au_pbs,https://www.pbs.gov.au/publication/schedule/2020/11/2020-11-01-general-schedule-volume-2.pdf?variant=3,au_pbs_archive_2020_11_01_d8e9b847b26b
sha256:219f59a1ec49ff4d72daa0885a5f544dffe9d96ad7f5ba8a5d6394bef1a043ab,19041091,evidence:sha256:219f59a1ec49ff4d72daa0885a5f544dffe9d96ad7f5ba8a5d6394bef1a043ab,rights_constrained_reference,2026-08-27T08:02:43.936236+00:00,sha256:219f59a1ec49ff4d72daa0885a5f544dffe9d96ad7f5ba8a5d6394bef1a043ab,B2 historical checksum reference records current-run fixity; source bytes remain ignored and local.,219f59a1ec49ff4d72daa0885a5f544dffe9d96ad7f5ba8a5d6394bef1a043ab,public_reuse_review,au_pbs,https://www.pbs.gov.au/publication/schedule/2017/02/2017-02-01-general-schedule.pdf?variant=3,au_pbs_archive_2017_02_01_b68526a89bd5
sha256:22510203966e992f7b05fa8b892b1b3846ef9425a033ab5f608745743e18d1fe,12281944,evidence:sha256:22510203966e992f7b05fa8b892b1b3846ef9425a033ab5f608745743e18d1fe,rights_constrained_reference,2026-08-27T08:02:43.936236+00:00,sha256:22510203966e992f7b05fa8b892b1b3846ef9425a033ab5f608745743e18d1fe,B2 historical checksum reference records current-run fixity; source bytes remain ignored and local.,22510203966e992f7b05fa8b892b1b3846ef9425a033ab5f608745743e18d1fe,public_reuse_review,au_mbs,https://www.mbsonline.gov.au/internet/mbsonline/publishing.nsf/Content/F540E955EFE9BFD5CA25861500000C28/$File/201907-MBS.pdf,au_mbs_historical_0325
sha256:22cb27c515bc5e2da9448b90ca18b3216c5eb85626caa33a37aa6dd01364aab7,58779,evidence:sha256:22cb27c515bc5e2da9448b90ca18b3216c5eb85626caa33a37aa6dd01364aab7,rights_constrained_reference,2026-08-27T08:02:43.936236+00:00,sha256:22cb27c515bc5e2da9448b90ca18b3216c5eb85626caa33a37aa6dd01364aab7,B2 historical checksum reference records current-run fixity; source bytes remain ignored and local.,22cb27c515bc5e2da9448b90ca18b3216c5eb85626caa33a37aa6dd01364aab7,public_reuse_review,au_pbs,https://www.pbs.gov.au/publication/schedule/2009/2009-03-01-dental-book-soc.pdf?variant=3,au_pbs_archive_2009_03_01_a12ba4c001b6
sha256:22ea5c5d103a5a0285171e3c3e316941c0eacdf24405bd259116d04f7c9fd03f,688326,evidence:sha256:22ea5c5d103a5a0285171e3c3e316941c0eacdf24405bd259116d04f7c9fd03f,rights_constrained_reference,2026-08-27T08:02:43.936236+00:00,sha256:22ea5c5d103a5a0285171e3c3e316941c0eacdf24405bd259116d04f7c9fd03f,B2 historical checksum reference records current-run fixity; source bytes remain ignored and local.,22ea5c5d103a5a0285171e3c3e316941c0eacdf24405bd259116d04f7c9fd03f,public_reuse_review,au_pbs,https://www.pbs.gov.au/publication/schedule/2011/05/2011-05-01-dental-book-SOC.pdf?variant=3,au_pbs_archive_2011_05_01_350cdd4a451c
sha256:2302b8e730658fded3846f764583f0467ec53682f5521f680e47e1dce1c1df7b,859196,evidence:sha256:2302b8e730658fded3846f764583f0467ec53682f5521f680e47e1dce1c1df7b,rights_constrained_reference,2026-08-27T08:02:43.936236+00:00,sha256:2302b8e730658fded3846f764583f0467ec53682f5521f680e47e1dce1c1df7b,B2 historical checksum reference records current-run fixity; source bytes remain ignored and local.,2302b8e730658fded3846f764583f0467ec53682f5521f680e47e1dce1c1df7b,public_reuse_review,au_pbs,https://www.pbs.gov.au/publication/schedule/2026/03/2026-03-01-general-soc.pdf?variant=3,au_pbs_archive_2026_03_01_20bb7ae03812
sha256:233babb7bae31a91eb3d3ce1e0d13193809030eb1dd954f039e48f8bc018da09,1153032,evidence:sha256:233babb7bae31a91eb3d3ce1e0d13193809030eb1dd954f039e48f8bc018da09,rights_constrained_reference,2026-08-27T08:02:43.936236+00:00,sha256:233babb7bae31a91eb3d3ce1e0d13193809030eb1dd954f039e48f8bc018da09,B2 historical checksum reference records current-run fixity; source bytes remain ignored and local.,233babb7bae31a91eb3d3ce1e0d13193809030eb1dd954f039e48f8bc018da09,public_reuse_review,au_pbs,https://www.pbs.gov.au/publication/schedule/2013/11/2013-11-01-efc-schedule-soc.pdf?variant=3,au_pbs_archive_2013_11_01_0a615b932e0f
sha256:2396ee01562701f378919aa5d9ee186616e7a46248e0a0a3e385949635142917,750743,evidence:sha256:2396ee01562701f378919aa5d9ee186616e7a46248e0a0a3e385949635142917,rights_constrained_reference,2026-08-27T08:02:43.936236+00:00,sha256:2396ee01562701f378919aa5d9ee186616e7a46248e0a0a3e385949635142917,B2 historical checksum reference records current-run fixity; source bytes remain ignored and local.,2396ee01562701f378919aa5d9ee186616e7a46248e0a0a3e385949635142917,public_reuse_review,au_pbs,https://www.pbs.gov.au/publication/schedule/2020/02/2020-02-01-general-soc.pdf?variant=3,au_pbs_archive_2020_02_01_4f5b42529412
sha256:23a2edb0c69d6f4f0518a3de5ce06376eea8b8ef80dec52377a5f91a31ea677d,1500502,evidence:sha256:23a2edb0c69d6f4f0518a3de5ce06376eea8b8ef80dec52377a5f91a31ea677d,rights_constrained_reference,2026-08-27T08:02:43.936236+00:00,sha256:23a2edb0c69d6f4f0518a3de5ce06376eea8b8ef80dec52377a5f91a31ea677d,B2 historical checksum reference records current-run fixity; source bytes remain ignored and local.,23a2edb0c69d6f4f0518a3de5ce06376eea8b8ef80dec52377a5f91a31ea677d,public_reuse_review,au_mbs,https://www.mbsonline.gov.au/internet/mbsonline/publishing.nsf/Content/B013E0789A07D708CA258B030013670A/$File/PDF%20Version%20-%201%20July%202024%20Category%206%20-%20Pathology%20Services.pdf,au_mbs_historical_0265
sha256:23bc95436fd230fcdc9937456db85b19ab9f6cb82f3fb601e776b2db80a56f54,350555,evidence:sha256:23bc95436fd230fcdc9937456db85b19ab9f6cb82f3fb601e776b2db80a56f54,rights_constrained_reference,2026-08-27T08:02:43.936236+00:00,sha256:23bc95436fd230fcdc9937456db85b19ab9f6cb82f3fb601e776b2db80a56f54,B2 historical checksum reference records current-run fixity; source bytes remain ignored and local.,23bc95436fd230fcdc9937456db85b19ab9f6cb82f3fb601e776b2db80a56f54,public_reuse_review,au_mbs,https://www.mbsonline.gov.au/internet/mbsonline/publishing.nsf/Content/8F3FA58ED97DCA35CA2584BE00111151/$File/202001-Cat1%2017Jan2020.zip,au_mbs_historical_0199
sha256:23ddf29fb5e7336f8f4190fca1e7f9a38cdf362b8e26929033ff888cf402450b,443609,evidence:sha256:23ddf29fb5e7336f8f4190fca1e7f9a38cdf362b8e26929033ff888cf402450b,rights_constrained_reference,2026-08-27T08:02:43.936236+00:00,sha256:23ddf29fb5e7336f8f4190fca1e7f9a38cdf362b8e26929033ff888cf402450b,B2 historical checksum reference records current-run fixity; source bytes remain ignored and local.,23ddf29fb5e7336f8f4190fca1e7f9a38cdf362b8e26929033ff888cf402450b,public_reuse_review,au_pbs,https://www.pbs.gov.au/publication/schedule/2008/2008-07-01-dental-book.pdf?variant=3,au_pbs_archive_2008_07_01_8adbcea0e719
sha256:23ded42d20413fb373becf8f21e7aa549438b16bb4db675201c91b3dc5e2cd3e,16262065,evidence:sha256:23ded42d20413fb373becf8f21e7aa549438b16bb4db675201c91b3dc5e2cd3e,rights_constrained_reference,2026-08-27T08:02:43.936236+00:00,sha256:23ded42d20413fb373becf8f21e7aa549438b16bb4db675201c91b3dc5e2cd3e,B2 historical checksum reference records current-run fixity; source bytes remain ignored and local.,23ded42d20413fb373becf8f21e7aa549438b16bb4db675201c91b3dc5e2cd3e,public_reuse_review,au_mbs,https://www.mbsonline.gov.au/internet/mbsonline/publishing.nsf/Content/FBE6CC5B217AC8DACA25859E0016F5A3/$File/mbsbook-july2021m.pdf,au_mbs_historical_0337
sha256:23f46996b1334fb8f29ff9fcf15e6f1af45d3f4066d20c6c912667f64f46c916,339750,evidence:sha256:23f46996b1334fb8f29ff9fcf15e6f1af45d3f4066d20c6c912667f64f46c916,rights_constrained_reference,2026-08-27T08:02:43.936236+00:00,sha256:23f46996b1334fb8f29ff9fcf15e6f1af45d3f4066d20c6c912667f64f46c916,B2 historical checksum reference records current-run fixity; source bytes remain ignored and local.,23f46996b1334fb8f29ff9fcf15e6f1af45d3f4066d20c6c912667f64f46c916,public_reuse_review,au_pbs,https://www.pbs.gov.au/publication/schedule/2015/01/2015-01-01-errata.pdf?variant=3,au_pbs_archive_2015_01_01_0cc4ffb99f6a
sha256:23ff2836ef4f588248c395db2bdacccef9cc125e449b6161970a448ac319bf5d,14633511,evidence:sha256:23ff2836ef4f588248c395db2bdacccef9cc125e449b6161970a448ac319bf5d,rights_constrained_reference,2026-08-27T08:02:43.936236+00:00,sha256:23ff2836ef4f588248c395db2bdacccef9cc125e449b6161970a448ac319bf5d,B2 historical checksum reference records current-run fixity; source bytes remain ignored and local.,23ff2836ef4f588248c395db2bdacccef9cc125e449b6161970a448ac319bf5d,public_reuse_review,au_pbs,https://www.pbs.gov.au/publication/schedule/2024/10/2024-10-01-general-schedule-volume-2.pdf?variant=3,au_pbs_archive_2024_10_01_56be21ac28e4
sha256:246fffdb4f26c709e4ec012281910097bf291b73bdf94913bbbcbe2cac7602fc,174925,evidence:sha256:246fffdb4f26c709e4ec012281910097bf291b73bdf94913bbbcbe2cac7602fc,rights_constrained_reference,2026-08-27T08:02:43.936236+00:00,sha256:246fffdb4f26c709e4ec012281910097bf291b73bdf94913bbbcbe2cac7602fc,B2 historical checksum reference records current-run fixity; source bytes remain ignored and local.,246fffdb4f26c709e4ec012281910097bf291b73bdf94913bbbcbe2cac7602fc,public_reuse_review,au_pbs,https://www.pbs.gov.au/publication/schedule/2009/2009-04-01-general-schedule-soc.pdf?variant=3,au_pbs_archive_2009_04_01_f9ece69c9aae
sha256:24778976d3acdf64aec36557a3c417dff5ed8beefa3e0fa997359ad28811885e,3783630,evidence:sha256:24778976d3acdf64aec36557a3c417dff5ed8beefa3e0fa997359ad28811885e,rights_constrained_reference,2026-08-27T08:02:43.936236+00:00,sha256:24778976d3acdf64aec36557a3c417dff5ed8beefa3e0fa997359ad28811885e,B2 historical checksum reference records current-run fixity; source bytes remain ignored and local.,24778976d3acdf64aec36557a3c417dff5ed8beefa3e0fa997359ad28811885e,public_reuse_review,au_pbs,https://www.pbs.gov.au/publication/schedule/2017/07/2017-07-01-efc-schedule.pdf?variant=3,au_pbs_archive_2017_07_01_477251cda1a2
sha256:2482114323ef070928a0db74a146d387d5a17848c6ff4c8aa6fb891f7347234e,3924600,evidence:sha256:2482114323ef070928a0db74a146d387d5a17848c6ff4c8aa6fb891f7347234e,rights_constrained_reference,2026-08-27T08:02:43.936236+00:00,sha256:2482114323ef070928a0db74a146d387d5a17848c6ff4c8aa6fb891f7347234e,B2 historical checksum reference records current-run fixity; source bytes remain ignored and local.,2482114323ef070928a0db74a146d387d5a17848c6ff4c8aa6fb891f7347234e,public_reuse_review,au_mbs,https://www.mbsonline.gov.au/internet/mbsonline/publishing.nsf/Content/5DCECCA2E8B2062CCA2586F100070995/$File/July20_Category1-Attendances.pdf,au_mbs_historical_0184
sha256:24c1e9c3c7c65a0027ec4d5dea99386fc09ac11993f0f556cdc6f4c2b81dc44f,2314998,evidence:sha256:24c1e9c3c7c65a0027ec4d5dea99386fc09ac11993f0f556cdc6f4c2b81dc44f,rights_constrained_reference,2026-08-27T08:02:43.936236+00:00,sha256:24c1e9c3c7c65a0027ec4d5dea99386fc09ac11993f0f556cdc6f4c2b81dc44f,B2 historical checksum reference records current-run fixity; source bytes remain ignored and local.,24c1e9c3c7c65a0027ec4d5dea99386fc09ac11993f0f556cdc6f4c2b81dc44f,public_reuse_review,au_pbs,https://www.pbs.gov.au/publication/schedule/2018/12/2018-12-01-efc-schedule.pdf?variant=3,au_pbs_archive_2018_12_01_3be998784dd5
sha256:24cb2c69364c8e118e132fcc32d8c29a45cefa0d0003d5a7f6d4e61c60908989,5310738,evidence:sha256:24cb2c69364c8e118e132fcc32d8c29a45cefa0d0003d5a7f6d4e61c60908989,rights_constrained_reference,2026-08-27T08:02:43.936236+00:00,sha256:24cb2c69364c8e118e132fcc32d8c29a45cefa0d0003d5a7f6d4e61c60908989,B2 historical checksum reference records current-run fixity; source bytes remain ignored and local.,24cb2c69364c8e118e132fcc32d8c29a45cefa0d0003d5a7f6d4e61c60908989,public_reuse_review,au_pbs,https://www.pbs.gov.au/publication/schedule/2021/03/2021-03-01-efc-schedule.pdf?variant=3,au_pbs_archive_2021_03_01_0aa7a7e9f8e9
sha256:2530933abfd5886b4dd15197e4c7b069be46f0daa1eb898d46213af293e6b56b,8848644,evidence:sha256:2530933abfd5886b4dd15197e4c7b069be46f0daa1eb898d46213af293e6b56b,rights_constrained_reference,2026-08-27T08:02:43.936236+00:00,sha256:2530933abfd5886b4dd15197e4c7b069be46f0daa1eb898d46213af293e6b56b,B2 historical checksum reference records current-run fixity; source bytes remain ignored and local.,2530933abfd5886b4dd15197e4c7b069be46f0daa1eb898d46213af293e6b56b,public_reuse_review,au_mbs,https://www.mbsonline.gov.au/internet/mbsonline/publishing.nsf/Content/90CB91EE0B6FB8A9CA2586140082584E/$File/201805-MBS.pdf,au_mbs_historical_0224
sha256:25438b5cf2cf8b3d58370c6909cec65800bac7531f6f0240b7e45b2b179b428a,19081846,evidence:sha256:25438b5cf2cf8b3d58370c6909cec65800bac7531f6f0240b7e45b2b179b428a,rights_constrained_reference,2026-08-27T08:02:43.936236+00:00,sha256:25438b5cf2cf8b3d58370c6909cec65800bac7531f6f0240b7e45b2b179b428a,B2 historical checksum reference records current-run fixity; source bytes remain ignored and local.,25438b5cf2cf8b3d58370c6909cec65800bac7531f6f0240b7e45b2b179b428a,public_reuse_review,au_pbs,https://www.pbs.gov.au/publication/schedule/1951-2002/1968-12-01-consolidated-schedules.pdf?variant=3,au_pbs_archive_1968_12_01_e003d5aa01ee
sha256:25a1faa408e4219c6f8a1dbe48f2c1f137d7d77348bebfd13a162bf2fb196abe,2611736,evidence:sha256:25a1faa408e4219c6f8a1dbe48f2c1f137d7d77348bebfd13a162bf2fb196abe,rights_constrained_reference,2026-08-27T08:02:43.936236+00:00,sha256:25a1faa408e4219c6f8a1dbe48f2c1f137d7d77348bebfd13a162bf2fb196abe,B2 historical checksum reference records current-run fixity; source bytes remain ignored and local.,25a1faa408e4219c6f8a1dbe48f2c1f137d7d77348bebfd13a162bf2fb196abe,public_reuse_review,au_pbs,https://www.pbs.gov.au/publication/schedule/2011/05/2011-05-01-dental-book.pdf?variant=3,au_pbs_archive_2011_05_01_1661034bad26
sha256:25caa534ca221c75e174de8a2aa543cdff0afb822715cf46b29b473908931422,3238051,evidence:sha256:25caa534ca221c75e174de8a2aa543cdff0afb822715cf46b29b473908931422,rights_constrained_reference,2026-08-27T08:02:43.936236+00:00,sha256:25caa534ca221c75e174de8a2aa543cdff0afb822715cf46b29b473908931422,B2 historical checksum reference records current-run fixity; source bytes remain ignored and local.,25caa534ca221c75e174de8a2aa543cdff0afb822715cf46b29b473908931422,public_reuse_review,au_pbs,https://www.pbs.gov.au/publication/schedule/2016/01/2016-01-01-efc-schedule.pdf?variant=3,au_pbs_archive_2016_01_01_38eb612aed3c
sha256:25d17f489b96b9379e87df908a4272dee10f57ad17b927b3576a549ed3a32d44,4582917,evidence:sha256:25d17f489b96b9379e87df908a4272dee10f57ad17b927b3576a549ed3a32d44,rights_constrained_reference,2026-08-27T08:02:43.936236+00:00,sha256:25d17f489b96b9379e87df908a4272dee10f57ad17b927b3576a549ed3a32d44,B2 historical checksum reference records current-run fixity; source bytes remain ignored and local.,25d17f489b96b9379e87df908a4272dee10f57ad17b927b3576a549ed3a32d44,public_reuse_review,au_pbs,https://www.pbs.gov.au/publication/schedule/2006/2006-04-01-general-schedule.pdf?variant=3,au_pbs_archive_2006_04_01_8ff82142ef50
sha256:25df7bce1be0930379f7527f23c095f7a3c3de831d130e0bfb5571739d23ae09,800988,evidence:sha256:25df7bce1be0930379f7527f23c095f7a3c3de831d130e0bfb5571739d23ae09,rights_constrained_reference,2026-08-27T08:02:43.936236+00:00,sha256:25df7bce1be0930379f7527f23c095f7a3c3de831d130e0bfb5571739d23ae09,B2 historical checksum reference records current-run fixity; source bytes remain ignored and local.,25df7bce1be0930379f7527f23c095f7a3c3de831d130e0bfb5571739d23ae09,public_reuse_review,au_pbs,https://www.pbs.gov.au/publication/schedule/2009/2009-05-01-dental-book.pdf?variant=3,au_pbs_archive_2009_05_01_3af92a610165
sha256:25e3a8d7174866b4d913a158cedf986e21b25ddf2475cf302667954aad33e2d2,4187188,evidence:sha256:25e3a8d7174866b4d913a158cedf986e21b25ddf2475cf302667954aad33e2d2,rights_constrained_reference,2026-08-27T08:02:43.936236+00:00,sha256:25e3a8d7174866b4d913a158cedf986e21b25ddf2475cf302667954aad33e2d2,B2 historical checksum reference records current-run fixity; source bytes remain ignored and local.,25e3a8d7174866b4d913a158cedf986e21b25ddf2475cf302667954aad33e2d2,public_reuse_review,au_pbs,https://www.pbs.gov.au/publication/schedule/2009/2009-09-01-general-schedule.pdf?variant=3,au_pbs_archive_2009_09_01_f4665e9f6a14
sha256:25fa7d0ce734c9c0c169f3aea433268018f6d5bedfb7058210817af236dd694d,4700351,evidence:sha256:25fa7d0ce734c9c0c169f3aea433268018f6d5bedfb7058210817af236dd694d,rights_constrained_reference,2026-08-27T08:02:43.936236+00:00,sha256:25fa7d0ce734c9c0c169f3aea433268018f6d5bedfb7058210817af236dd694d,B2 historical checksum reference records current-run fixity; source bytes remain ignored and local.,25fa7d0ce734c9c0c169f3aea433268018f6d5bedfb7058210817af236dd694d,public_reuse_review,au_mbs,https://www.mbsonline.gov.au/internet/mbsonline/publishing.nsf/Content/FDC5220396350762CA25853D000487F9/$File/202005_MBSONLINE_IMAP%2005may20.TXT,au_mbs_historical_0341
sha256:2685f58d967beffad29bdeba7e9b98f52b9a0d49bb390e8bf52f0ac057076a74,2211964,evidence:sha256:2685f58d967beffad29bdeba7e9b98f52b9a0d49bb390e8bf52f0ac057076a74,rights_constrained_reference,2026-08-27T08:02:43.936236+00:00,sha256:2685f58d967beffad29bdeba7e9b98f52b9a0d49bb390e8bf52f0ac057076a74,B2 historical checksum reference records current-run fixity; source bytes remain ignored and local.,2685f58d967beffad29bdeba7e9b98f52b9a0d49bb390e8bf52f0ac057076a74,public_reuse_review,au_mbs,https://www.mbsonline.gov.au/internet/mbsonline/publishing.nsf/Content/293EEBA9AB153C56CA2584EB001547AF/$File/202003-Cat5.pdf,au_mbs_historical_0023
sha256:269712b8e98c6a5d16c8970b9279e920e3329f8f6c75115e1e92e5fe677274b0,979033,evidence:sha256:269712b8e98c6a5d16c8970b9279e920e3329f8f6c75115e1e92e5fe677274b0,rights_constrained_reference,2026-08-27T08:02:43.936236+00:00,sha256:269712b8e98c6a5d16c8970b9279e920e3329f8f6c75115e1e92e5fe677274b0,B2 historical checksum reference records current-run fixity; source bytes remain ignored and local.,269712b8e98c6a5d16c8970b9279e920e3329f8f6c75115e1e92e5fe677274b0,public_reuse_review,au_pbs,https://www.pbs.gov.au/publication/schedule/1951-2002/1983-10-01-RPBS-Schedule.pdf?variant=3,au_pbs_archive_1983_10_01_42b636dc1de0
sha256:26a91a109da03f228dbabe2119afd00a3967bddcb0bf8fd14102682959741a6b,78509,evidence:sha256:26a91a109da03f228dbabe2119afd00a3967bddcb0bf8fd14102682959741a6b,rights_constrained_reference,2026-08-27T08:02:43.936236+00:00,sha256:26a91a109da03f228dbabe2119afd00a3967bddcb0bf8fd14102682959741a6b,B2 historical checksum reference records current-run fixity; source bytes remain ignored and local.,26a91a109da03f228dbabe2119afd00a3967bddcb0bf8fd14102682959741a6b,public_reuse_review,au_mbs,https://www.mbsonline.gov.au/internet/mbsonline/publishing.nsf/Content/E137A6BDE8494881CA2585FF000A72FF/$File/MRI-SERVICES-FOR-PATIENTS-WITH-PIP-IMPLANTS.pdf,au_mbs_historical_0318
sha256:26ded0e092c786d3031c582766cd2734010793072d224bd63b35f3274b8e541f,11865,evidence:sha256:26ded0e092c786d3031c582766cd2734010793072d224bd63b35f3274b8e541f,rights_constrained_reference,2026-08-27T08:02:43.936236+00:00,sha256:26ded0e092c786d3031c582766cd2734010793072d224bd63b35f3274b8e541f,B2 historical checksum reference records current-run fixity; source bytes remain ignored and local.,26ded0e092c786d3031c582766cd2734010793072d224bd63b35f3274b8e541f,public_reuse_review,au_mbs,https://www.mbsonline.gov.au/internet/mbsonline/publishing.nsf/650f3eec0dfb990fca25692100069854/d4bd04ca56657072ca258df70023b066/$FILE/RVG%20file%2020260701.002.TXT/RVG%20file%2020260701.TXT,au_mbs_historical_0009
sha256:26e4bfcb45a1a33917ad4f300b4748001c7cbdd8a6848feacdc6ae65349e2e39,13284628,evidence:sha256:26e4bfcb45a1a33917ad4f300b4748001c7cbdd8a6848feacdc6ae65349e2e39,rights_constrained_reference,2026-08-27T08:02:43.936236+00:00,sha256:26e4bfcb45a1a33917ad4f300b4748001c7cbdd8a6848feacdc6ae65349e2e39,B2 historical checksum reference records current-run fixity; source bytes remain ignored and local.,26e4bfcb45a1a33917ad4f300b4748001c7cbdd8a6848feacdc6ae65349e2e39,public_reuse_review,au_pbs,https://www.pbs.gov.au/publication/schedule/2023/05/2023-05-01-general-schedule-volume-2.pdf?variant=3,au_pbs_archive_2023_05_01_73642267c947
sha256:271f7da91d68b45e70bafea8981defe1b93018868c915015c69048f838a86382,1439736,evidence:sha256:271f7da91d68b45e70bafea8981defe1b93018868c915015c69048f838a86382,rights_constrained_reference,2026-08-27T08:02:43.936236+00:00,sha256:271f7da91d68b45e70bafea8981defe1b93018868c915015c69048f838a86382,B2 historical checksum reference records current-run fixity; source bytes remain ignored and local.,271f7da91d68b45e70bafea8981defe1b93018868c915015c69048f838a86382,public_reuse_review,au_pbs,https://www.pbs.gov.au/publication/schedule/2018/11/2018-11-01-efc-schedule.pdf?variant=3,au_pbs_archive_2018_11_01_4169c0076904
sha256:273d1edc1d6959b6065b0601d0f91a130c98c656277955b0da76dae61181353a,2343333,evidence:sha256:273d1edc1d6959b6065b0601d0f91a130c98c656277955b0da76dae61181353a,rights_constrained_reference,2026-08-27T08:02:43.936236+00:00,sha256:273d1edc1d6959b6065b0601d0f91a130c98c656277955b0da76dae61181353a,B2 historical checksum reference records current-run fixity; source bytes remain ignored and local.,273d1edc1d6959b6065b0601d0f91a130c98c656277955b0da76dae61181353a,public_reuse_review,au_pbs,https://www.pbs.gov.au/publication/schedule/2019/05/2019-05-01-general-soc.pdf?variant=3,au_pbs_archive_2019_05_01_43f120c1cdc0
sha256:27515aecde835513f7f502b19291b5dffc131e9886e68770b03964b15de78a88,885573,evidence:sha256:27515aecde835513f7f502b19291b5dffc131e9886e68770b03964b15de78a88,rights_constrained_reference,2026-08-27T08:02:43.936236+00:00,sha256:27515aecde835513f7f502b19291b5dffc131e9886e68770b03964b15de78a88,B2 historical checksum reference records current-run fixity; source bytes remain ignored and local.,27515aecde835513f7f502b19291b5dffc131e9886e68770b03964b15de78a88,public_reuse_review,au_pbs,https://www.pbs.gov.au/publication/schedule/2021/01/2021-01-01-main-soc.pdf?variant=3,au_pbs_archive_2021_01_01_9c42618dd7e5
sha256:276ea7f636904ad79fc8c5205ba97341349dea9a49cf4a0554722a74c6822911,7176419,evidence:sha256:276ea7f636904ad79fc8c5205ba97341349dea9a49cf4a0554722a74c6822911,rights_constrained_reference,2026-08-27T08:02:43.936236+00:00,sha256:276ea7f636904ad79fc8c5205ba97341349dea9a49cf4a0554722a74c6822911,B2 historical checksum reference records current-run fixity; source bytes remain ignored and local.,276ea7f636904ad79fc8c5205ba97341349dea9a49cf4a0554722a74c6822911,public_reuse_review,au_pbs,https://www.pbs.gov.au/publication/schedule/2013/10/2013-10-01-general-schedule.pdf?variant=3,au_pbs_archive_2013_10_01_bd737ca002fb
sha256:2792fd7487050902957ca90090fb5c8d6daf3f058c7ab2cc65c62432eb733299,17532094,evidence:sha256:2792fd7487050902957ca90090fb5c8d6daf3f058c7ab2cc65c62432eb733299,rights_constrained_reference,2026-08-27T08:02:43.936236+00:00,sha256:2792fd7487050902957ca90090fb5c8d6daf3f058c7ab2cc65c62432eb733299,B2 historical checksum reference records current-run fixity; source bytes remain ignored and local.,2792fd7487050902957ca90090fb5c8d6daf3f058c7ab2cc65c62432eb733299,public_reuse_review,au_pbs,https://www.pbs.gov.au/publication/schedule/1951-2002/1990-12-01-consolidated-schedules.pdf?variant=3,au_pbs_archive_1990_12_01_3a1f7556a9ab
sha256:279be6e49f24d8f1b83833549995d8d91a51a78e3093ac3f86d57a1158cabf49,279257,evidence:sha256:279be6e49f24d8f1b83833549995d8d91a51a78e3093ac3f86d57a1158cabf49,rights_constrained_reference,2026-08-27T08:02:43.936236+00:00,sha256:279be6e49f24d8f1b83833549995d8d91a51a78e3093ac3f86d57a1158cabf49,B2 historical checksum reference records current-run fixity; source bytes remain ignored and local.,279be6e49f24d8f1b83833549995d8d91a51a78e3093ac3f86d57a1158cabf49,public_reuse_review,au_pbs,https://www.pbs.gov.au/publication/schedule/2010/2010-07-01-chemotherapy-booklet.pdf?variant=3,au_pbs_archive_2010_07_01_ae91a3654796
sha256:27af3e56cc5e3ba560a28c616d1f582ac5a1f85259885693e487fbce6c28d9de,74261,evidence:sha256:27af3e56cc5e3ba560a28c616d1f582ac5a1f85259885693e487fbce6c28d9de,rights_constrained_reference,2026-08-27T08:02:43.936236+00:00,sha256:27af3e56cc5e3ba560a28c616d1f582ac5a1f85259885693e487fbce6c28d9de,B2 historical checksum reference records current-run fixity; source bytes remain ignored and local.,27af3e56cc5e3ba560a28c616d1f582ac5a1f85259885693e487fbce6c28d9de,public_reuse_review,au_pbs,https://www.pbs.gov.au/publication/schedule/2010/2010-12-01-dental-book-SOC.pdf?variant=3,au_pbs_archive_2010_12_01_02ff51afca81
sha256:280509f4ecccd3808181caf36ddcdcd38a93399dc4aeec36276b2970d781d387,7067460,evidence:sha256:280509f4ecccd3808181caf36ddcdcd38a93399dc4aeec36276b2970d781d387,rights_constrained_reference,2026-08-27T08:02:43.936236+00:00,sha256:280509f4ecccd3808181caf36ddcdcd38a93399dc4aeec36276b2970d781d387,B2 historical checksum reference records current-run fixity; source bytes remain ignored and local.,280509f4ecccd3808181caf36ddcdcd38a93399dc4aeec36276b2970d781d387,public_reuse_review,au_pbs,https://www.pbs.gov.au/publication/schedule/2008/2008-06-01-general-schedule.pdf?variant=3,au_pbs_archive_2008_06_01_64c687341ab9
sha256:285d496df53a39b9691219c68b08108809075f9158c3cb50e8d08bf841d71842,647159,evidence:sha256:285d496df53a39b9691219c68b08108809075f9158c3cb50e8d08bf841d71842,rights_constrained_reference,2026-08-27T08:02:43.936236+00:00,sha256:285d496df53a39b9691219c68b08108809075f9158c3cb50e8d08bf841d71842,B2 historical checksum reference records current-run fixity; source bytes remain ignored and local.,285d496df53a39b9691219c68b08108809075f9158c3cb50e8d08bf841d71842,public_reuse_review,au_pbs,https://www.pbs.gov.au/publication/schedule/2023/04/2023-04-01-general-soc.pdf?variant=3,au_pbs_archive_2023_04_01_f5da89c9e4fc
sha256:289b383e5143e6375317d0f044a071559b4414efe2d193c50acdf47e1e4453f2,13290533,evidence:sha256:289b383e5143e6375317d0f044a071559b4414efe2d193c50acdf47e1e4453f2,rights_constrained_reference,2026-08-27T08:02:43.936236+00:00,sha256:289b383e5143e6375317d0f044a071559b4414efe2d193c50acdf47e1e4453f2,B2 historical checksum reference records current-run fixity; source bytes remain ignored and local.,289b383e5143e6375317d0f044a071559b4414efe2d193c50acdf47e1e4453f2,public_reuse_review,au_mbs,https://www.mbsonline.gov.au/internet/mbsonline/publishing.nsf/Content/219B691F0B58B4C0CA258A4400037AA5/$File/1%20November%202023%20Complete%20MBS%20Book.pdf,au_mbs_historical_0015
sha256:28c0a49d0f19cf885cadd836f98f63961bb1cb115bf92bd6247db522e99733fd,1936259,evidence:sha256:28c0a49d0f19cf885cadd836f98f63961bb1cb115bf92bd6247db522e99733fd,rights_constrained_reference,2026-08-27T08:02:43.936236+00:00,sha256:28c0a49d0f19cf885cadd836f98f63961bb1cb115bf92bd6247db522e99733fd,B2 historical checksum reference records current-run fixity; source bytes remain ignored and local.,28c0a49d0f19cf885cadd836f98f63961bb1cb115bf92bd6247db522e99733fd,public_reuse_review,au_mbs,https://www.mbsonline.gov.au/internet/mbsonline/publishing.nsf/Content/8F3FA58ED97DCA35CA2584BE00111151/$File/202001-Cat8%2017Jan2020.pdf,au_mbs_historical_0212
sha256:28ecb8f629b829fb9691a34a27f4bab58438830275b87ef032dd351d9ee7a945,2238637,evidence:sha256:28ecb8f629b829fb9691a34a27f4bab58438830275b87ef032dd351d9ee7a945,rights_constrained_reference,2026-08-27T08:02:43.936236+00:00,sha256:28ecb8f629b829fb9691a34a27f4bab58438830275b87ef032dd351d9ee7a945,B2 historical checksum reference records current-run fixity; source bytes remain ignored and local.,28ecb8f629b829fb9691a34a27f4bab58438830275b87ef032dd351d9ee7a945,public_reuse_review,au_pbs,https://www.pbs.gov.au/publication/schedule/2011/09/2011-09-01-chemotherapy-booklet.pdf?variant=3,au_pbs_archive_2011_09_01_b2825a373788
sha256:292103dc0521763d8ad88279eda5ebd9efa986fac7745f07ac69f05fa58e7322,24383876,evidence:sha256:292103dc0521763d8ad88279eda5ebd9efa986fac7745f07ac69f05fa58e7322,rights_constrained_reference,2026-08-27T08:02:43.936236+00:00,sha256:292103dc0521763d8ad88279eda5ebd9efa986fac7745f07ac69f05fa58e7322,B2 historical checksum reference records current-run fixity; source bytes remain ignored and local.,292103dc0521763d8ad88279eda5ebd9efa986fac7745f07ac69f05fa58e7322,public_reuse_review,au_pbs,https://www.pbs.gov.au/publication/schedule/2021/08/2021-08-01-general-schedule-volume-1.pdf?variant=3,au_pbs_archive_2021_08_01_0aa9fca224d2
sha256:293a97ae6bc24201391eef9fcaf18aa4be32d0dfa191756cf49286c4f30e9e16,1294461,evidence:sha256:293a97ae6bc24201391eef9fcaf18aa4be32d0dfa191756cf49286c4f30e9e16,rights_constrained_reference,2026-08-27T08:02:43.936236+00:00,sha256:293a97ae6bc24201391eef9fcaf18aa4be32d0dfa191756cf49286c4f30e9e16,B2 historical checksum reference records current-run fixity; source bytes remain ignored and local.,293a97ae6bc24201391eef9fcaf18aa4be32d0dfa191756cf49286c4f30e9e16,public_reuse_review,au_pbs,https://www.pbs.gov.au/publication/schedule/2017/05/2017-05-01-efc-schedule.pdf?variant=3,au_pbs_archive_2017_05_01_09411e526cbb
sha256:2977f8ffd1c984673ec013752f402b03d7f471133b2590ccf51db1cb5b1ee6cb,25561493,evidence:sha256:2977f8ffd1c984673ec013752f402b03d7f471133b2590ccf51db1cb5b1ee6cb,rights_constrained_reference,2026-08-27T08:02:43.936236+00:00,sha256:2977f8ffd1c984673ec013752f402b03d7f471133b2590ccf51db1cb5b1ee6cb,B2 historical checksum reference records current-run fixity; source bytes remain ignored and local.,2977f8ffd1c984673ec013752f402b03d7f471133b2590ccf51db1cb5b1ee6cb,public_reuse_review,au_pbs,https://www.pbs.gov.au/publication/schedule/1951-2002/2002-11-01-PBS-Schedule.pdf?variant=3,au_pbs_archive_2002_11_01_4e6c78401d64
sha256:29bd3420a777ef1eb2fa73e8abfa1df6085a3ac48f4dc5ac4cc000f692eb661d,478159,evidence:sha256:29bd3420a777ef1eb2fa73e8abfa1df6085a3ac48f4dc5ac4cc000f692eb661d,rights_constrained_reference,2026-08-27T08:02:43.936236+00:00,sha256:29bd3420a777ef1eb2fa73e8abfa1df6085a3ac48f4dc5ac4cc000f692eb661d,B2 historical checksum reference records current-run fixity; source bytes remain ignored and local.,29bd3420a777ef1eb2fa73e8abfa1df6085a3ac48f4dc5ac4cc000f692eb661d,public_reuse_review,au_pbs,https://www.pbs.gov.au/publication/schedule/2012/10/2012-10-01-general-schedule-SOC.pdf?variant=3,au_pbs_archive_2012_10_01_a512785c2a9d
sha256:29e08219f1c3d31307471332762ec30eb6b6c48cb6eaf00bddd65474ff45dfc4,364950,evidence:sha256:29e08219f1c3d31307471332762ec30eb6b6c48cb6eaf00bddd65474ff45dfc4,rights_constrained_reference,2026-08-27T08:02:43.936236+00:00,sha256:29e08219f1c3d31307471332762ec30eb6b6c48cb6eaf00bddd65474ff45dfc4,B2 historical checksum reference records current-run fixity; source bytes remain ignored and local.,29e08219f1c3d31307471332762ec30eb6b6c48cb6eaf00bddd65474ff45dfc4,public_reuse_review,au_pbs,https://www.pbs.gov.au/publication/schedule/2010/2010-03-01-dental-book.pdf?variant=3,au_pbs_archive_2010_03_01_4505d89332b2
sha256:2a6706ab0eda6c03a6fbcf2baf3b0f8e2f0f4a793d3a508dd4bb97b3c5ac903a,660365,evidence:sha256:2a6706ab0eda6c03a6fbcf2baf3b0f8e2f0f4a793d3a508dd4bb97b3c5ac903a,rights_constrained_reference,2026-08-27T08:02:43.936236+00:00,sha256:2a6706ab0eda6c03a6fbcf2baf3b0f8e2f0f4a793d3a508dd4bb97b3c5ac903a,B2 historical checksum reference records current-run fixity; source bytes remain ignored and local.,2a6706ab0eda6c03a6fbcf2baf3b0f8e2f0f4a793d3a508dd4bb97b3c5ac903a,public_reuse_review,au_pbs,https://www.pbs.gov.au/publication/schedule/2013/06/2013-06-01-general-schedule-soc.pdf?variant=3,au_pbs_archive_2013_06_01_3e509d79b5dd
sha256:2a8ca78a6f7394becddc19bdacd22fb7a000814c5953b1deaf409e449a4b6aee,486831,evidence:sha256:2a8ca78a6f7394becddc19bdacd22fb7a000814c5953b1deaf409e449a4b6aee,rights_constrained_reference,2026-08-27T08:02:43.936236+00:00,sha256:2a8ca78a6f7394becddc19bdacd22fb7a000814c5953b1deaf409e449a4b6aee,B2 historical checksum reference records current-run fixity; source bytes remain ignored and local.,2a8ca78a6f7394becddc19bdacd22fb7a000814c5953b1deaf409e449a4b6aee,public_reuse_review,au_pbs,https://www.pbs.gov.au/publication/schedule/2021/04/2021-04-01-general-soc.pdf?variant=3,au_pbs_archive_2021_04_01_d9b5f4f6f396
sha256:2a959cbca283dcbb38ac27784979e664df1c74e5f11e7ebfa006663ad7c47b8f,2762272,evidence:sha256:2a959cbca283dcbb38ac27784979e664df1c74e5f11e7ebfa006663ad7c47b8f,rights_constrained_reference,2026-08-27T08:02:43.936236+00:00,sha256:2a959cbca283dcbb38ac27784979e664df1c74e5f11e7ebfa006663ad7c47b8f,B2 historical checksum reference records current-run fixity; source bytes remain ignored and local.,2a959cbca283dcbb38ac27784979e664df1c74e5f11e7ebfa006663ad7c47b8f,public_reuse_review,au_pbs,https://www.pbs.gov.au/publication/schedule/2020/10/2020-10-01-efc-schedule.pdf?variant=3,au_pbs_archive_2020_10_01_046ff993d621
sha256:2ab0be791c44fe59cb7fc7ebc0b1782a284fb3cef2404786160c0b9485f477cc,151368,evidence:sha256:2ab0be791c44fe59cb7fc7ebc0b1782a284fb3cef2404786160c0b9485f477cc,rights_constrained_reference,2026-08-27T08:02:43.936236+00:00,sha256:2ab0be791c44fe59cb7fc7ebc0b1782a284fb3cef2404786160c0b9485f477cc,B2 historical checksum reference records current-run fixity; source bytes remain ignored and local.,2ab0be791c44fe59cb7fc7ebc0b1782a284fb3cef2404786160c0b9485f477cc,public_reuse_review,au_mbs,https://www.mbsonline.gov.au/internet/mbsonline/publishing.nsf/Content/8F3FA58ED97DCA35CA2584BE00111151/$File/202001-Cat8%2017Jan2020.zip,au_mbs_historical_0213
sha256:2b448ec98c33fb4e0a91b55b65726fd735bc56c168b78f322060833ea178c28f,142960,evidence:sha256:2b448ec98c33fb4e0a91b55b65726fd735bc56c168b78f322060833ea178c28f,rights_constrained_reference,2026-08-27T08:02:43.936236+00:00,sha256:2b448ec98c33fb4e0a91b55b65726fd735bc56c168b78f322060833ea178c28f,B2 historical checksum reference records current-run fixity; source bytes remain ignored and local.,2b448ec98c33fb4e0a91b55b65726fd735bc56c168b78f322060833ea178c28f,public_reuse_review,au_pbs,https://www.pbs.gov.au/publication/schedule/2011/12/2011-12-01-dental-book-SOC.pdf?variant=3,au_pbs_archive_2011_12_01_c6e95e599aa0
sha256:2b4ee22f2b22a85d1176b07189da5b1d48ae72976e5bfa453007aaa8108eadfe,2855130,evidence:sha256:2b4ee22f2b22a85d1176b07189da5b1d48ae72976e5bfa453007aaa8108eadfe,rights_constrained_reference,2026-08-27T08:02:43.936236+00:00,sha256:2b4ee22f2b22a85d1176b07189da5b1d48ae72976e5bfa453007aaa8108eadfe,B2 historical checksum reference records current-run fixity; source bytes remain ignored and local.,2b4ee22f2b22a85d1176b07189da5b1d48ae72976e5bfa453007aaa8108eadfe,public_reuse_review,au_pbs,https://www.pbs.gov.au/publication/schedule/2003/2003-11-01-general-schedule.pdf?variant=3,au_pbs_archive_2003_11_01_e8bb3f3c725a
sha256:2b57cbc9b34754d13e0a88e30b6807493620a7cf5b09c28de741bd47ccf12458,555785,evidence:sha256:2b57cbc9b34754d13e0a88e30b6807493620a7cf5b09c28de741bd47ccf12458,rights_constrained_reference,2026-08-27T08:02:43.936236+00:00,sha256:2b57cbc9b34754d13e0a88e30b6807493620a7cf5b09c28de741bd47ccf12458,B2 historical checksum reference records current-run fixity; source bytes remain ignored and local.,2b57cbc9b34754d13e0a88e30b6807493620a7cf5b09c28de741bd47ccf12458,public_reuse_review,au_mbs,https://www.mbsonline.gov.au/internet/mbsonline/publishing.nsf/Content/515793D58E889BD0CA257CD100033990/$File/1992-02-MBS.pdf,au_mbs_historical_0091
sha256:2ba3a9d5eb5839a462d2df64709adda3ea85174f39f5967fa44b9aee8ce5e2b2,1730931,evidence:sha256:2ba3a9d5eb5839a462d2df64709adda3ea85174f39f5967fa44b9aee8ce5e2b2,rights_constrained_reference,2026-08-27T08:02:43.936236+00:00,sha256:2ba3a9d5eb5839a462d2df64709adda3ea85174f39f5967fa44b9aee8ce5e2b2,B2 historical checksum reference records current-run fixity; source bytes remain ignored and local.,2ba3a9d5eb5839a462d2df64709adda3ea85174f39f5967fa44b9aee8ce5e2b2,public_reuse_review,au_mbs,https://www.mbsonline.gov.au/internet/mbsonline/publishing.nsf/Content/5DCECCA2E8B2062CCA2586F100070995/$File/202007-Cat6.pdf,au_mbs_historical_0181
sha256:2bd3a3e75e30d3e8c6b6623824cc8018f65b0e7fc0e24ced15d02beba9b43bf1,209344,evidence:sha256:2bd3a3e75e30d3e8c6b6623824cc8018f65b0e7fc0e24ced15d02beba9b43bf1,rights_constrained_reference,2026-07-27T00:00:00+10:00,sha256:2bd3a3e75e30d3e8c6b6623824cc8018f65b0e7fc0e24ced15d02beba9b43bf1,B2 reviewed-snapshot reference preserves fixity and rights state without redistributing source bytes.,2bd3a3e75e30d3e8c6b6623824cc8018f65b0e7fc0e24ced15d02beba9b43bf1,public_reuse_review,uk_genomic_test_directory,https://www.england.nhs.uk/wp-content/uploads/2018/08/rare-and-inherited-disease-national-genomics-test-directory-v9.xlsx,uk_genomic_test_directory_rare_v9
sha256:2bda48d09905602bade20d1b02a5a4ee484892998ee38b7e95bae3397626bcad,3912921,evidence:sha256:2bda48d09905602bade20d1b02a5a4ee484892998ee38b7e95bae3397626bcad,rights_constrained_reference,2026-08-27T08:02:43.936236+00:00,sha256:2bda48d09905602bade20d1b02a5a4ee484892998ee38b7e95bae3397626bcad,B2 historical checksum reference records current-run fixity; source bytes remain ignored and local.,2bda48d09905602bade20d1b02a5a4ee484892998ee38b7e95bae3397626bcad,public_reuse_review,au_pbs,https://www.pbs.gov.au/publication/schedule/2018/08/2018-08-01-efc-schedule.pdf?variant=3,au_pbs_archive_2018_08_01_8a1c748d2004
sha256:2c3b855620bd9cdf4060c98b7cfdd9fba2a846b8813981e5c0ae893976b3e513,1442285,evidence:sha256:2c3b855620bd9cdf4060c98b7cfdd9fba2a846b8813981e5c0ae893976b3e513,rights_constrained_reference,2026-08-27T08:02:43.936236+00:00,sha256:2c3b855620bd9cdf4060c98b7cfdd9fba2a846b8813981e5c0ae893976b3e513,B2 historical checksum reference records current-run fixity; source bytes remain ignored and local.,2c3b855620bd9cdf4060c98b7cfdd9fba2a846b8813981e5c0ae893976b3e513,public_reuse_review,au_pbs,https://www.pbs.gov.au/publication/schedule/2014/01/2014-01-01-general-schedule-soc.pdf?variant=3,au_pbs_archive_2014_01_01_7a32ef0bc37b
sha256:2c7903433a547289978f737f06f8a29cb8f122b77319b183cf16065f0477b05d,32231413,evidence:sha256:2c7903433a547289978f737f06f8a29cb8f122b77319b183cf16065f0477b05d,rights_constrained_reference,2026-08-27T08:02:43.936236+00:00,sha256:2c7903433a547289978f737f06f8a29cb8f122b77319b183cf16065f0477b05d,B2 historical checksum reference records current-run fixity; source bytes remain ignored and local.,2c7903433a547289978f737f06f8a29cb8f122b77319b183cf16065f0477b05d,public_reuse_review,au_pbs,https://www.pbs.gov.au/publication/schedule/2024/11/2024-11-01-general-schedule-volume-1.pdf?variant=3,au_pbs_archive_2024_11_01_8d48aedfb4ec
sha256:2c973a08876674cff58455fcebcf6ccb143b47fceb6c986091fc0ec7b3f91239,5298348,evidence:sha256:2c973a08876674cff58455fcebcf6ccb143b47fceb6c986091fc0ec7b3f91239,rights_constrained_reference,2026-08-27T08:02:43.936236+00:00,sha256:2c973a08876674cff58455fcebcf6ccb143b47fceb6c986091fc0ec7b3f91239,B2 historical checksum reference records current-run fixity; source bytes remain ignored and local.,2c973a08876674cff58455fcebcf6ccb143b47fceb6c986091fc0ec7b3f91239,public_reuse_review,au_mbs,https://www.mbsonline.gov.au/internet/mbsonline/publishing.nsf/Content/94D54B959677561ECA2585FF000015E3/$File/201301-MBS.pdf,au_mbs_historical_0229
sha256:2cc016cc6f4134f57d6bf58967c36618f2a31a7bdd5c6b0abde5cd4aafbad406,2794470,evidence:sha256:2cc016cc6f4134f57d6bf58967c36618f2a31a7bdd5c6b0abde5cd4aafbad406,rights_constrained_reference,2026-08-27T08:02:43.936236+00:00,sha256:2cc016cc6f4134f57d6bf58967c36618f2a31a7bdd5c6b0abde5cd4aafbad406,B2 historical checksum reference records current-run fixity; source bytes remain ignored and local.,2cc016cc6f4134f57d6bf58967c36618f2a31a7bdd5c6b0abde5cd4aafbad406,public_reuse_review,au_pbs,https://www.pbs.gov.au/publication/schedule/2025/12/2025-12-01-efc-schedule.pdf?variant=3,au_pbs_archive_2025_12_01_b5ea7afa77c7
sha256:2d20d935b6fb3128514620506465744d84ab34f0bbb4f62df14bbe3d274f3ed3,125214,evidence:sha256:2d20d935b6fb3128514620506465744d84ab34f0bbb4f62df14bbe3d274f3ed3,rights_constrained_reference,2026-08-27T08:02:43.936236+00:00,sha256:2d20d935b6fb3128514620506465744d84ab34f0bbb4f62df14bbe3d274f3ed3,B2 historical checksum reference records current-run fixity; source bytes remain ignored and local.,2d20d935b6fb3128514620506465744d84ab34f0bbb4f62df14bbe3d274f3ed3,public_reuse_review,au_pbs,https://www.pbs.gov.au/publication/schedule/2012/08/2012-08-01-general-schedule-SOC-addendum.pdf?variant=3,au_pbs_archive_2012_08_01_f5abe7b44f3f
sha256:2d397f644fe51eb8aeea0ae687cec6646f1c6e19798af1357ba05f33d3a5cd95,20571978,evidence:sha256:2d397f644fe51eb8aeea0ae687cec6646f1c6e19798af1357ba05f33d3a5cd95,rights_constrained_reference,2026-08-27T08:02:43.936236+00:00,sha256:2d397f644fe51eb8aeea0ae687cec6646f1c6e19798af1357ba05f33d3a5cd95,B2 historical checksum reference records current-run fixity; source bytes remain ignored and local.,2d397f644fe51eb8aeea0ae687cec6646f1c6e19798af1357ba05f33d3a5cd95,public_reuse_review,au_pbs,https://www.pbs.gov.au/publication/schedule/2019/07/2019-07-01-general-volume-1.pdf?variant=3,au_pbs_archive_2019_07_01_6a8586353eb9
sha256:2d3e52553da6913e22f01f790726eb55d354e0f622d12b969288057a44ee8a9a,5331711,evidence:sha256:2d3e52553da6913e22f01f790726eb55d354e0f622d12b969288057a44ee8a9a,rights_constrained_reference,2026-08-27T08:02:43.936236+00:00,sha256:2d3e52553da6913e22f01f790726eb55d354e0f622d12b969288057a44ee8a9a,B2 historical checksum reference records current-run fixity; source bytes remain ignored and local.,2d3e52553da6913e22f01f790726eb55d354e0f622d12b969288057a44ee8a9a,public_reuse_review,au_pbs,https://www.pbs.gov.au/publication/schedule/2011/10/2011-10-01-chemotherapy-booklet.pdf?variant=3,au_pbs_archive_2011_10_01_da33099bfb18
sha256:2d527b19d53b42593b07ffa47580f18552ebb06854fe6c59917a056a054dda95,157798,evidence:sha256:2d527b19d53b42593b07ffa47580f18552ebb06854fe6c59917a056a054dda95,rights_constrained_reference,2026-08-27T08:02:43.936236+00:00,sha256:2d527b19d53b42593b07ffa47580f18552ebb06854fe6c59917a056a054dda95,B2 historical checksum reference records current-run fixity; source bytes remain ignored and local.,2d527b19d53b42593b07ffa47580f18552ebb06854fe6c59917a056a054dda95,public_reuse_review,au_mbs,https://www.mbsonline.gov.au/internet/mbsonline/publishing.nsf/Content/E137A6BDE8494881CA2585FF000A72FF/$File/201203-Optom.pdf,au_mbs_historical_0302
sha256:2d52aa5221b8c45f4fe0230c9bb489abab013b48dc64e9415a77eddecb7ee511,9061964,evidence:sha256:2d52aa5221b8c45f4fe0230c9bb489abab013b48dc64e9415a77eddecb7ee511,rights_constrained_reference,2026-08-27T08:02:43.936236+00:00,sha256:2d52aa5221b8c45f4fe0230c9bb489abab013b48dc64e9415a77eddecb7ee511,B2 historical checksum reference records current-run fixity; source bytes remain ignored and local.,2d52aa5221b8c45f4fe0230c9bb489abab013b48dc64e9415a77eddecb7ee511,public_reuse_review,au_pbs,https://www.pbs.gov.au/publication/schedule/2010/2010-12-01-general-schedule.pdf?variant=3,au_pbs_archive_2010_12_01_373eeb3fb58e
sha256:2e0578156239835b49fa8de86877354752cee89e6d65bd64307330b456f37513,979908,evidence:sha256:2e0578156239835b49fa8de86877354752cee89e6d65bd64307330b456f37513,rights_constrained_reference,2026-08-27T08:02:43.936236+00:00,sha256:2e0578156239835b49fa8de86877354752cee89e6d65bd64307330b456f37513,B2 historical checksum reference records current-run fixity; source bytes remain ignored and local.,2e0578156239835b49fa8de86877354752cee89e6d65bd64307330b456f37513,public_reuse_review,au_pbs,https://www.pbs.gov.au/publication/schedule/2016/04/2016-04-01-general-schedule-soc.pdf?variant=3,au_pbs_archive_2016_04_01_825da772fee3
sha256:2e46184ec2fea34b2c2d17bf29281af55ef4cc586e42f9a6153e44412a897e4c,3995380,evidence:sha256:2e46184ec2fea34b2c2d17bf29281af55ef4cc586e42f9a6153e44412a897e4c,rights_constrained_reference,2026-08-27T08:02:43.936236+00:00,sha256:2e46184ec2fea34b2c2d17bf29281af55ef4cc586e42f9a6153e44412a897e4c,B2 historical checksum reference records current-run fixity; source bytes remain ignored and local.,2e46184ec2fea34b2c2d17bf29281af55ef4cc586e42f9a6153e44412a897e4c,public_reuse_review,au_mbs,https://www.mbsonline.gov.au/internet/mbsonline/publishing.nsf/Content/515793D58E889BD0CA257CD100033990/$File/201001-MBS.pdf,au_mbs_historical_0167
sha256:2e7f2f81f8aac99ededc26b9ad71a93749b5b1570b0aa8300618986046819d87,472725,evidence:sha256:2e7f2f81f8aac99ededc26b9ad71a93749b5b1570b0aa8300618986046819d87,rights_constrained_reference,2026-08-27T08:02:43.936236+00:00,sha256:2e7f2f81f8aac99ededc26b9ad71a93749b5b1570b0aa8300618986046819d87,B2 historical checksum reference records current-run fixity; source bytes remain ignored and local.,2e7f2f81f8aac99ededc26b9ad71a93749b5b1570b0aa8300618986046819d87,public_reuse_review,au_pbs,https://www.pbs.gov.au/publication/schedule/2007/2007-07-01-general-schedule-soc.pdf?variant=3,au_pbs_archive_2007_07_01_d8ac7c8eaf4d
sha256:2eac8e15b624b1e0585de401e692e0824bc18d2fcdb96056eb5dbb6c9c76042d,378736,evidence:sha256:2eac8e15b624b1e0585de401e692e0824bc18d2fcdb96056eb5dbb6c9c76042d,rights_constrained_reference,2026-08-27T08:02:43.936236+00:00,sha256:2eac8e15b624b1e0585de401e692e0824bc18d2fcdb96056eb5dbb6c9c76042d,B2 historical checksum reference records current-run fixity; source bytes remain ignored and local.,2eac8e15b624b1e0585de401e692e0824bc18d2fcdb96056eb5dbb6c9c76042d,public_reuse_review,au_pbs,https://www.pbs.gov.au/publication/schedule/2013/07/2013-07-01-efc-schedule-soc.pdf?variant=3,au_pbs_archive_2013_07_01_f492b3aca391
sha256:2f3f2b551de2a72dec2555ef615c1fb9addf878110d74fff9fe60e904d3f0198,504373,evidence:sha256:2f3f2b551de2a72dec2555ef615c1fb9addf878110d74fff9fe60e904d3f0198,rights_constrained_reference,2026-08-27T08:02:43.936236+00:00,sha256:2f3f2b551de2a72dec2555ef615c1fb9addf878110d74fff9fe60e904d3f0198,B2 historical checksum reference records current-run fixity; source bytes remain ignored and local.,2f3f2b551de2a72dec2555ef615c1fb9addf878110d74fff9fe60e904d3f0198,public_reuse_review,au_pbs,https://www.pbs.gov.au/publication/schedule/2008/2008-12-01-dental-book.pdf?variant=3,au_pbs_archive_2008_12_01_d9152e3298a3
sha256:2f4dfc3e74888540bdee3207730dae56ccebef8747d9ec72f4b603719cf02fd1,25268903,evidence:sha256:2f4dfc3e74888540bdee3207730dae56ccebef8747d9ec72f4b603719cf02fd1,rights_constrained_reference,2026-08-27T08:02:43.936236+00:00,sha256:2f4dfc3e74888540bdee3207730dae56ccebef8747d9ec72f4b603719cf02fd1,B2 historical checksum reference records current-run fixity; source bytes remain ignored and local.,2f4dfc3e74888540bdee3207730dae56ccebef8747d9ec72f4b603719cf02fd1,public_reuse_review,au_pbs,https://www.pbs.gov.au/publication/schedule/2021/10/2021-10-01-general-schedule-volume-1.pdf?variant=3,au_pbs_archive_2021_10_01_71acb0ce05d4
sha256:2f8a8a1c2e1b7bd7f32de79f65509bd4273a043354d0f3342f9571247bfe337b,10413400,evidence:sha256:2f8a8a1c2e1b7bd7f32de79f65509bd4273a043354d0f3342f9571247bfe337b,rights_constrained_reference,2026-08-27T08:02:43.936236+00:00,sha256:2f8a8a1c2e1b7bd7f32de79f65509bd4273a043354d0f3342f9571247bfe337b,B2 historical checksum reference records current-run fixity; source bytes remain ignored and local.,2f8a8a1c2e1b7bd7f32de79f65509bd4273a043354d0f3342f9571247bfe337b,public_reuse_review,au_pbs,https://www.pbs.gov.au/publication/schedule/2019/06/2019-06-01-section100-volume-2.pdf?variant=3,au_pbs_archive_2019_06_01_6bffd0e6e5ce
sha256:2fd101dd4e25ee4527f3454a93f32a2c051ccb815334ab3809c4fe7ea2cc8964,30629142,evidence:sha256:2fd101dd4e25ee4527f3454a93f32a2c051ccb815334ab3809c4fe7ea2cc8964,rights_constrained_reference,2026-08-27T08:02:43.936236+00:00,sha256:2fd101dd4e25ee4527f3454a93f32a2c051ccb815334ab3809c4fe7ea2cc8964,B2 historical checksum reference records current-run fixity; source bytes remain ignored and local.,2fd101dd4e25ee4527f3454a93f32a2c051ccb815334ab3809c4fe7ea2cc8964,public_reuse_review,au_pbs,https://www.pbs.gov.au/publication/schedule/2024/05/2024-05-01-general-schedule-volume-1.pdf?variant=3,au_pbs_archive_2024_05_01_863f79f41938
sha256:304cb1f5a2e0008a2814da703dd1bab2233900d77ada3fe2e844adadef0c7d96,1112209,evidence:sha256:304cb1f5a2e0008a2814da703dd1bab2233900d77ada3fe2e844adadef0c7d96,rights_constrained_reference,2026-08-27T08:02:43.936236+00:00,sha256:304cb1f5a2e0008a2814da703dd1bab2233900d77ada3fe2e844adadef0c7d96,B2 historical checksum reference records current-run fixity; source bytes remain ignored and local.,304cb1f5a2e0008a2814da703dd1bab2233900d77ada3fe2e844adadef0c7d96,public_reuse_review,au_mbs,https://www.mbsonline.gov.au/internet/mbsonline/publishing.nsf/Content/515793D58E889BD0CA257CD100033990/$File/2000-11-CLaCP.pdf,au_mbs_historical_0119
sha256:304f6a2c28adfe1316e84df9ae0591e9dbc27fa4a3f57f74b2ab6bc56b674465,18055629,evidence:sha256:304f6a2c28adfe1316e84df9ae0591e9dbc27fa4a3f57f74b2ab6bc56b674465,rights_constrained_reference,2026-08-27T08:02:43.936236+00:00,sha256:304f6a2c28adfe1316e84df9ae0591e9dbc27fa4a3f57f74b2ab6bc56b674465,B2 historical checksum reference records current-run fixity; source bytes remain ignored and local.,304f6a2c28adfe1316e84df9ae0591e9dbc27fa4a3f57f74b2ab6bc56b674465,public_reuse_review,au_pbs,https://www.pbs.gov.au/publication/schedule/2016/06/2016-06-01-general-schedule.pdf?variant=3,au_pbs_archive_2016_06_01_f2df24afb897
sha256:305fb56e0982f604ef87a8bba8d81489ef39765213da2da7f881d7420cea0ae8,5256873,evidence:sha256:305fb56e0982f604ef87a8bba8d81489ef39765213da2da7f881d7420cea0ae8,rights_constrained_reference,2026-08-27T08:02:43.936236+00:00,sha256:305fb56e0982f604ef87a8bba8d81489ef39765213da2da7f881d7420cea0ae8,B2 historical checksum reference records current-run fixity; source bytes remain ignored and local.,305fb56e0982f604ef87a8bba8d81489ef39765213da2da7f881d7420cea0ae8,public_reuse_review,au_mbs,https://www.mbsonline.gov.au/internet/mbsonline/publishing.nsf/Content/94D54B959677561ECA2585FF000015E3/$File/201310-MBS.pdf,au_mbs_historical_0241
sha256:306bad3787f6b1ebc2f29cb6809e3d13b44d41dc599bc58ad4e101fee03f033d,1360977,evidence:sha256:306bad3787f6b1ebc2f29cb6809e3d13b44d41dc599bc58ad4e101fee03f033d,rights_constrained_reference,2026-08-27T08:02:43.936236+00:00,sha256:306bad3787f6b1ebc2f29cb6809e3d13b44d41dc599bc58ad4e101fee03f033d,B2 historical checksum reference records current-run fixity; source bytes remain ignored and local.,306bad3787f6b1ebc2f29cb6809e3d13b44d41dc599bc58ad4e101fee03f033d,public_reuse_review,au_pbs,https://www.pbs.gov.au/publication/schedule/2015/11/2015-11-01-general-schedule-soc.pdf?variant=3,au_pbs_archive_2015_11_01_9ef9d38a7a3b
sha256:30b6e72cc707e6082bf36ba2801c7c3490d8057c6f9806b875f6e7ebc2eb600d,374467,evidence:sha256:30b6e72cc707e6082bf36ba2801c7c3490d8057c6f9806b875f6e7ebc2eb600d,rights_constrained_reference,2026-08-27T08:02:43.936236+00:00,sha256:30b6e72cc707e6082bf36ba2801c7c3490d8057c6f9806b875f6e7ebc2eb600d,B2 historical checksum reference records current-run fixity; source bytes remain ignored and local.,30b6e72cc707e6082bf36ba2801c7c3490d8057c6f9806b875f6e7ebc2eb600d,public_reuse_review,au_pbs,https://www.pbs.gov.au/publication/schedule/2013/05/2013-05-01-efc-soc.pdf?variant=3,au_pbs_archive_2013_05_01_4ebc5d953648
sha256:313bbcec30028cf84e0554e4a1af940ae24ccba52ef286f8a0749f8f75d39576,2868831,evidence:sha256:313bbcec30028cf84e0554e4a1af940ae24ccba52ef286f8a0749f8f75d39576,rights_constrained_reference,2026-07-27T00:00:00+10:00,sha256:313bbcec30028cf84e0554e4a1af940ae24ccba52ef286f8a0749f8f75d39576,B2 reviewed-snapshot reference preserves fixity and rights state without redistributing source bytes.,313bbcec30028cf84e0554e4a1af940ae24ccba52ef286f8a0749f8f75d39576,permissive,nz_pharmac,https://schedule.pharmac.govt.nz/pub/schedule/archive/Schedule_2026-07.xml,nz_pharmac_schedule_2026_07
sha256:3161a04c6f222fdb87dfb5d0f3cc2c619572f3b03bc34403c306d4e6499ce104,46058,evidence:sha256:3161a04c6f222fdb87dfb5d0f3cc2c619572f3b03bc34403c306d4e6499ce104,rights_constrained_reference,2026-08-27T08:02:43.936236+00:00,sha256:3161a04c6f222fdb87dfb5d0f3cc2c619572f3b03bc34403c306d4e6499ce104,B2 historical checksum reference records current-run fixity; source bytes remain ignored and local.,3161a04c6f222fdb87dfb5d0f3cc2c619572f3b03bc34403c306d4e6499ce104,public_reuse_review,au_pbs,https://www.pbs.gov.au/publication/schedule/2008/2008-06-01-general-schedule-soc.pdf?variant=3,au_pbs_archive_2008_06_01_3723e42826c6
sha256:31b028e2c63b4b4af57141695a7e43982c9458b0c98dd44a6733c82b7b43e1bc,3752946,evidence:sha256:31b028e2c63b4b4af57141695a7e43982c9458b0c98dd44a6733c82b7b43e1bc,rights_constrained_reference,2026-08-27T08:02:43.936236+00:00,sha256:31b028e2c63b4b4af57141695a7e43982c9458b0c98dd44a6733c82b7b43e1bc,B2 historical checksum reference records current-run fixity; source bytes remain ignored and local.,31b028e2c63b4b4af57141695a7e43982c9458b0c98dd44a6733c82b7b43e1bc,public_reuse_review,au_pbs,https://www.pbs.gov.au/publication/schedule/2013/02/2013-02-01-efc-schedule.pdf?variant=3,au_pbs_archive_2013_02_01_2b6dfb2cf260
sha256:31c7331fa6bffc5c72fcd80e5239c3a809c001c86cf361afaf32aa10634a365d,195169,evidence:sha256:31c7331fa6bffc5c72fcd80e5239c3a809c001c86cf361afaf32aa10634a365d,rights_constrained_reference,2026-08-27T08:02:43.936236+00:00,sha256:31c7331fa6bffc5c72fcd80e5239c3a809c001c86cf361afaf32aa10634a365d,B2 historical checksum reference records current-run fixity; source bytes remain ignored and local.,31c7331fa6bffc5c72fcd80e5239c3a809c001c86cf361afaf32aa10634a365d,public_reuse_review,au_mbs,https://www.mbsonline.gov.au/internet/mbsonline/publishing.nsf/Content/515793D58E889BD0CA257CD100033990/$File/200903-Summary.pdf,au_mbs_historical_0159
sha256:32202f49049e70c386c36d1e13065c53fd27639911c58040bbf8ed341f94f9a7,4754673,evidence:sha256:32202f49049e70c386c36d1e13065c53fd27639911c58040bbf8ed341f94f9a7,rights_constrained_reference,2026-08-27T08:02:43.936236+00:00,sha256:32202f49049e70c386c36d1e13065c53fd27639911c58040bbf8ed341f94f9a7,B2 historical checksum reference records current-run fixity; source bytes remain ignored and local.,32202f49049e70c386c36d1e13065c53fd27639911c58040bbf8ed341f94f9a7,public_reuse_review,au_pbs,https://www.pbs.gov.au/publication/schedule/2022/07/2022-07-01-efc-schedule.pdf?variant=3,au_pbs_archive_2022_07_01_7a1ff2fd667a
sha256:323b9e6d0727c6081d51097702f6f23a1cfa09e6aefc9ada9017a0e7873bec2b,2827727,evidence:sha256:323b9e6d0727c6081d51097702f6f23a1cfa09e6aefc9ada9017a0e7873bec2b,rights_constrained_reference,2026-08-27T08:02:43.936236+00:00,sha256:323b9e6d0727c6081d51097702f6f23a1cfa09e6aefc9ada9017a0e7873bec2b,B2 historical checksum reference records current-run fixity; source bytes remain ignored and local.,323b9e6d0727c6081d51097702f6f23a1cfa09e6aefc9ada9017a0e7873bec2b,public_reuse_review,au_pbs,https://www.pbs.gov.au/publication/schedule/2013/01/2013-01-01-efc-schedule.pdf?variant=3,au_pbs_archive_2013_01_01_7714195ff1dc
sha256:3287eaa158597dca500fb5cc13dbad2e30031116eabf2181fd5dc3eb3b8d9c0e,52413,evidence:sha256:3287eaa158597dca500fb5cc13dbad2e30031116eabf2181fd5dc3eb3b8d9c0e,rights_constrained_reference,2026-08-27T08:02:43.936236+00:00,sha256:3287eaa158597dca500fb5cc13dbad2e30031116eabf2181fd5dc3eb3b8d9c0e,B2 historical checksum reference records current-run fixity; source bytes remain ignored and local.,3287eaa158597dca500fb5cc13dbad2e30031116eabf2181fd5dc3eb3b8d9c0e,public_reuse_review,au_pbs,https://www.pbs.gov.au/publication/schedule/2008/2008-02-01-dental-book-soc.pdf?variant=3,au_pbs_archive_2008_02_01_16f53fd3af1b
sha256:32e080742a61a408aec4451ae45faf0531d2e37f5c50ba5d0b6bb24950239c3b,1345436,evidence:sha256:32e080742a61a408aec4451ae45faf0531d2e37f5c50ba5d0b6bb24950239c3b,rights_constrained_reference,2026-08-27T08:02:43.936236+00:00,sha256:32e080742a61a408aec4451ae45faf0531d2e37f5c50ba5d0b6bb24950239c3b,B2 historical checksum reference records current-run fixity; source bytes remain ignored and local.,32e080742a61a408aec4451ae45faf0531d2e37f5c50ba5d0b6bb24950239c3b,public_reuse_review,au_pbs,https://www.pbs.gov.au/publication/schedule/2006/2006-04-01-dental-book.pdf?variant=3,au_pbs_archive_2006_04_01_63748b153005
sha256:32e5613a870f0aaa52c301631362a43ee7998d3aaca65f7d39e3e580972d0138,914963,evidence:sha256:32e5613a870f0aaa52c301631362a43ee7998d3aaca65f7d39e3e580972d0138,rights_constrained_reference,2026-08-27T08:02:43.936236+00:00,sha256:32e5613a870f0aaa52c301631362a43ee7998d3aaca65f7d39e3e580972d0138,B2 historical checksum reference records current-run fixity; source bytes remain ignored and local.,32e5613a870f0aaa52c301631362a43ee7998d3aaca65f7d39e3e580972d0138,public_reuse_review,au_pbs,https://www.pbs.gov.au/publication/schedule/2024/05/2024-05-01-general-soc.pdf?variant=3,au_pbs_archive_2024_05_01_128ff7b27741
sha256:32edf5034260400b4c4ed7ad378620892ab32258ca54854c0ad2736bf6110620,128272,evidence:sha256:32edf5034260400b4c4ed7ad378620892ab32258ca54854c0ad2736bf6110620,rights_constrained_reference,2026-08-27T08:02:43.936236+00:00,sha256:32edf5034260400b4c4ed7ad378620892ab32258ca54854c0ad2736bf6110620,B2 historical checksum reference records current-run fixity; source bytes remain ignored and local.,32edf5034260400b4c4ed7ad378620892ab32258ca54854c0ad2736bf6110620,public_reuse_review,au_pbs,https://www.pbs.gov.au/publication/schedule/2012/01/2012-01-01-dental-book-SOC.pdf?variant=3,au_pbs_archive_2012_01_01_09a2135f67e3
sha256:32f8a8216204faa8c231b1ee7ea9287dc5f3c337bb7541a9441cc7e187efc815,3024351,evidence:sha256:32f8a8216204faa8c231b1ee7ea9287dc5f3c337bb7541a9441cc7e187efc815,rights_constrained_reference,2026-08-27T08:02:43.936236+00:00,sha256:32f8a8216204faa8c231b1ee7ea9287dc5f3c337bb7541a9441cc7e187efc815,B2 historical checksum reference records current-run fixity; source bytes remain ignored and local.,32f8a8216204faa8c231b1ee7ea9287dc5f3c337bb7541a9441cc7e187efc815,public_reuse_review,au_pbs,https://www.pbs.gov.au/publication/schedule/2011/10/2011-10-01-dental-book.pdf?variant=3,au_pbs_archive_2011_10_01_9f306e150011
sha256:3323aac70547fb578f6e330138448ee1cd1e28e3f6409272baa0a6c0896be444,1950470,evidence:sha256:3323aac70547fb578f6e330138448ee1cd1e28e3f6409272baa0a6c0896be444,rights_constrained_reference,2026-08-27T08:02:43.936236+00:00,sha256:3323aac70547fb578f6e330138448ee1cd1e28e3f6409272baa0a6c0896be444,B2 historical checksum reference records current-run fixity; source bytes remain ignored and local.,3323aac70547fb578f6e330138448ee1cd1e28e3f6409272baa0a6c0896be444,public_reuse_review,au_pbs,https://www.pbs.gov.au/publication/schedule/2019/12/2019-12-01-efc-schedule.pdf?variant=3,au_pbs_archive_2019_12_01_327270213a87
sha256:333123b3a716d567969bc19e9375eb9457b0869b7619fecd70b32c30ffee05bd,1807171,evidence:sha256:333123b3a716d567969bc19e9375eb9457b0869b7619fecd70b32c30ffee05bd,rights_constrained_reference,2026-08-27T08:02:43.936236+00:00,sha256:333123b3a716d567969bc19e9375eb9457b0869b7619fecd70b32c30ffee05bd,B2 historical checksum reference records current-run fixity; source bytes remain ignored and local.,333123b3a716d567969bc19e9375eb9457b0869b7619fecd70b32c30ffee05bd,public_reuse_review,au_pbs,https://www.pbs.gov.au/publication/schedule/2019/09/2019-09-01-efc-schedule.pdf?variant=3,au_pbs_archive_2019_09_01_8a779a650c82
sha256:333c1b02535358c33a6f5eac78f76e6abb31cf6cbff904c15f9397c806ad6206,52103,evidence:sha256:333c1b02535358c33a6f5eac78f76e6abb31cf6cbff904c15f9397c806ad6206,rights_constrained_reference,2026-08-27T08:02:43.936236+00:00,sha256:333c1b02535358c33a6f5eac78f76e6abb31cf6cbff904c15f9397c806ad6206,B2 historical checksum reference records current-run fixity; source bytes remain ignored and local.,333c1b02535358c33a6f5eac78f76e6abb31cf6cbff904c15f9397c806ad6206,public_reuse_review,au_pbs,https://www.pbs.gov.au/publication/schedule/2011/04/2011-04-01-erratum.pdf?variant=3,au_pbs_archive_2011_04_01_d5a2746a0c7d
sha256:3374c33d2b6362c2b363457556d0b3dc48a70d7a914a3fabc675c8a59d818081,743531,evidence:sha256:3374c33d2b6362c2b363457556d0b3dc48a70d7a914a3fabc675c8a59d818081,rights_constrained_reference,2026-08-27T08:02:43.936236+00:00,sha256:3374c33d2b6362c2b363457556d0b3dc48a70d7a914a3fabc675c8a59d818081,B2 historical checksum reference records current-run fixity; source bytes remain ignored and local.,3374c33d2b6362c2b363457556d0b3dc48a70d7a914a3fabc675c8a59d818081,public_reuse_review,au_pbs,https://www.pbs.gov.au/publication/schedule/2013/10/2013-10-01-general-schedule-soc.pdf?variant=3,au_pbs_archive_2013_10_01_72910cb419c2
sha256:337fe15b51fc999c6e34d34c6851d5dac5f74e824b2c3ec47432c2cc92bbe0d5,2572799,evidence:sha256:337fe15b51fc999c6e34d34c6851d5dac5f74e824b2c3ec47432c2cc92bbe0d5,rights_constrained_reference,2026-08-27T08:02:43.936236+00:00,sha256:337fe15b51fc999c6e34d34c6851d5dac5f74e824b2c3ec47432c2cc92bbe0d5,B2 historical checksum reference records current-run fixity; source bytes remain ignored and local.,337fe15b51fc999c6e34d34c6851d5dac5f74e824b2c3ec47432c2cc92bbe0d5,public_reuse_review,au_pbs,https://www.pbs.gov.au/publication/schedule/2022/12/2022-12-01-efc-schedule.pdf?variant=3,au_pbs_archive_2022_12_01_b34ac600353d
sha256:338fe670e309b0a08c0c63dfec7e174d98e0fd9a54384b0b59073691922d504d,1067883,evidence:sha256:338fe670e309b0a08c0c63dfec7e174d98e0fd9a54384b0b59073691922d504d,rights_constrained_reference,2026-08-27T08:02:43.936236+00:00,sha256:338fe670e309b0a08c0c63dfec7e174d98e0fd9a54384b0b59073691922d504d,B2 historical checksum reference records current-run fixity; source bytes remain ignored and local.,338fe670e309b0a08c0c63dfec7e174d98e0fd9a54384b0b59073691922d504d,public_reuse_review,au_pbs,https://www.pbs.gov.au/publication/schedule/2015/11/2015-11-01-efc-schedule.pdf?variant=3,au_pbs_archive_2015_11_01_c612fe52ee2a
sha256:339ba48f5cda9066cbbd036d6247d478206ac8f10743f09cef75df370244b012,1642277,evidence:sha256:339ba48f5cda9066cbbd036d6247d478206ac8f10743f09cef75df370244b012,rights_constrained_reference,2026-08-27T08:02:43.936236+00:00,sha256:339ba48f5cda9066cbbd036d6247d478206ac8f10743f09cef75df370244b012,B2 historical checksum reference records current-run fixity; source bytes remain ignored and local.,339ba48f5cda9066cbbd036d6247d478206ac8f10743f09cef75df370244b012,public_reuse_review,au_pbs,https://www.pbs.gov.au/publication/schedule/2019/04/2019-04-01-general-soc.pdf?variant=3,au_pbs_archive_2019_04_01_7ec3cd46e39c
sha256:33c6dea2bf50f38af3e8c0bb337ad2c4a1f295d189942ef808923241d1aadac1,94307,evidence:sha256:33c6dea2bf50f38af3e8c0bb337ad2c4a1f295d189942ef808923241d1aadac1,rights_constrained_reference,2026-08-27T08:02:43.936236+00:00,sha256:33c6dea2bf50f38af3e8c0bb337ad2c4a1f295d189942ef808923241d1aadac1,B2 historical checksum reference records current-run fixity; source bytes remain ignored and local.,33c6dea2bf50f38af3e8c0bb337ad2c4a1f295d189942ef808923241d1aadac1,public_reuse_review,au_pbs,https://www.pbs.gov.au/publication/schedule/2007/2007-03-01-dental-book-soc.pdf?variant=3,au_pbs_archive_2007_03_01_7f65138feb94
sha256:341b9f4b2bd2949c96cbe8c76b52bb4098989f34eab27aeb3cfec3d3a3aa47b2,1786549,evidence:sha256:341b9f4b2bd2949c96cbe8c76b52bb4098989f34eab27aeb3cfec3d3a3aa47b2,rights_constrained_reference,2026-08-27T08:02:43.936236+00:00,sha256:341b9f4b2bd2949c96cbe8c76b52bb4098989f34eab27aeb3cfec3d3a3aa47b2,B2 historical checksum reference records current-run fixity; source bytes remain ignored and local.,341b9f4b2bd2949c96cbe8c76b52bb4098989f34eab27aeb3cfec3d3a3aa47b2,public_reuse_review,au_pbs,https://www.pbs.gov.au/publication/schedule/2019/06/2019-06-01-efc.pdf?variant=3,au_pbs_archive_2019_06_01_7ca48d655f14
sha256:34241b1b6069383d2266052d3bdc84d070792300edc0388dde4077bdfeef768f,322635,evidence:sha256:34241b1b6069383d2266052d3bdc84d070792300edc0388dde4077bdfeef768f,rights_constrained_reference,2026-08-27T08:02:43.936236+00:00,sha256:34241b1b6069383d2266052d3bdc84d070792300edc0388dde4077bdfeef768f,B2 historical checksum reference records current-run fixity; source bytes remain ignored and local.,34241b1b6069383d2266052d3bdc84d070792300edc0388dde4077bdfeef768f,public_reuse_review,au_pbs,https://www.pbs.gov.au/publication/schedule/2010/2010-09-01-chemotherapy-booklet.pdf?variant=3,au_pbs_archive_2010_09_01_bf85c7de180a
sha256:342af9d63f2a4f91ddde2671aeeff0015b0cf2f752e930e3f5f0b6b3a858301b,2043406,evidence:sha256:342af9d63f2a4f91ddde2671aeeff0015b0cf2f752e930e3f5f0b6b3a858301b,rights_constrained_reference,2026-08-27T08:02:43.936236+00:00,sha256:342af9d63f2a4f91ddde2671aeeff0015b0cf2f752e930e3f5f0b6b3a858301b,B2 historical checksum reference records current-run fixity; source bytes remain ignored and local.,342af9d63f2a4f91ddde2671aeeff0015b0cf2f752e930e3f5f0b6b3a858301b,public_reuse_review,au_pbs,https://www.pbs.gov.au/publication/schedule/2020/11/2020-11-01-efc-schedule.pdf?variant=3,au_pbs_archive_2020_11_01_e0c849857e21
sha256:3434b5abfb2aba89038cb73c18d9ae1dfddf3111596bed163c66ec4ae2cd9966,443209,evidence:sha256:3434b5abfb2aba89038cb73c18d9ae1dfddf3111596bed163c66ec4ae2cd9966,rights_constrained_reference,2026-08-27T08:02:43.936236+00:00,sha256:3434b5abfb2aba89038cb73c18d9ae1dfddf3111596bed163c66ec4ae2cd9966,B2 historical checksum reference records current-run fixity; source bytes remain ignored and local.,3434b5abfb2aba89038cb73c18d9ae1dfddf3111596bed163c66ec4ae2cd9966,public_reuse_review,au_pbs,https://www.pbs.gov.au/publication/schedule/2007/2007-11-01-dental-book.pdf?variant=3,au_pbs_archive_2007_11_01_9a0c769afd2a
sha256:34b19d942c49a8c48bae157629184111b596244bbcbc520ec5e6866e3eab488e,1310720,evidence:sha256:34b19d942c49a8c48bae157629184111b596244bbcbc520ec5e6866e3eab488e,rights_constrained_reference,2026-08-27T08:02:43.936236+00:00,sha256:34b19d942c49a8c48bae157629184111b596244bbcbc520ec5e6866e3eab488e,B2 historical checksum reference records current-run fixity; source bytes remain ignored and local.,34b19d942c49a8c48bae157629184111b596244bbcbc520ec5e6866e3eab488e,public_reuse_review,au_pbs,https://www.pbs.gov.au/publication/schedule/1951-2002/1951-03-01-PBS-Schedule-Medical-Practitioners.pdf?variant=3,au_pbs_archive_1951_03_01_993cfd036659
sha256:34de6041d0bf7b69407ed02b839c22150fad972bd4eba8ab83425ea91627d05e,3644766,evidence:sha256:34de6041d0bf7b69407ed02b839c22150fad972bd4eba8ab83425ea91627d05e,rights_constrained_reference,2026-08-27T08:02:43.936236+00:00,sha256:34de6041d0bf7b69407ed02b839c22150fad972bd4eba8ab83425ea91627d05e,B2 historical checksum reference records current-run fixity; source bytes remain ignored and local.,34de6041d0bf7b69407ed02b839c22150fad972bd4eba8ab83425ea91627d05e,public_reuse_review,au_pbs,https://www.pbs.gov.au/publication/schedule/2016/09/2016-09-01-efc-schedule.pdf?variant=3,au_pbs_archive_2016_09_01_e48b051de51d
sha256:359498c52f09920ac87c14ad4fffcae01893cbe36d1697328d06e2bd7040df32,3873435,evidence:sha256:359498c52f09920ac87c14ad4fffcae01893cbe36d1697328d06e2bd7040df32,rights_constrained_reference,2026-08-27T08:02:43.936236+00:00,sha256:359498c52f09920ac87c14ad4fffcae01893cbe36d1697328d06e2bd7040df32,B2 historical checksum reference records current-run fixity; source bytes remain ignored and local.,359498c52f09920ac87c14ad4fffcae01893cbe36d1697328d06e2bd7040df32,public_reuse_review,au_pbs,https://www.pbs.gov.au/publication/schedule/2017/08/2017-08-01-efc-schedule.pdf?variant=3,au_pbs_archive_2017_08_01_160b25248c8c
sha256:35fca241ee6afab4d71d57884e59d5d282d98fcad4fbb7390fcfe924d1d3f4bc,1131034,evidence:sha256:35fca241ee6afab4d71d57884e59d5d282d98fcad4fbb7390fcfe924d1d3f4bc,rights_constrained_reference,2026-08-27T08:02:43.936236+00:00,sha256:35fca241ee6afab4d71d57884e59d5d282d98fcad4fbb7390fcfe924d1d3f4bc,B2 historical checksum reference records current-run fixity; source bytes remain ignored and local.,35fca241ee6afab4d71d57884e59d5d282d98fcad4fbb7390fcfe924d1d3f4bc,public_reuse_review,au_mbs,https://www.mbsonline.gov.au/internet/mbsonline/publishing.nsf/Content/DD4BF54A34D823FDCA25881700139AD5/$File/202207-Cat4d.pdf,au_mbs_historical_0288
sha256:3662b4a0dc2169f3cce448803b26c8e11fc1fdea81bc23ad18a0674e9ad4fc4a,16714590,evidence:sha256:3662b4a0dc2169f3cce448803b26c8e11fc1fdea81bc23ad18a0674e9ad4fc4a,rights_constrained_reference,2026-08-27T08:02:43.936236+00:00,sha256:3662b4a0dc2169f3cce448803b26c8e11fc1fdea81bc23ad18a0674e9ad4fc4a,B2 historical checksum reference records current-run fixity; source bytes remain ignored and local.,3662b4a0dc2169f3cce448803b26c8e11fc1fdea81bc23ad18a0674e9ad4fc4a,public_reuse_review,au_mbs,https://www.mbsonline.gov.au/internet/mbsonline/publishing.nsf/Content/A7F6A9DA0E280DCCCA2586140008B368/$File/201507-MBS.pdf,au_mbs_historical_0254
sha256:36b3d08896ed4623c278b109eaa62c6fb77597645893e74b57d3c69406989961,443990,evidence:sha256:36b3d08896ed4623c278b109eaa62c6fb77597645893e74b57d3c69406989961,rights_constrained_reference,2026-08-27T08:02:43.936236+00:00,sha256:36b3d08896ed4623c278b109eaa62c6fb77597645893e74b57d3c69406989961,B2 historical checksum reference records current-run fixity; source bytes remain ignored and local.,36b3d08896ed4623c278b109eaa62c6fb77597645893e74b57d3c69406989961,public_reuse_review,au_pbs,https://www.pbs.gov.au/publication/schedule/2007/2007-10-01-dental-book.pdf?variant=3,au_pbs_archive_2007_10_01_cb2baba1f755
sha256:36f2adb4d604fcdbc3344b0ec2579d3ff11684ea60ca1f7f8e6dee4a0a982eb3,795114,evidence:sha256:36f2adb4d604fcdbc3344b0ec2579d3ff11684ea60ca1f7f8e6dee4a0a982eb3,rights_constrained_reference,2026-08-27T08:02:43.936236+00:00,sha256:36f2adb4d604fcdbc3344b0ec2579d3ff11684ea60ca1f7f8e6dee4a0a982eb3,B2 historical checksum reference records current-run fixity; source bytes remain ignored and local.,36f2adb4d604fcdbc3344b0ec2579d3ff11684ea60ca1f7f8e6dee4a0a982eb3,public_reuse_review,au_mbs,https://www.mbsonline.gov.au/internet/mbsonline/publishing.nsf/Content/515793D58E889BD0CA257CD100033990/$File/200811Optom.pdf,au_mbs_historical_0157
sha256:371c015ebbc850500a8dea48453b0b3f0576ee59afe063ba97d62ee78ab192d6,6172611,evidence:sha256:371c015ebbc850500a8dea48453b0b3f0576ee59afe063ba97d62ee78ab192d6,rights_constrained_reference,2026-08-27T08:02:43.936236+00:00,sha256:371c015ebbc850500a8dea48453b0b3f0576ee59afe063ba97d62ee78ab192d6,B2 historical checksum reference records current-run fixity; source bytes remain ignored and local.,371c015ebbc850500a8dea48453b0b3f0576ee59afe063ba97d62ee78ab192d6,public_reuse_review,au_pbs,https://www.pbs.gov.au/publication/schedule/2024/12/2024-12-01-general-schedule-volume-2.pdf?variant=3,au_pbs_archive_2024_12_01_464ffc1f14e1
sha256:3767260ccabbd815d82f56fb565f6b4276cba910ec01abbb1ecc02132f10eb6e,2658446,evidence:sha256:3767260ccabbd815d82f56fb565f6b4276cba910ec01abbb1ecc02132f10eb6e,rights_constrained_reference,2026-08-27T08:02:43.936236+00:00,sha256:3767260ccabbd815d82f56fb565f6b4276cba910ec01abbb1ecc02132f10eb6e,B2 historical checksum reference records current-run fixity; source bytes remain ignored and local.,3767260ccabbd815d82f56fb565f6b4276cba910ec01abbb1ecc02132f10eb6e,public_reuse_review,au_pbs,https://www.pbs.gov.au/publication/schedule/2026/06/2026-06-01-efc-schedule.pdf?variant=3,au_pbs_archive_2026_06_01_0c84b78b6413
sha256:37d6bd3fdcb46915f341604cd2dd83e86e7866ef6a1792c35527c8caeb4d0e28,626519,evidence:sha256:37d6bd3fdcb46915f341604cd2dd83e86e7866ef6a1792c35527c8caeb4d0e28,rights_constrained_reference,2026-08-27T08:02:43.936236+00:00,sha256:37d6bd3fdcb46915f341604cd2dd83e86e7866ef6a1792c35527c8caeb4d0e28,B2 historical checksum reference records current-run fixity; source bytes remain ignored and local.,37d6bd3fdcb46915f341604cd2dd83e86e7866ef6a1792c35527c8caeb4d0e28,public_reuse_review,au_mbs,https://www.mbsonline.gov.au/internet/mbsonline/publishing.nsf/Content/515793D58E889BD0CA257CD100033990/$File/2003-11-CLACP.pdf,au_mbs_historical_0128
sha256:37f23676023f1e99d64e86ca4fb3320884280cc7ee7a1dc5fb10e498cba700bd,722462,evidence:sha256:37f23676023f1e99d64e86ca4fb3320884280cc7ee7a1dc5fb10e498cba700bd,rights_constrained_reference,2026-08-27T08:02:43.936236+00:00,sha256:37f23676023f1e99d64e86ca4fb3320884280cc7ee7a1dc5fb10e498cba700bd,B2 historical checksum reference records current-run fixity; source bytes remain ignored and local.,37f23676023f1e99d64e86ca4fb3320884280cc7ee7a1dc5fb10e498cba700bd,public_reuse_review,au_pbs,https://www.pbs.gov.au/publication/schedule/2017/11/2017-11-01-general-soc.pdf?variant=3,au_pbs_archive_2017_11_01_135802cc189b
sha256:3844faa965b7798f546bf77b3d9c526841785152721b4522400d63b896060861,1857251,evidence:sha256:3844faa965b7798f546bf77b3d9c526841785152721b4522400d63b896060861,rights_constrained_reference,2026-08-27T08:02:43.936236+00:00,sha256:3844faa965b7798f546bf77b3d9c526841785152721b4522400d63b896060861,B2 historical checksum reference records current-run fixity; source bytes remain ignored and local.,3844faa965b7798f546bf77b3d9c526841785152721b4522400d63b896060861,public_reuse_review,au_mbs,https://www.mbsonline.gov.au/internet/mbsonline/publishing.nsf/Content/293EEBA9AB153C56CA2584EB001547AF/$File/202003-Cat8.pdf,au_mbs_historical_0028
sha256:388529ecf6111342a5774deae6a1b606a628ea40e780025cdad239117eb7d737,414389,evidence:sha256:388529ecf6111342a5774deae6a1b606a628ea40e780025cdad239117eb7d737,rights_constrained_reference,2026-08-27T08:02:43.936236+00:00,sha256:388529ecf6111342a5774deae6a1b606a628ea40e780025cdad239117eb7d737,B2 historical checksum reference records current-run fixity; source bytes remain ignored and local.,388529ecf6111342a5774deae6a1b606a628ea40e780025cdad239117eb7d737,public_reuse_review,au_pbs,https://www.pbs.gov.au/publication/schedule/2015/05/2015-05-01-general-schedule-soc.pdf?variant=3,au_pbs_archive_2015_05_01_8af726fffc39
sha256:3887d14ca384bdfd146f2c68ed23957dde68e89993d91b751810fcccc2ce0d5e,26286673,evidence:sha256:3887d14ca384bdfd146f2c68ed23957dde68e89993d91b751810fcccc2ce0d5e,rights_constrained_reference,2026-08-27T08:02:43.936236+00:00,sha256:3887d14ca384bdfd146f2c68ed23957dde68e89993d91b751810fcccc2ce0d5e,B2 historical checksum reference records current-run fixity; source bytes remain ignored and local.,3887d14ca384bdfd146f2c68ed23957dde68e89993d91b751810fcccc2ce0d5e,public_reuse_review,au_pbs,https://www.pbs.gov.au/publication/schedule/2022/11/2022-11-01-general-schedule-volume-1.pdf?variant=3,au_pbs_archive_2022_11_01_8a7c3f1ecf8c
sha256:38f4b8954dbcc6bc52ac70cccde142ee353b93a40bc21984f2eb16aa97903b6e,1403777,evidence:sha256:38f4b8954dbcc6bc52ac70cccde142ee353b93a40bc21984f2eb16aa97903b6e,rights_constrained_reference,2026-08-27T08:02:43.936236+00:00,sha256:38f4b8954dbcc6bc52ac70cccde142ee353b93a40bc21984f2eb16aa97903b6e,B2 historical checksum reference records current-run fixity; source bytes remain ignored and local.,38f4b8954dbcc6bc52ac70cccde142ee353b93a40bc21984f2eb16aa97903b6e,public_reuse_review,au_pbs,https://www.pbs.gov.au/publication/schedule/2018/09/2018-09-01-general-soc.pdf?variant=3,au_pbs_archive_2018_09_01_78f52f99ef35
sha256:38fdc62a64b34b96d067ba952cdbe4a0590d4256981bad2050aec08532e41626,444015,evidence:sha256:38fdc62a64b34b96d067ba952cdbe4a0590d4256981bad2050aec08532e41626,rights_constrained_reference,2026-08-27T08:02:43.936236+00:00,sha256:38fdc62a64b34b96d067ba952cdbe4a0590d4256981bad2050aec08532e41626,B2 historical checksum reference records current-run fixity; source bytes remain ignored and local.,38fdc62a64b34b96d067ba952cdbe4a0590d4256981bad2050aec08532e41626,public_reuse_review,au_pbs,https://www.pbs.gov.au/publication/schedule/2008/2008-02-01-dental-book.pdf?variant=3,au_pbs_archive_2008_02_01_05596bb7d8a6
sha256:392ffd5ad6c5e48ee5d946c2bc2d329e3911d485925481ab03fe86d7f44bca37,7643405,evidence:sha256:392ffd5ad6c5e48ee5d946c2bc2d329e3911d485925481ab03fe86d7f44bca37,rights_constrained_reference,2026-08-27T08:02:43.936236+00:00,sha256:392ffd5ad6c5e48ee5d946c2bc2d329e3911d485925481ab03fe86d7f44bca37,B2 historical checksum reference records current-run fixity; source bytes remain ignored and local.,392ffd5ad6c5e48ee5d946c2bc2d329e3911d485925481ab03fe86d7f44bca37,public_reuse_review,au_pbs,https://www.pbs.gov.au/publication/schedule/2021/02/2021-02-01-general-schedule-volume-2.pdf?variant=3,au_pbs_archive_2021_02_01_416fd3fe79aa
sha256:3939e1614ddf3ecbe363f15bc95c2193cee577e1973b57ea3df0f89abd63e1bf,75943,evidence:sha256:3939e1614ddf3ecbe363f15bc95c2193cee577e1973b57ea3df0f89abd63e1bf,rights_constrained_reference,2026-08-27T08:02:43.936236+00:00,sha256:3939e1614ddf3ecbe363f15bc95c2193cee577e1973b57ea3df0f89abd63e1bf,B2 historical checksum reference records current-run fixity; source bytes remain ignored and local.,3939e1614ddf3ecbe363f15bc95c2193cee577e1973b57ea3df0f89abd63e1bf,public_reuse_review,au_pbs,https://www.pbs.gov.au/publication/schedule/2007/2007-08-01-dental-book-soc.pdf?variant=3,au_pbs_archive_2007_08_01_4701605705c1
sha256:393c1b7173978be51cba26eadee7163c3692a127114e98a3a6f10ed909a2b075,3759145,evidence:sha256:393c1b7173978be51cba26eadee7163c3692a127114e98a3a6f10ed909a2b075,rights_constrained_reference,2026-08-27T08:02:43.936236+00:00,sha256:393c1b7173978be51cba26eadee7163c3692a127114e98a3a6f10ed909a2b075,B2 historical checksum reference records current-run fixity; source bytes remain ignored and local.,393c1b7173978be51cba26eadee7163c3692a127114e98a3a6f10ed909a2b075,public_reuse_review,au_pbs,https://www.pbs.gov.au/publication/schedule/2008/2008-05-01-general-schedule.pdf?variant=3,au_pbs_archive_2008_05_01_09bc99395c69
sha256:39413677d2437ad37bf862e6b86131ebd5f13ec0b319a40036fba09d2f0f0f06,2618883,evidence:sha256:39413677d2437ad37bf862e6b86131ebd5f13ec0b319a40036fba09d2f0f0f06,rights_constrained_reference,2026-08-27T08:02:43.936236+00:00,sha256:39413677d2437ad37bf862e6b86131ebd5f13ec0b319a40036fba09d2f0f0f06,B2 historical checksum reference records current-run fixity; source bytes remain ignored and local.,39413677d2437ad37bf862e6b86131ebd5f13ec0b319a40036fba09d2f0f0f06,public_reuse_review,au_pbs,https://www.pbs.gov.au/publication/schedule/2011/03/2011-03-01-dental-book.pdf?variant=3,au_pbs_archive_2011_03_01_9cdb78337fb6
sha256:399cde6a1a6cb6ba2c1de9b1d62a7a1cf9008e0f89a6184a0069fe092dee38b9,22405929,evidence:sha256:399cde6a1a6cb6ba2c1de9b1d62a7a1cf9008e0f89a6184a0069fe092dee38b9,rights_constrained_reference,2026-08-27T08:02:43.936236+00:00,sha256:399cde6a1a6cb6ba2c1de9b1d62a7a1cf9008e0f89a6184a0069fe092dee38b9,B2 historical checksum reference records current-run fixity; source bytes remain ignored and local.,399cde6a1a6cb6ba2c1de9b1d62a7a1cf9008e0f89a6184a0069fe092dee38b9,public_reuse_review,au_pbs,https://www.pbs.gov.au/publication/schedule/2024/04/2024-04-01-general-schedule-volume-1.pdf?variant=3,au_pbs_archive_2024_04_01_0853826f709b
sha256:3a2809c75b0910f0f1c7dd925d70f9f2d9dc10121b8eeeef9889c932be17a8e3,355770,evidence:sha256:3a2809c75b0910f0f1c7dd925d70f9f2d9dc10121b8eeeef9889c932be17a8e3,rights_constrained_reference,2026-08-27T08:02:43.936236+00:00,sha256:3a2809c75b0910f0f1c7dd925d70f9f2d9dc10121b8eeeef9889c932be17a8e3,B2 historical checksum reference records current-run fixity; source bytes remain ignored and local.,3a2809c75b0910f0f1c7dd925d70f9f2d9dc10121b8eeeef9889c932be17a8e3,public_reuse_review,au_mbs,https://www.mbsonline.gov.au/internet/mbsonline/publishing.nsf/Content/B900536D4B582E61CA2585FF0006926F/$File/201408-Optom.PDF,au_mbs_historical_0281
sha256:3a49bc7cfb4554060b2e9b0079c2293abc8d1d071a2de3cd3bf9c2c6061d4f8f,189250,evidence:sha256:3a49bc7cfb4554060b2e9b0079c2293abc8d1d071a2de3cd3bf9c2c6061d4f8f,rights_constrained_reference,2026-08-27T08:02:43.936236+00:00,sha256:3a49bc7cfb4554060b2e9b0079c2293abc8d1d071a2de3cd3bf9c2c6061d4f8f,B2 historical checksum reference records current-run fixity; source bytes remain ignored and local.,3a49bc7cfb4554060b2e9b0079c2293abc8d1d071a2de3cd3bf9c2c6061d4f8f,public_reuse_review,au_mbs,https://www.mbsonline.gov.au/internet/mbsonline/publishing.nsf/Content/515793D58E889BD0CA257CD100033990/$File/201011-Dental.pdf,au_mbs_historical_0174
sha256:3a698f062b63b8e0c6021b9699d991663e7187655ddb11f41132d4c0047dd00b,2726059,evidence:sha256:3a698f062b63b8e0c6021b9699d991663e7187655ddb11f41132d4c0047dd00b,rights_constrained_reference,2026-08-27T08:02:43.936236+00:00,sha256:3a698f062b63b8e0c6021b9699d991663e7187655ddb11f41132d4c0047dd00b,B2 historical checksum reference records current-run fixity; source bytes remain ignored and local.,3a698f062b63b8e0c6021b9699d991663e7187655ddb11f41132d4c0047dd00b,public_reuse_review,au_pbs,https://www.pbs.gov.au/publication/schedule/2012/06/2012-06-01-efc-schedule.pdf?variant=3,au_pbs_archive_2012_06_01_42325d71028c
sha256:3a8b857aad226e5fce84a43125f80745221ea7b43b78072501459cd32a9be264,787079,evidence:sha256:3a8b857aad226e5fce84a43125f80745221ea7b43b78072501459cd32a9be264,rights_constrained_reference,2026-08-27T08:02:43.936236+00:00,sha256:3a8b857aad226e5fce84a43125f80745221ea7b43b78072501459cd32a9be264,B2 historical checksum reference records current-run fixity; source bytes remain ignored and local.,3a8b857aad226e5fce84a43125f80745221ea7b43b78072501459cd32a9be264,public_reuse_review,au_pbs,https://www.pbs.gov.au/publication/schedule/2010/2010-09-01-dental-book.pdf?variant=3,au_pbs_archive_2010_09_01_454a453e80c8
sha256:3af521a6cc0dee0ff076a87c4861bcf0f3348b43ff76fcadb913fb75e3ede103,378970,evidence:sha256:3af521a6cc0dee0ff076a87c4861bcf0f3348b43ff76fcadb913fb75e3ede103,rights_constrained_reference,2026-08-27T08:02:43.936236+00:00,sha256:3af521a6cc0dee0ff076a87c4861bcf0f3348b43ff76fcadb913fb75e3ede103,B2 historical checksum reference records current-run fixity; source bytes remain ignored and local.,3af521a6cc0dee0ff076a87c4861bcf0f3348b43ff76fcadb913fb75e3ede103,public_reuse_review,au_pbs,https://www.pbs.gov.au/publication/schedule/2010/2010-02-01-chemotherapy-book.pdf?variant=3,au_pbs_archive_2010_02_01_0bd13913924c
sha256:3b20fd8b972cca62efc60fe355f0839025d25d9480f41542fe3fdabf07d1323d,311667,evidence:sha256:3b20fd8b972cca62efc60fe355f0839025d25d9480f41542fe3fdabf07d1323d,rights_constrained_reference,2026-08-27T08:02:43.936236+00:00,sha256:3b20fd8b972cca62efc60fe355f0839025d25d9480f41542fe3fdabf07d1323d,B2 historical checksum reference records current-run fixity; source bytes remain ignored and local.,3b20fd8b972cca62efc60fe355f0839025d25d9480f41542fe3fdabf07d1323d,public_reuse_review,au_mbs,https://www.mbsonline.gov.au/internet/mbsonline/publishing.nsf/Content/515793D58E889BD0CA257CD100033990/$File/2005-11-CLACP.pdf,au_mbs_historical_0137
sha256:3b422c398c2c0298982c25fa5447d55ee0071cbde700ee5de38602b3bbd23b77,4433819,evidence:sha256:3b422c398c2c0298982c25fa5447d55ee0071cbde700ee5de38602b3bbd23b77,rights_constrained_reference,2026-08-27T08:02:43.936236+00:00,sha256:3b422c398c2c0298982c25fa5447d55ee0071cbde700ee5de38602b3bbd23b77,B2 historical checksum reference records current-run fixity; source bytes remain ignored and local.,3b422c398c2c0298982c25fa5447d55ee0071cbde700ee5de38602b3bbd23b77,public_reuse_review,au_pbs,https://www.pbs.gov.au/publication/schedule/2009/2009-12-01-general-schedule.pdf?variant=3,au_pbs_archive_2009_12_01_e43e8c5a9978
sha256:3b5fc7c3992498891bfdc983dab9a4c9f4743b7e406abdecec461c23b0db4b25,2755104,evidence:sha256:3b5fc7c3992498891bfdc983dab9a4c9f4743b7e406abdecec461c23b0db4b25,rights_constrained_reference,2026-08-27T08:02:43.936236+00:00,sha256:3b5fc7c3992498891bfdc983dab9a4c9f4743b7e406abdecec461c23b0db4b25,B2 historical checksum reference records current-run fixity; source bytes remain ignored and local.,3b5fc7c3992498891bfdc983dab9a4c9f4743b7e406abdecec461c23b0db4b25,public_reuse_review,au_pbs,https://www.pbs.gov.au/publication/schedule/2011/12/2011-12-01-dental-book.pdf?variant=3,au_pbs_archive_2011_12_01_6ed2f8a9298c
sha256:3b646565695329aa399e937883c68d5d424d0df5eaab2f22baa0e08d44fdbe87,23019454,evidence:sha256:3b646565695329aa399e937883c68d5d424d0df5eaab2f22baa0e08d44fdbe87,rights_constrained_reference,2026-07-23T01:58:45.970401+00:00,sha256:3b646565695329aa399e937883c68d5d424d0df5eaab2f22baa0e08d44fdbe87,B2 reviewed-snapshot reference preserves fixity and rights state without redistributing source bytes.,3b646565695329aa399e937883c68d5d424d0df5eaab2f22baa0e08d44fdbe87,public_reuse_review,hpo,https://purl.obolibrary.org/obo/hp.json,hpo_current_20260723
sha256:3b6dd929ca39efbf0b4bc2d422365236b3aadc621a70da88f59d4f9a3e4f9acb,383399,evidence:sha256:3b6dd929ca39efbf0b4bc2d422365236b3aadc621a70da88f59d4f9a3e4f9acb,rights_constrained_reference,2026-08-27T08:02:43.936236+00:00,sha256:3b6dd929ca39efbf0b4bc2d422365236b3aadc621a70da88f59d4f9a3e4f9acb,B2 historical checksum reference records current-run fixity; source bytes remain ignored and local.,3b6dd929ca39efbf0b4bc2d422365236b3aadc621a70da88f59d4f9a3e4f9acb,public_reuse_review,au_pbs,https://www.pbs.gov.au/publication/schedule/2013/02/2013-02-01-addendum.pdf?variant=3,au_pbs_archive_2013_02_01_1df90cd2e590
sha256:3b70a35337e3984b9fc4433219107155d4072c92b460af2a55c6dfc43f385b48,937130,evidence:sha256:3b70a35337e3984b9fc4433219107155d4072c92b460af2a55c6dfc43f385b48,rights_constrained_reference,2026-08-27T08:02:43.936236+00:00,sha256:3b70a35337e3984b9fc4433219107155d4072c92b460af2a55c6dfc43f385b48,B2 historical checksum reference records current-run fixity; source bytes remain ignored and local.,3b70a35337e3984b9fc4433219107155d4072c92b460af2a55c6dfc43f385b48,public_reuse_review,au_pbs,https://www.pbs.gov.au/publication/schedule/2019/06/2019-06-01-general-soc.pdf?variant=3,au_pbs_archive_2019_06_01_d2ae57edab44
sha256:3b99092358470fa0532366e4b3fac0fe722d7a088df6e5de5c872aceb2700a5a,6192412,evidence:sha256:3b99092358470fa0532366e4b3fac0fe722d7a088df6e5de5c872aceb2700a5a,rights_constrained_reference,2026-08-27T08:02:43.936236+00:00,sha256:3b99092358470fa0532366e4b3fac0fe722d7a088df6e5de5c872aceb2700a5a,B2 historical checksum reference records current-run fixity; source bytes remain ignored and local.,3b99092358470fa0532366e4b3fac0fe722d7a088df6e5de5c872aceb2700a5a,public_reuse_review,au_pbs,https://www.pbs.gov.au/publication/schedule/2014/07/2014-07-01-general-schedule.pdf?variant=3,au_pbs_archive_2014_07_01_16f5807a9033
sha256:3c226f57200552e53ca737550738bad4c2a9a00364fa98267f69caed334ac5e2,3136333,evidence:sha256:3c226f57200552e53ca737550738bad4c2a9a00364fa98267f69caed334ac5e2,rights_constrained_reference,2026-08-27T08:02:43.936236+00:00,sha256:3c226f57200552e53ca737550738bad4c2a9a00364fa98267f69caed334ac5e2,B2 historical checksum reference records current-run fixity; source bytes remain ignored and local.,3c226f57200552e53ca737550738bad4c2a9a00364fa98267f69caed334ac5e2,public_reuse_review,au_mbs,https://www.mbsonline.gov.au/internet/mbsonline/publishing.nsf/Content/515793D58E889BD0CA257CD100033990/$File/1990-11-MBS.pdf,au_mbs_historical_0087
sha256:3c517019655bcceff79d3c133c4947a9d1bc49de427c5a4e66391f4026227c14,18309269,evidence:sha256:3c517019655bcceff79d3c133c4947a9d1bc49de427c5a4e66391f4026227c14,rights_constrained_reference,2026-08-27T08:02:43.936236+00:00,sha256:3c517019655bcceff79d3c133c4947a9d1bc49de427c5a4e66391f4026227c14,B2 historical checksum reference records current-run fixity; source bytes remain ignored and local.,3c517019655bcceff79d3c133c4947a9d1bc49de427c5a4e66391f4026227c14,public_reuse_review,au_mbs,https://www.mbsonline.gov.au/internet/mbsonline/publishing.nsf/Content/F540E955EFE9BFD5CA25861500000C28/$File/201901-MBS.pdf,au_mbs_historical_0320
sha256:3cabb6ee5303dbca6bb5a5060bb15d94583e6754505316d1072a649ec7bb5651,371591,evidence:sha256:3cabb6ee5303dbca6bb5a5060bb15d94583e6754505316d1072a649ec7bb5651,rights_constrained_reference,2026-08-27T08:02:43.936236+00:00,sha256:3cabb6ee5303dbca6bb5a5060bb15d94583e6754505316d1072a649ec7bb5651,B2 historical checksum reference records current-run fixity; source bytes remain ignored and local.,3cabb6ee5303dbca6bb5a5060bb15d94583e6754505316d1072a649ec7bb5651,public_reuse_review,au_pbs,https://www.pbs.gov.au/publication/schedule/2026/05/2026-05-01-general-soc.pdf?variant=3,au_pbs_archive_2026_05_01_c43ee18b9324
sha256:3cb370cc56c9558fa5de1ec30b551582b398f38126e2252f9a761e697a2a6628,3828340,evidence:sha256:3cb370cc56c9558fa5de1ec30b551582b398f38126e2252f9a761e697a2a6628,rights_constrained_reference,2026-08-27T08:02:43.936236+00:00,sha256:3cb370cc56c9558fa5de1ec30b551582b398f38126e2252f9a761e697a2a6628,B2 historical checksum reference records current-run fixity; source bytes remain ignored and local.,3cb370cc56c9558fa5de1ec30b551582b398f38126e2252f9a761e697a2a6628,public_reuse_review,au_pbs,https://www.pbs.gov.au/publication/schedule/2021/07/2021-07-01-general-soc.pdf?variant=3,au_pbs_archive_2021_07_01_68ff0563e7dd
sha256:3d1284ff3b73335a9fe4b1a4031d3fbae88ccedc2b003870b14d8b14d478cb0f,4242897,evidence:sha256:3d1284ff3b73335a9fe4b1a4031d3fbae88ccedc2b003870b14d8b14d478cb0f,rights_constrained_reference,2026-08-27T08:02:43.936236+00:00,sha256:3d1284ff3b73335a9fe4b1a4031d3fbae88ccedc2b003870b14d8b14d478cb0f,B2 historical checksum reference records current-run fixity; source bytes remain ignored and local.,3d1284ff3b73335a9fe4b1a4031d3fbae88ccedc2b003870b14d8b14d478cb0f,public_reuse_review,au_pbs,https://www.pbs.gov.au/publication/schedule/2009/2009-11-01-general-schedule.pdf?variant=3,au_pbs_archive_2009_11_01_5a7746a743be
sha256:3d7877480b604176ad07163ec87333f8643e0c49c313260a4b5e902b05a4b6c8,1055327,evidence:sha256:3d7877480b604176ad07163ec87333f8643e0c49c313260a4b5e902b05a4b6c8,rights_constrained_reference,2026-08-27T08:02:43.936236+00:00,sha256:3d7877480b604176ad07163ec87333f8643e0c49c313260a4b5e902b05a4b6c8,B2 historical checksum reference records current-run fixity; source bytes remain ignored and local.,3d7877480b604176ad07163ec87333f8643e0c49c313260a4b5e902b05a4b6c8,public_reuse_review,au_mbs,https://www.mbsonline.gov.au/internet/mbsonline/publishing.nsf/Content/4EFCF78281A91736CA258654001138AF/$File/202103-cat2.pdf,au_mbs_historical_0063
sha256:3da4344af94fdc392e89d41f3fd6d7f4d04bb67d0e6bcdc196726163851a627c,14962498,evidence:sha256:3da4344af94fdc392e89d41f3fd6d7f4d04bb67d0e6bcdc196726163851a627c,rights_constrained_reference,2026-08-27T08:02:43.936236+00:00,sha256:3da4344af94fdc392e89d41f3fd6d7f4d04bb67d0e6bcdc196726163851a627c,B2 historical checksum reference records current-run fixity; source bytes remain ignored and local.,3da4344af94fdc392e89d41f3fd6d7f4d04bb67d0e6bcdc196726163851a627c,public_reuse_review,au_pbs,https://www.pbs.gov.au/publication/schedule/2026/07/2026-07-01-general-schedule-r1-Volume-2.pdf?variant=3,au_pbs_archive_2026_07_01_430f67e16a8a
sha256:3dd24bab1cfa164b8d091203a50b0b23353ed748a809e9f6d4980b39c9972514,137633,evidence:sha256:3dd24bab1cfa164b8d091203a50b0b23353ed748a809e9f6d4980b39c9972514,rights_constrained_reference,2026-08-27T08:02:43.936236+00:00,sha256:3dd24bab1cfa164b8d091203a50b0b23353ed748a809e9f6d4980b39c9972514,B2 historical checksum reference records current-run fixity; source bytes remain ignored and local.,3dd24bab1cfa164b8d091203a50b0b23353ed748a809e9f6d4980b39c9972514,public_reuse_review,au_pbs,https://www.pbs.gov.au/publication/schedule/2014/10/2014-10-01-general-schedule-soc.pdf?variant=3,au_pbs_archive_2014_10_01_9530ccde14fb
sha256:3dd5847df10ce705aa958da66977a746759cb84c98ade6677337a07c54ff2c81,7127316,evidence:sha256:3dd5847df10ce705aa958da66977a746759cb84c98ade6677337a07c54ff2c81,rights_constrained_reference,2026-08-27T08:02:43.936236+00:00,sha256:3dd5847df10ce705aa958da66977a746759cb84c98ade6677337a07c54ff2c81,B2 historical checksum reference records current-run fixity; source bytes remain ignored and local.,3dd5847df10ce705aa958da66977a746759cb84c98ade6677337a07c54ff2c81,public_reuse_review,au_pbs,https://www.pbs.gov.au/publication/schedule/2010/2010-07-01-general-schedule.pdf?variant=3,au_pbs_archive_2010_07_01_64dfb08c7daf
sha256:3de8ab3b6f1c76a19cfd5ca29944eaa9ca791396833be677b3ae2356409dff22,2548735,evidence:sha256:3de8ab3b6f1c76a19cfd5ca29944eaa9ca791396833be677b3ae2356409dff22,rights_constrained_reference,2026-08-27T08:02:43.936236+00:00,sha256:3de8ab3b6f1c76a19cfd5ca29944eaa9ca791396833be677b3ae2356409dff22,B2 historical checksum reference records current-run fixity; source bytes remain ignored and local.,3de8ab3b6f1c76a19cfd5ca29944eaa9ca791396833be677b3ae2356409dff22,public_reuse_review,au_pbs,https://www.pbs.gov.au/publication/schedule/2024/05/2024-05-01-efc-schedule.pdf?variant=3,au_pbs_archive_2024_05_01_b800fe38a6fb
sha256:3dfcd5a6da73132857e0273a7c7d4c4503c4657b7f1fa2d8c79c84fc6c911983,16126644,evidence:sha256:3dfcd5a6da73132857e0273a7c7d4c4503c4657b7f1fa2d8c79c84fc6c911983,rights_constrained_reference,2026-08-27T08:02:43.936236+00:00,sha256:3dfcd5a6da73132857e0273a7c7d4c4503c4657b7f1fa2d8c79c84fc6c911983,B2 historical checksum reference records current-run fixity; source bytes remain ignored and local.,3dfcd5a6da73132857e0273a7c7d4c4503c4657b7f1fa2d8c79c84fc6c911983,public_reuse_review,au_pbs,https://www.pbs.gov.au/publication/schedule/2026/02/2026-02-01-general-schedule-volume-2.pdf?variant=3,au_pbs_archive_2026_02_01_29e17909f639
sha256:3e44da8b51778732f1267e50cf117a95448b5f8d131fd6d08941e3908b910b3c,2579869,evidence:sha256:3e44da8b51778732f1267e50cf117a95448b5f8d131fd6d08941e3908b910b3c,rights_constrained_reference,2026-08-27T08:02:43.936236+00:00,sha256:3e44da8b51778732f1267e50cf117a95448b5f8d131fd6d08941e3908b910b3c,B2 historical checksum reference records current-run fixity; source bytes remain ignored and local.,3e44da8b51778732f1267e50cf117a95448b5f8d131fd6d08941e3908b910b3c,public_reuse_review,au_pbs,https://www.pbs.gov.au/publication/schedule/2023/01/2023-01-01-efc-schedule.pdf?variant=3,au_pbs_archive_2023_01_01_53f9354821e3
sha256:3e83afad50083f46584fb60fb5f3e98630bca6415fcca29cca3a3cd59de51930,26390710,evidence:sha256:3e83afad50083f46584fb60fb5f3e98630bca6415fcca29cca3a3cd59de51930,rights_constrained_reference,2026-08-27T08:02:43.936236+00:00,sha256:3e83afad50083f46584fb60fb5f3e98630bca6415fcca29cca3a3cd59de51930,B2 historical checksum reference records current-run fixity; source bytes remain ignored and local.,3e83afad50083f46584fb60fb5f3e98630bca6415fcca29cca3a3cd59de51930,public_reuse_review,au_pbs,https://www.pbs.gov.au/publication/schedule/2023/08/2023-08-01-general-schedule-volume-1.pdf?variant=3,au_pbs_archive_2023_08_01_6290cbc42ec7
sha256:3e97db7b9c47e89fcf3788a3ac22af2b1d23f0706eacd24a0ae069106f7c33a9,2209024,evidence:sha256:3e97db7b9c47e89fcf3788a3ac22af2b1d23f0706eacd24a0ae069106f7c33a9,rights_constrained_reference,2026-08-27T08:02:43.936236+00:00,sha256:3e97db7b9c47e89fcf3788a3ac22af2b1d23f0706eacd24a0ae069106f7c33a9,B2 historical checksum reference records current-run fixity; source bytes remain ignored and local.,3e97db7b9c47e89fcf3788a3ac22af2b1d23f0706eacd24a0ae069106f7c33a9,public_reuse_review,au_pbs,https://www.pbs.gov.au/publication/schedule/2022/09/2022-09-01-efc-schedule.pdf?variant=3,au_pbs_archive_2022_09_01_a9f40bce4898
sha256:3ea327bd5d57dc12eb9553b643bda0c2754df367f96bee4563e24d95f363e011,350670,evidence:sha256:3ea327bd5d57dc12eb9553b643bda0c2754df367f96bee4563e24d95f363e011,rights_constrained_reference,2026-08-27T08:02:43.936236+00:00,sha256:3ea327bd5d57dc12eb9553b643bda0c2754df367f96bee4563e24d95f363e011,B2 historical checksum reference records current-run fixity; source bytes remain ignored and local.,3ea327bd5d57dc12eb9553b643bda0c2754df367f96bee4563e24d95f363e011,public_reuse_review,au_pbs,https://www.pbs.gov.au/publication/schedule/2013/03/2013-03-01-efc-summary-of-changes.pdf?variant=3,au_pbs_archive_2013_03_01_1f554985f947
sha256:3ec847d33cf61a684b39c274b0ca01c6309211d277e033f6742bd1de5e29f0a3,1187199,evidence:sha256:3ec847d33cf61a684b39c274b0ca01c6309211d277e033f6742bd1de5e29f0a3,rights_constrained_reference,2026-08-27T08:02:43.936236+00:00,sha256:3ec847d33cf61a684b39c274b0ca01c6309211d277e033f6742bd1de5e29f0a3,B2 historical checksum reference records current-run fixity; source bytes remain ignored and local.,3ec847d33cf61a684b39c274b0ca01c6309211d277e033f6742bd1de5e29f0a3,public_reuse_review,au_mbs,https://www.mbsonline.gov.au/internet/mbsonline/publishing.nsf/Content/515793D58E889BD0CA257CD100033990/$File/2005-05-MBS.pdf,au_mbs_historical_0135
sha256:3f12ce5245a0d749f57fe55c6fd438b13ab1e135aa075c850ba8922b815ebe8e,55747,evidence:sha256:3f12ce5245a0d749f57fe55c6fd438b13ab1e135aa075c850ba8922b815ebe8e,rights_constrained_reference,2026-08-27T08:02:43.936236+00:00,sha256:3f12ce5245a0d749f57fe55c6fd438b13ab1e135aa075c850ba8922b815ebe8e,B2 historical checksum reference records current-run fixity; source bytes remain ignored and local.,3f12ce5245a0d749f57fe55c6fd438b13ab1e135aa075c850ba8922b815ebe8e,public_reuse_review,au_pbs,https://www.pbs.gov.au/publication/schedule/2008/2008-10-01-dental-book-soc.pdf?variant=3,au_pbs_archive_2008_10_01_82d15d22a431
sha256:3f5e7e33ec986771a969c59576d7f847019af790d9186089daea17aeb9ef1e05,11076219,evidence:sha256:3f5e7e33ec986771a969c59576d7f847019af790d9186089daea17aeb9ef1e05,rights_constrained_reference,2026-08-27T08:02:43.936236+00:00,sha256:3f5e7e33ec986771a969c59576d7f847019af790d9186089daea17aeb9ef1e05,B2 historical checksum reference records current-run fixity; source bytes remain ignored and local.,3f5e7e33ec986771a969c59576d7f847019af790d9186089daea17aeb9ef1e05,public_reuse_review,au_pbs,https://www.pbs.gov.au/publication/schedule/2024/03/2024-03-01-general-volume-2.pdf?variant=3,au_pbs_archive_2024_03_01_807428b21972
sha256:3f8750889efbe13e93223092d375e13a2e2a872c8c431a567d2e73cce48ca978,18989472,evidence:sha256:3f8750889efbe13e93223092d375e13a2e2a872c8c431a567d2e73cce48ca978,rights_constrained_reference,2026-08-27T08:02:43.936236+00:00,sha256:3f8750889efbe13e93223092d375e13a2e2a872c8c431a567d2e73cce48ca978,B2 historical checksum reference records current-run fixity; source bytes remain ignored and local.,3f8750889efbe13e93223092d375e13a2e2a872c8c431a567d2e73cce48ca978,public_reuse_review,au_pbs,https://www.pbs.gov.au/publication/schedule/2023/01/2023-01-01-general-schedule-volume-1.pdf?variant=3,au_pbs_archive_2023_01_01_5c1ea1650f7f
sha256:3fd990fafa8a1094b2d38caf59e8f128c1108e30ff74c0fb59e49a8680c37ba2,1885953,evidence:sha256:3fd990fafa8a1094b2d38caf59e8f128c1108e30ff74c0fb59e49a8680c37ba2,rights_constrained_reference,2026-08-27T08:02:43.936236+00:00,sha256:3fd990fafa8a1094b2d38caf59e8f128c1108e30ff74c0fb59e49a8680c37ba2,B2 historical checksum reference records current-run fixity; source bytes remain ignored and local.,3fd990fafa8a1094b2d38caf59e8f128c1108e30ff74c0fb59e49a8680c37ba2,public_reuse_review,au_mbs,https://www.mbsonline.gov.au/internet/mbsonline/publishing.nsf/Content/515793D58E889BD0CA257CD100033990/$File/1999-03-MBS.pdf,au_mbs_historical_0114
sha256:404af37873799cce1d081d75056be8b43ce448eeab8379077f64d18bd884a13f,2734418,evidence:sha256:404af37873799cce1d081d75056be8b43ce448eeab8379077f64d18bd884a13f,rights_constrained_reference,2026-08-27T08:02:43.936236+00:00,sha256:404af37873799cce1d081d75056be8b43ce448eeab8379077f64d18bd884a13f,B2 historical checksum reference records current-run fixity; source bytes remain ignored and local.,404af37873799cce1d081d75056be8b43ce448eeab8379077f64d18bd884a13f,public_reuse_review,au_pbs,https://www.pbs.gov.au/publication/schedule/2020/05/2020-05-01-general-soc.pdf?variant=3,au_pbs_archive_2020_05_01_1de84797200a
sha256:40832851aae3dc3d3a0eac7b80b7f242c4fd7fc4c8902863b2a9d274ae50c0e9,6907461,evidence:sha256:40832851aae3dc3d3a0eac7b80b7f242c4fd7fc4c8902863b2a9d274ae50c0e9,rights_constrained_reference,2026-08-27T08:02:43.936236+00:00,sha256:40832851aae3dc3d3a0eac7b80b7f242c4fd7fc4c8902863b2a9d274ae50c0e9,B2 historical checksum reference records current-run fixity; source bytes remain ignored and local.,40832851aae3dc3d3a0eac7b80b7f242c4fd7fc4c8902863b2a9d274ae50c0e9,public_reuse_review,au_pbs,https://www.pbs.gov.au/publication/schedule/2007/2007-12-01-general-schedule.pdf?variant=3,au_pbs_archive_2007_12_01_d31ab1b6b90b
sha256:408a454ab612957d64070c8b59d4306ffbf0d071fbb0bf8f391da0f168f3b4ee,19176011,evidence:sha256:408a454ab612957d64070c8b59d4306ffbf0d071fbb0bf8f391da0f168f3b4ee,rights_constrained_reference,2026-08-27T08:02:43.936236+00:00,sha256:408a454ab612957d64070c8b59d4306ffbf0d071fbb0bf8f391da0f168f3b4ee,B2 historical checksum reference records current-run fixity; source bytes remain ignored and local.,408a454ab612957d64070c8b59d4306ffbf0d071fbb0bf8f391da0f168f3b4ee,public_reuse_review,au_pbs,https://www.pbs.gov.au/publication/schedule/2023/03/2023-03-01-general-schedule-volume-1.pdf?variant=3,au_pbs_archive_2023_03_01_0cd9b99a0e6f
sha256:41291c0ac47be5739dfa4edf9c28be33a73560b6d8fa35b8ab892f03836987fa,4149428,evidence:sha256:41291c0ac47be5739dfa4edf9c28be33a73560b6d8fa35b8ab892f03836987fa,rights_constrained_reference,2026-08-27T08:02:43.936236+00:00,sha256:41291c0ac47be5739dfa4edf9c28be33a73560b6d8fa35b8ab892f03836987fa,B2 historical checksum reference records current-run fixity; source bytes remain ignored and local.,41291c0ac47be5739dfa4edf9c28be33a73560b6d8fa35b8ab892f03836987fa,public_reuse_review,au_pbs,https://www.pbs.gov.au/publication/schedule/2008/2008-08-01-general-schedule.pdf?variant=3,au_pbs_archive_2008_08_01_5204e4c22f60
sha256:4144f7bbde938eb9989a730cee4ca99c8cdb5de225fcb41a82624be79cabae2e,1330289,evidence:sha256:4144f7bbde938eb9989a730cee4ca99c8cdb5de225fcb41a82624be79cabae2e,rights_constrained_reference,2026-08-27T08:02:43.936236+00:00,sha256:4144f7bbde938eb9989a730cee4ca99c8cdb5de225fcb41a82624be79cabae2e,B2 historical checksum reference records current-run fixity; source bytes remain ignored and local.,4144f7bbde938eb9989a730cee4ca99c8cdb5de225fcb41a82624be79cabae2e,public_reuse_review,au_mbs,https://www.mbsonline.gov.au/internet/mbsonline/publishing.nsf/Content/FBE6CC5B217AC8DACA25859E0016F5A3/$File/202107-cat6f.pdf,au_mbs_historical_0335
sha256:4188b1231afcacb810976533021eba5384645d47fbdf7164cad9fefaddb175e7,2513927,evidence:sha256:4188b1231afcacb810976533021eba5384645d47fbdf7164cad9fefaddb175e7,rights_constrained_reference,2026-08-27T08:02:43.936236+00:00,sha256:4188b1231afcacb810976533021eba5384645d47fbdf7164cad9fefaddb175e7,B2 historical checksum reference records current-run fixity; source bytes remain ignored and local.,4188b1231afcacb810976533021eba5384645d47fbdf7164cad9fefaddb175e7,public_reuse_review,au_pbs,https://www.pbs.gov.au/publication/schedule/2024/10/2024-10-01-efc-schedule.pdf?variant=3,au_pbs_archive_2024_10_01_7570594bd4a4
sha256:41b460f51ba6c054ff18fcb37414c30f9125a776275c6a22197c0f8e8cf9620c,126600,evidence:sha256:41b460f51ba6c054ff18fcb37414c30f9125a776275c6a22197c0f8e8cf9620c,rights_constrained_reference,2026-08-27T08:02:43.936236+00:00,sha256:41b460f51ba6c054ff18fcb37414c30f9125a776275c6a22197c0f8e8cf9620c,B2 historical checksum reference records current-run fixity; source bytes remain ignored and local.,41b460f51ba6c054ff18fcb37414c30f9125a776275c6a22197c0f8e8cf9620c,public_reuse_review,au_pbs,https://www.pbs.gov.au/publication/schedule/2012/04/2012-04-01-dental-book-SOC.pdf?variant=3,au_pbs_archive_2012_04_01_4e339db33d40
sha256:4202367619d50959d852968088e4a54bbceb1b33fdd5fa5c766a7997f4a63eb0,2182649,evidence:sha256:4202367619d50959d852968088e4a54bbceb1b33fdd5fa5c766a7997f4a63eb0,rights_constrained_reference,2026-08-27T08:02:43.936236+00:00,sha256:4202367619d50959d852968088e4a54bbceb1b33fdd5fa5c766a7997f4a63eb0,B2 historical checksum reference records current-run fixity; source bytes remain ignored and local.,4202367619d50959d852968088e4a54bbceb1b33fdd5fa5c766a7997f4a63eb0,public_reuse_review,au_mbs,https://www.mbsonline.gov.au/internet/mbsonline/publishing.nsf/Content/FBE6CC5B217AC8DACA25859E0016F5A3/$File/202107-Cat8.pdf,au_mbs_historical_0329
sha256:4206e0556ae0c5e1fbf36c3fcd3e623e02c0bb10f086bd942124e5c8386bb47e,9878135,evidence:sha256:4206e0556ae0c5e1fbf36c3fcd3e623e02c0bb10f086bd942124e5c8386bb47e,rights_constrained_reference,2026-08-27T08:02:43.936236+00:00,sha256:4206e0556ae0c5e1fbf36c3fcd3e623e02c0bb10f086bd942124e5c8386bb47e,B2 historical checksum reference records current-run fixity; source bytes remain ignored and local.,4206e0556ae0c5e1fbf36c3fcd3e623e02c0bb10f086bd942124e5c8386bb47e,public_reuse_review,au_pbs,https://www.pbs.gov.au/publication/schedule/2011/02/2011-02-01-general-schedule.pdf?variant=3,au_pbs_archive_2011_02_01_64f5eceb8399
sha256:421d75060bfcb1677819201e86f4c5f38e15c6e7507ec2c9d51a76fa7118ac95,2138966,evidence:sha256:421d75060bfcb1677819201e86f4c5f38e15c6e7507ec2c9d51a76fa7118ac95,rights_constrained_reference,2026-08-27T08:02:43.936236+00:00,sha256:421d75060bfcb1677819201e86f4c5f38e15c6e7507ec2c9d51a76fa7118ac95,B2 historical checksum reference records current-run fixity; source bytes remain ignored and local.,421d75060bfcb1677819201e86f4c5f38e15c6e7507ec2c9d51a76fa7118ac95,public_reuse_review,au_mbs,https://www.mbsonline.gov.au/internet/mbsonline/publishing.nsf/Content/DD4BF54A34D823FDCA25881700139AD5/$File/202207-Cat8d.pdf,au_mbs_historical_0292
sha256:4229571b0d5f0e5c0a187b33239052ed4d7699107916a77ea49ec0f6aa9ebba1,6905420,evidence:sha256:4229571b0d5f0e5c0a187b33239052ed4d7699107916a77ea49ec0f6aa9ebba1,rights_constrained_reference,2026-08-27T08:02:43.936236+00:00,sha256:4229571b0d5f0e5c0a187b33239052ed4d7699107916a77ea49ec0f6aa9ebba1,B2 historical checksum reference records current-run fixity; source bytes remain ignored and local.,4229571b0d5f0e5c0a187b33239052ed4d7699107916a77ea49ec0f6aa9ebba1,public_reuse_review,au_pbs,https://www.pbs.gov.au/publication/schedule/2013/03/2013-03-01-general-schedule.pdf?variant=3,au_pbs_archive_2013_03_01_41cafa88a2b3
sha256:428f192b13e8b9f61331b03b83af1dd5a208d968cfca7c459ec69fc30d58ac81,17003961,evidence:sha256:428f192b13e8b9f61331b03b83af1dd5a208d968cfca7c459ec69fc30d58ac81,rights_constrained_reference,2026-08-27T08:02:43.936236+00:00,sha256:428f192b13e8b9f61331b03b83af1dd5a208d968cfca7c459ec69fc30d58ac81,B2 historical checksum reference records current-run fixity; source bytes remain ignored and local.,428f192b13e8b9f61331b03b83af1dd5a208d968cfca7c459ec69fc30d58ac81,public_reuse_review,au_mbs,https://www.mbsonline.gov.au/internet/mbsonline/publishing.nsf/Content/40901A5DCA1CD593CA258614007F45C1/$File/201705-MBS.pdf,au_mbs_historical_0046
sha256:42c2d73d0c74f790ba311678c541f3b9bb76a6bea4d0c4052cc95366d88a143d,12930941,evidence:sha256:42c2d73d0c74f790ba311678c541f3b9bb76a6bea4d0c4052cc95366d88a143d,rights_constrained_reference,2026-08-27T08:02:43.936236+00:00,sha256:42c2d73d0c74f790ba311678c541f3b9bb76a6bea4d0c4052cc95366d88a143d,B2 historical checksum reference records current-run fixity; source bytes remain ignored and local.,42c2d73d0c74f790ba311678c541f3b9bb76a6bea4d0c4052cc95366d88a143d,public_reuse_review,au_mbs,https://www.mbsonline.gov.au/internet/mbsonline/publishing.nsf/Content/B013E0789A07D708CA258B030013670A/$File/PDF%20Version%20of%20the%20MBSBook%20-%201%20July%202024.pdf,au_mbs_historical_0268
sha256:42c410fdd89df05cb88002e6ce424c7feeda21469ff3898a92bdb1618e99b89e,5219075,evidence:sha256:42c410fdd89df05cb88002e6ce424c7feeda21469ff3898a92bdb1618e99b89e,rights_constrained_reference,2026-08-27T08:02:43.936236+00:00,sha256:42c410fdd89df05cb88002e6ce424c7feeda21469ff3898a92bdb1618e99b89e,B2 historical checksum reference records current-run fixity; source bytes remain ignored and local.,42c410fdd89df05cb88002e6ce424c7feeda21469ff3898a92bdb1618e99b89e,public_reuse_review,au_mbs,https://www.mbsonline.gov.au/internet/mbsonline/publishing.nsf/Content/E137A6BDE8494881CA2585FF000A72FF/$File/201212-MBS.pdf,au_mbs_historical_0316
sha256:42cdd82c3a8f725c6e6a90c44b821a43409ea43a5a7b6bd2af5b5f2c47456d79,17586875,evidence:sha256:42cdd82c3a8f725c6e6a90c44b821a43409ea43a5a7b6bd2af5b5f2c47456d79,rights_constrained_reference,2026-08-27T08:02:43.936236+00:00,sha256:42cdd82c3a8f725c6e6a90c44b821a43409ea43a5a7b6bd2af5b5f2c47456d79,B2 historical checksum reference records current-run fixity; source bytes remain ignored and local.,42cdd82c3a8f725c6e6a90c44b821a43409ea43a5a7b6bd2af5b5f2c47456d79,public_reuse_review,au_pbs,https://www.pbs.gov.au/publication/schedule/2015/10/2015-10-01-general-schedule.pdf?variant=3,au_pbs_archive_2015_10_01_5845d71ebdb4
sha256:433170926c16fac26dda5d00cae826b2711ec5cf064adc6d6a947d8fae28c93d,11109314,evidence:sha256:433170926c16fac26dda5d00cae826b2711ec5cf064adc6d6a947d8fae28c93d,rights_constrained_reference,2026-08-27T08:02:43.936236+00:00,sha256:433170926c16fac26dda5d00cae826b2711ec5cf064adc6d6a947d8fae28c93d,B2 historical checksum reference records current-run fixity; source bytes remain ignored and local.,433170926c16fac26dda5d00cae826b2711ec5cf064adc6d6a947d8fae28c93d,public_reuse_review,au_pbs,https://www.pbs.gov.au/publication/schedule/2024/04/2024-04-01-general-schedule-volume-2.pdf?variant=3,au_pbs_archive_2024_04_01_6c75ce344f6b
sha256:435ba58de881eaad86fa6b94e1835c0c444a2da62eb5b523c62891d7cccd5f0c,2947692,evidence:sha256:435ba58de881eaad86fa6b94e1835c0c444a2da62eb5b523c62891d7cccd5f0c,rights_constrained_reference,2026-08-27T08:02:43.936236+00:00,sha256:435ba58de881eaad86fa6b94e1835c0c444a2da62eb5b523c62891d7cccd5f0c,B2 historical checksum reference records current-run fixity; source bytes remain ignored and local.,435ba58de881eaad86fa6b94e1835c0c444a2da62eb5b523c62891d7cccd5f0c,public_reuse_review,au_mbs,https://www.mbsonline.gov.au/internet/mbsonline/publishing.nsf/Content/515793D58E889BD0CA257CD100033990/$File/2002-11-MBS.pdf,au_mbs_historical_0125
sha256:437fc4820375983ae649b93d7289704ea5e6d089beadfe499a60e4756e0ff206,1352935,evidence:sha256:437fc4820375983ae649b93d7289704ea5e6d089beadfe499a60e4756e0ff206,rights_constrained_reference,2026-08-27T08:02:43.936236+00:00,sha256:437fc4820375983ae649b93d7289704ea5e6d089beadfe499a60e4756e0ff206,B2 historical checksum reference records current-run fixity; source bytes remain ignored and local.,437fc4820375983ae649b93d7289704ea5e6d089beadfe499a60e4756e0ff206,public_reuse_review,au_mbs,https://www.mbsonline.gov.au/internet/mbsonline/publishing.nsf/Content/515793D58E889BD0CA257CD100033990/$File/1992-02-DI.pdf,au_mbs_historical_0090
sha256:438124ef98e6638be7acadf077dfb90ba681347477193b47313a213ef0107338,188044,evidence:sha256:438124ef98e6638be7acadf077dfb90ba681347477193b47313a213ef0107338,rights_constrained_reference,2026-08-27T08:02:43.936236+00:00,sha256:438124ef98e6638be7acadf077dfb90ba681347477193b47313a213ef0107338,B2 historical checksum reference records current-run fixity; source bytes remain ignored and local.,438124ef98e6638be7acadf077dfb90ba681347477193b47313a213ef0107338,public_reuse_review,au_pbs,https://www.pbs.gov.au/publication/schedule/2011/01/2011-01-01-general-schedule-SOC.pdf?variant=3,au_pbs_archive_2011_01_01_e8ba408b81b1
sha256:43b59ba90dac1f80b521d974993cb238fc9e5edcc04110ad2d1f4a887e673f4d,109770,evidence:sha256:43b59ba90dac1f80b521d974993cb238fc9e5edcc04110ad2d1f4a887e673f4d,rights_constrained_reference,2026-08-27T08:02:43.936236+00:00,sha256:43b59ba90dac1f80b521d974993cb238fc9e5edcc04110ad2d1f4a887e673f4d,B2 historical checksum reference records current-run fixity; source bytes remain ignored and local.,43b59ba90dac1f80b521d974993cb238fc9e5edcc04110ad2d1f4a887e673f4d,public_reuse_review,au_pbs,https://www.pbs.gov.au/publication/schedule/2012/08/2012-08-01-efc-schedule-addendum.pdf?variant=3,au_pbs_archive_2012_08_01_797468150a23
sha256:43ccb847afc7d1b6790976f5c7488c171fde454404281d37a913c54ff2656d20,121362,evidence:sha256:43ccb847afc7d1b6790976f5c7488c171fde454404281d37a913c54ff2656d20,rights_constrained_reference,2026-08-27T08:02:43.936236+00:00,sha256:43ccb847afc7d1b6790976f5c7488c171fde454404281d37a913c54ff2656d20,B2 historical checksum reference records current-run fixity; source bytes remain ignored and local.,43ccb847afc7d1b6790976f5c7488c171fde454404281d37a913c54ff2656d20,public_reuse_review,au_pbs,https://www.pbs.gov.au/publication/schedule/2010/2010-12-01-general-schedule-SOC.pdf?variant=3,au_pbs_archive_2010_12_01_502be26b6996
sha256:43d571d1b55bfd98b5a101813ced905d9d762af429791245b53c843d6d15df55,6298019,evidence:sha256:43d571d1b55bfd98b5a101813ced905d9d762af429791245b53c843d6d15df55,rights_constrained_reference,2026-08-27T08:02:43.936236+00:00,sha256:43d571d1b55bfd98b5a101813ced905d9d762af429791245b53c843d6d15df55,B2 historical checksum reference records current-run fixity; source bytes remain ignored and local.,43d571d1b55bfd98b5a101813ced905d9d762af429791245b53c843d6d15df55,public_reuse_review,au_pbs,https://www.pbs.gov.au/publication/schedule/2014/04/2014-04-01-general-schedule.pdf?variant=3,au_pbs_archive_2014_04_01_234ada1ac508
sha256:43f47cc2748823c41bc88a4e92ea8bbb6b93a26b4bda8cb8bdbdab7ffb4ad6af,444257,evidence:sha256:43f47cc2748823c41bc88a4e92ea8bbb6b93a26b4bda8cb8bdbdab7ffb4ad6af,rights_constrained_reference,2026-08-27T08:02:43.936236+00:00,sha256:43f47cc2748823c41bc88a4e92ea8bbb6b93a26b4bda8cb8bdbdab7ffb4ad6af,B2 historical checksum reference records current-run fixity; source bytes remain ignored and local.,43f47cc2748823c41bc88a4e92ea8bbb6b93a26b4bda8cb8bdbdab7ffb4ad6af,public_reuse_review,au_pbs,https://www.pbs.gov.au/publication/schedule/2008/2008-03-01-dental-book.pdf?variant=3,au_pbs_archive_2008_03_01_6c651702f72e
sha256:441400dad62148830af40136379a6191a016da7b4250823df23b37511a00e552,215730,evidence:sha256:441400dad62148830af40136379a6191a016da7b4250823df23b37511a00e552,rights_constrained_reference,2026-08-27T08:02:43.936236+00:00,sha256:441400dad62148830af40136379a6191a016da7b4250823df23b37511a00e552,B2 historical checksum reference records current-run fixity; source bytes remain ignored and local.,441400dad62148830af40136379a6191a016da7b4250823df23b37511a00e552,public_reuse_review,au_pbs,https://www.pbs.gov.au/publication/schedule/2009/2009-06-01-general-schedule-soc.pdf?variant=3,au_pbs_archive_2009_06_01_0e079a74bc3b
sha256:4456a1bcb9b5006cc056d64e23c3d312ddb1de3fd00863ccc843a498704f867d,12268178,evidence:sha256:4456a1bcb9b5006cc056d64e23c3d312ddb1de3fd00863ccc843a498704f867d,rights_constrained_reference,2026-08-27T08:02:43.936236+00:00,sha256:4456a1bcb9b5006cc056d64e23c3d312ddb1de3fd00863ccc843a498704f867d,B2 historical checksum reference records current-run fixity; source bytes remain ignored and local.,4456a1bcb9b5006cc056d64e23c3d312ddb1de3fd00863ccc843a498704f867d,public_reuse_review,au_mbs,https://www.mbsonline.gov.au/internet/mbsonline/publishing.nsf/Content/E528C73047125137CA258797000C9597/$File/MBSBook%201%20March%202022-v2.pdf,au_mbs_historical_0319
sha256:44ef3f42bf8af482935cdaa95fd23b88299d45c652ef0d3faa871fe3fa1294ad,452232,evidence:sha256:44ef3f42bf8af482935cdaa95fd23b88299d45c652ef0d3faa871fe3fa1294ad,rights_constrained_reference,2026-08-27T08:02:43.936236+00:00,sha256:44ef3f42bf8af482935cdaa95fd23b88299d45c652ef0d3faa871fe3fa1294ad,B2 historical checksum reference records current-run fixity; source bytes remain ignored and local.,44ef3f42bf8af482935cdaa95fd23b88299d45c652ef0d3faa871fe3fa1294ad,public_reuse_review,au_pbs,https://www.pbs.gov.au/publication/schedule/2009/2009-08-01-dental-book.pdf?variant=3,au_pbs_archive_2009_08_01_9d9765afbb9c
sha256:45510f54cd182b632c12aeaa9b4095d6f1271b657a029513b6cac49258a43bfa,282975,evidence:sha256:45510f54cd182b632c12aeaa9b4095d6f1271b657a029513b6cac49258a43bfa,rights_constrained_reference,2026-08-27T08:02:43.936236+00:00,sha256:45510f54cd182b632c12aeaa9b4095d6f1271b657a029513b6cac49258a43bfa,B2 historical checksum reference records current-run fixity; source bytes remain ignored and local.,45510f54cd182b632c12aeaa9b4095d6f1271b657a029513b6cac49258a43bfa,public_reuse_review,au_pbs,https://www.pbs.gov.au/publication/schedule/2014/06/2014-06-01-general-schedule-soc.pdf?variant=3,au_pbs_archive_2014_06_01_462af6258961
sha256:455775c46beeeec60169edf8dc71360f544e57a3e176d409159009d2bd85f40d,3856801,evidence:sha256:455775c46beeeec60169edf8dc71360f544e57a3e176d409159009d2bd85f40d,rights_constrained_reference,2026-08-27T08:02:43.936236+00:00,sha256:455775c46beeeec60169edf8dc71360f544e57a3e176d409159009d2bd85f40d,B2 historical checksum reference records current-run fixity; source bytes remain ignored and local.,455775c46beeeec60169edf8dc71360f544e57a3e176d409159009d2bd85f40d,public_reuse_review,au_mbs,https://www.mbsonline.gov.au/internet/mbsonline/publishing.nsf/Content/515793D58E889BD0CA257CD100033990/$File/201005-MBS.pdf,au_mbs_historical_0169
sha256:4558c423be02b62e6bc2974a9a2b9c005e8f311d8460c468a8b8d404fdfe7d03,805088,evidence:sha256:4558c423be02b62e6bc2974a9a2b9c005e8f311d8460c468a8b8d404fdfe7d03,rights_constrained_reference,2026-08-27T08:02:43.936236+00:00,sha256:4558c423be02b62e6bc2974a9a2b9c005e8f311d8460c468a8b8d404fdfe7d03,B2 historical checksum reference records current-run fixity; source bytes remain ignored and local.,4558c423be02b62e6bc2974a9a2b9c005e8f311d8460c468a8b8d404fdfe7d03,public_reuse_review,au_pbs,https://www.pbs.gov.au/publication/schedule/2013/08/2013-08-01-efc-schedule-soc.pdf?variant=3,au_pbs_archive_2013_08_01_afecddba8bd0
sha256:455c024ba0d5714ae68fecf3af01b170acb1d2c0ee60ad6eb7400288d3058bc8,19226864,evidence:sha256:455c024ba0d5714ae68fecf3af01b170acb1d2c0ee60ad6eb7400288d3058bc8,rights_constrained_reference,2026-08-27T08:02:43.936236+00:00,sha256:455c024ba0d5714ae68fecf3af01b170acb1d2c0ee60ad6eb7400288d3058bc8,B2 historical checksum reference records current-run fixity; source bytes remain ignored and local.,455c024ba0d5714ae68fecf3af01b170acb1d2c0ee60ad6eb7400288d3058bc8,public_reuse_review,au_pbs,https://www.pbs.gov.au/publication/schedule/1951-2002/1999-11-01-PBS-Schedule.pdf?variant=3,au_pbs_archive_1999_11_01_24597ca35081
sha256:456b587dc9f7b6c28deb061342a3556d1cfa0e37caadc362c21b89f003d7589a,2368224,evidence:sha256:456b587dc9f7b6c28deb061342a3556d1cfa0e37caadc362c21b89f003d7589a,rights_constrained_reference,2026-08-27T08:02:43.936236+00:00,sha256:456b587dc9f7b6c28deb061342a3556d1cfa0e37caadc362c21b89f003d7589a,B2 historical checksum reference records current-run fixity; source bytes remain ignored and local.,456b587dc9f7b6c28deb061342a3556d1cfa0e37caadc362c21b89f003d7589a,public_reuse_review,au_pbs,https://www.pbs.gov.au/publication/schedule/2026/06/2026-06-01-general-soc.pdf?variant=3,au_pbs_archive_2026_06_01_ca369273b52a
sha256:457b7f57c26a9312c6f2710e7aa0ab0d4c84e90efd760a20ad069f2902e665bc,11934065,evidence:sha256:457b7f57c26a9312c6f2710e7aa0ab0d4c84e90efd760a20ad069f2902e665bc,rights_constrained_reference,2026-08-27T08:02:43.936236+00:00,sha256:457b7f57c26a9312c6f2710e7aa0ab0d4c84e90efd760a20ad069f2902e665bc,B2 historical checksum reference records current-run fixity; source bytes remain ignored and local.,457b7f57c26a9312c6f2710e7aa0ab0d4c84e90efd760a20ad069f2902e665bc,public_reuse_review,au_mbs,https://www.mbsonline.gov.au/internet/mbsonline/publishing.nsf/Content/F540E955EFE9BFD5CA25861500000C28/$File/201911-MBS.pdf,au_mbs_historical_0328
sha256:45a1f2d698a79ce2efaa90d42dc73066d14621b89dc6a575ea0a76bac3bbedb8,512400,evidence:sha256:45a1f2d698a79ce2efaa90d42dc73066d14621b89dc6a575ea0a76bac3bbedb8,rights_constrained_reference,2026-08-27T08:02:43.936236+00:00,sha256:45a1f2d698a79ce2efaa90d42dc73066d14621b89dc6a575ea0a76bac3bbedb8,B2 historical checksum reference records current-run fixity; source bytes remain ignored and local.,45a1f2d698a79ce2efaa90d42dc73066d14621b89dc6a575ea0a76bac3bbedb8,public_reuse_review,au_pbs,https://www.pbs.gov.au/publication/schedule/2021/05/2021-05-01-general-soc.pdf?variant=3,au_pbs_archive_2021_05_01_6cda6bfa3473
sha256:45ed18f4838937299211955ac63b0cc39338306ef4094cc6c1ba08562075311c,13575,evidence:sha256:45ed18f4838937299211955ac63b0cc39338306ef4094cc6c1ba08562075311c,rights_constrained_reference,2026-08-27T08:02:43.936236+00:00,sha256:45ed18f4838937299211955ac63b0cc39338306ef4094cc6c1ba08562075311c,B2 historical checksum reference records current-run fixity; source bytes remain ignored and local.,45ed18f4838937299211955ac63b0cc39338306ef4094cc6c1ba08562075311c,public_reuse_review,au_mbs,https://www.mbsonline.gov.au/internet/mbsonline/publishing.nsf/Content/DD4BF54A34D823FDCA25881700139AD5/$File/RVG%20file%2020220701.TXT,au_mbs_historical_0294
sha256:460941ead58b20aac34eff9a749605aa88fffbecee8598c998eeb786b7637006,17179,evidence:sha256:460941ead58b20aac34eff9a749605aa88fffbecee8598c998eeb786b7637006,rights_constrained_reference,2026-08-27T08:02:43.936236+00:00,sha256:460941ead58b20aac34eff9a749605aa88fffbecee8598c998eeb786b7637006,B2 historical checksum reference records current-run fixity; source bytes remain ignored and local.,460941ead58b20aac34eff9a749605aa88fffbecee8598c998eeb786b7637006,public_reuse_review,au_mbs,https://www.mbsonline.gov.au/internet/mbsonline/publishing.nsf/Content/8F3FA58ED97DCA35CA2584BE00111151/$File/201911-RVG.TXT,au_mbs_historical_0197
sha256:461dbdabe42e338088d454377f7d9a4c9c7f5a7777d4630d66b9b02266f033c4,469300,evidence:sha256:461dbdabe42e338088d454377f7d9a4c9c7f5a7777d4630d66b9b02266f033c4,rights_constrained_reference,2026-08-27T08:02:43.936236+00:00,sha256:461dbdabe42e338088d454377f7d9a4c9c7f5a7777d4630d66b9b02266f033c4,B2 historical checksum reference records current-run fixity; source bytes remain ignored and local.,461dbdabe42e338088d454377f7d9a4c9c7f5a7777d4630d66b9b02266f033c4,public_reuse_review,au_mbs,https://www.mbsonline.gov.au/internet/mbsonline/publishing.nsf/Content/E137A6BDE8494881CA2585FF000A72FF/$File/201212-Allied.pdf,au_mbs_historical_0315
sha256:462fc44c01673eaad2bfba01651ae11358baaf0dd0f9c4ceda57c1a3c6de01ad,883508,evidence:sha256:462fc44c01673eaad2bfba01651ae11358baaf0dd0f9c4ceda57c1a3c6de01ad,rights_constrained_reference,2026-08-27T08:02:43.936236+00:00,sha256:462fc44c01673eaad2bfba01651ae11358baaf0dd0f9c4ceda57c1a3c6de01ad,B2 historical checksum reference records current-run fixity; source bytes remain ignored and local.,462fc44c01673eaad2bfba01651ae11358baaf0dd0f9c4ceda57c1a3c6de01ad,public_reuse_review,au_pbs,https://www.pbs.gov.au/publication/schedule/2010/2010-12-01-dental-book.pdf?variant=3,au_pbs_archive_2010_12_01_07a316f685c5
sha256:465540473ac2c8d13511d6a01c18e692cb2cd7ccef103828ddbdecb61443a5b1,581180,evidence:sha256:465540473ac2c8d13511d6a01c18e692cb2cd7ccef103828ddbdecb61443a5b1,rights_constrained_reference,2026-08-27T08:02:43.936236+00:00,sha256:465540473ac2c8d13511d6a01c18e692cb2cd7ccef103828ddbdecb61443a5b1,B2 historical checksum reference records current-run fixity; source bytes remain ignored and local.,465540473ac2c8d13511d6a01c18e692cb2cd7ccef103828ddbdecb61443a5b1,public_reuse_review,au_pbs,https://www.pbs.gov.au/publication/schedule/2014/10/2014-10-01-efc-schedule.pdf?variant=3,au_pbs_archive_2014_10_01_0244f530276b
sha256:467885748e487aebe21899ae189de72d65cbc432fc3d5cf080a58ce7d33b0c67,470272,evidence:sha256:467885748e487aebe21899ae189de72d65cbc432fc3d5cf080a58ce7d33b0c67,rights_constrained_reference,2026-08-27T08:02:43.936236+00:00,sha256:467885748e487aebe21899ae189de72d65cbc432fc3d5cf080a58ce7d33b0c67,B2 historical checksum reference records current-run fixity; source bytes remain ignored and local.,467885748e487aebe21899ae189de72d65cbc432fc3d5cf080a58ce7d33b0c67,public_reuse_review,au_pbs,https://www.pbs.gov.au/publication/schedule/2013/06/2013-06-01-errata.pdf?variant=3,au_pbs_archive_2013_06_01_645f8ceb4951
sha256:468abbbcca6b4d8af4e3a65596e55006feb25f977d633f822bb68f61739ca75d,14910730,evidence:sha256:468abbbcca6b4d8af4e3a65596e55006feb25f977d633f822bb68f61739ca75d,rights_constrained_reference,2026-08-27T08:02:43.936236+00:00,sha256:468abbbcca6b4d8af4e3a65596e55006feb25f977d633f822bb68f61739ca75d,B2 historical checksum reference records current-run fixity; source bytes remain ignored and local.,468abbbcca6b4d8af4e3a65596e55006feb25f977d633f822bb68f61739ca75d,public_reuse_review,au_pbs,https://www.pbs.gov.au/publication/schedule/2025/06/2025-06-01-general-schedule-volume-2.pdf?variant=3,au_pbs_archive_2025_06_01_57ee13a6b5e1
sha256:468d4baa2586cc4c8de1ef6b0543a0818ebd3c76e687a7ab3fb6e629f7f5f5d7,17021748,evidence:sha256:468d4baa2586cc4c8de1ef6b0543a0818ebd3c76e687a7ab3fb6e629f7f5f5d7,rights_constrained_reference,2026-08-27T08:02:43.936236+00:00,sha256:468d4baa2586cc4c8de1ef6b0543a0818ebd3c76e687a7ab3fb6e629f7f5f5d7,B2 historical checksum reference records current-run fixity; source bytes remain ignored and local.,468d4baa2586cc4c8de1ef6b0543a0818ebd3c76e687a7ab3fb6e629f7f5f5d7,public_reuse_review,au_mbs,https://www.mbsonline.gov.au/internet/mbsonline/publishing.nsf/Content/70CAF134CEE45219CA258614007874F8/$File/201611-MBS.pdf,au_mbs_historical_0195
sha256:46929dd96b5c9832bce61c441d8560cc45fb21bb8c035bfb73bf04d859183d93,28587481,evidence:sha256:46929dd96b5c9832bce61c441d8560cc45fb21bb8c035bfb73bf04d859183d93,rights_constrained_reference,2026-08-27T08:02:43.936236+00:00,sha256:46929dd96b5c9832bce61c441d8560cc45fb21bb8c035bfb73bf04d859183d93,B2 historical checksum reference records current-run fixity; source bytes remain ignored and local.,46929dd96b5c9832bce61c441d8560cc45fb21bb8c035bfb73bf04d859183d93,public_reuse_review,au_pbs,https://www.pbs.gov.au/publication/schedule/2026/04/2026-04-01-general-schedule-Volume-1.pdf?variant=3,au_pbs_archive_2026_04_01_8c522c24d493
sha256:46d1e616071aa1b981f81e44eaa72ca7adb0f026529769bbecd90228f36f6300,16053842,evidence:sha256:46d1e616071aa1b981f81e44eaa72ca7adb0f026529769bbecd90228f36f6300,rights_constrained_reference,2026-08-27T08:02:43.936236+00:00,sha256:46d1e616071aa1b981f81e44eaa72ca7adb0f026529769bbecd90228f36f6300,B2 historical checksum reference records current-run fixity; source bytes remain ignored and local.,46d1e616071aa1b981f81e44eaa72ca7adb0f026529769bbecd90228f36f6300,public_reuse_review,au_pbs,https://www.pbs.gov.au/publication/schedule/1951-2002/1973-12-01-consolidated-schedules.pdf?variant=3,au_pbs_archive_1973_12_01_bce2b6915670
sha256:46e48fed9fe85a57814332aa066744c6821d4096005924059435efeb66430442,120855,evidence:sha256:46e48fed9fe85a57814332aa066744c6821d4096005924059435efeb66430442,rights_constrained_reference,2026-08-27T08:02:43.936236+00:00,sha256:46e48fed9fe85a57814332aa066744c6821d4096005924059435efeb66430442,B2 historical checksum reference records current-run fixity; source bytes remain ignored and local.,46e48fed9fe85a57814332aa066744c6821d4096005924059435efeb66430442,public_reuse_review,au_mbs,https://www.mbsonline.gov.au/internet/mbsonline/publishing.nsf/Content/515793D58E889BD0CA257CD100033990/$File/2005-11-Allied.pdf,au_mbs_historical_0136
sha256:46ea1761052c714e4f480278faa63f784007ffeef9182db1a990e1519ffdb125,276775,evidence:sha256:46ea1761052c714e4f480278faa63f784007ffeef9182db1a990e1519ffdb125,rights_constrained_reference,2026-08-27T08:02:43.936236+00:00,sha256:46ea1761052c714e4f480278faa63f784007ffeef9182db1a990e1519ffdb125,B2 historical checksum reference records current-run fixity; source bytes remain ignored and local.,46ea1761052c714e4f480278faa63f784007ffeef9182db1a990e1519ffdb125,public_reuse_review,au_pbs,https://www.pbs.gov.au/publication/schedule/2008/2008-09-01-general-schedule-soc.pdf?variant=3,au_pbs_archive_2008_09_01_10ffb312965e
sha256:4749e7ad53414b31f1d0ea2eef6a6fc2f591643069b8e857f092862287a15a4d,210216,evidence:sha256:4749e7ad53414b31f1d0ea2eef6a6fc2f591643069b8e857f092862287a15a4d,rights_constrained_reference,2026-08-27T08:02:43.936236+00:00,sha256:4749e7ad53414b31f1d0ea2eef6a6fc2f591643069b8e857f092862287a15a4d,B2 historical checksum reference records current-run fixity; source bytes remain ignored and local.,4749e7ad53414b31f1d0ea2eef6a6fc2f591643069b8e857f092862287a15a4d,public_reuse_review,au_pbs,https://www.pbs.gov.au/publication/schedule/2008/2008-07-01-general-schedule-soc.pdf?variant=3,au_pbs_archive_2008_07_01_014ce140a400
sha256:47652585d8df6f8084347be0f25c6b4add08b7128c2fa6adb9c3f0c132ea2d31,70934,evidence:sha256:47652585d8df6f8084347be0f25c6b4add08b7128c2fa6adb9c3f0c132ea2d31,rights_constrained_reference,2026-08-27T08:02:43.936236+00:00,sha256:47652585d8df6f8084347be0f25c6b4add08b7128c2fa6adb9c3f0c132ea2d31,B2 historical checksum reference records current-run fixity; source bytes remain ignored and local.,47652585d8df6f8084347be0f25c6b4add08b7128c2fa6adb9c3f0c132ea2d31,public_reuse_review,au_pbs,https://www.pbs.gov.au/publication/schedule/2011/12/2011-12-01-chemotherapy-booklet-erratum.pdf?variant=3,au_pbs_archive_2011_12_01_74ab5bd37a66
sha256:4777547cc43575cce9177641850a85f429388aeeea368d9754910e7fc6d1fb93,336434,evidence:sha256:4777547cc43575cce9177641850a85f429388aeeea368d9754910e7fc6d1fb93,rights_constrained_reference,2026-08-27T08:02:43.936236+00:00,sha256:4777547cc43575cce9177641850a85f429388aeeea368d9754910e7fc6d1fb93,B2 historical checksum reference records current-run fixity; source bytes remain ignored and local.,4777547cc43575cce9177641850a85f429388aeeea368d9754910e7fc6d1fb93,public_reuse_review,au_pbs,https://www.pbs.gov.au/publication/schedule/2015/02/2015-02-01-errata.pdf?variant=3,au_pbs_archive_2015_02_01_e82b80dc1883
sha256:47aab14b889c999aa546538331a28042d71bc043bb628b4448bd0e5e193068c4,1251432,evidence:sha256:47aab14b889c999aa546538331a28042d71bc043bb628b4448bd0e5e193068c4,rights_constrained_reference,2026-08-27T08:02:43.936236+00:00,sha256:47aab14b889c999aa546538331a28042d71bc043bb628b4448bd0e5e193068c4,B2 historical checksum reference records current-run fixity; source bytes remain ignored and local.,47aab14b889c999aa546538331a28042d71bc043bb628b4448bd0e5e193068c4,public_reuse_review,au_pbs,https://www.pbs.gov.au/publication/schedule/2016/10/2016-10-01-efc-schedule.pdf?variant=3,au_pbs_archive_2016_10_01_84693bb9e30d
sha256:47adb7c388823ff7c40a56f9b569c9d66c64a0627f83ba1475d0beefbef5dd29,12260477,evidence:sha256:47adb7c388823ff7c40a56f9b569c9d66c64a0627f83ba1475d0beefbef5dd29,rights_constrained_reference,2026-08-27T08:02:43.936236+00:00,sha256:47adb7c388823ff7c40a56f9b569c9d66c64a0627f83ba1475d0beefbef5dd29,B2 historical checksum reference records current-run fixity; source bytes remain ignored and local.,47adb7c388823ff7c40a56f9b569c9d66c64a0627f83ba1475d0beefbef5dd29,public_reuse_review,au_pbs,https://www.pbs.gov.au/publication/schedule/2021/06/2021-06-01-general-schedule-volume-2.pdf?variant=3,au_pbs_archive_2021_06_01_34c0af89316f
sha256:47b7919853168e48301a26d587202bd73cb7ba73c155dcdc8ef5313c7cbd7e8d,4849418,evidence:sha256:47b7919853168e48301a26d587202bd73cb7ba73c155dcdc8ef5313c7cbd7e8d,rights_constrained_reference,2026-08-27T08:02:43.936236+00:00,sha256:47b7919853168e48301a26d587202bd73cb7ba73c155dcdc8ef5313c7cbd7e8d,B2 historical checksum reference records current-run fixity; source bytes remain ignored and local.,47b7919853168e48301a26d587202bd73cb7ba73c155dcdc8ef5313c7cbd7e8d,public_reuse_review,au_pbs,https://www.pbs.gov.au/publication/schedule/2006/2006-08-01-general-schedule.pdf?variant=3,au_pbs_archive_2006_08_01_5936ea74234b
sha256:47df589c9d3b402e810171a2f3810b9abae16f1e03f23854a2f3cfe65ee05f03,13069182,evidence:sha256:47df589c9d3b402e810171a2f3810b9abae16f1e03f23854a2f3cfe65ee05f03,rights_constrained_reference,2026-08-27T08:02:43.936236+00:00,sha256:47df589c9d3b402e810171a2f3810b9abae16f1e03f23854a2f3cfe65ee05f03,B2 historical checksum reference records current-run fixity; source bytes remain ignored and local.,47df589c9d3b402e810171a2f3810b9abae16f1e03f23854a2f3cfe65ee05f03,public_reuse_review,au_pbs,https://www.pbs.gov.au/publication/schedule/1951-2002/1962-11-01-consolidated-schedules.pdf?variant=3,au_pbs_archive_1962_11_01_2ce569111ca7
sha256:483b14148c055d9844b92583a8deb7fd81a40eec0928ebabbdef69be0ee1bc2f,11899,evidence:sha256:483b14148c055d9844b92583a8deb7fd81a40eec0928ebabbdef69be0ee1bc2f,rights_constrained_reference,2026-08-27T08:02:43.936236+00:00,sha256:483b14148c055d9844b92583a8deb7fd81a40eec0928ebabbdef69be0ee1bc2f,B2 historical checksum reference records current-run fixity; source bytes remain ignored and local.,483b14148c055d9844b92583a8deb7fd81a40eec0928ebabbdef69be0ee1bc2f,public_reuse_review,au_pbs,https://www.pbs.gov.au/publication/schedule/2012/08/2012-08-01-general-schedule-errata.pdf?variant=3,au_pbs_archive_2012_08_01_740256fa92f1
sha256:4866ac02a4d12827ba373822b5815c9fb80977f7059934de0028a47503b949c5,809014,evidence:sha256:4866ac02a4d12827ba373822b5815c9fb80977f7059934de0028a47503b949c5,rights_constrained_reference,2026-08-27T08:02:43.936236+00:00,sha256:4866ac02a4d12827ba373822b5815c9fb80977f7059934de0028a47503b949c5,B2 historical checksum reference records current-run fixity; source bytes remain ignored and local.,4866ac02a4d12827ba373822b5815c9fb80977f7059934de0028a47503b949c5,public_reuse_review,au_pbs,https://www.pbs.gov.au/publication/schedule/2009/2009-01-01-dental-book.pdf?variant=3,au_pbs_archive_2009_01_01_40dbaafdf812
sha256:48af0aa64c0da8379b2126f1dddf5f5ce0a07d0a9bc46f677cede02907aaa958,2935837,evidence:sha256:48af0aa64c0da8379b2126f1dddf5f5ce0a07d0a9bc46f677cede02907aaa958,rights_constrained_reference,2026-08-27T08:02:43.936236+00:00,sha256:48af0aa64c0da8379b2126f1dddf5f5ce0a07d0a9bc46f677cede02907aaa958,B2 historical checksum reference records current-run fixity; source bytes remain ignored and local.,48af0aa64c0da8379b2126f1dddf5f5ce0a07d0a9bc46f677cede02907aaa958,public_reuse_review,au_pbs,https://www.pbs.gov.au/publication/schedule/2011/03/2011-03-01-chemotherapy-booklet.pdf?variant=3,au_pbs_archive_2011_03_01_968600824677
sha256:48dd602ce204d7e773919e20b25cce133125da940193039bcf4eb956802dd691,9889519,evidence:sha256:48dd602ce204d7e773919e20b25cce133125da940193039bcf4eb956802dd691,rights_constrained_reference,2026-08-27T08:02:43.936236+00:00,sha256:48dd602ce204d7e773919e20b25cce133125da940193039bcf4eb956802dd691,B2 historical checksum reference records current-run fixity; source bytes remain ignored and local.,48dd602ce204d7e773919e20b25cce133125da940193039bcf4eb956802dd691,public_reuse_review,au_pbs,https://www.pbs.gov.au/publication/schedule/2024/12/2024-12-01-general-schedule-volume-1.pdf?variant=3,au_pbs_archive_2024_12_01_8ea7889cdb9b
sha256:49239df373b2459ee2cdf609054952f58e6abd19b23a61de2ec72359ebdaae58,375986,evidence:sha256:49239df373b2459ee2cdf609054952f58e6abd19b23a61de2ec72359ebdaae58,rights_constrained_reference,2026-08-27T08:02:43.936236+00:00,sha256:49239df373b2459ee2cdf609054952f58e6abd19b23a61de2ec72359ebdaae58,B2 historical checksum reference records current-run fixity; source bytes remain ignored and local.,49239df373b2459ee2cdf609054952f58e6abd19b23a61de2ec72359ebdaae58,public_reuse_review,au_pbs,https://www.pbs.gov.au/publication/schedule/2011/07/2011-07-01-dental-book-SOC.pdf?variant=3,au_pbs_archive_2011_07_01_72a6154ecc22
sha256:494b51caaa766e3e439e8c2fcf7104b05370a7e30adb14032da480f8cbd1d83e,3833373,evidence:sha256:494b51caaa766e3e439e8c2fcf7104b05370a7e30adb14032da480f8cbd1d83e,rights_constrained_reference,2026-08-27T08:02:43.936236+00:00,sha256:494b51caaa766e3e439e8c2fcf7104b05370a7e30adb14032da480f8cbd1d83e,B2 historical checksum reference records current-run fixity; source bytes remain ignored and local.,494b51caaa766e3e439e8c2fcf7104b05370a7e30adb14032da480f8cbd1d83e,public_reuse_review,au_pbs,https://www.pbs.gov.au/publication/schedule/2017/12/2017-12-01-efc-schedule.pdf?variant=3,au_pbs_archive_2017_12_01_724063d0ec50
sha256:4959301e740d74fc0671f99f3c09b466b061f684cef605af223cae20e8094f2f,11234162,evidence:sha256:4959301e740d74fc0671f99f3c09b466b061f684cef605af223cae20e8094f2f,rights_constrained_reference,2026-08-27T08:02:43.936236+00:00,sha256:4959301e740d74fc0671f99f3c09b466b061f684cef605af223cae20e8094f2f,B2 historical checksum reference records current-run fixity; source bytes remain ignored and local.,4959301e740d74fc0671f99f3c09b466b061f684cef605af223cae20e8094f2f,public_reuse_review,au_mbs,https://www.mbsonline.gov.au/internet/mbsonline/publishing.nsf/Content/F540E955EFE9BFD5CA25861500000C28/$File/201904-MBS.pdf,au_mbs_historical_0323
sha256:499f49847c7d22966e14812a04f68862328fbeecd563c05b90dd8fd2a536c9d5,469262,evidence:sha256:499f49847c7d22966e14812a04f68862328fbeecd563c05b90dd8fd2a536c9d5,rights_constrained_reference,2026-08-27T08:02:43.936236+00:00,sha256:499f49847c7d22966e14812a04f68862328fbeecd563c05b90dd8fd2a536c9d5,B2 historical checksum reference records current-run fixity; source bytes remain ignored and local.,499f49847c7d22966e14812a04f68862328fbeecd563c05b90dd8fd2a536c9d5,public_reuse_review,au_mbs,https://www.mbsonline.gov.au/internet/mbsonline/publishing.nsf/Content/B900536D4B582E61CA2585FF0006926F/$File/201401-Allied.PDF,au_mbs_historical_0271
sha256:49e262e315d106f7793dbfc0927358ab2515c37c17e99c48cd8dcfea4621fc56,4581910,evidence:sha256:49e262e315d106f7793dbfc0927358ab2515c37c17e99c48cd8dcfea4621fc56,rights_constrained_reference,2026-08-27T08:02:43.936236+00:00,sha256:49e262e315d106f7793dbfc0927358ab2515c37c17e99c48cd8dcfea4621fc56,B2 historical checksum reference records current-run fixity; source bytes remain ignored and local.,49e262e315d106f7793dbfc0927358ab2515c37c17e99c48cd8dcfea4621fc56,public_reuse_review,au_pbs,https://www.pbs.gov.au/publication/schedule/2022/03/2022-03-01-efc-schedule.pdf?variant=3,au_pbs_archive_2022_03_01_13531e09ec74
sha256:49e28165c7c47b767a8fd28edc8acc908050a362bd5ca8999832681897063c66,265225,evidence:sha256:49e28165c7c47b767a8fd28edc8acc908050a362bd5ca8999832681897063c66,rights_constrained_reference,2026-08-27T08:02:43.936236+00:00,sha256:49e28165c7c47b767a8fd28edc8acc908050a362bd5ca8999832681897063c66,B2 historical checksum reference records current-run fixity; source bytes remain ignored and local.,49e28165c7c47b767a8fd28edc8acc908050a362bd5ca8999832681897063c66,public_reuse_review,au_mbs,https://www.mbsonline.gov.au/internet/mbsonline/publishing.nsf/Content/317ACF6351081DB5CA2585FF00086C40/$File/201101-allied.pdf,au_mbs_historical_0035
sha256:4a445eb78dae3cfe0f068820ad6bc4993bc0dfd99bda49fd5ff31503e914845b,1706799,evidence:sha256:4a445eb78dae3cfe0f068820ad6bc4993bc0dfd99bda49fd5ff31503e914845b,rights_constrained_reference,2026-08-27T08:02:43.936236+00:00,sha256:4a445eb78dae3cfe0f068820ad6bc4993bc0dfd99bda49fd5ff31503e914845b,B2 historical checksum reference records current-run fixity; source bytes remain ignored and local.,4a445eb78dae3cfe0f068820ad6bc4993bc0dfd99bda49fd5ff31503e914845b,public_reuse_review,au_pbs,https://www.pbs.gov.au/publication/schedule/2018/10/2018-10-01-general-soc.pdf?variant=3,au_pbs_archive_2018_10_01_8f0c27821f9c
sha256:4a4b686f7b92a08459350bb8e822d63afa6c1d9aa6af844a40e1de64a0a539c8,21382945,evidence:sha256:4a4b686f7b92a08459350bb8e822d63afa6c1d9aa6af844a40e1de64a0a539c8,rights_constrained_reference,2026-08-27T08:02:43.936236+00:00,sha256:4a4b686f7b92a08459350bb8e822d63afa6c1d9aa6af844a40e1de64a0a539c8,B2 historical checksum reference records current-run fixity; source bytes remain ignored and local.,4a4b686f7b92a08459350bb8e822d63afa6c1d9aa6af844a40e1de64a0a539c8,public_reuse_review,au_pbs,https://www.pbs.gov.au/publication/schedule/2019/04/2019-04-01-general-schedule.pdf?variant=3,au_pbs_archive_2019_04_01_01330652d121
sha256:4a58c17b8d8315edb97f954ee61d21afb95f9fb4087f41d4143dc78d5bcf19f2,1366169,evidence:sha256:4a58c17b8d8315edb97f954ee61d21afb95f9fb4087f41d4143dc78d5bcf19f2,rights_constrained_reference,2026-08-27T08:02:43.936236+00:00,sha256:4a58c17b8d8315edb97f954ee61d21afb95f9fb4087f41d4143dc78d5bcf19f2,B2 historical checksum reference records current-run fixity; source bytes remain ignored and local.,4a58c17b8d8315edb97f954ee61d21afb95f9fb4087f41d4143dc78d5bcf19f2,public_reuse_review,au_pbs,https://www.pbs.gov.au/publication/schedule/2007/2007-04-01-dental-book.pdf?variant=3,au_pbs_archive_2007_04_01_8f963e58b76c
sha256:4a5da1cb787931b4bb341a2544d8844bc0263790240f9937a461524063de0be2,1356654,evidence:sha256:4a5da1cb787931b4bb341a2544d8844bc0263790240f9937a461524063de0be2,rights_constrained_reference,2026-08-27T08:02:43.936236+00:00,sha256:4a5da1cb787931b4bb341a2544d8844bc0263790240f9937a461524063de0be2,B2 historical checksum reference records current-run fixity; source bytes remain ignored and local.,4a5da1cb787931b4bb341a2544d8844bc0263790240f9937a461524063de0be2,public_reuse_review,au_pbs,https://www.pbs.gov.au/publication/schedule/2011/02/2011-02-01-general-schedule-SOC.pdf?variant=3,au_pbs_archive_2011_02_01_59540e580a3e
sha256:4a778b5e015182eea88f15fd0d45be5645cba8a44bae16d67a618dd000db15fa,615190,evidence:sha256:4a778b5e015182eea88f15fd0d45be5645cba8a44bae16d67a618dd000db15fa,rights_constrained_reference,2026-08-27T08:02:43.936236+00:00,sha256:4a778b5e015182eea88f15fd0d45be5645cba8a44bae16d67a618dd000db15fa,B2 historical checksum reference records current-run fixity; source bytes remain ignored and local.,4a778b5e015182eea88f15fd0d45be5645cba8a44bae16d67a618dd000db15fa,public_reuse_review,au_pbs,https://www.pbs.gov.au/publication/schedule/2016/12/2016-12-01-general-soc.pdf?variant=3,au_pbs_archive_2016_12_01_ae59b5dc97dd
sha256:4a7dac78ee12d400442fc2a8e35b00dedf06c84bb800ddbc61b061fece693671,11293,evidence:sha256:4a7dac78ee12d400442fc2a8e35b00dedf06c84bb800ddbc61b061fece693671,rights_constrained_reference,2026-08-27T08:02:43.936236+00:00,sha256:4a7dac78ee12d400442fc2a8e35b00dedf06c84bb800ddbc61b061fece693671,B2 historical checksum reference records current-run fixity; source bytes remain ignored and local.,4a7dac78ee12d400442fc2a8e35b00dedf06c84bb800ddbc61b061fece693671,public_reuse_review,au_pbs,https://www.pbs.gov.au/publication/schedule/2011/04/2011-04-01-chemotherapy-erratum.pdf?variant=3,au_pbs_archive_2011_04_01_9a4ff82ad7ea
sha256:4a83d8162cb21004a7cac2eebf8960aade59e5a8223b88f5191c139a1e4c3b51,473417,evidence:sha256:4a83d8162cb21004a7cac2eebf8960aade59e5a8223b88f5191c139a1e4c3b51,rights_constrained_reference,2026-08-27T08:02:43.936236+00:00,sha256:4a83d8162cb21004a7cac2eebf8960aade59e5a8223b88f5191c139a1e4c3b51,B2 historical checksum reference records current-run fixity; source bytes remain ignored and local.,4a83d8162cb21004a7cac2eebf8960aade59e5a8223b88f5191c139a1e4c3b51,public_reuse_review,au_pbs,https://www.pbs.gov.au/publication/schedule/2013/02/2013-02-01-errata.pdf?variant=3,au_pbs_archive_2013_02_01_4183c3d3c575
sha256:4aa1f75d2a3a915b0713ce95012699220b6b4c4e945d1f278e7a3ea63ed9a1e6,2630946,evidence:sha256:4aa1f75d2a3a915b0713ce95012699220b6b4c4e945d1f278e7a3ea63ed9a1e6,rights_constrained_reference,2026-07-23T02:02:41.604131+00:00,sha256:4aa1f75d2a3a915b0713ce95012699220b6b4c4e945d1f278e7a3ea63ed9a1e6,B2 reviewed-snapshot reference preserves fixity and rights state without redistributing source bytes.,4aa1f75d2a3a915b0713ce95012699220b6b4c4e945d1f278e7a3ea63ed9a1e6,public_reuse_review,us_fda_device_classification,https://api.fda.gov/device/classification.json?limit=1000,us_fda_device_classification_20260723_page1
sha256:4ab87f52900e0efc302d8318bbeef0796bf914bc8540867ed87acec2789ac9cc,1845841,evidence:sha256:4ab87f52900e0efc302d8318bbeef0796bf914bc8540867ed87acec2789ac9cc,rights_constrained_reference,2026-08-27T08:02:43.936236+00:00,sha256:4ab87f52900e0efc302d8318bbeef0796bf914bc8540867ed87acec2789ac9cc,B2 historical checksum reference records current-run fixity; source bytes remain ignored and local.,4ab87f52900e0efc302d8318bbeef0796bf914bc8540867ed87acec2789ac9cc,public_reuse_review,au_pbs,https://www.pbs.gov.au/publication/schedule/2023/09/2023-09-01-general-soc.pdf?variant=3,au_pbs_archive_2023_09_01_e08d498c746b
sha256:4aba0501b8006c264be4a73da64c6c80c7915deebdbab1c2a8274a8d8528f45c,32690401,evidence:sha256:4aba0501b8006c264be4a73da64c6c80c7915deebdbab1c2a8274a8d8528f45c,rights_constrained_reference,2026-08-27T08:02:43.936236+00:00,sha256:4aba0501b8006c264be4a73da64c6c80c7915deebdbab1c2a8274a8d8528f45c,B2 historical checksum reference records current-run fixity; source bytes remain ignored and local.,4aba0501b8006c264be4a73da64c6c80c7915deebdbab1c2a8274a8d8528f45c,public_reuse_review,au_pbs,https://www.pbs.gov.au/publication/schedule/2025/06/2025-06-01-general-schedule-volume-1.pdf?variant=3,au_pbs_archive_2025_06_01_75100c07ba25
sha256:4b6b26b852e0a2347b9eb6c6a1f79cd42cfc1f21642d3aef10c32bbfbc4e641b,4013725,evidence:sha256:4b6b26b852e0a2347b9eb6c6a1f79cd42cfc1f21642d3aef10c32bbfbc4e641b,rights_constrained_reference,2026-08-27T08:02:43.936236+00:00,sha256:4b6b26b852e0a2347b9eb6c6a1f79cd42cfc1f21642d3aef10c32bbfbc4e641b,B2 historical checksum reference records current-run fixity; source bytes remain ignored and local.,4b6b26b852e0a2347b9eb6c6a1f79cd42cfc1f21642d3aef10c32bbfbc4e641b,public_reuse_review,au_mbs,https://www.mbsonline.gov.au/internet/mbsonline/publishing.nsf/Content/317ACF6351081DB5CA2585FF00086C40/$File/201111-MBS.pdf,au_mbs_historical_0043
sha256:4b91466d7c6f0668b26327ccb0c3576776a6733da82a33ae6aabeef66a5767c7,17978,evidence:sha256:4b91466d7c6f0668b26327ccb0c3576776a6733da82a33ae6aabeef66a5767c7,rights_constrained_reference,2026-08-27T08:02:43.936236+00:00,sha256:4b91466d7c6f0668b26327ccb0c3576776a6733da82a33ae6aabeef66a5767c7,B2 historical checksum reference records current-run fixity; source bytes remain ignored and local.,4b91466d7c6f0668b26327ccb0c3576776a6733da82a33ae6aabeef66a5767c7,public_reuse_review,au_mbs,https://www.mbsonline.gov.au/internet/mbsonline/publishing.nsf/Content/1BC94358D4F276D3CA257CCF0000AA73/$File/MBSONLINE_REUSE_IMAP.TXT,au_mbs_historical_0014
sha256:4bfda922cfefa42e9ee076b34314df3d6c4cd1cd693ad19789ae4c19bba12ba7,876523,evidence:sha256:4bfda922cfefa42e9ee076b34314df3d6c4cd1cd693ad19789ae4c19bba12ba7,rights_constrained_reference,2026-08-27T08:02:43.936236+00:00,sha256:4bfda922cfefa42e9ee076b34314df3d6c4cd1cd693ad19789ae4c19bba12ba7,B2 historical checksum reference records current-run fixity; source bytes remain ignored and local.,4bfda922cfefa42e9ee076b34314df3d6c4cd1cd693ad19789ae4c19bba12ba7,public_reuse_review,au_mbs,https://www.mbsonline.gov.au/internet/mbsonline/publishing.nsf/Content/515793D58E889BD0CA257CD100033990/$File/1997-11-CLaCP.pdf,au_mbs_historical_0107
sha256:4c37674f082a6df83b61e97bf4540fb9f835b9795cbb4845c63d0c639f6fb466,4620000,evidence:sha256:4c37674f082a6df83b61e97bf4540fb9f835b9795cbb4845c63d0c639f6fb466,rights_constrained_reference,2026-08-27T08:02:43.936236+00:00,sha256:4c37674f082a6df83b61e97bf4540fb9f835b9795cbb4845c63d0c639f6fb466,B2 historical checksum reference records current-run fixity; source bytes remain ignored and local.,4c37674f082a6df83b61e97bf4540fb9f835b9795cbb4845c63d0c639f6fb466,public_reuse_review,au_pbs,https://www.pbs.gov.au/publication/schedule/2022/04/2022-04-01-efc-schedule.pdf?variant=3,au_pbs_archive_2022_04_01_91173a5fff86
sha256:4c38661a9e5fbc9e58b4329691c1a48926924ddd7b0175e3f53eca9f0582de05,325853,evidence:sha256:4c38661a9e5fbc9e58b4329691c1a48926924ddd7b0175e3f53eca9f0582de05,rights_constrained_reference,2026-08-27T08:02:43.936236+00:00,sha256:4c38661a9e5fbc9e58b4329691c1a48926924ddd7b0175e3f53eca9f0582de05,B2 historical checksum reference records current-run fixity; source bytes remain ignored and local.,4c38661a9e5fbc9e58b4329691c1a48926924ddd7b0175e3f53eca9f0582de05,public_reuse_review,au_pbs,https://www.pbs.gov.au/publication/schedule/2010/2010-12-01-chemotherapy-booklet.pdf?variant=3,au_pbs_archive_2010_12_01_cee93206098e
sha256:4c9a55085e9da6be21c286088fbcb8188f8a65dda0a334513e57d1bc0414cfac,547879,evidence:sha256:4c9a55085e9da6be21c286088fbcb8188f8a65dda0a334513e57d1bc0414cfac,rights_constrained_reference,2026-08-27T08:02:43.936236+00:00,sha256:4c9a55085e9da6be21c286088fbcb8188f8a65dda0a334513e57d1bc0414cfac,B2 historical checksum reference records current-run fixity; source bytes remain ignored and local.,4c9a55085e9da6be21c286088fbcb8188f8a65dda0a334513e57d1bc0414cfac,public_reuse_review,au_mbs,https://www.mbsonline.gov.au/internet/mbsonline/publishing.nsf/Content/B013E0789A07D708CA258B030013670A/$File/PDF%20Version%20-%201%20July%202024%20Category%207%20-%20Cleft%20and%20Craniofacial%20Services.pdf,au_mbs_historical_0266
sha256:4ca8d42fb77cb8edcbc38ffba7bb3b7357113a3a12b64b53e82f39f6200ca2d5,5377399,evidence:sha256:4ca8d42fb77cb8edcbc38ffba7bb3b7357113a3a12b64b53e82f39f6200ca2d5,rights_constrained_reference,2026-08-27T08:02:43.936236+00:00,sha256:4ca8d42fb77cb8edcbc38ffba7bb3b7357113a3a12b64b53e82f39f6200ca2d5,B2 historical checksum reference records current-run fixity; source bytes remain ignored and local.,4ca8d42fb77cb8edcbc38ffba7bb3b7357113a3a12b64b53e82f39f6200ca2d5,public_reuse_review,au_pbs,https://www.pbs.gov.au/publication/schedule/2006/2006-12-01-general-schedule.pdf?variant=3,au_pbs_archive_2006_12_01_2655ba28f2ef
sha256:4cfc57865f5f9c6981f5ecae8983b591fd56edb4a3eceae30b87037700d2150a,1316602,evidence:sha256:4cfc57865f5f9c6981f5ecae8983b591fd56edb4a3eceae30b87037700d2150a,rights_constrained_reference,2026-08-27T08:02:43.936236+00:00,sha256:4cfc57865f5f9c6981f5ecae8983b591fd56edb4a3eceae30b87037700d2150a,B2 historical checksum reference records current-run fixity; source bytes remain ignored and local.,4cfc57865f5f9c6981f5ecae8983b591fd56edb4a3eceae30b87037700d2150a,public_reuse_review,au_pbs,https://www.pbs.gov.au/publication/schedule/2018/03/2018-03-01-efc-schedule.pdf?variant=3,au_pbs_archive_2018_03_01_d6986127fd6b
sha256:4d32d8384f9f49df4049a5e82ba487abb0d2bc7a257e2b491411f96563634adc,1390934,evidence:sha256:4d32d8384f9f49df4049a5e82ba487abb0d2bc7a257e2b491411f96563634adc,rights_constrained_reference,2026-08-27T08:02:43.936236+00:00,sha256:4d32d8384f9f49df4049a5e82ba487abb0d2bc7a257e2b491411f96563634adc,B2 historical checksum reference records current-run fixity; source bytes remain ignored and local.,4d32d8384f9f49df4049a5e82ba487abb0d2bc7a257e2b491411f96563634adc,public_reuse_review,au_pbs,https://www.pbs.gov.au/publication/schedule/2015/08/2015-08-01-efc-schedule.pdf?variant=3,au_pbs_archive_2015_08_01_3991b9d87d8a
sha256:4d33a10c475570e866ac75cdbd913e745fc5f81f242ea74c707a85bcaf9d0079,16711510,evidence:sha256:4d33a10c475570e866ac75cdbd913e745fc5f81f242ea74c707a85bcaf9d0079,rights_constrained_reference,2026-08-27T08:02:43.936236+00:00,sha256:4d33a10c475570e866ac75cdbd913e745fc5f81f242ea74c707a85bcaf9d0079,B2 historical checksum reference records current-run fixity; source bytes remain ignored and local.,4d33a10c475570e866ac75cdbd913e745fc5f81f242ea74c707a85bcaf9d0079,public_reuse_review,au_mbs,https://www.mbsonline.gov.au/internet/mbsonline/publishing.nsf/Content/A7F6A9DA0E280DCCCA2586140008B368/$File/201504-MBS.pdf,au_mbs_historical_0252
sha256:4d612454013f43f45675d248b8782a0d169b2ab3f85f73238615625f69064c33,1892791,evidence:sha256:4d612454013f43f45675d248b8782a0d169b2ab3f85f73238615625f69064c33,rights_constrained_reference,2026-08-27T08:02:43.936236+00:00,sha256:4d612454013f43f45675d248b8782a0d169b2ab3f85f73238615625f69064c33,B2 historical checksum reference records current-run fixity; source bytes remain ignored and local.,4d612454013f43f45675d248b8782a0d169b2ab3f85f73238615625f69064c33,public_reuse_review,au_pbs,https://www.pbs.gov.au/publication/schedule/2021/06/2021-06-01-efc-schedule.pdf?variant=3,au_pbs_archive_2021_06_01_e8f74db6700f
sha256:4d62df58835f1df4df1488d731b99336140cb72b572cf10165a433568e7026e3,2509284,evidence:sha256:4d62df58835f1df4df1488d731b99336140cb72b572cf10165a433568e7026e3,rights_constrained_reference,2026-08-27T08:02:43.936236+00:00,sha256:4d62df58835f1df4df1488d731b99336140cb72b572cf10165a433568e7026e3,B2 historical checksum reference records current-run fixity; source bytes remain ignored and local.,4d62df58835f1df4df1488d731b99336140cb72b572cf10165a433568e7026e3,public_reuse_review,au_pbs,https://www.pbs.gov.au/publication/schedule/2019/08/2019-08-01-efc-schedule.pdf?variant=3,au_pbs_archive_2019_08_01_588bc07b4f58
sha256:4d87ac00a38c0541ec9486ed64f75bcee61fbea91d8fcf29fe926abe813645d7,63717,evidence:sha256:4d87ac00a38c0541ec9486ed64f75bcee61fbea91d8fcf29fe926abe813645d7,rights_constrained_reference,2026-08-27T08:02:43.936236+00:00,sha256:4d87ac00a38c0541ec9486ed64f75bcee61fbea91d8fcf29fe926abe813645d7,B2 historical checksum reference records current-run fixity; source bytes remain ignored and local.,4d87ac00a38c0541ec9486ed64f75bcee61fbea91d8fcf29fe926abe813645d7,public_reuse_review,au_pbs,https://www.pbs.gov.au/publication/schedule/2015/09/2015-09-01-efc-errata.pdf?variant=3,au_pbs_archive_2015_09_01_dcdbd3a26c55
sha256:4d9c36fba15db748191b2cf0a762a1fd32a8b309855be5d618a2ec254435c88b,64056,evidence:sha256:4d9c36fba15db748191b2cf0a762a1fd32a8b309855be5d618a2ec254435c88b,rights_constrained_reference,2026-08-27T08:02:43.936236+00:00,sha256:4d9c36fba15db748191b2cf0a762a1fd32a8b309855be5d618a2ec254435c88b,B2 historical checksum reference records current-run fixity; source bytes remain ignored and local.,4d9c36fba15db748191b2cf0a762a1fd32a8b309855be5d618a2ec254435c88b,public_reuse_review,au_pbs,https://www.pbs.gov.au/publication/schedule/2015/05/2015-05-01-errata.pdf?variant=3,au_pbs_archive_2015_05_01_bcdb020a5a96
sha256:4dc94874f571af8f0cdce962d8cbf41cb69a98470a4dd338941c9d77bc1b9969,8820250,evidence:sha256:4dc94874f571af8f0cdce962d8cbf41cb69a98470a4dd338941c9d77bc1b9969,rights_constrained_reference,2026-08-27T08:02:43.936236+00:00,sha256:4dc94874f571af8f0cdce962d8cbf41cb69a98470a4dd338941c9d77bc1b9969,B2 historical checksum reference records current-run fixity; source bytes remain ignored and local.,4dc94874f571af8f0cdce962d8cbf41cb69a98470a4dd338941c9d77bc1b9969,public_reuse_review,au_pbs,https://www.pbs.gov.au/publication/schedule/2019/11/2019-11-01-general-schedule-volume-2.pdf?variant=3,au_pbs_archive_2019_11_01_204c74b119cd
sha256:4dda3b83bb67af5f8349a5fd455a4c54b8290921cffecc362163cd00f27439a5,30506659,evidence:sha256:4dda3b83bb67af5f8349a5fd455a4c54b8290921cffecc362163cd00f27439a5,rights_constrained_reference,2026-07-23T02:23:26.646730+00:00,sha256:4dda3b83bb67af5f8349a5fd455a4c54b8290921cffecc362163cd00f27439a5,B2 reviewed-snapshot reference preserves fixity and rights state without redistributing source bytes.,4dda3b83bb67af5f8349a5fd455a4c54b8290921cffecc362163cd00f27439a5,public_reuse_review,rxnorm,https://download.nlm.nih.gov/rxnorm/RxNorm_full_prescribe_07062026.zip,rxnorm_cpc_20260706
sha256:4e4eb1507d7e33b95d327e8b81495b8eb1da6c744d57ed0d932c36c36974c6bc,976968,evidence:sha256:4e4eb1507d7e33b95d327e8b81495b8eb1da6c744d57ed0d932c36c36974c6bc,rights_constrained_reference,2026-08-27T08:02:43.936236+00:00,sha256:4e4eb1507d7e33b95d327e8b81495b8eb1da6c744d57ed0d932c36c36974c6bc,B2 historical checksum reference records current-run fixity; source bytes remain ignored and local.,4e4eb1507d7e33b95d327e8b81495b8eb1da6c744d57ed0d932c36c36974c6bc,public_reuse_review,au_mbs,https://www.mbsonline.gov.au/internet/mbsonline/publishing.nsf/Content/4EFCF78281A91736CA258654001138AF/$File/202103-cat4.pdf,au_mbs_historical_0065
sha256:4e76ac9fed3a9134c1290ce916ff80aef9ced92b91629e15406d7bb9a4ed7b97,16963129,evidence:sha256:4e76ac9fed3a9134c1290ce916ff80aef9ced92b91629e15406d7bb9a4ed7b97,rights_constrained_reference,2026-08-27T08:02:43.936236+00:00,sha256:4e76ac9fed3a9134c1290ce916ff80aef9ced92b91629e15406d7bb9a4ed7b97,B2 historical checksum reference records current-run fixity; source bytes remain ignored and local.,4e76ac9fed3a9134c1290ce916ff80aef9ced92b91629e15406d7bb9a4ed7b97,public_reuse_review,au_mbs,https://www.mbsonline.gov.au/internet/mbsonline/publishing.nsf/Content/90CB91EE0B6FB8A9CA2586140082584E/$File/201801-MBS.pdf,au_mbs_historical_0221
sha256:4eba251bffb1a22e8a54fe6a58df3c37676501f80479743e60578c6b0b1a5824,449592,evidence:sha256:4eba251bffb1a22e8a54fe6a58df3c37676501f80479743e60578c6b0b1a5824,rights_constrained_reference,2026-08-27T08:02:43.936236+00:00,sha256:4eba251bffb1a22e8a54fe6a58df3c37676501f80479743e60578c6b0b1a5824,B2 historical checksum reference records current-run fixity; source bytes remain ignored and local.,4eba251bffb1a22e8a54fe6a58df3c37676501f80479743e60578c6b0b1a5824,public_reuse_review,au_pbs,https://www.pbs.gov.au/publication/schedule/2007/2007-06-01-dental-book.pdf?variant=3,au_pbs_archive_2007_06_01_7407ced2b5f4
sha256:4ec5b367cfa633743a9b1b3a820f640373f48d5e7d0ae5171facb89ddbf93618,736872,evidence:sha256:4ec5b367cfa633743a9b1b3a820f640373f48d5e7d0ae5171facb89ddbf93618,rights_constrained_reference,2026-08-27T08:02:43.936236+00:00,sha256:4ec5b367cfa633743a9b1b3a820f640373f48d5e7d0ae5171facb89ddbf93618,B2 historical checksum reference records current-run fixity; source bytes remain ignored and local.,4ec5b367cfa633743a9b1b3a820f640373f48d5e7d0ae5171facb89ddbf93618,public_reuse_review,au_pbs,https://www.pbs.gov.au/publication/schedule/2014/04/2014-04-01-efc-schedule-soc.pdf?variant=3,au_pbs_archive_2014_04_01_af0473f838ff
sha256:4f10b257ecd2e7a200d2b004530cb25bc7d0bf698cbae2f700eb2efe5de426c3,470135,evidence:sha256:4f10b257ecd2e7a200d2b004530cb25bc7d0bf698cbae2f700eb2efe5de426c3,rights_constrained_reference,2026-08-27T08:02:43.936236+00:00,sha256:4f10b257ecd2e7a200d2b004530cb25bc7d0bf698cbae2f700eb2efe5de426c3,B2 historical checksum reference records current-run fixity; source bytes remain ignored and local.,4f10b257ecd2e7a200d2b004530cb25bc7d0bf698cbae2f700eb2efe5de426c3,public_reuse_review,au_mbs,https://www.mbsonline.gov.au/internet/mbsonline/publishing.nsf/Content/94D54B959677561ECA2585FF000015E3/$File/201305-Allied.pdf,au_mbs_historical_0234
sha256:4f29cc55dca444415e9e2493d6ab3b661b1fa4801689589d827f1e9853672e69,6661394,evidence:sha256:4f29cc55dca444415e9e2493d6ab3b661b1fa4801689589d827f1e9853672e69,rights_constrained_reference,2026-08-27T08:02:43.936236+00:00,sha256:4f29cc55dca444415e9e2493d6ab3b661b1fa4801689589d827f1e9853672e69,B2 historical checksum reference records current-run fixity; source bytes remain ignored and local.,4f29cc55dca444415e9e2493d6ab3b661b1fa4801689589d827f1e9853672e69,public_reuse_review,au_pbs,https://www.pbs.gov.au/publication/schedule/2014/10/2014-10-01-general-schedule.pdf?variant=3,au_pbs_archive_2014_10_01_2641a2b8dafa
sha256:4f6badd5a9e7cc5327b870ff33fc8ee3ed543f608ccc41d5aa15613413734729,12288481,evidence:sha256:4f6badd5a9e7cc5327b870ff33fc8ee3ed543f608ccc41d5aa15613413734729,rights_constrained_reference,2026-08-27T08:02:43.936236+00:00,sha256:4f6badd5a9e7cc5327b870ff33fc8ee3ed543f608ccc41d5aa15613413734729,B2 historical checksum reference records current-run fixity; source bytes remain ignored and local.,4f6badd5a9e7cc5327b870ff33fc8ee3ed543f608ccc41d5aa15613413734729,public_reuse_review,au_pbs,https://www.pbs.gov.au/publication/schedule/1951-2002/1991-12-01-consolidated-schedules.pdf?variant=3,au_pbs_archive_1991_12_01_c940379a1323
sha256:4f8e31d2cb5a89953861ece277d0da8b06687ad14ae8b27d2401e6abffa5a363,19572070,evidence:sha256:4f8e31d2cb5a89953861ece277d0da8b06687ad14ae8b27d2401e6abffa5a363,rights_constrained_reference,2026-08-27T08:02:43.936236+00:00,sha256:4f8e31d2cb5a89953861ece277d0da8b06687ad14ae8b27d2401e6abffa5a363,B2 historical checksum reference records current-run fixity; source bytes remain ignored and local.,4f8e31d2cb5a89953861ece277d0da8b06687ad14ae8b27d2401e6abffa5a363,public_reuse_review,au_mbs,https://www.mbsonline.gov.au/internet/mbsonline/publishing.nsf/Content/515793D58E889BD0CA257CD100033990/$File/1991-11-MBS.pdf,au_mbs_historical_0089
sha256:4f95f7336cd5be5a8657e053233e554b74738bd77d09e2ae0da2d2e516dfb160,1450790,evidence:sha256:4f95f7336cd5be5a8657e053233e554b74738bd77d09e2ae0da2d2e516dfb160,rights_constrained_reference,2026-08-27T08:02:43.936236+00:00,sha256:4f95f7336cd5be5a8657e053233e554b74738bd77d09e2ae0da2d2e516dfb160,B2 historical checksum reference records current-run fixity; source bytes remain ignored and local.,4f95f7336cd5be5a8657e053233e554b74738bd77d09e2ae0da2d2e516dfb160,public_reuse_review,au_pbs,https://www.pbs.gov.au/publication/schedule/2025/11/2025-11-01-general-soc.pdf?variant=3,au_pbs_archive_2025_11_01_4b8f48fef04a
sha256:4fafc0c915ad47d5615c24199414f8485dd2601f8b3d360f67b81900f8dfc3b8,109513738,evidence:sha256:4fafc0c915ad47d5615c24199414f8485dd2601f8b3d360f67b81900f8dfc3b8,rights_constrained_reference,2026-08-27T08:02:43.936236+00:00,sha256:4fafc0c915ad47d5615c24199414f8485dd2601f8b3d360f67b81900f8dfc3b8,B2 historical checksum reference records current-run fixity; source bytes remain ignored and local.,4fafc0c915ad47d5615c24199414f8485dd2601f8b3d360f67b81900f8dfc3b8,public_reuse_review,au_mbs,https://www.mbsonline.gov.au/internet/mbsonline/publishing.nsf/Content/515793D58E889BD0CA257CD100033990/$File/1979-MBS.pdf,au_mbs_historical_0076
sha256:4fca7dc9db4ae8183e83f85f4271dbc2dd1b1afb1a9fe7a24598d1b29a15d4eb,11332506,evidence:sha256:4fca7dc9db4ae8183e83f85f4271dbc2dd1b1afb1a9fe7a24598d1b29a15d4eb,rights_constrained_reference,2026-08-27T08:02:43.936236+00:00,sha256:4fca7dc9db4ae8183e83f85f4271dbc2dd1b1afb1a9fe7a24598d1b29a15d4eb,B2 historical checksum reference records current-run fixity; source bytes remain ignored and local.,4fca7dc9db4ae8183e83f85f4271dbc2dd1b1afb1a9fe7a24598d1b29a15d4eb,public_reuse_review,au_pbs,https://www.pbs.gov.au/publication/schedule/2025/01/2025-01-01-general-schedule-volume-2.pdf?variant=3,au_pbs_archive_2025_01_01_5b10f328be5a
sha256:4fec193066506e04d1e1b4a17ce181429274a4a5b34564f9903caae5fb57bcfd,702428,evidence:sha256:4fec193066506e04d1e1b4a17ce181429274a4a5b34564f9903caae5fb57bcfd,rights_constrained_reference,2026-08-27T08:02:43.936236+00:00,sha256:4fec193066506e04d1e1b4a17ce181429274a4a5b34564f9903caae5fb57bcfd,B2 historical checksum reference records current-run fixity; source bytes remain ignored and local.,4fec193066506e04d1e1b4a17ce181429274a4a5b34564f9903caae5fb57bcfd,public_reuse_review,au_mbs,https://www.mbsonline.gov.au/internet/mbsonline/publishing.nsf/Content/515793D58E889BD0CA257CD100033990/$File/2004-05-MBS.pdf,au_mbs_historical_0131
sha256:506cfe3cf3ad61e74a7a452f65b3ddb9d422432757c506e631b9ddd1258709f9,11281537,evidence:sha256:506cfe3cf3ad61e74a7a452f65b3ddb9d422432757c506e631b9ddd1258709f9,rights_constrained_reference,2026-08-27T08:02:43.936236+00:00,sha256:506cfe3cf3ad61e74a7a452f65b3ddb9d422432757c506e631b9ddd1258709f9,B2 historical checksum reference records current-run fixity; source bytes remain ignored and local.,506cfe3cf3ad61e74a7a452f65b3ddb9d422432757c506e631b9ddd1258709f9,public_reuse_review,au_mbs,https://www.mbsonline.gov.au/internet/mbsonline/publishing.nsf/Content/F540E955EFE9BFD5CA25861500000C28/$File/201905-MBS.pdf,au_mbs_historical_0324
sha256:509caf8b4c6b60904d81d208ceb7904fad3b82bebdb024828f9cc1c9eb745286,8657575,evidence:sha256:509caf8b4c6b60904d81d208ceb7904fad3b82bebdb024828f9cc1c9eb745286,rights_constrained_reference,2026-08-27T08:02:43.936236+00:00,sha256:509caf8b4c6b60904d81d208ceb7904fad3b82bebdb024828f9cc1c9eb745286,B2 historical checksum reference records current-run fixity; source bytes remain ignored and local.,509caf8b4c6b60904d81d208ceb7904fad3b82bebdb024828f9cc1c9eb745286,public_reuse_review,au_pbs,https://www.pbs.gov.au/publication/schedule/2015/03/2015-03-01-general-schedule.pdf?variant=3,au_pbs_archive_2015_03_01_6fa30017348c
sha256:50a638ba0a2b1f539f97ed8e77098bb8a4ba751ccdce55191aca5fd7186e7189,9194500,evidence:sha256:50a638ba0a2b1f539f97ed8e77098bb8a4ba751ccdce55191aca5fd7186e7189,rights_constrained_reference,2026-08-27T08:02:43.936236+00:00,sha256:50a638ba0a2b1f539f97ed8e77098bb8a4ba751ccdce55191aca5fd7186e7189,B2 historical checksum reference records current-run fixity; source bytes remain ignored and local.,50a638ba0a2b1f539f97ed8e77098bb8a4ba751ccdce55191aca5fd7186e7189,public_reuse_review,au_pbs,https://www.pbs.gov.au/publication/schedule/2020/03/2020-03-01-general-schedule-volume-2.pdf?variant=3,au_pbs_archive_2020_03_01_2fce8786cf49
sha256:50d3323b56c7d93881b17ffe91fead84492ccb7562ea6c3529eccc7b83381ec9,9368958,evidence:sha256:50d3323b56c7d93881b17ffe91fead84492ccb7562ea6c3529eccc7b83381ec9,rights_constrained_reference,2026-08-27T08:02:43.936236+00:00,sha256:50d3323b56c7d93881b17ffe91fead84492ccb7562ea6c3529eccc7b83381ec9,B2 historical checksum reference records current-run fixity; source bytes remain ignored and local.,50d3323b56c7d93881b17ffe91fead84492ccb7562ea6c3529eccc7b83381ec9,public_reuse_review,au_pbs,https://www.pbs.gov.au/publication/schedule/2020/04/2020-04-01-general-schedule-volume-2.pdf?variant=3,au_pbs_archive_2020_04_01_190be49469e1
sha256:50df4e4b9162555a1f20b162eee1e63a58e5d7714223a01a287cd3f3d9a69d6a,566064,evidence:sha256:50df4e4b9162555a1f20b162eee1e63a58e5d7714223a01a287cd3f3d9a69d6a,rights_constrained_reference,2026-08-27T08:02:43.936236+00:00,sha256:50df4e4b9162555a1f20b162eee1e63a58e5d7714223a01a287cd3f3d9a69d6a,B2 historical checksum reference records current-run fixity; source bytes remain ignored and local.,50df4e4b9162555a1f20b162eee1e63a58e5d7714223a01a287cd3f3d9a69d6a,public_reuse_review,au_pbs,https://www.pbs.gov.au/publication/schedule/2016/03/2016-03-01-general-schedule-soc.pdf?variant=3,au_pbs_archive_2016_03_01_6ddc923fb33d
sha256:50fcfb8a52f8b34e009c3791e883077795fac700c9534829b113dc9d306d4783,1117839,evidence:sha256:50fcfb8a52f8b34e009c3791e883077795fac700c9534829b113dc9d306d4783,rights_constrained_reference,2026-08-27T08:02:43.936236+00:00,sha256:50fcfb8a52f8b34e009c3791e883077795fac700c9534829b113dc9d306d4783,B2 historical checksum reference records current-run fixity; source bytes remain ignored and local.,50fcfb8a52f8b34e009c3791e883077795fac700c9534829b113dc9d306d4783,public_reuse_review,au_pbs,https://www.pbs.gov.au/publication/schedule/2011/06/2011-06-01-general-schedule-SOC.pdf?variant=3,au_pbs_archive_2011_06_01_0fed17b13d29
sha256:5145fa19632ef454498bed0f7d94ff56543ddf93bdc9ece11bcaa024e145a600,778747,evidence:sha256:5145fa19632ef454498bed0f7d94ff56543ddf93bdc9ece11bcaa024e145a600,rights_constrained_reference,2026-08-27T08:02:43.936236+00:00,sha256:5145fa19632ef454498bed0f7d94ff56543ddf93bdc9ece11bcaa024e145a600,B2 historical checksum reference records current-run fixity; source bytes remain ignored and local.,5145fa19632ef454498bed0f7d94ff56543ddf93bdc9ece11bcaa024e145a600,public_reuse_review,au_mbs,https://www.mbsonline.gov.au/internet/mbsonline/publishing.nsf/Content/8F3FA58ED97DCA35CA2584BE00111151/$File/202001-Cat7.pdf,au_mbs_historical_0210
sha256:515107b215f15beaa1bf3e5e3f5e9a42e7731e37f07690bf2406a285de57a13d,12606481,evidence:sha256:515107b215f15beaa1bf3e5e3f5e9a42e7731e37f07690bf2406a285de57a13d,rights_constrained_reference,2026-08-27T08:02:43.936236+00:00,sha256:515107b215f15beaa1bf3e5e3f5e9a42e7731e37f07690bf2406a285de57a13d,B2 historical checksum reference records current-run fixity; source bytes remain ignored and local.,515107b215f15beaa1bf3e5e3f5e9a42e7731e37f07690bf2406a285de57a13d,public_reuse_review,au_pbs,https://www.pbs.gov.au/publication/schedule/2021/09/2021-09-01-general-schedule-volume-2.pdf?variant=3,au_pbs_archive_2021_09_01_ddfea1a0d303
sha256:5168740cd1c777357ca07a391b86b6393b505038642c7aa311f8741274a77856,5730808,evidence:sha256:5168740cd1c777357ca07a391b86b6393b505038642c7aa311f8741274a77856,rights_constrained_reference,2026-08-27T08:02:43.936236+00:00,sha256:5168740cd1c777357ca07a391b86b6393b505038642c7aa311f8741274a77856,B2 historical checksum reference records current-run fixity; source bytes remain ignored and local.,5168740cd1c777357ca07a391b86b6393b505038642c7aa311f8741274a77856,public_reuse_review,au_pbs,https://www.pbs.gov.au/publication/schedule/2024/10/2024-10-01-general-soc.pdf?variant=3,au_pbs_archive_2024_10_01_87a9a5bf2f04
sha256:517a88665cf34c2b352c9f3857defe83ced5bf20f7ec076913e8aee87c9690ae,3347216,evidence:sha256:517a88665cf34c2b352c9f3857defe83ced5bf20f7ec076913e8aee87c9690ae,rights_constrained_reference,2026-08-27T08:02:43.936236+00:00,sha256:517a88665cf34c2b352c9f3857defe83ced5bf20f7ec076913e8aee87c9690ae,B2 historical checksum reference records current-run fixity; source bytes remain ignored and local.,517a88665cf34c2b352c9f3857defe83ced5bf20f7ec076913e8aee87c9690ae,public_reuse_review,au_pbs,https://www.pbs.gov.au/publication/schedule/2012/05/2012-05-01-efc-schedule.pdf?variant=3,au_pbs_archive_2012_05_01_dcdab5a40121
sha256:5184c04e43884d4c2895006ae54c7a70a099a1cfb7325dfdc5baed196a51d79d,12756165,evidence:sha256:5184c04e43884d4c2895006ae54c7a70a099a1cfb7325dfdc5baed196a51d79d,rights_constrained_reference,2026-08-27T08:02:43.936236+00:00,sha256:5184c04e43884d4c2895006ae54c7a70a099a1cfb7325dfdc5baed196a51d79d,B2 historical checksum reference records current-run fixity; source bytes remain ignored and local.,5184c04e43884d4c2895006ae54c7a70a099a1cfb7325dfdc5baed196a51d79d,public_reuse_review,au_pbs,https://www.pbs.gov.au/publication/schedule/1951-2002/1977-12-01-consolidated-schedules.pdf?variant=3,au_pbs_archive_1977_12_01_e4cb6a02dac0
sha256:5288c1b24ab4441ab2a3e93a8a91750c4f4f94103ed960e0d2f9390c9486d2be,2962268,evidence:sha256:5288c1b24ab4441ab2a3e93a8a91750c4f4f94103ed960e0d2f9390c9486d2be,rights_constrained_reference,2026-08-27T08:02:43.936236+00:00,sha256:5288c1b24ab4441ab2a3e93a8a91750c4f4f94103ed960e0d2f9390c9486d2be,B2 historical checksum reference records current-run fixity; source bytes remain ignored and local.,5288c1b24ab4441ab2a3e93a8a91750c4f4f94103ed960e0d2f9390c9486d2be,public_reuse_review,au_pbs,https://www.pbs.gov.au/publication/schedule/2025/04/2025-04-01-efc-schedule.pdf?variant=3,au_pbs_archive_2025_04_01_438327eeafb8
sha256:52970e6b2b86ff79864eaf44f37ef2f378cd9f3314828357b6b87d465862c6d8,322749,evidence:sha256:52970e6b2b86ff79864eaf44f37ef2f378cd9f3314828357b6b87d465862c6d8,rights_constrained_reference,2026-08-27T08:02:43.936236+00:00,sha256:52970e6b2b86ff79864eaf44f37ef2f378cd9f3314828357b6b87d465862c6d8,B2 historical checksum reference records current-run fixity; source bytes remain ignored and local.,52970e6b2b86ff79864eaf44f37ef2f378cd9f3314828357b6b87d465862c6d8,public_reuse_review,au_pbs,https://www.pbs.gov.au/publication/schedule/2024/09/Errata-for-2024-09-01-Migalastat-and-Price-Amoxicillin-with-clavulanic-acid.pdf?variant=3,au_pbs_archive_2024_09_01_493ff01c0d32
sha256:52e0557b7ea8b58116f0623047d0d341266ea0f681bb9c014736580d9d043a5a,1237740,evidence:sha256:52e0557b7ea8b58116f0623047d0d341266ea0f681bb9c014736580d9d043a5a,rights_constrained_reference,2026-08-27T08:02:43.936236+00:00,sha256:52e0557b7ea8b58116f0623047d0d341266ea0f681bb9c014736580d9d043a5a,B2 historical checksum reference records current-run fixity; source bytes remain ignored and local.,52e0557b7ea8b58116f0623047d0d341266ea0f681bb9c014736580d9d043a5a,public_reuse_review,au_mbs,https://www.mbsonline.gov.au/internet/mbsonline/publishing.nsf/Content/4FA5E1EF8E12C7ECCA25858200179B55/$File/202008-supplement1.pdf,au_mbs_historical_0071
sha256:5304268fe8431de62161913caecf9fcc0d0836bff1af44744e5688df48563c46,7200,evidence:sha256:5304268fe8431de62161913caecf9fcc0d0836bff1af44744e5688df48563c46,rights_constrained_reference,2026-08-27T08:02:43.936236+00:00,sha256:5304268fe8431de62161913caecf9fcc0d0836bff1af44744e5688df48563c46,B2 historical checksum reference records current-run fixity; source bytes remain ignored and local.,5304268fe8431de62161913caecf9fcc0d0836bff1af44744e5688df48563c46,public_reuse_review,au_pbs,https://www.pbs.gov.au/publication/schedule/2011/02/2011-02-01-addendum.pdf?variant=3,au_pbs_archive_2011_02_01_d488f255256d
sha256:534e1a58e4309e0ce747d6fc4972f3a20786597c682a30b5146c5d48c9f24d9c,1038569,evidence:sha256:534e1a58e4309e0ce747d6fc4972f3a20786597c682a30b5146c5d48c9f24d9c,rights_constrained_reference,2026-08-27T08:02:43.936236+00:00,sha256:534e1a58e4309e0ce747d6fc4972f3a20786597c682a30b5146c5d48c9f24d9c,B2 historical checksum reference records current-run fixity; source bytes remain ignored and local.,534e1a58e4309e0ce747d6fc4972f3a20786597c682a30b5146c5d48c9f24d9c,public_reuse_review,au_pbs,https://www.pbs.gov.au/publication/schedule/2015/03/2015-03-01-general-schedule-soc.pdf?variant=3,au_pbs_archive_2015_03_01_b5da3e74eedb
sha256:53521222c11e0b6719fb7d768fb8037d85f4a4d71326f81429ae9d2f0c43411c,175705,evidence:sha256:53521222c11e0b6719fb7d768fb8037d85f4a4d71326f81429ae9d2f0c43411c,rights_constrained_reference,2026-08-27T08:02:43.936236+00:00,sha256:53521222c11e0b6719fb7d768fb8037d85f4a4d71326f81429ae9d2f0c43411c,B2 historical checksum reference records current-run fixity; source bytes remain ignored and local.,53521222c11e0b6719fb7d768fb8037d85f4a4d71326f81429ae9d2f0c43411c,public_reuse_review,au_pbs,https://www.pbs.gov.au/publication/schedule/2015/02/2015-02-01-general-schedule-soc.pdf?variant=3,au_pbs_archive_2015_02_01_6a3c888821fe
sha256:53754a7762fae7dd47340090061e948c8a541cdbc30fec1b4a77bc9482bc7d07,165202,evidence:sha256:53754a7762fae7dd47340090061e948c8a541cdbc30fec1b4a77bc9482bc7d07,rights_constrained_reference,2026-08-27T08:02:43.936236+00:00,sha256:53754a7762fae7dd47340090061e948c8a541cdbc30fec1b4a77bc9482bc7d07,B2 historical checksum reference records current-run fixity; source bytes remain ignored and local.,53754a7762fae7dd47340090061e948c8a541cdbc30fec1b4a77bc9482bc7d07,public_reuse_review,au_mbs,https://www.mbsonline.gov.au/internet/mbsonline/publishing.nsf/Content/515793D58E889BD0CA257CD100033990/$File/2007-11-Dental.pdf,au_mbs_historical_0150
sha256:53c9ad1511d6bc1c9a163a736eacc32790f29d41cf1593db4af0ae23e38ef7a1,27273772,evidence:sha256:53c9ad1511d6bc1c9a163a736eacc32790f29d41cf1593db4af0ae23e38ef7a1,rights_constrained_reference,2026-08-27T08:02:43.936236+00:00,sha256:53c9ad1511d6bc1c9a163a736eacc32790f29d41cf1593db4af0ae23e38ef7a1,B2 historical checksum reference records current-run fixity; source bytes remain ignored and local.,53c9ad1511d6bc1c9a163a736eacc32790f29d41cf1593db4af0ae23e38ef7a1,public_reuse_review,au_mbs,https://www.mbsonline.gov.au/internet/mbsonline/publishing.nsf/Content/515793D58E889BD0CA257CD100033990/$File/2000-11-MBS.pdf,au_mbs_historical_0120
sha256:53d0b360da23c3801e059e611dc9f85436478c85fc473f7c96db6d724d403607,713641,evidence:sha256:53d0b360da23c3801e059e611dc9f85436478c85fc473f7c96db6d724d403607,rights_constrained_reference,2026-08-27T08:02:43.936236+00:00,sha256:53d0b360da23c3801e059e611dc9f85436478c85fc473f7c96db6d724d403607,B2 historical checksum reference records current-run fixity; source bytes remain ignored and local.,53d0b360da23c3801e059e611dc9f85436478c85fc473f7c96db6d724d403607,public_reuse_review,au_pbs,https://www.pbs.gov.au/publication/schedule/2010/2010-10-01-dental-book.pdf?variant=3,au_pbs_archive_2010_10_01_425ef50f2275
sha256:53fbb90db2584227865dca1381d8f45c6bd038f64dcf240359cbb34d1f629f4f,6346295,evidence:sha256:53fbb90db2584227865dca1381d8f45c6bd038f64dcf240359cbb34d1f629f4f,rights_constrained_reference,2026-08-27T08:02:43.936236+00:00,sha256:53fbb90db2584227865dca1381d8f45c6bd038f64dcf240359cbb34d1f629f4f,B2 historical checksum reference records current-run fixity; source bytes remain ignored and local.,53fbb90db2584227865dca1381d8f45c6bd038f64dcf240359cbb34d1f629f4f,public_reuse_review,au_pbs,https://www.pbs.gov.au/publication/schedule/1951-2002/1964-11-01-PBS-Schedule-Medical-Practitioners.pdf?variant=3,au_pbs_archive_1964_11_01_f1dd2de4c561
sha256:53fd5873a5c10b09e652a08a905492a7b0e8cd92f527756aaed5e08c8d1ca24e,121619,evidence:sha256:53fd5873a5c10b09e652a08a905492a7b0e8cd92f527756aaed5e08c8d1ca24e,rights_constrained_reference,2026-08-27T08:02:43.936236+00:00,sha256:53fd5873a5c10b09e652a08a905492a7b0e8cd92f527756aaed5e08c8d1ca24e,B2 historical checksum reference records current-run fixity; source bytes remain ignored and local.,53fd5873a5c10b09e652a08a905492a7b0e8cd92f527756aaed5e08c8d1ca24e,public_reuse_review,au_pbs,https://www.pbs.gov.au/publication/schedule/2012/07/2012-07-01-dental-book-SOC.pdf?variant=3,au_pbs_archive_2012_07_01_f5b7b1be926f
sha256:5463d8666108312a746c41a4c5e4eb58af5fcdc45c965326eecc88d7b3ff1e3f,125196,evidence:sha256:5463d8666108312a746c41a4c5e4eb58af5fcdc45c965326eecc88d7b3ff1e3f,rights_constrained_reference,2026-08-27T08:02:43.936236+00:00,sha256:5463d8666108312a746c41a4c5e4eb58af5fcdc45c965326eecc88d7b3ff1e3f,B2 historical checksum reference records current-run fixity; source bytes remain ignored and local.,5463d8666108312a746c41a4c5e4eb58af5fcdc45c965326eecc88d7b3ff1e3f,public_reuse_review,au_mbs,https://www.mbsonline.gov.au/internet/mbsonline/publishing.nsf/650f3eec0dfb990fca25692100069854/928fae91a23256aaca258d0d0007eede/$FILE/Health%20Insurance%20Regulations%202018%20-%20Basic%20Service%20Description%20for%20Assignment%20of%20Medicare%20Benefits.CSV,au_mbs_historical_0006
sha256:5494856015689e0d330106960fe9f8495f457ed454667752e84df46a93faa531,333326,evidence:sha256:5494856015689e0d330106960fe9f8495f457ed454667752e84df46a93faa531,rights_constrained_reference,2026-08-27T08:02:43.936236+00:00,sha256:5494856015689e0d330106960fe9f8495f457ed454667752e84df46a93faa531,B2 historical checksum reference records current-run fixity; source bytes remain ignored and local.,5494856015689e0d330106960fe9f8495f457ed454667752e84df46a93faa531,public_reuse_review,au_pbs,https://www.pbs.gov.au/publication/schedule/2011/05/2011-05-01-general-schedule-SOC.pdf?variant=3,au_pbs_archive_2011_05_01_ffab30a22e94
sha256:54aef55d8c4a22957a744125bb4ffc65444706f73acf3738e08909e617904d57,643284,evidence:sha256:54aef55d8c4a22957a744125bb4ffc65444706f73acf3738e08909e617904d57,rights_constrained_reference,2026-08-27T08:02:43.936236+00:00,sha256:54aef55d8c4a22957a744125bb4ffc65444706f73acf3738e08909e617904d57,B2 historical checksum reference records current-run fixity; source bytes remain ignored and local.,54aef55d8c4a22957a744125bb4ffc65444706f73acf3738e08909e617904d57,public_reuse_review,au_pbs,https://www.pbs.gov.au/publication/schedule/2018/05/2018-05-01-general-soc.pdf?variant=3,au_pbs_archive_2018_05_01_70a82c79371f
sha256:54bea214e2e98acc8dd273db65ca7e0e64e0ebb7454c0cebf83f8a28013dd38f,3991373,evidence:sha256:54bea214e2e98acc8dd273db65ca7e0e64e0ebb7454c0cebf83f8a28013dd38f,rights_constrained_reference,2026-08-27T08:02:43.936236+00:00,sha256:54bea214e2e98acc8dd273db65ca7e0e64e0ebb7454c0cebf83f8a28013dd38f,B2 historical checksum reference records current-run fixity; source bytes remain ignored and local.,54bea214e2e98acc8dd273db65ca7e0e64e0ebb7454c0cebf83f8a28013dd38f,public_reuse_review,au_mbs,https://www.mbsonline.gov.au/internet/mbsonline/publishing.nsf/Content/515793D58E889BD0CA257CD100033990/$File/200911-MBS.pdf,au_mbs_historical_0165
sha256:54bf072682c30263c7fc10a6c62d53960f3a95589fea650801ec8fad82da4f64,422062,evidence:sha256:54bf072682c30263c7fc10a6c62d53960f3a95589fea650801ec8fad82da4f64,rights_constrained_reference,2026-08-27T08:02:43.936236+00:00,sha256:54bf072682c30263c7fc10a6c62d53960f3a95589fea650801ec8fad82da4f64,B2 historical checksum reference records current-run fixity; source bytes remain ignored and local.,54bf072682c30263c7fc10a6c62d53960f3a95589fea650801ec8fad82da4f64,public_reuse_review,au_pbs,https://www.pbs.gov.au/publication/schedule/2015/08/2015-08-01-errata.pdf?variant=3,au_pbs_archive_2015_08_01_8a78017448e2
sha256:550bc9bae721d20d41f0e3becb6127fedd431522af7fc223a2f92ab46b5bc78a,5256045,evidence:sha256:550bc9bae721d20d41f0e3becb6127fedd431522af7fc223a2f92ab46b5bc78a,rights_constrained_reference,2026-08-27T08:02:43.936236+00:00,sha256:550bc9bae721d20d41f0e3becb6127fedd431522af7fc223a2f92ab46b5bc78a,B2 historical checksum reference records current-run fixity; source bytes remain ignored and local.,550bc9bae721d20d41f0e3becb6127fedd431522af7fc223a2f92ab46b5bc78a,public_reuse_review,au_mbs,https://www.mbsonline.gov.au/internet/mbsonline/publishing.nsf/Content/94D54B959677561ECA2585FF000015E3/$File/201311-MBS.pdf,au_mbs_historical_0244
sha256:5547a4a9199d0c42008cef3be40eb3abc4382299181516affabc3f70ddd76aed,2723111,evidence:sha256:5547a4a9199d0c42008cef3be40eb3abc4382299181516affabc3f70ddd76aed,rights_constrained_reference,2026-08-27T08:02:43.936236+00:00,sha256:5547a4a9199d0c42008cef3be40eb3abc4382299181516affabc3f70ddd76aed,B2 historical checksum reference records current-run fixity; source bytes remain ignored and local.,5547a4a9199d0c42008cef3be40eb3abc4382299181516affabc3f70ddd76aed,public_reuse_review,au_pbs,https://www.pbs.gov.au/publication/schedule/2012/01/2012-01-01-dental-book.pdf?variant=3,au_pbs_archive_2012_01_01_0faded079bd2
sha256:55ea9276a76614a1afbe6d38321bae0816c18cccc596da6b5cb9be23958760ef,2423574,evidence:sha256:55ea9276a76614a1afbe6d38321bae0816c18cccc596da6b5cb9be23958760ef,rights_constrained_reference,2026-08-27T08:02:43.936236+00:00,sha256:55ea9276a76614a1afbe6d38321bae0816c18cccc596da6b5cb9be23958760ef,B2 historical checksum reference records current-run fixity; source bytes remain ignored and local.,55ea9276a76614a1afbe6d38321bae0816c18cccc596da6b5cb9be23958760ef,public_reuse_review,au_pbs,https://www.pbs.gov.au/publication/schedule/2011/07/2011-07-01-dental-book.pdf?variant=3,au_pbs_archive_2011_07_01_dd7e4f57237a
sha256:561573510a661dc3c5fcdeb97d28caf5e15e995aec29b72ded7637e94c2438e4,33650291,evidence:sha256:561573510a661dc3c5fcdeb97d28caf5e15e995aec29b72ded7637e94c2438e4,rights_constrained_reference,2026-08-27T08:02:43.936236+00:00,sha256:561573510a661dc3c5fcdeb97d28caf5e15e995aec29b72ded7637e94c2438e4,B2 historical checksum reference records current-run fixity; source bytes remain ignored and local.,561573510a661dc3c5fcdeb97d28caf5e15e995aec29b72ded7637e94c2438e4,public_reuse_review,au_pbs,https://www.pbs.gov.au/publication/schedule/2026/02/2026-02-01-general-schedule-volume-1.pdf?variant=3,au_pbs_archive_2026_02_01_724897e38eaa
sha256:562522e42302264e8608b2f4590f8050693d20ad033c3f67ee31348f2f936965,20113703,evidence:sha256:562522e42302264e8608b2f4590f8050693d20ad033c3f67ee31348f2f936965,rights_constrained_reference,2026-08-27T08:02:43.936236+00:00,sha256:562522e42302264e8608b2f4590f8050693d20ad033c3f67ee31348f2f936965,B2 historical checksum reference records current-run fixity; source bytes remain ignored and local.,562522e42302264e8608b2f4590f8050693d20ad033c3f67ee31348f2f936965,public_reuse_review,au_pbs,https://www.pbs.gov.au/publication/schedule/2017/07/2017-07-01-general-schedule.pdf?variant=3,au_pbs_archive_2017_07_01_05d4d0b1e51e
sha256:56831b384e2c4c9d88e57e6fe4cdf15840f6aeebdd4f63fc87a450cba391df2f,333562,evidence:sha256:56831b384e2c4c9d88e57e6fe4cdf15840f6aeebdd4f63fc87a450cba391df2f,rights_constrained_reference,2026-08-27T08:02:43.936236+00:00,sha256:56831b384e2c4c9d88e57e6fe4cdf15840f6aeebdd4f63fc87a450cba391df2f,B2 historical checksum reference records current-run fixity; source bytes remain ignored and local.,56831b384e2c4c9d88e57e6fe4cdf15840f6aeebdd4f63fc87a450cba391df2f,public_reuse_review,au_pbs,https://www.pbs.gov.au/publication/schedule/2014/04/2014-04-01-errata.pdf?variant=3,au_pbs_archive_2014_04_01_80fef65ce866
sha256:56b6e2031dab7fa80f7d215c9366905e1e5ea8c1b14541af1f6e10737f9bf24a,1943033,evidence:sha256:56b6e2031dab7fa80f7d215c9366905e1e5ea8c1b14541af1f6e10737f9bf24a,rights_constrained_reference,2026-08-27T08:02:43.936236+00:00,sha256:56b6e2031dab7fa80f7d215c9366905e1e5ea8c1b14541af1f6e10737f9bf24a,B2 historical checksum reference records current-run fixity; source bytes remain ignored and local.,56b6e2031dab7fa80f7d215c9366905e1e5ea8c1b14541af1f6e10737f9bf24a,public_reuse_review,au_mbs,https://www.mbsonline.gov.au/internet/mbsonline/publishing.nsf/Content/B013E0789A07D708CA258B030013670A/$File/PDF%20Version%20-%201%20July%202024%20Category%208%20-%20Miscellaneous%20Services.pdf,au_mbs_historical_0267
sha256:56cb506a1c24b22d3cbc9a6861fe6168759858e6a552d9bd7b106bd38ec6badd,13215801,evidence:sha256:56cb506a1c24b22d3cbc9a6861fe6168759858e6a552d9bd7b106bd38ec6badd,rights_constrained_reference,2026-08-27T08:02:43.936236+00:00,sha256:56cb506a1c24b22d3cbc9a6861fe6168759858e6a552d9bd7b106bd38ec6badd,B2 historical checksum reference records current-run fixity; source bytes remain ignored and local.,56cb506a1c24b22d3cbc9a6861fe6168759858e6a552d9bd7b106bd38ec6badd,public_reuse_review,au_pbs,https://www.pbs.gov.au/publication/schedule/2021/11/2021-11-01-general-schedule-volume-2.pdf?variant=3,au_pbs_archive_2021_11_01_8695ec033072
sha256:56cd14ed8605bf387f18732f67501730b1c3bb0aaa64342ba495b57487b02968,2270360,evidence:sha256:56cd14ed8605bf387f18732f67501730b1c3bb0aaa64342ba495b57487b02968,rights_constrained_reference,2026-08-27T08:02:43.936236+00:00,sha256:56cd14ed8605bf387f18732f67501730b1c3bb0aaa64342ba495b57487b02968,B2 historical checksum reference records current-run fixity; source bytes remain ignored and local.,56cd14ed8605bf387f18732f67501730b1c3bb0aaa64342ba495b57487b02968,public_reuse_review,au_pbs,https://www.pbs.gov.au/publication/schedule/2024/01/2024-01-01-general-soc.pdf?variant=3,au_pbs_archive_2024_01_01_487a2de5d341
sha256:56d73c4c10a5e0e16edc94bd39c06679c0e596aa3bd6fbd2ebaa748e63512697,413447,evidence:sha256:56d73c4c10a5e0e16edc94bd39c06679c0e596aa3bd6fbd2ebaa748e63512697,rights_constrained_reference,2026-08-27T08:02:43.936236+00:00,sha256:56d73c4c10a5e0e16edc94bd39c06679c0e596aa3bd6fbd2ebaa748e63512697,B2 historical checksum reference records current-run fixity; source bytes remain ignored and local.,56d73c4c10a5e0e16edc94bd39c06679c0e596aa3bd6fbd2ebaa748e63512697,public_reuse_review,au_mbs,https://www.mbsonline.gov.au/internet/mbsonline/publishing.nsf/Content/E137A6BDE8494881CA2585FF000A72FF/$File/201211-Dental.pdf,au_mbs_historical_0312
sha256:56daa0ff5624ba455b931f878ca9026a0c4c60a023c1096b69c5f96f8fbe8d8b,334355,evidence:sha256:56daa0ff5624ba455b931f878ca9026a0c4c60a023c1096b69c5f96f8fbe8d8b,rights_constrained_reference,2026-08-27T08:02:43.936236+00:00,sha256:56daa0ff5624ba455b931f878ca9026a0c4c60a023c1096b69c5f96f8fbe8d8b,B2 historical checksum reference records current-run fixity; source bytes remain ignored and local.,56daa0ff5624ba455b931f878ca9026a0c4c60a023c1096b69c5f96f8fbe8d8b,public_reuse_review,au_pbs,https://www.pbs.gov.au/publication/schedule/2014/01/2014-01-01-errata.pdf?variant=3,au_pbs_archive_2014_01_01_a0d267209421
sha256:56e652fcec776a286f46e7ef41e48b6c241879eaf0ebd9509c4cb9df2519a910,554097,evidence:sha256:56e652fcec776a286f46e7ef41e48b6c241879eaf0ebd9509c4cb9df2519a910,rights_constrained_reference,2026-08-27T08:02:43.936236+00:00,sha256:56e652fcec776a286f46e7ef41e48b6c241879eaf0ebd9509c4cb9df2519a910,B2 historical checksum reference records current-run fixity; source bytes remain ignored and local.,56e652fcec776a286f46e7ef41e48b6c241879eaf0ebd9509c4cb9df2519a910,public_reuse_review,au_pbs,https://www.pbs.gov.au/publication/schedule/2011/08/2011-08-01-dental-book-SOC.pdf?variant=3,au_pbs_archive_2011_08_01_6cb7b9696c8a
sha256:57a61b6dc245384ece885bdc2939c01eb42167ade164086b3ea4561c7c69adf3,431669,evidence:sha256:57a61b6dc245384ece885bdc2939c01eb42167ade164086b3ea4561c7c69adf3,rights_constrained_reference,2026-08-27T08:02:43.936236+00:00,sha256:57a61b6dc245384ece885bdc2939c01eb42167ade164086b3ea4561c7c69adf3,B2 historical checksum reference records current-run fixity; source bytes remain ignored and local.,57a61b6dc245384ece885bdc2939c01eb42167ade164086b3ea4561c7c69adf3,public_reuse_review,au_mbs,https://www.mbsonline.gov.au/internet/mbsonline/publishing.nsf/Content/E137A6BDE8494881CA2585FF000A72FF/$File/201207-Allied.pdf,au_mbs_historical_0307
sha256:57aa54588252ef23530d5878bab2fa496f71bd065bf648da2d793e974d6c7deb,3649623,evidence:sha256:57aa54588252ef23530d5878bab2fa496f71bd065bf648da2d793e974d6c7deb,rights_constrained_reference,2026-08-27T08:02:43.936236+00:00,sha256:57aa54588252ef23530d5878bab2fa496f71bd065bf648da2d793e974d6c7deb,B2 historical checksum reference records current-run fixity; source bytes remain ignored and local.,57aa54588252ef23530d5878bab2fa496f71bd065bf648da2d793e974d6c7deb,public_reuse_review,au_pbs,https://www.pbs.gov.au/publication/schedule/2011/11/2011-11-01-dental-book.pdf?variant=3,au_pbs_archive_2011_11_01_6c25dcff0243
sha256:57bda494e62b8d5b8c55d5ea3a9e3390433db20705f0a94a799048a4fdf5dba2,1831586,evidence:sha256:57bda494e62b8d5b8c55d5ea3a9e3390433db20705f0a94a799048a4fdf5dba2,rights_constrained_reference,2026-08-27T08:02:43.936236+00:00,sha256:57bda494e62b8d5b8c55d5ea3a9e3390433db20705f0a94a799048a4fdf5dba2,B2 historical checksum reference records current-run fixity; source bytes remain ignored and local.,57bda494e62b8d5b8c55d5ea3a9e3390433db20705f0a94a799048a4fdf5dba2,public_reuse_review,au_pbs,https://www.pbs.gov.au/publication/schedule/2019/11/2019-11-01-efc-schedule.pdf?variant=3,au_pbs_archive_2019_11_01_35f4ee60091d
sha256:57f5c73b35f3c57f19debc3f47f5e993ada78fc7102e8a96883aeb4e495c2f4f,374222,evidence:sha256:57f5c73b35f3c57f19debc3f47f5e993ada78fc7102e8a96883aeb4e495c2f4f,rights_constrained_reference,2026-08-27T08:02:43.936236+00:00,sha256:57f5c73b35f3c57f19debc3f47f5e993ada78fc7102e8a96883aeb4e495c2f4f,B2 historical checksum reference records current-run fixity; source bytes remain ignored and local.,57f5c73b35f3c57f19debc3f47f5e993ada78fc7102e8a96883aeb4e495c2f4f,public_reuse_review,au_pbs,https://www.pbs.gov.au/publication/schedule/2009/2009-11-01-chemotherapy-book.pdf?variant=3,au_pbs_archive_2009_11_01_c4d6dd9d3354
sha256:5833a73f8658d3f2ec368fe483858790ddada88bd613b648fc45eca5ab937d9d,67038,evidence:sha256:5833a73f8658d3f2ec368fe483858790ddada88bd613b648fc45eca5ab937d9d,rights_constrained_reference,2026-08-27T08:02:43.936236+00:00,sha256:5833a73f8658d3f2ec368fe483858790ddada88bd613b648fc45eca5ab937d9d,B2 historical checksum reference records current-run fixity; source bytes remain ignored and local.,5833a73f8658d3f2ec368fe483858790ddada88bd613b648fc45eca5ab937d9d,public_reuse_review,au_pbs,https://www.pbs.gov.au/publication/schedule/2013/10/2013-10-01-errata.pdf?variant=3,au_pbs_archive_2013_10_01_02d2d5fa173e
sha256:5834d849743a3eab2b8c03e826a5ed6a488a6f65cf4c4148da3ec227e5007805,8291891,evidence:sha256:5834d849743a3eab2b8c03e826a5ed6a488a6f65cf4c4148da3ec227e5007805,rights_constrained_reference,1970-01-01T00:00:00Z,sha256:5834d849743a3eab2b8c03e826a5ed6a488a6f65cf4c4148da3ec227e5007805,B2 reference preserves identity without publishing local raw bytes.,5834d849743a3eab2b8c03e826a5ed6a488a6f65cf4c4148da3ec227e5007805,public_reuse_review,au_mbs,https://www.mbsonline.gov.au/internet/mbsonline/publishing.nsf/650f3eec0dfb990d3ca25692100069854/d4bd04ca56657072ca258df70023b066/$FILE/MBS-XML-20260701.XML,au_mbs_20260701_xml
sha256:5846c10cf0bc93bf65f0a6fa012ae6a58a34c14ddd47abb4b5f7a5a667ba88e1,977890,evidence:sha256:5846c10cf0bc93bf65f0a6fa012ae6a58a34c14ddd47abb4b5f7a5a667ba88e1,rights_constrained_reference,2026-08-27T08:02:43.936236+00:00,sha256:5846c10cf0bc93bf65f0a6fa012ae6a58a34c14ddd47abb4b5f7a5a667ba88e1,B2 historical checksum reference records current-run fixity; source bytes remain ignored and local.,5846c10cf0bc93bf65f0a6fa012ae6a58a34c14ddd47abb4b5f7a5a667ba88e1,public_reuse_review,au_pbs,https://www.pbs.gov.au/publication/schedule/2014/09/2014-09-01-general-schedule-soc.pdf?variant=3,au_pbs_archive_2014_09_01_8889a35d274b
sha256:58cb6976bad7b8ad9d990469d0f7d0490c89f5f3136366ae327a2b99d3c547e2,579773,evidence:sha256:58cb6976bad7b8ad9d990469d0f7d0490c89f5f3136366ae327a2b99d3c547e2,rights_constrained_reference,2026-08-27T08:02:43.936236+00:00,sha256:58cb6976bad7b8ad9d990469d0f7d0490c89f5f3136366ae327a2b99d3c547e2,B2 historical checksum reference records current-run fixity; source bytes remain ignored and local.,58cb6976bad7b8ad9d990469d0f7d0490c89f5f3136366ae327a2b99d3c547e2,public_reuse_review,au_pbs,https://www.pbs.gov.au/publication/schedule/2012/03/2012-03-01-general-schedule-SOC.pdf?variant=3,au_pbs_archive_2012_03_01_f0fd437ec1f2
sha256:590f452099d6360a0f3eb698771a6e74b4be7c8403ddfd8ead21699a61b1a893,30981,evidence:sha256:590f452099d6360a0f3eb698771a6e74b4be7c8403ddfd8ead21699a61b1a893,rights_constrained_reference,2026-08-27T08:02:43.936236+00:00,sha256:590f452099d6360a0f3eb698771a6e74b4be7c8403ddfd8ead21699a61b1a893,B2 historical checksum reference records current-run fixity; source bytes remain ignored and local.,590f452099d6360a0f3eb698771a6e74b4be7c8403ddfd8ead21699a61b1a893,public_reuse_review,au_pbs,https://www.pbs.gov.au/publication/schedule/2007/2007-05-01-dental-book-soc.pdf?variant=3,au_pbs_archive_2007_05_01_37c8b4250343
sha256:594124d1e8c274c7229087cf01292f52a20c62de77708370f5145faf42adb9c5,8475269,evidence:sha256:594124d1e8c274c7229087cf01292f52a20c62de77708370f5145faf42adb9c5,rights_constrained_reference,2026-08-27T08:02:43.936236+00:00,sha256:594124d1e8c274c7229087cf01292f52a20c62de77708370f5145faf42adb9c5,B2 historical checksum reference records current-run fixity; source bytes remain ignored and local.,594124d1e8c274c7229087cf01292f52a20c62de77708370f5145faf42adb9c5,public_reuse_review,au_pbs,https://www.pbs.gov.au/publication/schedule/2019/07/2019-07-01-section100-volume-2.pdf?variant=3,au_pbs_archive_2019_07_01_3389088fb588
sha256:59a24948f7273bf143c6a37efc3eae3fedb6a41b5a90804be3fe877ed4797fb8,22265607,evidence:sha256:59a24948f7273bf143c6a37efc3eae3fedb6a41b5a90804be3fe877ed4797fb8,rights_constrained_reference,2026-08-27T08:02:43.936236+00:00,sha256:59a24948f7273bf143c6a37efc3eae3fedb6a41b5a90804be3fe877ed4797fb8,B2 historical checksum reference records current-run fixity; source bytes remain ignored and local.,59a24948f7273bf143c6a37efc3eae3fedb6a41b5a90804be3fe877ed4797fb8,public_reuse_review,au_pbs,https://www.pbs.gov.au/publication/schedule/2022/06/2022-06-01-general-schedule-volume-1.pdf?variant=3,au_pbs_archive_2022_06_01_dedceef01a43
sha256:59c2dce4f10adff9d2cc2f038a5143743753e95cf755fffc305d82bf250cfa9a,1236151,evidence:sha256:59c2dce4f10adff9d2cc2f038a5143743753e95cf755fffc305d82bf250cfa9a,rights_constrained_reference,2026-08-27T08:02:43.936236+00:00,sha256:59c2dce4f10adff9d2cc2f038a5143743753e95cf755fffc305d82bf250cfa9a,B2 historical checksum reference records current-run fixity; source bytes remain ignored and local.,59c2dce4f10adff9d2cc2f038a5143743753e95cf755fffc305d82bf250cfa9a,public_reuse_review,au_pbs,https://www.pbs.gov.au/publication/schedule/2016/08/2016-08-01-efc-schedule.pdf?variant=3,au_pbs_archive_2016_08_01_99742a895905
sha256:59fecc0b8070b60b99ea6f155631514c5ea9f1ff5fe5fb5c26f358c4823af0d0,4773598,evidence:sha256:59fecc0b8070b60b99ea6f155631514c5ea9f1ff5fe5fb5c26f358c4823af0d0,rights_constrained_reference,2026-08-27T08:02:43.936236+00:00,sha256:59fecc0b8070b60b99ea6f155631514c5ea9f1ff5fe5fb5c26f358c4823af0d0,B2 historical checksum reference records current-run fixity; source bytes remain ignored and local.,59fecc0b8070b60b99ea6f155631514c5ea9f1ff5fe5fb5c26f358c4823af0d0,public_reuse_review,au_mbs,https://www.mbsonline.gov.au/internet/mbsonline/publishing.nsf/Content/8F3FA58ED97DCA35CA2584BE00111151/$File/202001-Cat3%2018Dec2019.pdf,au_mbs_historical_0202
sha256:5a679f0e63dd0d992c329d53062f1f906281d4c060f0f47991a91ec12edb3521,444229,evidence:sha256:5a679f0e63dd0d992c329d53062f1f906281d4c060f0f47991a91ec12edb3521,rights_constrained_reference,2026-08-27T08:02:43.936236+00:00,sha256:5a679f0e63dd0d992c329d53062f1f906281d4c060f0f47991a91ec12edb3521,B2 historical checksum reference records current-run fixity; source bytes remain ignored and local.,5a679f0e63dd0d992c329d53062f1f906281d4c060f0f47991a91ec12edb3521,public_reuse_review,au_pbs,https://www.pbs.gov.au/publication/schedule/2008/2008-01-01-dental-book.pdf?variant=3,au_pbs_archive_2008_01_01_092ceaa9ce71
sha256:5a7abe52ecc7f93803f5ed17ac405420a3b8de735f4d98ebd3c8f4ed1eedbe78,6842458,evidence:sha256:5a7abe52ecc7f93803f5ed17ac405420a3b8de735f4d98ebd3c8f4ed1eedbe78,rights_constrained_reference,2026-08-27T08:02:43.936236+00:00,sha256:5a7abe52ecc7f93803f5ed17ac405420a3b8de735f4d98ebd3c8f4ed1eedbe78,B2 historical checksum reference records current-run fixity; source bytes remain ignored and local.,5a7abe52ecc7f93803f5ed17ac405420a3b8de735f4d98ebd3c8f4ed1eedbe78,public_reuse_review,au_pbs,https://www.pbs.gov.au/publication/schedule/2013/09/2013-09-01-general-schedule.pdf?variant=3,au_pbs_archive_2013_09_01_0af7b670b35b
sha256:5ab0ef576d05d48fabd858df3d946e7777250310d1eef13d38d79b3138dd244d,18710493,evidence:sha256:5ab0ef576d05d48fabd858df3d946e7777250310d1eef13d38d79b3138dd244d,rights_constrained_reference,2026-08-27T08:02:43.936236+00:00,sha256:5ab0ef576d05d48fabd858df3d946e7777250310d1eef13d38d79b3138dd244d,B2 historical checksum reference records current-run fixity; source bytes remain ignored and local.,5ab0ef576d05d48fabd858df3d946e7777250310d1eef13d38d79b3138dd244d,public_reuse_review,au_mbs,https://www.mbsonline.gov.au/internet/mbsonline/publishing.nsf/Content/515793D58E889BD0CA257CD100033990/$File/1994-11-MBS.pdf,au_mbs_historical_0098
sha256:5b35805c3e71a02b3c5dff6e118c2cb7fe4786db39ee37df8462974d5e32bd81,877100,evidence:sha256:5b35805c3e71a02b3c5dff6e118c2cb7fe4786db39ee37df8462974d5e32bd81,rights_constrained_reference,2026-08-27T08:02:43.936236+00:00,sha256:5b35805c3e71a02b3c5dff6e118c2cb7fe4786db39ee37df8462974d5e32bd81,B2 historical checksum reference records current-run fixity; source bytes remain ignored and local.,5b35805c3e71a02b3c5dff6e118c2cb7fe4786db39ee37df8462974d5e32bd81,public_reuse_review,au_pbs,https://www.pbs.gov.au/publication/schedule/2017/12/2017-12-01-errata.pdf?variant=3,au_pbs_archive_2017_12_01_d2bda38de857
sha256:5b96f333691423e29e403ed2cabbc23807ea2cf85fea6fd8a997796f24c77d0a,2824711,evidence:sha256:5b96f333691423e29e403ed2cabbc23807ea2cf85fea6fd8a997796f24c77d0a,rights_constrained_reference,2026-08-27T08:02:43.936236+00:00,sha256:5b96f333691423e29e403ed2cabbc23807ea2cf85fea6fd8a997796f24c77d0a,B2 historical checksum reference records current-run fixity; source bytes remain ignored and local.,5b96f333691423e29e403ed2cabbc23807ea2cf85fea6fd8a997796f24c77d0a,public_reuse_review,au_pbs,https://www.pbs.gov.au/publication/schedule/2003/2003-08-01-general-schedule.pdf?variant=3,au_pbs_archive_2003_08_01_6fc9eb52cb0e
sha256:5baf4494a73026ef267e70974e0317469165aca8cfc869fb0e56fb3000d309e9,355940,evidence:sha256:5baf4494a73026ef267e70974e0317469165aca8cfc869fb0e56fb3000d309e9,rights_constrained_reference,2026-08-27T08:02:43.936236+00:00,sha256:5baf4494a73026ef267e70974e0317469165aca8cfc869fb0e56fb3000d309e9,B2 historical checksum reference records current-run fixity; source bytes remain ignored and local.,5baf4494a73026ef267e70974e0317469165aca8cfc869fb0e56fb3000d309e9,public_reuse_review,au_mbs,https://www.mbsonline.gov.au/internet/mbsonline/publishing.nsf/Content/B900536D4B582E61CA2585FF0006926F/$File/201407-Optom.PDF,au_mbs_historical_0278
sha256:5c1c9f5c66930624a5a2792e2903c7cbb3b351068fc4bcdb95f477201fd7709d,2769966,evidence:sha256:5c1c9f5c66930624a5a2792e2903c7cbb3b351068fc4bcdb95f477201fd7709d,rights_constrained_reference,2026-08-27T08:02:43.936236+00:00,sha256:5c1c9f5c66930624a5a2792e2903c7cbb3b351068fc4bcdb95f477201fd7709d,B2 historical checksum reference records current-run fixity; source bytes remain ignored and local.,5c1c9f5c66930624a5a2792e2903c7cbb3b351068fc4bcdb95f477201fd7709d,public_reuse_review,au_pbs,https://www.pbs.gov.au/publication/schedule/2023/12/2023-12-01-efc-schedule.pdf?variant=3,au_pbs_archive_2023_12_01_e0f791472eb1
sha256:5c3aed063509a7d9b19445fe351018f21a7416a7c932a791a8d4cc96f2c00d12,647014,evidence:sha256:5c3aed063509a7d9b19445fe351018f21a7416a7c932a791a8d4cc96f2c00d12,rights_constrained_reference,2026-08-27T08:02:43.936236+00:00,sha256:5c3aed063509a7d9b19445fe351018f21a7416a7c932a791a8d4cc96f2c00d12,B2 historical checksum reference records current-run fixity; source bytes remain ignored and local.,5c3aed063509a7d9b19445fe351018f21a7416a7c932a791a8d4cc96f2c00d12,public_reuse_review,au_pbs,https://www.pbs.gov.au/publication/schedule/2011/10/2011-10-01-general-schedule-SOC.pdf?variant=3,au_pbs_archive_2011_10_01_c5c2969e6dee
sha256:5c965029fcedab47f1f88892377496dbb398b6116144145610d0cfd789f52ffb,840860,evidence:sha256:5c965029fcedab47f1f88892377496dbb398b6116144145610d0cfd789f52ffb,rights_constrained_reference,2026-08-27T08:02:43.936236+00:00,sha256:5c965029fcedab47f1f88892377496dbb398b6116144145610d0cfd789f52ffb,B2 historical checksum reference records current-run fixity; source bytes remain ignored and local.,5c965029fcedab47f1f88892377496dbb398b6116144145610d0cfd789f52ffb,public_reuse_review,au_pbs,https://www.pbs.gov.au/publication/schedule/2018/02/2018-02-01-general-soc.pdf?variant=3,au_pbs_archive_2018_02_01_84b9af0a544c
sha256:5cd51246997c8cda26797323f723a9696356469dfb20db4e11ff23c01ae6a11c,12141093,evidence:sha256:5cd51246997c8cda26797323f723a9696356469dfb20db4e11ff23c01ae6a11c,rights_constrained_reference,2026-08-27T08:02:43.936236+00:00,sha256:5cd51246997c8cda26797323f723a9696356469dfb20db4e11ff23c01ae6a11c,B2 historical checksum reference records current-run fixity; source bytes remain ignored and local.,5cd51246997c8cda26797323f723a9696356469dfb20db4e11ff23c01ae6a11c,public_reuse_review,au_pbs,https://www.pbs.gov.au/publication/schedule/2021/07/2021-07-01-general-schedule-volume-2.pdf?variant=3,au_pbs_archive_2021_07_01_28b9684812eb
sha256:5d1bb1fad4c464d7159b24b0bb2d159b83e56ddea8ca545d4dcd20f0694663ba,16675878,evidence:sha256:5d1bb1fad4c464d7159b24b0bb2d159b83e56ddea8ca545d4dcd20f0694663ba,rights_constrained_reference,2026-08-27T08:02:43.936236+00:00,sha256:5d1bb1fad4c464d7159b24b0bb2d159b83e56ddea8ca545d4dcd20f0694663ba,B2 historical checksum reference records current-run fixity; source bytes remain ignored and local.,5d1bb1fad4c464d7159b24b0bb2d159b83e56ddea8ca545d4dcd20f0694663ba,public_reuse_review,au_mbs,https://www.mbsonline.gov.au/internet/mbsonline/publishing.nsf/Content/B900536D4B582E61CA2585FF0006926F/$File/201401-MBS.PDF,au_mbs_historical_0272
sha256:5d1f88ba0aa4d94c76481e2414b26d627fe5bcdf29cf51d6548d604c70f6424b,17274988,evidence:sha256:5d1f88ba0aa4d94c76481e2414b26d627fe5bcdf29cf51d6548d604c70f6424b,rights_constrained_reference,2026-08-27T08:02:43.936236+00:00,sha256:5d1f88ba0aa4d94c76481e2414b26d627fe5bcdf29cf51d6548d604c70f6424b,B2 historical checksum reference records current-run fixity; source bytes remain ignored and local.,5d1f88ba0aa4d94c76481e2414b26d627fe5bcdf29cf51d6548d604c70f6424b,public_reuse_review,au_pbs,https://www.pbs.gov.au/publication/schedule/1951-2002/1997-11-01-PBS-Schedule.pdf?variant=3,au_pbs_archive_1997_11_01_6e696f7789c1
sha256:5d349e74c8e42a3c58ba72162b1fa7b8f909c0f35ca5cbb93b9ebacbff1b7108,7632,evidence:sha256:5d349e74c8e42a3c58ba72162b1fa7b8f909c0f35ca5cbb93b9ebacbff1b7108,rights_constrained_reference,2026-08-27T08:02:43.936236+00:00,sha256:5d349e74c8e42a3c58ba72162b1fa7b8f909c0f35ca5cbb93b9ebacbff1b7108,B2 historical checksum reference records current-run fixity; source bytes remain ignored and local.,5d349e74c8e42a3c58ba72162b1fa7b8f909c0f35ca5cbb93b9ebacbff1b7108,public_reuse_review,au_pbs,https://www.pbs.gov.au/publication/schedule/2011/03/2011-03-01-erratum.pdf?variant=3,au_pbs_archive_2011_03_01_ab2c8a6608df
sha256:5d502ad25b01196b95a8fb6f06c1f518f092d8375f0d6fb250badd564563e94e,85221,evidence:sha256:5d502ad25b01196b95a8fb6f06c1f518f092d8375f0d6fb250badd564563e94e,rights_constrained_reference,2026-08-27T08:02:43.936236+00:00,sha256:5d502ad25b01196b95a8fb6f06c1f518f092d8375f0d6fb250badd564563e94e,B2 historical checksum reference records current-run fixity; source bytes remain ignored and local.,5d502ad25b01196b95a8fb6f06c1f518f092d8375f0d6fb250badd564563e94e,public_reuse_review,au_pbs,https://www.pbs.gov.au/publication/schedule/2012/12/2012-12-01-errata-notes.pdf?variant=3,au_pbs_archive_2012_12_01_f817606907dd
sha256:5d6cfff09e625ff60f2a0558f25d9464f30e95f8ac7e7b4fbea53bdf9ccb6050,71153,evidence:sha256:5d6cfff09e625ff60f2a0558f25d9464f30e95f8ac7e7b4fbea53bdf9ccb6050,rights_constrained_reference,2026-08-27T08:02:43.936236+00:00,sha256:5d6cfff09e625ff60f2a0558f25d9464f30e95f8ac7e7b4fbea53bdf9ccb6050,B2 historical checksum reference records current-run fixity; source bytes remain ignored and local.,5d6cfff09e625ff60f2a0558f25d9464f30e95f8ac7e7b4fbea53bdf9ccb6050,public_reuse_review,au_pbs,https://www.pbs.gov.au/publication/schedule/2008/2008-02-01-general-schedule-soc.pdf?variant=3,au_pbs_archive_2008_02_01_7e1ca4045f71
sha256:5d737fcfe40858cb1bc4e9489fcac108d23c3eb5005c38c1da720d3362edfce0,2420657,evidence:sha256:5d737fcfe40858cb1bc4e9489fcac108d23c3eb5005c38c1da720d3362edfce0,rights_constrained_reference,2026-08-27T08:02:43.936236+00:00,sha256:5d737fcfe40858cb1bc4e9489fcac108d23c3eb5005c38c1da720d3362edfce0,B2 historical checksum reference records current-run fixity; source bytes remain ignored and local.,5d737fcfe40858cb1bc4e9489fcac108d23c3eb5005c38c1da720d3362edfce0,public_reuse_review,au_pbs,https://www.pbs.gov.au/publication/schedule/2025/06/2025-06-01-general-soc.pdf?variant=3,au_pbs_archive_2025_06_01_95f5e03d092d
sha256:5d842ad0c5337d6e2a437b9586c9911dcd97e2b7031169111885e46272746538,18317252,evidence:sha256:5d842ad0c5337d6e2a437b9586c9911dcd97e2b7031169111885e46272746538,rights_constrained_reference,2026-08-27T08:02:43.936236+00:00,sha256:5d842ad0c5337d6e2a437b9586c9911dcd97e2b7031169111885e46272746538,B2 historical checksum reference records current-run fixity; source bytes remain ignored and local.,5d842ad0c5337d6e2a437b9586c9911dcd97e2b7031169111885e46272746538,public_reuse_review,au_mbs,https://www.mbsonline.gov.au/internet/mbsonline/publishing.nsf/Content/F540E955EFE9BFD5CA25861500000C28/$File/201903-MBS.pdf,au_mbs_historical_0322
sha256:5dadb92b01d982d5b696452f7e92a857dc3102b59cf8122744684d6e9235d699,1367382,evidence:sha256:5dadb92b01d982d5b696452f7e92a857dc3102b59cf8122744684d6e9235d699,rights_constrained_reference,2026-08-27T08:02:43.936236+00:00,sha256:5dadb92b01d982d5b696452f7e92a857dc3102b59cf8122744684d6e9235d699,B2 historical checksum reference records current-run fixity; source bytes remain ignored and local.,5dadb92b01d982d5b696452f7e92a857dc3102b59cf8122744684d6e9235d699,public_reuse_review,au_pbs,https://www.pbs.gov.au/publication/schedule/2007/2007-01-01-dental-book.pdf?variant=3,au_pbs_archive_2007_01_01_cf8651b4883b
sha256:5dd78b4491d185064bba372e46b9eed2aa7d57945bda31d4d0389ce1288c5b7e,2600159,evidence:sha256:5dd78b4491d185064bba372e46b9eed2aa7d57945bda31d4d0389ce1288c5b7e,rights_constrained_reference,2026-08-27T08:02:43.936236+00:00,sha256:5dd78b4491d185064bba372e46b9eed2aa7d57945bda31d4d0389ce1288c5b7e,B2 historical checksum reference records current-run fixity; source bytes remain ignored and local.,5dd78b4491d185064bba372e46b9eed2aa7d57945bda31d4d0389ce1288c5b7e,public_reuse_review,au_pbs,https://www.pbs.gov.au/publication/schedule/2026/03/2026-03-01-efc-schedule.pdf?variant=3,au_pbs_archive_2026_03_01_5d2cc1513bd5
sha256:5e0e74b09eb039382d2ca4e72a05bb89f5ceea501953a7cdd8b4ba980731010e,513150,evidence:sha256:5e0e74b09eb039382d2ca4e72a05bb89f5ceea501953a7cdd8b4ba980731010e,rights_constrained_reference,2026-08-27T08:02:43.936236+00:00,sha256:5e0e74b09eb039382d2ca4e72a05bb89f5ceea501953a7cdd8b4ba980731010e,B2 historical checksum reference records current-run fixity; source bytes remain ignored and local.,5e0e74b09eb039382d2ca4e72a05bb89f5ceea501953a7cdd8b4ba980731010e,public_reuse_review,au_mbs,https://www.mbsonline.gov.au/internet/mbsonline/publishing.nsf/Content/515793D58E889BD0CA257CD100033990/$File/2003-11-Optom.pdf,au_mbs_historical_0130
sha256:5e3b62434170e4c80b16e3abe18f3a9024c01cce6f0070e9e2ec9deb9eed38a7,27451,evidence:sha256:5e3b62434170e4c80b16e3abe18f3a9024c01cce6f0070e9e2ec9deb9eed38a7,rights_constrained_reference,2026-08-27T08:02:43.936236+00:00,sha256:5e3b62434170e4c80b16e3abe18f3a9024c01cce6f0070e9e2ec9deb9eed38a7,B2 historical checksum reference records current-run fixity; source bytes remain ignored and local.,5e3b62434170e4c80b16e3abe18f3a9024c01cce6f0070e9e2ec9deb9eed38a7,public_reuse_review,au_mbs,https://www.mbsonline.gov.au/internet/mbsonline/publishing.nsf/Content/515793D58E889BD0CA257CD100033990/$File/2007-08-MBS.pdf,au_mbs_historical_0147
sha256:5e4ae653aa2a5cbdd24bf95fcf9518ef39d58bcb66793fa81331cb73ab03456e,2120523,evidence:sha256:5e4ae653aa2a5cbdd24bf95fcf9518ef39d58bcb66793fa81331cb73ab03456e,rights_constrained_reference,2026-08-27T08:02:43.936236+00:00,sha256:5e4ae653aa2a5cbdd24bf95fcf9518ef39d58bcb66793fa81331cb73ab03456e,B2 historical checksum reference records current-run fixity; source bytes remain ignored and local.,5e4ae653aa2a5cbdd24bf95fcf9518ef39d58bcb66793fa81331cb73ab03456e,public_reuse_review,au_pbs,https://www.pbs.gov.au/publication/schedule/2022/01/2022-01-01-efc-schedule.pdf?variant=3,au_pbs_archive_2022_01_01_ce4191cb641c
sha256:5e82ec9586a9d27df1e77294b3f885efd7bac3533dcb8a4c424057390a723ccb,4203007,evidence:sha256:5e82ec9586a9d27df1e77294b3f885efd7bac3533dcb8a4c424057390a723ccb,rights_constrained_reference,2026-08-27T08:02:43.936236+00:00,sha256:5e82ec9586a9d27df1e77294b3f885efd7bac3533dcb8a4c424057390a723ccb,B2 historical checksum reference records current-run fixity; source bytes remain ignored and local.,5e82ec9586a9d27df1e77294b3f885efd7bac3533dcb8a4c424057390a723ccb,public_reuse_review,au_pbs,https://www.pbs.gov.au/publication/schedule/2009/2009-07-01-general-schedule.pdf?variant=3,au_pbs_archive_2009_07_01_126c7b4c047e
sha256:5e97755f776627abe14e8cbebba4ad9f3f941be90cb8a85aaed95c8a9fba3d70,1360847,evidence:sha256:5e97755f776627abe14e8cbebba4ad9f3f941be90cb8a85aaed95c8a9fba3d70,rights_constrained_reference,2026-08-27T08:02:43.936236+00:00,sha256:5e97755f776627abe14e8cbebba4ad9f3f941be90cb8a85aaed95c8a9fba3d70,B2 historical checksum reference records current-run fixity; source bytes remain ignored and local.,5e97755f776627abe14e8cbebba4ad9f3f941be90cb8a85aaed95c8a9fba3d70,public_reuse_review,au_pbs,https://www.pbs.gov.au/publication/schedule/2018/06/2018-06-01-efc-schedule.pdf?variant=3,au_pbs_archive_2018_06_01_e3af7423268a
sha256:5f0c1eefc5008a1c5c3be55352ee82f8292d34a1d2e1bb4548da4a6170c2eaa7,2679224,evidence:sha256:5f0c1eefc5008a1c5c3be55352ee82f8292d34a1d2e1bb4548da4a6170c2eaa7,rights_constrained_reference,2026-08-27T08:02:43.936236+00:00,sha256:5f0c1eefc5008a1c5c3be55352ee82f8292d34a1d2e1bb4548da4a6170c2eaa7,B2 historical checksum reference records current-run fixity; source bytes remain ignored and local.,5f0c1eefc5008a1c5c3be55352ee82f8292d34a1d2e1bb4548da4a6170c2eaa7,public_reuse_review,au_mbs,https://www.mbsonline.gov.au/internet/mbsonline/publishing.nsf/Content/4EFCF78281A91736CA258654001138AF/$File/202103-cat8.pdf,au_mbs_historical_0069
sha256:5f192ed215f21a02a6b2b6db6d85376236f3bbac96882efb63c9be18b79d6517,5822242,evidence:sha256:5f192ed215f21a02a6b2b6db6d85376236f3bbac96882efb63c9be18b79d6517,rights_constrained_reference,2026-08-27T08:02:43.936236+00:00,sha256:5f192ed215f21a02a6b2b6db6d85376236f3bbac96882efb63c9be18b79d6517,B2 historical checksum reference records current-run fixity; source bytes remain ignored and local.,5f192ed215f21a02a6b2b6db6d85376236f3bbac96882efb63c9be18b79d6517,public_reuse_review,au_mbs,https://www.mbsonline.gov.au/internet/mbsonline/publishing.nsf/Content/515793D58E889BD0CA257CD100033990/$File/1987-MBS.pdf,au_mbs_historical_0083
sha256:5f371a31559695cccb7954f6e48ca5f5bf0b278dd5836d53ec1c94335a706d48,1181595,evidence:sha256:5f371a31559695cccb7954f6e48ca5f5bf0b278dd5836d53ec1c94335a706d48,rights_constrained_reference,2026-08-27T08:02:43.936236+00:00,sha256:5f371a31559695cccb7954f6e48ca5f5bf0b278dd5836d53ec1c94335a706d48,B2 historical checksum reference records current-run fixity; source bytes remain ignored and local.,5f371a31559695cccb7954f6e48ca5f5bf0b278dd5836d53ec1c94335a706d48,public_reuse_review,au_mbs,https://www.mbsonline.gov.au/internet/mbsonline/publishing.nsf/Content/5DCECCA2E8B2062CCA2586F100070995/$File/202007-Cat2.pdf,au_mbs_historical_0177
sha256:5fc161cf8cf5d5ffa4053fad188326242da68c5c3628bc996a42e16a910faf4f,115852,evidence:sha256:5fc161cf8cf5d5ffa4053fad188326242da68c5c3628bc996a42e16a910faf4f,rights_constrained_reference,2026-08-27T08:02:43.936236+00:00,sha256:5fc161cf8cf5d5ffa4053fad188326242da68c5c3628bc996a42e16a910faf4f,B2 historical checksum reference records current-run fixity; source bytes remain ignored and local.,5fc161cf8cf5d5ffa4053fad188326242da68c5c3628bc996a42e16a910faf4f,public_reuse_review,au_pbs,https://www.pbs.gov.au/publication/schedule/2012/04/2012-04-01-errata.pdf?variant=3,au_pbs_archive_2012_04_01_b8a907b3bb72
sha256:5fc1760580a02390afb774efb5ef8de6f9928caff8bcb826147dc7a504109dfe,1345289,evidence:sha256:5fc1760580a02390afb774efb5ef8de6f9928caff8bcb826147dc7a504109dfe,rights_constrained_reference,2026-08-27T08:02:43.936236+00:00,sha256:5fc1760580a02390afb774efb5ef8de6f9928caff8bcb826147dc7a504109dfe,B2 historical checksum reference records current-run fixity; source bytes remain ignored and local.,5fc1760580a02390afb774efb5ef8de6f9928caff8bcb826147dc7a504109dfe,public_reuse_review,au_pbs,https://www.pbs.gov.au/publication/schedule/2013/12/2013-12-01-general-schedule-soc.pdf?variant=3,au_pbs_archive_2013_12_01_d6b665f10ce6
sha256:6001c27b75a1a6c27e65e1f3616e311abad06c0635b0068c11909eb5c1d49d79,604351,evidence:sha256:6001c27b75a1a6c27e65e1f3616e311abad06c0635b0068c11909eb5c1d49d79,rights_constrained_reference,2026-08-27T08:02:43.936236+00:00,sha256:6001c27b75a1a6c27e65e1f3616e311abad06c0635b0068c11909eb5c1d49d79,B2 historical checksum reference records current-run fixity; source bytes remain ignored and local.,6001c27b75a1a6c27e65e1f3616e311abad06c0635b0068c11909eb5c1d49d79,public_reuse_review,au_mbs,https://www.mbsonline.gov.au/internet/mbsonline/publishing.nsf/Content/317ACF6351081DB5CA2585FF00086C40/$File/201107-Allied.pdf,au_mbs_historical_0036
sha256:602acf9b8a5531484d0c2614cea2c7104e5cc7eeeca1ea7ddd8c1e639402b911,11228990,evidence:sha256:602acf9b8a5531484d0c2614cea2c7104e5cc7eeeca1ea7ddd8c1e639402b911,rights_constrained_reference,2026-08-27T08:02:43.936236+00:00,sha256:602acf9b8a5531484d0c2614cea2c7104e5cc7eeeca1ea7ddd8c1e639402b911,B2 historical checksum reference records current-run fixity; source bytes remain ignored and local.,602acf9b8a5531484d0c2614cea2c7104e5cc7eeeca1ea7ddd8c1e639402b911,public_reuse_review,au_pbs,https://www.pbs.gov.au/publication/schedule/2020/08/2020-08-01-general-schedule-volume-2.pdf?variant=3,au_pbs_archive_2020_08_01_79a2bb1d2ca7
sha256:6037a3d8f85af9b296224876050a0602a5f86055616c540e3cb593a8de2fa96a,507382,evidence:sha256:6037a3d8f85af9b296224876050a0602a5f86055616c540e3cb593a8de2fa96a,rights_constrained_reference,2026-08-27T08:02:43.936236+00:00,sha256:6037a3d8f85af9b296224876050a0602a5f86055616c540e3cb593a8de2fa96a,B2 historical checksum reference records current-run fixity; source bytes remain ignored and local.,6037a3d8f85af9b296224876050a0602a5f86055616c540e3cb593a8de2fa96a,public_reuse_review,au_pbs,https://www.pbs.gov.au/publication/schedule/2014/06/2014-06-01-efc-schedule.pdf?variant=3,au_pbs_archive_2014_06_01_374997b6e7ad
sha256:607258315bdd7391c56446fee2d9c2adb787003ed424a1db6b762c53a8ea8a79,796966,evidence:sha256:607258315bdd7391c56446fee2d9c2adb787003ed424a1db6b762c53a8ea8a79,rights_constrained_reference,2026-08-27T08:02:43.936236+00:00,sha256:607258315bdd7391c56446fee2d9c2adb787003ed424a1db6b762c53a8ea8a79,B2 historical checksum reference records current-run fixity; source bytes remain ignored and local.,607258315bdd7391c56446fee2d9c2adb787003ed424a1db6b762c53a8ea8a79,public_reuse_review,au_mbs,https://www.mbsonline.gov.au/internet/mbsonline/publishing.nsf/Content/FBE6CC5B217AC8DACA25859E0016F5A3/$File/202107-cat2f.pdf,au_mbs_historical_0331
sha256:609cc30e92f9db481ef61d3950829213ea0713e3dd680b9dd023a2bb5f1179b9,470137,evidence:sha256:609cc30e92f9db481ef61d3950829213ea0713e3dd680b9dd023a2bb5f1179b9,rights_constrained_reference,2026-08-27T08:02:43.936236+00:00,sha256:609cc30e92f9db481ef61d3950829213ea0713e3dd680b9dd023a2bb5f1179b9,B2 historical checksum reference records current-run fixity; source bytes remain ignored and local.,609cc30e92f9db481ef61d3950829213ea0713e3dd680b9dd023a2bb5f1179b9,public_reuse_review,au_mbs,https://www.mbsonline.gov.au/internet/mbsonline/publishing.nsf/Content/94D54B959677561ECA2585FF000015E3/$File/201310-Allied.pdf,au_mbs_historical_0240
sha256:62a19c2e01ddb9e530fa3ae6f23f2f4c086f49af2444c1a122674cd65f5eec50,323892,evidence:sha256:62a19c2e01ddb9e530fa3ae6f23f2f4c086f49af2444c1a122674cd65f5eec50,rights_constrained_reference,2026-08-27T08:02:43.936236+00:00,sha256:62a19c2e01ddb9e530fa3ae6f23f2f4c086f49af2444c1a122674cd65f5eec50,B2 historical checksum reference records current-run fixity; source bytes remain ignored and local.,62a19c2e01ddb9e530fa3ae6f23f2f4c086f49af2444c1a122674cd65f5eec50,public_reuse_review,au_mbs,https://www.mbsonline.gov.au/internet/mbsonline/publishing.nsf/Content/515793D58E889BD0CA257CD100033990/$File/2002-11-Optom.pdf,au_mbs_historical_0126
sha256:632f04cfad4516802ea500821ac69e8bd030e8461a9575f45acc716dfa8bf280,1164112,evidence:sha256:632f04cfad4516802ea500821ac69e8bd030e8461a9575f45acc716dfa8bf280,rights_constrained_reference,2026-08-27T08:02:43.936236+00:00,sha256:632f04cfad4516802ea500821ac69e8bd030e8461a9575f45acc716dfa8bf280,B2 historical checksum reference records current-run fixity; source bytes remain ignored and local.,632f04cfad4516802ea500821ac69e8bd030e8461a9575f45acc716dfa8bf280,public_reuse_review,au_pbs,https://www.pbs.gov.au/publication/schedule/2016/04/2016-04-01-efc-schedule.pdf?variant=3,au_pbs_archive_2016_04_01_691413e40741
sha256:635ef79c39f8c43ce838554d641de8c03a90b5efc32c46fd5c453f52f0364fa1,244883,evidence:sha256:635ef79c39f8c43ce838554d641de8c03a90b5efc32c46fd5c453f52f0364fa1,rights_constrained_reference,2026-08-27T08:02:43.936236+00:00,sha256:635ef79c39f8c43ce838554d641de8c03a90b5efc32c46fd5c453f52f0364fa1,B2 historical checksum reference records current-run fixity; source bytes remain ignored and local.,635ef79c39f8c43ce838554d641de8c03a90b5efc32c46fd5c453f52f0364fa1,public_reuse_review,au_mbs,https://www.mbsonline.gov.au/internet/mbsonline/publishing.nsf/Content/515793D58E889BD0CA257CD100033990/$File/2002-11-CLACP.pdf,au_mbs_historical_0124
sha256:63aecbe9eefa88021af7954806ade88002963df39e76696f79e6dc31d1552efe,55382,evidence:sha256:63aecbe9eefa88021af7954806ade88002963df39e76696f79e6dc31d1552efe,rights_constrained_reference,2026-08-27T08:02:43.936236+00:00,sha256:63aecbe9eefa88021af7954806ade88002963df39e76696f79e6dc31d1552efe,B2 historical checksum reference records current-run fixity; source bytes remain ignored and local.,63aecbe9eefa88021af7954806ade88002963df39e76696f79e6dc31d1552efe,public_reuse_review,au_pbs,https://www.pbs.gov.au/publication/schedule/2008/2008-09-01-dental-book-soc.pdf?variant=3,au_pbs_archive_2008_09_01_f5f601a03f5b
sha256:647bf9a26a96455532ed16e029bf5c5f971aca9980bd524d7773e49f5b5711a9,2516041,evidence:sha256:647bf9a26a96455532ed16e029bf5c5f971aca9980bd524d7773e49f5b5711a9,rights_constrained_reference,2026-08-27T08:02:43.936236+00:00,sha256:647bf9a26a96455532ed16e029bf5c5f971aca9980bd524d7773e49f5b5711a9,B2 historical checksum reference records current-run fixity; source bytes remain ignored and local.,647bf9a26a96455532ed16e029bf5c5f971aca9980bd524d7773e49f5b5711a9,public_reuse_review,au_pbs,https://www.pbs.gov.au/publication/schedule/2022/08/2022-08-01-efc-schedule.pdf?variant=3,au_pbs_archive_2022_08_01_ed03e77aa3e4
sha256:648b7b12160881125fed91925170469f9a44ecc680307cd67cbff2567b93646c,3154,evidence:sha256:648b7b12160881125fed91925170469f9a44ecc680307cd67cbff2567b93646c,rights_constrained_reference,2026-07-18T00:00:00+00:00,sha256:648b7b12160881125fed91925170469f9a44ecc680307cd67cbff2567b93646c,B2 reviewed-snapshot reference preserves fixity and rights state without redistributing source bytes.,648b7b12160881125fed91925170469f9a44ecc680307cd67cbff2567b93646c,public_reuse_review,au_pbs,https://data.pbs.gov.au/document/91327.html,au_pbs_api_v3_current_month
sha256:649da86d8a4dbe0cfa83bd6e9ef61576865eb59c356662ae7cbef5d5f209f1d5,2664539,evidence:sha256:649da86d8a4dbe0cfa83bd6e9ef61576865eb59c356662ae7cbef5d5f209f1d5,rights_constrained_reference,2026-08-27T08:02:43.936236+00:00,sha256:649da86d8a4dbe0cfa83bd6e9ef61576865eb59c356662ae7cbef5d5f209f1d5,B2 historical checksum reference records current-run fixity; source bytes remain ignored and local.,649da86d8a4dbe0cfa83bd6e9ef61576865eb59c356662ae7cbef5d5f209f1d5,public_reuse_review,au_pbs,https://www.pbs.gov.au/publication/schedule/2012/09/2012-09-01-efc-schedule.pdf?variant=3,au_pbs_archive_2012_09_01_f11c29d83445
sha256:64c8839538c9115b8763162044b6a88131814744bca8f8275002a88f69ada971,141270,evidence:sha256:64c8839538c9115b8763162044b6a88131814744bca8f8275002a88f69ada971,rights_constrained_reference,2026-08-27T08:02:43.936236+00:00,sha256:64c8839538c9115b8763162044b6a88131814744bca8f8275002a88f69ada971,B2 historical checksum reference records current-run fixity; source bytes remain ignored and local.,64c8839538c9115b8763162044b6a88131814744bca8f8275002a88f69ada971,public_reuse_review,au_pbs,https://www.pbs.gov.au/publication/schedule/2007/2007-08-01-general-schedule-soc.pdf?variant=3,au_pbs_archive_2007_08_01_d4de6681c5d2
sha256:64e66eb7628982f506f933b70b06ad73a317c2b976da4fdda49b4cc47318ea1f,3265463,evidence:sha256:64e66eb7628982f506f933b70b06ad73a317c2b976da4fdda49b4cc47318ea1f,rights_constrained_reference,2026-08-27T08:02:43.936236+00:00,sha256:64e66eb7628982f506f933b70b06ad73a317c2b976da4fdda49b4cc47318ea1f,B2 historical checksum reference records current-run fixity; source bytes remain ignored and local.,64e66eb7628982f506f933b70b06ad73a317c2b976da4fdda49b4cc47318ea1f,public_reuse_review,au_mbs,https://www.mbsonline.gov.au/internet/mbsonline/publishing.nsf/Content/515793D58E889BD0CA257CD100033990/$File/2003-11-MBS.pdf,au_mbs_historical_0129
sha256:6520bd084cd09927e9fbff10c53e84727707ad1b03678b196d8f00b0c68cb18c,514906,evidence:sha256:6520bd084cd09927e9fbff10c53e84727707ad1b03678b196d8f00b0c68cb18c,rights_constrained_reference,2026-08-27T08:02:43.936236+00:00,sha256:6520bd084cd09927e9fbff10c53e84727707ad1b03678b196d8f00b0c68cb18c,B2 historical checksum reference records current-run fixity; source bytes remain ignored and local.,6520bd084cd09927e9fbff10c53e84727707ad1b03678b196d8f00b0c68cb18c,public_reuse_review,au_pbs,https://www.pbs.gov.au/publication/schedule/2015/05/2015-05-01-efc-schedule.pdf?variant=3,au_pbs_archive_2015_05_01_a33212ba15a3
sha256:6522795993a92b0e3624b4b3cbdb1bac8a7467f9ca5e07cb0e2c875a6d5457bc,353177,evidence:sha256:6522795993a92b0e3624b4b3cbdb1bac8a7467f9ca5e07cb0e2c875a6d5457bc,rights_constrained_reference,2026-08-27T08:02:43.936236+00:00,sha256:6522795993a92b0e3624b4b3cbdb1bac8a7467f9ca5e07cb0e2c875a6d5457bc,B2 historical checksum reference records current-run fixity; source bytes remain ignored and local.,6522795993a92b0e3624b4b3cbdb1bac8a7467f9ca5e07cb0e2c875a6d5457bc,public_reuse_review,au_pbs,https://www.pbs.gov.au/publication/schedule/2012/09/2012-09-01-general-schedule-SOC.pdf?variant=3,au_pbs_archive_2012_09_01_69df13100394
sha256:652c34d2d53bf8086be8aef394cc09b4c515d5cb89488a98b2de614a2830a468,1928528,evidence:sha256:652c34d2d53bf8086be8aef394cc09b4c515d5cb89488a98b2de614a2830a468,rights_constrained_reference,2026-08-27T08:02:43.936236+00:00,sha256:652c34d2d53bf8086be8aef394cc09b4c515d5cb89488a98b2de614a2830a468,B2 historical checksum reference records current-run fixity; source bytes remain ignored and local.,652c34d2d53bf8086be8aef394cc09b4c515d5cb89488a98b2de614a2830a468,public_reuse_review,au_mbs,https://www.mbsonline.gov.au/internet/mbsonline/publishing.nsf/Content/5DCECCA2E8B2062CCA2586F100070995/$File/202007-Cat5.pdf,au_mbs_historical_0180
sha256:6538ee97369999f3e785921d490dbf4e0265d3d05f6f5eff1a85d37adff3a426,13990531,evidence:sha256:6538ee97369999f3e785921d490dbf4e0265d3d05f6f5eff1a85d37adff3a426,rights_constrained_reference,2026-08-27T08:02:43.936236+00:00,sha256:6538ee97369999f3e785921d490dbf4e0265d3d05f6f5eff1a85d37adff3a426,B2 historical checksum reference records current-run fixity; source bytes remain ignored and local.,6538ee97369999f3e785921d490dbf4e0265d3d05f6f5eff1a85d37adff3a426,public_reuse_review,au_pbs,https://www.pbs.gov.au/publication/schedule/2023/02/2023-02-01-general-schedule-volume-2.pdf?variant=3,au_pbs_archive_2023_02_01_b9256d677fbd
sha256:6579dba231c3d4ac2ccbb0efc6600cc3a2393dfaa8816dc8e8304a04617b3d69,14155691,evidence:sha256:6579dba231c3d4ac2ccbb0efc6600cc3a2393dfaa8816dc8e8304a04617b3d69,rights_constrained_reference,2026-08-27T08:02:43.936236+00:00,sha256:6579dba231c3d4ac2ccbb0efc6600cc3a2393dfaa8816dc8e8304a04617b3d69,B2 historical checksum reference records current-run fixity; source bytes remain ignored and local.,6579dba231c3d4ac2ccbb0efc6600cc3a2393dfaa8816dc8e8304a04617b3d69,public_reuse_review,au_pbs,https://www.pbs.gov.au/publication/schedule/2026/05/2026-05-01-general-schedule-Volume-1.pdf?variant=3,au_pbs_archive_2026_05_01_6050b795ba25
sha256:65af1e5609dafcce336a48e4806a54dd1c161db38af845b769c0a196ebd68786,1635961,evidence:sha256:65af1e5609dafcce336a48e4806a54dd1c161db38af845b769c0a196ebd68786,rights_constrained_reference,2026-08-27T08:02:43.936236+00:00,sha256:65af1e5609dafcce336a48e4806a54dd1c161db38af845b769c0a196ebd68786,B2 historical checksum reference records current-run fixity; source bytes remain ignored and local.,65af1e5609dafcce336a48e4806a54dd1c161db38af845b769c0a196ebd68786,public_reuse_review,au_pbs,https://www.pbs.gov.au/publication/schedule/2019/07/2019-07-01-efc.pdf?variant=3,au_pbs_archive_2019_07_01_9eef332773f1
sha256:65d13361d5f4baf965f42d070dcdf55e275954392a283dea1614b88866d8eb6a,2222041,evidence:sha256:65d13361d5f4baf965f42d070dcdf55e275954392a283dea1614b88866d8eb6a,rights_constrained_reference,2026-08-27T08:02:43.936236+00:00,sha256:65d13361d5f4baf965f42d070dcdf55e275954392a283dea1614b88866d8eb6a,B2 historical checksum reference records current-run fixity; source bytes remain ignored and local.,65d13361d5f4baf965f42d070dcdf55e275954392a283dea1614b88866d8eb6a,public_reuse_review,au_pbs,https://www.pbs.gov.au/publication/schedule/2019/10/2019-10-01-general-soc.pdf?variant=3,au_pbs_archive_2019_10_01_457a681970ce
sha256:65da188e7d7c387cd7b078a96669c8fc6bc3a2ebdeab1ba63968a8b0394125e6,1162228,evidence:sha256:65da188e7d7c387cd7b078a96669c8fc6bc3a2ebdeab1ba63968a8b0394125e6,rights_constrained_reference,2026-08-27T08:02:43.936236+00:00,sha256:65da188e7d7c387cd7b078a96669c8fc6bc3a2ebdeab1ba63968a8b0394125e6,B2 historical checksum reference records current-run fixity; source bytes remain ignored and local.,65da188e7d7c387cd7b078a96669c8fc6bc3a2ebdeab1ba63968a8b0394125e6,public_reuse_review,au_mbs,https://www.mbsonline.gov.au/internet/mbsonline/publishing.nsf/Content/293EEBA9AB153C56CA2584EB001547AF/$File/202003-Cat2.pdf,au_mbs_historical_0018
sha256:65f4e99b69016f34bbd537c2e6fd9a49d9e8f6c151bbf1fc537cfd2a246cdee9,17075733,evidence:sha256:65f4e99b69016f34bbd537c2e6fd9a49d9e8f6c151bbf1fc537cfd2a246cdee9,rights_constrained_reference,2026-08-27T08:02:43.936236+00:00,sha256:65f4e99b69016f34bbd537c2e6fd9a49d9e8f6c151bbf1fc537cfd2a246cdee9,B2 historical checksum reference records current-run fixity; source bytes remain ignored and local.,65f4e99b69016f34bbd537c2e6fd9a49d9e8f6c151bbf1fc537cfd2a246cdee9,public_reuse_review,au_mbs,https://www.mbsonline.gov.au/internet/mbsonline/publishing.nsf/Content/70CAF134CEE45219CA258614007874F8/$File/201604-MBS.pdf,au_mbs_historical_0190
sha256:65f5ea8d931b333c7c936148dc08f97f53739772eb2842da4416da9c6c39cd39,539032,evidence:sha256:65f5ea8d931b333c7c936148dc08f97f53739772eb2842da4416da9c6c39cd39,rights_constrained_reference,2026-08-27T08:02:43.936236+00:00,sha256:65f5ea8d931b333c7c936148dc08f97f53739772eb2842da4416da9c6c39cd39,B2 historical checksum reference records current-run fixity; source bytes remain ignored and local.,65f5ea8d931b333c7c936148dc08f97f53739772eb2842da4416da9c6c39cd39,public_reuse_review,au_pbs,https://www.pbs.gov.au/publication/schedule/2014/05/2014-05-01-efc-schedule.pdf?variant=3,au_pbs_archive_2014_05_01_3adcc516502b
sha256:660f5d1eb2cdad7648bf4acf897e876ea0627b767a771af08fb10b378b7b79e5,3807241,evidence:sha256:660f5d1eb2cdad7648bf4acf897e876ea0627b767a771af08fb10b378b7b79e5,rights_constrained_reference,2026-08-27T08:02:43.936236+00:00,sha256:660f5d1eb2cdad7648bf4acf897e876ea0627b767a771af08fb10b378b7b79e5,B2 historical checksum reference records current-run fixity; source bytes remain ignored and local.,660f5d1eb2cdad7648bf4acf897e876ea0627b767a771af08fb10b378b7b79e5,public_reuse_review,au_pbs,https://www.pbs.gov.au/publication/schedule/2008/2008-01-01-general-schedule.pdf?variant=3,au_pbs_archive_2008_01_01_02bedf73d6dc
sha256:66a5f2cbc0fae10fbefbaeea06889350372b14009b44ea49d43cc33cb764877a,26034,evidence:sha256:66a5f2cbc0fae10fbefbaeea06889350372b14009b44ea49d43cc33cb764877a,rights_constrained_reference,2026-08-27T08:02:43.936236+00:00,sha256:66a5f2cbc0fae10fbefbaeea06889350372b14009b44ea49d43cc33cb764877a,B2 historical checksum reference records current-run fixity; source bytes remain ignored and local.,66a5f2cbc0fae10fbefbaeea06889350372b14009b44ea49d43cc33cb764877a,public_reuse_review,au_mbs,https://www.mbsonline.gov.au/internet/mbsonline/publishing.nsf/Content/219B691F0B58B4C0CA258A4400037AA5/$File/RVG%20file%2020231101.TXT,au_mbs_historical_0016
sha256:66ee92cabea6c3f78a2a778c2229d39b308297d95b73171d8c585e8bdd2c8df9,2315111,evidence:sha256:66ee92cabea6c3f78a2a778c2229d39b308297d95b73171d8c585e8bdd2c8df9,rights_constrained_reference,2026-08-27T08:02:43.936236+00:00,sha256:66ee92cabea6c3f78a2a778c2229d39b308297d95b73171d8c585e8bdd2c8df9,B2 historical checksum reference records current-run fixity; source bytes remain ignored and local.,66ee92cabea6c3f78a2a778c2229d39b308297d95b73171d8c585e8bdd2c8df9,public_reuse_review,au_pbs,https://www.pbs.gov.au/publication/schedule/2021/10/2021-10-01-efc-schedule.pdf?variant=3,au_pbs_archive_2021_10_01_db67b544b074
sha256:67052e289f27cf96ec993232595181b30890b45ea8398b72843f3f6990da23d5,402001,evidence:sha256:67052e289f27cf96ec993232595181b30890b45ea8398b72843f3f6990da23d5,rights_constrained_reference,2026-08-27T08:02:43.936236+00:00,sha256:67052e289f27cf96ec993232595181b30890b45ea8398b72843f3f6990da23d5,B2 historical checksum reference records current-run fixity; source bytes remain ignored and local.,67052e289f27cf96ec993232595181b30890b45ea8398b72843f3f6990da23d5,public_reuse_review,au_pbs,https://www.pbs.gov.au/publication/schedule/2010/2010-03-01-chemotherapy-book.pdf?variant=3,au_pbs_archive_2010_03_01_af17fecc2b98
sha256:670e3d9a1570b150533a9f5c6a29ffb342495f8ffb3cc241f99124a419ef2c7a,2376956,evidence:sha256:670e3d9a1570b150533a9f5c6a29ffb342495f8ffb3cc241f99124a419ef2c7a,rights_constrained_reference,2026-08-27T08:02:43.936236+00:00,sha256:670e3d9a1570b150533a9f5c6a29ffb342495f8ffb3cc241f99124a419ef2c7a,B2 historical checksum reference records current-run fixity; source bytes remain ignored and local.,670e3d9a1570b150533a9f5c6a29ffb342495f8ffb3cc241f99124a419ef2c7a,public_reuse_review,au_pbs,https://www.pbs.gov.au/publication/schedule/2023/04/2023-04-01-efc-schedule.pdf?variant=3,au_pbs_archive_2023_04_01_ac0755a84448
sha256:676a37a32fd870bb001a90c92f65eb885c5611467efe0edfb7bc279a09997077,171258,evidence:sha256:676a37a32fd870bb001a90c92f65eb885c5611467efe0edfb7bc279a09997077,rights_constrained_reference,2026-08-27T08:02:43.936236+00:00,sha256:676a37a32fd870bb001a90c92f65eb885c5611467efe0edfb7bc279a09997077,B2 historical checksum reference records current-run fixity; source bytes remain ignored and local.,676a37a32fd870bb001a90c92f65eb885c5611467efe0edfb7bc279a09997077,public_reuse_review,au_mbs,https://www.mbsonline.gov.au/internet/mbsonline/publishing.nsf/Content/515793D58E889BD0CA257CD100033990/$File/200902-Summary.pdf,au_mbs_historical_0158
sha256:6789ee00b9060ef880d6de37848fa2ed93122d268a1381d6e3f28cbcf4373af0,11586463,evidence:sha256:6789ee00b9060ef880d6de37848fa2ed93122d268a1381d6e3f28cbcf4373af0,rights_constrained_reference,2026-08-27T08:02:43.936236+00:00,sha256:6789ee00b9060ef880d6de37848fa2ed93122d268a1381d6e3f28cbcf4373af0,B2 historical checksum reference records current-run fixity; source bytes remain ignored and local.,6789ee00b9060ef880d6de37848fa2ed93122d268a1381d6e3f28cbcf4373af0,public_reuse_review,au_mbs,https://www.mbsonline.gov.au/internet/mbsonline/publishing.nsf/Content/996BD3401470EC7ACA2588FD00152EC2/$File/PDF%20Version%20-%20MBSBook%2001%20March%202023.pdf,au_mbs_historical_0249
sha256:68373c4c9f9dd70f849213c064920d08403898e5ce0fb1ece0ed01fcfe89c9fc,4240485,evidence:sha256:68373c4c9f9dd70f849213c064920d08403898e5ce0fb1ece0ed01fcfe89c9fc,rights_constrained_reference,2026-08-27T08:02:43.936236+00:00,sha256:68373c4c9f9dd70f849213c064920d08403898e5ce0fb1ece0ed01fcfe89c9fc,B2 historical checksum reference records current-run fixity; source bytes remain ignored and local.,68373c4c9f9dd70f849213c064920d08403898e5ce0fb1ece0ed01fcfe89c9fc,public_reuse_review,au_pbs,https://www.pbs.gov.au/publication/schedule/2005/2005-04-01-general-schedule.pdf?variant=3,au_pbs_archive_2005_04_01_0ad2866305e1
sha256:68b5974ad07d253aa4fa17e6f149ba7043420a1ccefe9ff23704305f643be014,4321794,evidence:sha256:68b5974ad07d253aa4fa17e6f149ba7043420a1ccefe9ff23704305f643be014,rights_constrained_reference,2026-08-27T08:02:43.936236+00:00,sha256:68b5974ad07d253aa4fa17e6f149ba7043420a1ccefe9ff23704305f643be014,B2 historical checksum reference records current-run fixity; source bytes remain ignored and local.,68b5974ad07d253aa4fa17e6f149ba7043420a1ccefe9ff23704305f643be014,public_reuse_review,au_mbs,https://www.mbsonline.gov.au/internet/mbsonline/publishing.nsf/Content/4EFCF78281A91736CA258654001138AF/$File/202103-cat1.pdf,au_mbs_historical_0062
sha256:68dd340b80df0ee15de048be2d482d78258eb163b80ac4560ba03957736f173e,128647,evidence:sha256:68dd340b80df0ee15de048be2d482d78258eb163b80ac4560ba03957736f173e,rights_constrained_reference,2026-08-27T08:02:43.936236+00:00,sha256:68dd340b80df0ee15de048be2d482d78258eb163b80ac4560ba03957736f173e,B2 historical checksum reference records current-run fixity; source bytes remain ignored and local.,68dd340b80df0ee15de048be2d482d78258eb163b80ac4560ba03957736f173e,public_reuse_review,au_pbs,https://www.pbs.gov.au/publication/schedule/2010/2010-04-01-general-schedule-SOC.pdf?variant=3,au_pbs_archive_2010_04_01_508d94eee243
sha256:693a2ed8f7ebb2a0eba070f9eddf5674c24ea00fd3e58a8791347e3bc58f0d1b,3563160,evidence:sha256:693a2ed8f7ebb2a0eba070f9eddf5674c24ea00fd3e58a8791347e3bc58f0d1b,rights_constrained_reference,2026-08-27T08:02:43.936236+00:00,sha256:693a2ed8f7ebb2a0eba070f9eddf5674c24ea00fd3e58a8791347e3bc58f0d1b,B2 historical checksum reference records current-run fixity; source bytes remain ignored and local.,693a2ed8f7ebb2a0eba070f9eddf5674c24ea00fd3e58a8791347e3bc58f0d1b,public_reuse_review,au_pbs,https://www.pbs.gov.au/publication/schedule/2021/08/2021-08-01-general-soc.pdf?variant=3,au_pbs_archive_2021_08_01_652703f6cc8b
sha256:69708ab3566c5583cc76b5329be39ae1dbad246770345a2edf97b105a1ed8dba,1005965,evidence:sha256:69708ab3566c5583cc76b5329be39ae1dbad246770345a2edf97b105a1ed8dba,rights_constrained_reference,2026-08-27T08:02:43.936236+00:00,sha256:69708ab3566c5583cc76b5329be39ae1dbad246770345a2edf97b105a1ed8dba,B2 historical checksum reference records current-run fixity; source bytes remain ignored and local.,69708ab3566c5583cc76b5329be39ae1dbad246770345a2edf97b105a1ed8dba,public_reuse_review,au_pbs,https://www.pbs.gov.au/publication/schedule/2013/04/2013-04-01-errata.pdf?variant=3,au_pbs_archive_2013_04_01_8f01b4ecf07f
sha256:698662573d9d4a883e05a2351f78f9fe19641d61fe3311908417c389d57c9a85,262028,evidence:sha256:698662573d9d4a883e05a2351f78f9fe19641d61fe3311908417c389d57c9a85,rights_constrained_reference,2026-08-27T08:02:43.936236+00:00,sha256:698662573d9d4a883e05a2351f78f9fe19641d61fe3311908417c389d57c9a85,B2 historical checksum reference records current-run fixity; source bytes remain ignored and local.,698662573d9d4a883e05a2351f78f9fe19641d61fe3311908417c389d57c9a85,public_reuse_review,au_pbs,https://www.pbs.gov.au/publication/schedule/2008/2008-11-01-dental-book-soc.pdf?variant=3,au_pbs_archive_2008_11_01_98116a37f32f
sha256:69a350fb384ba87d7e1fb268ba1de701bd95da7b6c59fe5542c27ac9e31934be,214943,evidence:sha256:69a350fb384ba87d7e1fb268ba1de701bd95da7b6c59fe5542c27ac9e31934be,rights_constrained_reference,2026-08-27T08:02:43.936236+00:00,sha256:69a350fb384ba87d7e1fb268ba1de701bd95da7b6c59fe5542c27ac9e31934be,B2 historical checksum reference records current-run fixity; source bytes remain ignored and local.,69a350fb384ba87d7e1fb268ba1de701bd95da7b6c59fe5542c27ac9e31934be,public_reuse_review,au_pbs,https://www.pbs.gov.au/publication/schedule/2008/2008-04-01-general-schedule-soc.pdf?variant=3,au_pbs_archive_2008_04_01_3e316631c7af
sha256:69e14dc401b5d84ca75f7b654f8079327691f7ae6b2b5495eb8fa6c1bbc5e231,333548,evidence:sha256:69e14dc401b5d84ca75f7b654f8079327691f7ae6b2b5495eb8fa6c1bbc5e231,rights_constrained_reference,2026-08-27T08:02:43.936236+00:00,sha256:69e14dc401b5d84ca75f7b654f8079327691f7ae6b2b5495eb8fa6c1bbc5e231,B2 historical checksum reference records current-run fixity; source bytes remain ignored and local.,69e14dc401b5d84ca75f7b654f8079327691f7ae6b2b5495eb8fa6c1bbc5e231,public_reuse_review,au_pbs,https://www.pbs.gov.au/publication/schedule/2014/03/2014-03-01-errata.pdf?variant=3,au_pbs_archive_2014_03_01_0a92096d6cce
sha256:6a50565db18e5bb52892d4332f53c6215071fe7c1a9dbf9ac6202cf474cdcd61,25380881,evidence:sha256:6a50565db18e5bb52892d4332f53c6215071fe7c1a9dbf9ac6202cf474cdcd61,rights_constrained_reference,2026-08-27T08:02:43.936236+00:00,sha256:6a50565db18e5bb52892d4332f53c6215071fe7c1a9dbf9ac6202cf474cdcd61,B2 historical checksum reference records current-run fixity; source bytes remain ignored and local.,6a50565db18e5bb52892d4332f53c6215071fe7c1a9dbf9ac6202cf474cdcd61,public_reuse_review,au_pbs,https://www.pbs.gov.au/publication/schedule/2022/02/2022-02-01-general-schedule-volume-1.pdf?variant=3,au_pbs_archive_2022_02_01_5ee60c929332
sha256:6a76b1db37a285b4102512f0596212157736769f4232d408146e1102e57157bb,11884339,evidence:sha256:6a76b1db37a285b4102512f0596212157736769f4232d408146e1102e57157bb,rights_constrained_reference,2026-08-27T08:02:43.936236+00:00,sha256:6a76b1db37a285b4102512f0596212157736769f4232d408146e1102e57157bb,B2 historical checksum reference records current-run fixity; source bytes remain ignored and local.,6a76b1db37a285b4102512f0596212157736769f4232d408146e1102e57157bb,public_reuse_review,au_mbs,https://www.mbsonline.gov.au/internet/mbsonline/publishing.nsf/Content/5DCECCA2E8B2062CCA2586F100070995/$File/July20_Complete%20MBS.pdf,au_mbs_historical_0185
sha256:6a96c788915fe860ca35bc4dfa6abc1bd5c19fb17139379a58b7ba86c3203a8c,3301327,evidence:sha256:6a96c788915fe860ca35bc4dfa6abc1bd5c19fb17139379a58b7ba86c3203a8c,rights_constrained_reference,2026-08-27T08:02:43.936236+00:00,sha256:6a96c788915fe860ca35bc4dfa6abc1bd5c19fb17139379a58b7ba86c3203a8c,B2 historical checksum reference records current-run fixity; source bytes remain ignored and local.,6a96c788915fe860ca35bc4dfa6abc1bd5c19fb17139379a58b7ba86c3203a8c,public_reuse_review,au_pbs,https://www.pbs.gov.au/publication/schedule/2012/05/2012-05-01-dental-book.pdf?variant=3,au_pbs_archive_2012_05_01_3d7350793182
sha256:6ab24c2668ff2e1b36bbb8cccf05f31dd006531e69d215169a3c7a47a80584e3,5239026,evidence:sha256:6ab24c2668ff2e1b36bbb8cccf05f31dd006531e69d215169a3c7a47a80584e3,rights_constrained_reference,2026-08-27T08:02:43.936236+00:00,sha256:6ab24c2668ff2e1b36bbb8cccf05f31dd006531e69d215169a3c7a47a80584e3,B2 historical checksum reference records current-run fixity; source bytes remain ignored and local.,6ab24c2668ff2e1b36bbb8cccf05f31dd006531e69d215169a3c7a47a80584e3,public_reuse_review,au_mbs,https://www.mbsonline.gov.au/internet/mbsonline/publishing.nsf/Content/B900536D4B582E61CA2585FF0006926F/$File/201408-MBS.PDF,au_mbs_historical_0280
sha256:6ab33ebf45fe2dcb3bef861b7d408aaa83269d8b89dd4f47bfbce59e9e403fa8,4411330,evidence:sha256:6ab33ebf45fe2dcb3bef861b7d408aaa83269d8b89dd4f47bfbce59e9e403fa8,rights_constrained_reference,2026-08-27T08:02:43.936236+00:00,sha256:6ab33ebf45fe2dcb3bef861b7d408aaa83269d8b89dd4f47bfbce59e9e403fa8,B2 historical checksum reference records current-run fixity; source bytes remain ignored and local.,6ab33ebf45fe2dcb3bef861b7d408aaa83269d8b89dd4f47bfbce59e9e403fa8,public_reuse_review,au_mbs,https://www.mbsonline.gov.au/internet/mbsonline/publishing.nsf/Content/8F3FA58ED97DCA35CA2584BE00111151/$File/202001_MBSONLINE_IMAP%2017Jan2020.TXT,au_mbs_historical_0218
sha256:6b74447b39c86854cdfbca2dabdabb46801c6ade0cee5415b7561922d4001a68,245498,evidence:sha256:6b74447b39c86854cdfbca2dabdabb46801c6ade0cee5415b7561922d4001a68,rights_constrained_reference,2026-08-27T08:02:43.936236+00:00,sha256:6b74447b39c86854cdfbca2dabdabb46801c6ade0cee5415b7561922d4001a68,B2 historical checksum reference records current-run fixity; source bytes remain ignored and local.,6b74447b39c86854cdfbca2dabdabb46801c6ade0cee5415b7561922d4001a68,public_reuse_review,au_mbs,https://www.mbsonline.gov.au/internet/mbsonline/publishing.nsf/Content/E137A6BDE8494881CA2585FF000A72FF/$File/201205-Dental.pdf,au_mbs_historical_0304
sha256:6bae66c64df74086159a1a828cb0de3a0e2d7cfa2a10f2af9c2f0159ce82fc76,5489919,evidence:sha256:6bae66c64df74086159a1a828cb0de3a0e2d7cfa2a10f2af9c2f0159ce82fc76,rights_constrained_reference,2026-08-27T08:02:43.936236+00:00,sha256:6bae66c64df74086159a1a828cb0de3a0e2d7cfa2a10f2af9c2f0159ce82fc76,B2 historical checksum reference records current-run fixity; source bytes remain ignored and local.,6bae66c64df74086159a1a828cb0de3a0e2d7cfa2a10f2af9c2f0159ce82fc76,public_reuse_review,au_mbs,https://www.mbsonline.gov.au/internet/mbsonline/publishing.nsf/Content/515793D58E889BD0CA257CD100033990/$File/200811Complete.pdf,au_mbs_historical_0155
sha256:6bbc39ba497a08db6f4e8ea6aadbb42543b8f4a0186c6420194591d4aedb64a5,329052,evidence:sha256:6bbc39ba497a08db6f4e8ea6aadbb42543b8f4a0186c6420194591d4aedb64a5,rights_constrained_reference,2026-08-27T08:02:43.936236+00:00,sha256:6bbc39ba497a08db6f4e8ea6aadbb42543b8f4a0186c6420194591d4aedb64a5,B2 historical checksum reference records current-run fixity; source bytes remain ignored and local.,6bbc39ba497a08db6f4e8ea6aadbb42543b8f4a0186c6420194591d4aedb64a5,public_reuse_review,au_pbs,https://www.pbs.gov.au/publication/schedule/2012/07/2012-07-01-general-schedule-SOC.pdf?variant=3,au_pbs_archive_2012_07_01_8412ea33cafa
sha256:6c6207867e35b2dde028f808a03bdb2c71bb194dcc358363b65e4f273961e41d,6187193,evidence:sha256:6c6207867e35b2dde028f808a03bdb2c71bb194dcc358363b65e4f273961e41d,rights_constrained_reference,2026-08-27T08:02:43.936236+00:00,sha256:6c6207867e35b2dde028f808a03bdb2c71bb194dcc358363b65e4f273961e41d,B2 historical checksum reference records current-run fixity; source bytes remain ignored and local.,6c6207867e35b2dde028f808a03bdb2c71bb194dcc358363b65e4f273961e41d,public_reuse_review,au_pbs,https://www.pbs.gov.au/publication/schedule/2011/12/2011-12-01-general-schedule.pdf?variant=3,au_pbs_archive_2011_12_01_bf85529530be
sha256:6c77041171076a1651b19c92640a9147c6a1495a3878675f88972a110dfae404,832230,evidence:sha256:6c77041171076a1651b19c92640a9147c6a1495a3878675f88972a110dfae404,rights_constrained_reference,2026-08-27T08:02:43.936236+00:00,sha256:6c77041171076a1651b19c92640a9147c6a1495a3878675f88972a110dfae404,B2 historical checksum reference records current-run fixity; source bytes remain ignored and local.,6c77041171076a1651b19c92640a9147c6a1495a3878675f88972a110dfae404,public_reuse_review,au_pbs,https://www.pbs.gov.au/publication/schedule/2022/07/2022-07-01-general-soc.pdf?variant=3,au_pbs_archive_2022_07_01_f9833b15546c
sha256:6c7bf4356a89bd26255cb2ef40529a20b78626ee56191b9fb615fbeb437a438b,1153396,evidence:sha256:6c7bf4356a89bd26255cb2ef40529a20b78626ee56191b9fb615fbeb437a438b,rights_constrained_reference,2026-08-27T08:02:43.936236+00:00,sha256:6c7bf4356a89bd26255cb2ef40529a20b78626ee56191b9fb615fbeb437a438b,B2 historical checksum reference records current-run fixity; source bytes remain ignored and local.,6c7bf4356a89bd26255cb2ef40529a20b78626ee56191b9fb615fbeb437a438b,public_reuse_review,au_pbs,https://www.pbs.gov.au/publication/schedule/2017/01/2017-01-01-general-soc.pdf?variant=3,au_pbs_archive_2017_01_01_ef3eee74abe8
sha256:6c8ffdc9fe1611591e8bb74b90cea16c6fb28fd7002467e99fb269e0c30e6c0a,11036408,evidence:sha256:6c8ffdc9fe1611591e8bb74b90cea16c6fb28fd7002467e99fb269e0c30e6c0a,rights_constrained_reference,2026-08-27T08:02:43.936236+00:00,sha256:6c8ffdc9fe1611591e8bb74b90cea16c6fb28fd7002467e99fb269e0c30e6c0a,B2 historical checksum reference records current-run fixity; source bytes remain ignored and local.,6c8ffdc9fe1611591e8bb74b90cea16c6fb28fd7002467e99fb269e0c30e6c0a,public_reuse_review,au_pbs,https://www.pbs.gov.au/publication/schedule/2022/09/2022-09-01-general-schedule-volume-2.pdf?variant=3,au_pbs_archive_2022_09_01_8f05093a384d
sha256:6cbb74ee67d206eef1ea2daf8a9562b124c3bb3a40e151eaed60419dd7e089bf,2204268,evidence:sha256:6cbb74ee67d206eef1ea2daf8a9562b124c3bb3a40e151eaed60419dd7e089bf,rights_constrained_reference,2026-08-27T08:02:43.936236+00:00,sha256:6cbb74ee67d206eef1ea2daf8a9562b124c3bb3a40e151eaed60419dd7e089bf,B2 historical checksum reference records current-run fixity; source bytes remain ignored and local.,6cbb74ee67d206eef1ea2daf8a9562b124c3bb3a40e151eaed60419dd7e089bf,public_reuse_review,au_pbs,https://www.pbs.gov.au/publication/schedule/2018/08/2018-08-01-general-soc.pdf?variant=3,au_pbs_archive_2018_08_01_695c59f1b34b
sha256:6cf5ad92b1d721ee5cae7b8b4188fe751a09ef4ffa37ed6bbd77c1917278dcc4,7036204,evidence:sha256:6cf5ad92b1d721ee5cae7b8b4188fe751a09ef4ffa37ed6bbd77c1917278dcc4,rights_constrained_reference,2026-08-27T08:02:43.936236+00:00,sha256:6cf5ad92b1d721ee5cae7b8b4188fe751a09ef4ffa37ed6bbd77c1917278dcc4,B2 historical checksum reference records current-run fixity; source bytes remain ignored and local.,6cf5ad92b1d721ee5cae7b8b4188fe751a09ef4ffa37ed6bbd77c1917278dcc4,public_reuse_review,au_pbs,https://www.pbs.gov.au/publication/schedule/2013/05/2013-05-01-general-schedule.pdf?variant=3,au_pbs_archive_2013_05_01_4401e6666ed6
sha256:6d4ec1fe940c87e7906280ff8728271240b32f605651b7e80cfade7c44613f4e,26369,evidence:sha256:6d4ec1fe940c87e7906280ff8728271240b32f605651b7e80cfade7c44613f4e,rights_constrained_reference,2026-08-27T08:02:43.936236+00:00,sha256:6d4ec1fe940c87e7906280ff8728271240b32f605651b7e80cfade7c44613f4e,B2 historical checksum reference records current-run fixity; source bytes remain ignored and local.,6d4ec1fe940c87e7906280ff8728271240b32f605651b7e80cfade7c44613f4e,public_reuse_review,au_pbs,https://www.pbs.gov.au/publication/schedule/2010/2010-06-01-general-schedule-SOC.pdf?variant=3,au_pbs_archive_2010_06_01_7f66d7bccaf1
sha256:6d73ac791a54e9720386c56855f627b39605beb3d1cad0ea35973169d601ce9b,460455,evidence:sha256:6d73ac791a54e9720386c56855f627b39605beb3d1cad0ea35973169d601ce9b,rights_constrained_reference,2026-08-27T08:02:43.936236+00:00,sha256:6d73ac791a54e9720386c56855f627b39605beb3d1cad0ea35973169d601ce9b,B2 historical checksum reference records current-run fixity; source bytes remain ignored and local.,6d73ac791a54e9720386c56855f627b39605beb3d1cad0ea35973169d601ce9b,public_reuse_review,au_pbs,https://www.pbs.gov.au/publication/schedule/2010/2010-06-01-dental-book.pdf?variant=3,au_pbs_archive_2010_06_01_aeb231097b3b
sha256:6d79a9502451dccf0184b881148817bf6e8d784e9f4bc2029ac09b36fab8052c,136790,evidence:sha256:6d79a9502451dccf0184b881148817bf6e8d784e9f4bc2029ac09b36fab8052c,rights_constrained_reference,2026-08-27T08:02:43.936236+00:00,sha256:6d79a9502451dccf0184b881148817bf6e8d784e9f4bc2029ac09b36fab8052c,B2 historical checksum reference records current-run fixity; source bytes remain ignored and local.,6d79a9502451dccf0184b881148817bf6e8d784e9f4bc2029ac09b36fab8052c,public_reuse_review,au_pbs,https://www.pbs.gov.au/publication/schedule/2012/12/2012-12-01-errata.pdf?variant=3,au_pbs_archive_2012_12_01_b51531de6cb5
sha256:6e2c4956b90ef5f39aa26fd5882b6def3d48d3a5aa562f747b2680bfa536a547,1653896,evidence:sha256:6e2c4956b90ef5f39aa26fd5882b6def3d48d3a5aa562f747b2680bfa536a547,rights_constrained_reference,2026-08-27T08:02:43.936236+00:00,sha256:6e2c4956b90ef5f39aa26fd5882b6def3d48d3a5aa562f747b2680bfa536a547,B2 historical checksum reference records current-run fixity; source bytes remain ignored and local.,6e2c4956b90ef5f39aa26fd5882b6def3d48d3a5aa562f747b2680bfa536a547,public_reuse_review,au_pbs,https://www.pbs.gov.au/publication/schedule/2007/2007-05-01-general-schedule.pdf?variant=3,au_pbs_archive_2007_05_01_4b921a6f4777
sha256:6e56be707210a7eb0d487879916335ce63f880a3e8e7ac32fb9f498faf6ef49a,3828035,evidence:sha256:6e56be707210a7eb0d487879916335ce63f880a3e8e7ac32fb9f498faf6ef49a,rights_constrained_reference,2026-08-27T08:02:43.936236+00:00,sha256:6e56be707210a7eb0d487879916335ce63f880a3e8e7ac32fb9f498faf6ef49a,B2 historical checksum reference records current-run fixity; source bytes remain ignored and local.,6e56be707210a7eb0d487879916335ce63f880a3e8e7ac32fb9f498faf6ef49a,public_reuse_review,au_pbs,https://www.pbs.gov.au/publication/schedule/2017/10/2017-10-01-efc-schedule.pdf?variant=3,au_pbs_archive_2017_10_01_b14b62e065c7
sha256:6eab0483f19c8692b76946140de004cbecba2eded550ce71ccf0bcb1e5549d36,20167421,evidence:sha256:6eab0483f19c8692b76946140de004cbecba2eded550ce71ccf0bcb1e5549d36,rights_constrained_reference,2026-08-27T08:02:43.936236+00:00,sha256:6eab0483f19c8692b76946140de004cbecba2eded550ce71ccf0bcb1e5549d36,B2 historical checksum reference records current-run fixity; source bytes remain ignored and local.,6eab0483f19c8692b76946140de004cbecba2eded550ce71ccf0bcb1e5549d36,public_reuse_review,au_pbs,https://www.pbs.gov.au/publication/schedule/2017/05/2017-05-01-general-schedule.pdf?variant=3,au_pbs_archive_2017_05_01_c9cd12059f98
sha256:6eee3748ea34eafc35094d506c0dbb9f1f88209143b6822117260f66af94fb9a,4478944,evidence:sha256:6eee3748ea34eafc35094d506c0dbb9f1f88209143b6822117260f66af94fb9a,rights_constrained_reference,2026-08-27T08:02:43.936236+00:00,sha256:6eee3748ea34eafc35094d506c0dbb9f1f88209143b6822117260f66af94fb9a,B2 historical checksum reference records current-run fixity; source bytes remain ignored and local.,6eee3748ea34eafc35094d506c0dbb9f1f88209143b6822117260f66af94fb9a,public_reuse_review,au_pbs,https://www.pbs.gov.au/publication/schedule/2010/2010-06-01-general-schedule.pdf?variant=3,au_pbs_archive_2010_06_01_081c1624413a
sha256:6f52c25f07f6c1c6c18f1f5834c43684a18b228279cfbf8b836b1ec1d1be5583,2866663,evidence:sha256:6f52c25f07f6c1c6c18f1f5834c43684a18b228279cfbf8b836b1ec1d1be5583,rights_constrained_reference,2026-08-27T08:02:43.936236+00:00,sha256:6f52c25f07f6c1c6c18f1f5834c43684a18b228279cfbf8b836b1ec1d1be5583,B2 historical checksum reference records current-run fixity; source bytes remain ignored and local.,6f52c25f07f6c1c6c18f1f5834c43684a18b228279cfbf8b836b1ec1d1be5583,public_reuse_review,au_pbs,https://www.pbs.gov.au/publication/schedule/2012/09/2012-09-01-dental-book.pdf?variant=3,au_pbs_archive_2012_09_01_6db6aa8819c8
sha256:6f7775b08eec8882bee5683c5538bbde3fdaa6289ed632f0064feaaaf1a37237,153534,evidence:sha256:6f7775b08eec8882bee5683c5538bbde3fdaa6289ed632f0064feaaaf1a37237,rights_constrained_reference,2026-08-27T08:02:43.936236+00:00,sha256:6f7775b08eec8882bee5683c5538bbde3fdaa6289ed632f0064feaaaf1a37237,B2 historical checksum reference records current-run fixity; source bytes remain ignored and local.,6f7775b08eec8882bee5683c5538bbde3fdaa6289ed632f0064feaaaf1a37237,public_reuse_review,au_mbs,https://www.mbsonline.gov.au/internet/mbsonline/publishing.nsf/Content/317ACF6351081DB5CA2585FF00086C40/$File/201101-Optom.pdf,au_mbs_historical_0033
sha256:6f7ae86d0b1f9f22ee72c94d957b61ba383fb42219f5b7ce83a77ac2cb90ce11,12487244,evidence:sha256:6f7ae86d0b1f9f22ee72c94d957b61ba383fb42219f5b7ce83a77ac2cb90ce11,rights_constrained_reference,2026-08-27T08:02:43.936236+00:00,sha256:6f7ae86d0b1f9f22ee72c94d957b61ba383fb42219f5b7ce83a77ac2cb90ce11,B2 historical checksum reference records current-run fixity; source bytes remain ignored and local.,6f7ae86d0b1f9f22ee72c94d957b61ba383fb42219f5b7ce83a77ac2cb90ce11,public_reuse_review,au_pbs,https://www.pbs.gov.au/publication/schedule/1951-2002/1982-12-01-consolidated-schedules.pdf?variant=3,au_pbs_archive_1982_12_01_50bbd86abd08
sha256:6fab90e46e11c4573d887a50525424c1a7670bd9758b3164811acb240dec7739,136808,evidence:sha256:6fab90e46e11c4573d887a50525424c1a7670bd9758b3164811acb240dec7739,rights_constrained_reference,2026-08-27T08:02:43.936236+00:00,sha256:6fab90e46e11c4573d887a50525424c1a7670bd9758b3164811acb240dec7739,B2 historical checksum reference records current-run fixity; source bytes remain ignored and local.,6fab90e46e11c4573d887a50525424c1a7670bd9758b3164811acb240dec7739,public_reuse_review,au_pbs,https://www.pbs.gov.au/publication/schedule/2007/2007-05-01-dental-book.pdf?variant=3,au_pbs_archive_2007_05_01_05f97e313435
sha256:702d80f7b80b510cb39b94c6f51e4625bb534c3615e6dfce3a2c0444998903a0,2717864,evidence:sha256:702d80f7b80b510cb39b94c6f51e4625bb534c3615e6dfce3a2c0444998903a0,rights_constrained_reference,2026-08-27T08:02:43.936236+00:00,sha256:702d80f7b80b510cb39b94c6f51e4625bb534c3615e6dfce3a2c0444998903a0,B2 historical checksum reference records current-run fixity; source bytes remain ignored and local.,702d80f7b80b510cb39b94c6f51e4625bb534c3615e6dfce3a2c0444998903a0,public_reuse_review,au_pbs,https://www.pbs.gov.au/publication/schedule/2012/10/2012-10-01-dental-book.pdf?variant=3,au_pbs_archive_2012_10_01_0042c4886da1
sha256:704f391b6dbb8637fa713a21dc859d75cab7beb4d851c07ed25d2deef8d93da8,4078336,evidence:sha256:704f391b6dbb8637fa713a21dc859d75cab7beb4d851c07ed25d2deef8d93da8,rights_constrained_reference,2026-08-27T08:02:43.936236+00:00,sha256:704f391b6dbb8637fa713a21dc859d75cab7beb4d851c07ed25d2deef8d93da8,B2 historical checksum reference records current-run fixity; source bytes remain ignored and local.,704f391b6dbb8637fa713a21dc859d75cab7beb4d851c07ed25d2deef8d93da8,public_reuse_review,au_pbs,https://www.pbs.gov.au/publication/schedule/2022/05/2022-05-01-general-soc.pdf?variant=3,au_pbs_archive_2022_05_01_590de0bb769f
sha256:707b2ab5b5a514c987de199b38cbbfa3d4d446f0fed3e03fbf71fa1354b30278,2000276,evidence:sha256:707b2ab5b5a514c987de199b38cbbfa3d4d446f0fed3e03fbf71fa1354b30278,rights_constrained_reference,2026-08-27T08:02:43.936236+00:00,sha256:707b2ab5b5a514c987de199b38cbbfa3d4d446f0fed3e03fbf71fa1354b30278,B2 historical checksum reference records current-run fixity; source bytes remain ignored and local.,707b2ab5b5a514c987de199b38cbbfa3d4d446f0fed3e03fbf71fa1354b30278,public_reuse_review,au_pbs,https://www.pbs.gov.au/publication/schedule/2020/03/2020-03-01-efc-schedule.pdf?variant=3,au_pbs_archive_2020_03_01_9fd11d5cb6b8
sha256:714fd98415cd588ed960a378ab5317601ac7dab836474d7d0183dd0f1ee7b483,1634354,evidence:sha256:714fd98415cd588ed960a378ab5317601ac7dab836474d7d0183dd0f1ee7b483,rights_constrained_reference,2026-08-27T08:02:43.936236+00:00,sha256:714fd98415cd588ed960a378ab5317601ac7dab836474d7d0183dd0f1ee7b483,B2 historical checksum reference records current-run fixity; source bytes remain ignored and local.,714fd98415cd588ed960a378ab5317601ac7dab836474d7d0183dd0f1ee7b483,public_reuse_review,au_pbs,https://www.pbs.gov.au/publication/schedule/2021/03/2021-03-01-general-soc.pdf?variant=3,au_pbs_archive_2021_03_01_c471385f0c55
sha256:715cafc42061a59d1a291ec4b8477276f9b3c93e5481493facbdaa4cfacd13e9,412546,evidence:sha256:715cafc42061a59d1a291ec4b8477276f9b3c93e5481493facbdaa4cfacd13e9,rights_constrained_reference,2026-08-27T08:02:43.936236+00:00,sha256:715cafc42061a59d1a291ec4b8477276f9b3c93e5481493facbdaa4cfacd13e9,B2 historical checksum reference records current-run fixity; source bytes remain ignored and local.,715cafc42061a59d1a291ec4b8477276f9b3c93e5481493facbdaa4cfacd13e9,public_reuse_review,au_mbs,https://www.mbsonline.gov.au/internet/mbsonline/publishing.nsf/Content/E137A6BDE8494881CA2585FF000A72FF/$File/201207-Dental.pdf,au_mbs_historical_0308
sha256:71a784797b5bdcea2341448cad1054f2b5abbfb0be053483029c1d5541c18657,730711,evidence:sha256:71a784797b5bdcea2341448cad1054f2b5abbfb0be053483029c1d5541c18657,rights_constrained_reference,2026-08-27T08:02:43.936236+00:00,sha256:71a784797b5bdcea2341448cad1054f2b5abbfb0be053483029c1d5541c18657,B2 historical checksum reference records current-run fixity; source bytes remain ignored and local.,71a784797b5bdcea2341448cad1054f2b5abbfb0be053483029c1d5541c18657,public_reuse_review,au_pbs,https://www.pbs.gov.au/publication/schedule/2020/01/2020-01-01-general-soc.pdf?variant=3,au_pbs_archive_2020_01_01_af5cfb4277c6
sha256:71aa82d9032c6fef57304ebecef0595df606a32e9c2821931088766e7c67bf9a,63183,evidence:sha256:71aa82d9032c6fef57304ebecef0595df606a32e9c2821931088766e7c67bf9a,rights_constrained_reference,2026-08-27T08:02:43.936236+00:00,sha256:71aa82d9032c6fef57304ebecef0595df606a32e9c2821931088766e7c67bf9a,B2 historical checksum reference records current-run fixity; source bytes remain ignored and local.,71aa82d9032c6fef57304ebecef0595df606a32e9c2821931088766e7c67bf9a,public_reuse_review,au_pbs,https://www.pbs.gov.au/publication/schedule/2007/2007-10-01-dental-book-soc.pdf?variant=3,au_pbs_archive_2007_10_01_8cf22e7b23e7
sha256:71b1e2171d54dfa6300e0edcd62cab7848cd9700c6e06d1025b1e47f888e9630,619326,evidence:sha256:71b1e2171d54dfa6300e0edcd62cab7848cd9700c6e06d1025b1e47f888e9630,rights_constrained_reference,2026-08-27T08:02:43.936236+00:00,sha256:71b1e2171d54dfa6300e0edcd62cab7848cd9700c6e06d1025b1e47f888e9630,B2 historical checksum reference records current-run fixity; source bytes remain ignored and local.,71b1e2171d54dfa6300e0edcd62cab7848cd9700c6e06d1025b1e47f888e9630,public_reuse_review,au_pbs,https://www.pbs.gov.au/publication/schedule/2016/06/2016-06-01-general-schedule-soc.pdf?variant=3,au_pbs_archive_2016_06_01_5d41510ca883
sha256:71c859099e5acb24e6d5f2c3dcbde24a5ed043ba95c72281814917958ff67bef,1644931,evidence:sha256:71c859099e5acb24e6d5f2c3dcbde24a5ed043ba95c72281814917958ff67bef,rights_constrained_reference,2026-08-27T08:02:43.936236+00:00,sha256:71c859099e5acb24e6d5f2c3dcbde24a5ed043ba95c72281814917958ff67bef,B2 historical checksum reference records current-run fixity; source bytes remain ignored and local.,71c859099e5acb24e6d5f2c3dcbde24a5ed043ba95c72281814917958ff67bef,public_reuse_review,au_mbs,https://www.mbsonline.gov.au/internet/mbsonline/publishing.nsf/Content/515793D58E889BD0CA257CD100033990/$File/1999-11-Optometrists.pdf,au_mbs_historical_0117
sha256:7261f77dd0ab960dbda68f9251358fe27fbb741fa70d8fd4e9541b6a12659574,4677007,evidence:sha256:7261f77dd0ab960dbda68f9251358fe27fbb741fa70d8fd4e9541b6a12659574,rights_constrained_reference,2026-08-27T08:02:43.936236+00:00,sha256:7261f77dd0ab960dbda68f9251358fe27fbb741fa70d8fd4e9541b6a12659574,B2 historical checksum reference records current-run fixity; source bytes remain ignored and local.,7261f77dd0ab960dbda68f9251358fe27fbb741fa70d8fd4e9541b6a12659574,public_reuse_review,au_pbs,https://www.pbs.gov.au/publication/schedule/2007/2007-02-01-general-schedule.pdf?variant=3,au_pbs_archive_2007_02_01_6a46cf514308
sha256:72c6e5997be6990e834100aa75f5efd337538384648e7e48d654eedb4d9e97e4,165575,evidence:sha256:72c6e5997be6990e834100aa75f5efd337538384648e7e48d654eedb4d9e97e4,rights_constrained_reference,2026-08-27T08:02:43.936236+00:00,sha256:72c6e5997be6990e834100aa75f5efd337538384648e7e48d654eedb4d9e97e4,B2 historical checksum reference records current-run fixity; source bytes remain ignored and local.,72c6e5997be6990e834100aa75f5efd337538384648e7e48d654eedb4d9e97e4,public_reuse_review,au_pbs,https://www.pbs.gov.au/publication/schedule/2013/04/20120401-efc-soc.pdf?variant=3,au_pbs_archive_unknown_7a64b98f9806
sha256:733e45690e00c945c4018ed96bb80c7503747c7428f3f3a26143bd8101c4633f,1416782,evidence:sha256:733e45690e00c945c4018ed96bb80c7503747c7428f3f3a26143bd8101c4633f,rights_constrained_reference,2026-08-27T08:02:43.936236+00:00,sha256:733e45690e00c945c4018ed96bb80c7503747c7428f3f3a26143bd8101c4633f,B2 historical checksum reference records current-run fixity; source bytes remain ignored and local.,733e45690e00c945c4018ed96bb80c7503747c7428f3f3a26143bd8101c4633f,public_reuse_review,au_mbs,https://www.mbsonline.gov.au/internet/mbsonline/publishing.nsf/Content/515793D58E889BD0CA257CD100033990/$File/1993-11-CLaCP.pdf,au_mbs_historical_0095
sha256:733f6a63d2179f9a199cab520c8bd42451e99ef731b08518516fb4fb7516189a,423312,evidence:sha256:733f6a63d2179f9a199cab520c8bd42451e99ef731b08518516fb4fb7516189a,rights_constrained_reference,2026-08-27T08:02:43.936236+00:00,sha256:733f6a63d2179f9a199cab520c8bd42451e99ef731b08518516fb4fb7516189a,B2 historical checksum reference records current-run fixity; source bytes remain ignored and local.,733f6a63d2179f9a199cab520c8bd42451e99ef731b08518516fb4fb7516189a,public_reuse_review,au_pbs,https://www.pbs.gov.au/publication/schedule/2013/12/2013-12-01-efc-schedule-soc.pdf?variant=3,au_pbs_archive_2013_12_01_dc74d504d22e
sha256:73715d0ca59ae8a90e56a97135a93b9dff445eea387d2e798db42a88bc29cf4f,2964447,evidence:sha256:73715d0ca59ae8a90e56a97135a93b9dff445eea387d2e798db42a88bc29cf4f,rights_constrained_reference,2026-08-27T08:02:43.936236+00:00,sha256:73715d0ca59ae8a90e56a97135a93b9dff445eea387d2e798db42a88bc29cf4f,B2 historical checksum reference records current-run fixity; source bytes remain ignored and local.,73715d0ca59ae8a90e56a97135a93b9dff445eea387d2e798db42a88bc29cf4f,public_reuse_review,au_mbs,https://www.mbsonline.gov.au/internet/mbsonline/publishing.nsf/Content/4C767FC45843CB02CA25898500825ACA/$File/PDF%20version%20of%20the%20July%202023%20Category%201%20-%20Attendances.pdf,au_mbs_historical_0053
sha256:738127033bd07b6f44cc24d0f93716158c985dfbe754fbbcadf25747f93d7597,52348,evidence:sha256:738127033bd07b6f44cc24d0f93716158c985dfbe754fbbcadf25747f93d7597,rights_constrained_reference,2026-08-27T08:02:43.936236+00:00,sha256:738127033bd07b6f44cc24d0f93716158c985dfbe754fbbcadf25747f93d7597,B2 historical checksum reference records current-run fixity; source bytes remain ignored and local.,738127033bd07b6f44cc24d0f93716158c985dfbe754fbbcadf25747f93d7597,public_reuse_review,au_pbs,https://www.pbs.gov.au/publication/schedule/2008/2008-01-01-dental-book-soc.pdf?variant=3,au_pbs_archive_2008_01_01_39acacb81d8d
sha256:73a32f7dc2303ce5dc050e33d6c5e42c65eb123013cfc158f0f78fcd9d14a554,12953959,evidence:sha256:73a32f7dc2303ce5dc050e33d6c5e42c65eb123013cfc158f0f78fcd9d14a554,rights_constrained_reference,2026-08-27T08:02:43.936236+00:00,sha256:73a32f7dc2303ce5dc050e33d6c5e42c65eb123013cfc158f0f78fcd9d14a554,B2 historical checksum reference records current-run fixity; source bytes remain ignored and local.,73a32f7dc2303ce5dc050e33d6c5e42c65eb123013cfc158f0f78fcd9d14a554,public_reuse_review,au_pbs,https://www.pbs.gov.au/publication/schedule/2024/05/2024-05-01-general-schedule-volume-2.pdf?variant=3,au_pbs_archive_2024_05_01_251d724ed009
sha256:73be81cae1b734fe855544c3f92e2e6e772b017c179badc2decd8f75292c09c6,470190,evidence:sha256:73be81cae1b734fe855544c3f92e2e6e772b017c179badc2decd8f75292c09c6,rights_constrained_reference,2026-08-27T08:02:43.936236+00:00,sha256:73be81cae1b734fe855544c3f92e2e6e772b017c179badc2decd8f75292c09c6,B2 historical checksum reference records current-run fixity; source bytes remain ignored and local.,73be81cae1b734fe855544c3f92e2e6e772b017c179badc2decd8f75292c09c6,public_reuse_review,au_mbs,https://www.mbsonline.gov.au/internet/mbsonline/publishing.nsf/Content/94D54B959677561ECA2585FF000015E3/$File/201307-Allied.pdf,au_mbs_historical_0237
sha256:73c890ea9318bc735e5261b38e2b230512ddb3279a0156337a9c30e483778bad,27888,evidence:sha256:73c890ea9318bc735e5261b38e2b230512ddb3279a0156337a9c30e483778bad,rights_constrained_reference,2026-08-27T08:02:43.936236+00:00,sha256:73c890ea9318bc735e5261b38e2b230512ddb3279a0156337a9c30e483778bad,B2 historical checksum reference records current-run fixity; source bytes remain ignored and local.,73c890ea9318bc735e5261b38e2b230512ddb3279a0156337a9c30e483778bad,public_reuse_review,au_mbs,https://www.mbsonline.gov.au/internet/mbsonline/publishing.nsf/Content/515793D58E889BD0CA257CD100033990/$File/201007-Summary.pdf,au_mbs_historical_0172
sha256:743482b5a0ae934872ef8fb50e3a107bb2688fc1c9ccf39ea2ff1dda74d8ef39,335978,evidence:sha256:743482b5a0ae934872ef8fb50e3a107bb2688fc1c9ccf39ea2ff1dda74d8ef39,rights_constrained_reference,2026-08-27T08:02:43.936236+00:00,sha256:743482b5a0ae934872ef8fb50e3a107bb2688fc1c9ccf39ea2ff1dda74d8ef39,B2 historical checksum reference records current-run fixity; source bytes remain ignored and local.,743482b5a0ae934872ef8fb50e3a107bb2688fc1c9ccf39ea2ff1dda74d8ef39,public_reuse_review,au_pbs,https://www.pbs.gov.au/publication/schedule/2014/10/2014-10-01-errata.pdf?variant=3,au_pbs_archive_2014_10_01_36c9ba6ea807
sha256:7460245de99aa92e0c230be71702b80e30f3839344489e4768b9946bf0449035,2782806,evidence:sha256:7460245de99aa92e0c230be71702b80e30f3839344489e4768b9946bf0449035,rights_constrained_reference,2026-08-27T08:02:43.936236+00:00,sha256:7460245de99aa92e0c230be71702b80e30f3839344489e4768b9946bf0449035,B2 historical checksum reference records current-run fixity; source bytes remain ignored and local.,7460245de99aa92e0c230be71702b80e30f3839344489e4768b9946bf0449035,public_reuse_review,au_pbs,https://www.pbs.gov.au/publication/schedule/2012/08/2012-08-01-dental-book.pdf?variant=3,au_pbs_archive_2012_08_01_aba3b16663ee
sha256:7480489e0445f899140124f2ac5bb1818bf9736c73928ca92bf173feedb51e1b,4916615,evidence:sha256:7480489e0445f899140124f2ac5bb1818bf9736c73928ca92bf173feedb51e1b,rights_constrained_reference,2026-08-27T08:02:43.936236+00:00,sha256:7480489e0445f899140124f2ac5bb1818bf9736c73928ca92bf173feedb51e1b,B2 historical checksum reference records current-run fixity; source bytes remain ignored and local.,7480489e0445f899140124f2ac5bb1818bf9736c73928ca92bf173feedb51e1b,public_reuse_review,au_mbs,https://www.mbsonline.gov.au/internet/mbsonline/publishing.nsf/Content/317ACF6351081DB5CA2585FF00086C40/$File/201101-MBS2.pdf,au_mbs_historical_0032
sha256:7486bf31f17276bf14d9f801abca65415046acec7a2e7e966391cc0db8029c14,168957,evidence:sha256:7486bf31f17276bf14d9f801abca65415046acec7a2e7e966391cc0db8029c14,rights_constrained_reference,2026-08-27T08:02:43.936236+00:00,sha256:7486bf31f17276bf14d9f801abca65415046acec7a2e7e966391cc0db8029c14,B2 historical checksum reference records current-run fixity; source bytes remain ignored and local.,7486bf31f17276bf14d9f801abca65415046acec7a2e7e966391cc0db8029c14,public_reuse_review,au_mbs,https://www.mbsonline.gov.au/internet/mbsonline/publishing.nsf/Content/8F3FA58ED97DCA35CA2584BE00111151/$File/202001-Cat6%2010Jan2020.zip,au_mbs_historical_0209
sha256:74e93494df7fc1a6a82db0919174131e6ab83e3a855f3e8a5b4e41e73de6b835,2630076,evidence:sha256:74e93494df7fc1a6a82db0919174131e6ab83e3a855f3e8a5b4e41e73de6b835,rights_constrained_reference,2026-08-27T08:02:43.936236+00:00,sha256:74e93494df7fc1a6a82db0919174131e6ab83e3a855f3e8a5b4e41e73de6b835,B2 historical checksum reference records current-run fixity; source bytes remain ignored and local.,74e93494df7fc1a6a82db0919174131e6ab83e3a855f3e8a5b4e41e73de6b835,public_reuse_review,au_pbs,https://www.pbs.gov.au/publication/schedule/2004/2004-08-01-general-schedule.pdf?variant=3,au_pbs_archive_2004_08_01_2703319bfe9c
sha256:7501aef61fb28e6d90c3f30d471e7633b044c764e65720172f1e217d959899bd,6100964,evidence:sha256:7501aef61fb28e6d90c3f30d471e7633b044c764e65720172f1e217d959899bd,rights_constrained_reference,2026-08-27T08:02:43.936236+00:00,sha256:7501aef61fb28e6d90c3f30d471e7633b044c764e65720172f1e217d959899bd,B2 historical checksum reference records current-run fixity; source bytes remain ignored and local.,7501aef61fb28e6d90c3f30d471e7633b044c764e65720172f1e217d959899bd,public_reuse_review,au_pbs,https://www.pbs.gov.au/publication/schedule/2025/02/2025-02-01-general-schedule-volume-2.pdf?variant=3,au_pbs_archive_2025_02_01_56832efc9e8d
sha256:75431c798441cae8641ba8ab36659dfa2f56484ee6a6b1172b5e9183ca23571c,76639,evidence:sha256:75431c798441cae8641ba8ab36659dfa2f56484ee6a6b1172b5e9183ca23571c,rights_constrained_reference,2026-08-27T08:02:43.936236+00:00,sha256:75431c798441cae8641ba8ab36659dfa2f56484ee6a6b1172b5e9183ca23571c,B2 historical checksum reference records current-run fixity; source bytes remain ignored and local.,75431c798441cae8641ba8ab36659dfa2f56484ee6a6b1172b5e9183ca23571c,public_reuse_review,au_mbs,https://www.mbsonline.gov.au/internet/mbsonline/publishing.nsf/Content/8F3FA58ED97DCA35CA2584BE00111151/$File/202001-Cat4.zip,au_mbs_historical_0205
sha256:7562b69d7b9e1ea36c4e8ab988b005b72719cc97adb0bd6b78d0a58309a50142,457274,evidence:sha256:7562b69d7b9e1ea36c4e8ab988b005b72719cc97adb0bd6b78d0a58309a50142,rights_constrained_reference,2026-08-27T08:02:43.936236+00:00,sha256:7562b69d7b9e1ea36c4e8ab988b005b72719cc97adb0bd6b78d0a58309a50142,B2 historical checksum reference records current-run fixity; source bytes remain ignored and local.,7562b69d7b9e1ea36c4e8ab988b005b72719cc97adb0bd6b78d0a58309a50142,public_reuse_review,au_pbs,https://www.pbs.gov.au/publication/schedule/2010/2010-05-01-dental-book.pdf?variant=3,au_pbs_archive_2010_05_01_a164a55629c4
sha256:7569109fc8ef4a5890c8dac74c0e3e427b8799c2568d37934bdda6f31e57aa82,20425630,evidence:sha256:7569109fc8ef4a5890c8dac74c0e3e427b8799c2568d37934bdda6f31e57aa82,rights_constrained_reference,2026-08-27T08:02:43.936236+00:00,sha256:7569109fc8ef4a5890c8dac74c0e3e427b8799c2568d37934bdda6f31e57aa82,B2 historical checksum reference records current-run fixity; source bytes remain ignored and local.,7569109fc8ef4a5890c8dac74c0e3e427b8799c2568d37934bdda6f31e57aa82,public_reuse_review,au_pbs,https://www.pbs.gov.au/publication/schedule/2018/03/2018-03-01-general-schedule.pdf?variant=3,au_pbs_archive_2018_03_01_8b3bb64c3cfa
sha256:757f574f04cec46dab2d233a049b9e14fca908276c2c948af6ffb28a5113f38e,102769,evidence:sha256:757f574f04cec46dab2d233a049b9e14fca908276c2c948af6ffb28a5113f38e,rights_constrained_reference,2026-08-27T08:02:43.936236+00:00,sha256:757f574f04cec46dab2d233a049b9e14fca908276c2c948af6ffb28a5113f38e,B2 historical checksum reference records current-run fixity; source bytes remain ignored and local.,757f574f04cec46dab2d233a049b9e14fca908276c2c948af6ffb28a5113f38e,public_reuse_review,au_pbs,https://www.pbs.gov.au/publication/schedule/2011/12/2011-12-01-efficient-funding-of-chemotherapy-erratum.pdf?variant=3,au_pbs_archive_2011_12_01_fee28320ee31
sha256:7580cda477df9a748b86364568df4d3c65b439b5240c9e276ff7f97c5dde1260,148802,evidence:sha256:7580cda477df9a748b86364568df4d3c65b439b5240c9e276ff7f97c5dde1260,rights_constrained_reference,2026-08-27T08:02:43.936236+00:00,sha256:7580cda477df9a748b86364568df4d3c65b439b5240c9e276ff7f97c5dde1260,B2 historical checksum reference records current-run fixity; source bytes remain ignored and local.,7580cda477df9a748b86364568df4d3c65b439b5240c9e276ff7f97c5dde1260,public_reuse_review,au_pbs,https://www.pbs.gov.au/publication/schedule/2012/05/2012-05-01-dental-book-SOC.pdf?variant=3,au_pbs_archive_2012_05_01_aab935296b2c
sha256:75848250ef070ed3cf1da7db1c1125dda817d92b0eea7810b62df8039c3a2686,28111638,evidence:sha256:75848250ef070ed3cf1da7db1c1125dda817d92b0eea7810b62df8039c3a2686,rights_constrained_reference,2026-08-27T08:02:43.936236+00:00,sha256:75848250ef070ed3cf1da7db1c1125dda817d92b0eea7810b62df8039c3a2686,B2 historical checksum reference records current-run fixity; source bytes remain ignored and local.,75848250ef070ed3cf1da7db1c1125dda817d92b0eea7810b62df8039c3a2686,public_reuse_review,au_pbs,https://www.pbs.gov.au/publication/schedule/2026/03/2026-03-01-general-schedule-volume-1.pdf?variant=3,au_pbs_archive_2026_03_01_4d695a11fcaa
sha256:7607f0bbb2c125da2d8ea453dd008737e0bfa6fca8aed4df6312996690022bb2,579271,evidence:sha256:7607f0bbb2c125da2d8ea453dd008737e0bfa6fca8aed4df6312996690022bb2,rights_constrained_reference,2026-07-27T00:00:00+10:00,sha256:7607f0bbb2c125da2d8ea453dd008737e0bfa6fca8aed4df6312996690022bb2,B2 reviewed-snapshot reference preserves fixity and rights state without redistributing source bytes.,7607f0bbb2c125da2d8ea453dd008737e0bfa6fca8aed4df6312996690022bb2,permissive,ca_on_ohip,https://ontario.ca/files/2026-06/moh-ohip-fee-schedule-master-text-2026-06-02.zip,ca_on_ohip_master_text_2026_06_02
sha256:761ba00a7d93966463b980f43a521bf044af79e45d7e162db1092d41a29a293c,181928,evidence:sha256:761ba00a7d93966463b980f43a521bf044af79e45d7e162db1092d41a29a293c,rights_constrained_reference,2026-08-27T08:02:43.936236+00:00,sha256:761ba00a7d93966463b980f43a521bf044af79e45d7e162db1092d41a29a293c,B2 historical checksum reference records current-run fixity; source bytes remain ignored and local.,761ba00a7d93966463b980f43a521bf044af79e45d7e162db1092d41a29a293c,public_reuse_review,au_pbs,https://www.pbs.gov.au/publication/schedule/2009/2009-08-01-general-schedule-soc.pdf?variant=3,au_pbs_archive_2009_08_01_ac909a644abd
sha256:767ea3ee0de8f01adbbe15d8285aa63ac0b5e195dfffbb6c98c2ae9f7d236441,310082,evidence:sha256:767ea3ee0de8f01adbbe15d8285aa63ac0b5e195dfffbb6c98c2ae9f7d236441,rights_constrained_reference,2026-08-27T08:02:43.936236+00:00,sha256:767ea3ee0de8f01adbbe15d8285aa63ac0b5e195dfffbb6c98c2ae9f7d236441,B2 historical checksum reference records current-run fixity; source bytes remain ignored and local.,767ea3ee0de8f01adbbe15d8285aa63ac0b5e195dfffbb6c98c2ae9f7d236441,public_reuse_review,au_mbs,https://www.mbsonline.gov.au/internet/mbsonline/publishing.nsf/Content/515793D58E889BD0CA257CD100033990/$File/200911-Allied.pdf,au_mbs_historical_0163
sha256:76dc15792150f1b2279ecbdc003f5df8d4f90ca5350dd66b0ca0133117fec4a1,10817247,evidence:sha256:76dc15792150f1b2279ecbdc003f5df8d4f90ca5350dd66b0ca0133117fec4a1,rights_constrained_reference,2026-08-27T08:02:43.936236+00:00,sha256:76dc15792150f1b2279ecbdc003f5df8d4f90ca5350dd66b0ca0133117fec4a1,B2 historical checksum reference records current-run fixity; source bytes remain ignored and local.,76dc15792150f1b2279ecbdc003f5df8d4f90ca5350dd66b0ca0133117fec4a1,public_reuse_review,au_pbs,https://www.pbs.gov.au/publication/schedule/1951-2002/1981-12-01-consolidated-schedules.pdf?variant=3,au_pbs_archive_1981_12_01_b7d9970f7d99
sha256:76de3c9abcccd5879d1e55cdb2009e42ebcb612a188b202165d91723c6be8886,422993,evidence:sha256:76de3c9abcccd5879d1e55cdb2009e42ebcb612a188b202165d91723c6be8886,rights_constrained_reference,2026-08-27T08:02:43.936236+00:00,sha256:76de3c9abcccd5879d1e55cdb2009e42ebcb612a188b202165d91723c6be8886,B2 historical checksum reference records current-run fixity; source bytes remain ignored and local.,76de3c9abcccd5879d1e55cdb2009e42ebcb612a188b202165d91723c6be8886,public_reuse_review,au_pbs,https://www.pbs.gov.au/publication/schedule/2010/2010-11-01-chemotherapy-booklet.pdf?variant=3,au_pbs_archive_2010_11_01_ea3176600c4d
sha256:76fc1a22b7b69200947234960801bc4fb194df1004a6efea5329718b90d46b3a,3984935,evidence:sha256:76fc1a22b7b69200947234960801bc4fb194df1004a6efea5329718b90d46b3a,rights_constrained_reference,2026-08-27T08:02:43.936236+00:00,sha256:76fc1a22b7b69200947234960801bc4fb194df1004a6efea5329718b90d46b3a,B2 historical checksum reference records current-run fixity; source bytes remain ignored and local.,76fc1a22b7b69200947234960801bc4fb194df1004a6efea5329718b90d46b3a,public_reuse_review,au_pbs,https://www.pbs.gov.au/publication/schedule/2009/2009-03-01-general-schedule.pdf?variant=3,au_pbs_archive_2009_03_01_e574bf4ff38a
sha256:770d9e7fae74691b207977e67664312c673de3124afb1728fd4f25bdeef2044e,549194,evidence:sha256:770d9e7fae74691b207977e67664312c673de3124afb1728fd4f25bdeef2044e,rights_constrained_reference,2026-08-27T08:02:43.936236+00:00,sha256:770d9e7fae74691b207977e67664312c673de3124afb1728fd4f25bdeef2044e,B2 historical checksum reference records current-run fixity; source bytes remain ignored and local.,770d9e7fae74691b207977e67664312c673de3124afb1728fd4f25bdeef2044e,public_reuse_review,au_pbs,https://www.pbs.gov.au/publication/schedule/2014/01/2014-01-01-efc-schedule-soc.pdf?variant=3,au_pbs_archive_2014_01_01_7a9c0d173235
sha256:77400b85edce07cfca45a5141d0e21941bf26052c7b273b46f40586efa39ed6d,2750436,evidence:sha256:77400b85edce07cfca45a5141d0e21941bf26052c7b273b46f40586efa39ed6d,rights_constrained_reference,2026-08-27T08:02:43.936236+00:00,sha256:77400b85edce07cfca45a5141d0e21941bf26052c7b273b46f40586efa39ed6d,B2 historical checksum reference records current-run fixity; source bytes remain ignored and local.,77400b85edce07cfca45a5141d0e21941bf26052c7b273b46f40586efa39ed6d,public_reuse_review,au_pbs,https://www.pbs.gov.au/publication/schedule/2024/07/2024-07-01-efc-schedule.pdf?variant=3,au_pbs_archive_2024_07_01_f224275eb7a6
sha256:77614e427b645dbae34dbdcbd4543a963883ab89944cc7e5fc1b3a32c40869bb,3643130,evidence:sha256:77614e427b645dbae34dbdcbd4543a963883ab89944cc7e5fc1b3a32c40869bb,rights_constrained_reference,2026-08-27T08:02:43.936236+00:00,sha256:77614e427b645dbae34dbdcbd4543a963883ab89944cc7e5fc1b3a32c40869bb,B2 historical checksum reference records current-run fixity; source bytes remain ignored and local.,77614e427b645dbae34dbdcbd4543a963883ab89944cc7e5fc1b3a32c40869bb,public_reuse_review,au_pbs,https://www.pbs.gov.au/publication/schedule/2007/2007-07-01-general-schedule.pdf?variant=3,au_pbs_archive_2007_07_01_7ec4a4a49329
sha256:7765207ba2b33e0e54f838f6b290708c7647555109ad36219807e59ada3cb84f,5289689,evidence:sha256:7765207ba2b33e0e54f838f6b290708c7647555109ad36219807e59ada3cb84f,rights_constrained_reference,2026-08-27T08:02:43.936236+00:00,sha256:7765207ba2b33e0e54f838f6b290708c7647555109ad36219807e59ada3cb84f,B2 historical checksum reference records current-run fixity; source bytes remain ignored and local.,7765207ba2b33e0e54f838f6b290708c7647555109ad36219807e59ada3cb84f,public_reuse_review,au_mbs,https://www.mbsonline.gov.au/internet/mbsonline/publishing.nsf/Content/E137A6BDE8494881CA2585FF000A72FF/$File/201205-MBS.pdf,au_mbs_historical_0305
sha256:777562b6a5516d97dfaa94aeae38f8ec3bb78d145d1a4847e0caaf2e8827d783,1367400,evidence:sha256:777562b6a5516d97dfaa94aeae38f8ec3bb78d145d1a4847e0caaf2e8827d783,rights_constrained_reference,2026-08-27T08:02:43.936236+00:00,sha256:777562b6a5516d97dfaa94aeae38f8ec3bb78d145d1a4847e0caaf2e8827d783,B2 historical checksum reference records current-run fixity; source bytes remain ignored and local.,777562b6a5516d97dfaa94aeae38f8ec3bb78d145d1a4847e0caaf2e8827d783,public_reuse_review,au_pbs,https://www.pbs.gov.au/publication/schedule/2018/05/2018-05-01-efc-schedule.pdf?variant=3,au_pbs_archive_2018_05_01_0fefb4dbe87a
sha256:77c2175636eed74c24ff63c745898f388b1e6c748f71d3506b4c586e4b405f8e,3981113,evidence:sha256:77c2175636eed74c24ff63c745898f388b1e6c748f71d3506b4c586e4b405f8e,rights_constrained_reference,2026-08-27T08:02:43.936236+00:00,sha256:77c2175636eed74c24ff63c745898f388b1e6c748f71d3506b4c586e4b405f8e,B2 historical checksum reference records current-run fixity; source bytes remain ignored and local.,77c2175636eed74c24ff63c745898f388b1e6c748f71d3506b4c586e4b405f8e,public_reuse_review,au_mbs,https://www.mbsonline.gov.au/internet/mbsonline/publishing.nsf/Content/FBE6CC5B217AC8DACA25859E0016F5A3/$File/202107-cat1z.pdf,au_mbs_historical_0330
sha256:7820fcc93511f6f97174bb4a49e251771cffa10c992aee9c018a8d30df2a1d94,228274,evidence:sha256:7820fcc93511f6f97174bb4a49e251771cffa10c992aee9c018a8d30df2a1d94,rights_constrained_reference,2026-08-27T08:02:43.936236+00:00,sha256:7820fcc93511f6f97174bb4a49e251771cffa10c992aee9c018a8d30df2a1d94,B2 historical checksum reference records current-run fixity; source bytes remain ignored and local.,7820fcc93511f6f97174bb4a49e251771cffa10c992aee9c018a8d30df2a1d94,public_reuse_review,au_pbs,https://www.pbs.gov.au/publication/schedule/2019/07/2019-07-01-general-soc.pdf?variant=3,au_pbs_archive_2019_07_01_189f3be64f19
sha256:78a03729f19fcfd6bd647e3a33f519d8e16f3969f32a8c106333ba4ba7ca4d4b,18001906,evidence:sha256:78a03729f19fcfd6bd647e3a33f519d8e16f3969f32a8c106333ba4ba7ca4d4b,rights_constrained_reference,2026-08-27T08:02:43.936236+00:00,sha256:78a03729f19fcfd6bd647e3a33f519d8e16f3969f32a8c106333ba4ba7ca4d4b,B2 historical checksum reference records current-run fixity; source bytes remain ignored and local.,78a03729f19fcfd6bd647e3a33f519d8e16f3969f32a8c106333ba4ba7ca4d4b,public_reuse_review,au_pbs,https://www.pbs.gov.au/publication/schedule/2015/12/2015-12-01-general-schedule.pdf?variant=3,au_pbs_archive_2015_12_01_6fab7f7d8525
sha256:78b16ff8271184372cd550899b4c761bd1d356bee22ae5fd868b49b5e3ea5be5,10739135,evidence:sha256:78b16ff8271184372cd550899b4c761bd1d356bee22ae5fd868b49b5e3ea5be5,rights_constrained_reference,2026-08-27T08:02:43.936236+00:00,sha256:78b16ff8271184372cd550899b4c761bd1d356bee22ae5fd868b49b5e3ea5be5,B2 historical checksum reference records current-run fixity; source bytes remain ignored and local.,78b16ff8271184372cd550899b4c761bd1d356bee22ae5fd868b49b5e3ea5be5,public_reuse_review,au_mbs,https://www.mbsonline.gov.au/internet/mbsonline/publishing.nsf/Content/DD4BF54A34D823FDCA25881700139AD5/$File/202207-MBS-Book.a.pdf,au_mbs_historical_0293
sha256:78e64496bd6b4abfbe0ee0fe67d1e1780fa721e3f306f2c2cb5d810cfb4b585e,1785904,evidence:sha256:78e64496bd6b4abfbe0ee0fe67d1e1780fa721e3f306f2c2cb5d810cfb4b585e,rights_constrained_reference,2026-08-27T08:02:43.936236+00:00,sha256:78e64496bd6b4abfbe0ee0fe67d1e1780fa721e3f306f2c2cb5d810cfb4b585e,B2 historical checksum reference records current-run fixity; source bytes remain ignored and local.,78e64496bd6b4abfbe0ee0fe67d1e1780fa721e3f306f2c2cb5d810cfb4b585e,public_reuse_review,au_pbs,https://www.pbs.gov.au/publication/schedule/2023/05/2023-05-01-general-soc.pdf?variant=3,au_pbs_archive_2023_05_01_b34f91b2f693
sha256:79540ddec8a2e00bc53c8e0dff2bc2eb9a0f480cd419ac542c37a13e9835ad65,1468131,evidence:sha256:79540ddec8a2e00bc53c8e0dff2bc2eb9a0f480cd419ac542c37a13e9835ad65,rights_constrained_reference,2026-08-27T08:02:43.936236+00:00,sha256:79540ddec8a2e00bc53c8e0dff2bc2eb9a0f480cd419ac542c37a13e9835ad65,B2 historical checksum reference records current-run fixity; source bytes remain ignored and local.,79540ddec8a2e00bc53c8e0dff2bc2eb9a0f480cd419ac542c37a13e9835ad65,public_reuse_review,au_pbs,https://www.pbs.gov.au/publication/schedule/2022/10/2022-10-01-general-soc.pdf?variant=3,au_pbs_archive_2022_10_01_d48aa79e17a9
sha256:79ca11f11023a92f1bebe48a1e1d3b9a2b6748a6af416a71ed0de8d4542f5d05,2787610,evidence:sha256:79ca11f11023a92f1bebe48a1e1d3b9a2b6748a6af416a71ed0de8d4542f5d05,rights_constrained_reference,2026-08-27T08:02:43.936236+00:00,sha256:79ca11f11023a92f1bebe48a1e1d3b9a2b6748a6af416a71ed0de8d4542f5d05,B2 historical checksum reference records current-run fixity; source bytes remain ignored and local.,79ca11f11023a92f1bebe48a1e1d3b9a2b6748a6af416a71ed0de8d4542f5d05,public_reuse_review,au_pbs,https://www.pbs.gov.au/publication/schedule/2021/05/2021-05-01-efc-schedule.pdf?variant=3,au_pbs_archive_2021_05_01_b6d5a57f06c2
sha256:7a28a5e68c23309337e6da335727b1a785439b1f395936a52f388e2f1cf5b4a2,11256885,evidence:sha256:7a28a5e68c23309337e6da335727b1a785439b1f395936a52f388e2f1cf5b4a2,rights_constrained_reference,2026-08-27T08:02:43.936236+00:00,sha256:7a28a5e68c23309337e6da335727b1a785439b1f395936a52f388e2f1cf5b4a2,B2 historical checksum reference records current-run fixity; source bytes remain ignored and local.,7a28a5e68c23309337e6da335727b1a785439b1f395936a52f388e2f1cf5b4a2,public_reuse_review,au_mbs,https://www.mbsonline.gov.au/internet/mbsonline/publishing.nsf/Content/F540E955EFE9BFD5CA25861500000C28/$File/201908-MBS.pdf,au_mbs_historical_0326
sha256:7a936917cfb61b0b4ed432c502c453c148bedca3897efa8546c3e476f2f6d11e,16808426,evidence:sha256:7a936917cfb61b0b4ed432c502c453c148bedca3897efa8546c3e476f2f6d11e,rights_constrained_reference,2026-08-27T08:02:43.936236+00:00,sha256:7a936917cfb61b0b4ed432c502c453c148bedca3897efa8546c3e476f2f6d11e,B2 historical checksum reference records current-run fixity; source bytes remain ignored and local.,7a936917cfb61b0b4ed432c502c453c148bedca3897efa8546c3e476f2f6d11e,public_reuse_review,au_mbs,https://www.mbsonline.gov.au/internet/mbsonline/publishing.nsf/Content/40901A5DCA1CD593CA258614007F45C1/$File/201710-MBS.pdf,au_mbs_historical_0049
sha256:7abea6be06ddaca5b17bab436ad35e8ae2b414a6f1870548d581eac4d6d69e7b,2427104,evidence:sha256:7abea6be06ddaca5b17bab436ad35e8ae2b414a6f1870548d581eac4d6d69e7b,rights_constrained_reference,2026-08-27T08:02:43.936236+00:00,sha256:7abea6be06ddaca5b17bab436ad35e8ae2b414a6f1870548d581eac4d6d69e7b,B2 historical checksum reference records current-run fixity; source bytes remain ignored and local.,7abea6be06ddaca5b17bab436ad35e8ae2b414a6f1870548d581eac4d6d69e7b,public_reuse_review,au_pbs,https://www.pbs.gov.au/publication/schedule/2011/04/2011-04-01-chemotherapy-booklet.pdf?variant=3,au_pbs_archive_2011_04_01_bcc9d921d3ea
sha256:7af1d3379cfbfbdf4ecb0b3b6c9c0d10334494a09019478c4e14b5828bb27490,8965320,evidence:sha256:7af1d3379cfbfbdf4ecb0b3b6c9c0d10334494a09019478c4e14b5828bb27490,rights_constrained_reference,2026-08-27T08:02:43.936236+00:00,sha256:7af1d3379cfbfbdf4ecb0b3b6c9c0d10334494a09019478c4e14b5828bb27490,B2 historical checksum reference records current-run fixity; source bytes remain ignored and local.,7af1d3379cfbfbdf4ecb0b3b6c9c0d10334494a09019478c4e14b5828bb27490,public_reuse_review,au_pbs,https://www.pbs.gov.au/publication/schedule/2019/12/2019-12-01-general-schedule-volume-2.pdf?variant=3,au_pbs_archive_2019_12_01_28e8e0da4682
sha256:7b3eb16b81e4aee83b9178014ec598ec0b98edb0ae644aa626094dd207d58a9c,2218018,evidence:sha256:7b3eb16b81e4aee83b9178014ec598ec0b98edb0ae644aa626094dd207d58a9c,rights_constrained_reference,2026-08-27T08:02:43.936236+00:00,sha256:7b3eb16b81e4aee83b9178014ec598ec0b98edb0ae644aa626094dd207d58a9c,B2 historical checksum reference records current-run fixity; source bytes remain ignored and local.,7b3eb16b81e4aee83b9178014ec598ec0b98edb0ae644aa626094dd207d58a9c,public_reuse_review,au_mbs,https://www.mbsonline.gov.au/internet/mbsonline/publishing.nsf/Content/8F3FA58ED97DCA35CA2584BE00111151/$File/202001-Cat5%2010Jan2020.pdf,au_mbs_historical_0206
sha256:7b8900ecaf2bc2dad2f26df0dab70a005a02b701fc04cd5010527696a9342dba,3798255,evidence:sha256:7b8900ecaf2bc2dad2f26df0dab70a005a02b701fc04cd5010527696a9342dba,rights_constrained_reference,2026-08-27T08:02:43.936236+00:00,sha256:7b8900ecaf2bc2dad2f26df0dab70a005a02b701fc04cd5010527696a9342dba,B2 historical checksum reference records current-run fixity; source bytes remain ignored and local.,7b8900ecaf2bc2dad2f26df0dab70a005a02b701fc04cd5010527696a9342dba,public_reuse_review,au_pbs,https://www.pbs.gov.au/publication/schedule/1951-2002/1956-06-01-PBS-Schedule-Medical-Practitioners.pdf?variant=3,au_pbs_archive_1956_06_01_345ed652ca26
sha256:7b89cb55d4249b9d812b430c68b8f59e9fb325080b83ef85e2593faa473d2b43,41859,evidence:sha256:7b89cb55d4249b9d812b430c68b8f59e9fb325080b83ef85e2593faa473d2b43,rights_constrained_reference,2026-08-27T08:02:43.936236+00:00,sha256:7b89cb55d4249b9d812b430c68b8f59e9fb325080b83ef85e2593faa473d2b43,B2 historical checksum reference records current-run fixity; source bytes remain ignored and local.,7b89cb55d4249b9d812b430c68b8f59e9fb325080b83ef85e2593faa473d2b43,public_reuse_review,au_pbs,https://www.pbs.gov.au/publication/schedule/2018/01/2018-01-01-erratum.pdf?variant=3,au_pbs_archive_2018_01_01_772d8cfea873
sha256:7ba22aac1d3c58fe795855efc80a8d36b3022822fbd1b8efc30efd3e6044b465,3922235,evidence:sha256:7ba22aac1d3c58fe795855efc80a8d36b3022822fbd1b8efc30efd3e6044b465,rights_constrained_reference,2026-08-27T08:02:43.936236+00:00,sha256:7ba22aac1d3c58fe795855efc80a8d36b3022822fbd1b8efc30efd3e6044b465,B2 historical checksum reference records current-run fixity; source bytes remain ignored and local.,7ba22aac1d3c58fe795855efc80a8d36b3022822fbd1b8efc30efd3e6044b465,public_reuse_review,au_pbs,https://www.pbs.gov.au/publication/schedule/2008/2008-10-01-general-schedule.pdf?variant=3,au_pbs_archive_2008_10_01_30ea85447eff
sha256:7bb380af9892edc3d1af925b1ba70499894574d70912cff1b60586dc5dae3ade,9445105,evidence:sha256:7bb380af9892edc3d1af925b1ba70499894574d70912cff1b60586dc5dae3ade,rights_constrained_reference,2026-08-27T08:02:43.936236+00:00,sha256:7bb380af9892edc3d1af925b1ba70499894574d70912cff1b60586dc5dae3ade,B2 historical checksum reference records current-run fixity; source bytes remain ignored and local.,7bb380af9892edc3d1af925b1ba70499894574d70912cff1b60586dc5dae3ade,public_reuse_review,au_pbs,https://www.pbs.gov.au/publication/schedule/2014/12/2014-12-01-general-schedule.pdf?variant=3,au_pbs_archive_2014_12_01_24a73f17cf60
sha256:7bfb881b2d931068e707f154e458c08e8108d8d7ef121c70dbb014c911fdb426,1919581,evidence:sha256:7bfb881b2d931068e707f154e458c08e8108d8d7ef121c70dbb014c911fdb426,rights_constrained_reference,2026-08-27T08:02:43.936236+00:00,sha256:7bfb881b2d931068e707f154e458c08e8108d8d7ef121c70dbb014c911fdb426,B2 historical checksum reference records current-run fixity; source bytes remain ignored and local.,7bfb881b2d931068e707f154e458c08e8108d8d7ef121c70dbb014c911fdb426,public_reuse_review,au_pbs,https://www.pbs.gov.au/publication/schedule/2019/10/2019-10-01-efc-schedule.pdf?variant=3,au_pbs_archive_2019_10_01_67ad47743041
sha256:7c29d678220485f39962b25327be668c45e681b7955a522e54215d7cb33e3a72,22482525,evidence:sha256:7c29d678220485f39962b25327be668c45e681b7955a522e54215d7cb33e3a72,rights_constrained_reference,2026-08-27T08:02:43.936236+00:00,sha256:7c29d678220485f39962b25327be668c45e681b7955a522e54215d7cb33e3a72,B2 historical checksum reference records current-run fixity; source bytes remain ignored and local.,7c29d678220485f39962b25327be668c45e681b7955a522e54215d7cb33e3a72,public_reuse_review,au_pbs,https://www.pbs.gov.au/publication/schedule/2022/04/2022-04-01-general-schedule-volume-1.pdf?variant=3,au_pbs_archive_2022_04_01_e5914d69d4f3
sha256:7c3a994f18e8dfae68e4976bf179526ca02a67614b4f3d9e8c0c5b68e7e853e4,63153,evidence:sha256:7c3a994f18e8dfae68e4976bf179526ca02a67614b4f3d9e8c0c5b68e7e853e4,rights_constrained_reference,2026-08-27T08:02:43.936236+00:00,sha256:7c3a994f18e8dfae68e4976bf179526ca02a67614b4f3d9e8c0c5b68e7e853e4,B2 historical checksum reference records current-run fixity; source bytes remain ignored and local.,7c3a994f18e8dfae68e4976bf179526ca02a67614b4f3d9e8c0c5b68e7e853e4,public_reuse_review,au_mbs,https://www.mbsonline.gov.au/internet/mbsonline/publishing.nsf/Content/8F3FA58ED97DCA35CA2584BE00111151/$File/202001-Cat7.zip,au_mbs_historical_0211
sha256:7c8ed91a3bef7dc49280aa975ed4f8db83d29c83b70ff4864f6485c349645e59,3573551,evidence:sha256:7c8ed91a3bef7dc49280aa975ed4f8db83d29c83b70ff4864f6485c349645e59,rights_constrained_reference,2026-08-27T08:02:43.936236+00:00,sha256:7c8ed91a3bef7dc49280aa975ed4f8db83d29c83b70ff4864f6485c349645e59,B2 historical checksum reference records current-run fixity; source bytes remain ignored and local.,7c8ed91a3bef7dc49280aa975ed4f8db83d29c83b70ff4864f6485c349645e59,public_reuse_review,au_pbs,https://www.pbs.gov.au/publication/schedule/2007/2007-06-01-general-schedule.pdf?variant=3,au_pbs_archive_2007_06_01_89700835effd
sha256:7cd7f476e01a189ca53c344576fe75d2df1f7243aa2089fd97ab193c812d178e,50428,evidence:sha256:7cd7f476e01a189ca53c344576fe75d2df1f7243aa2089fd97ab193c812d178e,rights_constrained_reference,2026-08-27T08:02:43.936236+00:00,sha256:7cd7f476e01a189ca53c344576fe75d2df1f7243aa2089fd97ab193c812d178e,B2 historical checksum reference records current-run fixity; source bytes remain ignored and local.,7cd7f476e01a189ca53c344576fe75d2df1f7243aa2089fd97ab193c812d178e,public_reuse_review,au_pbs,https://www.pbs.gov.au/publication/schedule/2009/2009-04-01-dental-book-soc.pdf?variant=3,au_pbs_archive_2009_04_01_0b75ef3389b2
sha256:7d19e721cca8f5fab67dc2429e05d1bb2cb409c24c72d8981a2df5ef6cdc9055,5754939,evidence:sha256:7d19e721cca8f5fab67dc2429e05d1bb2cb409c24c72d8981a2df5ef6cdc9055,rights_constrained_reference,2026-08-27T08:02:43.936236+00:00,sha256:7d19e721cca8f5fab67dc2429e05d1bb2cb409c24c72d8981a2df5ef6cdc9055,B2 historical checksum reference records current-run fixity; source bytes remain ignored and local.,7d19e721cca8f5fab67dc2429e05d1bb2cb409c24c72d8981a2df5ef6cdc9055,public_reuse_review,au_pbs,https://www.pbs.gov.au/publication/schedule/2011/06/2011-06-01-general-schedule.pdf?variant=3,au_pbs_archive_2011_06_01_e1fbf8dbcc64
sha256:7d55bb35c4b81090dad71bf0710d8981e17dd8f40f11de9af5f19d9c81b0ea76,84441,evidence:sha256:7d55bb35c4b81090dad71bf0710d8981e17dd8f40f11de9af5f19d9c81b0ea76,rights_constrained_reference,2026-08-27T08:02:43.936236+00:00,sha256:7d55bb35c4b81090dad71bf0710d8981e17dd8f40f11de9af5f19d9c81b0ea76,B2 historical checksum reference records current-run fixity; source bytes remain ignored and local.,7d55bb35c4b81090dad71bf0710d8981e17dd8f40f11de9af5f19d9c81b0ea76,public_reuse_review,au_pbs,https://www.pbs.gov.au/publication/schedule/2013/08/2013-08-01-errata.pdf?variant=3,au_pbs_archive_2013_08_01_06651ec290a9
sha256:7d9f351c6ceefdf381e4261083a0aee26be631be5f31b11efc80096c87c1aaa3,11989,evidence:sha256:7d9f351c6ceefdf381e4261083a0aee26be631be5f31b11efc80096c87c1aaa3,rights_constrained_reference,2026-08-27T08:02:43.936236+00:00,sha256:7d9f351c6ceefdf381e4261083a0aee26be631be5f31b11efc80096c87c1aaa3,B2 historical checksum reference records current-run fixity; source bytes remain ignored and local.,7d9f351c6ceefdf381e4261083a0aee26be631be5f31b11efc80096c87c1aaa3,public_reuse_review,au_pbs,https://www.pbs.gov.au/publication/schedule/2010/2010-12-01-general-schedule-erratum.pdf?variant=3,au_pbs_archive_2010_12_01_807d44a521ce
sha256:7d9f4aea32ce6f2ff8266b7b99d0c689de6769365740f505a9773678ffacd5de,12781081,evidence:sha256:7d9f4aea32ce6f2ff8266b7b99d0c689de6769365740f505a9773678ffacd5de,rights_constrained_reference,2026-08-27T08:02:43.936236+00:00,sha256:7d9f4aea32ce6f2ff8266b7b99d0c689de6769365740f505a9773678ffacd5de,B2 historical checksum reference records current-run fixity; source bytes remain ignored and local.,7d9f4aea32ce6f2ff8266b7b99d0c689de6769365740f505a9773678ffacd5de,public_reuse_review,au_pbs,https://www.pbs.gov.au/publication/schedule/1951-2002/1976-12-01-consolidated-schedules.pdf?variant=3,au_pbs_archive_1976_12_01_614b4ee5ac9b
sha256:7dbe20410f79d517b0b6c44f7a1dc256ea7fa5aa522d12ed247f9dc2d09cd07a,4759840,evidence:sha256:7dbe20410f79d517b0b6c44f7a1dc256ea7fa5aa522d12ed247f9dc2d09cd07a,rights_constrained_reference,2026-08-27T08:02:43.936236+00:00,sha256:7dbe20410f79d517b0b6c44f7a1dc256ea7fa5aa522d12ed247f9dc2d09cd07a,B2 historical checksum reference records current-run fixity; source bytes remain ignored and local.,7dbe20410f79d517b0b6c44f7a1dc256ea7fa5aa522d12ed247f9dc2d09cd07a,public_reuse_review,au_pbs,https://www.pbs.gov.au/publication/schedule/2012/06/2012-06-01-general-schedule.pdf?variant=3,au_pbs_archive_2012_06_01_63c9795634ce
sha256:7e4a7d48564d0c6f0d10f6ded8eaf831d82e9e2c3380fa013ecf5ee975ab490e,50319,evidence:sha256:7e4a7d48564d0c6f0d10f6ded8eaf831d82e9e2c3380fa013ecf5ee975ab490e,rights_constrained_reference,2026-08-27T08:02:43.936236+00:00,sha256:7e4a7d48564d0c6f0d10f6ded8eaf831d82e9e2c3380fa013ecf5ee975ab490e,B2 historical checksum reference records current-run fixity; source bytes remain ignored and local.,7e4a7d48564d0c6f0d10f6ded8eaf831d82e9e2c3380fa013ecf5ee975ab490e,public_reuse_review,au_pbs,https://www.pbs.gov.au/publication/schedule/2009/2009-09-01-dental-book-soc.pdf?variant=3,au_pbs_archive_2009_09_01_a2d9e17cd521
sha256:7e60d2f94ec791d014c9b2c12e8e0a949e7a6426223a01c1fd50fe7fe51ca6aa,4215896,evidence:sha256:7e60d2f94ec791d014c9b2c12e8e0a949e7a6426223a01c1fd50fe7fe51ca6aa,rights_constrained_reference,2026-08-27T08:02:43.936236+00:00,sha256:7e60d2f94ec791d014c9b2c12e8e0a949e7a6426223a01c1fd50fe7fe51ca6aa,B2 historical checksum reference records current-run fixity; source bytes remain ignored and local.,7e60d2f94ec791d014c9b2c12e8e0a949e7a6426223a01c1fd50fe7fe51ca6aa,public_reuse_review,au_pbs,https://www.pbs.gov.au/publication/schedule/2009/2009-10-01-general-schedule.pdf?variant=3,au_pbs_archive_2009_10_01_0747133c8339
sha256:7e76489a8ee440e4c57f3243eb63316970bc125a857ae7b1acd900f4e4b4fa46,445212,evidence:sha256:7e76489a8ee440e4c57f3243eb63316970bc125a857ae7b1acd900f4e4b4fa46,rights_constrained_reference,2026-08-27T08:02:43.936236+00:00,sha256:7e76489a8ee440e4c57f3243eb63316970bc125a857ae7b1acd900f4e4b4fa46,B2 historical checksum reference records current-run fixity; source bytes remain ignored and local.,7e76489a8ee440e4c57f3243eb63316970bc125a857ae7b1acd900f4e4b4fa46,public_reuse_review,au_pbs,https://www.pbs.gov.au/publication/schedule/2008/2008-10-01-dental-book.pdf?variant=3,au_pbs_archive_2008_10_01_7737bfdf204a
sha256:7eb8f30dd3b0d8fbfa425e446e7aceaa2e5dba4b12ea1b1f07d3624862663e0a,552473,evidence:sha256:7eb8f30dd3b0d8fbfa425e446e7aceaa2e5dba4b12ea1b1f07d3624862663e0a,rights_constrained_reference,2026-08-27T08:02:43.936236+00:00,sha256:7eb8f30dd3b0d8fbfa425e446e7aceaa2e5dba4b12ea1b1f07d3624862663e0a,B2 historical checksum reference records current-run fixity; source bytes remain ignored and local.,7eb8f30dd3b0d8fbfa425e446e7aceaa2e5dba4b12ea1b1f07d3624862663e0a,public_reuse_review,au_pbs,https://www.pbs.gov.au/publication/schedule/2020/09/2020-09-01-general-soc.pdf?variant=3,au_pbs_archive_2020_09_01_604a36040eda
sha256:7ee34e12acaae27af1d8aa012b29a3a41b8c0cb3d6af6b67af8c632cad572a53,59580,evidence:sha256:7ee34e12acaae27af1d8aa012b29a3a41b8c0cb3d6af6b67af8c632cad572a53,rights_constrained_reference,2026-08-27T08:02:43.936236+00:00,sha256:7ee34e12acaae27af1d8aa012b29a3a41b8c0cb3d6af6b67af8c632cad572a53,B2 historical checksum reference records current-run fixity; source bytes remain ignored and local.,7ee34e12acaae27af1d8aa012b29a3a41b8c0cb3d6af6b67af8c632cad572a53,public_reuse_review,au_mbs,https://www.mbsonline.gov.au/internet/mbsonline/publishing.nsf/Content/515793D58E889BD0CA257CD100033990/$File/2006-11-CLACP.pdf,au_mbs_historical_0142
sha256:7f10b0ffadf3a112972595e7c3a3d1279a23922de1788df394f4544102627d97,241591,evidence:sha256:7f10b0ffadf3a112972595e7c3a3d1279a23922de1788df394f4544102627d97,rights_constrained_reference,2026-08-27T08:02:43.936236+00:00,sha256:7f10b0ffadf3a112972595e7c3a3d1279a23922de1788df394f4544102627d97,B2 historical checksum reference records current-run fixity; source bytes remain ignored and local.,7f10b0ffadf3a112972595e7c3a3d1279a23922de1788df394f4544102627d97,public_reuse_review,au_pbs,https://www.pbs.gov.au/publication/schedule/2023/04/2023-04-01-errata-2-pricing-of-fluticasone-propionate-with-formoterol.pdf?variant=3,au_pbs_archive_2023_04_01_b7386d404d86
sha256:7f3e1f7fafab3b683708b91d6bfc7e31448c730438824ba02d180ad1ad297dcd,17059387,evidence:sha256:7f3e1f7fafab3b683708b91d6bfc7e31448c730438824ba02d180ad1ad297dcd,rights_constrained_reference,2026-08-27T08:02:43.936236+00:00,sha256:7f3e1f7fafab3b683708b91d6bfc7e31448c730438824ba02d180ad1ad297dcd,B2 historical checksum reference records current-run fixity; source bytes remain ignored and local.,7f3e1f7fafab3b683708b91d6bfc7e31448c730438824ba02d180ad1ad297dcd,public_reuse_review,au_mbs,https://www.mbsonline.gov.au/internet/mbsonline/publishing.nsf/Content/A7F6A9DA0E280DCCCA2586140008B368/$File/201511-MBS.pdf,au_mbs_historical_0258
sha256:7f9dd7c00632c3e6e4d8a63af2f680a0b3302b6644d2f9fa99f3fb0283efd146,20801024,evidence:sha256:7f9dd7c00632c3e6e4d8a63af2f680a0b3302b6644d2f9fa99f3fb0283efd146,rights_constrained_reference,2026-08-27T08:02:43.936236+00:00,sha256:7f9dd7c00632c3e6e4d8a63af2f680a0b3302b6644d2f9fa99f3fb0283efd146,B2 historical checksum reference records current-run fixity; source bytes remain ignored and local.,7f9dd7c00632c3e6e4d8a63af2f680a0b3302b6644d2f9fa99f3fb0283efd146,public_reuse_review,au_pbs,https://www.pbs.gov.au/publication/schedule/2023/12/2023-12-01-general-schedule-volume-1.pdf?variant=3,au_pbs_archive_2023_12_01_59f2726f087c
sha256:7fcd89fb932f53fe6a719ac67e5fe254acff2d89b5a04a66791bb67f46110472,331379,evidence:sha256:7fcd89fb932f53fe6a719ac67e5fe254acff2d89b5a04a66791bb67f46110472,rights_constrained_reference,2026-08-27T08:02:43.936236+00:00,sha256:7fcd89fb932f53fe6a719ac67e5fe254acff2d89b5a04a66791bb67f46110472,B2 historical checksum reference records current-run fixity; source bytes remain ignored and local.,7fcd89fb932f53fe6a719ac67e5fe254acff2d89b5a04a66791bb67f46110472,public_reuse_review,au_pbs,https://www.pbs.gov.au/publication/schedule/2024/05/2024-05-01-Errata.pdf?variant=3,au_pbs_archive_2024_05_01_6b1a205d1f23
sha256:7ff7cc6bb90e97ca50ac4362f1817c9e6887b5ce5c1640e130ceac1181565282,32844,evidence:sha256:7ff7cc6bb90e97ca50ac4362f1817c9e6887b5ce5c1640e130ceac1181565282,rights_constrained_reference,2026-08-27T08:02:43.936236+00:00,sha256:7ff7cc6bb90e97ca50ac4362f1817c9e6887b5ce5c1640e130ceac1181565282,B2 historical checksum reference records current-run fixity; source bytes remain ignored and local.,7ff7cc6bb90e97ca50ac4362f1817c9e6887b5ce5c1640e130ceac1181565282,public_reuse_review,au_pbs,https://www.pbs.gov.au/publication/schedule/2007/2007-04-01-dental-book-soc.pdf?variant=3,au_pbs_archive_2007_04_01_e1517f8dbb85
sha256:804bc902fe21ce0e8452cf06a87a51431db31da65663139c9679e15fe636cac1,188978,evidence:sha256:804bc902fe21ce0e8452cf06a87a51431db31da65663139c9679e15fe636cac1,rights_constrained_reference,2026-08-27T08:02:43.936236+00:00,sha256:804bc902fe21ce0e8452cf06a87a51431db31da65663139c9679e15fe636cac1,B2 historical checksum reference records current-run fixity; source bytes remain ignored and local.,804bc902fe21ce0e8452cf06a87a51431db31da65663139c9679e15fe636cac1,public_reuse_review,au_mbs,https://www.mbsonline.gov.au/internet/mbsonline/publishing.nsf/Content/317ACF6351081DB5CA2585FF00086C40/$File/201111-Dental.pdf,au_mbs_historical_0042
sha256:807023fa8765b427fd454230655783bae0f675cbad3f45f14e08cc74f06e0549,17830980,evidence:sha256:807023fa8765b427fd454230655783bae0f675cbad3f45f14e08cc74f06e0549,rights_constrained_reference,2026-08-27T08:02:43.936236+00:00,sha256:807023fa8765b427fd454230655783bae0f675cbad3f45f14e08cc74f06e0549,B2 historical checksum reference records current-run fixity; source bytes remain ignored and local.,807023fa8765b427fd454230655783bae0f675cbad3f45f14e08cc74f06e0549,public_reuse_review,au_pbs,https://www.pbs.gov.au/publication/schedule/2016/02/2016-02-01-general-schedule.pdf?variant=3,au_pbs_archive_2016_02_01_5dcdb59f4e5e
sha256:807d9d49d1150498dd2fa92af37d4b457cebac05e0e140173793c22dbebb8f81,1519106,evidence:sha256:807d9d49d1150498dd2fa92af37d4b457cebac05e0e140173793c22dbebb8f81,rights_constrained_reference,2026-08-27T08:02:43.936236+00:00,sha256:807d9d49d1150498dd2fa92af37d4b457cebac05e0e140173793c22dbebb8f81,B2 historical checksum reference records current-run fixity; source bytes remain ignored and local.,807d9d49d1150498dd2fa92af37d4b457cebac05e0e140173793c22dbebb8f81,public_reuse_review,au_pbs,https://www.pbs.gov.au/publication/schedule/2019/01/2019-01-01-efc-schedule.pdf?variant=3,au_pbs_archive_2019_01_01_d02d09adc683
sha256:80882695b3d5069ff0dea89f073fa4fa423710c6872ef1f9fb4c5e5ee07b1908,10954572,evidence:sha256:80882695b3d5069ff0dea89f073fa4fa423710c6872ef1f9fb4c5e5ee07b1908,rights_constrained_reference,2026-08-27T08:02:43.936236+00:00,sha256:80882695b3d5069ff0dea89f073fa4fa423710c6872ef1f9fb4c5e5ee07b1908,B2 historical checksum reference records current-run fixity; source bytes remain ignored and local.,80882695b3d5069ff0dea89f073fa4fa423710c6872ef1f9fb4c5e5ee07b1908,public_reuse_review,au_pbs,https://www.pbs.gov.au/publication/schedule/1951-2002/1963-02-01-consolidated-schedules.pdf?variant=3,au_pbs_archive_1963_02_01_1a01cc8f5e82
sha256:808f61a83372defc9bc476a8c673e67e8fc29a8d8c22a558f5581bda3749ff4c,2356145,evidence:sha256:808f61a83372defc9bc476a8c673e67e8fc29a8d8c22a558f5581bda3749ff4c,rights_constrained_reference,2026-08-27T08:02:43.936236+00:00,sha256:808f61a83372defc9bc476a8c673e67e8fc29a8d8c22a558f5581bda3749ff4c,B2 historical checksum reference records current-run fixity; source bytes remain ignored and local.,808f61a83372defc9bc476a8c673e67e8fc29a8d8c22a558f5581bda3749ff4c,public_reuse_review,au_mbs,https://www.mbsonline.gov.au/internet/mbsonline/publishing.nsf/Content/515793D58E889BD0CA257CD100033990/$File/1995-07-Pathology.pdf,au_mbs_historical_0100
sha256:80a3cc0e9666abe1285dcf89af1767489ac169476fc4a64c8dd1f26c9e460ff4,319300,evidence:sha256:80a3cc0e9666abe1285dcf89af1767489ac169476fc4a64c8dd1f26c9e460ff4,rights_constrained_reference,2026-08-27T08:02:43.936236+00:00,sha256:80a3cc0e9666abe1285dcf89af1767489ac169476fc4a64c8dd1f26c9e460ff4,B2 historical checksum reference records current-run fixity; source bytes remain ignored and local.,80a3cc0e9666abe1285dcf89af1767489ac169476fc4a64c8dd1f26c9e460ff4,public_reuse_review,au_pbs,https://www.pbs.gov.au/publication/schedule/2008/2008-03-01-general-schedule-soc.pdf?variant=3,au_pbs_archive_2008_03_01_6047e2cb63d3
sha256:80c10fc2980548849f703922e99885ab32e5f0ea0a2f965c38f4a233d9ef1aa8,1557212,evidence:sha256:80c10fc2980548849f703922e99885ab32e5f0ea0a2f965c38f4a233d9ef1aa8,rights_constrained_reference,2026-08-27T08:02:43.936236+00:00,sha256:80c10fc2980548849f703922e99885ab32e5f0ea0a2f965c38f4a233d9ef1aa8,B2 historical checksum reference records current-run fixity; source bytes remain ignored and local.,80c10fc2980548849f703922e99885ab32e5f0ea0a2f965c38f4a233d9ef1aa8,public_reuse_review,au_pbs,https://www.pbs.gov.au/publication/schedule/2019/03/2019-03-01-efc-schedule.pdf?variant=3,au_pbs_archive_2019_03_01_ecc6c518167a
sha256:8111600540aea569faca0c56951c71637abb1be68eb43d769df2afa01d6676fc,920243,evidence:sha256:8111600540aea569faca0c56951c71637abb1be68eb43d769df2afa01d6676fc,rights_constrained_reference,2026-08-27T08:02:43.936236+00:00,sha256:8111600540aea569faca0c56951c71637abb1be68eb43d769df2afa01d6676fc,B2 historical checksum reference records current-run fixity; source bytes remain ignored and local.,8111600540aea569faca0c56951c71637abb1be68eb43d769df2afa01d6676fc,public_reuse_review,au_pbs,https://www.pbs.gov.au/publication/schedule/2011/11/2011-11-01-general-schedule-SOC.pdf?variant=3,au_pbs_archive_2011_11_01_838c26b810c7
sha256:8119c6ff46fc1168d0bb04e6c192b5aebadc51beaef48b87231569f3b90b9bd7,89363,evidence:sha256:8119c6ff46fc1168d0bb04e6c192b5aebadc51beaef48b87231569f3b90b9bd7,rights_constrained_reference,2026-08-27T08:02:43.936236+00:00,sha256:8119c6ff46fc1168d0bb04e6c192b5aebadc51beaef48b87231569f3b90b9bd7,B2 historical checksum reference records current-run fixity; source bytes remain ignored and local.,8119c6ff46fc1168d0bb04e6c192b5aebadc51beaef48b87231569f3b90b9bd7,public_reuse_review,au_pbs,https://www.pbs.gov.au/publication/schedule/2008/2008-11-01-general-schedule-soc.pdf?variant=3,au_pbs_archive_2008_11_01_2a788363cbe6
sha256:811a04caa96db32d4ce2c0baad6b9302ffde680232a0076dc08bb18668e5766f,18833140,evidence:sha256:811a04caa96db32d4ce2c0baad6b9302ffde680232a0076dc08bb18668e5766f,rights_constrained_reference,2026-08-27T08:02:43.936236+00:00,sha256:811a04caa96db32d4ce2c0baad6b9302ffde680232a0076dc08bb18668e5766f,B2 historical checksum reference records current-run fixity; source bytes remain ignored and local.,811a04caa96db32d4ce2c0baad6b9302ffde680232a0076dc08bb18668e5766f,public_reuse_review,au_pbs,https://www.pbs.gov.au/publication/schedule/2016/10/2016-10-01-general-schedule.pdf?variant=3,au_pbs_archive_2016_10_01_789835f4ef4f
sha256:811b18d3150daf59d90746b98859f20915b4da2bcaebe5b33426712b9a241afb,10645188,evidence:sha256:811b18d3150daf59d90746b98859f20915b4da2bcaebe5b33426712b9a241afb,rights_constrained_reference,2026-08-27T08:02:43.936236+00:00,sha256:811b18d3150daf59d90746b98859f20915b4da2bcaebe5b33426712b9a241afb,B2 historical checksum reference records current-run fixity; source bytes remain ignored and local.,811b18d3150daf59d90746b98859f20915b4da2bcaebe5b33426712b9a241afb,public_reuse_review,au_pbs,https://www.pbs.gov.au/publication/schedule/2019/09/2019-09-01-general-schedule-volume-2.pdf?variant=3,au_pbs_archive_2019_09_01_425aca3d1593
sha256:813b19e5cbf7df5b114aa6d6750ba26e66dda7b9796354064078b12ec391f5b5,440597,evidence:sha256:813b19e5cbf7df5b114aa6d6750ba26e66dda7b9796354064078b12ec391f5b5,rights_constrained_reference,2026-08-27T08:02:43.936236+00:00,sha256:813b19e5cbf7df5b114aa6d6750ba26e66dda7b9796354064078b12ec391f5b5,B2 historical checksum reference records current-run fixity; source bytes remain ignored and local.,813b19e5cbf7df5b114aa6d6750ba26e66dda7b9796354064078b12ec391f5b5,public_reuse_review,au_pbs,https://www.pbs.gov.au/publication/schedule/2007/2007-09-01-dental-book.pdf?variant=3,au_pbs_archive_2007_09_01_115cdf30f4bd
sha256:815b9aa2a03e4ec8e357815fc90ee5d47908625a1c058f8a2d83dd3afa0e9b48,2431699,evidence:sha256:815b9aa2a03e4ec8e357815fc90ee5d47908625a1c058f8a2d83dd3afa0e9b48,rights_constrained_reference,2026-08-27T08:02:43.936236+00:00,sha256:815b9aa2a03e4ec8e357815fc90ee5d47908625a1c058f8a2d83dd3afa0e9b48,B2 historical checksum reference records current-run fixity; source bytes remain ignored and local.,815b9aa2a03e4ec8e357815fc90ee5d47908625a1c058f8a2d83dd3afa0e9b48,public_reuse_review,au_pbs,https://www.pbs.gov.au/publication/schedule/2010/2010-08-01-HSD-Schedule.pdf?variant=3,au_pbs_archive_2010_08_01_2d1755606a80
sha256:815df4a7ec345278cab9766cdbd8f6831ba93ebba407ed0068d664e7d601a487,16964384,evidence:sha256:815df4a7ec345278cab9766cdbd8f6831ba93ebba407ed0068d664e7d601a487,rights_constrained_reference,2026-08-27T08:02:43.936236+00:00,sha256:815df4a7ec345278cab9766cdbd8f6831ba93ebba407ed0068d664e7d601a487,B2 historical checksum reference records current-run fixity; source bytes remain ignored and local.,815df4a7ec345278cab9766cdbd8f6831ba93ebba407ed0068d664e7d601a487,public_reuse_review,au_mbs,https://www.mbsonline.gov.au/internet/mbsonline/publishing.nsf/Content/40901A5DCA1CD593CA258614007F45C1/$File/201707-MBS.pdf,au_mbs_historical_0047
sha256:815eb18298748fb9b5b5efbd1e28742009e87acdaf2c0058c2b5fdab192028ad,5545123,evidence:sha256:815eb18298748fb9b5b5efbd1e28742009e87acdaf2c0058c2b5fdab192028ad,rights_constrained_reference,2026-08-27T08:02:43.936236+00:00,sha256:815eb18298748fb9b5b5efbd1e28742009e87acdaf2c0058c2b5fdab192028ad,B2 historical checksum reference records current-run fixity; source bytes remain ignored and local.,815eb18298748fb9b5b5efbd1e28742009e87acdaf2c0058c2b5fdab192028ad,public_reuse_review,au_pbs,https://www.pbs.gov.au/publication/schedule/2011/10/2011-10-01-general-schedule.pdf?variant=3,au_pbs_archive_2011_10_01_60ccb739cdad
sha256:81671b45ad41b7ec3c59fcdc17f34b7ea93943a276c4d8e472982b048b901a61,1906677,evidence:sha256:81671b45ad41b7ec3c59fcdc17f34b7ea93943a276c4d8e472982b048b901a61,rights_constrained_reference,2026-08-27T08:02:43.936236+00:00,sha256:81671b45ad41b7ec3c59fcdc17f34b7ea93943a276c4d8e472982b048b901a61,B2 historical checksum reference records current-run fixity; source bytes remain ignored and local.,81671b45ad41b7ec3c59fcdc17f34b7ea93943a276c4d8e472982b048b901a61,public_reuse_review,au_pbs,https://www.pbs.gov.au/publication/schedule/2018/06/2018-06-01-general-soc.pdf?variant=3,au_pbs_archive_2018_06_01_7883df4cccbe
sha256:816f43cfa881831c7682720019e939028234194c4139a9ececd7247ac4297fc9,1468897,evidence:sha256:816f43cfa881831c7682720019e939028234194c4139a9ececd7247ac4297fc9,rights_constrained_reference,2026-08-27T08:02:43.936236+00:00,sha256:816f43cfa881831c7682720019e939028234194c4139a9ececd7247ac4297fc9,B2 historical checksum reference records current-run fixity; source bytes remain ignored and local.,816f43cfa881831c7682720019e939028234194c4139a9ececd7247ac4297fc9,public_reuse_review,au_pbs,https://www.pbs.gov.au/publication/schedule/2026/05/2026-05-01-efc-schedule.pdf?variant=3,au_pbs_archive_2026_05_01_1edeb6a87ebf
sha256:819430b53e3c39c3b2b1be07833562e680d9a28761347797dbabfa6d67b08852,73626,evidence:sha256:819430b53e3c39c3b2b1be07833562e680d9a28761347797dbabfa6d67b08852,rights_constrained_reference,2026-08-27T08:02:43.936236+00:00,sha256:819430b53e3c39c3b2b1be07833562e680d9a28761347797dbabfa6d67b08852,B2 historical checksum reference records current-run fixity; source bytes remain ignored and local.,819430b53e3c39c3b2b1be07833562e680d9a28761347797dbabfa6d67b08852,public_reuse_review,au_pbs,https://www.pbs.gov.au/publication/schedule/2010/2010-05-01-dental-book-SOC.pdf?variant=3,au_pbs_archive_2010_05_01_d6f0dca0c785
sha256:81aa04545178807fa26dae1f691080b776589ca3ce9d135c481d1f1ef9738365,15022739,evidence:sha256:81aa04545178807fa26dae1f691080b776589ca3ce9d135c481d1f1ef9738365,rights_constrained_reference,2026-08-27T08:02:43.936236+00:00,sha256:81aa04545178807fa26dae1f691080b776589ca3ce9d135c481d1f1ef9738365,B2 historical checksum reference records current-run fixity; source bytes remain ignored and local.,81aa04545178807fa26dae1f691080b776589ca3ce9d135c481d1f1ef9738365,public_reuse_review,au_pbs,https://www.pbs.gov.au/publication/schedule/2020/03/2020-03-01-general-schedule-volume-1.pdf?variant=3,au_pbs_archive_2020_03_01_76bf8c2dad4e
sha256:821f105ccd2704cb2b541ac7bff456d351547acd5c8c6ccd1ff764cf07d32f3c,11809705,evidence:sha256:821f105ccd2704cb2b541ac7bff456d351547acd5c8c6ccd1ff764cf07d32f3c,rights_constrained_reference,2026-08-27T08:02:43.936236+00:00,sha256:821f105ccd2704cb2b541ac7bff456d351547acd5c8c6ccd1ff764cf07d32f3c,B2 historical checksum reference records current-run fixity; source bytes remain ignored and local.,821f105ccd2704cb2b541ac7bff456d351547acd5c8c6ccd1ff764cf07d32f3c,public_reuse_review,au_mbs,https://www.mbsonline.gov.au/internet/mbsonline/publishing.nsf/Content/293EEBA9AB153C56CA2584EB001547AF/$File/MBSBookR1.pdf,au_mbs_historical_0030
sha256:823fa817874d425df8bdbc4b30e6e98f306435707f9380be43019209286ca577,9461022,evidence:sha256:823fa817874d425df8bdbc4b30e6e98f306435707f9380be43019209286ca577,rights_constrained_reference,2026-08-27T08:02:43.936236+00:00,sha256:823fa817874d425df8bdbc4b30e6e98f306435707f9380be43019209286ca577,B2 historical checksum reference records current-run fixity; source bytes remain ignored and local.,823fa817874d425df8bdbc4b30e6e98f306435707f9380be43019209286ca577,public_reuse_review,au_pbs,https://www.pbs.gov.au/publication/schedule/2025/10/2025-10-01-general-schedule-volume-2.pdf?variant=3,au_pbs_archive_2025_10_01_63869274fdf5
sha256:82743c067401b018f8efd3155a7d64f79022c821fd462994c797980245aaf547,14984054,evidence:sha256:82743c067401b018f8efd3155a7d64f79022c821fd462994c797980245aaf547,rights_constrained_reference,2026-08-27T08:02:43.936236+00:00,sha256:82743c067401b018f8efd3155a7d64f79022c821fd462994c797980245aaf547,B2 historical checksum reference records current-run fixity; source bytes remain ignored and local.,82743c067401b018f8efd3155a7d64f79022c821fd462994c797980245aaf547,public_reuse_review,au_pbs,https://www.pbs.gov.au/publication/schedule/2015/07/2015-07-01-general-schedule.pdf?variant=3,au_pbs_archive_2015_07_01_8fbd1c523b07
sha256:82ba5c5844ad835e8a5425d18cd38e9829d6eef9388545d035cf1c370078b915,55128,evidence:sha256:82ba5c5844ad835e8a5425d18cd38e9829d6eef9388545d035cf1c370078b915,rights_constrained_reference,2026-08-27T08:02:43.936236+00:00,sha256:82ba5c5844ad835e8a5425d18cd38e9829d6eef9388545d035cf1c370078b915,B2 historical checksum reference records current-run fixity; source bytes remain ignored and local.,82ba5c5844ad835e8a5425d18cd38e9829d6eef9388545d035cf1c370078b915,public_reuse_review,au_pbs,https://www.pbs.gov.au/publication/schedule/2008/2008-05-01-general-schedule-soc.pdf?variant=3,au_pbs_archive_2008_05_01_77900e787db5
sha256:831aed18140adc1889db80b16605f7bb18dc3f9f1510accd73aec5f4a7d44301,604447,evidence:sha256:831aed18140adc1889db80b16605f7bb18dc3f9f1510accd73aec5f4a7d44301,rights_constrained_reference,2026-08-27T08:02:43.936236+00:00,sha256:831aed18140adc1889db80b16605f7bb18dc3f9f1510accd73aec5f4a7d44301,B2 historical checksum reference records current-run fixity; source bytes remain ignored and local.,831aed18140adc1889db80b16605f7bb18dc3f9f1510accd73aec5f4a7d44301,public_reuse_review,au_pbs,https://www.pbs.gov.au/publication/schedule/2018/07/2018-07-01-errata.pdf?variant=3,au_pbs_archive_2018_07_01_4e1c68021b19
sha256:8343cc84c6ea67abc999a8d85cbdcebf0fa15f284a73ebbec6f40371e21896b3,450600,evidence:sha256:8343cc84c6ea67abc999a8d85cbdcebf0fa15f284a73ebbec6f40371e21896b3,rights_constrained_reference,2026-08-27T08:02:43.936236+00:00,sha256:8343cc84c6ea67abc999a8d85cbdcebf0fa15f284a73ebbec6f40371e21896b3,B2 historical checksum reference records current-run fixity; source bytes remain ignored and local.,8343cc84c6ea67abc999a8d85cbdcebf0fa15f284a73ebbec6f40371e21896b3,public_reuse_review,au_pbs,https://www.pbs.gov.au/publication/schedule/2007/2007-08-01-dental-book.pdf?variant=3,au_pbs_archive_2007_08_01_417e0bb5932f
sha256:83734403a8dbb5238f2921ec6b1983f1d4ca0675ab703e4c388d4906951a649f,605069,evidence:sha256:83734403a8dbb5238f2921ec6b1983f1d4ca0675ab703e4c388d4906951a649f,rights_constrained_reference,2026-08-27T08:02:43.936236+00:00,sha256:83734403a8dbb5238f2921ec6b1983f1d4ca0675ab703e4c388d4906951a649f,B2 historical checksum reference records current-run fixity; source bytes remain ignored and local.,83734403a8dbb5238f2921ec6b1983f1d4ca0675ab703e4c388d4906951a649f,public_reuse_review,au_pbs,https://www.pbs.gov.au/publication/schedule/2016/01/2016-01-01-general-schedule-soc.pdf?variant=3,au_pbs_archive_2016_01_01_87497eeb9e0d
sha256:83978997ca0cf6f672452e7d413cc2a8dd32c350c29076ab62fa83f5631d7227,20851069,evidence:sha256:83978997ca0cf6f672452e7d413cc2a8dd32c350c29076ab62fa83f5631d7227,rights_constrained_reference,2026-08-27T08:02:43.936236+00:00,sha256:83978997ca0cf6f672452e7d413cc2a8dd32c350c29076ab62fa83f5631d7227,B2 historical checksum reference records current-run fixity; source bytes remain ignored and local.,83978997ca0cf6f672452e7d413cc2a8dd32c350c29076ab62fa83f5631d7227,public_reuse_review,au_pbs,https://www.pbs.gov.au/publication/schedule/2019/08/2019-08-01-general-schedule-vol-1.pdf?variant=3,au_pbs_archive_2019_08_01_8d00e66d2b64
sha256:83a923f46e55e56f861080804fd9a73fa1b6e5028b195059a8b3f2b5c54a11e3,14505234,evidence:sha256:83a923f46e55e56f861080804fd9a73fa1b6e5028b195059a8b3f2b5c54a11e3,rights_constrained_reference,2026-08-27T08:02:43.936236+00:00,sha256:83a923f46e55e56f861080804fd9a73fa1b6e5028b195059a8b3f2b5c54a11e3,B2 historical checksum reference records current-run fixity; source bytes remain ignored and local.,83a923f46e55e56f861080804fd9a73fa1b6e5028b195059a8b3f2b5c54a11e3,public_reuse_review,au_pbs,https://www.pbs.gov.au/publication/schedule/2018/06/2018-06-01-general-schedule.pdf?variant=3,au_pbs_archive_2018_06_01_2387363a96d2
sha256:83cae64448826cae543ab0048ec2d363355b003a925bbc4a386b81698f7033a9,309670,evidence:sha256:83cae64448826cae543ab0048ec2d363355b003a925bbc4a386b81698f7033a9,rights_constrained_reference,2026-08-27T08:02:43.936236+00:00,sha256:83cae64448826cae543ab0048ec2d363355b003a925bbc4a386b81698f7033a9,B2 historical checksum reference records current-run fixity; source bytes remain ignored and local.,83cae64448826cae543ab0048ec2d363355b003a925bbc4a386b81698f7033a9,public_reuse_review,au_mbs,https://www.mbsonline.gov.au/internet/mbsonline/publishing.nsf/Content/515793D58E889BD0CA257CD100033990/$File/201011-Allied.pdf,au_mbs_historical_0173
sha256:841d9b961929826bc7083f660cce3d2415d06ea6de4cdac28ecfb4c7f390e4c0,9872468,evidence:sha256:841d9b961929826bc7083f660cce3d2415d06ea6de4cdac28ecfb4c7f390e4c0,rights_constrained_reference,2026-08-27T08:02:43.936236+00:00,sha256:841d9b961929826bc7083f660cce3d2415d06ea6de4cdac28ecfb4c7f390e4c0,B2 historical checksum reference records current-run fixity; source bytes remain ignored and local.,841d9b961929826bc7083f660cce3d2415d06ea6de4cdac28ecfb4c7f390e4c0,public_reuse_review,au_pbs,https://www.pbs.gov.au/publication/schedule/2025/02/2025-02-01-general-schedule-volume-1.pdf?variant=3,au_pbs_archive_2025_02_01_4b0117d0bd4f
sha256:846dbee85d20e587a1540787070192e7969f0bedde62d0dfa907b18e7162afec,25911458,evidence:sha256:846dbee85d20e587a1540787070192e7969f0bedde62d0dfa907b18e7162afec,rights_constrained_reference,2026-08-27T08:02:43.936236+00:00,sha256:846dbee85d20e587a1540787070192e7969f0bedde62d0dfa907b18e7162afec,B2 historical checksum reference records current-run fixity; source bytes remain ignored and local.,846dbee85d20e587a1540787070192e7969f0bedde62d0dfa907b18e7162afec,public_reuse_review,au_pbs,https://www.pbs.gov.au/publication/schedule/2022/12/2022-12-01-general-schedule-volume-1.pdf?variant=3,au_pbs_archive_2022_12_01_e51cc2d2e412
sha256:846ee321f23f2c176a4cb1587fe8ceb23a1deff8db59f05e33f93dcd59bffde1,3024835,evidence:sha256:846ee321f23f2c176a4cb1587fe8ceb23a1deff8db59f05e33f93dcd59bffde1,rights_constrained_reference,2026-08-27T08:02:43.936236+00:00,sha256:846ee321f23f2c176a4cb1587fe8ceb23a1deff8db59f05e33f93dcd59bffde1,B2 historical checksum reference records current-run fixity; source bytes remain ignored and local.,846ee321f23f2c176a4cb1587fe8ceb23a1deff8db59f05e33f93dcd59bffde1,public_reuse_review,au_pbs,https://www.pbs.gov.au/publication/schedule/2023/11/2023-11-01-general-soc.pdf?variant=3,au_pbs_archive_2023_11_01_8cfc32deb491
sha256:8489b7bb3c701e1f59f74958fc700b463cb7edc3688a10df68ac530465b47c5e,1247581,evidence:sha256:8489b7bb3c701e1f59f74958fc700b463cb7edc3688a10df68ac530465b47c5e,rights_constrained_reference,2026-08-27T08:02:43.936236+00:00,sha256:8489b7bb3c701e1f59f74958fc700b463cb7edc3688a10df68ac530465b47c5e,B2 historical checksum reference records current-run fixity; source bytes remain ignored and local.,8489b7bb3c701e1f59f74958fc700b463cb7edc3688a10df68ac530465b47c5e,public_reuse_review,au_pbs,https://www.pbs.gov.au/publication/schedule/1951-2002/1984-11-01-RPBS-Schedule.pdf?variant=3,au_pbs_archive_1984_11_01_a77cd7760106
sha256:8498eb2b4f7d1cfff29167db8098cfac9e7aca31f70de32952f730f61d8ab6fe,1793924,evidence:sha256:8498eb2b4f7d1cfff29167db8098cfac9e7aca31f70de32952f730f61d8ab6fe,rights_constrained_reference,2026-08-27T08:02:43.936236+00:00,sha256:8498eb2b4f7d1cfff29167db8098cfac9e7aca31f70de32952f730f61d8ab6fe,B2 historical checksum reference records current-run fixity; source bytes remain ignored and local.,8498eb2b4f7d1cfff29167db8098cfac9e7aca31f70de32952f730f61d8ab6fe,public_reuse_review,au_pbs,https://www.pbs.gov.au/publication/schedule/2011/07/2011-07-01-general-schedule-SOC.pdf?variant=3,au_pbs_archive_2011_07_01_57635beda6c2
sha256:84c1141d34067ad7bd700b5851c4dd83ab0d28542b380eb3a1e9eddf32930949,22078639,evidence:sha256:84c1141d34067ad7bd700b5851c4dd83ab0d28542b380eb3a1e9eddf32930949,rights_constrained_reference,2026-08-27T08:02:43.936236+00:00,sha256:84c1141d34067ad7bd700b5851c4dd83ab0d28542b380eb3a1e9eddf32930949,B2 historical checksum reference records current-run fixity; source bytes remain ignored and local.,84c1141d34067ad7bd700b5851c4dd83ab0d28542b380eb3a1e9eddf32930949,public_reuse_review,au_pbs,https://www.pbs.gov.au/publication/schedule/2020/08/2020-08-01-general-schedule-volume-1.pdf?variant=3,au_pbs_archive_2020_08_01_59218069e96f
sha256:84fb57294dbbaae037bf2d28907a2730e19c50fdb47313db6c4f1d02e459b6cb,1294950,evidence:sha256:84fb57294dbbaae037bf2d28907a2730e19c50fdb47313db6c4f1d02e459b6cb,rights_constrained_reference,2026-08-27T08:02:43.936236+00:00,sha256:84fb57294dbbaae037bf2d28907a2730e19c50fdb47313db6c4f1d02e459b6cb,B2 historical checksum reference records current-run fixity; source bytes remain ignored and local.,84fb57294dbbaae037bf2d28907a2730e19c50fdb47313db6c4f1d02e459b6cb,public_reuse_review,au_mbs,https://www.mbsonline.gov.au/internet/mbsonline/publishing.nsf/Content/515793D58E889BD0CA257CD100033990/$File/1999-11-CLaCP.pdf,au_mbs_historical_0115
sha256:8508467cdd52e316e5c17d8688ba3b296fda9932a24b721220acc946a1a6e15b,1047425,evidence:sha256:8508467cdd52e316e5c17d8688ba3b296fda9932a24b721220acc946a1a6e15b,rights_constrained_reference,2026-08-27T08:02:43.936236+00:00,sha256:8508467cdd52e316e5c17d8688ba3b296fda9932a24b721220acc946a1a6e15b,B2 historical checksum reference records current-run fixity; source bytes remain ignored and local.,8508467cdd52e316e5c17d8688ba3b296fda9932a24b721220acc946a1a6e15b,public_reuse_review,au_pbs,https://www.pbs.gov.au/publication/schedule/2015/12/2015-12-01-efc-schedule.pdf?variant=3,au_pbs_archive_2015_12_01_430dad646614
sha256:85232dee7d7aaac203a097f09a104294d449215aa7714ada95c6812c00b1e5a1,1102388,evidence:sha256:85232dee7d7aaac203a097f09a104294d449215aa7714ada95c6812c00b1e5a1,rights_constrained_reference,2026-08-27T08:02:43.936236+00:00,sha256:85232dee7d7aaac203a097f09a104294d449215aa7714ada95c6812c00b1e5a1,B2 historical checksum reference records current-run fixity; source bytes remain ignored and local.,85232dee7d7aaac203a097f09a104294d449215aa7714ada95c6812c00b1e5a1,public_reuse_review,au_pbs,https://www.pbs.gov.au/publication/schedule/2016/03/2016-03-01-efc-schedule.pdf?variant=3,au_pbs_archive_2016_03_01_2ad3c0052aea
sha256:85625019e6ae0d845907b3348b1094c296fd160b902471e91435209b40487453,4618331,evidence:sha256:85625019e6ae0d845907b3348b1094c296fd160b902471e91435209b40487453,rights_constrained_reference,2026-08-27T08:02:43.936236+00:00,sha256:85625019e6ae0d845907b3348b1094c296fd160b902471e91435209b40487453,B2 historical checksum reference records current-run fixity; source bytes remain ignored and local.,85625019e6ae0d845907b3348b1094c296fd160b902471e91435209b40487453,public_reuse_review,au_pbs,https://www.pbs.gov.au/publication/schedule/2010/2010-09-01-HSD-Schedule.pdf?variant=3,au_pbs_archive_2010_09_01_7dba4c7daf73
sha256:85982d4de9fbda7ce569bcd96890059a855ab873a5890a345f183da1848943e3,124817,evidence:sha256:85982d4de9fbda7ce569bcd96890059a855ab873a5890a345f183da1848943e3,rights_constrained_reference,2026-08-27T08:02:43.936236+00:00,sha256:85982d4de9fbda7ce569bcd96890059a855ab873a5890a345f183da1848943e3,B2 historical checksum reference records current-run fixity; source bytes remain ignored and local.,85982d4de9fbda7ce569bcd96890059a855ab873a5890a345f183da1848943e3,public_reuse_review,au_mbs,https://www.mbsonline.gov.au/internet/mbsonline/publishing.nsf/650f3eec0dfb990fca25692100069854/0b61e1e80b332754ca258c9e0000c7d8/$FILE/Health%20Insurance%20Regulations%202018%20-%20Basic%20Service%20Description%20for%20Assignment%20of%20Medicare%20Benefits.002.002.CSV/Health%20Insurance%20Regulations%202018%20-%20Basic%20Service%20Description%20for%20Assignment%20of%20Medicare%20Benefits.CSV,au_mbs_historical_0001
sha256:85c5e742b9e60d7ba6eaf686a0fe06e7634e77ab0d516f4446ba4750cd6177fe,2171233,evidence:sha256:85c5e742b9e60d7ba6eaf686a0fe06e7634e77ab0d516f4446ba4750cd6177fe,rights_constrained_reference,2026-08-27T08:02:43.936236+00:00,sha256:85c5e742b9e60d7ba6eaf686a0fe06e7634e77ab0d516f4446ba4750cd6177fe,B2 historical checksum reference records current-run fixity; source bytes remain ignored and local.,85c5e742b9e60d7ba6eaf686a0fe06e7634e77ab0d516f4446ba4750cd6177fe,public_reuse_review,au_pbs,https://www.pbs.gov.au/publication/schedule/2024/09/2024-09-01-general-soc.pdf?variant=3,au_pbs_archive_2024_09_01_286535a432e3
sha256:85fb993cb499e8b1b02a7d65c046e0d116658e79058b15cdadb65fe2d3d3a0e4,7369414,evidence:sha256:85fb993cb499e8b1b02a7d65c046e0d116658e79058b15cdadb65fe2d3d3a0e4,rights_constrained_reference,2026-08-27T08:02:43.936236+00:00,sha256:85fb993cb499e8b1b02a7d65c046e0d116658e79058b15cdadb65fe2d3d3a0e4,B2 historical checksum reference records current-run fixity; source bytes remain ignored and local.,85fb993cb499e8b1b02a7d65c046e0d116658e79058b15cdadb65fe2d3d3a0e4,public_reuse_review,au_pbs,https://www.pbs.gov.au/publication/schedule/2008/2008-09-01-general-schedule.pdf?variant=3,au_pbs_archive_2008_09_01_4443e52ade19
sha256:8624d6bd43100fae6251699f51d6851c18777791585168ea9a9e4a205af6f2a8,12887110,evidence:sha256:8624d6bd43100fae6251699f51d6851c18777791585168ea9a9e4a205af6f2a8,rights_constrained_reference,2026-08-27T08:02:43.936236+00:00,sha256:8624d6bd43100fae6251699f51d6851c18777791585168ea9a9e4a205af6f2a8,B2 historical checksum reference records current-run fixity; source bytes remain ignored and local.,8624d6bd43100fae6251699f51d6851c18777791585168ea9a9e4a205af6f2a8,public_reuse_review,au_pbs,https://www.pbs.gov.au/publication/schedule/2022/04/2022-04-01-general-schedule-volume-2.pdf?variant=3,au_pbs_archive_2022_04_01_1d9c0949bd72
sha256:86304e22cf1c24d95c0b855000df7e22ee53eaf61d3dbe5bd9ed329c1b36f5b6,899076,evidence:sha256:86304e22cf1c24d95c0b855000df7e22ee53eaf61d3dbe5bd9ed329c1b36f5b6,rights_constrained_reference,2026-08-27T08:02:43.936236+00:00,sha256:86304e22cf1c24d95c0b855000df7e22ee53eaf61d3dbe5bd9ed329c1b36f5b6,B2 historical checksum reference records current-run fixity; source bytes remain ignored and local.,86304e22cf1c24d95c0b855000df7e22ee53eaf61d3dbe5bd9ed329c1b36f5b6,public_reuse_review,au_mbs,https://www.mbsonline.gov.au/internet/mbsonline/publishing.nsf/Content/293EEBA9AB153C56CA2584EB001547AF/$File/202003-Cat4.pdf,au_mbs_historical_0022
sha256:864bc34382e026f680ba6cee905724dc77335476ace5409a4036d239ef1ca666,546688,evidence:sha256:864bc34382e026f680ba6cee905724dc77335476ace5409a4036d239ef1ca666,rights_constrained_reference,2026-08-27T08:02:43.936236+00:00,sha256:864bc34382e026f680ba6cee905724dc77335476ace5409a4036d239ef1ca666,B2 historical checksum reference records current-run fixity; source bytes remain ignored and local.,864bc34382e026f680ba6cee905724dc77335476ace5409a4036d239ef1ca666,public_reuse_review,au_pbs,https://www.pbs.gov.au/publication/schedule/2023/01/2023-01-01-general-soc.pdf?variant=3,au_pbs_archive_2023_01_01_7289b9fa6dc4
sha256:8661290e1ccd3410856c40a7c9d431e71b0b4826b7db0bd02a79417817a4cd55,16416959,evidence:sha256:8661290e1ccd3410856c40a7c9d431e71b0b4826b7db0bd02a79417817a4cd55,rights_constrained_reference,2026-08-27T08:02:43.936236+00:00,sha256:8661290e1ccd3410856c40a7c9d431e71b0b4826b7db0bd02a79417817a4cd55,B2 historical checksum reference records current-run fixity; source bytes remain ignored and local.,8661290e1ccd3410856c40a7c9d431e71b0b4826b7db0bd02a79417817a4cd55,public_reuse_review,au_pbs,https://www.pbs.gov.au/publication/schedule/2021/02/2021-02-01-general-schedule-volume-1.pdf?variant=3,au_pbs_archive_2021_02_01_3049a8b4ee64
sha256:8676fe1dfe139f5b9856cc9403f63a59895fd5f166bbf611a7664f9cbe7fc335,17903547,evidence:sha256:8676fe1dfe139f5b9856cc9403f63a59895fd5f166bbf611a7664f9cbe7fc335,rights_constrained_reference,2026-08-27T08:02:43.936236+00:00,sha256:8676fe1dfe139f5b9856cc9403f63a59895fd5f166bbf611a7664f9cbe7fc335,B2 historical checksum reference records current-run fixity; source bytes remain ignored and local.,8676fe1dfe139f5b9856cc9403f63a59895fd5f166bbf611a7664f9cbe7fc335,public_reuse_review,au_mbs,https://www.mbsonline.gov.au/internet/mbsonline/publishing.nsf/Content/515793D58E889BD0CA257CD100033990/$File/1984-MBS.pdf,au_mbs_historical_0080
sha256:87000bb5a8e275bbb88f270c247e5f646b1756083e150675c7f0d36be468c9d2,22432421,evidence:sha256:87000bb5a8e275bbb88f270c247e5f646b1756083e150675c7f0d36be468c9d2,rights_constrained_reference,2026-08-27T08:02:43.936236+00:00,sha256:87000bb5a8e275bbb88f270c247e5f646b1756083e150675c7f0d36be468c9d2,B2 historical checksum reference records current-run fixity; source bytes remain ignored and local.,87000bb5a8e275bbb88f270c247e5f646b1756083e150675c7f0d36be468c9d2,public_reuse_review,au_pbs,https://www.pbs.gov.au/publication/schedule/2022/05/2022-05-01-general-schedule-volume-1.pdf?variant=3,au_pbs_archive_2022_05_01_3a2036636c1a
sha256:87006a9ac4b5d1f4fafbb67114696ceadba59b42ed85fb92d6c642b6f078a7d3,62358,evidence:sha256:87006a9ac4b5d1f4fafbb67114696ceadba59b42ed85fb92d6c642b6f078a7d3,rights_constrained_reference,2026-08-27T08:02:43.936236+00:00,sha256:87006a9ac4b5d1f4fafbb67114696ceadba59b42ed85fb92d6c642b6f078a7d3,B2 historical checksum reference records current-run fixity; source bytes remain ignored and local.,87006a9ac4b5d1f4fafbb67114696ceadba59b42ed85fb92d6c642b6f078a7d3,public_reuse_review,au_pbs,https://www.pbs.gov.au/publication/schedule/2009/2009-08-01-dental-book-soc.pdf?variant=3,au_pbs_archive_2009_08_01_53dfb4367895
sha256:87aa10f936f14e54e93f0b0c5063e1e1ad5489643e64bb4ce204220e9ddfd6fc,3106063,evidence:sha256:87aa10f936f14e54e93f0b0c5063e1e1ad5489643e64bb4ce204220e9ddfd6fc,rights_constrained_reference,2026-08-27T08:02:43.936236+00:00,sha256:87aa10f936f14e54e93f0b0c5063e1e1ad5489643e64bb4ce204220e9ddfd6fc,B2 historical checksum reference records current-run fixity; source bytes remain ignored and local.,87aa10f936f14e54e93f0b0c5063e1e1ad5489643e64bb4ce204220e9ddfd6fc,public_reuse_review,au_mbs,https://www.mbsonline.gov.au/internet/mbsonline/publishing.nsf/Content/DD4BF54A34D823FDCA25881700139AD5/$File/202207-Cat1d.pdf,au_mbs_historical_0285
sha256:8811c7da098e45da94b26e2c9b3ebe69995c7a0fa89b021b78d117e0f193759f,447702,evidence:sha256:8811c7da098e45da94b26e2c9b3ebe69995c7a0fa89b021b78d117e0f193759f,rights_constrained_reference,2026-08-27T08:02:43.936236+00:00,sha256:8811c7da098e45da94b26e2c9b3ebe69995c7a0fa89b021b78d117e0f193759f,B2 historical checksum reference records current-run fixity; source bytes remain ignored and local.,8811c7da098e45da94b26e2c9b3ebe69995c7a0fa89b021b78d117e0f193759f,public_reuse_review,au_pbs,https://www.pbs.gov.au/publication/schedule/2008/2008-04-01-dental-book.pdf?variant=3,au_pbs_archive_2008_04_01_8c812ec99201
sha256:883b07133f8a499efb1e74a7465723f370f698d120ffe4a66c46f9b5a66fa2d2,1456575,evidence:sha256:883b07133f8a499efb1e74a7465723f370f698d120ffe4a66c46f9b5a66fa2d2,rights_constrained_reference,2026-08-27T08:02:43.936236+00:00,sha256:883b07133f8a499efb1e74a7465723f370f698d120ffe4a66c46f9b5a66fa2d2,B2 historical checksum reference records current-run fixity; source bytes remain ignored and local.,883b07133f8a499efb1e74a7465723f370f698d120ffe4a66c46f9b5a66fa2d2,public_reuse_review,au_pbs,https://www.pbs.gov.au/publication/schedule/2016/12/2016-12-01-efc-schedule.pdf?variant=3,au_pbs_archive_2016_12_01_a07ff19a8f6d
sha256:88d62c159d36a3e6435f20e7ed1e1366a648c3402a6cc69a59ceeb6045d82f34,17041106,evidence:sha256:88d62c159d36a3e6435f20e7ed1e1366a648c3402a6cc69a59ceeb6045d82f34,rights_constrained_reference,2026-08-27T08:02:43.936236+00:00,sha256:88d62c159d36a3e6435f20e7ed1e1366a648c3402a6cc69a59ceeb6045d82f34,B2 historical checksum reference records current-run fixity; source bytes remain ignored and local.,88d62c159d36a3e6435f20e7ed1e1366a648c3402a6cc69a59ceeb6045d82f34,public_reuse_review,au_mbs,https://www.mbsonline.gov.au/internet/mbsonline/publishing.nsf/Content/A7F6A9DA0E280DCCCA2586140008B368/$File/201509-MBS.pdf,au_mbs_historical_0256
sha256:88d8a87f36f4329e986db4c0138a84a5487e03273cc8f92dbabbb7ba2f1541a5,11319018,evidence:sha256:88d8a87f36f4329e986db4c0138a84a5487e03273cc8f92dbabbb7ba2f1541a5,rights_constrained_reference,2026-08-27T08:02:43.936236+00:00,sha256:88d8a87f36f4329e986db4c0138a84a5487e03273cc8f92dbabbb7ba2f1541a5,B2 historical checksum reference records current-run fixity; source bytes remain ignored and local.,88d8a87f36f4329e986db4c0138a84a5487e03273cc8f92dbabbb7ba2f1541a5,public_reuse_review,au_pbs,https://www.pbs.gov.au/publication/schedule/2020/06/2020-06-01-general-schedule-volume-2.pdf?variant=3,au_pbs_archive_2020_06_01_6bc6534bcc9b
sha256:88de34c2c5d1d196e553d465d52f0e94cea0bbe8892299b4fbfde69d46c35807,1255714,evidence:sha256:88de34c2c5d1d196e553d465d52f0e94cea0bbe8892299b4fbfde69d46c35807,rights_constrained_reference,2026-08-27T08:02:43.936236+00:00,sha256:88de34c2c5d1d196e553d465d52f0e94cea0bbe8892299b4fbfde69d46c35807,B2 historical checksum reference records current-run fixity; source bytes remain ignored and local.,88de34c2c5d1d196e553d465d52f0e94cea0bbe8892299b4fbfde69d46c35807,public_reuse_review,au_pbs,https://www.pbs.gov.au/publication/schedule/2016/07/2016-07-01-efc-schedule.pdf?variant=3,au_pbs_archive_2016_07_01_082dd08f48c6
sha256:88f818a130faa0df9ff590ebe4c0fe881af8c409ed1f0d3aca2d911d1714fea3,11585789,evidence:sha256:88f818a130faa0df9ff590ebe4c0fe881af8c409ed1f0d3aca2d911d1714fea3,rights_constrained_reference,2026-08-27T08:02:43.936236+00:00,sha256:88f818a130faa0df9ff590ebe4c0fe881af8c409ed1f0d3aca2d911d1714fea3,B2 historical checksum reference records current-run fixity; source bytes remain ignored and local.,88f818a130faa0df9ff590ebe4c0fe881af8c409ed1f0d3aca2d911d1714fea3,public_reuse_review,au_mbs,https://www.mbsonline.gov.au/internet/mbsonline/publishing.nsf/Content/148049BCC6D57ED4CA25889F00110A8A/$File/1%20November%202022%20MBS%20Book.pdf,au_mbs_historical_0012
sha256:88fafb0ae08d8292f6587334367226bbc4f1be64c45dc819555abfdf44fb0ce5,795839,evidence:sha256:88fafb0ae08d8292f6587334367226bbc4f1be64c45dc819555abfdf44fb0ce5,rights_constrained_reference,2026-08-27T08:02:43.936236+00:00,sha256:88fafb0ae08d8292f6587334367226bbc4f1be64c45dc819555abfdf44fb0ce5,B2 historical checksum reference records current-run fixity; source bytes remain ignored and local.,88fafb0ae08d8292f6587334367226bbc4f1be64c45dc819555abfdf44fb0ce5,public_reuse_review,au_mbs,https://www.mbsonline.gov.au/internet/mbsonline/publishing.nsf/Content/A7F6A9DA0E280DCCCA2586140008B368/$File/201504-Optom.pdf,au_mbs_historical_0253
sha256:8911fcdf48645c1ef43c1dd5e680dae287f43b5a6a81e374a51a1ba67d20b75a,1586627,evidence:sha256:8911fcdf48645c1ef43c1dd5e680dae287f43b5a6a81e374a51a1ba67d20b75a,rights_constrained_reference,2026-08-27T08:02:43.936236+00:00,sha256:8911fcdf48645c1ef43c1dd5e680dae287f43b5a6a81e374a51a1ba67d20b75a,B2 historical checksum reference records current-run fixity; source bytes remain ignored and local.,8911fcdf48645c1ef43c1dd5e680dae287f43b5a6a81e374a51a1ba67d20b75a,public_reuse_review,au_mbs,https://www.mbsonline.gov.au/internet/mbsonline/publishing.nsf/Content/FBE6CC5B217AC8DACA25859E0016F5A3/$File/202107-cat5f(2).pdf,au_mbs_historical_0334
sha256:89318ecd4e1c6d3c714f5a52e84de59db15ee62bdd7f8eafa7a6f1e80f6a32ca,404508,evidence:sha256:89318ecd4e1c6d3c714f5a52e84de59db15ee62bdd7f8eafa7a6f1e80f6a32ca,rights_constrained_reference,2026-08-27T08:02:43.936236+00:00,sha256:89318ecd4e1c6d3c714f5a52e84de59db15ee62bdd7f8eafa7a6f1e80f6a32ca,B2 historical checksum reference records current-run fixity; source bytes remain ignored and local.,89318ecd4e1c6d3c714f5a52e84de59db15ee62bdd7f8eafa7a6f1e80f6a32ca,public_reuse_review,au_mbs,https://www.mbsonline.gov.au/internet/mbsonline/publishing.nsf/Content/E137A6BDE8494881CA2585FF000A72FF/$File/201205-Allied.pdf,au_mbs_historical_0303
sha256:8961bc97f80387a7a1fff9b666d43a734fb9aec422449939cdbbe6451d7f5f4d,1360715,evidence:sha256:8961bc97f80387a7a1fff9b666d43a734fb9aec422449939cdbbe6451d7f5f4d,rights_constrained_reference,2026-08-27T08:02:43.936236+00:00,sha256:8961bc97f80387a7a1fff9b666d43a734fb9aec422449939cdbbe6451d7f5f4d,B2 historical checksum reference records current-run fixity; source bytes remain ignored and local.,8961bc97f80387a7a1fff9b666d43a734fb9aec422449939cdbbe6451d7f5f4d,public_reuse_review,au_pbs,https://www.pbs.gov.au/publication/schedule/2018/07/2018-07-01-efc-schedule.pdf?variant=3,au_pbs_archive_2018_07_01_db6290bea730
sha256:897a8f64f43952ff44a44ce3e1f0c56817c6721e72881259b74c1e058b256bed,4513307,evidence:sha256:897a8f64f43952ff44a44ce3e1f0c56817c6721e72881259b74c1e058b256bed,rights_constrained_reference,2026-08-27T08:02:43.936236+00:00,sha256:897a8f64f43952ff44a44ce3e1f0c56817c6721e72881259b74c1e058b256bed,B2 historical checksum reference records current-run fixity; source bytes remain ignored and local.,897a8f64f43952ff44a44ce3e1f0c56817c6721e72881259b74c1e058b256bed,public_reuse_review,au_pbs,https://www.pbs.gov.au/publication/schedule/2005/2005-08-01-general-schedule.pdf?variant=3,au_pbs_archive_2005_08_01_c6a8c327874d
sha256:898b2632ce77239c5771f937f5b9e441c9c8a971bec81b12bac5fff887fe8940,2883706,evidence:sha256:898b2632ce77239c5771f937f5b9e441c9c8a971bec81b12bac5fff887fe8940,rights_constrained_reference,2026-08-27T08:02:43.936236+00:00,sha256:898b2632ce77239c5771f937f5b9e441c9c8a971bec81b12bac5fff887fe8940,B2 historical checksum reference records current-run fixity; source bytes remain ignored and local.,898b2632ce77239c5771f937f5b9e441c9c8a971bec81b12bac5fff887fe8940,public_reuse_review,au_pbs,https://www.pbs.gov.au/publication/schedule/2024/11/2024-11-01-efc-schedule.pdf?variant=3,au_pbs_archive_2024_11_01_c25cd5d641e5
sha256:89a2a24bb8efdc9a95c8e5ca76238aae74aafc18cdee1c186e06b86306d23bce,459057,evidence:sha256:89a2a24bb8efdc9a95c8e5ca76238aae74aafc18cdee1c186e06b86306d23bce,rights_constrained_reference,2026-08-27T08:02:43.936236+00:00,sha256:89a2a24bb8efdc9a95c8e5ca76238aae74aafc18cdee1c186e06b86306d23bce,B2 historical checksum reference records current-run fixity; source bytes remain ignored and local.,89a2a24bb8efdc9a95c8e5ca76238aae74aafc18cdee1c186e06b86306d23bce,public_reuse_review,au_pbs,https://www.pbs.gov.au/publication/schedule/2009/2009-12-01-dental-book.pdf?variant=3,au_pbs_archive_2009_12_01_f40d07621b51
sha256:89d96487329b81f46f0d59621e28bf5b8f5cc036f16bae322cca9c9605728524,1780150,evidence:sha256:89d96487329b81f46f0d59621e28bf5b8f5cc036f16bae322cca9c9605728524,rights_constrained_reference,2026-08-27T08:02:43.936236+00:00,sha256:89d96487329b81f46f0d59621e28bf5b8f5cc036f16bae322cca9c9605728524,B2 historical checksum reference records current-run fixity; source bytes remain ignored and local.,89d96487329b81f46f0d59621e28bf5b8f5cc036f16bae322cca9c9605728524,public_reuse_review,au_pbs,https://www.pbs.gov.au/publication/schedule/2021/11/2021-11-01-general-soc.pdf?variant=3,au_pbs_archive_2021_11_01_9bbb4f7ea91c
sha256:89ffaf82fe5623592b609f285bc712b04668dd78b428887c9a0226c1337f048f,3039903,evidence:sha256:89ffaf82fe5623592b609f285bc712b04668dd78b428887c9a0226c1337f048f,rights_constrained_reference,2026-08-27T08:02:43.936236+00:00,sha256:89ffaf82fe5623592b609f285bc712b04668dd78b428887c9a0226c1337f048f,B2 historical checksum reference records current-run fixity; source bytes remain ignored and local.,89ffaf82fe5623592b609f285bc712b04668dd78b428887c9a0226c1337f048f,public_reuse_review,au_pbs,https://www.pbs.gov.au/publication/schedule/2025/07/2025-07-01-efc-schedule.pdf?variant=3,au_pbs_archive_2025_07_01_65300cb6facd
sha256:8a3e95393f13ac6c6f5468cf037d8470f34fdbf2a8fc2db87f3cd9247ac878d8,1569639,evidence:sha256:8a3e95393f13ac6c6f5468cf037d8470f34fdbf2a8fc2db87f3cd9247ac878d8,rights_constrained_reference,2026-08-27T08:02:43.936236+00:00,sha256:8a3e95393f13ac6c6f5468cf037d8470f34fdbf2a8fc2db87f3cd9247ac878d8,B2 historical checksum reference records current-run fixity; source bytes remain ignored and local.,8a3e95393f13ac6c6f5468cf037d8470f34fdbf2a8fc2db87f3cd9247ac878d8,public_reuse_review,au_mbs,https://www.mbsonline.gov.au/internet/mbsonline/publishing.nsf/Content/4EFCF78281A91736CA258654001138AF/$File/202103-cat6.pdf,au_mbs_historical_0067
sha256:8a5db4811115bd2d624957760b649d9414c714fd008f6c07999d1a3057481745,190297,evidence:sha256:8a5db4811115bd2d624957760b649d9414c714fd008f6c07999d1a3057481745,rights_constrained_reference,2026-08-27T08:02:43.936236+00:00,sha256:8a5db4811115bd2d624957760b649d9414c714fd008f6c07999d1a3057481745,B2 historical checksum reference records current-run fixity; source bytes remain ignored and local.,8a5db4811115bd2d624957760b649d9414c714fd008f6c07999d1a3057481745,public_reuse_review,au_mbs,https://www.mbsonline.gov.au/internet/mbsonline/publishing.nsf/Content/E137A6BDE8494881CA2585FF000A72FF/$File/201205-Optom.pdf,au_mbs_historical_0306
sha256:8a8068cd96db57b31da8a3e68a40e6d9fa5b52bd1dd5fdc7305760c48edd9b4c,55845691,evidence:sha256:8a8068cd96db57b31da8a3e68a40e6d9fa5b52bd1dd5fdc7305760c48edd9b4c,rights_constrained_reference,2026-08-27T08:02:43.936236+00:00,sha256:8a8068cd96db57b31da8a3e68a40e6d9fa5b52bd1dd5fdc7305760c48edd9b4c,B2 historical checksum reference records current-run fixity; source bytes remain ignored and local.,8a8068cd96db57b31da8a3e68a40e6d9fa5b52bd1dd5fdc7305760c48edd9b4c,public_reuse_review,au_pbs,https://www.pbs.gov.au/publication/schedule/2017/08/2017-08-01-general-schedule.pdf?variant=3,au_pbs_archive_2017_08_01_461967783e42
sha256:8a8faf89ad374af79b3a9c2ab60251a811b9679b4dccd795a301defdfb794708,388743,evidence:sha256:8a8faf89ad374af79b3a9c2ab60251a811b9679b4dccd795a301defdfb794708,rights_constrained_reference,2026-08-27T08:02:43.936236+00:00,sha256:8a8faf89ad374af79b3a9c2ab60251a811b9679b4dccd795a301defdfb794708,B2 historical checksum reference records current-run fixity; source bytes remain ignored and local.,8a8faf89ad374af79b3a9c2ab60251a811b9679b4dccd795a301defdfb794708,public_reuse_review,au_pbs,https://www.pbs.gov.au/publication/schedule/2013/08/2013-08-01-general-schedule-soc.pdf?variant=3,au_pbs_archive_2013_08_01_7a20ef0b3279
sha256:8b1fb3941446cc7454f2bfef036acef0d8ee5190db0dfd685d65838ef5411bdb,852133,evidence:sha256:8b1fb3941446cc7454f2bfef036acef0d8ee5190db0dfd685d65838ef5411bdb,rights_constrained_reference,2026-08-27T08:02:43.936236+00:00,sha256:8b1fb3941446cc7454f2bfef036acef0d8ee5190db0dfd685d65838ef5411bdb,B2 historical checksum reference records current-run fixity; source bytes remain ignored and local.,8b1fb3941446cc7454f2bfef036acef0d8ee5190db0dfd685d65838ef5411bdb,public_reuse_review,au_pbs,https://www.pbs.gov.au/publication/schedule/2014/03/2014-03-01-general-schedule-soc.pdf?variant=3,au_pbs_archive_2014_03_01_35b531d3af08
sha256:8b28ff9ae8b2c0564c748d02ffdd5b0fb02116454de2655b5f23db202b2380c2,166795,evidence:sha256:8b28ff9ae8b2c0564c748d02ffdd5b0fb02116454de2655b5f23db202b2380c2,rights_constrained_reference,2026-08-27T08:02:43.936236+00:00,sha256:8b28ff9ae8b2c0564c748d02ffdd5b0fb02116454de2655b5f23db202b2380c2,B2 historical checksum reference records current-run fixity; source bytes remain ignored and local.,8b28ff9ae8b2c0564c748d02ffdd5b0fb02116454de2655b5f23db202b2380c2,public_reuse_review,au_pbs,https://www.pbs.gov.au/publication/schedule/2009/2009-12-01-general-schedule-soc.pdf?variant=3,au_pbs_archive_2009_12_01_2b9c533e6867
sha256:8b2c0a8e045c1e68feae00e4c9f3b87cd1f2276018f6cb4fc05299e8b2281b4c,4792027,evidence:sha256:8b2c0a8e045c1e68feae00e4c9f3b87cd1f2276018f6cb4fc05299e8b2281b4c,rights_constrained_reference,2026-08-27T08:02:43.936236+00:00,sha256:8b2c0a8e045c1e68feae00e4c9f3b87cd1f2276018f6cb4fc05299e8b2281b4c,B2 historical checksum reference records current-run fixity; source bytes remain ignored and local.,8b2c0a8e045c1e68feae00e4c9f3b87cd1f2276018f6cb4fc05299e8b2281b4c,public_reuse_review,au_pbs,https://www.pbs.gov.au/publication/schedule/2022/06/2022-06-01-efc-schedule.pdf?variant=3,au_pbs_archive_2022_06_01_7be99823e0fe
sha256:8b31568048ebdab95d13d38dc82f90462e213f7766d34df5bfc058c9f7017b90,14061843,evidence:sha256:8b31568048ebdab95d13d38dc82f90462e213f7766d34df5bfc058c9f7017b90,rights_constrained_reference,2026-08-27T08:02:43.936236+00:00,sha256:8b31568048ebdab95d13d38dc82f90462e213f7766d34df5bfc058c9f7017b90,B2 historical checksum reference records current-run fixity; source bytes remain ignored and local.,8b31568048ebdab95d13d38dc82f90462e213f7766d34df5bfc058c9f7017b90,public_reuse_review,au_pbs,https://www.pbs.gov.au/publication/schedule/2024/02/2024-02-01-general-volume-2.pdf?variant=3,au_pbs_archive_2024_02_01_2afbaa431c6e
sha256:8b4164be5839d1cf247c440646e37aa765368b88eb230b8f55c729f3b5538933,3373571,evidence:sha256:8b4164be5839d1cf247c440646e37aa765368b88eb230b8f55c729f3b5538933,rights_constrained_reference,2026-08-27T08:02:43.936236+00:00,sha256:8b4164be5839d1cf247c440646e37aa765368b88eb230b8f55c729f3b5538933,B2 historical checksum reference records current-run fixity; source bytes remain ignored and local.,8b4164be5839d1cf247c440646e37aa765368b88eb230b8f55c729f3b5538933,public_reuse_review,au_pbs,https://www.pbs.gov.au/publication/schedule/1951-2002/1957-07-01-PBS-Schedule-Medical-Practitioners.pdf?variant=3,au_pbs_archive_1957_07_01_0b30e1c6c425
sha256:8b61d3978c5905528d6c07f5c324ceba82f3b3ab878a45deb12665eba670eb84,24381122,evidence:sha256:8b61d3978c5905528d6c07f5c324ceba82f3b3ab878a45deb12665eba670eb84,rights_constrained_reference,2026-08-27T08:02:43.936236+00:00,sha256:8b61d3978c5905528d6c07f5c324ceba82f3b3ab878a45deb12665eba670eb84,B2 historical checksum reference records current-run fixity; source bytes remain ignored and local.,8b61d3978c5905528d6c07f5c324ceba82f3b3ab878a45deb12665eba670eb84,public_reuse_review,au_pbs,https://www.pbs.gov.au/publication/schedule/2026/01/2026-01-01-general-schedule-volume-1.pdf?variant=3,au_pbs_archive_2026_01_01_464689880fdf
sha256:8c0d4fa7a43724f42acd17e3b7519c3b9332401117db7f86c1c622aea71bcdb2,3639166,evidence:sha256:8c0d4fa7a43724f42acd17e3b7519c3b9332401117db7f86c1c622aea71bcdb2,rights_constrained_reference,2026-08-27T08:02:43.936236+00:00,sha256:8c0d4fa7a43724f42acd17e3b7519c3b9332401117db7f86c1c622aea71bcdb2,B2 historical checksum reference records current-run fixity; source bytes remain ignored and local.,8c0d4fa7a43724f42acd17e3b7519c3b9332401117db7f86c1c622aea71bcdb2,public_reuse_review,au_pbs,https://www.pbs.gov.au/publication/schedule/2011/02/2011-02-01-chemotherapy-booklet.pdf?variant=3,au_pbs_archive_2011_02_01_269d3c58482d
sha256:8c8c2acd07c1eea3119d60ece574ea00fb899f65b217b1ce9065db4cb28f9538,16988274,evidence:sha256:8c8c2acd07c1eea3119d60ece574ea00fb899f65b217b1ce9065db4cb28f9538,rights_constrained_reference,2026-08-27T08:02:43.936236+00:00,sha256:8c8c2acd07c1eea3119d60ece574ea00fb899f65b217b1ce9065db4cb28f9538,B2 historical checksum reference records current-run fixity; source bytes remain ignored and local.,8c8c2acd07c1eea3119d60ece574ea00fb899f65b217b1ce9065db4cb28f9538,public_reuse_review,au_mbs,https://www.mbsonline.gov.au/internet/mbsonline/publishing.nsf/Content/40901A5DCA1CD593CA258614007F45C1/$File/201712-MBS.pdf,au_mbs_historical_0051
sha256:8cbffc24510433453a7c97633f434d1c83395a005b5bece76cde9fbb264ca417,12656220,evidence:sha256:8cbffc24510433453a7c97633f434d1c83395a005b5bece76cde9fbb264ca417,rights_constrained_reference,2026-08-27T08:02:43.936236+00:00,sha256:8cbffc24510433453a7c97633f434d1c83395a005b5bece76cde9fbb264ca417,B2 historical checksum reference records current-run fixity; source bytes remain ignored and local.,8cbffc24510433453a7c97633f434d1c83395a005b5bece76cde9fbb264ca417,public_reuse_review,au_pbs,https://www.pbs.gov.au/publication/schedule/2023/03/2023-03-01-general-schedule-volume-2.pdf?variant=3,au_pbs_archive_2023_03_01_8a438dc0f57f
sha256:8cd281b6b8c89ae1dd041f89a4d09ed16ae65db8a61a2d25cb175fc72dd803a9,151071,evidence:sha256:8cd281b6b8c89ae1dd041f89a4d09ed16ae65db8a61a2d25cb175fc72dd803a9,rights_constrained_reference,2026-08-27T08:02:43.936236+00:00,sha256:8cd281b6b8c89ae1dd041f89a4d09ed16ae65db8a61a2d25cb175fc72dd803a9,B2 historical checksum reference records current-run fixity; source bytes remain ignored and local.,8cd281b6b8c89ae1dd041f89a4d09ed16ae65db8a61a2d25cb175fc72dd803a9,public_reuse_review,au_pbs,https://www.pbs.gov.au/publication/schedule/2011/09/2011-09-01-dental-book-SOC.pdf?variant=3,au_pbs_archive_2011_09_01_775adb9a2539
sha256:8d1da46a3094a2dfb37d714e86687ade66edef1f448fe9f5954232a943973e4c,86704,evidence:sha256:8d1da46a3094a2dfb37d714e86687ade66edef1f448fe9f5954232a943973e4c,rights_constrained_reference,2026-08-27T08:02:43.936236+00:00,sha256:8d1da46a3094a2dfb37d714e86687ade66edef1f448fe9f5954232a943973e4c,B2 historical checksum reference records current-run fixity; source bytes remain ignored and local.,8d1da46a3094a2dfb37d714e86687ade66edef1f448fe9f5954232a943973e4c,public_reuse_review,au_pbs,https://www.pbs.gov.au/publication/schedule/2007/2007-01-01-general-schedule-soc.pdf?variant=3,au_pbs_archive_2007_01_01_c560927b245e
sha256:8da2c6bfcabd0ac3a91615b9b124407fc7f1692a0a470c912559f130f87f9c46,14201546,evidence:sha256:8da2c6bfcabd0ac3a91615b9b124407fc7f1692a0a470c912559f130f87f9c46,rights_constrained_reference,2026-08-27T08:02:43.936236+00:00,sha256:8da2c6bfcabd0ac3a91615b9b124407fc7f1692a0a470c912559f130f87f9c46,B2 historical checksum reference records current-run fixity; source bytes remain ignored and local.,8da2c6bfcabd0ac3a91615b9b124407fc7f1692a0a470c912559f130f87f9c46,public_reuse_review,au_pbs,https://www.pbs.gov.au/publication/schedule/2025/11/2025-11-01-general-schedule-volume-1.pdf?variant=3,au_pbs_archive_2025_11_01_8a151e07ae49
sha256:8da8727c77b5821b4332588f1b0480bafdfd7eb14cdaf857e42e34265b91d726,1647828,evidence:sha256:8da8727c77b5821b4332588f1b0480bafdfd7eb14cdaf857e42e34265b91d726,rights_constrained_reference,2026-08-27T08:02:43.936236+00:00,sha256:8da8727c77b5821b4332588f1b0480bafdfd7eb14cdaf857e42e34265b91d726,B2 historical checksum reference records current-run fixity; source bytes remain ignored and local.,8da8727c77b5821b4332588f1b0480bafdfd7eb14cdaf857e42e34265b91d726,public_reuse_review,au_mbs,https://www.mbsonline.gov.au/internet/mbsonline/publishing.nsf/Content/4C767FC45843CB02CA25898500825ACA/$File/PDF%20version%20of%20the%20July%202023%20Category%205%20-%20Diagnostic%20Imaging%20Services.pdf,au_mbs_historical_0057
sha256:8df3466c7f6686f57e88aee4860d4e7d611f3c11bee7ab0aa4d9172580bba23d,43251,evidence:sha256:8df3466c7f6686f57e88aee4860d4e7d611f3c11bee7ab0aa4d9172580bba23d,rights_constrained_reference,2026-08-27T08:02:43.936236+00:00,sha256:8df3466c7f6686f57e88aee4860d4e7d611f3c11bee7ab0aa4d9172580bba23d,B2 historical checksum reference records current-run fixity; source bytes remain ignored and local.,8df3466c7f6686f57e88aee4860d4e7d611f3c11bee7ab0aa4d9172580bba23d,public_reuse_review,au_pbs,https://www.pbs.gov.au/publication/schedule/2008/2008-06-01-dental-book-soc.pdf?variant=3,au_pbs_archive_2008_06_01_e17df634eb24
sha256:8e20d0397247aae7c52da4d0ce36cf37f04b48f5bd68304ffbbd145b1677a6ca,3232985,evidence:sha256:8e20d0397247aae7c52da4d0ce36cf37f04b48f5bd68304ffbbd145b1677a6ca,rights_constrained_reference,2026-08-27T08:02:43.936236+00:00,sha256:8e20d0397247aae7c52da4d0ce36cf37f04b48f5bd68304ffbbd145b1677a6ca,B2 historical checksum reference records current-run fixity; source bytes remain ignored and local.,8e20d0397247aae7c52da4d0ce36cf37f04b48f5bd68304ffbbd145b1677a6ca,public_reuse_review,au_pbs,https://www.pbs.gov.au/publication/schedule/2026/04/2026-04-01-efc-schedule.pdf?variant=3,au_pbs_archive_2026_04_01_b1a799abe41b
sha256:8e21bce1ee09bce896bdcea424ff0955c98bb61d8edffcddab8f72af97f12e7b,746204,evidence:sha256:8e21bce1ee09bce896bdcea424ff0955c98bb61d8edffcddab8f72af97f12e7b,rights_constrained_reference,2026-08-27T08:02:43.936236+00:00,sha256:8e21bce1ee09bce896bdcea424ff0955c98bb61d8edffcddab8f72af97f12e7b,B2 historical checksum reference records current-run fixity; source bytes remain ignored and local.,8e21bce1ee09bce896bdcea424ff0955c98bb61d8edffcddab8f72af97f12e7b,public_reuse_review,au_pbs,https://www.pbs.gov.au/publication/schedule/2015/01/2015-01-01-general-schedule-soc.pdf?variant=3,au_pbs_archive_2015_01_01_388582375f6f
sha256:8ea69bb8245c68af9021209c23415c87897a9156d1ddc928c447cd8425c3ab10,5379708,evidence:sha256:8ea69bb8245c68af9021209c23415c87897a9156d1ddc928c447cd8425c3ab10,rights_constrained_reference,2026-08-27T08:02:43.936236+00:00,sha256:8ea69bb8245c68af9021209c23415c87897a9156d1ddc928c447cd8425c3ab10,B2 historical checksum reference records current-run fixity; source bytes remain ignored and local.,8ea69bb8245c68af9021209c23415c87897a9156d1ddc928c447cd8425c3ab10,public_reuse_review,au_pbs,https://www.pbs.gov.au/publication/schedule/2011/03/2011-03-01-general-schedule.pdf?variant=3,au_pbs_archive_2011_03_01_4e119c276821
sha256:8eac7f5f4b1673efef4974f2a2a6e469cb1b3d184bf8941cfb6845334f092748,5460718,evidence:sha256:8eac7f5f4b1673efef4974f2a2a6e469cb1b3d184bf8941cfb6845334f092748,rights_constrained_reference,2026-08-27T08:02:43.936236+00:00,sha256:8eac7f5f4b1673efef4974f2a2a6e469cb1b3d184bf8941cfb6845334f092748,B2 historical checksum reference records current-run fixity; source bytes remain ignored and local.,8eac7f5f4b1673efef4974f2a2a6e469cb1b3d184bf8941cfb6845334f092748,public_reuse_review,au_mbs,https://www.mbsonline.gov.au/internet/mbsonline/publishing.nsf/Content/5DCECCA2E8B2062CCA2586F100070995/$File/202007-Cat3.pdf,au_mbs_historical_0178
sha256:8eb0267b2d02e170ad2921ed331dd5062c2c646b1e51bb23594fb8aa848fbf53,3757328,evidence:sha256:8eb0267b2d02e170ad2921ed331dd5062c2c646b1e51bb23594fb8aa848fbf53,rights_constrained_reference,2026-08-27T08:02:43.936236+00:00,sha256:8eb0267b2d02e170ad2921ed331dd5062c2c646b1e51bb23594fb8aa848fbf53,B2 historical checksum reference records current-run fixity; source bytes remain ignored and local.,8eb0267b2d02e170ad2921ed331dd5062c2c646b1e51bb23594fb8aa848fbf53,public_reuse_review,au_pbs,https://www.pbs.gov.au/publication/schedule/2017/09/2017-09-01-efc-schedule.pdf?variant=3,au_pbs_archive_2017_09_01_7bc1bf4a479d
sha256:8eb13c53c44ad392ab6e8db8f1951d5c1e56d0f6ab04ec5fed148e46309768a2,2706030,evidence:sha256:8eb13c53c44ad392ab6e8db8f1951d5c1e56d0f6ab04ec5fed148e46309768a2,rights_constrained_reference,2026-08-27T08:02:43.936236+00:00,sha256:8eb13c53c44ad392ab6e8db8f1951d5c1e56d0f6ab04ec5fed148e46309768a2,B2 historical checksum reference records current-run fixity; source bytes remain ignored and local.,8eb13c53c44ad392ab6e8db8f1951d5c1e56d0f6ab04ec5fed148e46309768a2,public_reuse_review,au_pbs,https://www.pbs.gov.au/publication/schedule/2020/07/2020-07-01-efc-schedule.pdf?variant=3,au_pbs_archive_2020_07_01_7b93b755df45
sha256:8efa019177021114439dcfa8149acf3399b2e8f7b72cc6198daac317c0fd676d,434792,evidence:sha256:8efa019177021114439dcfa8149acf3399b2e8f7b72cc6198daac317c0fd676d,rights_constrained_reference,2026-08-27T08:02:43.936236+00:00,sha256:8efa019177021114439dcfa8149acf3399b2e8f7b72cc6198daac317c0fd676d,B2 historical checksum reference records current-run fixity; source bytes remain ignored and local.,8efa019177021114439dcfa8149acf3399b2e8f7b72cc6198daac317c0fd676d,public_reuse_review,au_pbs,https://www.pbs.gov.au/publication/schedule/2009/2009-04-01-dental-book.pdf?variant=3,au_pbs_archive_2009_04_01_eb53b79a08fc
sha256:8efa22b4bb99dfe0d9c34a1a3c65ab4989fdbc2c4ddd4a1565599d3e7f81329a,1232946,evidence:sha256:8efa22b4bb99dfe0d9c34a1a3c65ab4989fdbc2c4ddd4a1565599d3e7f81329a,rights_constrained_reference,2026-08-27T08:02:43.936236+00:00,sha256:8efa22b4bb99dfe0d9c34a1a3c65ab4989fdbc2c4ddd4a1565599d3e7f81329a,B2 historical checksum reference records current-run fixity; source bytes remain ignored and local.,8efa22b4bb99dfe0d9c34a1a3c65ab4989fdbc2c4ddd4a1565599d3e7f81329a,public_reuse_review,au_pbs,https://www.pbs.gov.au/publication/schedule/2020/06/2020-06-01-general-soc.pdf?variant=3,au_pbs_archive_2020_06_01_aef2424ccba4
sha256:8f051095b6efe757450e7410443f9d99939dab115f417dddf2998e293f29f043,6205208,evidence:sha256:8f051095b6efe757450e7410443f9d99939dab115f417dddf2998e293f29f043,rights_constrained_reference,2026-08-27T08:02:43.936236+00:00,sha256:8f051095b6efe757450e7410443f9d99939dab115f417dddf2998e293f29f043,B2 historical checksum reference records current-run fixity; source bytes remain ignored and local.,8f051095b6efe757450e7410443f9d99939dab115f417dddf2998e293f29f043,public_reuse_review,au_pbs,https://www.pbs.gov.au/publication/schedule/2014/08/2014-08-01-general-schedule.pdf?variant=3,au_pbs_archive_2014_08_01_c640c34fa4f9
sha256:8f096273108b2d1c2b21e036f2e9bf10317580f2003aa5f64b7029077146c597,115941,evidence:sha256:8f096273108b2d1c2b21e036f2e9bf10317580f2003aa5f64b7029077146c597,rights_constrained_reference,2026-08-27T08:02:43.936236+00:00,sha256:8f096273108b2d1c2b21e036f2e9bf10317580f2003aa5f64b7029077146c597,B2 historical checksum reference records current-run fixity; source bytes remain ignored and local.,8f096273108b2d1c2b21e036f2e9bf10317580f2003aa5f64b7029077146c597,public_reuse_review,au_pbs,https://www.pbs.gov.au/publication/schedule/2012/06/2012-06-01-dental-book-SOC.pdf?variant=3,au_pbs_archive_2012_06_01_bc68dcbe2fcc
sha256:8f44907dc7642df5012ad8b80bc622c17298022bb645d7d3024bebdf773bbb1c,469736,evidence:sha256:8f44907dc7642df5012ad8b80bc622c17298022bb645d7d3024bebdf773bbb1c,rights_constrained_reference,2026-08-27T08:02:43.936236+00:00,sha256:8f44907dc7642df5012ad8b80bc622c17298022bb645d7d3024bebdf773bbb1c,B2 historical checksum reference records current-run fixity; source bytes remain ignored and local.,8f44907dc7642df5012ad8b80bc622c17298022bb645d7d3024bebdf773bbb1c,public_reuse_review,au_mbs,https://www.mbsonline.gov.au/internet/mbsonline/publishing.nsf/Content/94D54B959677561ECA2585FF000015E3/$File/201311-Allied.pdf,au_mbs_historical_0243
sha256:8f48dfdb07a2950e2de15e8aa500b2df91f86c64c45402f8ab73fdf3c7e54c36,15574165,evidence:sha256:8f48dfdb07a2950e2de15e8aa500b2df91f86c64c45402f8ab73fdf3c7e54c36,rights_constrained_reference,2026-08-27T08:02:43.936236+00:00,sha256:8f48dfdb07a2950e2de15e8aa500b2df91f86c64c45402f8ab73fdf3c7e54c36,B2 historical checksum reference records current-run fixity; source bytes remain ignored and local.,8f48dfdb07a2950e2de15e8aa500b2df91f86c64c45402f8ab73fdf3c7e54c36,public_reuse_review,au_pbs,https://www.pbs.gov.au/publication/schedule/1951-2002/1994-12-01-PBS-Schedule.pdf?variant=3,au_pbs_archive_1994_12_01_31cf9b80250f
sha256:8f5576c9062b72a53e0bd466a7b093189ce8790b0006ad1a5e95b80ff9bdc839,18067563,evidence:sha256:8f5576c9062b72a53e0bd466a7b093189ce8790b0006ad1a5e95b80ff9bdc839,rights_constrained_reference,2026-08-27T08:02:43.936236+00:00,sha256:8f5576c9062b72a53e0bd466a7b093189ce8790b0006ad1a5e95b80ff9bdc839,B2 historical checksum reference records current-run fixity; source bytes remain ignored and local.,8f5576c9062b72a53e0bd466a7b093189ce8790b0006ad1a5e95b80ff9bdc839,public_reuse_review,au_pbs,https://www.pbs.gov.au/publication/schedule/2016/05/2016-05-01-general-schedule.pdf?variant=3,au_pbs_archive_2016_05_01_12be838c0437
sha256:900a3c1f08205a939cca7140e4b567e3bb14d5e82165c67b87ff638c70371808,7299481,evidence:sha256:900a3c1f08205a939cca7140e4b567e3bb14d5e82165c67b87ff638c70371808,rights_constrained_reference,2026-08-27T08:02:43.936236+00:00,sha256:900a3c1f08205a939cca7140e4b567e3bb14d5e82165c67b87ff638c70371808,B2 historical checksum reference records current-run fixity; source bytes remain ignored and local.,900a3c1f08205a939cca7140e4b567e3bb14d5e82165c67b87ff638c70371808,public_reuse_review,au_pbs,https://www.pbs.gov.au/publication/schedule/2014/02/2014-02-01-general-schedule.pdf?variant=3,au_pbs_archive_2014_02_01_155d909621cb
sha256:907fd2c5229128b57ebda87573208867310d76436e81244f320a55f782295763,189061,evidence:sha256:907fd2c5229128b57ebda87573208867310d76436e81244f320a55f782295763,rights_constrained_reference,2026-08-27T08:02:43.936236+00:00,sha256:907fd2c5229128b57ebda87573208867310d76436e81244f320a55f782295763,B2 historical checksum reference records current-run fixity; source bytes remain ignored and local.,907fd2c5229128b57ebda87573208867310d76436e81244f320a55f782295763,public_reuse_review,au_mbs,https://www.mbsonline.gov.au/internet/mbsonline/publishing.nsf/Content/E137A6BDE8494881CA2585FF000A72FF/$File/201203-Dental.pdf,au_mbs_historical_0300
sha256:90d0e6655e73a99ae76fd8e895fefb1f32292ed0d2cf367bbb8f9392f238d135,6578327,evidence:sha256:90d0e6655e73a99ae76fd8e895fefb1f32292ed0d2cf367bbb8f9392f238d135,rights_constrained_reference,2026-08-27T08:02:43.936236+00:00,sha256:90d0e6655e73a99ae76fd8e895fefb1f32292ed0d2cf367bbb8f9392f238d135,B2 historical checksum reference records current-run fixity; source bytes remain ignored and local.,90d0e6655e73a99ae76fd8e895fefb1f32292ed0d2cf367bbb8f9392f238d135,public_reuse_review,au_pbs,https://www.pbs.gov.au/publication/schedule/2014/06/2014-06-01-general-schedule.pdf?variant=3,au_pbs_archive_2014_06_01_5a5946fda175
sha256:90d7e6bef5630e4ce709fc7820e28184fa78149f45b9922b67e5554391c31857,13243692,evidence:sha256:90d7e6bef5630e4ce709fc7820e28184fa78149f45b9922b67e5554391c31857,rights_constrained_reference,2026-08-27T08:02:43.936236+00:00,sha256:90d7e6bef5630e4ce709fc7820e28184fa78149f45b9922b67e5554391c31857,B2 historical checksum reference records current-run fixity; source bytes remain ignored and local.,90d7e6bef5630e4ce709fc7820e28184fa78149f45b9922b67e5554391c31857,public_reuse_review,au_mbs,https://www.mbsonline.gov.au/internet/mbsonline/publishing.nsf/Content/CAAE520031F2799DCA258AA5000C0848/$File/PDF%20Version%20of%20the%20MBSBook%20-%201%20March%202024.pdf,au_mbs_historical_0283
sha256:90f0b9cb5dec6fe63ada25cfaf25533cfd2a5e0d7797768ae13f93d432607b05,356023,evidence:sha256:90f0b9cb5dec6fe63ada25cfaf25533cfd2a5e0d7797768ae13f93d432607b05,rights_constrained_reference,2026-08-27T08:02:43.936236+00:00,sha256:90f0b9cb5dec6fe63ada25cfaf25533cfd2a5e0d7797768ae13f93d432607b05,B2 historical checksum reference records current-run fixity; source bytes remain ignored and local.,90f0b9cb5dec6fe63ada25cfaf25533cfd2a5e0d7797768ae13f93d432607b05,public_reuse_review,au_mbs,https://www.mbsonline.gov.au/internet/mbsonline/publishing.nsf/Content/E137A6BDE8494881CA2585FF000A72FF/$File/201211-Optom.pdf,au_mbs_historical_0314
sha256:91063e7f9585f3f24870abb228d669c3bbbca9c7a492d9fe3c8879157c215679,15624080,evidence:sha256:91063e7f9585f3f24870abb228d669c3bbbca9c7a492d9fe3c8879157c215679,rights_constrained_reference,2026-08-27T08:02:43.936236+00:00,sha256:91063e7f9585f3f24870abb228d669c3bbbca9c7a492d9fe3c8879157c215679,B2 historical checksum reference records current-run fixity; source bytes remain ignored and local.,91063e7f9585f3f24870abb228d669c3bbbca9c7a492d9fe3c8879157c215679,public_reuse_review,au_pbs,https://www.pbs.gov.au/publication/schedule/2018/10/2018-10-01-general-schedule.pdf?variant=3,au_pbs_archive_2018_10_01_6b34a9e1299b
sha256:913a2a48d3f0c5781399caed1f5b398f1170ea48c367370d722c571972d73e7f,1839332,evidence:sha256:913a2a48d3f0c5781399caed1f5b398f1170ea48c367370d722c571972d73e7f,rights_constrained_reference,2026-08-27T08:02:43.936236+00:00,sha256:913a2a48d3f0c5781399caed1f5b398f1170ea48c367370d722c571972d73e7f,B2 historical checksum reference records current-run fixity; source bytes remain ignored and local.,913a2a48d3f0c5781399caed1f5b398f1170ea48c367370d722c571972d73e7f,public_reuse_review,au_pbs,https://www.pbs.gov.au/publication/schedule/2021/12/2021-12-01-general-soc.pdf?variant=3,au_pbs_archive_2021_12_01_ca4f6c24a4b6
sha256:9165fc16373729b50691ce6c766c8bc5b6fb23e78199fc7a99ab1d4578a79587,893427,evidence:sha256:9165fc16373729b50691ce6c766c8bc5b6fb23e78199fc7a99ab1d4578a79587,rights_constrained_reference,2026-08-27T08:02:43.936236+00:00,sha256:9165fc16373729b50691ce6c766c8bc5b6fb23e78199fc7a99ab1d4578a79587,B2 historical checksum reference records current-run fixity; source bytes remain ignored and local.,9165fc16373729b50691ce6c766c8bc5b6fb23e78199fc7a99ab1d4578a79587,public_reuse_review,au_pbs,https://www.pbs.gov.au/publication/schedule/2013/09/2013-09-01-general-schedule-soc.pdf?variant=3,au_pbs_archive_2013_09_01_23c00d60ae4d
sha256:91784478698e881a390718232c3e237a3bd2f5044184026fe4446fabaec4c807,2443443,evidence:sha256:91784478698e881a390718232c3e237a3bd2f5044184026fe4446fabaec4c807,rights_constrained_reference,2026-08-27T08:02:43.936236+00:00,sha256:91784478698e881a390718232c3e237a3bd2f5044184026fe4446fabaec4c807,B2 historical checksum reference records current-run fixity; source bytes remain ignored and local.,91784478698e881a390718232c3e237a3bd2f5044184026fe4446fabaec4c807,public_reuse_review,au_pbs,https://www.pbs.gov.au/publication/schedule/2023/09/2023-09-01-efc-schedule.pdf?variant=3,au_pbs_archive_2023_09_01_68012a832a70
sha256:91b82578dc0d9f0cc5eeb061afe22f04bc11426a34cb0a9892989022d136c265,14452850,evidence:sha256:91b82578dc0d9f0cc5eeb061afe22f04bc11426a34cb0a9892989022d136c265,rights_constrained_reference,2026-08-27T08:02:43.936236+00:00,sha256:91b82578dc0d9f0cc5eeb061afe22f04bc11426a34cb0a9892989022d136c265,B2 historical checksum reference records current-run fixity; source bytes remain ignored and local.,91b82578dc0d9f0cc5eeb061afe22f04bc11426a34cb0a9892989022d136c265,public_reuse_review,au_pbs,https://www.pbs.gov.au/publication/schedule/2025/05/2025-05-01-general-schedule-volume-2.pdf?variant=3,au_pbs_archive_2025_05_01_e26ca385a35a
sha256:91b84611e28c22b681445722a935fd2b57ae50ec2625f034bb424912537dfe81,16536126,evidence:sha256:91b84611e28c22b681445722a935fd2b57ae50ec2625f034bb424912537dfe81,rights_constrained_reference,2026-08-27T08:02:43.936236+00:00,sha256:91b84611e28c22b681445722a935fd2b57ae50ec2625f034bb424912537dfe81,B2 historical checksum reference records current-run fixity; source bytes remain ignored and local.,91b84611e28c22b681445722a935fd2b57ae50ec2625f034bb424912537dfe81,public_reuse_review,au_pbs,https://www.pbs.gov.au/publication/schedule/1951-2002/1995-11-01-PBS-Schedule.pdf?variant=3,au_pbs_archive_1995_11_01_0d0f4b7dea43
sha256:91c1bfee72d556cd1316499683436c2c2cc126cefa1aff8e0ac4be2b7cc0fb13,42479628,evidence:sha256:91c1bfee72d556cd1316499683436c2c2cc126cefa1aff8e0ac4be2b7cc0fb13,rights_constrained_reference,2026-08-27T08:02:43.936236+00:00,sha256:91c1bfee72d556cd1316499683436c2c2cc126cefa1aff8e0ac4be2b7cc0fb13,B2 historical checksum reference records current-run fixity; source bytes remain ignored and local.,91c1bfee72d556cd1316499683436c2c2cc126cefa1aff8e0ac4be2b7cc0fb13,public_reuse_review,au_mbs,https://www.mbsonline.gov.au/internet/mbsonline/publishing.nsf/Content/515793D58E889BD0CA257CD100033990/$File/1983-MBS.pdf,au_mbs_historical_0079
sha256:91cc41583ba34caab1d1f2f8e082ea850070a408bfd4d3d872cb6df20f7be5f2,836306,evidence:sha256:91cc41583ba34caab1d1f2f8e082ea850070a408bfd4d3d872cb6df20f7be5f2,rights_constrained_reference,2026-08-27T08:02:43.936236+00:00,sha256:91cc41583ba34caab1d1f2f8e082ea850070a408bfd4d3d872cb6df20f7be5f2,B2 historical checksum reference records current-run fixity; source bytes remain ignored and local.,91cc41583ba34caab1d1f2f8e082ea850070a408bfd4d3d872cb6df20f7be5f2,public_reuse_review,au_mbs,https://www.mbsonline.gov.au/internet/mbsonline/publishing.nsf/Content/B013E0789A07D708CA258B030013670A/$File/PDF%20Version%20-%201%20July%202024%20Category%202%20-%20Diagnostic%20Procedures%20and%20Investigations.pdf,au_mbs_historical_0261
sha256:924d734350d7aee63c6e8342f62266d50d59722d66771d67f5608ad0639db945,16592078,evidence:sha256:924d734350d7aee63c6e8342f62266d50d59722d66771d67f5608ad0639db945,rights_constrained_reference,2026-08-27T08:02:43.936236+00:00,sha256:924d734350d7aee63c6e8342f62266d50d59722d66771d67f5608ad0639db945,B2 historical checksum reference records current-run fixity; source bytes remain ignored and local.,924d734350d7aee63c6e8342f62266d50d59722d66771d67f5608ad0639db945,public_reuse_review,au_mbs,https://www.mbsonline.gov.au/internet/mbsonline/publishing.nsf/Content/B900536D4B582E61CA2585FF0006926F/$File/201403-MBS.PDF,au_mbs_historical_0274
sha256:92b69267fa75e08c8908caf63879958cec0006ef03573830d964889962e4a8da,90486,evidence:sha256:92b69267fa75e08c8908caf63879958cec0006ef03573830d964889962e4a8da,rights_constrained_reference,2026-08-27T08:02:43.936236+00:00,sha256:92b69267fa75e08c8908caf63879958cec0006ef03573830d964889962e4a8da,B2 historical checksum reference records current-run fixity; source bytes remain ignored and local.,92b69267fa75e08c8908caf63879958cec0006ef03573830d964889962e4a8da,public_reuse_review,au_pbs,https://www.pbs.gov.au/publication/schedule/2007/2007-09-01-general-schedule-soc.pdf?variant=3,au_pbs_archive_2007_09_01_b031b204cad9
sha256:92bd48bab3fb8fe1380a1c7bda4f8f0c1aa5004a4323e1a5a07730daa81527ad,8007817,evidence:sha256:92bd48bab3fb8fe1380a1c7bda4f8f0c1aa5004a4323e1a5a07730daa81527ad,rights_constrained_reference,2026-08-27T08:02:43.936236+00:00,sha256:92bd48bab3fb8fe1380a1c7bda4f8f0c1aa5004a4323e1a5a07730daa81527ad,B2 historical checksum reference records current-run fixity; source bytes remain ignored and local.,92bd48bab3fb8fe1380a1c7bda4f8f0c1aa5004a4323e1a5a07730daa81527ad,public_reuse_review,au_mbs,https://www.mbsonline.gov.au/internet/mbsonline/publishing.nsf/Content/70CAF134CEE45219CA258614007874F8/$File/201612-MBS.pdf,au_mbs_historical_0196
sha256:932baf725fd01519eecffba0a49d5ea5a7bcc2c5e7af33d0df4ed52284ab4a61,923109,evidence:sha256:932baf725fd01519eecffba0a49d5ea5a7bcc2c5e7af33d0df4ed52284ab4a61,rights_constrained_reference,2026-08-27T08:02:43.936236+00:00,sha256:932baf725fd01519eecffba0a49d5ea5a7bcc2c5e7af33d0df4ed52284ab4a61,B2 historical checksum reference records current-run fixity; source bytes remain ignored and local.,932baf725fd01519eecffba0a49d5ea5a7bcc2c5e7af33d0df4ed52284ab4a61,public_reuse_review,au_pbs,https://www.pbs.gov.au/publication/schedule/2025/03/2025-03-01-general-soc.pdf?variant=3,au_pbs_archive_2025_03_01_9f74ef4dfc1d
sha256:9365288ead816b20b0010177a14e46acc02b0152d6049ca282bfe856ff18f107,1721592,evidence:sha256:9365288ead816b20b0010177a14e46acc02b0152d6049ca282bfe856ff18f107,rights_constrained_reference,2026-08-27T08:02:43.936236+00:00,sha256:9365288ead816b20b0010177a14e46acc02b0152d6049ca282bfe856ff18f107,B2 historical checksum reference records current-run fixity; source bytes remain ignored and local.,9365288ead816b20b0010177a14e46acc02b0152d6049ca282bfe856ff18f107,public_reuse_review,au_pbs,https://www.pbs.gov.au/publication/schedule/2019/04/2019-04-01-efc-schedule.pdf?variant=3,au_pbs_archive_2019_04_01_35bdd9700d82
sha256:93741508381e847282bd81968a46eafd3f1c5112ade69b09d8b4a779f3768f44,12959297,evidence:sha256:93741508381e847282bd81968a46eafd3f1c5112ade69b09d8b4a779f3768f44,rights_constrained_reference,2026-08-27T08:02:43.936236+00:00,sha256:93741508381e847282bd81968a46eafd3f1c5112ade69b09d8b4a779f3768f44,B2 historical checksum reference records current-run fixity; source bytes remain ignored and local.,93741508381e847282bd81968a46eafd3f1c5112ade69b09d8b4a779f3768f44,public_reuse_review,au_pbs,https://www.pbs.gov.au/publication/schedule/2022/05/2022-05-01-general-schedule-volume-2.pdf?variant=3,au_pbs_archive_2022_05_01_e091d4688f16
sha256:9393f6b5019e3e59c80adc9948d0489a18ff7bf7c1358ee0eebcceb8d994a4d6,20448930,evidence:sha256:9393f6b5019e3e59c80adc9948d0489a18ff7bf7c1358ee0eebcceb8d994a4d6,rights_constrained_reference,2026-08-27T08:02:43.936236+00:00,sha256:9393f6b5019e3e59c80adc9948d0489a18ff7bf7c1358ee0eebcceb8d994a4d6,B2 historical checksum reference records current-run fixity; source bytes remain ignored and local.,9393f6b5019e3e59c80adc9948d0489a18ff7bf7c1358ee0eebcceb8d994a4d6,public_reuse_review,au_pbs,https://www.pbs.gov.au/publication/schedule/2021/03/2021-03-01-general-schedule-volume-2.pdf?variant=3,au_pbs_archive_2021_03_01_3ce5c43b6f76
sha256:93bb974f643dda114cc49675b488c5baa506478c20d6dd8b1028b0f469ea56dc,1298362,evidence:sha256:93bb974f643dda114cc49675b488c5baa506478c20d6dd8b1028b0f469ea56dc,rights_constrained_reference,2026-08-27T08:02:43.936236+00:00,sha256:93bb974f643dda114cc49675b488c5baa506478c20d6dd8b1028b0f469ea56dc,B2 historical checksum reference records current-run fixity; source bytes remain ignored and local.,93bb974f643dda114cc49675b488c5baa506478c20d6dd8b1028b0f469ea56dc,public_reuse_review,au_mbs,https://www.mbsonline.gov.au/internet/mbsonline/publishing.nsf/Content/515793D58E889BD0CA257CD100033990/$File/2000-11-Optometrists.pdf,au_mbs_historical_0121
sha256:93eaf61cb99e96f04129cfc629b225b157d7742de8be26afbf7871656643f28c,280613,evidence:sha256:93eaf61cb99e96f04129cfc629b225b157d7742de8be26afbf7871656643f28c,rights_constrained_reference,2026-08-27T08:02:43.936236+00:00,sha256:93eaf61cb99e96f04129cfc629b225b157d7742de8be26afbf7871656643f28c,B2 historical checksum reference records current-run fixity; source bytes remain ignored and local.,93eaf61cb99e96f04129cfc629b225b157d7742de8be26afbf7871656643f28c,public_reuse_review,au_pbs,https://www.pbs.gov.au/publication/schedule/2022/07/2022-07-01-erratum.pdf?variant=3,au_pbs_archive_2022_07_01_f96b051f66c7
sha256:940302500e4dd5da4bda06692ccdc2ddb9c13438ebf4a181a706dc8361d73c38,20439338,evidence:sha256:940302500e4dd5da4bda06692ccdc2ddb9c13438ebf4a181a706dc8361d73c38,rights_constrained_reference,2026-08-27T08:02:43.936236+00:00,sha256:940302500e4dd5da4bda06692ccdc2ddb9c13438ebf4a181a706dc8361d73c38,B2 historical checksum reference records current-run fixity; source bytes remain ignored and local.,940302500e4dd5da4bda06692ccdc2ddb9c13438ebf4a181a706dc8361d73c38,public_reuse_review,au_pbs,https://www.pbs.gov.au/publication/schedule/2018/04/2018-04-01-general-schedule.pdf?variant=3,au_pbs_archive_2018_04_01_3a32a896da21
sha256:940797002c687ac0b1c03a5b685676740b46de2895773dfdee8353f6ec7f5663,1204349,evidence:sha256:940797002c687ac0b1c03a5b685676740b46de2895773dfdee8353f6ec7f5663,rights_constrained_reference,2026-08-27T08:02:43.936236+00:00,sha256:940797002c687ac0b1c03a5b685676740b46de2895773dfdee8353f6ec7f5663,B2 historical checksum reference records current-run fixity; source bytes remain ignored and local.,940797002c687ac0b1c03a5b685676740b46de2895773dfdee8353f6ec7f5663,public_reuse_review,au_pbs,https://www.pbs.gov.au/publication/schedule/2016/06/2016-06-01-efc-schedule.pdf?variant=3,au_pbs_archive_2016_06_01_c5afaca0912e
sha256:946548f1c51f5116ec2a72b8704a7885b7f54528fb479ed5075156c331b2ded8,2985038,evidence:sha256:946548f1c51f5116ec2a72b8704a7885b7f54528fb479ed5075156c331b2ded8,rights_constrained_reference,2026-08-27T08:02:43.936236+00:00,sha256:946548f1c51f5116ec2a72b8704a7885b7f54528fb479ed5075156c331b2ded8,B2 historical checksum reference records current-run fixity; source bytes remain ignored and local.,946548f1c51f5116ec2a72b8704a7885b7f54528fb479ed5075156c331b2ded8,public_reuse_review,au_pbs,https://www.pbs.gov.au/publication/schedule/2011/01/2011-01-01-dental-book.pdf?variant=3,au_pbs_archive_2011_01_01_50a05ba2f8bf
sha256:948a410cb7708132313b893303efa8437879bbb869315a520f8b860ed96ea69d,5239152,evidence:sha256:948a410cb7708132313b893303efa8437879bbb869315a520f8b860ed96ea69d,rights_constrained_reference,2026-08-27T08:02:43.936236+00:00,sha256:948a410cb7708132313b893303efa8437879bbb869315a520f8b860ed96ea69d,B2 historical checksum reference records current-run fixity; source bytes remain ignored and local.,948a410cb7708132313b893303efa8437879bbb869315a520f8b860ed96ea69d,public_reuse_review,au_pbs,https://www.pbs.gov.au/publication/schedule/2015/06/2015-06-01-efc-schedule.pdf?variant=3,au_pbs_archive_2015_06_01_bae818cc25a9
sha256:94fb6faa82d8756e02339e30788051cc0c4d0589c337a936975e0b559ba20d9d,3014329,evidence:sha256:94fb6faa82d8756e02339e30788051cc0c4d0589c337a936975e0b559ba20d9d,rights_constrained_reference,2026-08-27T08:02:43.936236+00:00,sha256:94fb6faa82d8756e02339e30788051cc0c4d0589c337a936975e0b559ba20d9d,B2 historical checksum reference records current-run fixity; source bytes remain ignored and local.,94fb6faa82d8756e02339e30788051cc0c4d0589c337a936975e0b559ba20d9d,public_reuse_review,au_pbs,https://www.pbs.gov.au/publication/schedule/2021/10/2021-10-01-general-soc.pdf?variant=3,au_pbs_archive_2021_10_01_6c2c421e4771
sha256:95ac4bb1ac6639efd4d965ad85f73d621b601623151cbece79ff4326375704b6,2457857,evidence:sha256:95ac4bb1ac6639efd4d965ad85f73d621b601623151cbece79ff4326375704b6,rights_constrained_reference,2026-08-27T08:02:43.936236+00:00,sha256:95ac4bb1ac6639efd4d965ad85f73d621b601623151cbece79ff4326375704b6,B2 historical checksum reference records current-run fixity; source bytes remain ignored and local.,95ac4bb1ac6639efd4d965ad85f73d621b601623151cbece79ff4326375704b6,public_reuse_review,au_pbs,https://www.pbs.gov.au/publication/schedule/2024/06/2024-06-01-efc-schedule.pdf?variant=3,au_pbs_archive_2024_06_01_4210d7a84681
sha256:95f0d7a98867dfe4fd65e59199a616b609dca59e99e72e3da0fb80cbf3c6cecc,192513,evidence:sha256:95f0d7a98867dfe4fd65e59199a616b609dca59e99e72e3da0fb80cbf3c6cecc,rights_constrained_reference,2026-08-27T08:02:43.936236+00:00,sha256:95f0d7a98867dfe4fd65e59199a616b609dca59e99e72e3da0fb80cbf3c6cecc,B2 historical checksum reference records current-run fixity; source bytes remain ignored and local.,95f0d7a98867dfe4fd65e59199a616b609dca59e99e72e3da0fb80cbf3c6cecc,public_reuse_review,au_pbs,https://www.pbs.gov.au/publication/schedule/2026/06/2026-06-01-erratum-blinatumomab-restriction.pdf?variant=3,au_pbs_archive_2026_06_01_c8fad0054772
sha256:962b51e0fb9f6ad0592f7a2b6c1d0d8be2dc3ea5950e0930b4b17a3fbbc3c020,27086793,evidence:sha256:962b51e0fb9f6ad0592f7a2b6c1d0d8be2dc3ea5950e0930b4b17a3fbbc3c020,rights_constrained_reference,2026-08-27T08:02:43.936236+00:00,sha256:962b51e0fb9f6ad0592f7a2b6c1d0d8be2dc3ea5950e0930b4b17a3fbbc3c020,B2 historical checksum reference records current-run fixity; source bytes remain ignored and local.,962b51e0fb9f6ad0592f7a2b6c1d0d8be2dc3ea5950e0930b4b17a3fbbc3c020,public_reuse_review,au_pbs,https://www.pbs.gov.au/publication/schedule/2022/08/2022-08-01-general-schedule-volume-1.pdf?variant=3,au_pbs_archive_2022_08_01_6706f8651583
sha256:962ec5be79453a0e72b204c717aa40337a765349fac3c4a0e13f65e236f061f0,190142,evidence:sha256:962ec5be79453a0e72b204c717aa40337a765349fac3c4a0e13f65e236f061f0,rights_constrained_reference,2026-08-27T08:02:43.936236+00:00,sha256:962ec5be79453a0e72b204c717aa40337a765349fac3c4a0e13f65e236f061f0,B2 historical checksum reference records current-run fixity; source bytes remain ignored and local.,962ec5be79453a0e72b204c717aa40337a765349fac3c4a0e13f65e236f061f0,public_reuse_review,au_pbs,https://www.pbs.gov.au/publication/schedule/2016/01/2016-01-01-errata.pdf?variant=3,au_pbs_archive_2016_01_01_264c01f3cbf0
sha256:963cc64a109ec506684e9cf8a3133211d342b017be986f888c30046481c64fab,4481134,evidence:sha256:963cc64a109ec506684e9cf8a3133211d342b017be986f888c30046481c64fab,rights_constrained_reference,2026-08-27T08:02:43.936236+00:00,sha256:963cc64a109ec506684e9cf8a3133211d342b017be986f888c30046481c64fab,B2 historical checksum reference records current-run fixity; source bytes remain ignored and local.,963cc64a109ec506684e9cf8a3133211d342b017be986f888c30046481c64fab,public_reuse_review,au_pbs,https://www.pbs.gov.au/publication/schedule/2007/2007-04-01-general-schedule.pdf?variant=3,au_pbs_archive_2007_04_01_277305a071be
sha256:963e9463688da9f2320648b1473073102b3322583375d3eba453dd4c2703df58,1102925,evidence:sha256:963e9463688da9f2320648b1473073102b3322583375d3eba453dd4c2703df58,rights_constrained_reference,2026-08-27T08:02:43.936236+00:00,sha256:963e9463688da9f2320648b1473073102b3322583375d3eba453dd4c2703df58,B2 historical checksum reference records current-run fixity; source bytes remain ignored and local.,963e9463688da9f2320648b1473073102b3322583375d3eba453dd4c2703df58,public_reuse_review,au_pbs,https://www.pbs.gov.au/publication/schedule/2020/04/2020-04-01-general-soc.pdf?variant=3,au_pbs_archive_2020_04_01_add41ce57a06
sha256:965da45f38c0c95b771e5397681aab11203af035f2f2b0fbe46fd99cd3380fbe,2990006,evidence:sha256:965da45f38c0c95b771e5397681aab11203af035f2f2b0fbe46fd99cd3380fbe,rights_constrained_reference,2026-08-27T08:02:43.936236+00:00,sha256:965da45f38c0c95b771e5397681aab11203af035f2f2b0fbe46fd99cd3380fbe,B2 historical checksum reference records current-run fixity; source bytes remain ignored and local.,965da45f38c0c95b771e5397681aab11203af035f2f2b0fbe46fd99cd3380fbe,public_reuse_review,au_pbs,https://www.pbs.gov.au/publication/schedule/2025/06/2025-06-01-efc-schedule.pdf?variant=3,au_pbs_archive_2025_06_01_7e8d3d04062e
sha256:96b6609ef02ecb2ed8a1142ea1be82678d7067dcbdc268d504f959df69c85be6,57694,evidence:sha256:96b6609ef02ecb2ed8a1142ea1be82678d7067dcbdc268d504f959df69c85be6,rights_constrained_reference,2026-08-27T08:02:43.936236+00:00,sha256:96b6609ef02ecb2ed8a1142ea1be82678d7067dcbdc268d504f959df69c85be6,B2 historical checksum reference records current-run fixity; source bytes remain ignored and local.,96b6609ef02ecb2ed8a1142ea1be82678d7067dcbdc268d504f959df69c85be6,public_reuse_review,au_pbs,https://www.pbs.gov.au/publication/schedule/2010/2010-08-01-dental-book-SOC.pdf?variant=3,au_pbs_archive_2010_08_01_dea9fe30bf0c
sha256:96c20e99f8acd56dca5d41781233ffd746195f87a2ccdf123de02e8f547b27f1,10345408,evidence:sha256:96c20e99f8acd56dca5d41781233ffd746195f87a2ccdf123de02e8f547b27f1,rights_constrained_reference,2026-08-27T08:02:43.936236+00:00,sha256:96c20e99f8acd56dca5d41781233ffd746195f87a2ccdf123de02e8f547b27f1,B2 historical checksum reference records current-run fixity; source bytes remain ignored and local.,96c20e99f8acd56dca5d41781233ffd746195f87a2ccdf123de02e8f547b27f1,public_reuse_review,au_pbs,https://www.pbs.gov.au/publication/schedule/2011/01/2011-01-01-general-schedule.pdf?variant=3,au_pbs_archive_2011_01_01_8ca65756863d
sha256:96ee04702c76c68a121ebef295b6b80060b7c7cc8707090cc3f77970cb32fced,282368,evidence:sha256:96ee04702c76c68a121ebef295b6b80060b7c7cc8707090cc3f77970cb32fced,rights_constrained_reference,2026-08-27T08:02:43.936236+00:00,sha256:96ee04702c76c68a121ebef295b6b80060b7c7cc8707090cc3f77970cb32fced,B2 historical checksum reference records current-run fixity; source bytes remain ignored and local.,96ee04702c76c68a121ebef295b6b80060b7c7cc8707090cc3f77970cb32fced,public_reuse_review,au_mbs,https://www.mbsonline.gov.au/internet/mbsonline/publishing.nsf/Content/E137A6BDE8494881CA2585FF000A72FF/$File/201203-Allied.pdf,au_mbs_historical_0299
sha256:96f0769c9ed065e4efda8d618790c5116041f268b7330b4019128b3f58a44455,2214859,evidence:sha256:96f0769c9ed065e4efda8d618790c5116041f268b7330b4019128b3f58a44455,rights_constrained_reference,2026-08-27T08:02:43.936236+00:00,sha256:96f0769c9ed065e4efda8d618790c5116041f268b7330b4019128b3f58a44455,B2 historical checksum reference records current-run fixity; source bytes remain ignored and local.,96f0769c9ed065e4efda8d618790c5116041f268b7330b4019128b3f58a44455,public_reuse_review,au_mbs,https://www.mbsonline.gov.au/internet/mbsonline/publishing.nsf/Content/515793D58E889BD0CA257CD100033990/$File/2000-02-DI.pdf,au_mbs_historical_0118
sha256:970309025762b6ce6a51461a495113777579219d60567f290ce8c2a95bb6c2db,20387346,evidence:sha256:970309025762b6ce6a51461a495113777579219d60567f290ce8c2a95bb6c2db,rights_constrained_reference,2026-08-27T08:02:43.936236+00:00,sha256:970309025762b6ce6a51461a495113777579219d60567f290ce8c2a95bb6c2db,B2 historical checksum reference records current-run fixity; source bytes remain ignored and local.,970309025762b6ce6a51461a495113777579219d60567f290ce8c2a95bb6c2db,public_reuse_review,au_pbs,https://www.pbs.gov.au/publication/schedule/2017/09/2017-09-01-general-schedule.pdf?variant=3,au_pbs_archive_2017_09_01_431d762ad39e
sha256:97bcaa3581358521dd6a167260bc2f0f53dc3736e7a27b25ee9428ab4e0a84d1,2511588,evidence:sha256:97bcaa3581358521dd6a167260bc2f0f53dc3736e7a27b25ee9428ab4e0a84d1,rights_constrained_reference,2026-08-27T08:02:43.936236+00:00,sha256:97bcaa3581358521dd6a167260bc2f0f53dc3736e7a27b25ee9428ab4e0a84d1,B2 historical checksum reference records current-run fixity; source bytes remain ignored and local.,97bcaa3581358521dd6a167260bc2f0f53dc3736e7a27b25ee9428ab4e0a84d1,public_reuse_review,au_pbs,https://www.pbs.gov.au/publication/schedule/2026/02/2026-02-01-general-soc.pdf?variant=3,au_pbs_archive_2026_02_01_c8e251def5ff
sha256:97c6af3a9e27718ead67bf091308fc2cb3a7008d0135dc45032a885d636688a0,6362289,evidence:sha256:97c6af3a9e27718ead67bf091308fc2cb3a7008d0135dc45032a885d636688a0,rights_constrained_reference,2026-08-27T08:02:43.936236+00:00,sha256:97c6af3a9e27718ead67bf091308fc2cb3a7008d0135dc45032a885d636688a0,B2 historical checksum reference records current-run fixity; source bytes remain ignored and local.,97c6af3a9e27718ead67bf091308fc2cb3a7008d0135dc45032a885d636688a0,public_reuse_review,au_pbs,https://www.pbs.gov.au/publication/schedule/2014/05/2014-05-01-general-schedule.pdf?variant=3,au_pbs_archive_2014_05_01_7e2109cbccb4
sha256:983a9c34383a61fad3cba27e84943d66a113776ee224bf5aed76332bbfbd203c,501681,evidence:sha256:983a9c34383a61fad3cba27e84943d66a113776ee224bf5aed76332bbfbd203c,rights_constrained_reference,2026-08-27T08:02:43.936236+00:00,sha256:983a9c34383a61fad3cba27e84943d66a113776ee224bf5aed76332bbfbd203c,B2 historical checksum reference records current-run fixity; source bytes remain ignored and local.,983a9c34383a61fad3cba27e84943d66a113776ee224bf5aed76332bbfbd203c,public_reuse_review,au_pbs,https://www.pbs.gov.au/publication/schedule/2011/02/2011-02-01-dental-book-SOC.pdf?variant=3,au_pbs_archive_2011_02_01_00cf3278cf9d
sha256:986fbfc36fb8adaa23e393400533cbde813e9c464dbb3c395d3a248e26f7abe7,317162,evidence:sha256:986fbfc36fb8adaa23e393400533cbde813e9c464dbb3c395d3a248e26f7abe7,rights_constrained_reference,2026-08-27T08:02:43.936236+00:00,sha256:986fbfc36fb8adaa23e393400533cbde813e9c464dbb3c395d3a248e26f7abe7,B2 historical checksum reference records current-run fixity; source bytes remain ignored and local.,986fbfc36fb8adaa23e393400533cbde813e9c464dbb3c395d3a248e26f7abe7,public_reuse_review,au_pbs,https://www.pbs.gov.au/publication/schedule/2024/04/2024-04-01-Errata.pdf?variant=3,au_pbs_archive_2024_04_01_fa09847cce52
sha256:987b6c7862cc47e95266e09fca4a86d7a9a967e166d7eea4b92bf8cf0e415444,3870094,evidence:sha256:987b6c7862cc47e95266e09fca4a86d7a9a967e166d7eea4b92bf8cf0e415444,rights_constrained_reference,2026-08-27T08:02:43.936236+00:00,sha256:987b6c7862cc47e95266e09fca4a86d7a9a967e166d7eea4b92bf8cf0e415444,B2 historical checksum reference records current-run fixity; source bytes remain ignored and local.,987b6c7862cc47e95266e09fca4a86d7a9a967e166d7eea4b92bf8cf0e415444,public_reuse_review,au_pbs,https://www.pbs.gov.au/publication/schedule/2018/04/2018-04-01-efc-schedule.pdf?variant=3,au_pbs_archive_2018_04_01_ffcce3e2fce4
sha256:987f45c8946668a2a42ffb299b303476b35d26d49db4b923504cef7a7554e0db,7661941,evidence:sha256:987f45c8946668a2a42ffb299b303476b35d26d49db4b923504cef7a7554e0db,rights_constrained_reference,2026-08-27T08:02:43.936236+00:00,sha256:987f45c8946668a2a42ffb299b303476b35d26d49db4b923504cef7a7554e0db,B2 historical checksum reference records current-run fixity; source bytes remain ignored and local.,987f45c8946668a2a42ffb299b303476b35d26d49db4b923504cef7a7554e0db,public_reuse_review,au_pbs,https://www.pbs.gov.au/publication/schedule/2012/09/2012-09-01-general-schedule.pdf?variant=3,au_pbs_archive_2012_09_01_53019dc305c8
sha256:98904f11da087b66ae7232756ce0709d53a73843cc009ddd49eb0c432934fc6b,829398,evidence:sha256:98904f11da087b66ae7232756ce0709d53a73843cc009ddd49eb0c432934fc6b,rights_constrained_reference,2026-08-27T08:02:43.936236+00:00,sha256:98904f11da087b66ae7232756ce0709d53a73843cc009ddd49eb0c432934fc6b,B2 historical checksum reference records current-run fixity; source bytes remain ignored and local.,98904f11da087b66ae7232756ce0709d53a73843cc009ddd49eb0c432934fc6b,public_reuse_review,au_mbs,https://www.mbsonline.gov.au/internet/mbsonline/publishing.nsf/Content/70CAF134CEE45219CA258614007874F8/$File/201604-Optom.pdf,au_mbs_historical_0191
sha256:98938dc1ae6fe291702643a7708abbb341247dbfa6dd6b59e684d28578213e46,489691,evidence:sha256:98938dc1ae6fe291702643a7708abbb341247dbfa6dd6b59e684d28578213e46,rights_constrained_reference,2026-08-27T08:02:43.936236+00:00,sha256:98938dc1ae6fe291702643a7708abbb341247dbfa6dd6b59e684d28578213e46,B2 historical checksum reference records current-run fixity; source bytes remain ignored and local.,98938dc1ae6fe291702643a7708abbb341247dbfa6dd6b59e684d28578213e46,public_reuse_review,au_mbs,https://www.mbsonline.gov.au/internet/mbsonline/publishing.nsf/Content/317ACF6351081DB5CA2585FF00086C40/$File/201107-Dental.pdf,au_mbs_historical_0037
sha256:992789042b4d491d0a3ecb4f36ab4067f038a38e6613a46028f91357391d9db5,355974,evidence:sha256:992789042b4d491d0a3ecb4f36ab4067f038a38e6613a46028f91357391d9db5,rights_constrained_reference,2026-08-27T08:02:43.936236+00:00,sha256:992789042b4d491d0a3ecb4f36ab4067f038a38e6613a46028f91357391d9db5,B2 historical checksum reference records current-run fixity; source bytes remain ignored and local.,992789042b4d491d0a3ecb4f36ab4067f038a38e6613a46028f91357391d9db5,public_reuse_review,au_mbs,https://www.mbsonline.gov.au/internet/mbsonline/publishing.nsf/Content/94D54B959677561ECA2585FF000015E3/$File/201310-Optom.pdf,au_mbs_historical_0242
sha256:9953ae8cb1f631c709e399654051e6e4e178e207d31df59224a915b905efab03,14224330,evidence:sha256:9953ae8cb1f631c709e399654051e6e4e178e207d31df59224a915b905efab03,rights_constrained_reference,2026-08-27T08:02:43.936236+00:00,sha256:9953ae8cb1f631c709e399654051e6e4e178e207d31df59224a915b905efab03,B2 historical checksum reference records current-run fixity; source bytes remain ignored and local.,9953ae8cb1f631c709e399654051e6e4e178e207d31df59224a915b905efab03,public_reuse_review,au_pbs,https://www.pbs.gov.au/publication/schedule/2024/07/2024-07-01-general-schedule-volume-2.pdf?variant=3,au_pbs_archive_2024_07_01_38b1258a9320
sha256:9a0b1958c5238b9f839a7c338ccfd7ae8573e6179d84c0addae29d59ce7c5c86,162089,evidence:sha256:9a0b1958c5238b9f839a7c338ccfd7ae8573e6179d84c0addae29d59ce7c5c86,rights_constrained_reference,2026-08-27T08:02:43.936236+00:00,sha256:9a0b1958c5238b9f839a7c338ccfd7ae8573e6179d84c0addae29d59ce7c5c86,B2 historical checksum reference records current-run fixity; source bytes remain ignored and local.,9a0b1958c5238b9f839a7c338ccfd7ae8573e6179d84c0addae29d59ce7c5c86,public_reuse_review,au_pbs,https://www.pbs.gov.au/publication/schedule/2014/07/2014-07-01-general-schedule-soc.pdf?variant=3,au_pbs_archive_2014_07_01_8457fecc4930
sha256:9a29630661de435254a4bac4aa7d0c89f576db0fdd68748619858322ea181a4f,226041,evidence:sha256:9a29630661de435254a4bac4aa7d0c89f576db0fdd68748619858322ea181a4f,rights_constrained_reference,2026-08-27T08:02:43.936236+00:00,sha256:9a29630661de435254a4bac4aa7d0c89f576db0fdd68748619858322ea181a4f,B2 historical checksum reference records current-run fixity; source bytes remain ignored and local.,9a29630661de435254a4bac4aa7d0c89f576db0fdd68748619858322ea181a4f,public_reuse_review,au_pbs,https://www.pbs.gov.au/publication/schedule/2013/01/2013-01-01-errata-general-schedule.pdf?variant=3,au_pbs_archive_2013_01_01_0f60ee726bf7
sha256:9a36395a039b96bbb41692f42b96d6fe32166215dbbc7192c7247da8c6220cf0,2328657,evidence:sha256:9a36395a039b96bbb41692f42b96d6fe32166215dbbc7192c7247da8c6220cf0,rights_constrained_reference,2026-08-27T08:02:43.936236+00:00,sha256:9a36395a039b96bbb41692f42b96d6fe32166215dbbc7192c7247da8c6220cf0,B2 historical checksum reference records current-run fixity; source bytes remain ignored and local.,9a36395a039b96bbb41692f42b96d6fe32166215dbbc7192c7247da8c6220cf0,public_reuse_review,au_pbs,https://www.pbs.gov.au/publication/schedule/2025/12/2025-12-01-general-soc.pdf?variant=3,au_pbs_archive_2025_12_01_0b13f8cf9f6b
sha256:9a3f41ee0f773a6aa386d4927290a6a70749b17038a9909bb00e5fab1e52a3c7,75263,evidence:sha256:9a3f41ee0f773a6aa386d4927290a6a70749b17038a9909bb00e5fab1e52a3c7,rights_constrained_reference,2026-08-27T08:02:43.936236+00:00,sha256:9a3f41ee0f773a6aa386d4927290a6a70749b17038a9909bb00e5fab1e52a3c7,B2 historical checksum reference records current-run fixity; source bytes remain ignored and local.,9a3f41ee0f773a6aa386d4927290a6a70749b17038a9909bb00e5fab1e52a3c7,public_reuse_review,au_pbs,https://www.pbs.gov.au/publication/schedule/2010/2010-02-01-general-schedule-soc.pdf?variant=3,au_pbs_archive_2010_02_01_d3e11a9d076a
sha256:9ac89f29415dcac5276e4c330eaa89714865aad334cf7956bc09cea0c9c5cc97,2432587,evidence:sha256:9ac89f29415dcac5276e4c330eaa89714865aad334cf7956bc09cea0c9c5cc97,rights_constrained_reference,2026-08-27T08:02:43.936236+00:00,sha256:9ac89f29415dcac5276e4c330eaa89714865aad334cf7956bc09cea0c9c5cc97,B2 historical checksum reference records current-run fixity; source bytes remain ignored and local.,9ac89f29415dcac5276e4c330eaa89714865aad334cf7956bc09cea0c9c5cc97,public_reuse_review,au_pbs,https://www.pbs.gov.au/publication/schedule/2023/08/2023-08-01-efc-schedule.pdf?variant=3,au_pbs_archive_2023_08_01_26e5fb37b490
sha256:9b4ff824c0302302438ec55fc8151f1f62623a2ebc3e5461fd3772c9707482c0,38820309,evidence:sha256:9b4ff824c0302302438ec55fc8151f1f62623a2ebc3e5461fd3772c9707482c0,rights_constrained_reference,2026-08-27T08:02:43.936236+00:00,sha256:9b4ff824c0302302438ec55fc8151f1f62623a2ebc3e5461fd3772c9707482c0,B2 historical checksum reference records current-run fixity; source bytes remain ignored and local.,9b4ff824c0302302438ec55fc8151f1f62623a2ebc3e5461fd3772c9707482c0,public_reuse_review,au_mbs,https://www.mbsonline.gov.au/internet/mbsonline/publishing.nsf/Content/515793D58E889BD0CA257CD100033990/$File/1980-MBS.pdf,au_mbs_historical_0077
sha256:9b769f993c7c099741f4c7ecd2c9ea17587aa626fb61be28c462c2753c5e44ce,13285809,evidence:sha256:9b769f993c7c099741f4c7ecd2c9ea17587aa626fb61be28c462c2753c5e44ce,rights_constrained_reference,2026-08-27T08:02:43.936236+00:00,sha256:9b769f993c7c099741f4c7ecd2c9ea17587aa626fb61be28c462c2753c5e44ce,B2 historical checksum reference records current-run fixity; source bytes remain ignored and local.,9b769f993c7c099741f4c7ecd2c9ea17587aa626fb61be28c462c2753c5e44ce,public_reuse_review,au_pbs,https://www.pbs.gov.au/publication/schedule/2024/06/2024-06-01-general-schedule-volume-2.pdf?variant=3,au_pbs_archive_2024_06_01_5bb63b13a39b
sha256:9be6c533f2065e8027053919e5dcf4df5fdbfe42bbdb314754cbebaa21a0ad79,5160851,evidence:sha256:9be6c533f2065e8027053919e5dcf4df5fdbfe42bbdb314754cbebaa21a0ad79,rights_constrained_reference,2026-08-27T08:02:43.936236+00:00,sha256:9be6c533f2065e8027053919e5dcf4df5fdbfe42bbdb314754cbebaa21a0ad79,B2 historical checksum reference records current-run fixity; source bytes remain ignored and local.,9be6c533f2065e8027053919e5dcf4df5fdbfe42bbdb314754cbebaa21a0ad79,public_reuse_review,au_mbs,https://www.mbsonline.gov.au/internet/mbsonline/publishing.nsf/Content/FDC5220396350762CA25853D000487F9/$File/202005_MBSONLINE_DESC.TXT,au_mbs_historical_0340
sha256:9bf97e3c02cc3fa75a1e7dde2f120340d661721166a385b06fb6c793b535223e,4701344,evidence:sha256:9bf97e3c02cc3fa75a1e7dde2f120340d661721166a385b06fb6c793b535223e,rights_constrained_reference,2026-08-27T08:02:43.936236+00:00,sha256:9bf97e3c02cc3fa75a1e7dde2f120340d661721166a385b06fb6c793b535223e,B2 historical checksum reference records current-run fixity; source bytes remain ignored and local.,9bf97e3c02cc3fa75a1e7dde2f120340d661721166a385b06fb6c793b535223e,public_reuse_review,au_mbs,https://www.mbsonline.gov.au/internet/mbsonline/publishing.nsf/Content/DD4BF54A34D823FDCA25881700139AD5/$File/202207-Cat3d.pdf,au_mbs_historical_0287
sha256:9c017de811b2f61cf41ab668ad36d83f523ed6c62de824bcfae6a3319dae7d4a,3968204,evidence:sha256:9c017de811b2f61cf41ab668ad36d83f523ed6c62de824bcfae6a3319dae7d4a,rights_constrained_reference,2026-08-27T08:02:43.936236+00:00,sha256:9c017de811b2f61cf41ab668ad36d83f523ed6c62de824bcfae6a3319dae7d4a,B2 historical checksum reference records current-run fixity; source bytes remain ignored and local.,9c017de811b2f61cf41ab668ad36d83f523ed6c62de824bcfae6a3319dae7d4a,public_reuse_review,au_pbs,https://www.pbs.gov.au/publication/schedule/2009/2009-04-01-general-schedule.pdf?variant=3,au_pbs_archive_2009_04_01_dd9465f5c816
sha256:9c2ce2766278ace6672a74686a0eb5f26c864771129b66ed7d4e209a5b2a0edc,391255,evidence:sha256:9c2ce2766278ace6672a74686a0eb5f26c864771129b66ed7d4e209a5b2a0edc,rights_constrained_reference,2026-08-27T08:02:43.936236+00:00,sha256:9c2ce2766278ace6672a74686a0eb5f26c864771129b66ed7d4e209a5b2a0edc,B2 historical checksum reference records current-run fixity; source bytes remain ignored and local.,9c2ce2766278ace6672a74686a0eb5f26c864771129b66ed7d4e209a5b2a0edc,public_reuse_review,au_pbs,https://www.pbs.gov.au/publication/schedule/2012/12/2012-12-01-general-schedule-SOC.pdf?variant=3,au_pbs_archive_2012_12_01_605c83251106
sha256:9cbf62467721f22c02fddae3de6597e5171272708c981bcb3c6608240956cb51,1263788,evidence:sha256:9cbf62467721f22c02fddae3de6597e5171272708c981bcb3c6608240956cb51,rights_constrained_reference,2026-08-27T08:02:43.936236+00:00,sha256:9cbf62467721f22c02fddae3de6597e5171272708c981bcb3c6608240956cb51,B2 historical checksum reference records current-run fixity; source bytes remain ignored and local.,9cbf62467721f22c02fddae3de6597e5171272708c981bcb3c6608240956cb51,public_reuse_review,au_mbs,https://www.mbsonline.gov.au/internet/mbsonline/publishing.nsf/Content/293EEBA9AB153C56CA2584EB001547AF/$File/202003-mbs.zip,au_mbs_historical_0029
sha256:9cef7beb3cff59d4cee70600731dca0370a8ba051577d4aa01bc386a78838695,3863971,evidence:sha256:9cef7beb3cff59d4cee70600731dca0370a8ba051577d4aa01bc386a78838695,rights_constrained_reference,2026-08-27T08:02:43.936236+00:00,sha256:9cef7beb3cff59d4cee70600731dca0370a8ba051577d4aa01bc386a78838695,B2 historical checksum reference records current-run fixity; source bytes remain ignored and local.,9cef7beb3cff59d4cee70600731dca0370a8ba051577d4aa01bc386a78838695,public_reuse_review,au_pbs,https://www.pbs.gov.au/publication/schedule/2018/01/2018-01-01-efc-schedule.pdf?variant=3,au_pbs_archive_2018_01_01_5b8ef67e1e3d
sha256:9d523566b593380de64b0892cdc8f78f12d9f90ec6e348b0bf5024939833f0e5,3757338,evidence:sha256:9d523566b593380de64b0892cdc8f78f12d9f90ec6e348b0bf5024939833f0e5,rights_constrained_reference,2026-08-27T08:02:43.936236+00:00,sha256:9d523566b593380de64b0892cdc8f78f12d9f90ec6e348b0bf5024939833f0e5,B2 historical checksum reference records current-run fixity; source bytes remain ignored and local.,9d523566b593380de64b0892cdc8f78f12d9f90ec6e348b0bf5024939833f0e5,public_reuse_review,au_pbs,https://www.pbs.gov.au/publication/schedule/2007/2007-10-01-general-schedule.pdf?variant=3,au_pbs_archive_2007_10_01_99203586b22a
sha256:9d8977953b6ed5f1cee61b85a67a896b3a94f32e940d2943af8a21f52e151a03,542984,evidence:sha256:9d8977953b6ed5f1cee61b85a67a896b3a94f32e940d2943af8a21f52e151a03,rights_constrained_reference,2026-08-27T08:02:43.936236+00:00,sha256:9d8977953b6ed5f1cee61b85a67a896b3a94f32e940d2943af8a21f52e151a03,B2 historical checksum reference records current-run fixity; source bytes remain ignored and local.,9d8977953b6ed5f1cee61b85a67a896b3a94f32e940d2943af8a21f52e151a03,public_reuse_review,au_pbs,https://www.pbs.gov.au/publication/schedule/2015/04/2015-04-01-efc-schedule.pdf?variant=3,au_pbs_archive_2015_04_01_c087688104b1
sha256:9d8bb9b2ff9e78af20807242059c660c9199c47126c05503942db06067f8abdb,966153,evidence:sha256:9d8bb9b2ff9e78af20807242059c660c9199c47126c05503942db06067f8abdb,rights_constrained_reference,2026-08-27T08:02:43.936236+00:00,sha256:9d8bb9b2ff9e78af20807242059c660c9199c47126c05503942db06067f8abdb,B2 historical checksum reference records current-run fixity; source bytes remain ignored and local.,9d8bb9b2ff9e78af20807242059c660c9199c47126c05503942db06067f8abdb,public_reuse_review,au_pbs,https://www.pbs.gov.au/publication/schedule/2016/07/2016-07-01-general-soc.pdf?variant=3,au_pbs_archive_2016_07_01_16ff416cf2e5
sha256:9d929594ea79bc8eb464d9c819f9a7d5686b4809f73185fa7ab827b62d3e612a,11456953,evidence:sha256:9d929594ea79bc8eb464d9c819f9a7d5686b4809f73185fa7ab827b62d3e612a,rights_constrained_reference,2026-08-27T08:02:43.936236+00:00,sha256:9d929594ea79bc8eb464d9c819f9a7d5686b4809f73185fa7ab827b62d3e612a,B2 historical checksum reference records current-run fixity; source bytes remain ignored and local.,9d929594ea79bc8eb464d9c819f9a7d5686b4809f73185fa7ab827b62d3e612a,public_reuse_review,au_pbs,https://www.pbs.gov.au/publication/schedule/2015/04/2015-04-01-general-schedule.pdf?variant=3,au_pbs_archive_2015_04_01_31294cb1b5ba
sha256:9df58e80c29524c82632d9cceaec22abf8cf41746e1fea2b10dafbd07e3ce7de,428630,evidence:sha256:9df58e80c29524c82632d9cceaec22abf8cf41746e1fea2b10dafbd07e3ce7de,rights_constrained_reference,2026-08-27T08:02:43.936236+00:00,sha256:9df58e80c29524c82632d9cceaec22abf8cf41746e1fea2b10dafbd07e3ce7de,B2 historical checksum reference records current-run fixity; source bytes remain ignored and local.,9df58e80c29524c82632d9cceaec22abf8cf41746e1fea2b10dafbd07e3ce7de,public_reuse_review,au_mbs,https://www.mbsonline.gov.au/internet/mbsonline/publishing.nsf/Content/8F3FA58ED97DCA35CA2584BE00111151/$File/202001-XML%2017Jan2020.zip,au_mbs_historical_0216
sha256:9df6d829825e470b040428261c368a9d779fd90dc83dec4b7a7329130fc89e36,622251,evidence:sha256:9df6d829825e470b040428261c368a9d779fd90dc83dec4b7a7329130fc89e36,rights_constrained_reference,2026-08-27T08:02:43.936236+00:00,sha256:9df6d829825e470b040428261c368a9d779fd90dc83dec4b7a7329130fc89e36,B2 historical checksum reference records current-run fixity; source bytes remain ignored and local.,9df6d829825e470b040428261c368a9d779fd90dc83dec4b7a7329130fc89e36,public_reuse_review,au_pbs,https://www.pbs.gov.au/publication/schedule/2014/12/2014-12-01-errata.pdf?variant=3,au_pbs_archive_2014_12_01_d8d4eb3b5a95
sha256:9e17e4cb24c72e6eaa1f91c289e3f2cc4fcd9f7a45a20bb646729f5c2b56b7a0,7369554,evidence:sha256:9e17e4cb24c72e6eaa1f91c289e3f2cc4fcd9f7a45a20bb646729f5c2b56b7a0,rights_constrained_reference,2026-08-27T08:02:43.936236+00:00,sha256:9e17e4cb24c72e6eaa1f91c289e3f2cc4fcd9f7a45a20bb646729f5c2b56b7a0,B2 historical checksum reference records current-run fixity; source bytes remain ignored and local.,9e17e4cb24c72e6eaa1f91c289e3f2cc4fcd9f7a45a20bb646729f5c2b56b7a0,public_reuse_review,au_pbs,https://www.pbs.gov.au/publication/schedule/2014/01/2014-01-01-general-schedule.pdf?variant=3,au_pbs_archive_2014_01_01_661037395008
sha256:9e43c72d19438cc850bfc8e8c4cd5af80a52d37e413effd7e3aa61c11346a294,5504791,evidence:sha256:9e43c72d19438cc850bfc8e8c4cd5af80a52d37e413effd7e3aa61c11346a294,rights_constrained_reference,2026-08-27T08:02:43.936236+00:00,sha256:9e43c72d19438cc850bfc8e8c4cd5af80a52d37e413effd7e3aa61c11346a294,B2 historical checksum reference records current-run fixity; source bytes remain ignored and local.,9e43c72d19438cc850bfc8e8c4cd5af80a52d37e413effd7e3aa61c11346a294,public_reuse_review,au_pbs,https://www.pbs.gov.au/publication/schedule/2012/04/2012-04-01-general-schedule.pdf?variant=3,au_pbs_archive_2012_04_01_72f184544140
sha256:9e9cc1cc3679693a6a2765a6048d6ab058a179b181e1f5b805e366a9b47daed7,27554,evidence:sha256:9e9cc1cc3679693a6a2765a6048d6ab058a179b181e1f5b805e366a9b47daed7,rights_constrained_reference,2026-08-27T08:02:43.936236+00:00,sha256:9e9cc1cc3679693a6a2765a6048d6ab058a179b181e1f5b805e366a9b47daed7,B2 historical checksum reference records current-run fixity; source bytes remain ignored and local.,9e9cc1cc3679693a6a2765a6048d6ab058a179b181e1f5b805e366a9b47daed7,public_reuse_review,au_mbs,https://www.mbsonline.gov.au/internet/mbsonline/publishing.nsf/Content/B013E0789A07D708CA258B030013670A/$File/RVG%20file%2020240701.txt,au_mbs_historical_0269
sha256:9eb03da094e1b99c8517a1d75fcada84e62586b0cdfb7b454cc3684d19dd9c50,9516277,evidence:sha256:9eb03da094e1b99c8517a1d75fcada84e62586b0cdfb7b454cc3684d19dd9c50,rights_constrained_reference,2026-08-27T08:02:43.936236+00:00,sha256:9eb03da094e1b99c8517a1d75fcada84e62586b0cdfb7b454cc3684d19dd9c50,B2 historical checksum reference records current-run fixity; source bytes remain ignored and local.,9eb03da094e1b99c8517a1d75fcada84e62586b0cdfb7b454cc3684d19dd9c50,public_reuse_review,au_pbs,https://www.pbs.gov.au/publication/schedule/2025/11/2025-11-01-general-schedule-volume-2.pdf?variant=3,au_pbs_archive_2025_11_01_8332b809da3f
sha256:9ebe0d887babc8187eb3400c7797c8e987d46e2333be9ae59b0d31078dd9deb7,17130377,evidence:sha256:9ebe0d887babc8187eb3400c7797c8e987d46e2333be9ae59b0d31078dd9deb7,rights_constrained_reference,2026-08-27T08:02:43.936236+00:00,sha256:9ebe0d887babc8187eb3400c7797c8e987d46e2333be9ae59b0d31078dd9deb7,B2 historical checksum reference records current-run fixity; source bytes remain ignored and local.,9ebe0d887babc8187eb3400c7797c8e987d46e2333be9ae59b0d31078dd9deb7,public_reuse_review,au_mbs,https://www.mbsonline.gov.au/internet/mbsonline/publishing.nsf/Content/70CAF134CEE45219CA258614007874F8/$File/2015601-MBS.pdf,au_mbs_historical_0188
sha256:9efe6fc9970910b821281024f5a8a3b7e71525964fa2f885455bc0191d075cc7,12923046,evidence:sha256:9efe6fc9970910b821281024f5a8a3b7e71525964fa2f885455bc0191d075cc7,rights_constrained_reference,2026-08-27T08:02:43.936236+00:00,sha256:9efe6fc9970910b821281024f5a8a3b7e71525964fa2f885455bc0191d075cc7,B2 historical checksum reference records current-run fixity; source bytes remain ignored and local.,9efe6fc9970910b821281024f5a8a3b7e71525964fa2f885455bc0191d075cc7,public_reuse_review,au_pbs,https://www.pbs.gov.au/publication/schedule/2022/03/2022-03-01-general-schedule-volume-2.pdf?variant=3,au_pbs_archive_2022_03_01_71ec0aa44494
sha256:9f4101b1d040482ac24ed3b7b2d5706a845f7482f3825029e2cb2417aabec5a6,21077416,evidence:sha256:9f4101b1d040482ac24ed3b7b2d5706a845f7482f3825029e2cb2417aabec5a6,rights_constrained_reference,2026-08-27T08:02:43.936236+00:00,sha256:9f4101b1d040482ac24ed3b7b2d5706a845f7482f3825029e2cb2417aabec5a6,B2 historical checksum reference records current-run fixity; source bytes remain ignored and local.,9f4101b1d040482ac24ed3b7b2d5706a845f7482f3825029e2cb2417aabec5a6,public_reuse_review,au_pbs,https://www.pbs.gov.au/publication/schedule/2018/09/2018-09-01-general-schedule.pdf?variant=3,au_pbs_archive_2018_09_01_631850931677
sha256:9f884d25b7199024b64d2b42b6f5e749434903b192317b04e7b0e91b8dfc0c1a,85574,evidence:sha256:9f884d25b7199024b64d2b42b6f5e749434903b192317b04e7b0e91b8dfc0c1a,rights_constrained_reference,2026-08-27T08:02:43.936236+00:00,sha256:9f884d25b7199024b64d2b42b6f5e749434903b192317b04e7b0e91b8dfc0c1a,B2 historical checksum reference records current-run fixity; source bytes remain ignored and local.,9f884d25b7199024b64d2b42b6f5e749434903b192317b04e7b0e91b8dfc0c1a,public_reuse_review,au_pbs,https://www.pbs.gov.au/publication/schedule/2012/04/2012-04-01-efc-erratum.pdf?variant=3,au_pbs_archive_2012_04_01_9b5641cf7643
sha256:9fb340433d84932c17db84ddc57ecc6f02b511107b8589907633b5218d7ae1c6,1667827,evidence:sha256:9fb340433d84932c17db84ddc57ecc6f02b511107b8589907633b5218d7ae1c6,rights_constrained_reference,2026-08-27T08:02:43.936236+00:00,sha256:9fb340433d84932c17db84ddc57ecc6f02b511107b8589907633b5218d7ae1c6,B2 historical checksum reference records current-run fixity; source bytes remain ignored and local.,9fb340433d84932c17db84ddc57ecc6f02b511107b8589907633b5218d7ae1c6,public_reuse_review,au_mbs,https://www.mbsonline.gov.au/internet/mbsonline/publishing.nsf/Content/8F3FA58ED97DCA35CA2584BE00111151/$File/202001-Cat6%2010Jan2020.pdf,au_mbs_historical_0208
sha256:9fd6d01ac458b283fccd54e4d8dc44d9ff983f5609aeff5b762506d085b67065,841350,evidence:sha256:9fd6d01ac458b283fccd54e4d8dc44d9ff983f5609aeff5b762506d085b67065,rights_constrained_reference,2026-08-27T08:02:43.936236+00:00,sha256:9fd6d01ac458b283fccd54e4d8dc44d9ff983f5609aeff5b762506d085b67065,B2 historical checksum reference records current-run fixity; source bytes remain ignored and local.,9fd6d01ac458b283fccd54e4d8dc44d9ff983f5609aeff5b762506d085b67065,public_reuse_review,au_pbs,https://www.pbs.gov.au/publication/schedule/2022/04/2022-04-01-general-soc.pdf?variant=3,au_pbs_archive_2022_04_01_f29e8a16072f
sha256:9fe2af28a939f0d70f2ab72de667fc5c63a543813015fb6fac2ea40762acb21b,2402622,evidence:sha256:9fe2af28a939f0d70f2ab72de667fc5c63a543813015fb6fac2ea40762acb21b,rights_constrained_reference,2026-08-27T08:02:43.936236+00:00,sha256:9fe2af28a939f0d70f2ab72de667fc5c63a543813015fb6fac2ea40762acb21b,B2 historical checksum reference records current-run fixity; source bytes remain ignored and local.,9fe2af28a939f0d70f2ab72de667fc5c63a543813015fb6fac2ea40762acb21b,public_reuse_review,au_pbs,https://www.pbs.gov.au/publication/schedule/2023/05/2023-05-01-efc-schedule.pdf?variant=3,au_pbs_archive_2023_05_01_6a7b4f494f51
sha256:9fe3bc53889ab35ebce768658b999cb3f6790d9cd7a78a7a52e838b08701438f,3423092,evidence:sha256:9fe3bc53889ab35ebce768658b999cb3f6790d9cd7a78a7a52e838b08701438f,rights_constrained_reference,2026-08-27T08:02:43.936236+00:00,sha256:9fe3bc53889ab35ebce768658b999cb3f6790d9cd7a78a7a52e838b08701438f,B2 historical checksum reference records current-run fixity; source bytes remain ignored and local.,9fe3bc53889ab35ebce768658b999cb3f6790d9cd7a78a7a52e838b08701438f,public_reuse_review,au_mbs,https://www.mbsonline.gov.au/internet/mbsonline/publishing.nsf/Content/515793D58E889BD0CA257CD100033990/$File/2007-11-MBS.pdf,au_mbs_historical_0151
sha256:a0510c7591e3b094648b7a9536264c91f914b41bb88c260e014b1fa3b5c1966d,3598368,evidence:sha256:a0510c7591e3b094648b7a9536264c91f914b41bb88c260e014b1fa3b5c1966d,rights_constrained_reference,2026-08-27T08:02:43.936236+00:00,sha256:a0510c7591e3b094648b7a9536264c91f914b41bb88c260e014b1fa3b5c1966d,B2 historical checksum reference records current-run fixity; source bytes remain ignored and local.,a0510c7591e3b094648b7a9536264c91f914b41bb88c260e014b1fa3b5c1966d,public_reuse_review,au_pbs,https://www.pbs.gov.au/publication/schedule/2010/2010-01-01-general-schedule.pdf?variant=3,au_pbs_archive_2010_01_01_682c0df5e1df
sha256:a077ef091d980ce3c5c4f49a8fc4ea1b41fbe4a9086ffdb9e3680f546b6ea20c,337393,evidence:sha256:a077ef091d980ce3c5c4f49a8fc4ea1b41fbe4a9086ffdb9e3680f546b6ea20c,rights_constrained_reference,2026-08-27T08:02:43.936236+00:00,sha256:a077ef091d980ce3c5c4f49a8fc4ea1b41fbe4a9086ffdb9e3680f546b6ea20c,B2 historical checksum reference records current-run fixity; source bytes remain ignored and local.,a077ef091d980ce3c5c4f49a8fc4ea1b41fbe4a9086ffdb9e3680f546b6ea20c,public_reuse_review,au_pbs,https://www.pbs.gov.au/publication/schedule/2010/2010-08-01-chemotherapy-booklet.pdf?variant=3,au_pbs_archive_2010_08_01_6ea4bb05606c
sha256:a08693d02e7acaaee8ca4a5206985fff3aac581c266499fcdcbf57c3babe3785,1435443,evidence:sha256:a08693d02e7acaaee8ca4a5206985fff3aac581c266499fcdcbf57c3babe3785,rights_constrained_reference,2026-08-27T08:02:43.936236+00:00,sha256:a08693d02e7acaaee8ca4a5206985fff3aac581c266499fcdcbf57c3babe3785,B2 historical checksum reference records current-run fixity; source bytes remain ignored and local.,a08693d02e7acaaee8ca4a5206985fff3aac581c266499fcdcbf57c3babe3785,public_reuse_review,au_pbs,https://www.pbs.gov.au/publication/schedule/2017/05/2017-05-01-general-soc.pdf?variant=3,au_pbs_archive_2017_05_01_b8d9e191fb0f
sha256:a0bf75ae4b74ce4f7acc90952499adb77706379cec4c4951d457328c5d3afda2,3771390,evidence:sha256:a0bf75ae4b74ce4f7acc90952499adb77706379cec4c4951d457328c5d3afda2,rights_constrained_reference,2026-08-27T08:02:43.936236+00:00,sha256:a0bf75ae4b74ce4f7acc90952499adb77706379cec4c4951d457328c5d3afda2,B2 historical checksum reference records current-run fixity; source bytes remain ignored and local.,a0bf75ae4b74ce4f7acc90952499adb77706379cec4c4951d457328c5d3afda2,public_reuse_review,au_pbs,https://www.pbs.gov.au/publication/schedule/2008/2008-07-01-general-schedule.pdf?variant=3,au_pbs_archive_2008_07_01_f25581b8a652
sha256:a19b1ac6ab433d552a6a5bdcc69ff02f3166f33a7425ef0ece5610e1d0d97144,449847,evidence:sha256:a19b1ac6ab433d552a6a5bdcc69ff02f3166f33a7425ef0ece5610e1d0d97144,rights_constrained_reference,2026-08-27T08:02:43.936236+00:00,sha256:a19b1ac6ab433d552a6a5bdcc69ff02f3166f33a7425ef0ece5610e1d0d97144,B2 historical checksum reference records current-run fixity; source bytes remain ignored and local.,a19b1ac6ab433d552a6a5bdcc69ff02f3166f33a7425ef0ece5610e1d0d97144,public_reuse_review,au_pbs,https://www.pbs.gov.au/publication/schedule/2007/2007-07-01-dental-book.pdf?variant=3,au_pbs_archive_2007_07_01_6ee5b8c29b28
sha256:a1a6bbe49aa20adf6593b7bae440c64019bdd8db4fbce13e0ce34cfe06aa7b73,23274395,evidence:sha256:a1a6bbe49aa20adf6593b7bae440c64019bdd8db4fbce13e0ce34cfe06aa7b73,rights_constrained_reference,2026-08-27T08:02:43.936236+00:00,sha256:a1a6bbe49aa20adf6593b7bae440c64019bdd8db4fbce13e0ce34cfe06aa7b73,B2 historical checksum reference records current-run fixity; source bytes remain ignored and local.,a1a6bbe49aa20adf6593b7bae440c64019bdd8db4fbce13e0ce34cfe06aa7b73,public_reuse_review,au_mbs,https://www.mbsonline.gov.au/internet/mbsonline/publishing.nsf/Content/515793D58E889BD0CA257CD100033990/$File/1988-MBS.pdf,au_mbs_historical_0085
sha256:a1a754638d7f618fd516a8aaee22ce5846603df944b85ac0742597144fa0a9df,72248,evidence:sha256:a1a754638d7f618fd516a8aaee22ce5846603df944b85ac0742597144fa0a9df,rights_constrained_reference,2026-08-27T08:02:43.936236+00:00,sha256:a1a754638d7f618fd516a8aaee22ce5846603df944b85ac0742597144fa0a9df,B2 historical checksum reference records current-run fixity; source bytes remain ignored and local.,a1a754638d7f618fd516a8aaee22ce5846603df944b85ac0742597144fa0a9df,public_reuse_review,au_pbs,https://www.pbs.gov.au/publication/schedule/2015/11/2015-11-01-errata.pdf?variant=3,au_pbs_archive_2015_11_01_11b4702e3c29
sha256:a1e1bb3dd0d76c8b80764a659ffa217510471646fb0c1913912e2bcb732d351f,778725,evidence:sha256:a1e1bb3dd0d76c8b80764a659ffa217510471646fb0c1913912e2bcb732d351f,rights_constrained_reference,2026-08-27T08:02:43.936236+00:00,sha256:a1e1bb3dd0d76c8b80764a659ffa217510471646fb0c1913912e2bcb732d351f,B2 historical checksum reference records current-run fixity; source bytes remain ignored and local.,a1e1bb3dd0d76c8b80764a659ffa217510471646fb0c1913912e2bcb732d351f,public_reuse_review,au_mbs,https://www.mbsonline.gov.au/internet/mbsonline/publishing.nsf/Content/293EEBA9AB153C56CA2584EB001547AF/$File/202003-Cat7.pdf,au_mbs_historical_0027
sha256:a2322f83957a39648bf9d8a92048ebc96f577f569fb0daaa9dcd20f1d17525f9,3098093,evidence:sha256:a2322f83957a39648bf9d8a92048ebc96f577f569fb0daaa9dcd20f1d17525f9,rights_constrained_reference,2026-08-27T08:02:43.936236+00:00,sha256:a2322f83957a39648bf9d8a92048ebc96f577f569fb0daaa9dcd20f1d17525f9,B2 historical checksum reference records current-run fixity; source bytes remain ignored and local.,a2322f83957a39648bf9d8a92048ebc96f577f569fb0daaa9dcd20f1d17525f9,public_reuse_review,au_pbs,https://www.pbs.gov.au/publication/schedule/2025/09/2025-09-01-efc-schedule.pdf?variant=3,au_pbs_archive_2025_09_01_7a6c509b434c
sha256:a264775620c7899a6dcf5d4022d5b310e47509b8718d167805613a22611c77ed,1033612,evidence:sha256:a264775620c7899a6dcf5d4022d5b310e47509b8718d167805613a22611c77ed,rights_constrained_reference,2026-08-27T08:02:43.936236+00:00,sha256:a264775620c7899a6dcf5d4022d5b310e47509b8718d167805613a22611c77ed,B2 historical checksum reference records current-run fixity; source bytes remain ignored and local.,a264775620c7899a6dcf5d4022d5b310e47509b8718d167805613a22611c77ed,public_reuse_review,au_pbs,https://www.pbs.gov.au/publication/schedule/2015/09/2015-09-01-efc-schedule.pdf?variant=3,au_pbs_archive_2015_09_01_f2c47d329c57
sha256:a28c10788d6b7123068873ea48cfaa0748dc87829b783482df63eab948c85991,2343328,evidence:sha256:a28c10788d6b7123068873ea48cfaa0748dc87829b783482df63eab948c85991,rights_constrained_reference,2026-08-27T08:02:43.936236+00:00,sha256:a28c10788d6b7123068873ea48cfaa0748dc87829b783482df63eab948c85991,B2 historical checksum reference records current-run fixity; source bytes remain ignored and local.,a28c10788d6b7123068873ea48cfaa0748dc87829b783482df63eab948c85991,public_reuse_review,au_pbs,https://www.pbs.gov.au/publication/schedule/2012/03/2012-03-01-efficient-funding-of-chemotherapy.pdf?variant=3,au_pbs_archive_2012_03_01_bce582eb64ab
sha256:a300f9948474e0247a82736c74b54f630378e4ac28c647c555651ab50d38ec4a,19706011,evidence:sha256:a300f9948474e0247a82736c74b54f630378e4ac28c647c555651ab50d38ec4a,rights_constrained_reference,2026-08-27T08:02:43.936236+00:00,sha256:a300f9948474e0247a82736c74b54f630378e4ac28c647c555651ab50d38ec4a,B2 historical checksum reference records current-run fixity; source bytes remain ignored and local.,a300f9948474e0247a82736c74b54f630378e4ac28c647c555651ab50d38ec4a,public_reuse_review,au_pbs,https://www.pbs.gov.au/publication/schedule/2017/04/2017-04-01-general-schedule.pdf?variant=3,au_pbs_archive_2017_04_01_449fa3e7de7d
sha256:a310ffd2401990f71d29619f178f2c2323d774cb56a6ed832c20c8e39e499394,2405495,evidence:sha256:a310ffd2401990f71d29619f178f2c2323d774cb56a6ed832c20c8e39e499394,rights_constrained_reference,2026-08-27T08:02:43.936236+00:00,sha256:a310ffd2401990f71d29619f178f2c2323d774cb56a6ed832c20c8e39e499394,B2 historical checksum reference records current-run fixity; source bytes remain ignored and local.,a310ffd2401990f71d29619f178f2c2323d774cb56a6ed832c20c8e39e499394,public_reuse_review,au_pbs,https://www.pbs.gov.au/publication/schedule/2023/07/2023-07-01-efc-schedule.pdf?variant=3,au_pbs_archive_2023_07_01_22de13bef332
sha256:a32b53b4ae0caf7dad9bc1a459040bf1957c8e1ef587b80c65f6c98ffff49ad8,117852,evidence:sha256:a32b53b4ae0caf7dad9bc1a459040bf1957c8e1ef587b80c65f6c98ffff49ad8,rights_constrained_reference,2026-08-27T08:02:43.936236+00:00,sha256:a32b53b4ae0caf7dad9bc1a459040bf1957c8e1ef587b80c65f6c98ffff49ad8,B2 historical checksum reference records current-run fixity; source bytes remain ignored and local.,a32b53b4ae0caf7dad9bc1a459040bf1957c8e1ef587b80c65f6c98ffff49ad8,public_reuse_review,au_pbs,https://www.pbs.gov.au/publication/schedule/2019/01/2019-01-01-errata.pdf?variant=3,au_pbs_archive_2019_01_01_dba511f18cd7
sha256:a35e231ac78e191cade7f16fa276c518670f84c1ac4573d9d238df958f75b257,32392876,evidence:sha256:a35e231ac78e191cade7f16fa276c518670f84c1ac4573d9d238df958f75b257,rights_constrained_reference,2026-08-27T08:02:43.936236+00:00,sha256:a35e231ac78e191cade7f16fa276c518670f84c1ac4573d9d238df958f75b257,B2 historical checksum reference records current-run fixity; source bytes remain ignored and local.,a35e231ac78e191cade7f16fa276c518670f84c1ac4573d9d238df958f75b257,public_reuse_review,au_pbs,https://www.pbs.gov.au/publication/schedule/2025/04/2025-04-01-general-schedule-volume-1.pdf?variant=3,au_pbs_archive_2025_04_01_54977c1be4bb
sha256:a3b45da42d56de3a6a4818a3367095aaf69f376480baaa1f22c6ee57d7745c30,17697926,evidence:sha256:a3b45da42d56de3a6a4818a3367095aaf69f376480baaa1f22c6ee57d7745c30,rights_constrained_reference,2026-08-27T08:02:43.936236+00:00,sha256:a3b45da42d56de3a6a4818a3367095aaf69f376480baaa1f22c6ee57d7745c30,B2 historical checksum reference records current-run fixity; source bytes remain ignored and local.,a3b45da42d56de3a6a4818a3367095aaf69f376480baaa1f22c6ee57d7745c30,public_reuse_review,au_mbs,https://www.mbsonline.gov.au/internet/mbsonline/publishing.nsf/Content/515793D58E889BD0CA257CD100033990/$File/1982-MBS.pdf,au_mbs_historical_0078
sha256:a3e173b9bb7b86342d87a11d4583079d04918f12a2240062158117ad1e315915,84058,evidence:sha256:a3e173b9bb7b86342d87a11d4583079d04918f12a2240062158117ad1e315915,rights_constrained_reference,2026-08-27T08:02:43.936236+00:00,sha256:a3e173b9bb7b86342d87a11d4583079d04918f12a2240062158117ad1e315915,B2 historical checksum reference records current-run fixity; source bytes remain ignored and local.,a3e173b9bb7b86342d87a11d4583079d04918f12a2240062158117ad1e315915,public_reuse_review,au_pbs,https://www.pbs.gov.au/publication/schedule/2012/12/2012-12-01-efc-erratum-docetaxel.pdf?variant=3,au_pbs_archive_2012_12_01_8f59c5382ed0
sha256:a44adb6ca465a1a97bf1d1655fe3028ae50160c8fa9fa78d46dd0a209d2c87f2,2739773,evidence:sha256:a44adb6ca465a1a97bf1d1655fe3028ae50160c8fa9fa78d46dd0a209d2c87f2,rights_constrained_reference,2026-08-27T08:02:43.936236+00:00,sha256:a44adb6ca465a1a97bf1d1655fe3028ae50160c8fa9fa78d46dd0a209d2c87f2,B2 historical checksum reference records current-run fixity; source bytes remain ignored and local.,a44adb6ca465a1a97bf1d1655fe3028ae50160c8fa9fa78d46dd0a209d2c87f2,public_reuse_review,au_pbs,https://www.pbs.gov.au/publication/schedule/2021/01/2021-01-01-efc-schedule.pdf?variant=3,au_pbs_archive_2021_01_01_caa87a83077d
sha256:a44f79d5a0877b90e0c5b29c030decaa8e83f2cfe0ebf837828d153c1027e750,1372339,evidence:sha256:a44f79d5a0877b90e0c5b29c030decaa8e83f2cfe0ebf837828d153c1027e750,rights_constrained_reference,2026-08-27T08:02:43.936236+00:00,sha256:a44f79d5a0877b90e0c5b29c030decaa8e83f2cfe0ebf837828d153c1027e750,B2 historical checksum reference records current-run fixity; source bytes remain ignored and local.,a44f79d5a0877b90e0c5b29c030decaa8e83f2cfe0ebf837828d153c1027e750,public_reuse_review,au_pbs,https://www.pbs.gov.au/publication/schedule/2015/02/2015-02-01-efc-schedule.pdf?variant=3,au_pbs_archive_2015_02_01_8f2c98c4b833
sha256:a4c894e9d7ab8b963478224df86bd7a853a66ef24ef8057bee3a968119665d71,1490227,evidence:sha256:a4c894e9d7ab8b963478224df86bd7a853a66ef24ef8057bee3a968119665d71,rights_constrained_reference,2026-08-27T08:02:43.936236+00:00,sha256:a4c894e9d7ab8b963478224df86bd7a853a66ef24ef8057bee3a968119665d71,B2 historical checksum reference records current-run fixity; source bytes remain ignored and local.,a4c894e9d7ab8b963478224df86bd7a853a66ef24ef8057bee3a968119665d71,public_reuse_review,au_pbs,https://www.pbs.gov.au/publication/schedule/2014/12/2014-12-01-general-schedule-soc.pdf?variant=3,au_pbs_archive_2014_12_01_49e52c592dd1
sha256:a4df19cb7b8394221f18ed5d7ec05c2c32323227c86ee27608cf85cfde184f22,61287,evidence:sha256:a4df19cb7b8394221f18ed5d7ec05c2c32323227c86ee27608cf85cfde184f22,rights_constrained_reference,2026-08-27T08:02:43.936236+00:00,sha256:a4df19cb7b8394221f18ed5d7ec05c2c32323227c86ee27608cf85cfde184f22,B2 historical checksum reference records current-run fixity; source bytes remain ignored and local.,a4df19cb7b8394221f18ed5d7ec05c2c32323227c86ee27608cf85cfde184f22,public_reuse_review,au_pbs,https://www.pbs.gov.au/publication/schedule/2008/2008-04-01-dental-book-soc.pdf?variant=3,au_pbs_archive_2008_04_01_2617825bfe44
sha256:a4e4679a7d92b85bd41ddf4a879cb278b5d73d8ba6791514de991c9b4ee10ecf,17721312,evidence:sha256:a4e4679a7d92b85bd41ddf4a879cb278b5d73d8ba6791514de991c9b4ee10ecf,rights_constrained_reference,2026-08-27T08:02:43.936236+00:00,sha256:a4e4679a7d92b85bd41ddf4a879cb278b5d73d8ba6791514de991c9b4ee10ecf,B2 historical checksum reference records current-run fixity; source bytes remain ignored and local.,a4e4679a7d92b85bd41ddf4a879cb278b5d73d8ba6791514de991c9b4ee10ecf,public_reuse_review,au_pbs,https://www.pbs.gov.au/publication/schedule/2015/11/2015-11-01-general-schedule.pdf?variant=3,au_pbs_archive_2015_11_01_379aae37a65a
sha256:a5082c4d6bc6c3a9a3229dceadaedc22c9a247cfa31a724f741544602717bb26,119168,evidence:sha256:a5082c4d6bc6c3a9a3229dceadaedc22c9a247cfa31a724f741544602717bb26,rights_constrained_reference,2026-08-27T08:02:43.936236+00:00,sha256:a5082c4d6bc6c3a9a3229dceadaedc22c9a247cfa31a724f741544602717bb26,B2 historical checksum reference records current-run fixity; source bytes remain ignored and local.,a5082c4d6bc6c3a9a3229dceadaedc22c9a247cfa31a724f741544602717bb26,public_reuse_review,au_mbs,https://www.mbsonline.gov.au/internet/mbsonline/publishing.nsf/Content/515793D58E889BD0CA257CD100033990/$File/200908-Summary.pdf,au_mbs_historical_0162
sha256:a52a9841972a82a7cbdb626ea557899f08bf6a8c2de185edc8c7d8782f0bbf9e,467631,evidence:sha256:a52a9841972a82a7cbdb626ea557899f08bf6a8c2de185edc8c7d8782f0bbf9e,rights_constrained_reference,2026-08-27T08:02:43.936236+00:00,sha256:a52a9841972a82a7cbdb626ea557899f08bf6a8c2de185edc8c7d8782f0bbf9e,B2 historical checksum reference records current-run fixity; source bytes remain ignored and local.,a52a9841972a82a7cbdb626ea557899f08bf6a8c2de185edc8c7d8782f0bbf9e,public_reuse_review,au_mbs,https://www.mbsonline.gov.au/internet/mbsonline/publishing.nsf/Content/B900536D4B582E61CA2585FF0006926F/$File/201407-Allied.PDF,au_mbs_historical_0276
sha256:a53064fea1f02dd5067fdf77e2306962ca1d1056d04c27cc976da24dbcbb55bb,11557831,evidence:sha256:a53064fea1f02dd5067fdf77e2306962ca1d1056d04c27cc976da24dbcbb55bb,rights_constrained_reference,2026-08-27T08:02:43.936236+00:00,sha256:a53064fea1f02dd5067fdf77e2306962ca1d1056d04c27cc976da24dbcbb55bb,B2 historical checksum reference records current-run fixity; source bytes remain ignored and local.,a53064fea1f02dd5067fdf77e2306962ca1d1056d04c27cc976da24dbcbb55bb,public_reuse_review,au_pbs,https://www.pbs.gov.au/publication/schedule/1951-2002/1993-12-01-PBS-Schedule.pdf?variant=3,au_pbs_archive_1993_12_01_90bed4d14f21
sha256:a5744e159f199eced677843bccb354fc68faba0765580397cf592d908c35a7c8,16698937,evidence:sha256:a5744e159f199eced677843bccb354fc68faba0765580397cf592d908c35a7c8,rights_constrained_reference,2026-08-27T08:02:43.936236+00:00,sha256:a5744e159f199eced677843bccb354fc68faba0765580397cf592d908c35a7c8,B2 historical checksum reference records current-run fixity; source bytes remain ignored and local.,a5744e159f199eced677843bccb354fc68faba0765580397cf592d908c35a7c8,public_reuse_review,au_mbs,https://www.mbsonline.gov.au/internet/mbsonline/publishing.nsf/Content/40901A5DCA1CD593CA258614007F45C1/$File/201709-MBS.pdf,au_mbs_historical_0048
sha256:a5a0f1c1b8166784474b3eb44d55dbeab55ffe003ea3325515bfc442cb187ddd,3535346,evidence:sha256:a5a0f1c1b8166784474b3eb44d55dbeab55ffe003ea3325515bfc442cb187ddd,rights_constrained_reference,2026-08-27T08:02:43.936236+00:00,sha256:a5a0f1c1b8166784474b3eb44d55dbeab55ffe003ea3325515bfc442cb187ddd,B2 historical checksum reference records current-run fixity; source bytes remain ignored and local.,a5a0f1c1b8166784474b3eb44d55dbeab55ffe003ea3325515bfc442cb187ddd,public_reuse_review,au_pbs,https://www.pbs.gov.au/publication/schedule/2025/01/2025-01-01-general-soc.pdf?variant=3,au_pbs_archive_2025_01_01_16d0abd2afcf
sha256:a5c3d1cc7fd676b9ab7e00b13526fff23941b5df454894062d8ab98ed8f4bd3f,415891,evidence:sha256:a5c3d1cc7fd676b9ab7e00b13526fff23941b5df454894062d8ab98ed8f4bd3f,rights_constrained_reference,2026-08-27T08:02:43.936236+00:00,sha256:a5c3d1cc7fd676b9ab7e00b13526fff23941b5df454894062d8ab98ed8f4bd3f,B2 historical checksum reference records current-run fixity; source bytes remain ignored and local.,a5c3d1cc7fd676b9ab7e00b13526fff23941b5df454894062d8ab98ed8f4bd3f,public_reuse_review,au_pbs,https://www.pbs.gov.au/publication/schedule/2015/04/2015-04-01-errata.pdf?variant=3,au_pbs_archive_2015_04_01_2757d1862170
sha256:a5c5c969224fb35d7bd581a9094232132ee540cc99e4868e7e6836a0f8d34575,158464,evidence:sha256:a5c5c969224fb35d7bd581a9094232132ee540cc99e4868e7e6836a0f8d34575,rights_constrained_reference,2026-08-27T08:02:43.936236+00:00,sha256:a5c5c969224fb35d7bd581a9094232132ee540cc99e4868e7e6836a0f8d34575,B2 historical checksum reference records current-run fixity; source bytes remain ignored and local.,a5c5c969224fb35d7bd581a9094232132ee540cc99e4868e7e6836a0f8d34575,public_reuse_review,au_pbs,https://www.pbs.gov.au/publication/schedule/2012/10/2012-10-01-dental-book-SOC.pdf?variant=3,au_pbs_archive_2012_10_01_99d87a5e86fe
sha256:a5f7d2a125bd6cc7ab42caa3a2ca96a479ddad2a3fb90add44f4a41e04c0b8d5,9898431,evidence:sha256:a5f7d2a125bd6cc7ab42caa3a2ca96a479ddad2a3fb90add44f4a41e04c0b8d5,rights_constrained_reference,2026-08-27T08:02:43.936236+00:00,sha256:a5f7d2a125bd6cc7ab42caa3a2ca96a479ddad2a3fb90add44f4a41e04c0b8d5,B2 historical checksum reference records current-run fixity; source bytes remain ignored and local.,a5f7d2a125bd6cc7ab42caa3a2ca96a479ddad2a3fb90add44f4a41e04c0b8d5,public_reuse_review,au_pbs,https://www.pbs.gov.au/publication/schedule/2026/05/2026-05-01-general-schedule-Volume-2.pdf?variant=3,au_pbs_archive_2026_05_01_e4eb86a7237b
sha256:a60306b6ab8a9f6d70f45885b44bd5cb09c4ff6395e941e5821228d538390f91,4815928,evidence:sha256:a60306b6ab8a9f6d70f45885b44bd5cb09c4ff6395e941e5821228d538390f91,rights_constrained_reference,2026-08-27T08:02:43.936236+00:00,sha256:a60306b6ab8a9f6d70f45885b44bd5cb09c4ff6395e941e5821228d538390f91,B2 historical checksum reference records current-run fixity; source bytes remain ignored and local.,a60306b6ab8a9f6d70f45885b44bd5cb09c4ff6395e941e5821228d538390f91,public_reuse_review,au_pbs,https://www.pbs.gov.au/publication/schedule/2010/2010-07-01-HSD-schedule.pdf?variant=3,au_pbs_archive_2010_07_01_6bce15424642
sha256:a639d6489a6c0974cbfd8e0ab0eac4dcfcbcb9ddc59ba46d3f6225d572495739,1256409,evidence:sha256:a639d6489a6c0974cbfd8e0ab0eac4dcfcbcb9ddc59ba46d3f6225d572495739,rights_constrained_reference,2026-08-27T08:02:43.936236+00:00,sha256:a639d6489a6c0974cbfd8e0ab0eac4dcfcbcb9ddc59ba46d3f6225d572495739,B2 historical checksum reference records current-run fixity; source bytes remain ignored and local.,a639d6489a6c0974cbfd8e0ab0eac4dcfcbcb9ddc59ba46d3f6225d572495739,public_reuse_review,au_pbs,https://www.pbs.gov.au/publication/schedule/2017/04/2017-04-01-efc-schedule.pdf?variant=3,au_pbs_archive_2017_04_01_50985c1f9ffd
sha256:a6ef073c9851c7c5a682e35f3ac1ec87c92af932482b1be3e4af43ef8a817b32,2685106,evidence:sha256:a6ef073c9851c7c5a682e35f3ac1ec87c92af932482b1be3e4af43ef8a817b32,rights_constrained_reference,2026-08-27T08:02:43.936236+00:00,sha256:a6ef073c9851c7c5a682e35f3ac1ec87c92af932482b1be3e4af43ef8a817b32,B2 historical checksum reference records current-run fixity; source bytes remain ignored and local.,a6ef073c9851c7c5a682e35f3ac1ec87c92af932482b1be3e4af43ef8a817b32,public_reuse_review,au_mbs,https://www.mbsonline.gov.au/internet/mbsonline/publishing.nsf/Content/515793D58E889BD0CA257CD100033990/$File/2001-11-MBS.pdf,au_mbs_historical_0122
sha256:a6f4c25e7130825122380b34f5c89230d79d6328a2e89527ce7c1111f0704dfa,2709169,evidence:sha256:a6f4c25e7130825122380b34f5c89230d79d6328a2e89527ce7c1111f0704dfa,rights_constrained_reference,2026-08-27T08:02:43.936236+00:00,sha256:a6f4c25e7130825122380b34f5c89230d79d6328a2e89527ce7c1111f0704dfa,B2 historical checksum reference records current-run fixity; source bytes remain ignored and local.,a6f4c25e7130825122380b34f5c89230d79d6328a2e89527ce7c1111f0704dfa,public_reuse_review,au_pbs,https://www.pbs.gov.au/publication/schedule/2020/08/2020-08-01-efc-schedule.pdf?variant=3,au_pbs_archive_2020_08_01_2fdebdc374a8
sha256:a70f8b5895ceaf4ebea2ec446c24cc5d56a82e2fb3275dca2a4fc25ce079afb2,1103388,evidence:sha256:a70f8b5895ceaf4ebea2ec446c24cc5d56a82e2fb3275dca2a4fc25ce079afb2,rights_constrained_reference,2026-08-27T08:02:43.936236+00:00,sha256:a70f8b5895ceaf4ebea2ec446c24cc5d56a82e2fb3275dca2a4fc25ce079afb2,B2 historical checksum reference records current-run fixity; source bytes remain ignored and local.,a70f8b5895ceaf4ebea2ec446c24cc5d56a82e2fb3275dca2a4fc25ce079afb2,public_reuse_review,au_pbs,https://www.pbs.gov.au/publication/schedule/2011/08/2011-08-01-general-schedule-SOC.pdf?variant=3,au_pbs_archive_2011_08_01_41f8f5c6d1cb
sha256:a71bd4d82b8f469d8923b53c5f66fa307d6e050f985e184cbb03c7517c9db484,586178,evidence:sha256:a71bd4d82b8f469d8923b53c5f66fa307d6e050f985e184cbb03c7517c9db484,rights_constrained_reference,2026-08-27T08:02:43.936236+00:00,sha256:a71bd4d82b8f469d8923b53c5f66fa307d6e050f985e184cbb03c7517c9db484,B2 historical checksum reference records current-run fixity; source bytes remain ignored and local.,a71bd4d82b8f469d8923b53c5f66fa307d6e050f985e184cbb03c7517c9db484,public_reuse_review,au_mbs,https://www.mbsonline.gov.au/internet/mbsonline/publishing.nsf/Content/B013E0789A07D708CA258B030013670A/$File/PDF%20Version%20-%201%20July%202024%20Category%204%20-%20Oral%20and%20Maxillofacial%20Services.pdf,au_mbs_historical_0263
sha256:a742fc244f0d22292e7054cb8cc6bedc36fd694f80f584089749c3782beb6670,304965,evidence:sha256:a742fc244f0d22292e7054cb8cc6bedc36fd694f80f584089749c3782beb6670,rights_constrained_reference,2026-08-27T08:02:43.936236+00:00,sha256:a742fc244f0d22292e7054cb8cc6bedc36fd694f80f584089749c3782beb6670,B2 historical checksum reference records current-run fixity; source bytes remain ignored and local.,a742fc244f0d22292e7054cb8cc6bedc36fd694f80f584089749c3782beb6670,public_reuse_review,au_pbs,https://www.pbs.gov.au/publication/schedule/2015/07/2015-07-01-general-schedule-soc.pdf?variant=3,au_pbs_archive_2015_07_01_cfbac0280f0e
sha256:a7541b5a89a79e5989b1b178e2a7274ad0c4973224aceb5c5937fad1be2bc92f,8292057,evidence:sha256:a7541b5a89a79e5989b1b178e2a7274ad0c4973224aceb5c5937fad1be2bc92f,rights_constrained_reference,2026-08-27T08:02:43.936236+00:00,sha256:a7541b5a89a79e5989b1b178e2a7274ad0c4973224aceb5c5937fad1be2bc92f,B2 historical checksum reference records current-run fixity; source bytes remain ignored and local.,a7541b5a89a79e5989b1b178e2a7274ad0c4973224aceb5c5937fad1be2bc92f,public_reuse_review,au_mbs,https://www.mbsonline.gov.au/internet/mbsonline/publishing.nsf/Content/90CB91EE0B6FB8A9CA2586140082584E/$File/201809-MBS.pdf,au_mbs_historical_0226
sha256:a75a3b48d4e49f5e082f6f7e9da63eec5546ad8412e511a53cb0cbcf9022bafb,214548,evidence:sha256:a75a3b48d4e49f5e082f6f7e9da63eec5546ad8412e511a53cb0cbcf9022bafb,rights_constrained_reference,2026-08-27T08:02:43.936236+00:00,sha256:a75a3b48d4e49f5e082f6f7e9da63eec5546ad8412e511a53cb0cbcf9022bafb,B2 historical checksum reference records current-run fixity; source bytes remain ignored and local.,a75a3b48d4e49f5e082f6f7e9da63eec5546ad8412e511a53cb0cbcf9022bafb,public_reuse_review,au_mbs,https://www.mbsonline.gov.au/internet/mbsonline/publishing.nsf/Content/515793D58E889BD0CA257CD100033990/$File/200807.pdf,au_mbs_historical_0153
sha256:a7872d73a6983112b943a9fc4dce19b7be6f93ef75bf838f0e1917fb72b9c07d,14515306,evidence:sha256:a7872d73a6983112b943a9fc4dce19b7be6f93ef75bf838f0e1917fb72b9c07d,rights_constrained_reference,2026-08-27T08:02:43.936236+00:00,sha256:a7872d73a6983112b943a9fc4dce19b7be6f93ef75bf838f0e1917fb72b9c07d,B2 historical checksum reference records current-run fixity; source bytes remain ignored and local.,a7872d73a6983112b943a9fc4dce19b7be6f93ef75bf838f0e1917fb72b9c07d,public_reuse_review,au_pbs,https://www.pbs.gov.au/publication/schedule/2026/06/2026-06-01-general-schedule-Volume-2.pdf?variant=3,au_pbs_archive_2026_06_01_8b7bfc3c1e36
sha256:a78dd83694224d7b067907d3eba585902f6037a0804f126147a260fdb8e8514b,129392,evidence:sha256:a78dd83694224d7b067907d3eba585902f6037a0804f126147a260fdb8e8514b,rights_constrained_reference,2026-08-27T08:02:43.936236+00:00,sha256:a78dd83694224d7b067907d3eba585902f6037a0804f126147a260fdb8e8514b,B2 historical checksum reference records current-run fixity; source bytes remain ignored and local.,a78dd83694224d7b067907d3eba585902f6037a0804f126147a260fdb8e8514b,public_reuse_review,au_mbs,https://www.mbsonline.gov.au/internet/mbsonline/publishing.nsf/Content/515793D58E889BD0CA257CD100033990/$File/201001-Summary.pdf,au_mbs_historical_0168
sha256:a79034e892f20c812d8f63e18ae74e3a4fd9bb7ef05b54a22a56a1adc15b9703,268915,evidence:sha256:a79034e892f20c812d8f63e18ae74e3a4fd9bb7ef05b54a22a56a1adc15b9703,rights_constrained_reference,2026-08-27T08:02:43.936236+00:00,sha256:a79034e892f20c812d8f63e18ae74e3a4fd9bb7ef05b54a22a56a1adc15b9703,B2 historical checksum reference records current-run fixity; source bytes remain ignored and local.,a79034e892f20c812d8f63e18ae74e3a4fd9bb7ef05b54a22a56a1adc15b9703,public_reuse_review,au_pbs,https://www.pbs.gov.au/publication/schedule/2009/2009-05-01-dental-book-soc.pdf?variant=3,au_pbs_archive_2009_05_01_a82c37f571df
sha256:a792ad8d0012c24d7ba6c801e44203557f1cc9becb57a3062274d10eee58f61e,486966,evidence:sha256:a792ad8d0012c24d7ba6c801e44203557f1cc9becb57a3062274d10eee58f61e,rights_constrained_reference,2026-08-27T08:02:43.936236+00:00,sha256:a792ad8d0012c24d7ba6c801e44203557f1cc9becb57a3062274d10eee58f61e,B2 historical checksum reference records current-run fixity; source bytes remain ignored and local.,a792ad8d0012c24d7ba6c801e44203557f1cc9becb57a3062274d10eee58f61e,public_reuse_review,au_pbs,https://www.pbs.gov.au/publication/schedule/2008/2008-08-01-general-schedule-soc.pdf?variant=3,au_pbs_archive_2008_08_01_8a79bd8794e8
sha256:a7c0bed5ce1755627be3a330446f6e1f5c0f3c1d96f0db1d1d3264a1ac19a36d,509681,evidence:sha256:a7c0bed5ce1755627be3a330446f6e1f5c0f3c1d96f0db1d1d3264a1ac19a36d,rights_constrained_reference,2026-08-27T08:02:43.936236+00:00,sha256:a7c0bed5ce1755627be3a330446f6e1f5c0f3c1d96f0db1d1d3264a1ac19a36d,B2 historical checksum reference records current-run fixity; source bytes remain ignored and local.,a7c0bed5ce1755627be3a330446f6e1f5c0f3c1d96f0db1d1d3264a1ac19a36d,public_reuse_review,au_pbs,https://www.pbs.gov.au/publication/schedule/2013/02/2013-02-01-general-schedule-SOC.pdf?variant=3,au_pbs_archive_2013_02_01_5949788b73c4
sha256:a8649458f94cd64d16883bf9a304c07fac5d2c2cadbef5d0156ca77972290e2f,2027210,evidence:sha256:a8649458f94cd64d16883bf9a304c07fac5d2c2cadbef5d0156ca77972290e2f,rights_constrained_reference,2026-08-27T08:02:43.936236+00:00,sha256:a8649458f94cd64d16883bf9a304c07fac5d2c2cadbef5d0156ca77972290e2f,B2 historical checksum reference records current-run fixity; source bytes remain ignored and local.,a8649458f94cd64d16883bf9a304c07fac5d2c2cadbef5d0156ca77972290e2f,public_reuse_review,au_pbs,https://www.pbs.gov.au/publication/schedule/2024/07/2024-07-01-general-soc.pdf?variant=3,au_pbs_archive_2024_07_01_d788a9f8d6a1
sha256:a92a025f2170fb715a42abd0736b158e303366a79916bde6863b87cd6ac00b9e,2834879,evidence:sha256:a92a025f2170fb715a42abd0736b158e303366a79916bde6863b87cd6ac00b9e,rights_constrained_reference,2026-08-27T08:02:43.936236+00:00,sha256:a92a025f2170fb715a42abd0736b158e303366a79916bde6863b87cd6ac00b9e,B2 historical checksum reference records current-run fixity; source bytes remain ignored and local.,a92a025f2170fb715a42abd0736b158e303366a79916bde6863b87cd6ac00b9e,public_reuse_review,au_pbs,https://www.pbs.gov.au/publication/schedule/2012/03/2012-03-01-dental-book.pdf?variant=3,au_pbs_archive_2012_03_01_5336ea50b861
sha256:a94f6eeadcb408f9719558f937f7d308b290b30ef4f2b4b6f0d6aa96175c7769,213659,evidence:sha256:a94f6eeadcb408f9719558f937f7d308b290b30ef4f2b4b6f0d6aa96175c7769,rights_constrained_reference,2026-08-27T08:02:43.936236+00:00,sha256:a94f6eeadcb408f9719558f937f7d308b290b30ef4f2b4b6f0d6aa96175c7769,B2 historical checksum reference records current-run fixity; source bytes remain ignored and local.,a94f6eeadcb408f9719558f937f7d308b290b30ef4f2b4b6f0d6aa96175c7769,public_reuse_review,au_mbs,https://www.mbsonline.gov.au/internet/mbsonline/publishing.nsf/Content/317ACF6351081DB5CA2585FF00086C40/$File/201107-Optom.pdf,au_mbs_historical_0039
sha256:a9a2cccfcfdcc9fad86e92b540aa3daa05f3b9938f2ff6157960d0febd932768,3493808,evidence:sha256:a9a2cccfcfdcc9fad86e92b540aa3daa05f3b9938f2ff6157960d0febd932768,rights_constrained_reference,2026-08-27T08:02:43.936236+00:00,sha256:a9a2cccfcfdcc9fad86e92b540aa3daa05f3b9938f2ff6157960d0febd932768,B2 historical checksum reference records current-run fixity; source bytes remain ignored and local.,a9a2cccfcfdcc9fad86e92b540aa3daa05f3b9938f2ff6157960d0febd932768,public_reuse_review,au_pbs,https://www.pbs.gov.au/publication/schedule/2010/2010-02-01-general-schedule.pdf?variant=3,au_pbs_archive_2010_02_01_16f13f6a87fe
sha256:a9ba7a7a4d5d4599643bf99ed2018394846db6f2ad27e28aa84d3710f84abbf4,15397505,evidence:sha256:a9ba7a7a4d5d4599643bf99ed2018394846db6f2ad27e28aa84d3710f84abbf4,rights_constrained_reference,2026-08-27T08:02:43.936236+00:00,sha256:a9ba7a7a4d5d4599643bf99ed2018394846db6f2ad27e28aa84d3710f84abbf4,B2 historical checksum reference records current-run fixity; source bytes remain ignored and local.,a9ba7a7a4d5d4599643bf99ed2018394846db6f2ad27e28aa84d3710f84abbf4,public_reuse_review,au_pbs,https://www.pbs.gov.au/publication/schedule/2020/05/2020-05-01-general-schedule-volume-1.pdf?variant=3,au_pbs_archive_2020_05_01_8cab3e8c708d
sha256:a9d025098704f1c61d6a137645c5c8b75cdebedc1bb96177564cd1fe78796448,1849465,evidence:sha256:a9d025098704f1c61d6a137645c5c8b75cdebedc1bb96177564cd1fe78796448,rights_constrained_reference,2026-08-27T08:02:43.936236+00:00,sha256:a9d025098704f1c61d6a137645c5c8b75cdebedc1bb96177564cd1fe78796448,B2 historical checksum reference records current-run fixity; source bytes remain ignored and local.,a9d025098704f1c61d6a137645c5c8b75cdebedc1bb96177564cd1fe78796448,public_reuse_review,au_pbs,https://www.pbs.gov.au/publication/schedule/2016/10/2016-10-01-general-soc.pdf?variant=3,au_pbs_archive_2016_10_01_b4ec0e4b2e6c
sha256:a9d65a3fef600b11638243b17ac8d9b9ac13d2fa9b6126e4b536f9c0dceb0cbe,955001,evidence:sha256:a9d65a3fef600b11638243b17ac8d9b9ac13d2fa9b6126e4b536f9c0dceb0cbe,rights_constrained_reference,2026-08-27T08:02:43.936236+00:00,sha256:a9d65a3fef600b11638243b17ac8d9b9ac13d2fa9b6126e4b536f9c0dceb0cbe,B2 historical checksum reference records current-run fixity; source bytes remain ignored and local.,a9d65a3fef600b11638243b17ac8d9b9ac13d2fa9b6126e4b536f9c0dceb0cbe,public_reuse_review,au_mbs,https://www.mbsonline.gov.au/internet/mbsonline/publishing.nsf/Content/515793D58E889BD0CA257CD100033990/$File/2006-05-MBS.pdf,au_mbs_historical_0140
sha256:a9f1ad587f86b075959fb2be91d564f4e61804305d3d2382768a5acd02d29f6a,285427,evidence:sha256:a9f1ad587f86b075959fb2be91d564f4e61804305d3d2382768a5acd02d29f6a,rights_constrained_reference,2026-08-27T08:02:43.936236+00:00,sha256:a9f1ad587f86b075959fb2be91d564f4e61804305d3d2382768a5acd02d29f6a,B2 historical checksum reference records current-run fixity; source bytes remain ignored and local.,a9f1ad587f86b075959fb2be91d564f4e61804305d3d2382768a5acd02d29f6a,public_reuse_review,au_pbs,https://www.pbs.gov.au/publication/schedule/2010/2010-04-01-chemotherapy-booklet.pdf?variant=3,au_pbs_archive_2010_04_01_c0f5a406180c
sha256:aa6c68595b1e9677285a466e36a93cf3a31c10f000c516eaff089a22b06a92c1,776418,evidence:sha256:aa6c68595b1e9677285a466e36a93cf3a31c10f000c516eaff089a22b06a92c1,rights_constrained_reference,2026-08-27T08:02:43.936236+00:00,sha256:aa6c68595b1e9677285a466e36a93cf3a31c10f000c516eaff089a22b06a92c1,B2 historical checksum reference records current-run fixity; source bytes remain ignored and local.,aa6c68595b1e9677285a466e36a93cf3a31c10f000c516eaff089a22b06a92c1,public_reuse_review,au_pbs,https://www.pbs.gov.au/publication/schedule/2024/12/2024-12-01-general-soc.pdf?variant=3,au_pbs_archive_2024_12_01_f35d2aa98015
sha256:aa78a8d9b61d871efb76b3c37f92ae2c60d48b0a273d9ce78f2d11a1a05bcb20,248345,evidence:sha256:aa78a8d9b61d871efb76b3c37f92ae2c60d48b0a273d9ce78f2d11a1a05bcb20,rights_constrained_reference,2026-08-27T08:02:43.936236+00:00,sha256:aa78a8d9b61d871efb76b3c37f92ae2c60d48b0a273d9ce78f2d11a1a05bcb20,B2 historical checksum reference records current-run fixity; source bytes remain ignored and local.,aa78a8d9b61d871efb76b3c37f92ae2c60d48b0a273d9ce78f2d11a1a05bcb20,public_reuse_review,au_pbs,https://www.pbs.gov.au/publication/schedule/2007/2007-11-01-general-schedule-soc.pdf?variant=3,au_pbs_archive_2007_11_01_93c894c0b497
sha256:aa8635c1abdf218edfd0c99a8fb574de580e3011ac9e0c2b208601f5a7c26f29,1240600,evidence:sha256:aa8635c1abdf218edfd0c99a8fb574de580e3011ac9e0c2b208601f5a7c26f29,rights_constrained_reference,2026-08-27T08:02:43.936236+00:00,sha256:aa8635c1abdf218edfd0c99a8fb574de580e3011ac9e0c2b208601f5a7c26f29,B2 historical checksum reference records current-run fixity; source bytes remain ignored and local.,aa8635c1abdf218edfd0c99a8fb574de580e3011ac9e0c2b208601f5a7c26f29,public_reuse_review,au_pbs,https://www.pbs.gov.au/publication/schedule/2022/02/2022-02-01-efc-schedule.pdf?variant=3,au_pbs_archive_2022_02_01_9c3c6fba4c87
sha256:aabc818c5ff0c4a3fb3528e9d548669e30c33effbe02c7bc350ea8cd880e676f,2504951,evidence:sha256:aabc818c5ff0c4a3fb3528e9d548669e30c33effbe02c7bc350ea8cd880e676f,rights_constrained_reference,2026-08-27T08:02:43.936236+00:00,sha256:aabc818c5ff0c4a3fb3528e9d548669e30c33effbe02c7bc350ea8cd880e676f,B2 historical checksum reference records current-run fixity; source bytes remain ignored and local.,aabc818c5ff0c4a3fb3528e9d548669e30c33effbe02c7bc350ea8cd880e676f,public_reuse_review,au_pbs,https://www.pbs.gov.au/publication/schedule/2024/08/2024-08-01-efc-schedule.pdf?variant=3,au_pbs_archive_2024_08_01_93581bf0b5bb
sha256:aac01e3ad0c8ed09d21f69b468efeb2863b33529a846970c5a8785f3ad002830,8191968,evidence:sha256:aac01e3ad0c8ed09d21f69b468efeb2863b33529a846970c5a8785f3ad002830,rights_constrained_reference,2026-08-27T08:02:43.936236+00:00,sha256:aac01e3ad0c8ed09d21f69b468efeb2863b33529a846970c5a8785f3ad002830,B2 historical checksum reference records current-run fixity; source bytes remain ignored and local.,aac01e3ad0c8ed09d21f69b468efeb2863b33529a846970c5a8785f3ad002830,public_reuse_review,au_pbs,https://www.pbs.gov.au/publication/schedule/2010/2010-11-01-general-schedule.pdf?variant=3,au_pbs_archive_2010_11_01_58a7b920698d
sha256:aadac5091358bc440c90078a6e04fc2606915a3abc5f6bcb807e8fa0b32bcee7,2526639,evidence:sha256:aadac5091358bc440c90078a6e04fc2606915a3abc5f6bcb807e8fa0b32bcee7,rights_constrained_reference,2026-08-27T08:02:43.936236+00:00,sha256:aadac5091358bc440c90078a6e04fc2606915a3abc5f6bcb807e8fa0b32bcee7,B2 historical checksum reference records current-run fixity; source bytes remain ignored and local.,aadac5091358bc440c90078a6e04fc2606915a3abc5f6bcb807e8fa0b32bcee7,public_reuse_review,au_pbs,https://www.pbs.gov.au/publication/schedule/2012/01/2012-01-01-efficient-funding-of-chemotherapy.pdf?variant=3,au_pbs_archive_2012_01_01_2d98fb0375ed
sha256:ab6d47664e57d394f45cdccd8a2b88a06ad5a522d705b80f0d8d1ba21bf8a44f,32729635,evidence:sha256:ab6d47664e57d394f45cdccd8a2b88a06ad5a522d705b80f0d8d1ba21bf8a44f,rights_constrained_reference,2026-08-27T08:02:43.936236+00:00,sha256:ab6d47664e57d394f45cdccd8a2b88a06ad5a522d705b80f0d8d1ba21bf8a44f,B2 historical checksum reference records current-run fixity; source bytes remain ignored and local.,ab6d47664e57d394f45cdccd8a2b88a06ad5a522d705b80f0d8d1ba21bf8a44f,public_reuse_review,au_pbs,https://www.pbs.gov.au/publication/schedule/2025/08/2025-08-01-general-schedule-volume-1.pdf?variant=3,au_pbs_archive_2025_08_01_efe95d48cce2
sha256:abae6937190188a3e3370e9e7f466169583de64f8922299cfd19de17aefd04dc,1083223,evidence:sha256:abae6937190188a3e3370e9e7f466169583de64f8922299cfd19de17aefd04dc,rights_constrained_reference,2026-08-27T08:02:43.936236+00:00,sha256:abae6937190188a3e3370e9e7f466169583de64f8922299cfd19de17aefd04dc,B2 historical checksum reference records current-run fixity; source bytes remain ignored and local.,abae6937190188a3e3370e9e7f466169583de64f8922299cfd19de17aefd04dc,public_reuse_review,au_pbs,https://www.pbs.gov.au/publication/schedule/2015/10/2015-10-01-efc-schedule.pdf?variant=3,au_pbs_archive_2015_10_01_75818b84064d
sha256:ac33346b9444211a050805b898920206c7d6aabc09d634f149ab8146c84ca846,20018551,evidence:sha256:ac33346b9444211a050805b898920206c7d6aabc09d634f149ab8146c84ca846,rights_constrained_reference,2026-08-27T08:02:43.936236+00:00,sha256:ac33346b9444211a050805b898920206c7d6aabc09d634f149ab8146c84ca846,B2 historical checksum reference records current-run fixity; source bytes remain ignored and local.,ac33346b9444211a050805b898920206c7d6aabc09d634f149ab8146c84ca846,public_reuse_review,au_mbs,https://www.mbsonline.gov.au/internet/mbsonline/publishing.nsf/Content/515793D58E889BD0CA257CD100033990/$File/1992-11-MBS.pdf,au_mbs_historical_0093
sha256:ac4f829cef985d49df0c2ab40edf97bd11e21c3baf04323d542bc3bcfdf5b87c,281154,evidence:sha256:ac4f829cef985d49df0c2ab40edf97bd11e21c3baf04323d542bc3bcfdf5b87c,rights_constrained_reference,2026-08-27T08:02:43.936236+00:00,sha256:ac4f829cef985d49df0c2ab40edf97bd11e21c3baf04323d542bc3bcfdf5b87c,B2 historical checksum reference records current-run fixity; source bytes remain ignored and local.,ac4f829cef985d49df0c2ab40edf97bd11e21c3baf04323d542bc3bcfdf5b87c,public_reuse_review,au_pbs,https://www.pbs.gov.au/publication/schedule/2024/02/2024-02-01-Errata.pdf?variant=3,au_pbs_archive_2024_02_01_a12ea270c5d1
sha256:ac59db3774b2d47256d9f709aac53cef0c7fb157402c3a49363f8a48bf5a90aa,792175,evidence:sha256:ac59db3774b2d47256d9f709aac53cef0c7fb157402c3a49363f8a48bf5a90aa,rights_constrained_reference,2026-08-27T08:02:43.936236+00:00,sha256:ac59db3774b2d47256d9f709aac53cef0c7fb157402c3a49363f8a48bf5a90aa,B2 historical checksum reference records current-run fixity; source bytes remain ignored and local.,ac59db3774b2d47256d9f709aac53cef0c7fb157402c3a49363f8a48bf5a90aa,public_reuse_review,au_pbs,https://www.pbs.gov.au/publication/schedule/2013/05/2013-05-01-general-schedule-soc.pdf?variant=3,au_pbs_archive_2013_05_01_51d2c97ee215
sha256:ac6d1c7b4f0708d2646257b50c65ccd2ea55929fd1a49e665711d3882c9eefbb,346839,evidence:sha256:ac6d1c7b4f0708d2646257b50c65ccd2ea55929fd1a49e665711d3882c9eefbb,rights_constrained_reference,2026-08-27T08:02:43.936236+00:00,sha256:ac6d1c7b4f0708d2646257b50c65ccd2ea55929fd1a49e665711d3882c9eefbb,B2 historical checksum reference records current-run fixity; source bytes remain ignored and local.,ac6d1c7b4f0708d2646257b50c65ccd2ea55929fd1a49e665711d3882c9eefbb,public_reuse_review,au_pbs,https://www.pbs.gov.au/publication/schedule/2024/02/2024-02-01-general-soc.pdf?variant=3,au_pbs_archive_2024_02_01_69f346b2c41f
sha256:ac7548ce5e69fccb7d05f95cdaca355079863581f68e9b1c242706b3c265fd68,899026,evidence:sha256:ac7548ce5e69fccb7d05f95cdaca355079863581f68e9b1c242706b3c265fd68,rights_constrained_reference,2026-08-27T08:02:43.936236+00:00,sha256:ac7548ce5e69fccb7d05f95cdaca355079863581f68e9b1c242706b3c265fd68,B2 historical checksum reference records current-run fixity; source bytes remain ignored and local.,ac7548ce5e69fccb7d05f95cdaca355079863581f68e9b1c242706b3c265fd68,public_reuse_review,au_mbs,https://www.mbsonline.gov.au/internet/mbsonline/publishing.nsf/Content/8F3FA58ED97DCA35CA2584BE00111151/$File/202001-Cat4.pdf,au_mbs_historical_0204
sha256:ac96deb0068a9e5657f30952d41bb5afdf0203daa1cad027a8bed52bf5b17384,63358,evidence:sha256:ac96deb0068a9e5657f30952d41bb5afdf0203daa1cad027a8bed52bf5b17384,rights_constrained_reference,2026-08-27T08:02:43.936236+00:00,sha256:ac96deb0068a9e5657f30952d41bb5afdf0203daa1cad027a8bed52bf5b17384,B2 historical checksum reference records current-run fixity; source bytes remain ignored and local.,ac96deb0068a9e5657f30952d41bb5afdf0203daa1cad027a8bed52bf5b17384,public_reuse_review,au_pbs,https://www.pbs.gov.au/publication/schedule/2010/2010-09-01-dental-book-SOC.pdf?variant=3,au_pbs_archive_2010_09_01_a306ccf4d2a0
sha256:acb220df6d93c720b6c4302ed17451af3556521e46462c1995fba1edf09a6618,1667570,evidence:sha256:acb220df6d93c720b6c4302ed17451af3556521e46462c1995fba1edf09a6618,rights_constrained_reference,2026-08-27T08:02:43.936236+00:00,sha256:acb220df6d93c720b6c4302ed17451af3556521e46462c1995fba1edf09a6618,B2 historical checksum reference records current-run fixity; source bytes remain ignored and local.,acb220df6d93c720b6c4302ed17451af3556521e46462c1995fba1edf09a6618,public_reuse_review,au_mbs,https://www.mbsonline.gov.au/internet/mbsonline/publishing.nsf/Content/515793D58E889BD0CA257CD100033990/$File/1997-11-Optometrists.pdf,au_mbs_historical_0109
sha256:accd907d171de69a248b141fa55453b9b566c60a9e4321181b3d06ea661adab0,1272505,evidence:sha256:accd907d171de69a248b141fa55453b9b566c60a9e4321181b3d06ea661adab0,rights_constrained_reference,2026-08-27T08:02:43.936236+00:00,sha256:accd907d171de69a248b141fa55453b9b566c60a9e4321181b3d06ea661adab0,B2 historical checksum reference records current-run fixity; source bytes remain ignored and local.,accd907d171de69a248b141fa55453b9b566c60a9e4321181b3d06ea661adab0,public_reuse_review,au_mbs,https://www.mbsonline.gov.au/internet/mbsonline/publishing.nsf/Content/8F3FA58ED97DCA35CA2584BE00111151/$File/202001-MBS%2017Jan2020.zip,au_mbs_historical_0215
sha256:acdbe91d85eb8930b76cd42c0f2ff3bc91d1f4dae03b034ca056a34a6891ae24,11199649,evidence:sha256:acdbe91d85eb8930b76cd42c0f2ff3bc91d1f4dae03b034ca056a34a6891ae24,rights_constrained_reference,2026-08-27T08:02:43.936236+00:00,sha256:acdbe91d85eb8930b76cd42c0f2ff3bc91d1f4dae03b034ca056a34a6891ae24,B2 historical checksum reference records current-run fixity; source bytes remain ignored and local.,acdbe91d85eb8930b76cd42c0f2ff3bc91d1f4dae03b034ca056a34a6891ae24,public_reuse_review,au_pbs,https://www.pbs.gov.au/publication/schedule/2020/09/2020-09-01-general-schedule-volume-2.pdf?variant=3,au_pbs_archive_2020_09_01_58f84313fa97
sha256:ad16cbceafcb1fd4426820f05656364d8492854e767b8d0793dccc5a350b396a,41486,evidence:sha256:ad16cbceafcb1fd4426820f05656364d8492854e767b8d0793dccc5a350b396a,rights_constrained_reference,2026-08-27T08:02:43.936236+00:00,sha256:ad16cbceafcb1fd4426820f05656364d8492854e767b8d0793dccc5a350b396a,B2 historical checksum reference records current-run fixity; source bytes remain ignored and local.,ad16cbceafcb1fd4426820f05656364d8492854e767b8d0793dccc5a350b396a,public_reuse_review,au_pbs,https://www.pbs.gov.au/publication/schedule/2010/2010-02-01-dental-book-soc.pdf?variant=3,au_pbs_archive_2010_02_01_16786fa387db
sha256:ad51e0fc7e85609bbe1c611aa3f19757e947ff1406ba15e063a7aa66e33e8318,2039656,evidence:sha256:ad51e0fc7e85609bbe1c611aa3f19757e947ff1406ba15e063a7aa66e33e8318,rights_constrained_reference,2026-08-27T08:02:43.936236+00:00,sha256:ad51e0fc7e85609bbe1c611aa3f19757e947ff1406ba15e063a7aa66e33e8318,B2 historical checksum reference records current-run fixity; source bytes remain ignored and local.,ad51e0fc7e85609bbe1c611aa3f19757e947ff1406ba15e063a7aa66e33e8318,public_reuse_review,au_pbs,https://www.pbs.gov.au/publication/schedule/2024/03/2024-03-01-efc-schedule.pdf?variant=3,au_pbs_archive_2024_03_01_487e8e8a5aec
sha256:ad60db134443039ca7a2266e54ee4f6736e2b7c359f77544c1000b4a5f67f979,735837,evidence:sha256:ad60db134443039ca7a2266e54ee4f6736e2b7c359f77544c1000b4a5f67f979,rights_constrained_reference,2026-08-27T08:02:43.936236+00:00,sha256:ad60db134443039ca7a2266e54ee4f6736e2b7c359f77544c1000b4a5f67f979,B2 historical checksum reference records current-run fixity; source bytes remain ignored and local.,ad60db134443039ca7a2266e54ee4f6736e2b7c359f77544c1000b4a5f67f979,public_reuse_review,au_pbs,https://www.pbs.gov.au/publication/schedule/2020/03/2020-03-01-general-soc.pdf?variant=3,au_pbs_archive_2020_03_01_5fbc7b2b15d9
sha256:ae82ac7db48e928de8be5138e38cd110d95617def90ab1ffd847ac53393938e8,10021,evidence:sha256:ae82ac7db48e928de8be5138e38cd110d95617def90ab1ffd847ac53393938e8,rights_constrained_reference,2026-08-27T08:02:43.936236+00:00,sha256:ae82ac7db48e928de8be5138e38cd110d95617def90ab1ffd847ac53393938e8,B2 historical checksum reference records current-run fixity; source bytes remain ignored and local.,ae82ac7db48e928de8be5138e38cd110d95617def90ab1ffd847ac53393938e8,public_reuse_review,au_pbs,https://www.pbs.gov.au/publication/schedule/2010/2010-09-01-general-schedule-SOC.pdf?variant=3,au_pbs_archive_2010_09_01_156533a9c0d7
sha256:ae9c1c5fa5b20a6ab5ec150685aeaff60ebba7b3cd3acea15c2c4d82352fc868,1978011,evidence:sha256:ae9c1c5fa5b20a6ab5ec150685aeaff60ebba7b3cd3acea15c2c4d82352fc868,rights_constrained_reference,2026-08-27T08:02:43.936236+00:00,sha256:ae9c1c5fa5b20a6ab5ec150685aeaff60ebba7b3cd3acea15c2c4d82352fc868,B2 historical checksum reference records current-run fixity; source bytes remain ignored and local.,ae9c1c5fa5b20a6ab5ec150685aeaff60ebba7b3cd3acea15c2c4d82352fc868,public_reuse_review,au_pbs,https://www.pbs.gov.au/publication/schedule/2020/02/2020-02-01-efc-schedule.pdf?variant=3,au_pbs_archive_2020_02_01_7312fddc8cf0
sha256:aebdfd00230c3e107c08ec355460ff6fee7ff982d31634338991c3d91ee3cb9c,881941,evidence:sha256:aebdfd00230c3e107c08ec355460ff6fee7ff982d31634338991c3d91ee3cb9c,rights_constrained_reference,2026-08-27T08:02:43.936236+00:00,sha256:aebdfd00230c3e107c08ec355460ff6fee7ff982d31634338991c3d91ee3cb9c,B2 historical checksum reference records current-run fixity; source bytes remain ignored and local.,aebdfd00230c3e107c08ec355460ff6fee7ff982d31634338991c3d91ee3cb9c,public_reuse_review,au_mbs,https://www.mbsonline.gov.au/internet/mbsonline/publishing.nsf/Content/515793D58E889BD0CA257CD100033990/$File/1995-11-CLaCP.pdf,au_mbs_historical_0101
sha256:af17c194d7cbf31dc0ae28ca3eac9e6d297257e6b5a05c280a816529703dd6ef,2340482,evidence:sha256:af17c194d7cbf31dc0ae28ca3eac9e6d297257e6b5a05c280a816529703dd6ef,rights_constrained_reference,2026-08-27T08:02:43.936236+00:00,sha256:af17c194d7cbf31dc0ae28ca3eac9e6d297257e6b5a05c280a816529703dd6ef,B2 historical checksum reference records current-run fixity; source bytes remain ignored and local.,af17c194d7cbf31dc0ae28ca3eac9e6d297257e6b5a05c280a816529703dd6ef,public_reuse_review,au_pbs,https://www.pbs.gov.au/publication/schedule/2021/12/2021-12-01-efc-schedule.pdf?variant=3,au_pbs_archive_2021_12_01_aed8a9eda4f2
sha256:af1aaeababb75519be5a0204bea22e4f5cd563559b8bd22c3ad926a43fddd475,1311358,evidence:sha256:af1aaeababb75519be5a0204bea22e4f5cd563559b8bd22c3ad926a43fddd475,rights_constrained_reference,2026-08-27T08:02:43.936236+00:00,sha256:af1aaeababb75519be5a0204bea22e4f5cd563559b8bd22c3ad926a43fddd475,B2 historical checksum reference records current-run fixity; source bytes remain ignored and local.,af1aaeababb75519be5a0204bea22e4f5cd563559b8bd22c3ad926a43fddd475,public_reuse_review,au_pbs,https://www.pbs.gov.au/publication/schedule/2017/11/2017-11-01-efc-schedule.pdf?variant=3,au_pbs_archive_2017_11_01_16c58bfe47de
sha256:af4e9cb6004bd2de28fea916cc1f7711210bc6939b41da4f27e0d8b8152b4140,54855,evidence:sha256:af4e9cb6004bd2de28fea916cc1f7711210bc6939b41da4f27e0d8b8152b4140,rights_constrained_reference,2026-08-27T08:02:43.936236+00:00,sha256:af4e9cb6004bd2de28fea916cc1f7711210bc6939b41da4f27e0d8b8152b4140,B2 historical checksum reference records current-run fixity; source bytes remain ignored and local.,af4e9cb6004bd2de28fea916cc1f7711210bc6939b41da4f27e0d8b8152b4140,public_reuse_review,au_pbs,https://www.pbs.gov.au/publication/schedule/2007/2007-05-01-general-schedule-soc.pdf?variant=3,au_pbs_archive_2007_05_01_0e7b9b845b8f
sha256:af8feaed574718e4f396f6c39b41fdb5a3e52a1cf908866e0746a2ed2abb58eb,336315,evidence:sha256:af8feaed574718e4f396f6c39b41fdb5a3e52a1cf908866e0746a2ed2abb58eb,rights_constrained_reference,2026-08-27T08:02:43.936236+00:00,sha256:af8feaed574718e4f396f6c39b41fdb5a3e52a1cf908866e0746a2ed2abb58eb,B2 historical checksum reference records current-run fixity; source bytes remain ignored and local.,af8feaed574718e4f396f6c39b41fdb5a3e52a1cf908866e0746a2ed2abb58eb,public_reuse_review,au_pbs,https://www.pbs.gov.au/publication/schedule/2014/08/2014-08-01-errata.pdf?variant=3,au_pbs_archive_2014_08_01_27c23b858b0e
sha256:afc59110a5f3ec1bc498740607b744d8f314050e5345b956857ff2a93236881f,226256,evidence:sha256:afc59110a5f3ec1bc498740607b744d8f314050e5345b956857ff2a93236881f,rights_constrained_reference,2026-08-27T08:02:43.936236+00:00,sha256:afc59110a5f3ec1bc498740607b744d8f314050e5345b956857ff2a93236881f,B2 historical checksum reference records current-run fixity; source bytes remain ignored and local.,afc59110a5f3ec1bc498740607b744d8f314050e5345b956857ff2a93236881f,public_reuse_review,au_pbs,https://www.pbs.gov.au/publication/schedule/2007/2007-10-01-general-schedule-soc.pdf?variant=3,au_pbs_archive_2007_10_01_dab14645f658
sha256:afe067a3ce01e6ee6d650625f877271f846cf3a997a933a8272a1c0627af9856,51945,evidence:sha256:afe067a3ce01e6ee6d650625f877271f846cf3a997a933a8272a1c0627af9856,rights_constrained_reference,2026-08-27T08:02:43.936236+00:00,sha256:afe067a3ce01e6ee6d650625f877271f846cf3a997a933a8272a1c0627af9856,B2 historical checksum reference records current-run fixity; source bytes remain ignored and local.,afe067a3ce01e6ee6d650625f877271f846cf3a997a933a8272a1c0627af9856,public_reuse_review,au_pbs,https://www.pbs.gov.au/publication/schedule/2008/2008-07-01-dental-book-soc.pdf?variant=3,au_pbs_archive_2008_07_01_4f1bd4628962
sha256:affab4dd6faf8c6120599b1554d9a57e5f4f32e988c0ce44166d0939b83a647f,4482713,evidence:sha256:affab4dd6faf8c6120599b1554d9a57e5f4f32e988c0ce44166d0939b83a647f,rights_constrained_reference,2026-08-27T08:02:43.936236+00:00,sha256:affab4dd6faf8c6120599b1554d9a57e5f4f32e988c0ce44166d0939b83a647f,B2 historical checksum reference records current-run fixity; source bytes remain ignored and local.,affab4dd6faf8c6120599b1554d9a57e5f4f32e988c0ce44166d0939b83a647f,public_reuse_review,au_mbs,https://www.mbsonline.gov.au/internet/mbsonline/publishing.nsf/Content/8F3FA58ED97DCA35CA2584BE00111151/$File/202001_MBSONLINE_DESC%2017Jan2020.TXT,au_mbs_historical_0217
sha256:b01c74b7fd88cec6842d49b8c8a54f17bb67cf1a13842d60dafa3d62896862a5,13685632,evidence:sha256:b01c74b7fd88cec6842d49b8c8a54f17bb67cf1a13842d60dafa3d62896862a5,rights_constrained_reference,2026-08-27T08:02:43.936236+00:00,sha256:b01c74b7fd88cec6842d49b8c8a54f17bb67cf1a13842d60dafa3d62896862a5,B2 historical checksum reference records current-run fixity; source bytes remain ignored and local.,b01c74b7fd88cec6842d49b8c8a54f17bb67cf1a13842d60dafa3d62896862a5,public_reuse_review,au_pbs,https://www.pbs.gov.au/publication/schedule/2022/10/2022-10-01-general-schedule-volume-2.pdf?variant=3,au_pbs_archive_2022_10_01_07555f2d05f7
sha256:b05cbcdbbf87a686d925e048c7c9e3067fda6a241828f41ade1299f38b9952e3,22657914,evidence:sha256:b05cbcdbbf87a686d925e048c7c9e3067fda6a241828f41ade1299f38b9952e3,rights_constrained_reference,2026-08-27T08:02:43.936236+00:00,sha256:b05cbcdbbf87a686d925e048c7c9e3067fda6a241828f41ade1299f38b9952e3,B2 historical checksum reference records current-run fixity; source bytes remain ignored and local.,b05cbcdbbf87a686d925e048c7c9e3067fda6a241828f41ade1299f38b9952e3,public_reuse_review,au_mbs,https://www.mbsonline.gov.au/internet/mbsonline/publishing.nsf/Content/515793D58E889BD0CA257CD100033990/$File/1997-11-MBS.pdf,au_mbs_historical_0108
sha256:b06606a0ec684829b09d70713aa4214baf266544be80b11b605fa8d1c87eae60,107825,evidence:sha256:b06606a0ec684829b09d70713aa4214baf266544be80b11b605fa8d1c87eae60,rights_constrained_reference,2026-08-27T08:02:43.936236+00:00,sha256:b06606a0ec684829b09d70713aa4214baf266544be80b11b605fa8d1c87eae60,B2 historical checksum reference records current-run fixity; source bytes remain ignored and local.,b06606a0ec684829b09d70713aa4214baf266544be80b11b605fa8d1c87eae60,public_reuse_review,au_pbs,https://www.pbs.gov.au/publication/schedule/2017/04/2017-04-01-errata.pdf?variant=3,au_pbs_archive_2017_04_01_5fc54c12eff2
sha256:b0686443f5b9348c64423e96b87517a881522ba477670c887e96f84ec78af1b7,266395,evidence:sha256:b0686443f5b9348c64423e96b87517a881522ba477670c887e96f84ec78af1b7,rights_constrained_reference,2026-08-27T08:02:43.936236+00:00,sha256:b0686443f5b9348c64423e96b87517a881522ba477670c887e96f84ec78af1b7,B2 historical checksum reference records current-run fixity; source bytes remain ignored and local.,b0686443f5b9348c64423e96b87517a881522ba477670c887e96f84ec78af1b7,public_reuse_review,au_mbs,https://www.mbsonline.gov.au/internet/mbsonline/publishing.nsf/Content/515793D58E889BD0CA257CD100033990/$File/201005-Summary.pdf,au_mbs_historical_0170
sha256:b0e49fa5736cb1601bc426a48388883dd73c3e06811969141b888510ab87ceef,356134,evidence:sha256:b0e49fa5736cb1601bc426a48388883dd73c3e06811969141b888510ab87ceef,rights_constrained_reference,2026-08-27T08:02:43.936236+00:00,sha256:b0e49fa5736cb1601bc426a48388883dd73c3e06811969141b888510ab87ceef,B2 historical checksum reference records current-run fixity; source bytes remain ignored and local.,b0e49fa5736cb1601bc426a48388883dd73c3e06811969141b888510ab87ceef,public_reuse_review,au_mbs,https://www.mbsonline.gov.au/internet/mbsonline/publishing.nsf/Content/94D54B959677561ECA2585FF000015E3/$File/201307-Optom.pdf,au_mbs_historical_0239
sha256:b0fe7c6e4d107451ff6b94f2de89dd9f55f00779a6547f8657c4ae26ef64bb1e,13756194,evidence:sha256:b0fe7c6e4d107451ff6b94f2de89dd9f55f00779a6547f8657c4ae26ef64bb1e,rights_constrained_reference,2026-08-27T08:02:43.936236+00:00,sha256:b0fe7c6e4d107451ff6b94f2de89dd9f55f00779a6547f8657c4ae26ef64bb1e,B2 historical checksum reference records current-run fixity; source bytes remain ignored and local.,b0fe7c6e4d107451ff6b94f2de89dd9f55f00779a6547f8657c4ae26ef64bb1e,public_reuse_review,au_pbs,https://www.pbs.gov.au/publication/schedule/2022/08/2022-08-01-general-schedule-volume-2.pdf?variant=3,au_pbs_archive_2022_08_01_79c83f4b2fff
sha256:b129de0d5c6e2e2b80e21fceb2e0dcc34e42d586132a7f54714b7f6316563f90,14750123,evidence:sha256:b129de0d5c6e2e2b80e21fceb2e0dcc34e42d586132a7f54714b7f6316563f90,rights_constrained_reference,2026-08-27T08:02:43.936236+00:00,sha256:b129de0d5c6e2e2b80e21fceb2e0dcc34e42d586132a7f54714b7f6316563f90,B2 historical checksum reference records current-run fixity; source bytes remain ignored and local.,b129de0d5c6e2e2b80e21fceb2e0dcc34e42d586132a7f54714b7f6316563f90,public_reuse_review,au_pbs,https://www.pbs.gov.au/publication/schedule/2026/03/2026-03-01-general-schedule-volume-2.pdf?variant=3,au_pbs_archive_2026_03_01_682490a83a0e
sha256:b14fb36acbed088accacd3b0b9ffe70e4395d326b1422c58c20b7268cbfac506,740070,evidence:sha256:b14fb36acbed088accacd3b0b9ffe70e4395d326b1422c58c20b7268cbfac506,rights_constrained_reference,2026-08-27T08:02:43.936236+00:00,sha256:b14fb36acbed088accacd3b0b9ffe70e4395d326b1422c58c20b7268cbfac506,B2 historical checksum reference records current-run fixity; source bytes remain ignored and local.,b14fb36acbed088accacd3b0b9ffe70e4395d326b1422c58c20b7268cbfac506,public_reuse_review,au_pbs,https://www.pbs.gov.au/publication/schedule/2022/06/2022-06-01-general-soc.pdf?variant=3,au_pbs_archive_2022_06_01_d4bb054a7a0c
sha256:b178dc1c02ccffb16b9a27fd36ae2fd68010d6c331a915e753a7bab4a85cf2cd,1807522,evidence:sha256:b178dc1c02ccffb16b9a27fd36ae2fd68010d6c331a915e753a7bab4a85cf2cd,rights_constrained_reference,2026-08-27T08:02:43.936236+00:00,sha256:b178dc1c02ccffb16b9a27fd36ae2fd68010d6c331a915e753a7bab4a85cf2cd,B2 historical checksum reference records current-run fixity; source bytes remain ignored and local.,b178dc1c02ccffb16b9a27fd36ae2fd68010d6c331a915e753a7bab4a85cf2cd,public_reuse_review,au_mbs,https://www.mbsonline.gov.au/internet/mbsonline/publishing.nsf/Content/DD4BF54A34D823FDCA25881700139AD5/$File/202207-Cat5d.pdf,au_mbs_historical_0289
sha256:b1c66217e8085c12ea364f9ed18d05602b2f328be14364e1021023fc3819ab40,1129559,evidence:sha256:b1c66217e8085c12ea364f9ed18d05602b2f328be14364e1021023fc3819ab40,rights_constrained_reference,2026-08-27T08:02:43.936236+00:00,sha256:b1c66217e8085c12ea364f9ed18d05602b2f328be14364e1021023fc3819ab40,B2 historical checksum reference records current-run fixity; source bytes remain ignored and local.,b1c66217e8085c12ea364f9ed18d05602b2f328be14364e1021023fc3819ab40,public_reuse_review,au_mbs,https://www.mbsonline.gov.au/internet/mbsonline/publishing.nsf/Content/515793D58E889BD0CA257CD100033990/$File/2003-05-MBS.pdf,au_mbs_historical_0127
sha256:b1d96bfc3384f87a6ae312e27ec41d4efd4e1e29beafca27f7b4c567d50fc2a9,201236,evidence:sha256:b1d96bfc3384f87a6ae312e27ec41d4efd4e1e29beafca27f7b4c567d50fc2a9,rights_constrained_reference,2026-08-27T08:02:43.936236+00:00,sha256:b1d96bfc3384f87a6ae312e27ec41d4efd4e1e29beafca27f7b4c567d50fc2a9,B2 historical checksum reference records current-run fixity; source bytes remain ignored and local.,b1d96bfc3384f87a6ae312e27ec41d4efd4e1e29beafca27f7b4c567d50fc2a9,public_reuse_review,au_mbs,https://www.mbsonline.gov.au/internet/mbsonline/publishing.nsf/Content/515793D58E889BD0CA257CD100033990/$File/2007-11-CLACP.pdf,au_mbs_historical_0149
sha256:b1e680541dce4171093d85680c8af08f6a916d2e9fe9a143006562ed990e863d,2797801,evidence:sha256:b1e680541dce4171093d85680c8af08f6a916d2e9fe9a143006562ed990e863d,rights_constrained_reference,2026-08-27T08:02:43.936236+00:00,sha256:b1e680541dce4171093d85680c8af08f6a916d2e9fe9a143006562ed990e863d,B2 historical checksum reference records current-run fixity; source bytes remain ignored and local.,b1e680541dce4171093d85680c8af08f6a916d2e9fe9a143006562ed990e863d,public_reuse_review,au_pbs,https://www.pbs.gov.au/publication/schedule/2022/09/2022-09-01-general-soc.pdf?variant=3,au_pbs_archive_2022_09_01_d610a0fae9f9
sha256:b1fea131c7f421ae4dc600c14662e33cc8c0e6853c6c43106533cd9ca343ccfd,3782083,evidence:sha256:b1fea131c7f421ae4dc600c14662e33cc8c0e6853c6c43106533cd9ca343ccfd,rights_constrained_reference,2026-08-27T08:02:43.936236+00:00,sha256:b1fea131c7f421ae4dc600c14662e33cc8c0e6853c6c43106533cd9ca343ccfd,B2 historical checksum reference records current-run fixity; source bytes remain ignored and local.,b1fea131c7f421ae4dc600c14662e33cc8c0e6853c6c43106533cd9ca343ccfd,public_reuse_review,au_pbs,https://www.pbs.gov.au/publication/schedule/2004/2004-05-01-general-schedule.pdf?variant=3,au_pbs_archive_2004_05_01_594cf681b4df
sha256:b227defd1f54b7836558a92d875905f0fa4e7cb27951539d142ad36cc6712d0d,1123238,evidence:sha256:b227defd1f54b7836558a92d875905f0fa4e7cb27951539d142ad36cc6712d0d,rights_constrained_reference,2026-07-27T00:00:00+10:00,sha256:b227defd1f54b7836558a92d875905f0fa4e7cb27951539d142ad36cc6712d0d,B2 reviewed-snapshot reference preserves fixity and rights state without redistributing source bytes.,b227defd1f54b7836558a92d875905f0fa4e7cb27951539d142ad36cc6712d0d,public_reuse_review,uk_nhs_payment_scheme,https://www.england.nhs.uk/wp-content/uploads/2026/03/26-27-NHSPS-Annex-A-Prices-workbook.xlsx,uk_nhs_payment_scheme_2026_27_annex_a
sha256:b28223f47297b37b622eab5ecb50f63bfa0022e1c1557194f1a33271d832afbc,78939,evidence:sha256:b28223f47297b37b622eab5ecb50f63bfa0022e1c1557194f1a33271d832afbc,rights_constrained_reference,2026-08-27T08:02:43.936236+00:00,sha256:b28223f47297b37b622eab5ecb50f63bfa0022e1c1557194f1a33271d832afbc,B2 historical checksum reference records current-run fixity; source bytes remain ignored and local.,b28223f47297b37b622eab5ecb50f63bfa0022e1c1557194f1a33271d832afbc,public_reuse_review,au_mbs,https://www.mbsonline.gov.au/internet/mbsonline/publishing.nsf/Content/515793D58E889BD0CA257CD100033990/$File/200805.pdf,au_mbs_historical_0152
sha256:b2b31bb47c261177f6168fbb2ca98d9fbdc879a92645b8c6c6bfdccc107a11f2,158881,evidence:sha256:b2b31bb47c261177f6168fbb2ca98d9fbdc879a92645b8c6c6bfdccc107a11f2,rights_constrained_reference,2026-08-27T08:02:43.936236+00:00,sha256:b2b31bb47c261177f6168fbb2ca98d9fbdc879a92645b8c6c6bfdccc107a11f2,B2 historical checksum reference records current-run fixity; source bytes remain ignored and local.,b2b31bb47c261177f6168fbb2ca98d9fbdc879a92645b8c6c6bfdccc107a11f2,public_reuse_review,au_mbs,https://www.mbsonline.gov.au/internet/mbsonline/publishing.nsf/Content/293EEBA9AB153C56CA2584EB001547AF/$File/202003-Cat6.zip,au_mbs_historical_0026
sha256:b2ec19a06c5460d5c474df3615fa7a53d28ea1445ce7285a1abc8f0050b0ba4e,355775,evidence:sha256:b2ec19a06c5460d5c474df3615fa7a53d28ea1445ce7285a1abc8f0050b0ba4e,rights_constrained_reference,2026-08-27T08:02:43.936236+00:00,sha256:b2ec19a06c5460d5c474df3615fa7a53d28ea1445ce7285a1abc8f0050b0ba4e,B2 historical checksum reference records current-run fixity; source bytes remain ignored and local.,b2ec19a06c5460d5c474df3615fa7a53d28ea1445ce7285a1abc8f0050b0ba4e,public_reuse_review,au_mbs,https://www.mbsonline.gov.au/internet/mbsonline/publishing.nsf/Content/94D54B959677561ECA2585FF000015E3/$File/201311-Optom.pdf,au_mbs_historical_0245
sha256:b2f4433c455511f40f38975a3c768414d2ac2218cf811b446856ae268982faf3,333791,evidence:sha256:b2f4433c455511f40f38975a3c768414d2ac2218cf811b446856ae268982faf3,rights_constrained_reference,2026-08-27T08:02:43.936236+00:00,sha256:b2f4433c455511f40f38975a3c768414d2ac2218cf811b446856ae268982faf3,B2 historical checksum reference records current-run fixity; source bytes remain ignored and local.,b2f4433c455511f40f38975a3c768414d2ac2218cf811b446856ae268982faf3,public_reuse_review,au_pbs,https://www.pbs.gov.au/publication/schedule/2013/09/2013-09-01-errata.pdf?variant=3,au_pbs_archive_2013_09_01_5f70d77edf46
sha256:b304637b205297e5df616ed5b67fecab20109a28ab6bf256267a7f3f0e9550df,333849,evidence:sha256:b304637b205297e5df616ed5b67fecab20109a28ab6bf256267a7f3f0e9550df,rights_constrained_reference,2026-08-27T08:02:43.936236+00:00,sha256:b304637b205297e5df616ed5b67fecab20109a28ab6bf256267a7f3f0e9550df,B2 historical checksum reference records current-run fixity; source bytes remain ignored and local.,b304637b205297e5df616ed5b67fecab20109a28ab6bf256267a7f3f0e9550df,public_reuse_review,au_pbs,https://www.pbs.gov.au/publication/schedule/2014/02/2014-02-01-errata.pdf?variant=3,au_pbs_archive_2014_02_01_2d68a45dea0a
sha256:b30d15d1974e1337052bea54eb850ed8d70b117ea68ab6d2b2d407e303c469e9,153549,evidence:sha256:b30d15d1974e1337052bea54eb850ed8d70b117ea68ab6d2b2d407e303c469e9,rights_constrained_reference,2026-08-27T08:02:43.936236+00:00,sha256:b30d15d1974e1337052bea54eb850ed8d70b117ea68ab6d2b2d407e303c469e9,B2 historical checksum reference records current-run fixity; source bytes remain ignored and local.,b30d15d1974e1337052bea54eb850ed8d70b117ea68ab6d2b2d407e303c469e9,public_reuse_review,au_mbs,https://www.mbsonline.gov.au/internet/mbsonline/publishing.nsf/Content/515793D58E889BD0CA257CD100033990/$File/201011-Optom.pdf,au_mbs_historical_0176
sha256:b3237640ffc52572f1a4533ed61e18d6251d8d793affe7ef857e8df711c885ec,334526,evidence:sha256:b3237640ffc52572f1a4533ed61e18d6251d8d793affe7ef857e8df711c885ec,rights_constrained_reference,2026-08-27T08:02:43.936236+00:00,sha256:b3237640ffc52572f1a4533ed61e18d6251d8d793affe7ef857e8df711c885ec,B2 historical checksum reference records current-run fixity; source bytes remain ignored and local.,b3237640ffc52572f1a4533ed61e18d6251d8d793affe7ef857e8df711c885ec,public_reuse_review,au_pbs,https://www.pbs.gov.au/publication/schedule/2010/2010-05-01-chemotherapy-booklet.pdf?variant=3,au_pbs_archive_2010_05_01_9846570f1d71
sha256:b35212d703ca7d4c95259fbf46932db6ca8ded25ddee3a0837ffdcd98dd93041,11386255,evidence:sha256:b35212d703ca7d4c95259fbf46932db6ca8ded25ddee3a0837ffdcd98dd93041,rights_constrained_reference,2026-08-27T08:02:43.936236+00:00,sha256:b35212d703ca7d4c95259fbf46932db6ca8ded25ddee3a0837ffdcd98dd93041,B2 historical checksum reference records current-run fixity; source bytes remain ignored and local.,b35212d703ca7d4c95259fbf46932db6ca8ded25ddee3a0837ffdcd98dd93041,public_reuse_review,au_mbs,https://www.mbsonline.gov.au/internet/mbsonline/publishing.nsf/Content/CC83C55EC9A26D69CA258B800007C7CA/$File/PDF%20Version%20of%20the%20MBS%20Book%20-%201%20November%202024.pdf,au_mbs_historical_0284
sha256:b3774c47f001a007905a52891ec59eae632efda834316d535a6111713e95ec54,1315821,evidence:sha256:b3774c47f001a007905a52891ec59eae632efda834316d535a6111713e95ec54,rights_constrained_reference,2026-08-27T08:02:43.936236+00:00,sha256:b3774c47f001a007905a52891ec59eae632efda834316d535a6111713e95ec54,B2 historical checksum reference records current-run fixity; source bytes remain ignored and local.,b3774c47f001a007905a52891ec59eae632efda834316d535a6111713e95ec54,public_reuse_review,au_pbs,https://www.pbs.gov.au/publication/schedule/2014/11/2014-11-01-efc-schedule.pdf?variant=3,au_pbs_archive_2014_11_01_3a04db1cf7e8
sha256:b3e01e4b70f7b7ac6ac583353a2bf1ba1865cdcc17cbe1972a4f771f54700980,49091,evidence:sha256:b3e01e4b70f7b7ac6ac583353a2bf1ba1865cdcc17cbe1972a4f771f54700980,rights_constrained_reference,2026-08-27T08:02:43.936236+00:00,sha256:b3e01e4b70f7b7ac6ac583353a2bf1ba1865cdcc17cbe1972a4f771f54700980,B2 historical checksum reference records current-run fixity; source bytes remain ignored and local.,b3e01e4b70f7b7ac6ac583353a2bf1ba1865cdcc17cbe1972a4f771f54700980,public_reuse_review,au_pbs,https://www.pbs.gov.au/publication/schedule/2008/2008-10-01-general-schedule-soc.pdf?variant=3,au_pbs_archive_2008_10_01_974ab19f344c
sha256:b3f5f8a57e9f7233aaa7ae1bc4d8890444b5bd8f41a11a82154dec9283a9b54a,900055,evidence:sha256:b3f5f8a57e9f7233aaa7ae1bc4d8890444b5bd8f41a11a82154dec9283a9b54a,rights_constrained_reference,2026-08-27T08:02:43.936236+00:00,sha256:b3f5f8a57e9f7233aaa7ae1bc4d8890444b5bd8f41a11a82154dec9283a9b54a,B2 historical checksum reference records current-run fixity; source bytes remain ignored and local.,b3f5f8a57e9f7233aaa7ae1bc4d8890444b5bd8f41a11a82154dec9283a9b54a,public_reuse_review,au_mbs,https://www.mbsonline.gov.au/internet/mbsonline/publishing.nsf/Content/A7F6A9DA0E280DCCCA2586140008B368/$File/201509-Optom.pdf,au_mbs_historical_0257
sha256:b42d71fc98ea11d9c75315277f6fdec148298f9aadade5f568c9c54d29b0b940,4477949,evidence:sha256:b42d71fc98ea11d9c75315277f6fdec148298f9aadade5f568c9c54d29b0b940,rights_constrained_reference,2026-08-27T08:02:43.936236+00:00,sha256:b42d71fc98ea11d9c75315277f6fdec148298f9aadade5f568c9c54d29b0b940,B2 historical checksum reference records current-run fixity; source bytes remain ignored and local.,b42d71fc98ea11d9c75315277f6fdec148298f9aadade5f568c9c54d29b0b940,public_reuse_review,au_pbs,https://www.pbs.gov.au/publication/schedule/2010/2010-04-01-general-schedule.pdf?variant=3,au_pbs_archive_2010_04_01_e17718f0f71b
sha256:b4709c1d13e52720936aedd5786f625cb68711bbde048b3984f63b27b8f6ee2a,591409,evidence:sha256:b4709c1d13e52720936aedd5786f625cb68711bbde048b3984f63b27b8f6ee2a,rights_constrained_reference,2026-08-27T08:02:43.936236+00:00,sha256:b4709c1d13e52720936aedd5786f625cb68711bbde048b3984f63b27b8f6ee2a,B2 historical checksum reference records current-run fixity; source bytes remain ignored and local.,b4709c1d13e52720936aedd5786f625cb68711bbde048b3984f63b27b8f6ee2a,public_reuse_review,au_mbs,https://www.mbsonline.gov.au/internet/mbsonline/publishing.nsf/Content/515793D58E889BD0CA257CD100033990/$File/1996-07-MBS.pdf,au_mbs_historical_0103
sha256:b48934165d597c0cefb40abdc67e09e333efc53ef60ae8cc76c2fbfde16e3d31,3310909,evidence:sha256:b48934165d597c0cefb40abdc67e09e333efc53ef60ae8cc76c2fbfde16e3d31,rights_constrained_reference,2026-08-27T08:02:43.936236+00:00,sha256:b48934165d597c0cefb40abdc67e09e333efc53ef60ae8cc76c2fbfde16e3d31,B2 historical checksum reference records current-run fixity; source bytes remain ignored and local.,b48934165d597c0cefb40abdc67e09e333efc53ef60ae8cc76c2fbfde16e3d31,public_reuse_review,au_pbs,https://www.pbs.gov.au/publication/schedule/2012/07/2012-07-01-dental-book.pdf?variant=3,au_pbs_archive_2012_07_01_9a165d5056f3
sha256:b4e968ac3031b308708d86de358662429240a9d54014df4a8851fdc24bb0e732,5528423,evidence:sha256:b4e968ac3031b308708d86de358662429240a9d54014df4a8851fdc24bb0e732,rights_constrained_reference,2026-08-27T08:02:43.936236+00:00,sha256:b4e968ac3031b308708d86de358662429240a9d54014df4a8851fdc24bb0e732,B2 historical checksum reference records current-run fixity; source bytes remain ignored and local.,b4e968ac3031b308708d86de358662429240a9d54014df4a8851fdc24bb0e732,public_reuse_review,au_pbs,https://www.pbs.gov.au/publication/schedule/2012/03/2012-03-01-general-schedule.pdf?variant=3,au_pbs_archive_2012_03_01_7e4df6a98ff6
sha256:b4f5a3cbbbc409fd0266b19b6cb3b90d873a3d04becf63e1542db827f3c6a2ec,39277,evidence:sha256:b4f5a3cbbbc409fd0266b19b6cb3b90d873a3d04becf63e1542db827f3c6a2ec,rights_constrained_reference,2026-08-27T08:02:43.936236+00:00,sha256:b4f5a3cbbbc409fd0266b19b6cb3b90d873a3d04becf63e1542db827f3c6a2ec,B2 historical checksum reference records current-run fixity; source bytes remain ignored and local.,b4f5a3cbbbc409fd0266b19b6cb3b90d873a3d04becf63e1542db827f3c6a2ec,public_reuse_review,au_pbs,https://www.pbs.gov.au/publication/schedule/2010/2010-06-01-dental-book-SOC.pdf?variant=3,au_pbs_archive_2010_06_01_bf795143db30
sha256:b513a4b761098e909a4f1328c9faeec5a2167b0da1191a5785ef128375e1a017,189256,evidence:sha256:b513a4b761098e909a4f1328c9faeec5a2167b0da1191a5785ef128375e1a017,rights_constrained_reference,2026-08-27T08:02:43.936236+00:00,sha256:b513a4b761098e909a4f1328c9faeec5a2167b0da1191a5785ef128375e1a017,B2 historical checksum reference records current-run fixity; source bytes remain ignored and local.,b513a4b761098e909a4f1328c9faeec5a2167b0da1191a5785ef128375e1a017,public_reuse_review,au_mbs,https://www.mbsonline.gov.au/internet/mbsonline/publishing.nsf/Content/317ACF6351081DB5CA2585FF00086C40/$File/201101-Dental.pdf,au_mbs_historical_0031
sha256:b52ef24e162f0bad147b1bdcd739eb358c6ca4945bb3dbb8ce11e8aa2a2feaf7,1200330,evidence:sha256:b52ef24e162f0bad147b1bdcd739eb358c6ca4945bb3dbb8ce11e8aa2a2feaf7,rights_constrained_reference,2026-08-27T08:02:43.936236+00:00,sha256:b52ef24e162f0bad147b1bdcd739eb358c6ca4945bb3dbb8ce11e8aa2a2feaf7,B2 historical checksum reference records current-run fixity; source bytes remain ignored and local.,b52ef24e162f0bad147b1bdcd739eb358c6ca4945bb3dbb8ce11e8aa2a2feaf7,public_reuse_review,au_pbs,https://www.pbs.gov.au/publication/schedule/2016/05/2016-05-01-efc-schedule.pdf?variant=3,au_pbs_archive_2016_05_01_fa0864cef459
sha256:b55059810b62c1639855d468e9a6d1f8518d47fb51ebecfcb8cfed4b4f98855d,7188605,evidence:sha256:b55059810b62c1639855d468e9a6d1f8518d47fb51ebecfcb8cfed4b4f98855d,rights_constrained_reference,2026-08-27T08:02:43.936236+00:00,sha256:b55059810b62c1639855d468e9a6d1f8518d47fb51ebecfcb8cfed4b4f98855d,B2 historical checksum reference records current-run fixity; source bytes remain ignored and local.,b55059810b62c1639855d468e9a6d1f8518d47fb51ebecfcb8cfed4b4f98855d,public_reuse_review,au_pbs,https://www.pbs.gov.au/publication/schedule/1951-2002/1987-08-01-PBS-Schedule-Approved-Pharmacists.pdf?variant=3,au_pbs_archive_1987_08_01_1ed4be33183d
sha256:b573d1000c8eb223a36372a5df05ed2c6d8e6b963e2ae8bda3ef79cbd4cba534,70861,evidence:sha256:b573d1000c8eb223a36372a5df05ed2c6d8e6b963e2ae8bda3ef79cbd4cba534,rights_constrained_reference,2026-08-27T08:02:43.936236+00:00,sha256:b573d1000c8eb223a36372a5df05ed2c6d8e6b963e2ae8bda3ef79cbd4cba534,B2 historical checksum reference records current-run fixity; source bytes remain ignored and local.,b573d1000c8eb223a36372a5df05ed2c6d8e6b963e2ae8bda3ef79cbd4cba534,public_reuse_review,au_pbs,https://www.pbs.gov.au/publication/schedule/2017/09/2017-09-01-errata.pdf?variant=3,au_pbs_archive_2017_09_01_11050d9ef5b9
sha256:b57f5642880ff71d06f8dc5a8f9a891ecf2d54765bced31798e1c962307f2f9e,2025157,evidence:sha256:b57f5642880ff71d06f8dc5a8f9a891ecf2d54765bced31798e1c962307f2f9e,rights_constrained_reference,2026-08-27T08:02:43.936236+00:00,sha256:b57f5642880ff71d06f8dc5a8f9a891ecf2d54765bced31798e1c962307f2f9e,B2 historical checksum reference records current-run fixity; source bytes remain ignored and local.,b57f5642880ff71d06f8dc5a8f9a891ecf2d54765bced31798e1c962307f2f9e,public_reuse_review,au_pbs,https://www.pbs.gov.au/publication/schedule/2025/05/2025-05-01-general-soc.pdf?variant=3,au_pbs_archive_2025_05_01_0d5f72348995
sha256:b5cf5cfca8103baea92010fc40281f292aff5c8de67fcf16960ed608f5e3ae7f,865497,evidence:sha256:b5cf5cfca8103baea92010fc40281f292aff5c8de67fcf16960ed608f5e3ae7f,rights_constrained_reference,2026-08-27T08:02:43.936236+00:00,sha256:b5cf5cfca8103baea92010fc40281f292aff5c8de67fcf16960ed608f5e3ae7f,B2 historical checksum reference records current-run fixity; source bytes remain ignored and local.,b5cf5cfca8103baea92010fc40281f292aff5c8de67fcf16960ed608f5e3ae7f,public_reuse_review,au_pbs,https://www.pbs.gov.au/publication/schedule/2013/11/2013-11-01-general-schedule-soc.pdf?variant=3,au_pbs_archive_2013_11_01_a88b04cd8b57
sha256:b695ed7aca9589613668261daf85ebf4a8c5b7d2fdc1257f5a55873bbc90c13e,571583,evidence:sha256:b695ed7aca9589613668261daf85ebf4a8c5b7d2fdc1257f5a55873bbc90c13e,rights_constrained_reference,2026-08-27T08:02:43.936236+00:00,sha256:b695ed7aca9589613668261daf85ebf4a8c5b7d2fdc1257f5a55873bbc90c13e,B2 historical checksum reference records current-run fixity; source bytes remain ignored and local.,b695ed7aca9589613668261daf85ebf4a8c5b7d2fdc1257f5a55873bbc90c13e,public_reuse_review,au_mbs,https://www.mbsonline.gov.au/internet/mbsonline/publishing.nsf/Content/317ACF6351081DB5CA2585FF00086C40/$File/201107-Summary.pdf,au_mbs_historical_0040
sha256:b6e5288a0f10a2bb367fdc302050a28c135a5dfec15dd7053a031bcf9baf522a,1692715,evidence:sha256:b6e5288a0f10a2bb367fdc302050a28c135a5dfec15dd7053a031bcf9baf522a,rights_constrained_reference,2026-08-27T08:02:43.936236+00:00,sha256:b6e5288a0f10a2bb367fdc302050a28c135a5dfec15dd7053a031bcf9baf522a,B2 historical checksum reference records current-run fixity; source bytes remain ignored and local.,b6e5288a0f10a2bb367fdc302050a28c135a5dfec15dd7053a031bcf9baf522a,public_reuse_review,au_pbs,https://www.pbs.gov.au/publication/schedule/2021/02/2021-02-01-efc-schedule.pdf?variant=3,au_pbs_archive_2021_02_01_175ab4a96614
sha256:b71418e0663b958d74c68ef22e561cdcd0a16486a7f0fc96c840d0f39243c3a5,2629097,evidence:sha256:b71418e0663b958d74c68ef22e561cdcd0a16486a7f0fc96c840d0f39243c3a5,rights_constrained_reference,2026-08-27T08:02:43.936236+00:00,sha256:b71418e0663b958d74c68ef22e561cdcd0a16486a7f0fc96c840d0f39243c3a5,B2 historical checksum reference records current-run fixity; source bytes remain ignored and local.,b71418e0663b958d74c68ef22e561cdcd0a16486a7f0fc96c840d0f39243c3a5,public_reuse_review,au_mbs,https://www.mbsonline.gov.au/internet/mbsonline/publishing.nsf/Content/515793D58E889BD0CA257CD100033990/$File/2005-11-MBS.pdf,au_mbs_historical_0138
sha256:b71ce200ae53948e2ef109d0e18986732d02ad091587f60131182a1b132e891f,3052881,evidence:sha256:b71ce200ae53948e2ef109d0e18986732d02ad091587f60131182a1b132e891f,rights_constrained_reference,2026-08-27T08:02:43.936236+00:00,sha256:b71ce200ae53948e2ef109d0e18986732d02ad091587f60131182a1b132e891f,B2 historical checksum reference records current-run fixity; source bytes remain ignored and local.,b71ce200ae53948e2ef109d0e18986732d02ad091587f60131182a1b132e891f,public_reuse_review,au_pbs,https://www.pbs.gov.au/publication/schedule/2004/2004-02-01-general-schedule.pdf?variant=3,au_pbs_archive_2004_02_01_7c68eafb3de6
sha256:b74ac868e9d963125b087153f580631ba63379a1fe9c6c865f8fde23b94f3289,3343629,evidence:sha256:b74ac868e9d963125b087153f580631ba63379a1fe9c6c865f8fde23b94f3289,rights_constrained_reference,2026-08-27T08:02:43.936236+00:00,sha256:b74ac868e9d963125b087153f580631ba63379a1fe9c6c865f8fde23b94f3289,B2 historical checksum reference records current-run fixity; source bytes remain ignored and local.,b74ac868e9d963125b087153f580631ba63379a1fe9c6c865f8fde23b94f3289,public_reuse_review,au_pbs,https://www.pbs.gov.au/publication/schedule/1951-2002/1954-05-01-PBS-Schedule-Medical-Practitioners.pdf?variant=3,au_pbs_archive_1954_05_01_f3f612bf0f65
sha256:b7544b2aa146ca9770f583f171c1560ea4d77f493020db8b42d94436f4f9c8d1,63474,evidence:sha256:b7544b2aa146ca9770f583f171c1560ea4d77f493020db8b42d94436f4f9c8d1,rights_constrained_reference,2026-08-27T08:02:43.936236+00:00,sha256:b7544b2aa146ca9770f583f171c1560ea4d77f493020db8b42d94436f4f9c8d1,B2 historical checksum reference records current-run fixity; source bytes remain ignored and local.,b7544b2aa146ca9770f583f171c1560ea4d77f493020db8b42d94436f4f9c8d1,public_reuse_review,au_pbs,https://www.pbs.gov.au/publication/schedule/2009/2009-10-01-general-schedule-soc.pdf?variant=3,au_pbs_archive_2009_10_01_57e18d8bc686
sha256:b75e2a9ba65e469fe4208ff7218a889bf21728105b384b5d6c9d4df4da7c09bc,5248546,evidence:sha256:b75e2a9ba65e469fe4208ff7218a889bf21728105b384b5d6c9d4df4da7c09bc,rights_constrained_reference,2026-08-27T08:02:43.936236+00:00,sha256:b75e2a9ba65e469fe4208ff7218a889bf21728105b384b5d6c9d4df4da7c09bc,B2 historical checksum reference records current-run fixity; source bytes remain ignored and local.,b75e2a9ba65e469fe4208ff7218a889bf21728105b384b5d6c9d4df4da7c09bc,public_reuse_review,au_mbs,https://www.mbsonline.gov.au/internet/mbsonline/publishing.nsf/Content/B900536D4B582E61CA2585FF0006926F/$File/201404-MBS.PDF,au_mbs_historical_0275
sha256:b79286c5c6256745ecb8d8b3690c7b9008d8fce1d8765fe11aa6081e918480d4,11216183,evidence:sha256:b79286c5c6256745ecb8d8b3690c7b9008d8fce1d8765fe11aa6081e918480d4,rights_constrained_reference,2026-08-27T08:02:43.936236+00:00,sha256:b79286c5c6256745ecb8d8b3690c7b9008d8fce1d8765fe11aa6081e918480d4,B2 historical checksum reference records current-run fixity; source bytes remain ignored and local.,b79286c5c6256745ecb8d8b3690c7b9008d8fce1d8765fe11aa6081e918480d4,public_reuse_review,au_mbs,https://www.mbsonline.gov.au/internet/mbsonline/publishing.nsf/Content/F540E955EFE9BFD5CA25861500000C28/$File/201909-MBS.pdf,au_mbs_historical_0327
sha256:b7e30009c73a63b78bcb906a56b7d0bb1ba36bc5a7ef545cc6bc621b77fd7bb9,14506213,evidence:sha256:b7e30009c73a63b78bcb906a56b7d0bb1ba36bc5a7ef545cc6bc621b77fd7bb9,rights_constrained_reference,2026-08-27T08:02:43.936236+00:00,sha256:b7e30009c73a63b78bcb906a56b7d0bb1ba36bc5a7ef545cc6bc621b77fd7bb9,B2 historical checksum reference records current-run fixity; source bytes remain ignored and local.,b7e30009c73a63b78bcb906a56b7d0bb1ba36bc5a7ef545cc6bc621b77fd7bb9,public_reuse_review,au_pbs,https://www.pbs.gov.au/publication/schedule/2025/07/2025-07-01-general-schedule-volume-2.pdf?variant=3,au_pbs_archive_2025_07_01_5d01a9cf58fc
sha256:b830e29f9dc6a10dc3e82c767c80a55989c354eb46bcbf936673fc05af67e968,25478239,evidence:sha256:b830e29f9dc6a10dc3e82c767c80a55989c354eb46bcbf936673fc05af67e968,rights_constrained_reference,2026-08-27T08:02:43.936236+00:00,sha256:b830e29f9dc6a10dc3e82c767c80a55989c354eb46bcbf936673fc05af67e968,B2 historical checksum reference records current-run fixity; source bytes remain ignored and local.,b830e29f9dc6a10dc3e82c767c80a55989c354eb46bcbf936673fc05af67e968,public_reuse_review,au_pbs,https://www.pbs.gov.au/publication/schedule/2024/08/2024-08-01-general-schedule-volume-1.pdf?variant=3,au_pbs_archive_2024_08_01_411b67b94db0
sha256:b830eefceec51efe7f6d1470e74ef3104063d991ffab903286a43fa9c537248c,23897323,evidence:sha256:b830eefceec51efe7f6d1470e74ef3104063d991ffab903286a43fa9c537248c,rights_constrained_reference,2026-08-27T08:02:43.936236+00:00,sha256:b830eefceec51efe7f6d1470e74ef3104063d991ffab903286a43fa9c537248c,B2 historical checksum reference records current-run fixity; source bytes remain ignored and local.,b830eefceec51efe7f6d1470e74ef3104063d991ffab903286a43fa9c537248c,public_reuse_review,au_mbs,https://www.mbsonline.gov.au/internet/mbsonline/publishing.nsf/Content/515793D58E889BD0CA257CD100033990/$File/1985-MBS.pdf,au_mbs_historical_0081
sha256:b866e26b94e74cc514be5227a0ec8808d9c38a052ee4d124da68e317b943115c,3749535,evidence:sha256:b866e26b94e74cc514be5227a0ec8808d9c38a052ee4d124da68e317b943115c,rights_constrained_reference,2026-08-27T08:02:43.936236+00:00,sha256:b866e26b94e74cc514be5227a0ec8808d9c38a052ee4d124da68e317b943115c,B2 historical checksum reference records current-run fixity; source bytes remain ignored and local.,b866e26b94e74cc514be5227a0ec8808d9c38a052ee4d124da68e317b943115c,public_reuse_review,au_pbs,https://www.pbs.gov.au/publication/schedule/2008/2008-04-01-general-schedule.pdf?variant=3,au_pbs_archive_2008_04_01_c99b38593433
sha256:b8a36072a52a003cf9a786c89af289c4d9244fe9f7711dceef2a59b2c566d8e6,23979973,evidence:sha256:b8a36072a52a003cf9a786c89af289c4d9244fe9f7711dceef2a59b2c566d8e6,rights_constrained_reference,2026-08-27T08:02:43.936236+00:00,sha256:b8a36072a52a003cf9a786c89af289c4d9244fe9f7711dceef2a59b2c566d8e6,B2 historical checksum reference records current-run fixity; source bytes remain ignored and local.,b8a36072a52a003cf9a786c89af289c4d9244fe9f7711dceef2a59b2c566d8e6,public_reuse_review,au_mbs,https://www.mbsonline.gov.au/internet/mbsonline/publishing.nsf/Content/515793D58E889BD0CA257CD100033990/$File/1998-11-MBS.pdf,au_mbs_historical_0112
sha256:b8de650cbe99f3ed8c098944a793582175dfca1f41da12495179bb44cc2c2544,2930503,evidence:sha256:b8de650cbe99f3ed8c098944a793582175dfca1f41da12495179bb44cc2c2544,rights_constrained_reference,2026-08-27T08:02:43.936236+00:00,sha256:b8de650cbe99f3ed8c098944a793582175dfca1f41da12495179bb44cc2c2544,B2 historical checksum reference records current-run fixity; source bytes remain ignored and local.,b8de650cbe99f3ed8c098944a793582175dfca1f41da12495179bb44cc2c2544,public_reuse_review,au_pbs,https://www.pbs.gov.au/publication/schedule/2025/01/2025-01-01-efc-schedule.pdf?variant=3,au_pbs_archive_2025_01_01_0e3c6d3e0e97
sha256:b8e0f6ed780ee71f269721b1aebadaceb801085811ad1097981c2f63562e9b7c,2937670,evidence:sha256:b8e0f6ed780ee71f269721b1aebadaceb801085811ad1097981c2f63562e9b7c,rights_constrained_reference,2026-08-27T08:02:43.936236+00:00,sha256:b8e0f6ed780ee71f269721b1aebadaceb801085811ad1097981c2f63562e9b7c,B2 historical checksum reference records current-run fixity; source bytes remain ignored and local.,b8e0f6ed780ee71f269721b1aebadaceb801085811ad1097981c2f63562e9b7c,public_reuse_review,au_pbs,https://www.pbs.gov.au/publication/schedule/1951-2002/1955-05-01-PBS-Schedule-Medical-Practitioners.pdf?variant=3,au_pbs_archive_1955_05_01_8b60f9e96b81
sha256:b92c2e8d50c52217519cfc56747a38a8ec9405fc512ec697f4b56ebd78d4553f,4669277,evidence:sha256:b92c2e8d50c52217519cfc56747a38a8ec9405fc512ec697f4b56ebd78d4553f,rights_constrained_reference,2026-08-27T08:02:43.936236+00:00,sha256:b92c2e8d50c52217519cfc56747a38a8ec9405fc512ec697f4b56ebd78d4553f,B2 historical checksum reference records current-run fixity; source bytes remain ignored and local.,b92c2e8d50c52217519cfc56747a38a8ec9405fc512ec697f4b56ebd78d4553f,public_reuse_review,au_pbs,https://www.pbs.gov.au/publication/schedule/2007/2007-03-01-general-schedule.pdf?variant=3,au_pbs_archive_2007_03_01_c1773f80c4e0
sha256:b94a13ca285707879c7ac43e757e6871647c396a511a12a735d039b14a5c2b61,2849255,evidence:sha256:b94a13ca285707879c7ac43e757e6871647c396a511a12a735d039b14a5c2b61,rights_constrained_reference,2026-08-27T08:02:43.936236+00:00,sha256:b94a13ca285707879c7ac43e757e6871647c396a511a12a735d039b14a5c2b61,B2 historical checksum reference records current-run fixity; source bytes remain ignored and local.,b94a13ca285707879c7ac43e757e6871647c396a511a12a735d039b14a5c2b61,public_reuse_review,au_pbs,https://www.pbs.gov.au/publication/schedule/2020/09/2020-09-01-efc-schedule.pdf?variant=3,au_pbs_archive_2020_09_01_3f7b77cf5065
sha256:b9575402a405076b9a0f85a2c88f9d4be4c72389088bbd7a90f1448eabcf431c,574540,evidence:sha256:b9575402a405076b9a0f85a2c88f9d4be4c72389088bbd7a90f1448eabcf431c,rights_constrained_reference,2026-08-27T08:02:43.936236+00:00,sha256:b9575402a405076b9a0f85a2c88f9d4be4c72389088bbd7a90f1448eabcf431c,B2 historical checksum reference records current-run fixity; source bytes remain ignored and local.,b9575402a405076b9a0f85a2c88f9d4be4c72389088bbd7a90f1448eabcf431c,public_reuse_review,au_mbs,https://www.mbsonline.gov.au/internet/mbsonline/publishing.nsf/Content/4C767FC45843CB02CA25898500825ACA/$File/PDF%20version%20of%20the%20July%202023%20Category%204%20-%20Oral%20and%20Maxillofacial%20Services%C2%A0.pdf,au_mbs_historical_0056
sha256:b9612e0a42c01d55169829ed168cc7e6c3e88f6f1d9be06b78f85c0be1c8eec5,9224751,evidence:sha256:b9612e0a42c01d55169829ed168cc7e6c3e88f6f1d9be06b78f85c0be1c8eec5,rights_constrained_reference,2026-08-27T08:02:43.936236+00:00,sha256:b9612e0a42c01d55169829ed168cc7e6c3e88f6f1d9be06b78f85c0be1c8eec5,B2 historical checksum reference records current-run fixity; source bytes remain ignored and local.,b9612e0a42c01d55169829ed168cc7e6c3e88f6f1d9be06b78f85c0be1c8eec5,public_reuse_review,au_pbs,https://www.pbs.gov.au/publication/schedule/2015/02/2015-02-01-general-schedule.pdf?variant=3,au_pbs_archive_2015_02_01_2496d9256ae3
sha256:b97b8b0311b2f272c689dcf91f904c2ecbe35cf845e380bfe8028e251df06514,2968364,evidence:sha256:b97b8b0311b2f272c689dcf91f904c2ecbe35cf845e380bfe8028e251df06514,rights_constrained_reference,2026-08-27T08:02:43.936236+00:00,sha256:b97b8b0311b2f272c689dcf91f904c2ecbe35cf845e380bfe8028e251df06514,B2 historical checksum reference records current-run fixity; source bytes remain ignored and local.,b97b8b0311b2f272c689dcf91f904c2ecbe35cf845e380bfe8028e251df06514,public_reuse_review,au_pbs,https://www.pbs.gov.au/publication/schedule/2025/03/2025-03-01-efc-schedule.pdf?variant=3,au_pbs_archive_2025_03_01_d3424181bb70
sha256:b988aa4bd0c4adb0bc2045103d778dcdd355720bc1d217bf5754da9e70443f37,9195337,evidence:sha256:b988aa4bd0c4adb0bc2045103d778dcdd355720bc1d217bf5754da9e70443f37,rights_constrained_reference,2026-08-27T08:02:43.936236+00:00,sha256:b988aa4bd0c4adb0bc2045103d778dcdd355720bc1d217bf5754da9e70443f37,B2 historical checksum reference records current-run fixity; source bytes remain ignored and local.,b988aa4bd0c4adb0bc2045103d778dcdd355720bc1d217bf5754da9e70443f37,public_reuse_review,au_pbs,https://www.pbs.gov.au/publication/schedule/2020/02/2020-02-01-general-schedule-volume-2.pdf?variant=3,au_pbs_archive_2020_02_01_148ef9dc26f0
sha256:b9b02ec1ceec9346ffd06823dbce45da3f9850004de54d55a9bf37fd8021347d,157862,evidence:sha256:b9b02ec1ceec9346ffd06823dbce45da3f9850004de54d55a9bf37fd8021347d,rights_constrained_reference,2026-08-27T08:02:43.936236+00:00,sha256:b9b02ec1ceec9346ffd06823dbce45da3f9850004de54d55a9bf37fd8021347d,B2 historical checksum reference records current-run fixity; source bytes remain ignored and local.,b9b02ec1ceec9346ffd06823dbce45da3f9850004de54d55a9bf37fd8021347d,public_reuse_review,au_pbs,https://www.pbs.gov.au/publication/schedule/2013/03/2013-03-01-errata.pdf?variant=3,au_pbs_archive_2013_03_01_74d1beeba06e
sha256:b9cb96d5f4d7836831094ca64889911bcef50eaf470864857aafc21bf3d2dea0,2812967,evidence:sha256:b9cb96d5f4d7836831094ca64889911bcef50eaf470864857aafc21bf3d2dea0,rights_constrained_reference,2026-08-27T08:02:43.936236+00:00,sha256:b9cb96d5f4d7836831094ca64889911bcef50eaf470864857aafc21bf3d2dea0,B2 historical checksum reference records current-run fixity; source bytes remain ignored and local.,b9cb96d5f4d7836831094ca64889911bcef50eaf470864857aafc21bf3d2dea0,public_reuse_review,au_pbs,https://www.pbs.gov.au/publication/schedule/2026/02/2026-02-01-efc-schedule.pdf?variant=3,au_pbs_archive_2026_02_01_c0fd828bdce7
sha256:b9d45f1a905b16652888dae9103fdfeb27574e8a575a4e360ccbf9f2fb371908,335854,evidence:sha256:b9d45f1a905b16652888dae9103fdfeb27574e8a575a4e360ccbf9f2fb371908,rights_constrained_reference,2026-08-27T08:02:43.936236+00:00,sha256:b9d45f1a905b16652888dae9103fdfeb27574e8a575a4e360ccbf9f2fb371908,B2 historical checksum reference records current-run fixity; source bytes remain ignored and local.,b9d45f1a905b16652888dae9103fdfeb27574e8a575a4e360ccbf9f2fb371908,public_reuse_review,au_pbs,https://www.pbs.gov.au/publication/schedule/2015/06/2015-06-01-errata.pdf?variant=3,au_pbs_archive_2015_06_01_e57f3a1c3642
sha256:b9e0afbe177e10192cbf952b3065f3f08e4565aed5b9596b9be1788624caaae4,3048140,evidence:sha256:b9e0afbe177e10192cbf952b3065f3f08e4565aed5b9596b9be1788624caaae4,rights_constrained_reference,2026-08-27T08:02:43.936236+00:00,sha256:b9e0afbe177e10192cbf952b3065f3f08e4565aed5b9596b9be1788624caaae4,B2 historical checksum reference records current-run fixity; source bytes remain ignored and local.,b9e0afbe177e10192cbf952b3065f3f08e4565aed5b9596b9be1788624caaae4,public_reuse_review,au_pbs,https://www.pbs.gov.au/publication/schedule/2012/04/2012-04-01-dental-book.pdf?variant=3,au_pbs_archive_2012_04_01_d6964c0d2133
sha256:b9e5b0cd3a91ee74ef284ce0a524d2e718cb86aadbb84ad9b8bb83e8169851ec,2177577,evidence:sha256:b9e5b0cd3a91ee74ef284ce0a524d2e718cb86aadbb84ad9b8bb83e8169851ec,rights_constrained_reference,2026-08-27T08:02:43.936236+00:00,sha256:b9e5b0cd3a91ee74ef284ce0a524d2e718cb86aadbb84ad9b8bb83e8169851ec,B2 historical checksum reference records current-run fixity; source bytes remain ignored and local.,b9e5b0cd3a91ee74ef284ce0a524d2e718cb86aadbb84ad9b8bb83e8169851ec,public_reuse_review,au_pbs,https://www.pbs.gov.au/publication/schedule/2026/01/2026-01-01-general-soc.pdf?variant=3,au_pbs_archive_2026_01_01_9b3a8667c0d0
sha256:b9f5bb6aea1f6e09465f4cdc2e96ee29df2200daf81fa3e201e02a537300fb96,21875395,evidence:sha256:b9f5bb6aea1f6e09465f4cdc2e96ee29df2200daf81fa3e201e02a537300fb96,rights_constrained_reference,2026-08-27T08:02:43.936236+00:00,sha256:b9f5bb6aea1f6e09465f4cdc2e96ee29df2200daf81fa3e201e02a537300fb96,B2 historical checksum reference records current-run fixity; source bytes remain ignored and local.,b9f5bb6aea1f6e09465f4cdc2e96ee29df2200daf81fa3e201e02a537300fb96,public_reuse_review,au_pbs,https://www.pbs.gov.au/publication/schedule/2020/07/2020-07-01-general-schedule-volume-1.pdf?variant=3,au_pbs_archive_2020_07_01_16c063bcf948
sha256:ba39ae8760aea4e937d5311b537d71334505b2eac4e8cbb3163cd5b7b73418bf,2408124,evidence:sha256:ba39ae8760aea4e937d5311b537d71334505b2eac4e8cbb3163cd5b7b73418bf,rights_constrained_reference,2026-08-27T08:02:43.936236+00:00,sha256:ba39ae8760aea4e937d5311b537d71334505b2eac4e8cbb3163cd5b7b73418bf,B2 historical checksum reference records current-run fixity; source bytes remain ignored and local.,ba39ae8760aea4e937d5311b537d71334505b2eac4e8cbb3163cd5b7b73418bf,public_reuse_review,au_pbs,https://www.pbs.gov.au/publication/schedule/2023/06/2023-06-01-efc-schedule.pdf?variant=3,au_pbs_archive_2023_06_01_4b31e3ebf530
sha256:ba5e5c7e47f197c225ee2033bdf07beca214927de7e0880f5a4a26efaafb117f,50323,evidence:sha256:ba5e5c7e47f197c225ee2033bdf07beca214927de7e0880f5a4a26efaafb117f,rights_constrained_reference,2026-08-27T08:02:43.936236+00:00,sha256:ba5e5c7e47f197c225ee2033bdf07beca214927de7e0880f5a4a26efaafb117f,B2 historical checksum reference records current-run fixity; source bytes remain ignored and local.,ba5e5c7e47f197c225ee2033bdf07beca214927de7e0880f5a4a26efaafb117f,public_reuse_review,au_pbs,https://www.pbs.gov.au/publication/schedule/2009/2009-06-01-dental-book-soc.pdf?variant=3,au_pbs_archive_2009_06_01_513a9ac2a494
sha256:ba65eea38fd2d80c82550732120bb4c9af8847cba8383c2f88f6429e860599c4,22191604,evidence:sha256:ba65eea38fd2d80c82550732120bb4c9af8847cba8383c2f88f6429e860599c4,rights_constrained_reference,2026-08-27T08:02:43.936236+00:00,sha256:ba65eea38fd2d80c82550732120bb4c9af8847cba8383c2f88f6429e860599c4,B2 historical checksum reference records current-run fixity; source bytes remain ignored and local.,ba65eea38fd2d80c82550732120bb4c9af8847cba8383c2f88f6429e860599c4,public_reuse_review,au_pbs,https://www.pbs.gov.au/publication/schedule/2020/10/2020-10-01-general-schedule-volume-1.pdf?variant=3,au_pbs_archive_2020_10_01_726a6e8c6bb3
sha256:ba860e52cbdf5f637c9315a3489aedfdd76ad7a4c981d2e540e6570cfebbd47a,3822106,evidence:sha256:ba860e52cbdf5f637c9315a3489aedfdd76ad7a4c981d2e540e6570cfebbd47a,rights_constrained_reference,2026-08-27T08:02:43.936236+00:00,sha256:ba860e52cbdf5f637c9315a3489aedfdd76ad7a4c981d2e540e6570cfebbd47a,B2 historical checksum reference records current-run fixity; source bytes remain ignored and local.,ba860e52cbdf5f637c9315a3489aedfdd76ad7a4c981d2e540e6570cfebbd47a,public_reuse_review,au_pbs,https://www.pbs.gov.au/publication/schedule/2018/02/2018-02-01-efc-schedule.pdf?variant=3,au_pbs_archive_2018_02_01_15c51b656322
sha256:bab09a49e277615005f7ac0d80c26b665343881cb20d6e1af29cf8630f16c14d,14926028,evidence:sha256:bab09a49e277615005f7ac0d80c26b665343881cb20d6e1af29cf8630f16c14d,rights_constrained_reference,2026-08-27T08:02:43.936236+00:00,sha256:bab09a49e277615005f7ac0d80c26b665343881cb20d6e1af29cf8630f16c14d,B2 historical checksum reference records current-run fixity; source bytes remain ignored and local.,bab09a49e277615005f7ac0d80c26b665343881cb20d6e1af29cf8630f16c14d,public_reuse_review,au_pbs,https://www.pbs.gov.au/publication/schedule/2019/12/2019-12-01-general-schedule-volume-1.pdf?variant=3,au_pbs_archive_2019_12_01_07d37ecec05a
sha256:bad781b0c393e401c77a3c804b2e165b50619f0c2f77128e4679933a6cab43e9,1484784,evidence:sha256:bad781b0c393e401c77a3c804b2e165b50619f0c2f77128e4679933a6cab43e9,rights_constrained_reference,2026-08-27T08:02:43.936236+00:00,sha256:bad781b0c393e401c77a3c804b2e165b50619f0c2f77128e4679933a6cab43e9,B2 historical checksum reference records current-run fixity; source bytes remain ignored and local.,bad781b0c393e401c77a3c804b2e165b50619f0c2f77128e4679933a6cab43e9,public_reuse_review,au_pbs,https://www.pbs.gov.au/publication/schedule/2025/11/2025-11-01-efc-schedule.pdf?variant=3,au_pbs_archive_2025_11_01_9d8ca9f4d451
sha256:bafacbbf3efa9253a85416ebfbb8c54a33fb2f29543124cb2375b0d6e3e84439,277951,evidence:sha256:bafacbbf3efa9253a85416ebfbb8c54a33fb2f29543124cb2375b0d6e3e84439,rights_constrained_reference,2026-08-27T08:02:43.936236+00:00,sha256:bafacbbf3efa9253a85416ebfbb8c54a33fb2f29543124cb2375b0d6e3e84439,B2 historical checksum reference records current-run fixity; source bytes remain ignored and local.,bafacbbf3efa9253a85416ebfbb8c54a33fb2f29543124cb2375b0d6e3e84439,public_reuse_review,au_pbs,https://www.pbs.gov.au/publication/schedule/2025/01/Errata-Error-in-methylphenidate-listings-1-January-2025.pdf?variant=3,au_pbs_archive_unknown_ec59a8fe8b84
sha256:bb21578eb12c36c6f2d93bc0ef62e6dc0561d274185a606b96ec07815b3e4d33,2932686,evidence:sha256:bb21578eb12c36c6f2d93bc0ef62e6dc0561d274185a606b96ec07815b3e4d33,rights_constrained_reference,2026-08-27T08:02:43.936236+00:00,sha256:bb21578eb12c36c6f2d93bc0ef62e6dc0561d274185a606b96ec07815b3e4d33,B2 historical checksum reference records current-run fixity; source bytes remain ignored and local.,bb21578eb12c36c6f2d93bc0ef62e6dc0561d274185a606b96ec07815b3e4d33,public_reuse_review,au_pbs,https://www.pbs.gov.au/publication/schedule/2011/04/2011-04-01-dental-book.pdf?variant=3,au_pbs_archive_2011_04_01_a990e446712c
sha256:bb871e80928f7fac9fee8a17c5b4de986bb376d227a6b8de3e1f13334b261ea4,7776137,evidence:sha256:bb871e80928f7fac9fee8a17c5b4de986bb376d227a6b8de3e1f13334b261ea4,rights_constrained_reference,2026-08-27T08:02:43.936236+00:00,sha256:bb871e80928f7fac9fee8a17c5b4de986bb376d227a6b8de3e1f13334b261ea4,B2 historical checksum reference records current-run fixity; source bytes remain ignored and local.,bb871e80928f7fac9fee8a17c5b4de986bb376d227a6b8de3e1f13334b261ea4,public_reuse_review,au_pbs,https://www.pbs.gov.au/publication/schedule/2011/04/2011-04-01-general-schedule.pdf?variant=3,au_pbs_archive_2011_04_01_79c48762ce04
sha256:bb878f720196262c5f715a71f42564c77ce835affc49c530c8595bfdc965c386,1273388,evidence:sha256:bb878f720196262c5f715a71f42564c77ce835affc49c530c8595bfdc965c386,rights_constrained_reference,2026-08-27T08:02:43.936236+00:00,sha256:bb878f720196262c5f715a71f42564c77ce835affc49c530c8595bfdc965c386,B2 historical checksum reference records current-run fixity; source bytes remain ignored and local.,bb878f720196262c5f715a71f42564c77ce835affc49c530c8595bfdc965c386,public_reuse_review,au_pbs,https://www.pbs.gov.au/publication/schedule/2016/09/2016-09-01-general-soc.pdf?variant=3,au_pbs_archive_2016_09_01_4b7b001bec66
sha256:bbc84d73aca4446da1e6db15fe2feb6cb997bc7a2f598c6eeffad4bafc4dc44c,12621787,evidence:sha256:bbc84d73aca4446da1e6db15fe2feb6cb997bc7a2f598c6eeffad4bafc4dc44c,rights_constrained_reference,2026-08-27T08:02:43.936236+00:00,sha256:bbc84d73aca4446da1e6db15fe2feb6cb997bc7a2f598c6eeffad4bafc4dc44c,B2 historical checksum reference records current-run fixity; source bytes remain ignored and local.,bbc84d73aca4446da1e6db15fe2feb6cb997bc7a2f598c6eeffad4bafc4dc44c,public_reuse_review,au_mbs,https://www.mbsonline.gov.au/internet/mbsonline/publishing.nsf/Content/4EFCF78281A91736CA258654001138AF/$File/mbsbook-march2021.pdf,au_mbs_historical_0070
sha256:bbce36b44f1e5f094219bd87bd83e6f1f33c5da232d8f48f3073151b111fd79f,2582552,evidence:sha256:bbce36b44f1e5f094219bd87bd83e6f1f33c5da232d8f48f3073151b111fd79f,rights_constrained_reference,2026-08-27T08:02:43.936236+00:00,sha256:bbce36b44f1e5f094219bd87bd83e6f1f33c5da232d8f48f3073151b111fd79f,B2 historical checksum reference records current-run fixity; source bytes remain ignored and local.,bbce36b44f1e5f094219bd87bd83e6f1f33c5da232d8f48f3073151b111fd79f,public_reuse_review,au_pbs,https://www.pbs.gov.au/publication/schedule/2023/03/2023-03-01-efc-schedule.pdf?variant=3,au_pbs_archive_2023_03_01_c1156c4ad6b9
sha256:bc01b69c1026f8d110ebcd1f29f17aa9f3a034fd6772a19a986be62d04725355,3175925,evidence:sha256:bc01b69c1026f8d110ebcd1f29f17aa9f3a034fd6772a19a986be62d04725355,rights_constrained_reference,2026-08-27T08:02:43.936236+00:00,sha256:bc01b69c1026f8d110ebcd1f29f17aa9f3a034fd6772a19a986be62d04725355,B2 historical checksum reference records current-run fixity; source bytes remain ignored and local.,bc01b69c1026f8d110ebcd1f29f17aa9f3a034fd6772a19a986be62d04725355,public_reuse_review,au_mbs,https://www.mbsonline.gov.au/internet/mbsonline/publishing.nsf/Content/515793D58E889BD0CA257CD100033990/$File/1991-05-MBS.pdf,au_mbs_historical_0088
sha256:bc05ac03d440589479fe50b44d8b462206c84e052b3582fd5a5aa69ca16a2fd0,13056974,evidence:sha256:bc05ac03d440589479fe50b44d8b462206c84e052b3582fd5a5aa69ca16a2fd0,rights_constrained_reference,2026-08-27T08:02:43.936236+00:00,sha256:bc05ac03d440589479fe50b44d8b462206c84e052b3582fd5a5aa69ca16a2fd0,B2 historical checksum reference records current-run fixity; source bytes remain ignored and local.,bc05ac03d440589479fe50b44d8b462206c84e052b3582fd5a5aa69ca16a2fd0,public_reuse_review,au_pbs,https://www.pbs.gov.au/publication/schedule/2022/07/2022-07-01-general-schedule-volume-2.pdf?variant=3,au_pbs_archive_2022_07_01_3e158f534003
sha256:bc198ebb8e67d8f5379bc3a9da04334152ce95a8086f769576ad7948c90da8db,5272977,evidence:sha256:bc198ebb8e67d8f5379bc3a9da04334152ce95a8086f769576ad7948c90da8db,rights_constrained_reference,2026-08-27T08:02:43.936236+00:00,sha256:bc198ebb8e67d8f5379bc3a9da04334152ce95a8086f769576ad7948c90da8db,B2 historical checksum reference records current-run fixity; source bytes remain ignored and local.,bc198ebb8e67d8f5379bc3a9da04334152ce95a8086f769576ad7948c90da8db,public_reuse_review,au_mbs,https://www.mbsonline.gov.au/internet/mbsonline/publishing.nsf/Content/94D54B959677561ECA2585FF000015E3/$File/201307-MBS.pdf,au_mbs_historical_0238
sha256:bc5659c6e45a034908862bcdf68bd66aa660c4929d8a2fe85c98ecec3c83f32b,295287,evidence:sha256:bc5659c6e45a034908862bcdf68bd66aa660c4929d8a2fe85c98ecec3c83f32b,rights_constrained_reference,2026-08-27T08:02:43.936236+00:00,sha256:bc5659c6e45a034908862bcdf68bd66aa660c4929d8a2fe85c98ecec3c83f32b,B2 historical checksum reference records current-run fixity; source bytes remain ignored and local.,bc5659c6e45a034908862bcdf68bd66aa660c4929d8a2fe85c98ecec3c83f32b,public_reuse_review,au_pbs,https://www.pbs.gov.au/publication/schedule/2018/01/2018-01-01-general-soc.pdf?variant=3,au_pbs_archive_2018_01_01_455369b6aeae
sha256:bc8441576fef11516180473f995ac3ad0e2fa851f2855544ee2d5737d63ab807,5446757,evidence:sha256:bc8441576fef11516180473f995ac3ad0e2fa851f2855544ee2d5737d63ab807,rights_constrained_reference,2026-08-27T08:02:43.936236+00:00,sha256:bc8441576fef11516180473f995ac3ad0e2fa851f2855544ee2d5737d63ab807,B2 historical checksum reference records current-run fixity; source bytes remain ignored and local.,bc8441576fef11516180473f995ac3ad0e2fa851f2855544ee2d5737d63ab807,public_reuse_review,au_mbs,https://www.mbsonline.gov.au/internet/mbsonline/publishing.nsf/Content/FBE6CC5B217AC8DACA25859E0016F5A3/$File/202107-cat3z.pdf,au_mbs_historical_0332
sha256:bc9a72cf8cb432b2f2e47aeddd923fa4ac2b8386bf1796c18f60c4bc70a1283a,1227718,evidence:sha256:bc9a72cf8cb432b2f2e47aeddd923fa4ac2b8386bf1796c18f60c4bc70a1283a,rights_constrained_reference,2026-08-27T08:02:43.936236+00:00,sha256:bc9a72cf8cb432b2f2e47aeddd923fa4ac2b8386bf1796c18f60c4bc70a1283a,B2 historical checksum reference records current-run fixity; source bytes remain ignored and local.,bc9a72cf8cb432b2f2e47aeddd923fa4ac2b8386bf1796c18f60c4bc70a1283a,public_reuse_review,au_pbs,https://www.pbs.gov.au/publication/schedule/2017/02/2017-02-01-efc-schedule.pdf?variant=3,au_pbs_archive_2017_02_01_251e21ea324f
sha256:bcaadf92c5cb96e312e1adf43aac571d2d28d5b99a0ec6aa5968ac2906d5fdce,363961,evidence:sha256:bcaadf92c5cb96e312e1adf43aac571d2d28d5b99a0ec6aa5968ac2906d5fdce,rights_constrained_reference,2026-08-27T08:02:43.936236+00:00,sha256:bcaadf92c5cb96e312e1adf43aac571d2d28d5b99a0ec6aa5968ac2906d5fdce,B2 historical checksum reference records current-run fixity; source bytes remain ignored and local.,bcaadf92c5cb96e312e1adf43aac571d2d28d5b99a0ec6aa5968ac2906d5fdce,public_reuse_review,au_pbs,https://www.pbs.gov.au/publication/schedule/2011/01/2011-01-01-dental-book-SOC.pdf?variant=3,au_pbs_archive_2011_01_01_388e5dfedd1f
sha256:bcbaf4db7f89b3592a0192cbbdad11fc526b8a3df5560db58e817d99996dd1d6,30013,evidence:sha256:bcbaf4db7f89b3592a0192cbbdad11fc526b8a3df5560db58e817d99996dd1d6,rights_constrained_reference,2026-08-27T08:02:43.936236+00:00,sha256:bcbaf4db7f89b3592a0192cbbdad11fc526b8a3df5560db58e817d99996dd1d6,B2 historical checksum reference records current-run fixity; source bytes remain ignored and local.,bcbaf4db7f89b3592a0192cbbdad11fc526b8a3df5560db58e817d99996dd1d6,public_reuse_review,au_pbs,https://www.pbs.gov.au/publication/schedule/2010/2010-05-01-general-schedule-SOC.pdf?variant=3,au_pbs_archive_2010_05_01_63f79ea29ca2
sha256:bcd81727dba45095787a4616b401255477d460e18955cc89d4adbc5a7cbeb686,5182681,evidence:sha256:bcd81727dba45095787a4616b401255477d460e18955cc89d4adbc5a7cbeb686,rights_constrained_reference,2026-08-27T08:02:43.936236+00:00,sha256:bcd81727dba45095787a4616b401255477d460e18955cc89d4adbc5a7cbeb686,B2 historical checksum reference records current-run fixity; source bytes remain ignored and local.,bcd81727dba45095787a4616b401255477d460e18955cc89d4adbc5a7cbeb686,public_reuse_review,au_mbs,https://www.mbsonline.gov.au/internet/mbsonline/publishing.nsf/Content/B013E0789A07D708CA258B030013670A/$File/PDF%20Version%20-%201%20July%202024%20Category%203%20-%20Therapeutic%20Procedures.pdf,au_mbs_historical_0262
sha256:bd0224615f1a19d03f9e8282f539ed3553d8fde9d4b746ee1adf9a0502ca025b,433418,evidence:sha256:bd0224615f1a19d03f9e8282f539ed3553d8fde9d4b746ee1adf9a0502ca025b,rights_constrained_reference,2026-08-27T08:02:43.936236+00:00,sha256:bd0224615f1a19d03f9e8282f539ed3553d8fde9d4b746ee1adf9a0502ca025b,B2 historical checksum reference records current-run fixity; source bytes remain ignored and local.,bd0224615f1a19d03f9e8282f539ed3553d8fde9d4b746ee1adf9a0502ca025b,public_reuse_review,au_mbs,https://www.mbsonline.gov.au/internet/mbsonline/publishing.nsf/Content/FBE6CC5B217AC8DACA25859E0016F5A3/$File/202107-cat7f.pdf,au_mbs_historical_0336
sha256:bd0ff6d246a939191b7971e652c6424a7f3cf9ec8ec4fbf237958907535a9a41,2570937,evidence:sha256:bd0ff6d246a939191b7971e652c6424a7f3cf9ec8ec4fbf237958907535a9a41,rights_constrained_reference,2026-08-27T08:02:43.936236+00:00,sha256:bd0ff6d246a939191b7971e652c6424a7f3cf9ec8ec4fbf237958907535a9a41,B2 historical checksum reference records current-run fixity; source bytes remain ignored and local.,bd0ff6d246a939191b7971e652c6424a7f3cf9ec8ec4fbf237958907535a9a41,public_reuse_review,au_pbs,https://www.pbs.gov.au/publication/schedule/2023/02/2023-02-01-efc-schedule.pdf?variant=3,au_pbs_archive_2023_02_01_18188257b68a
sha256:bd69a958a0b213741083af547400737d95c0d76dd1f1a7de9d89da936e22ba1b,530483,evidence:sha256:bd69a958a0b213741083af547400737d95c0d76dd1f1a7de9d89da936e22ba1b,rights_constrained_reference,2026-08-27T08:02:43.936236+00:00,sha256:bd69a958a0b213741083af547400737d95c0d76dd1f1a7de9d89da936e22ba1b,B2 historical checksum reference records current-run fixity; source bytes remain ignored and local.,bd69a958a0b213741083af547400737d95c0d76dd1f1a7de9d89da936e22ba1b,public_reuse_review,au_pbs,https://www.pbs.gov.au/publication/schedule/2011/12/2011-12-01-general-schedule-SOC.pdf?variant=3,au_pbs_archive_2011_12_01_65a1ae38de4a
sha256:bd879b88712853e48d898a9237e9cc6c126ad576566f49435326dbe2662d98e5,1497334,evidence:sha256:bd879b88712853e48d898a9237e9cc6c126ad576566f49435326dbe2662d98e5,rights_constrained_reference,2026-08-27T08:02:43.936236+00:00,sha256:bd879b88712853e48d898a9237e9cc6c126ad576566f49435326dbe2662d98e5,B2 historical checksum reference records current-run fixity; source bytes remain ignored and local.,bd879b88712853e48d898a9237e9cc6c126ad576566f49435326dbe2662d98e5,public_reuse_review,au_pbs,https://www.pbs.gov.au/publication/schedule/2017/10/2017-10-01-general-soc.pdf?variant=3,au_pbs_archive_2017_10_01_8896002eab33
sha256:bd9ec9f2b364b976e1716d44d908ee19c434a59fe4a8c1b41c66be83000dc6a7,498998,evidence:sha256:bd9ec9f2b364b976e1716d44d908ee19c434a59fe4a8c1b41c66be83000dc6a7,rights_constrained_reference,2026-08-27T08:02:43.936236+00:00,sha256:bd9ec9f2b364b976e1716d44d908ee19c434a59fe4a8c1b41c66be83000dc6a7,B2 historical checksum reference records current-run fixity; source bytes remain ignored and local.,bd9ec9f2b364b976e1716d44d908ee19c434a59fe4a8c1b41c66be83000dc6a7,public_reuse_review,au_mbs,https://www.mbsonline.gov.au/internet/mbsonline/publishing.nsf/Content/293EEBA9AB153C56CA2584EB001547AF/$File/202003-Cat3.zip,au_mbs_historical_0021
sha256:bed0cc5dbe60fedfc0035d0748f32634cfbcdd9af9ec9d6fa58c90aa07ab4a8f,267622,evidence:sha256:bed0cc5dbe60fedfc0035d0748f32634cfbcdd9af9ec9d6fa58c90aa07ab4a8f,rights_constrained_reference,2026-08-27T08:02:43.936236+00:00,sha256:bed0cc5dbe60fedfc0035d0748f32634cfbcdd9af9ec9d6fa58c90aa07ab4a8f,B2 historical checksum reference records current-run fixity; source bytes remain ignored and local.,bed0cc5dbe60fedfc0035d0748f32634cfbcdd9af9ec9d6fa58c90aa07ab4a8f,public_reuse_review,au_pbs,https://www.pbs.gov.au/publication/schedule/2024/03/2024-03-01-Errata.pdf?variant=3,au_pbs_archive_2024_03_01_8565496720f9
sha256:bf2c09cdae1fc015d774d3322724da6c335adc7246209ee2b78862fe951211a5,264808,evidence:sha256:bf2c09cdae1fc015d774d3322724da6c335adc7246209ee2b78862fe951211a5,rights_constrained_reference,2026-08-27T08:02:43.936236+00:00,sha256:bf2c09cdae1fc015d774d3322724da6c335adc7246209ee2b78862fe951211a5,B2 historical checksum reference records current-run fixity; source bytes remain ignored and local.,bf2c09cdae1fc015d774d3322724da6c335adc7246209ee2b78862fe951211a5,public_reuse_review,au_pbs,https://www.pbs.gov.au/publication/schedule/2025/07/errata-for-2025-07-01-abemaciclib.pdf?variant=3,au_pbs_archive_2025_07_01_9be293e6a80e
sha256:bf42c115a86ee68fdbe0ff593c9694169a1b55e3c635994baa60523740d22d10,2710747,evidence:sha256:bf42c115a86ee68fdbe0ff593c9694169a1b55e3c635994baa60523740d22d10,rights_constrained_reference,2026-08-27T08:02:43.936236+00:00,sha256:bf42c115a86ee68fdbe0ff593c9694169a1b55e3c635994baa60523740d22d10,B2 historical checksum reference records current-run fixity; source bytes remain ignored and local.,bf42c115a86ee68fdbe0ff593c9694169a1b55e3c635994baa60523740d22d10,public_reuse_review,au_pbs,https://www.pbs.gov.au/publication/schedule/2023/10/2023-10-01-general-soc.pdf?variant=3,au_pbs_archive_2023_10_01_974cd1e10bc8
sha256:bf47f998767330d482e7b305493f11948bfe051b51e32d44dc5d4fcf09267875,257450,evidence:sha256:bf47f998767330d482e7b305493f11948bfe051b51e32d44dc5d4fcf09267875,rights_constrained_reference,2026-08-27T08:02:43.936236+00:00,sha256:bf47f998767330d482e7b305493f11948bfe051b51e32d44dc5d4fcf09267875,B2 historical checksum reference records current-run fixity; source bytes remain ignored and local.,bf47f998767330d482e7b305493f11948bfe051b51e32d44dc5d4fcf09267875,public_reuse_review,au_pbs,https://www.pbs.gov.au/publication/schedule/2024/08/2024-08-01-Errata.pdf?variant=3,au_pbs_archive_2024_08_01_f5909c02107e
sha256:bf9c2a9132a6c9a5602f14592860b8d80c97e8fd57c29a26e5323b0a40ee0532,2350170,evidence:sha256:bf9c2a9132a6c9a5602f14592860b8d80c97e8fd57c29a26e5323b0a40ee0532,rights_constrained_reference,2026-08-27T08:02:43.936236+00:00,sha256:bf9c2a9132a6c9a5602f14592860b8d80c97e8fd57c29a26e5323b0a40ee0532,B2 historical checksum reference records current-run fixity; source bytes remain ignored and local.,bf9c2a9132a6c9a5602f14592860b8d80c97e8fd57c29a26e5323b0a40ee0532,public_reuse_review,au_mbs,https://www.mbsonline.gov.au/internet/mbsonline/publishing.nsf/Content/515793D58E889BD0CA257CD100033990/$File/1997-05-MBS.pdf,au_mbs_historical_0106
sha256:bfa5b3d3bdda0bcd285e8a240820f75625c14c212db01fdb8046a8bcc518e06f,676090,evidence:sha256:bfa5b3d3bdda0bcd285e8a240820f75625c14c212db01fdb8046a8bcc518e06f,rights_constrained_reference,2026-08-27T08:02:43.936236+00:00,sha256:bfa5b3d3bdda0bcd285e8a240820f75625c14c212db01fdb8046a8bcc518e06f,B2 historical checksum reference records current-run fixity; source bytes remain ignored and local.,bfa5b3d3bdda0bcd285e8a240820f75625c14c212db01fdb8046a8bcc518e06f,public_reuse_review,au_mbs,https://www.mbsonline.gov.au/internet/mbsonline/publishing.nsf/Content/1BC94358D4F276D3CA257CCF0000AA73/$File/MBS%20Item%20Information.pdf,au_mbs_historical_0013
sha256:c013b85835befa31565773571ffe83cd46a34b7a68502cf88ff8cbfe5f13c1f6,4812171,evidence:sha256:c013b85835befa31565773571ffe83cd46a34b7a68502cf88ff8cbfe5f13c1f6,rights_constrained_reference,2026-08-27T08:02:43.936236+00:00,sha256:c013b85835befa31565773571ffe83cd46a34b7a68502cf88ff8cbfe5f13c1f6,B2 historical checksum reference records current-run fixity; source bytes remain ignored and local.,c013b85835befa31565773571ffe83cd46a34b7a68502cf88ff8cbfe5f13c1f6,public_reuse_review,au_pbs,https://www.pbs.gov.au/publication/schedule/2021/04/Addendum-for-2021-04-01.pdf?variant=3,au_pbs_archive_2021_04_01_820c94477e78
sha256:c015ee5f8a2db7456b6e30e858c67ac85d5b698307dc28914ee6d28bcc35b82d,7485145,evidence:sha256:c015ee5f8a2db7456b6e30e858c67ac85d5b698307dc28914ee6d28bcc35b82d,rights_constrained_reference,2026-08-27T08:02:43.936236+00:00,sha256:c015ee5f8a2db7456b6e30e858c67ac85d5b698307dc28914ee6d28bcc35b82d,B2 historical checksum reference records current-run fixity; source bytes remain ignored and local.,c015ee5f8a2db7456b6e30e858c67ac85d5b698307dc28914ee6d28bcc35b82d,public_reuse_review,au_pbs,https://www.pbs.gov.au/publication/schedule/2009/2009-01-01-general-schedule.pdf?variant=3,au_pbs_archive_2009_01_01_eb783054dd62
sha256:c03119ae4f4b339785cb26b69703a32df11e781029d65ecd6d450e529fab830e,20209512,evidence:sha256:c03119ae4f4b339785cb26b69703a32df11e781029d65ecd6d450e529fab830e,rights_constrained_reference,2026-08-27T08:02:43.936236+00:00,sha256:c03119ae4f4b339785cb26b69703a32df11e781029d65ecd6d450e529fab830e,B2 historical checksum reference records current-run fixity; source bytes remain ignored and local.,c03119ae4f4b339785cb26b69703a32df11e781029d65ecd6d450e529fab830e,public_reuse_review,au_pbs,https://www.pbs.gov.au/publication/schedule/1951-2002/1998-11-01-consolidated-schedules.pdf?variant=3,au_pbs_archive_1998_11_01_b776ffb13bb1
sha256:c03c1e528f7e679d7cd09bd42226d7d6d5e996f5711508b42611b5203d515ae8,958913,evidence:sha256:c03c1e528f7e679d7cd09bd42226d7d6d5e996f5711508b42611b5203d515ae8,rights_constrained_reference,2026-08-27T08:02:43.936236+00:00,sha256:c03c1e528f7e679d7cd09bd42226d7d6d5e996f5711508b42611b5203d515ae8,B2 historical checksum reference records current-run fixity; source bytes remain ignored and local.,c03c1e528f7e679d7cd09bd42226d7d6d5e996f5711508b42611b5203d515ae8,public_reuse_review,au_pbs,https://www.pbs.gov.au/publication/schedule/2017/07/2017-07-01-general-soc.pdf?variant=3,au_pbs_archive_2017_07_01_d790b2fd3b74
sha256:c09b7d2e219156bcfb2dd0c1a55ef13b2dd4972fe4ff739775ba21386fb67d4b,503543,evidence:sha256:c09b7d2e219156bcfb2dd0c1a55ef13b2dd4972fe4ff739775ba21386fb67d4b,rights_constrained_reference,2026-08-27T08:02:43.936236+00:00,sha256:c09b7d2e219156bcfb2dd0c1a55ef13b2dd4972fe4ff739775ba21386fb67d4b,B2 historical checksum reference records current-run fixity; source bytes remain ignored and local.,c09b7d2e219156bcfb2dd0c1a55ef13b2dd4972fe4ff739775ba21386fb67d4b,public_reuse_review,au_mbs,https://www.mbsonline.gov.au/internet/mbsonline/publishing.nsf/Content/8F3FA58ED97DCA35CA2584BE00111151/$File/202001-Cat3%2018Dec2019.zip,au_mbs_historical_0203
sha256:c0abf948f08717d8bb3807af44f57342ff8cdf8da30905add7db8bf4a3e6310f,721083,evidence:sha256:c0abf948f08717d8bb3807af44f57342ff8cdf8da30905add7db8bf4a3e6310f,rights_constrained_reference,2026-08-27T08:02:43.936236+00:00,sha256:c0abf948f08717d8bb3807af44f57342ff8cdf8da30905add7db8bf4a3e6310f,B2 historical checksum reference records current-run fixity; source bytes remain ignored and local.,c0abf948f08717d8bb3807af44f57342ff8cdf8da30905add7db8bf4a3e6310f,public_reuse_review,au_mbs,https://www.mbsonline.gov.au/internet/mbsonline/publishing.nsf/Content/515793D58E889BD0CA257CD100033990/$File/2002-05-MBS.pdf,au_mbs_historical_0123
sha256:c105108e441c40d2a15ae2de378c73f02981853140ba8bf2ca090ac3250c77d1,51973,evidence:sha256:c105108e441c40d2a15ae2de378c73f02981853140ba8bf2ca090ac3250c77d1,rights_constrained_reference,2026-08-27T08:02:43.936236+00:00,sha256:c105108e441c40d2a15ae2de378c73f02981853140ba8bf2ca090ac3250c77d1,B2 historical checksum reference records current-run fixity; source bytes remain ignored and local.,c105108e441c40d2a15ae2de378c73f02981853140ba8bf2ca090ac3250c77d1,public_reuse_review,au_pbs,https://www.pbs.gov.au/publication/schedule/2009/2009-10-01-dental-book-soc.pdf?variant=3,au_pbs_archive_2009_10_01_9be647f11be9
sha256:c15e10f1107900323697e7c11f3c17e0b6824c73f188872376097ffea9be242a,331882,evidence:sha256:c15e10f1107900323697e7c11f3c17e0b6824c73f188872376097ffea9be242a,rights_constrained_reference,2026-08-27T08:02:43.936236+00:00,sha256:c15e10f1107900323697e7c11f3c17e0b6824c73f188872376097ffea9be242a,B2 historical checksum reference records current-run fixity; source bytes remain ignored and local.,c15e10f1107900323697e7c11f3c17e0b6824c73f188872376097ffea9be242a,public_reuse_review,au_pbs,https://www.pbs.gov.au/publication/schedule/2010/2010-07-01-general-schedule-SOC.pdf?variant=3,au_pbs_archive_2010_07_01_ba33a594cbb9
sha256:c1647314cc30d177b4b6be6fa417f39e452328bf4762f74254240fc705942d2e,24054025,evidence:sha256:c1647314cc30d177b4b6be6fa417f39e452328bf4762f74254240fc705942d2e,rights_constrained_reference,2026-08-27T08:02:43.936236+00:00,sha256:c1647314cc30d177b4b6be6fa417f39e452328bf4762f74254240fc705942d2e,B2 historical checksum reference records current-run fixity; source bytes remain ignored and local.,c1647314cc30d177b4b6be6fa417f39e452328bf4762f74254240fc705942d2e,public_reuse_review,au_pbs,https://www.pbs.gov.au/publication/schedule/2023/10/2023-10-01-general-schedule-volume-1.pdf?variant=3,au_pbs_archive_2023_10_01_b6f7202f5965
sha256:c1c83bd3e245435e8626a29f19930e41f25a444bdb9a03c2eeb27b3119f97b25,211836,evidence:sha256:c1c83bd3e245435e8626a29f19930e41f25a444bdb9a03c2eeb27b3119f97b25,rights_constrained_reference,2026-08-27T08:02:43.936236+00:00,sha256:c1c83bd3e245435e8626a29f19930e41f25a444bdb9a03c2eeb27b3119f97b25,B2 historical checksum reference records current-run fixity; source bytes remain ignored and local.,c1c83bd3e245435e8626a29f19930e41f25a444bdb9a03c2eeb27b3119f97b25,public_reuse_review,au_pbs,https://www.pbs.gov.au/publication/schedule/2020/10/updated-pbs-text-files.pdf?variant=3,au_pbs_archive_unknown_00fe61de194c
sha256:c22b169eaa4f932a180d0adf45519457a1ef01b291b91bcf705e3e47bfbc3fea,14828883,evidence:sha256:c22b169eaa4f932a180d0adf45519457a1ef01b291b91bcf705e3e47bfbc3fea,rights_constrained_reference,2026-08-27T08:02:43.936236+00:00,sha256:c22b169eaa4f932a180d0adf45519457a1ef01b291b91bcf705e3e47bfbc3fea,B2 historical checksum reference records current-run fixity; source bytes remain ignored and local.,c22b169eaa4f932a180d0adf45519457a1ef01b291b91bcf705e3e47bfbc3fea,public_reuse_review,au_pbs,https://www.pbs.gov.au/publication/schedule/2019/09/2019-09-01-general-schedule-volume-1.pdf?variant=3,au_pbs_archive_2019_09_01_53a8108c500d
sha256:c2da82ca55a0dda7d1d5968f01691feff0fde1139424f08d4ad14c7f8dbb0ab3,319314,evidence:sha256:c2da82ca55a0dda7d1d5968f01691feff0fde1139424f08d4ad14c7f8dbb0ab3,rights_constrained_reference,2026-08-27T08:02:43.936236+00:00,sha256:c2da82ca55a0dda7d1d5968f01691feff0fde1139424f08d4ad14c7f8dbb0ab3,B2 historical checksum reference records current-run fixity; source bytes remain ignored and local.,c2da82ca55a0dda7d1d5968f01691feff0fde1139424f08d4ad14c7f8dbb0ab3,public_reuse_review,au_mbs,https://www.mbsonline.gov.au/internet/mbsonline/publishing.nsf/Content/E137A6BDE8494881CA2585FF000A72FF/$File/201207-Optom.pdf,au_mbs_historical_0310
sha256:c2f3d479a5f8dde6b0436fc25308848289a9a6bdcfd60bb17cfdef9ea8d0ed3a,500930,evidence:sha256:c2f3d479a5f8dde6b0436fc25308848289a9a6bdcfd60bb17cfdef9ea8d0ed3a,rights_constrained_reference,2026-08-27T08:02:43.936236+00:00,sha256:c2f3d479a5f8dde6b0436fc25308848289a9a6bdcfd60bb17cfdef9ea8d0ed3a,B2 historical checksum reference records current-run fixity; source bytes remain ignored and local.,c2f3d479a5f8dde6b0436fc25308848289a9a6bdcfd60bb17cfdef9ea8d0ed3a,public_reuse_review,au_mbs,https://www.mbsonline.gov.au/internet/mbsonline/publishing.nsf/Content/515793D58E889BD0CA257CD100033990/$File/200911-Optometrical.pdf,au_mbs_historical_0166
sha256:c3d7209c71fa950172c1aaa878390f0855eaf081bdc67def1f3e1c309878b941,1036856,evidence:sha256:c3d7209c71fa950172c1aaa878390f0855eaf081bdc67def1f3e1c309878b941,rights_constrained_reference,2026-08-27T08:02:43.936236+00:00,sha256:c3d7209c71fa950172c1aaa878390f0855eaf081bdc67def1f3e1c309878b941,B2 historical checksum reference records current-run fixity; source bytes remain ignored and local.,c3d7209c71fa950172c1aaa878390f0855eaf081bdc67def1f3e1c309878b941,public_reuse_review,au_pbs,https://www.pbs.gov.au/publication/schedule/2021/02/2021-02-01-general-soc.pdf?variant=3,au_pbs_archive_2021_02_01_0de7956b42c8
sha256:c3e758749063e8bfc00e0f639470bb8533114836254ac2094439564740dab07d,469970,evidence:sha256:c3e758749063e8bfc00e0f639470bb8533114836254ac2094439564740dab07d,rights_constrained_reference,2026-08-27T08:02:43.936236+00:00,sha256:c3e758749063e8bfc00e0f639470bb8533114836254ac2094439564740dab07d,B2 historical checksum reference records current-run fixity; source bytes remain ignored and local.,c3e758749063e8bfc00e0f639470bb8533114836254ac2094439564740dab07d,public_reuse_review,au_mbs,https://www.mbsonline.gov.au/internet/mbsonline/publishing.nsf/Content/94D54B959677561ECA2585FF000015E3/$File/201303-Allied.pdf,au_mbs_historical_0231
sha256:c4097e66fd7d1607d8bc87ea78ecfe7015453ca149717bd0ba57557928db267f,117616,evidence:sha256:c4097e66fd7d1607d8bc87ea78ecfe7015453ca149717bd0ba57557928db267f,rights_constrained_reference,2026-08-27T08:02:43.936236+00:00,sha256:c4097e66fd7d1607d8bc87ea78ecfe7015453ca149717bd0ba57557928db267f,B2 historical checksum reference records current-run fixity; source bytes remain ignored and local.,c4097e66fd7d1607d8bc87ea78ecfe7015453ca149717bd0ba57557928db267f,public_reuse_review,au_pbs,https://www.pbs.gov.au/publication/schedule/2018/12/2018-12-01-errata.pdf?variant=3,au_pbs_archive_2018_12_01_6ce489c25025
sha256:c4288d15f0d0a21f98d1d7a82e83d02d8486ebfd46cf7e2fc017c85e3c40cfd7,2409711,evidence:sha256:c4288d15f0d0a21f98d1d7a82e83d02d8486ebfd46cf7e2fc017c85e3c40cfd7,rights_constrained_reference,2026-08-27T08:02:43.936236+00:00,sha256:c4288d15f0d0a21f98d1d7a82e83d02d8486ebfd46cf7e2fc017c85e3c40cfd7,B2 historical checksum reference records current-run fixity; source bytes remain ignored and local.,c4288d15f0d0a21f98d1d7a82e83d02d8486ebfd46cf7e2fc017c85e3c40cfd7,public_reuse_review,au_pbs,https://www.pbs.gov.au/publication/schedule/2025/08/2025-08-01-general-soc.pdf?variant=3,au_pbs_archive_2025_08_01_0c5c833c753d
sha256:c444f913047b7114ce5302427dab74784e8985d0c3878833722089a4019f0699,22634237,evidence:sha256:c444f913047b7114ce5302427dab74784e8985d0c3878833722089a4019f0699,rights_constrained_reference,2026-08-27T08:02:43.936236+00:00,sha256:c444f913047b7114ce5302427dab74784e8985d0c3878833722089a4019f0699,B2 historical checksum reference records current-run fixity; source bytes remain ignored and local.,c444f913047b7114ce5302427dab74784e8985d0c3878833722089a4019f0699,public_reuse_review,au_pbs,https://www.pbs.gov.au/publication/schedule/2020/12/2020-12-01-general-schedule-volume-1.pdf?variant=3,au_pbs_archive_2020_12_01_13ab7e20c837
sha256:c4c07cbd94aa52aed3771e88d14abfe2858580edeee5da2407aedab040e5ce36,4214602,evidence:sha256:c4c07cbd94aa52aed3771e88d14abfe2858580edeee5da2407aedab040e5ce36,rights_constrained_reference,2026-08-27T08:02:43.936236+00:00,sha256:c4c07cbd94aa52aed3771e88d14abfe2858580edeee5da2407aedab040e5ce36,B2 historical checksum reference records current-run fixity; source bytes remain ignored and local.,c4c07cbd94aa52aed3771e88d14abfe2858580edeee5da2407aedab040e5ce36,public_reuse_review,au_pbs,https://www.pbs.gov.au/publication/schedule/2009/2009-08-01-general-schedule.pdf?variant=3,au_pbs_archive_2009_08_01_bd9cdb42ab23
sha256:c4cd9806a0d555253c54d65746c3c0ae6f05740b03bdb4a5ca41ea798f4d1038,463944,evidence:sha256:c4cd9806a0d555253c54d65746c3c0ae6f05740b03bdb4a5ca41ea798f4d1038,rights_constrained_reference,2026-08-27T08:02:43.936236+00:00,sha256:c4cd9806a0d555253c54d65746c3c0ae6f05740b03bdb4a5ca41ea798f4d1038,B2 historical checksum reference records current-run fixity; source bytes remain ignored and local.,c4cd9806a0d555253c54d65746c3c0ae6f05740b03bdb4a5ca41ea798f4d1038,public_reuse_review,au_mbs,https://www.mbsonline.gov.au/internet/mbsonline/publishing.nsf/Content/4C767FC45843CB02CA25898500825ACA/$File/PDF%20version%20of%20the%20July%202023%20Category%207%20-%20Cleft%20Lip%20and%20Cleft%20Palate%20Services.pdf,au_mbs_historical_0059
sha256:c4f5f35e897f068438468f1b7d72e8c63c48d0094fd58c527e914f841613be38,21285248,evidence:sha256:c4f5f35e897f068438468f1b7d72e8c63c48d0094fd58c527e914f841613be38,rights_constrained_reference,2026-08-27T08:02:43.936236+00:00,sha256:c4f5f35e897f068438468f1b7d72e8c63c48d0094fd58c527e914f841613be38,B2 historical checksum reference records current-run fixity; source bytes remain ignored and local.,c4f5f35e897f068438468f1b7d72e8c63c48d0094fd58c527e914f841613be38,public_reuse_review,au_pbs,https://www.pbs.gov.au/publication/schedule/2019/03/2019-03-01-general-schedule.pdf?variant=3,au_pbs_archive_2019_03_01_5f4b7a91e96c
sha256:c51273e67cccb27f5e8c4e4c83847b343950e4cf32436f6b798d434283c7453f,970714,evidence:sha256:c51273e67cccb27f5e8c4e4c83847b343950e4cf32436f6b798d434283c7453f,rights_constrained_reference,2026-08-27T08:02:43.936236+00:00,sha256:c51273e67cccb27f5e8c4e4c83847b343950e4cf32436f6b798d434283c7453f,B2 historical checksum reference records current-run fixity; source bytes remain ignored and local.,c51273e67cccb27f5e8c4e4c83847b343950e4cf32436f6b798d434283c7453f,public_reuse_review,au_pbs,https://www.pbs.gov.au/publication/schedule/2020/11/2020-11-01-general-soc.pdf?variant=3,au_pbs_archive_2020_11_01_594e13e4685c
sha256:c5168cb1814afbffde0b36bca49aab38bb1adcd3c258a450cfe5b05d7edefbcc,289357,evidence:sha256:c5168cb1814afbffde0b36bca49aab38bb1adcd3c258a450cfe5b05d7edefbcc,rights_constrained_reference,2026-08-27T08:02:43.936236+00:00,sha256:c5168cb1814afbffde0b36bca49aab38bb1adcd3c258a450cfe5b05d7edefbcc,B2 historical checksum reference records current-run fixity; source bytes remain ignored and local.,c5168cb1814afbffde0b36bca49aab38bb1adcd3c258a450cfe5b05d7edefbcc,public_reuse_review,au_pbs,https://www.pbs.gov.au/publication/schedule/2024/12/errata-for-2024-12-01.pdf?variant=3,au_pbs_archive_2024_12_01_0a6e447d36ae
sha256:c5215ea2af00d65e66714a11fa730db4184cdc961841eec708e19a87593d551d,50601,evidence:sha256:c5215ea2af00d65e66714a11fa730db4184cdc961841eec708e19a87593d551d,rights_constrained_reference,2026-08-27T08:02:43.936236+00:00,sha256:c5215ea2af00d65e66714a11fa730db4184cdc961841eec708e19a87593d551d,B2 historical checksum reference records current-run fixity; source bytes remain ignored and local.,c5215ea2af00d65e66714a11fa730db4184cdc961841eec708e19a87593d551d,public_reuse_review,au_pbs,https://www.pbs.gov.au/publication/schedule/2008/2008-12-01-dental-book-soc.pdf?variant=3,au_pbs_archive_2008_12_01_902ec3817b54
sha256:c568e00843c3e663d26a21a2d49833afa4150de3c0fff272ee4f9f2c41aa8a8b,2035277,evidence:sha256:c568e00843c3e663d26a21a2d49833afa4150de3c0fff272ee4f9f2c41aa8a8b,rights_constrained_reference,2026-08-27T08:02:43.936236+00:00,sha256:c568e00843c3e663d26a21a2d49833afa4150de3c0fff272ee4f9f2c41aa8a8b,B2 historical checksum reference records current-run fixity; source bytes remain ignored and local.,c568e00843c3e663d26a21a2d49833afa4150de3c0fff272ee4f9f2c41aa8a8b,public_reuse_review,au_pbs,https://www.pbs.gov.au/publication/schedule/2025/07/2025-07-01-general-soc.pdf?variant=3,au_pbs_archive_2025_07_01_035c90d6d46b
sha256:c5792ae8186de049c171468f47bc6c9c381a60c7e25287447e86f7ac710ab767,12092,evidence:sha256:c5792ae8186de049c171468f47bc6c9c381a60c7e25287447e86f7ac710ab767,rights_constrained_reference,2026-08-27T08:02:43.936236+00:00,sha256:c5792ae8186de049c171468f47bc6c9c381a60c7e25287447e86f7ac710ab767,B2 historical checksum reference records current-run fixity; source bytes remain ignored and local.,c5792ae8186de049c171468f47bc6c9c381a60c7e25287447e86f7ac710ab767,public_reuse_review,au_mbs,https://www.mbsonline.gov.au/internet/mbsonline/publishing.nsf/650f3eec0dfb990fca25692100069854/0b61e1e80b332754ca258c9e0000c7d8/$FILE/RVG%20file%2020250701.TXT,au_mbs_historical_0003
sha256:c5ce478278d5e525eea22d976ca00419e8665015c768af88951456689f0df431,8880364,evidence:sha256:c5ce478278d5e525eea22d976ca00419e8665015c768af88951456689f0df431,rights_constrained_reference,2026-08-27T08:02:43.936236+00:00,sha256:c5ce478278d5e525eea22d976ca00419e8665015c768af88951456689f0df431,B2 historical checksum reference records current-run fixity; source bytes remain ignored and local.,c5ce478278d5e525eea22d976ca00419e8665015c768af88951456689f0df431,public_reuse_review,au_pbs,https://www.pbs.gov.au/publication/schedule/2020/05/2020-05-01-general-schedule-volume-2.pdf?variant=3,au_pbs_archive_2020_05_01_6572d5160e9d
sha256:c5f565349d7105fea5076d5613269942fe6206d95f4e79d48ee460c8129d17c7,802562,evidence:sha256:c5f565349d7105fea5076d5613269942fe6206d95f4e79d48ee460c8129d17c7,rights_constrained_reference,2026-08-27T08:02:43.936236+00:00,sha256:c5f565349d7105fea5076d5613269942fe6206d95f4e79d48ee460c8129d17c7,B2 historical checksum reference records current-run fixity; source bytes remain ignored and local.,c5f565349d7105fea5076d5613269942fe6206d95f4e79d48ee460c8129d17c7,public_reuse_review,au_pbs,https://www.pbs.gov.au/publication/schedule/2015/04/2015-04-01-general-schedule-soc.pdf?variant=3,au_pbs_archive_2015_04_01_78213638041e
sha256:c5f9e76946a2e3786c24c85001f3a447b376533d935b364a3860c60164918a89,3490640,evidence:sha256:c5f9e76946a2e3786c24c85001f3a447b376533d935b364a3860c60164918a89,rights_constrained_reference,2026-08-27T08:02:43.936236+00:00,sha256:c5f9e76946a2e3786c24c85001f3a447b376533d935b364a3860c60164918a89,B2 historical checksum reference records current-run fixity; source bytes remain ignored and local.,c5f9e76946a2e3786c24c85001f3a447b376533d935b364a3860c60164918a89,public_reuse_review,au_pbs,https://www.pbs.gov.au/publication/schedule/2023/12/2023-12-01-general-soc.pdf?variant=3,au_pbs_archive_2023_12_01_5d5307ff08ec
sha256:c5ff78e72b2a24e01c21fecd90de79454acaaa410e39dff74c2ae2aa05bfd7ab,6768587,evidence:sha256:c5ff78e72b2a24e01c21fecd90de79454acaaa410e39dff74c2ae2aa05bfd7ab,rights_constrained_reference,2026-08-27T08:02:43.936236+00:00,sha256:c5ff78e72b2a24e01c21fecd90de79454acaaa410e39dff74c2ae2aa05bfd7ab,B2 historical checksum reference records current-run fixity; source bytes remain ignored and local.,c5ff78e72b2a24e01c21fecd90de79454acaaa410e39dff74c2ae2aa05bfd7ab,public_reuse_review,au_pbs,https://www.pbs.gov.au/publication/schedule/1951-2002/1972-12-01-PBS-Schedule-Medical-Practitioners.pdf?variant=3,au_pbs_archive_1972_12_01_4855e1f6ade0
sha256:c6033d230a7ff10adca11f9018877e79a557d2cdb3b7a1ed533f846b5dbe8423,4022238,evidence:sha256:c6033d230a7ff10adca11f9018877e79a557d2cdb3b7a1ed533f846b5dbe8423,rights_constrained_reference,2026-08-27T08:02:43.936236+00:00,sha256:c6033d230a7ff10adca11f9018877e79a557d2cdb3b7a1ed533f846b5dbe8423,B2 historical checksum reference records current-run fixity; source bytes remain ignored and local.,c6033d230a7ff10adca11f9018877e79a557d2cdb3b7a1ed533f846b5dbe8423,public_reuse_review,au_mbs,https://www.mbsonline.gov.au/internet/mbsonline/publishing.nsf/Content/317ACF6351081DB5CA2585FF00086C40/$File/201107-MBS.pdf,au_mbs_historical_0038
sha256:c61fd95f91cdf8051041317ba3b57edf979e3a7efb6b2874f2433320f7ac83e8,437639,evidence:sha256:c61fd95f91cdf8051041317ba3b57edf979e3a7efb6b2874f2433320f7ac83e8,rights_constrained_reference,2026-08-27T08:02:43.936236+00:00,sha256:c61fd95f91cdf8051041317ba3b57edf979e3a7efb6b2874f2433320f7ac83e8,B2 historical checksum reference records current-run fixity; source bytes remain ignored and local.,c61fd95f91cdf8051041317ba3b57edf979e3a7efb6b2874f2433320f7ac83e8,public_reuse_review,au_pbs,https://www.pbs.gov.au/publication/schedule/2008/2008-06-01-dental-book.pdf?variant=3,au_pbs_archive_2008_06_01_3a0b5da2e929
sha256:c67a6e8d440d4d1ab96861d9eff306d76a30cffd25137ad35f711f9d97eb6a91,5529151,evidence:sha256:c67a6e8d440d4d1ab96861d9eff306d76a30cffd25137ad35f711f9d97eb6a91,rights_constrained_reference,2026-08-27T08:02:43.936236+00:00,sha256:c67a6e8d440d4d1ab96861d9eff306d76a30cffd25137ad35f711f9d97eb6a91,B2 historical checksum reference records current-run fixity; source bytes remain ignored and local.,c67a6e8d440d4d1ab96861d9eff306d76a30cffd25137ad35f711f9d97eb6a91,public_reuse_review,au_pbs,https://www.pbs.gov.au/publication/schedule/2011/09/2011-09-01-general-schedule.pdf?variant=3,au_pbs_archive_2011_09_01_9b94f809c858
sha256:c6a33c3d89a695bb1508f775b6d9c7561209c658625d514b7b81fe88379910a7,2047199,evidence:sha256:c6a33c3d89a695bb1508f775b6d9c7561209c658625d514b7b81fe88379910a7,rights_constrained_reference,2026-08-27T08:02:43.936236+00:00,sha256:c6a33c3d89a695bb1508f775b6d9c7561209c658625d514b7b81fe88379910a7,B2 historical checksum reference records current-run fixity; source bytes remain ignored and local.,c6a33c3d89a695bb1508f775b6d9c7561209c658625d514b7b81fe88379910a7,public_reuse_review,au_pbs,https://www.pbs.gov.au/publication/schedule/2018/04/2018-04-01-general-soc.pdf?variant=3,au_pbs_archive_2018_04_01_7bf55bbeb72e
sha256:c6fc252d5245ab396824a5ac30e832b21ca26f368f7a3a8d889fd61f4a141a60,558111,evidence:sha256:c6fc252d5245ab396824a5ac30e832b21ca26f368f7a3a8d889fd61f4a141a60,rights_constrained_reference,2026-08-27T08:02:43.936236+00:00,sha256:c6fc252d5245ab396824a5ac30e832b21ca26f368f7a3a8d889fd61f4a141a60,B2 historical checksum reference records current-run fixity; source bytes remain ignored and local.,c6fc252d5245ab396824a5ac30e832b21ca26f368f7a3a8d889fd61f4a141a60,public_reuse_review,au_pbs,https://www.pbs.gov.au/publication/schedule/2011/06/2011-06-01-chemotherapy-booklet.pdf?variant=3,au_pbs_archive_2011_06_01_bb820c5baa79
sha256:c7105450c0d1019bc031f850316787fac21cd884b52827b8c5a34627948a8a37,7793759,evidence:sha256:c7105450c0d1019bc031f850316787fac21cd884b52827b8c5a34627948a8a37,rights_constrained_reference,2026-08-27T08:02:43.936236+00:00,sha256:c7105450c0d1019bc031f850316787fac21cd884b52827b8c5a34627948a8a37,B2 historical checksum reference records current-run fixity; source bytes remain ignored and local.,c7105450c0d1019bc031f850316787fac21cd884b52827b8c5a34627948a8a37,public_reuse_review,au_pbs,https://www.pbs.gov.au/publication/schedule/2012/08/2012-08-01-general-schedule.pdf?variant=3,au_pbs_archive_2012_08_01_86267c77d903
sha256:c71d103349ee72bcc64d944da2e5961530702395fa380605f4ab34a83391ccb9,1498863,evidence:sha256:c71d103349ee72bcc64d944da2e5961530702395fa380605f4ab34a83391ccb9,rights_constrained_reference,2026-08-27T08:02:43.936236+00:00,sha256:c71d103349ee72bcc64d944da2e5961530702395fa380605f4ab34a83391ccb9,B2 historical checksum reference records current-run fixity; source bytes remain ignored and local.,c71d103349ee72bcc64d944da2e5961530702395fa380605f4ab34a83391ccb9,public_reuse_review,au_pbs,https://www.pbs.gov.au/publication/schedule/2017/09/2017-09-01-general-soc.pdf?variant=3,au_pbs_archive_2017_09_01_80e85d857918
sha256:c723cdc2cbb431babb3054bfc6af2a37dfe029fa6bd85f730abb8fde58c9b11a,13832073,evidence:sha256:c723cdc2cbb431babb3054bfc6af2a37dfe029fa6bd85f730abb8fde58c9b11a,rights_constrained_reference,2026-08-27T08:02:43.936236+00:00,sha256:c723cdc2cbb431babb3054bfc6af2a37dfe029fa6bd85f730abb8fde58c9b11a,B2 historical checksum reference records current-run fixity; source bytes remain ignored and local.,c723cdc2cbb431babb3054bfc6af2a37dfe029fa6bd85f730abb8fde58c9b11a,public_reuse_review,au_pbs,https://www.pbs.gov.au/publication/schedule/2025/10/2025-10-01-general-schedule-volume-1.pdf?variant=3,au_pbs_archive_2025_10_01_879b68cdca17
sha256:c73883dbddb5e5eb8397a2e5fa008e71760e81236c9ee5b5d92f4918daeead2e,62434,evidence:sha256:c73883dbddb5e5eb8397a2e5fa008e71760e81236c9ee5b5d92f4918daeead2e,rights_constrained_reference,2026-07-23T01:53:48.062162+00:00,sha256:c73883dbddb5e5eb8397a2e5fa008e71760e81236c9ee5b5d92f4918daeead2e,B2 reviewed-snapshot reference preserves fixity and rights state without redistributing source bytes.,c73883dbddb5e5eb8397a2e5fa008e71760e81236c9ee5b5d92f4918daeead2e,public_reuse_review,us_cms_asp,https://www.cms.gov/medicare/payment/part-b-drugs/asp-pricing-files,us_cms_asp_july_2026_payment_limit
sha256:c7583b56f6583d8ddf4134e3edd34bc3bc8bbfffc069c16b29d517b5d2ec6193,787168,evidence:sha256:c7583b56f6583d8ddf4134e3edd34bc3bc8bbfffc069c16b29d517b5d2ec6193,rights_constrained_reference,2026-08-27T08:02:43.936236+00:00,sha256:c7583b56f6583d8ddf4134e3edd34bc3bc8bbfffc069c16b29d517b5d2ec6193,B2 historical checksum reference records current-run fixity; source bytes remain ignored and local.,c7583b56f6583d8ddf4134e3edd34bc3bc8bbfffc069c16b29d517b5d2ec6193,public_reuse_review,au_pbs,https://www.pbs.gov.au/publication/schedule/2013/01/2013-01-01-pbs-summary-of-changes.pdf?variant=3,au_pbs_archive_2013_01_01_8d3c48c58c6f
sha256:c79f0a6830262f37fa20e7da1d4ff81494524fc5a85b80a399bfee3edab6b721,2768977,evidence:sha256:c79f0a6830262f37fa20e7da1d4ff81494524fc5a85b80a399bfee3edab6b721,rights_constrained_reference,2026-08-27T08:02:43.936236+00:00,sha256:c79f0a6830262f37fa20e7da1d4ff81494524fc5a85b80a399bfee3edab6b721,B2 historical checksum reference records current-run fixity; source bytes remain ignored and local.,c79f0a6830262f37fa20e7da1d4ff81494524fc5a85b80a399bfee3edab6b721,public_reuse_review,au_pbs,https://www.pbs.gov.au/publication/schedule/2011/11/2011-11-01-chemotherapy-booklet.pdf?variant=3,au_pbs_archive_2011_11_01_862fc7f2aa74
sha256:c7a4bcd62783ab7347553a1425721b772598b446d347bc63fc06e005c498a010,356141,evidence:sha256:c7a4bcd62783ab7347553a1425721b772598b446d347bc63fc06e005c498a010,rights_constrained_reference,2026-08-27T08:02:43.936236+00:00,sha256:c7a4bcd62783ab7347553a1425721b772598b446d347bc63fc06e005c498a010,B2 historical checksum reference records current-run fixity; source bytes remain ignored and local.,c7a4bcd62783ab7347553a1425721b772598b446d347bc63fc06e005c498a010,public_reuse_review,au_mbs,https://www.mbsonline.gov.au/internet/mbsonline/publishing.nsf/Content/94D54B959677561ECA2585FF000015E3/$File/201301-Optom.pdf,au_mbs_historical_0230
sha256:c8219a546b3772c3581f4937ddc8f61a062de727dff950d4257697534f90677b,614650,evidence:sha256:c8219a546b3772c3581f4937ddc8f61a062de727dff950d4257697534f90677b,rights_constrained_reference,2026-08-27T08:02:43.936236+00:00,sha256:c8219a546b3772c3581f4937ddc8f61a062de727dff950d4257697534f90677b,B2 historical checksum reference records current-run fixity; source bytes remain ignored and local.,c8219a546b3772c3581f4937ddc8f61a062de727dff950d4257697534f90677b,public_reuse_review,au_pbs,https://www.pbs.gov.au/publication/schedule/2016/02/2016-02-01-general-schedule-soc.pdf?variant=3,au_pbs_archive_2016_02_01_0eb106b60d7d
sha256:c8752b8d2faef80caa749d643f2a50c886650b93a4835fb41352aa091387ef7e,18422731,evidence:sha256:c8752b8d2faef80caa749d643f2a50c886650b93a4835fb41352aa091387ef7e,rights_constrained_reference,2026-08-27T08:02:43.936236+00:00,sha256:c8752b8d2faef80caa749d643f2a50c886650b93a4835fb41352aa091387ef7e,B2 historical checksum reference records current-run fixity; source bytes remain ignored and local.,c8752b8d2faef80caa749d643f2a50c886650b93a4835fb41352aa091387ef7e,public_reuse_review,au_pbs,https://www.pbs.gov.au/publication/schedule/2025/09/2025-09-01-general-schedule-volume-1.pdf?variant=3,au_pbs_archive_2025_09_01_8224fcbab5ac
sha256:c8de86f181f3fa10634df60a4f8a692e1703262bc68325188af834de5f8699e8,5306732,evidence:sha256:c8de86f181f3fa10634df60a4f8a692e1703262bc68325188af834de5f8699e8,rights_constrained_reference,2026-08-27T08:02:43.936236+00:00,sha256:c8de86f181f3fa10634df60a4f8a692e1703262bc68325188af834de5f8699e8,B2 historical checksum reference records current-run fixity; source bytes remain ignored and local.,c8de86f181f3fa10634df60a4f8a692e1703262bc68325188af834de5f8699e8,public_reuse_review,au_pbs,https://www.pbs.gov.au/publication/schedule/2026/04/2026-04-01-general-soc.pdf?variant=3,au_pbs_archive_2026_04_01_ff7f8a879e8a
sha256:c94c4bed33f8d578fb5c33338b65e4384f0693d6fef287a857522ccdd625a1a1,467440,evidence:sha256:c94c4bed33f8d578fb5c33338b65e4384f0693d6fef287a857522ccdd625a1a1,rights_constrained_reference,2026-08-27T08:02:43.936236+00:00,sha256:c94c4bed33f8d578fb5c33338b65e4384f0693d6fef287a857522ccdd625a1a1,B2 historical checksum reference records current-run fixity; source bytes remain ignored and local.,c94c4bed33f8d578fb5c33338b65e4384f0693d6fef287a857522ccdd625a1a1,public_reuse_review,au_pbs,https://www.pbs.gov.au/publication/schedule/2013/05/2013-05-01-errata.pdf?variant=3,au_pbs_archive_2013_05_01_5bad840fafe2
sha256:c95dedd40434cb5637de553430beb9447cf241b5f8468b723902ab90e572599e,6479962,evidence:sha256:c95dedd40434cb5637de553430beb9447cf241b5f8468b723902ab90e572599e,rights_constrained_reference,2026-08-27T08:02:43.936236+00:00,sha256:c95dedd40434cb5637de553430beb9447cf241b5f8468b723902ab90e572599e,B2 historical checksum reference records current-run fixity; source bytes remain ignored and local.,c95dedd40434cb5637de553430beb9447cf241b5f8468b723902ab90e572599e,public_reuse_review,au_pbs,https://www.pbs.gov.au/publication/schedule/1951-2002/1986-11-01-consolidated-schedules.pdf?variant=3,au_pbs_archive_1986_11_01_182bc4d5df10
sha256:c9acaacda76772193c0bd74d211730d297220c7c3212a1dc12332ef70d93d828,5505177,evidence:sha256:c9acaacda76772193c0bd74d211730d297220c7c3212a1dc12332ef70d93d828,rights_constrained_reference,2026-08-27T08:02:43.936236+00:00,sha256:c9acaacda76772193c0bd74d211730d297220c7c3212a1dc12332ef70d93d828,B2 historical checksum reference records current-run fixity; source bytes remain ignored and local.,c9acaacda76772193c0bd74d211730d297220c7c3212a1dc12332ef70d93d828,public_reuse_review,au_pbs,https://www.pbs.gov.au/publication/schedule/2012/01/2012-01-01-general-schedule.pdf?variant=3,au_pbs_archive_2012_01_01_da8c94df4960
sha256:ca0ae2ed67b3b502c20b3c7acb236160af3a5db8bb2439df62643eb086e04118,164444,evidence:sha256:ca0ae2ed67b3b502c20b3c7acb236160af3a5db8bb2439df62643eb086e04118,rights_constrained_reference,2026-08-27T08:02:43.936236+00:00,sha256:ca0ae2ed67b3b502c20b3c7acb236160af3a5db8bb2439df62643eb086e04118,B2 historical checksum reference records current-run fixity; source bytes remain ignored and local.,ca0ae2ed67b3b502c20b3c7acb236160af3a5db8bb2439df62643eb086e04118,public_reuse_review,au_mbs,https://www.mbsonline.gov.au/internet/mbsonline/publishing.nsf/Content/317ACF6351081DB5CA2585FF00086C40/$File/201111-Optom.pdf,au_mbs_historical_0044
sha256:ca240ae73f6939fb3abe0abced4e2e8f757d36c58ed9951ec535c63f07e32fa7,482801,evidence:sha256:ca240ae73f6939fb3abe0abced4e2e8f757d36c58ed9951ec535c63f07e32fa7,rights_constrained_reference,2026-08-27T08:02:43.936236+00:00,sha256:ca240ae73f6939fb3abe0abced4e2e8f757d36c58ed9951ec535c63f07e32fa7,B2 historical checksum reference records current-run fixity; source bytes remain ignored and local.,ca240ae73f6939fb3abe0abced4e2e8f757d36c58ed9951ec535c63f07e32fa7,public_reuse_review,au_mbs,https://www.mbsonline.gov.au/internet/mbsonline/publishing.nsf/Content/5DCECCA2E8B2062CCA2586F100070995/$File/RR200701.pdf,au_mbs_historical_0186
sha256:ca2ac012cb32b651c9a164054c7df2885d853924da7c7500f083e1ce9ed14d86,5235171,evidence:sha256:ca2ac012cb32b651c9a164054c7df2885d853924da7c7500f083e1ce9ed14d86,rights_constrained_reference,2026-08-27T08:02:43.936236+00:00,sha256:ca2ac012cb32b651c9a164054c7df2885d853924da7c7500f083e1ce9ed14d86,B2 historical checksum reference records current-run fixity; source bytes remain ignored and local.,ca2ac012cb32b651c9a164054c7df2885d853924da7c7500f083e1ce9ed14d86,public_reuse_review,au_mbs,https://www.mbsonline.gov.au/internet/mbsonline/publishing.nsf/Content/E137A6BDE8494881CA2585FF000A72FF/$File/201211-MBS.pdf,au_mbs_historical_0313
sha256:ca82da602ad96bdcce7a7806559b253c227319417b2ea5cc27b47a69c1fc3ff3,671178,evidence:sha256:ca82da602ad96bdcce7a7806559b253c227319417b2ea5cc27b47a69c1fc3ff3,rights_constrained_reference,2026-08-27T08:02:43.936236+00:00,sha256:ca82da602ad96bdcce7a7806559b253c227319417b2ea5cc27b47a69c1fc3ff3,B2 historical checksum reference records current-run fixity; source bytes remain ignored and local.,ca82da602ad96bdcce7a7806559b253c227319417b2ea5cc27b47a69c1fc3ff3,public_reuse_review,au_pbs,https://www.pbs.gov.au/publication/schedule/2014/11/2014-11-01-general-schedule-soc.pdf?variant=3,au_pbs_archive_2014_11_01_a360da3c393e
sha256:cacaae3678447a9f875cc76edefa50c86caa42baaa91c93ac7d3e445cb0018d7,18224826,evidence:sha256:cacaae3678447a9f875cc76edefa50c86caa42baaa91c93ac7d3e445cb0018d7,rights_constrained_reference,2026-08-27T08:02:43.936236+00:00,sha256:cacaae3678447a9f875cc76edefa50c86caa42baaa91c93ac7d3e445cb0018d7,B2 historical checksum reference records current-run fixity; source bytes remain ignored and local.,cacaae3678447a9f875cc76edefa50c86caa42baaa91c93ac7d3e445cb0018d7,public_reuse_review,au_mbs,https://www.mbsonline.gov.au/internet/mbsonline/publishing.nsf/Content/90CB91EE0B6FB8A9CA2586140082584E/$File/201807-MBS.pdf,au_mbs_historical_0225
sha256:cb4bbccb04ff168a30f35e423d8ae6c37d2044c31f63c11645145cfe9d78ac26,5838220,evidence:sha256:cb4bbccb04ff168a30f35e423d8ae6c37d2044c31f63c11645145cfe9d78ac26,rights_constrained_reference,2026-08-27T08:02:43.936236+00:00,sha256:cb4bbccb04ff168a30f35e423d8ae6c37d2044c31f63c11645145cfe9d78ac26,B2 historical checksum reference records current-run fixity; source bytes remain ignored and local.,cb4bbccb04ff168a30f35e423d8ae6c37d2044c31f63c11645145cfe9d78ac26,public_reuse_review,au_pbs,https://www.pbs.gov.au/publication/schedule/2019/02/2019-02-01-general-soc.pdf?variant=3,au_pbs_archive_2019_02_01_e130668f23ac
sha256:cb66434761db9b20d71a5adfad867ba8cbbbf7b53610c18906378a6f3433f6c1,1756271,evidence:sha256:cb66434761db9b20d71a5adfad867ba8cbbbf7b53610c18906378a6f3433f6c1,rights_constrained_reference,2026-08-27T08:02:43.936236+00:00,sha256:cb66434761db9b20d71a5adfad867ba8cbbbf7b53610c18906378a6f3433f6c1,B2 historical checksum reference records current-run fixity; source bytes remain ignored and local.,cb66434761db9b20d71a5adfad867ba8cbbbf7b53610c18906378a6f3433f6c1,public_reuse_review,au_pbs,https://www.pbs.gov.au/publication/schedule/2019/08/2019-08-01-general-soc.pdf?variant=3,au_pbs_archive_2019_08_01_c877ddd458cc
sha256:cb955b46370ecea34a82a41c93ba006e7988bbb5b1cbfdf953afe4e1792cfb54,50428,evidence:sha256:cb955b46370ecea34a82a41c93ba006e7988bbb5b1cbfdf953afe4e1792cfb54,rights_constrained_reference,2026-08-27T08:02:43.936236+00:00,sha256:cb955b46370ecea34a82a41c93ba006e7988bbb5b1cbfdf953afe4e1792cfb54,B2 historical checksum reference records current-run fixity; source bytes remain ignored and local.,cb955b46370ecea34a82a41c93ba006e7988bbb5b1cbfdf953afe4e1792cfb54,public_reuse_review,au_pbs,https://www.pbs.gov.au/publication/schedule/2009/2009-11-01-dental-book-soc.pdf?variant=3,au_pbs_archive_2009_11_01_ac262032c3de
sha256:cbe95c8ab4247e2d157c6fc9361aeecaec6f818aa9f3c839164710d2a5304b82,379783,evidence:sha256:cbe95c8ab4247e2d157c6fc9361aeecaec6f818aa9f3c839164710d2a5304b82,rights_constrained_reference,2026-08-27T08:02:43.936236+00:00,sha256:cbe95c8ab4247e2d157c6fc9361aeecaec6f818aa9f3c839164710d2a5304b82,B2 historical checksum reference records current-run fixity; source bytes remain ignored and local.,cbe95c8ab4247e2d157c6fc9361aeecaec6f818aa9f3c839164710d2a5304b82,public_reuse_review,au_mbs,https://www.mbsonline.gov.au/internet/mbsonline/publishing.nsf/Content/515793D58E889BD0CA257CD100033990/$File/2006-11-Allied.pdf,au_mbs_historical_0141
sha256:cc10aa32b943e108988305ced0dfdd721c9b35955884611360347be493e6641a,20578050,evidence:sha256:cc10aa32b943e108988305ced0dfdd721c9b35955884611360347be493e6641a,rights_constrained_reference,2026-08-27T08:02:43.936236+00:00,sha256:cc10aa32b943e108988305ced0dfdd721c9b35955884611360347be493e6641a,B2 historical checksum reference records current-run fixity; source bytes remain ignored and local.,cc10aa32b943e108988305ced0dfdd721c9b35955884611360347be493e6641a,public_reuse_review,au_pbs,https://www.pbs.gov.au/publication/schedule/2017/10/2017-10-01-general-schedule.pdf?variant=3,au_pbs_archive_2017_10_01_b63687d09f2f
sha256:cc14b56fa08023960bd3f523e26f56f8afbb7f81f89ed833cd07225db0eb5efa,669845,evidence:sha256:cc14b56fa08023960bd3f523e26f56f8afbb7f81f89ed833cd07225db0eb5efa,rights_constrained_reference,2026-08-27T08:02:43.936236+00:00,sha256:cc14b56fa08023960bd3f523e26f56f8afbb7f81f89ed833cd07225db0eb5efa,B2 historical checksum reference records current-run fixity; source bytes remain ignored and local.,cc14b56fa08023960bd3f523e26f56f8afbb7f81f89ed833cd07225db0eb5efa,public_reuse_review,au_pbs,https://www.pbs.gov.au/publication/schedule/2012/08/2012-08-01-general-schedule-SOC.pdf?variant=3,au_pbs_archive_2012_08_01_b5306c451b81
sha256:cc1d37fbb687c70816d841321ed7087887eb3c05b2dcdb82a9e443b7ff8cd075,13916381,evidence:sha256:cc1d37fbb687c70816d841321ed7087887eb3c05b2dcdb82a9e443b7ff8cd075,rights_constrained_reference,2026-08-27T08:02:43.936236+00:00,sha256:cc1d37fbb687c70816d841321ed7087887eb3c05b2dcdb82a9e443b7ff8cd075,B2 historical checksum reference records current-run fixity; source bytes remain ignored and local.,cc1d37fbb687c70816d841321ed7087887eb3c05b2dcdb82a9e443b7ff8cd075,public_reuse_review,au_pbs,https://www.pbs.gov.au/publication/schedule/2022/11/2022-11-01-general-schedule-volume-2.pdf?variant=3,au_pbs_archive_2022_11_01_67f0383308b4
sha256:cc5f92a34f0eb823ad5b61fc7ca95460c06eac52ea153fcae5adadeabcc9de1f,2381919,evidence:sha256:cc5f92a34f0eb823ad5b61fc7ca95460c06eac52ea153fcae5adadeabcc9de1f,rights_constrained_reference,2026-08-27T08:02:43.936236+00:00,sha256:cc5f92a34f0eb823ad5b61fc7ca95460c06eac52ea153fcae5adadeabcc9de1f,B2 historical checksum reference records current-run fixity; source bytes remain ignored and local.,cc5f92a34f0eb823ad5b61fc7ca95460c06eac52ea153fcae5adadeabcc9de1f,public_reuse_review,au_pbs,https://www.pbs.gov.au/publication/schedule/2026/01/2026-01-01-efc-schedule.pdf?variant=3,au_pbs_archive_2026_01_01_997e91cf054d
sha256:cca8da5aeb00ad71d27ad2c1bf57c61417ea5ad667d1d63805d60a098cf72f36,457896,evidence:sha256:cca8da5aeb00ad71d27ad2c1bf57c61417ea5ad667d1d63805d60a098cf72f36,rights_constrained_reference,2026-08-27T08:02:43.936236+00:00,sha256:cca8da5aeb00ad71d27ad2c1bf57c61417ea5ad667d1d63805d60a098cf72f36,B2 historical checksum reference records current-run fixity; source bytes remain ignored and local.,cca8da5aeb00ad71d27ad2c1bf57c61417ea5ad667d1d63805d60a098cf72f36,public_reuse_review,au_pbs,https://www.pbs.gov.au/publication/schedule/2009/2009-11-01-dental-book.pdf?variant=3,au_pbs_archive_2009_11_01_e5b0ac8a950d
sha256:ccc39609aec865c4c60a26b8fc47596876510ddc8a8c3e6da06188dad7e226af,4186913,evidence:sha256:ccc39609aec865c4c60a26b8fc47596876510ddc8a8c3e6da06188dad7e226af,rights_constrained_reference,2026-08-27T08:02:43.936236+00:00,sha256:ccc39609aec865c4c60a26b8fc47596876510ddc8a8c3e6da06188dad7e226af,B2 historical checksum reference records current-run fixity; source bytes remain ignored and local.,ccc39609aec865c4c60a26b8fc47596876510ddc8a8c3e6da06188dad7e226af,public_reuse_review,au_pbs,https://www.pbs.gov.au/publication/schedule/2009/2009-06-01-general-schedule.pdf?variant=3,au_pbs_archive_2009_06_01_6371b54701f7
sha256:ccdac79032b84b383d82262b0a4f1fc2e5c3ed890f65e1743496b21d1f37ac85,1369698,evidence:sha256:ccdac79032b84b383d82262b0a4f1fc2e5c3ed890f65e1743496b21d1f37ac85,rights_constrained_reference,2026-08-27T08:02:43.936236+00:00,sha256:ccdac79032b84b383d82262b0a4f1fc2e5c3ed890f65e1743496b21d1f37ac85,B2 historical checksum reference records current-run fixity; source bytes remain ignored and local.,ccdac79032b84b383d82262b0a4f1fc2e5c3ed890f65e1743496b21d1f37ac85,public_reuse_review,au_pbs,https://www.pbs.gov.au/publication/schedule/2007/2007-03-01-dental-book.pdf?variant=3,au_pbs_archive_2007_03_01_65af3140307a
sha256:cd1a01aa32e48950a445b22f5c73d82291a10493e0962fe4c03a22944476cae6,663549,evidence:sha256:cd1a01aa32e48950a445b22f5c73d82291a10493e0962fe4c03a22944476cae6,rights_constrained_reference,2026-08-27T08:02:43.936236+00:00,sha256:cd1a01aa32e48950a445b22f5c73d82291a10493e0962fe4c03a22944476cae6,B2 historical checksum reference records current-run fixity; source bytes remain ignored and local.,cd1a01aa32e48950a445b22f5c73d82291a10493e0962fe4c03a22944476cae6,public_reuse_review,au_pbs,https://www.pbs.gov.au/publication/schedule/2015/06/2015-06-01-general-schedule-soc.pdf?variant=3,au_pbs_archive_2015_06_01_fadee5f1efbf
sha256:cd2de4a1f01a78d6ac6cd4ded72abb9267ffe2e641bb1e58e4ab194ab5b68061,2942931,evidence:sha256:cd2de4a1f01a78d6ac6cd4ded72abb9267ffe2e641bb1e58e4ab194ab5b68061,rights_constrained_reference,2026-08-27T08:02:43.936236+00:00,sha256:cd2de4a1f01a78d6ac6cd4ded72abb9267ffe2e641bb1e58e4ab194ab5b68061,B2 historical checksum reference records current-run fixity; source bytes remain ignored and local.,cd2de4a1f01a78d6ac6cd4ded72abb9267ffe2e641bb1e58e4ab194ab5b68061,public_reuse_review,au_pbs,https://www.pbs.gov.au/publication/schedule/2024/12/2024-12-01-efc-schedule.pdf?variant=3,au_pbs_archive_2024_12_01_bf29944f8111
sha256:cd93ee80d0f0c67c3f8d97d26ebc081326b1a2b8b7165cdd0d27b9e4390df395,3709299,evidence:sha256:cd93ee80d0f0c67c3f8d97d26ebc081326b1a2b8b7165cdd0d27b9e4390df395,rights_constrained_reference,2026-08-27T08:02:43.936236+00:00,sha256:cd93ee80d0f0c67c3f8d97d26ebc081326b1a2b8b7165cdd0d27b9e4390df395,B2 historical checksum reference records current-run fixity; source bytes remain ignored and local.,cd93ee80d0f0c67c3f8d97d26ebc081326b1a2b8b7165cdd0d27b9e4390df395,public_reuse_review,au_mbs,https://www.mbsonline.gov.au/internet/mbsonline/publishing.nsf/Content/293EEBA9AB153C56CA2584EB001547AF/$File/202003-Cat1.pdf,au_mbs_historical_0017
sha256:cdb4e92dde1404f8c172b51d69ce5244687c8facb0e605e8bdc21ad5e6a4b189,26241804,evidence:sha256:cdb4e92dde1404f8c172b51d69ce5244687c8facb0e605e8bdc21ad5e6a4b189,rights_constrained_reference,2026-08-27T08:02:43.936236+00:00,sha256:cdb4e92dde1404f8c172b51d69ce5244687c8facb0e605e8bdc21ad5e6a4b189,B2 historical checksum reference records current-run fixity; source bytes remain ignored and local.,cdb4e92dde1404f8c172b51d69ce5244687c8facb0e605e8bdc21ad5e6a4b189,public_reuse_review,au_pbs,https://www.pbs.gov.au/publication/schedule/2023/05/2023-05-01-general-schedule-volume-1.pdf?variant=3,au_pbs_archive_2023_05_01_01275a1d2b1e
sha256:ce40e229ab7306c55e3d397b64071d490d791ad5024034919423db880c57e1c6,1979845,evidence:sha256:ce40e229ab7306c55e3d397b64071d490d791ad5024034919423db880c57e1c6,rights_constrained_reference,2026-07-27T00:00:00+10:00,sha256:ce40e229ab7306c55e3d397b64071d490d791ad5024034919423db880c57e1c6,B2 reviewed-snapshot reference preserves fixity and rights state without redistributing source bytes.,ce40e229ab7306c55e3d397b64071d490d791ad5024034919423db880c57e1c6,permissive,us_cms_mcd,https://downloads.cms.gov/medicare-coverage-database/downloads/exports/ncd.zip,us_cms_mcd_ncd_2026_07_20
sha256:ce62dbe081db2da1c5c66e5d42cc13fa6c1439da7181185e642bc596c973ab80,2066753,evidence:sha256:ce62dbe081db2da1c5c66e5d42cc13fa6c1439da7181185e642bc596c973ab80,rights_constrained_reference,2026-08-27T08:02:43.936236+00:00,sha256:ce62dbe081db2da1c5c66e5d42cc13fa6c1439da7181185e642bc596c973ab80,B2 historical checksum reference records current-run fixity; source bytes remain ignored and local.,ce62dbe081db2da1c5c66e5d42cc13fa6c1439da7181185e642bc596c973ab80,public_reuse_review,au_pbs,https://www.pbs.gov.au/publication/schedule/2019/12/2019-12-01-general-soc.pdf?variant=3,au_pbs_archive_2019_12_01_4311130982bd
sha256:cea9a78a46bf69885d49de1fc3c740001a6570090130eaa445e31e522e7266df,1468943,evidence:sha256:cea9a78a46bf69885d49de1fc3c740001a6570090130eaa445e31e522e7266df,rights_constrained_reference,2026-08-27T08:02:43.936236+00:00,sha256:cea9a78a46bf69885d49de1fc3c740001a6570090130eaa445e31e522e7266df,B2 historical checksum reference records current-run fixity; source bytes remain ignored and local.,cea9a78a46bf69885d49de1fc3c740001a6570090130eaa445e31e522e7266df,public_reuse_review,au_mbs,https://www.mbsonline.gov.au/internet/mbsonline/publishing.nsf/Content/515793D58E889BD0CA257CD100033990/$File/1998-11-Optometrists.pdf,au_mbs_historical_0113
sha256:ceebac5599c425008cf277933b0c9e3bce50c32c3b06ab0355c573dd110b5110,16249552,evidence:sha256:ceebac5599c425008cf277933b0c9e3bce50c32c3b06ab0355c573dd110b5110,rights_constrained_reference,2026-08-27T08:02:43.936236+00:00,sha256:ceebac5599c425008cf277933b0c9e3bce50c32c3b06ab0355c573dd110b5110,B2 historical checksum reference records current-run fixity; source bytes remain ignored and local.,ceebac5599c425008cf277933b0c9e3bce50c32c3b06ab0355c573dd110b5110,public_reuse_review,au_pbs,https://www.pbs.gov.au/publication/schedule/1951-2002/1996-11-01-PBS-Schedule.pdf?variant=3,au_pbs_archive_1996_11_01_23bb3c80ebd2
sha256:cf5159c5fd4cc96dda86917ae179b54447c99d75ad83d3fab350463187b6cfd4,95212,evidence:sha256:cf5159c5fd4cc96dda86917ae179b54447c99d75ad83d3fab350463187b6cfd4,rights_constrained_reference,2026-08-27T08:02:43.936236+00:00,sha256:cf5159c5fd4cc96dda86917ae179b54447c99d75ad83d3fab350463187b6cfd4,B2 historical checksum reference records current-run fixity; source bytes remain ignored and local.,cf5159c5fd4cc96dda86917ae179b54447c99d75ad83d3fab350463187b6cfd4,public_reuse_review,au_pbs,https://www.pbs.gov.au/publication/schedule/2018/08/2018-08-01-erratum.pdf?variant=3,au_pbs_archive_2018_08_01_6bb5c5ea17fb
sha256:cf70e1930c9aef595a20e2690d0c8145115172fac5d7f439c075632ab9754945,29306,evidence:sha256:cf70e1930c9aef595a20e2690d0c8145115172fac5d7f439c075632ab9754945,rights_constrained_reference,2026-08-27T08:02:43.936236+00:00,sha256:cf70e1930c9aef595a20e2690d0c8145115172fac5d7f439c075632ab9754945,B2 historical checksum reference records current-run fixity; source bytes remain ignored and local.,cf70e1930c9aef595a20e2690d0c8145115172fac5d7f439c075632ab9754945,public_reuse_review,au_pbs,https://www.pbs.gov.au/publication/schedule/2007/2007-07-01-dental-book-soc.pdf?variant=3,au_pbs_archive_2007_07_01_4018991f6ce0
sha256:cfa3fc5b131b507ae8270e2f03dc306a9a5a69707d20e83a0a105cbd3828bc25,387559,evidence:sha256:cfa3fc5b131b507ae8270e2f03dc306a9a5a69707d20e83a0a105cbd3828bc25,rights_constrained_reference,2026-08-27T08:02:43.936236+00:00,sha256:cfa3fc5b131b507ae8270e2f03dc306a9a5a69707d20e83a0a105cbd3828bc25,B2 historical checksum reference records current-run fixity; source bytes remain ignored and local.,cfa3fc5b131b507ae8270e2f03dc306a9a5a69707d20e83a0a105cbd3828bc25,public_reuse_review,au_pbs,https://www.pbs.gov.au/publication/schedule/2010/2010-01-01-chemotherapy-book.pdf?variant=3,au_pbs_archive_2010_01_01_55ed6ad798c4
sha256:d008d01c02c34beaa8383d506f713da762e90221b42104580ba50c3de7981759,1869833,evidence:sha256:d008d01c02c34beaa8383d506f713da762e90221b42104580ba50c3de7981759,rights_constrained_reference,2026-08-27T08:02:43.936236+00:00,sha256:d008d01c02c34beaa8383d506f713da762e90221b42104580ba50c3de7981759,B2 historical checksum reference records current-run fixity; source bytes remain ignored and local.,d008d01c02c34beaa8383d506f713da762e90221b42104580ba50c3de7981759,public_reuse_review,au_mbs,https://www.mbsonline.gov.au/internet/mbsonline/publishing.nsf/Content/4C767FC45843CB02CA25898500825ACA/$File/PDF%20version%20of%20the%20July%202023%20Category%208%20-%20Miscellaneous%20Services.pdf,au_mbs_historical_0060
sha256:d00c83e623b7e912fb44fe31343e26daf78f9c9fafe72caec27d757403f0add3,569868,evidence:sha256:d00c83e623b7e912fb44fe31343e26daf78f9c9fafe72caec27d757403f0add3,rights_constrained_reference,2026-08-27T08:02:43.936236+00:00,sha256:d00c83e623b7e912fb44fe31343e26daf78f9c9fafe72caec27d757403f0add3,B2 historical checksum reference records current-run fixity; source bytes remain ignored and local.,d00c83e623b7e912fb44fe31343e26daf78f9c9fafe72caec27d757403f0add3,public_reuse_review,au_pbs,https://www.pbs.gov.au/publication/schedule/2013/07/2013-07-01-errata.pdf?variant=3,au_pbs_archive_2013_07_01_7e45af8eb91a
sha256:d011de102cc6aa4bd7359538a406cec858e1cb98c23060f77b9ded64d3817038,1601020,evidence:sha256:d011de102cc6aa4bd7359538a406cec858e1cb98c23060f77b9ded64d3817038,rights_constrained_reference,2026-08-27T08:02:43.936236+00:00,sha256:d011de102cc6aa4bd7359538a406cec858e1cb98c23060f77b9ded64d3817038,B2 historical checksum reference records current-run fixity; source bytes remain ignored and local.,d011de102cc6aa4bd7359538a406cec858e1cb98c23060f77b9ded64d3817038,public_reuse_review,au_pbs,https://www.pbs.gov.au/publication/schedule/2018/09/2018-09-01-efc-schedule.pdf?variant=3,au_pbs_archive_2018_09_01_6742833fe195
sha256:d09fffda42d1d3bac22508b9a630c30cd6f7dac35fa85235a34ba67612c0f2fd,191819,evidence:sha256:d09fffda42d1d3bac22508b9a630c30cd6f7dac35fa85235a34ba67612c0f2fd,rights_constrained_reference,2026-08-27T08:02:43.936236+00:00,sha256:d09fffda42d1d3bac22508b9a630c30cd6f7dac35fa85235a34ba67612c0f2fd,B2 historical checksum reference records current-run fixity; source bytes remain ignored and local.,d09fffda42d1d3bac22508b9a630c30cd6f7dac35fa85235a34ba67612c0f2fd,public_reuse_review,au_pbs,https://www.pbs.gov.au/publication/schedule/2007/2007-04-01-general-schedule-soc.pdf?variant=3,au_pbs_archive_2007_04_01_e18ac06b4c3a
sha256:d0cc0beb382a61fe8c04bde4cf659109b8f052ccc4c4d7c7aabe56e903337371,4800991,evidence:sha256:d0cc0beb382a61fe8c04bde4cf659109b8f052ccc4c4d7c7aabe56e903337371,rights_constrained_reference,2026-08-27T08:02:43.936236+00:00,sha256:d0cc0beb382a61fe8c04bde4cf659109b8f052ccc4c4d7c7aabe56e903337371,B2 historical checksum reference records current-run fixity; source bytes remain ignored and local.,d0cc0beb382a61fe8c04bde4cf659109b8f052ccc4c4d7c7aabe56e903337371,public_reuse_review,au_mbs,https://www.mbsonline.gov.au/internet/mbsonline/publishing.nsf/Content/293EEBA9AB153C56CA2584EB001547AF/$File/202003-Cat3.pdf,au_mbs_historical_0020
sha256:d0dd051e94f6ad7a0bc1a3bb058e148c718e9cd7489e15afd646d0ffcae0d8ef,32708,evidence:sha256:d0dd051e94f6ad7a0bc1a3bb058e148c718e9cd7489e15afd646d0ffcae0d8ef,rights_constrained_reference,2026-08-27T08:02:43.936236+00:00,sha256:d0dd051e94f6ad7a0bc1a3bb058e148c718e9cd7489e15afd646d0ffcae0d8ef,B2 historical checksum reference records current-run fixity; source bytes remain ignored and local.,d0dd051e94f6ad7a0bc1a3bb058e148c718e9cd7489e15afd646d0ffcae0d8ef,public_reuse_review,au_pbs,https://www.pbs.gov.au/publication/schedule/2010/2010-11-01-dental-book-SOC.pdf?variant=3,au_pbs_archive_2010_11_01_4ec78739492a
sha256:d14199a12789f91a904210fe948aaafe6c9febd731b11a5841b372441bc2c8ac,469320,evidence:sha256:d14199a12789f91a904210fe948aaafe6c9febd731b11a5841b372441bc2c8ac,rights_constrained_reference,2026-08-27T08:02:43.936236+00:00,sha256:d14199a12789f91a904210fe948aaafe6c9febd731b11a5841b372441bc2c8ac,B2 historical checksum reference records current-run fixity; source bytes remain ignored and local.,d14199a12789f91a904210fe948aaafe6c9febd731b11a5841b372441bc2c8ac,public_reuse_review,au_mbs,https://www.mbsonline.gov.au/internet/mbsonline/publishing.nsf/Content/E137A6BDE8494881CA2585FF000A72FF/$File/201211-Allied.pdf,au_mbs_historical_0311
sha256:d1452cd32cafd5616526251eafaf8f2efb7320a81524a9aa156b929f7d7c2b15,1101805,evidence:sha256:d1452cd32cafd5616526251eafaf8f2efb7320a81524a9aa156b929f7d7c2b15,rights_constrained_reference,2026-08-27T08:02:43.936236+00:00,sha256:d1452cd32cafd5616526251eafaf8f2efb7320a81524a9aa156b929f7d7c2b15,B2 historical checksum reference records current-run fixity; source bytes remain ignored and local.,d1452cd32cafd5616526251eafaf8f2efb7320a81524a9aa156b929f7d7c2b15,public_reuse_review,au_pbs,https://www.pbs.gov.au/publication/schedule/2020/08/2020-08-01-general-soc.pdf?variant=3,au_pbs_archive_2020_08_01_ffa4151125a2
sha256:d145e5cbd35df9c6458b6577ebd18a471d75b139fd3df9a611b62fca2a9c8b67,13897243,evidence:sha256:d145e5cbd35df9c6458b6577ebd18a471d75b139fd3df9a611b62fca2a9c8b67,rights_constrained_reference,2026-08-27T08:02:43.936236+00:00,sha256:d145e5cbd35df9c6458b6577ebd18a471d75b139fd3df9a611b62fca2a9c8b67,B2 historical checksum reference records current-run fixity; source bytes remain ignored and local.,d145e5cbd35df9c6458b6577ebd18a471d75b139fd3df9a611b62fca2a9c8b67,public_reuse_review,au_mbs,https://www.mbsonline.gov.au/internet/mbsonline/publishing.nsf/Content/515793D58E889BD0CA257CD100033990/$File/1986-MBS.pdf,au_mbs_historical_0082
sha256:d157d4eb39edef63f9f37e996947f23f5e23fd0e7308f905d89402b819300f00,3998747,evidence:sha256:d157d4eb39edef63f9f37e996947f23f5e23fd0e7308f905d89402b819300f00,rights_constrained_reference,2026-08-27T08:02:43.936236+00:00,sha256:d157d4eb39edef63f9f37e996947f23f5e23fd0e7308f905d89402b819300f00,B2 historical checksum reference records current-run fixity; source bytes remain ignored and local.,d157d4eb39edef63f9f37e996947f23f5e23fd0e7308f905d89402b819300f00,public_reuse_review,au_pbs,https://www.pbs.gov.au/publication/schedule/2019/02/2019-02-01-efc-schedule.pdf?variant=3,au_pbs_archive_2019_02_01_c8a2a47202cb
sha256:d18ac612a55dd53d49c49685017b0e5bd02f6cdc0e5c5c92ffcd0c4716c2afd1,157782,evidence:sha256:d18ac612a55dd53d49c49685017b0e5bd02f6cdc0e5c5c92ffcd0c4716c2afd1,rights_constrained_reference,2026-08-27T08:02:43.936236+00:00,sha256:d18ac612a55dd53d49c49685017b0e5bd02f6cdc0e5c5c92ffcd0c4716c2afd1,B2 historical checksum reference records current-run fixity; source bytes remain ignored and local.,d18ac612a55dd53d49c49685017b0e5bd02f6cdc0e5c5c92ffcd0c4716c2afd1,public_reuse_review,au_mbs,https://www.mbsonline.gov.au/internet/mbsonline/publishing.nsf/Content/E137A6BDE8494881CA2585FF000A72FF/$File/201201-Optom.pdf,au_mbs_historical_0298
sha256:d18f8e881707f1b20b8372ec3396b9614cb8170d592814480934f327b282e63d,1043483,evidence:sha256:d18f8e881707f1b20b8372ec3396b9614cb8170d592814480934f327b282e63d,rights_constrained_reference,2026-08-27T08:02:43.936236+00:00,sha256:d18f8e881707f1b20b8372ec3396b9614cb8170d592814480934f327b282e63d,B2 historical checksum reference records current-run fixity; source bytes remain ignored and local.,d18f8e881707f1b20b8372ec3396b9614cb8170d592814480934f327b282e63d,public_reuse_review,au_mbs,https://www.mbsonline.gov.au/internet/mbsonline/publishing.nsf/Content/DD4BF54A34D823FDCA25881700139AD5/$File/202207-Cat7d.pdf,au_mbs_historical_0291
sha256:d1d4a92fc6a6e74e1f31dd4eeb512119d7d5eee3402920c910b8f57eebab7402,195109,evidence:sha256:d1d4a92fc6a6e74e1f31dd4eeb512119d7d5eee3402920c910b8f57eebab7402,rights_constrained_reference,2026-08-27T08:02:43.936236+00:00,sha256:d1d4a92fc6a6e74e1f31dd4eeb512119d7d5eee3402920c910b8f57eebab7402,B2 historical checksum reference records current-run fixity; source bytes remain ignored and local.,d1d4a92fc6a6e74e1f31dd4eeb512119d7d5eee3402920c910b8f57eebab7402,public_reuse_review,au_mbs,https://www.mbsonline.gov.au/internet/mbsonline/publishing.nsf/Content/8F3FA58ED97DCA35CA2584BE00111151/$File/202001-Cat5%2010Jan2020.zip,au_mbs_historical_0207
sha256:d1df736a8340dc3204fbeabcdb9a8b394449aef8ccaf28fb55cd3878f76e1856,25471494,evidence:sha256:d1df736a8340dc3204fbeabcdb9a8b394449aef8ccaf28fb55cd3878f76e1856,rights_constrained_reference,2026-08-27T08:02:43.936236+00:00,sha256:d1df736a8340dc3204fbeabcdb9a8b394449aef8ccaf28fb55cd3878f76e1856,B2 historical checksum reference records current-run fixity; source bytes remain ignored and local.,d1df736a8340dc3204fbeabcdb9a8b394449aef8ccaf28fb55cd3878f76e1856,public_reuse_review,au_mbs,https://www.mbsonline.gov.au/internet/mbsonline/publishing.nsf/Content/515793D58E889BD0CA257CD100033990/$File/1999-11-MBS.pdf,au_mbs_historical_0116
sha256:d1e358d532b69b469ac7078a0b9b9f57de408b8a9ec0f5b6dd13ef01587b9b72,14366644,evidence:sha256:d1e358d532b69b469ac7078a0b9b9f57de408b8a9ec0f5b6dd13ef01587b9b72,rights_constrained_reference,2026-08-27T08:02:43.936236+00:00,sha256:d1e358d532b69b469ac7078a0b9b9f57de408b8a9ec0f5b6dd13ef01587b9b72,B2 historical checksum reference records current-run fixity; source bytes remain ignored and local.,d1e358d532b69b469ac7078a0b9b9f57de408b8a9ec0f5b6dd13ef01587b9b72,public_reuse_review,au_mbs,https://www.mbsonline.gov.au/internet/mbsonline/publishing.nsf/Content/515793D58E889BD0CA257CD100033990/$File/1976-MBS.pdf,au_mbs_historical_0074
sha256:d1f7f57c8bbec8e89fa9460f8c7a40df6cc5bfdd979f6efd4c2147ee553ddd00,50705,evidence:sha256:d1f7f57c8bbec8e89fa9460f8c7a40df6cc5bfdd979f6efd4c2147ee553ddd00,rights_constrained_reference,2026-08-27T08:02:43.936236+00:00,sha256:d1f7f57c8bbec8e89fa9460f8c7a40df6cc5bfdd979f6efd4c2147ee553ddd00,B2 historical checksum reference records current-run fixity; source bytes remain ignored and local.,d1f7f57c8bbec8e89fa9460f8c7a40df6cc5bfdd979f6efd4c2147ee553ddd00,public_reuse_review,au_pbs,https://www.pbs.gov.au/publication/schedule/2009/2009-12-01-dental-book-soc.pdf?variant=3,au_pbs_archive_2009_12_01_853c401ed084
sha256:d2013191d7aa5afd42a94097b5edc33204bbd533e4da2728ecbaefadc8bd9983,12616418,evidence:sha256:d2013191d7aa5afd42a94097b5edc33204bbd533e4da2728ecbaefadc8bd9983,rights_constrained_reference,2026-08-27T08:02:43.936236+00:00,sha256:d2013191d7aa5afd42a94097b5edc33204bbd533e4da2728ecbaefadc8bd9983,B2 historical checksum reference records current-run fixity; source bytes remain ignored and local.,d2013191d7aa5afd42a94097b5edc33204bbd533e4da2728ecbaefadc8bd9983,public_reuse_review,au_pbs,https://www.pbs.gov.au/publication/schedule/2023/10/2023-10-01-general-schedule-volume-2.pdf?variant=3,au_pbs_archive_2023_10_01_4670dad089b4
sha256:d23ced583df59bed29fd5c475921da7b05bd05c0be708e552774a06cc48aca37,466601,evidence:sha256:d23ced583df59bed29fd5c475921da7b05bd05c0be708e552774a06cc48aca37,rights_constrained_reference,2026-08-27T08:02:43.936236+00:00,sha256:d23ced583df59bed29fd5c475921da7b05bd05c0be708e552774a06cc48aca37,B2 historical checksum reference records current-run fixity; source bytes remain ignored and local.,d23ced583df59bed29fd5c475921da7b05bd05c0be708e552774a06cc48aca37,public_reuse_review,au_pbs,https://www.pbs.gov.au/publication/schedule/2010/2010-11-01-dental-book.pdf?variant=3,au_pbs_archive_2010_11_01_ef8a2d05008c
sha256:d27a4d38872109694b71aca2b86bb4b8e8ddbd0ef7585bca81b3e835a0855696,828883,evidence:sha256:d27a4d38872109694b71aca2b86bb4b8e8ddbd0ef7585bca81b3e835a0855696,rights_constrained_reference,2026-08-27T08:02:43.936236+00:00,sha256:d27a4d38872109694b71aca2b86bb4b8e8ddbd0ef7585bca81b3e835a0855696,B2 historical checksum reference records current-run fixity; source bytes remain ignored and local.,d27a4d38872109694b71aca2b86bb4b8e8ddbd0ef7585bca81b3e835a0855696,public_reuse_review,au_mbs,https://www.mbsonline.gov.au/internet/mbsonline/publishing.nsf/Content/70CAF134CEE45219CA258614007874F8/$File/201605-Optom.pdf,au_mbs_historical_0193
sha256:d2a0ab0bedaa85642037d3603847873b6f6967248f098ec4970d38ac99eba4c4,3090494,evidence:sha256:d2a0ab0bedaa85642037d3603847873b6f6967248f098ec4970d38ac99eba4c4,rights_constrained_reference,2026-08-27T08:02:43.936236+00:00,sha256:d2a0ab0bedaa85642037d3603847873b6f6967248f098ec4970d38ac99eba4c4,B2 historical checksum reference records current-run fixity; source bytes remain ignored and local.,d2a0ab0bedaa85642037d3603847873b6f6967248f098ec4970d38ac99eba4c4,public_reuse_review,au_pbs,https://www.pbs.gov.au/publication/schedule/2025/08/2025-08-01-efc-schedule.pdf?variant=3,au_pbs_archive_2025_08_01_62da29e8e3e7
sha256:d2e22b77d5b981113d4bbe97061db8079108887df80a4d347a3965d783335f1c,191620,evidence:sha256:d2e22b77d5b981113d4bbe97061db8079108887df80a4d347a3965d783335f1c,rights_constrained_reference,2026-08-27T08:02:43.936236+00:00,sha256:d2e22b77d5b981113d4bbe97061db8079108887df80a4d347a3965d783335f1c,B2 historical checksum reference records current-run fixity; source bytes remain ignored and local.,d2e22b77d5b981113d4bbe97061db8079108887df80a4d347a3965d783335f1c,public_reuse_review,au_mbs,https://www.mbsonline.gov.au/internet/mbsonline/publishing.nsf/Content/293EEBA9AB153C56CA2584EB001547AF/$File/202003-Cat5.zip,au_mbs_historical_0024
sha256:d30bc3efad7a729e2b268834e5b8c28b77b3b16c26169318b57d08fc7a2bee6d,1978304,evidence:sha256:d30bc3efad7a729e2b268834e5b8c28b77b3b16c26169318b57d08fc7a2bee6d,rights_constrained_reference,2026-08-27T08:02:43.936236+00:00,sha256:d30bc3efad7a729e2b268834e5b8c28b77b3b16c26169318b57d08fc7a2bee6d,B2 historical checksum reference records current-run fixity; source bytes remain ignored and local.,d30bc3efad7a729e2b268834e5b8c28b77b3b16c26169318b57d08fc7a2bee6d,public_reuse_review,au_mbs,https://www.mbsonline.gov.au/internet/mbsonline/publishing.nsf/Content/515793D58E889BD0CA257CD100033990/$File/1998-09-MRI.pdf,au_mbs_historical_0110
sha256:d32f03fceed46bedeb9801696655f240fcca00f15eb17cf727b923932f36ac4b,128853,evidence:sha256:d32f03fceed46bedeb9801696655f240fcca00f15eb17cf727b923932f36ac4b,rights_constrained_reference,2026-08-27T08:02:43.936236+00:00,sha256:d32f03fceed46bedeb9801696655f240fcca00f15eb17cf727b923932f36ac4b,B2 historical checksum reference records current-run fixity; source bytes remain ignored and local.,d32f03fceed46bedeb9801696655f240fcca00f15eb17cf727b923932f36ac4b,public_reuse_review,au_mbs,https://www.mbsonline.gov.au/internet/mbsonline/publishing.nsf/Content/515793D58E889BD0CA257CD100033990/$File/2006-11-Optom.pdf,au_mbs_historical_0144
sha256:d333d9e97d5b12615b7ab58d5df1107abe7b5c6a04e54ff400a62cdf579b8a1c,850894,evidence:sha256:d333d9e97d5b12615b7ab58d5df1107abe7b5c6a04e54ff400a62cdf579b8a1c,rights_constrained_reference,2026-08-27T08:02:43.936236+00:00,sha256:d333d9e97d5b12615b7ab58d5df1107abe7b5c6a04e54ff400a62cdf579b8a1c,B2 historical checksum reference records current-run fixity; source bytes remain ignored and local.,d333d9e97d5b12615b7ab58d5df1107abe7b5c6a04e54ff400a62cdf579b8a1c,public_reuse_review,au_mbs,https://www.mbsonline.gov.au/internet/mbsonline/publishing.nsf/Content/A7F6A9DA0E280DCCCA2586140008B368/$File/201507-Optom.pdf,au_mbs_historical_0255
sha256:d33cf63f95504a5d46a3904be37f85f2be350d3dbaaf6bfc42ebd8c3a0f1cd7d,654254,evidence:sha256:d33cf63f95504a5d46a3904be37f85f2be350d3dbaaf6bfc42ebd8c3a0f1cd7d,rights_constrained_reference,2026-08-27T08:02:43.936236+00:00,sha256:d33cf63f95504a5d46a3904be37f85f2be350d3dbaaf6bfc42ebd8c3a0f1cd7d,B2 historical checksum reference records current-run fixity; source bytes remain ignored and local.,d33cf63f95504a5d46a3904be37f85f2be350d3dbaaf6bfc42ebd8c3a0f1cd7d,public_reuse_review,au_pbs,https://www.pbs.gov.au/publication/schedule/2011/04/2011-04-01-general-schedule-SOC.pdf?variant=3,au_pbs_archive_2011_04_01_9ca35d151e65
sha256:d35207dc36b10bff72a0db0f3cd803778294fa9f31d33d9a4a3cceec51b3e5e1,15133884,evidence:sha256:d35207dc36b10bff72a0db0f3cd803778294fa9f31d33d9a4a3cceec51b3e5e1,rights_constrained_reference,2026-08-27T08:02:43.936236+00:00,sha256:d35207dc36b10bff72a0db0f3cd803778294fa9f31d33d9a4a3cceec51b3e5e1,B2 historical checksum reference records current-run fixity; source bytes remain ignored and local.,d35207dc36b10bff72a0db0f3cd803778294fa9f31d33d9a4a3cceec51b3e5e1,public_reuse_review,au_pbs,https://www.pbs.gov.au/publication/schedule/2015/06/2015-06-01-general-schedule.pdf?variant=3,au_pbs_archive_2015_06_01_55e5d1b946fe
sha256:d38b9c08e1f40fc6f3063ce2a3108a45489b583d13617b0eb5598343c2c0c6e3,315920,evidence:sha256:d38b9c08e1f40fc6f3063ce2a3108a45489b583d13617b0eb5598343c2c0c6e3,rights_constrained_reference,2026-08-27T08:02:43.936236+00:00,sha256:d38b9c08e1f40fc6f3063ce2a3108a45489b583d13617b0eb5598343c2c0c6e3,B2 historical checksum reference records current-run fixity; source bytes remain ignored and local.,d38b9c08e1f40fc6f3063ce2a3108a45489b583d13617b0eb5598343c2c0c6e3,public_reuse_review,au_pbs,https://www.pbs.gov.au/publication/schedule/2011/03/2011-03-01-dental-book-SOC.pdf?variant=3,au_pbs_archive_2011_03_01_8fffb4ca6661
sha256:d3b6fd00b90e35d7d0013063b247f7333ce270249e8368a16d347b1dbdba333a,7228041,evidence:sha256:d3b6fd00b90e35d7d0013063b247f7333ce270249e8368a16d347b1dbdba333a,rights_constrained_reference,2026-08-27T08:02:43.936236+00:00,sha256:d3b6fd00b90e35d7d0013063b247f7333ce270249e8368a16d347b1dbdba333a,B2 historical checksum reference records current-run fixity; source bytes remain ignored and local.,d3b6fd00b90e35d7d0013063b247f7333ce270249e8368a16d347b1dbdba333a,public_reuse_review,au_pbs,https://www.pbs.gov.au/publication/schedule/2013/12/2013-12-01-general-schedule.pdf?variant=3,au_pbs_archive_2013_12_01_2d5f1732fb06
sha256:d3bea5e9bb05a2265970a52f5ff8be6ff87ce6bf89b5f2b86e3d1191752a71d0,266212,evidence:sha256:d3bea5e9bb05a2265970a52f5ff8be6ff87ce6bf89b5f2b86e3d1191752a71d0,rights_constrained_reference,2026-08-27T08:02:43.936236+00:00,sha256:d3bea5e9bb05a2265970a52f5ff8be6ff87ce6bf89b5f2b86e3d1191752a71d0,B2 historical checksum reference records current-run fixity; source bytes remain ignored and local.,d3bea5e9bb05a2265970a52f5ff8be6ff87ce6bf89b5f2b86e3d1191752a71d0,public_reuse_review,au_pbs,https://www.pbs.gov.au/publication/schedule/2012/10/2012-10-01-general-schedule-errata.pdf?variant=3,au_pbs_archive_2012_10_01_476fd169c5ab
sha256:d45bfb0635318a8d07ed6ddfb004cfaf000edc30ef3d94527b9fa827ecf7fbf9,446804,evidence:sha256:d45bfb0635318a8d07ed6ddfb004cfaf000edc30ef3d94527b9fa827ecf7fbf9,rights_constrained_reference,2026-08-27T08:02:43.936236+00:00,sha256:d45bfb0635318a8d07ed6ddfb004cfaf000edc30ef3d94527b9fa827ecf7fbf9,B2 historical checksum reference records current-run fixity; source bytes remain ignored and local.,d45bfb0635318a8d07ed6ddfb004cfaf000edc30ef3d94527b9fa827ecf7fbf9,public_reuse_review,au_pbs,https://www.pbs.gov.au/publication/schedule/2008/2008-05-01-dental-book.pdf?variant=3,au_pbs_archive_2008_05_01_b97274951a48
sha256:d4671a1023cb65ea144d69cedad024e4e87b8ce5fe50796024b4b2c1df789447,558797,evidence:sha256:d4671a1023cb65ea144d69cedad024e4e87b8ce5fe50796024b4b2c1df789447,rights_constrained_reference,2026-08-27T08:02:43.936236+00:00,sha256:d4671a1023cb65ea144d69cedad024e4e87b8ce5fe50796024b4b2c1df789447,B2 historical checksum reference records current-run fixity; source bytes remain ignored and local.,d4671a1023cb65ea144d69cedad024e4e87b8ce5fe50796024b4b2c1df789447,public_reuse_review,au_pbs,https://www.pbs.gov.au/publication/schedule/2014/02/2014-02-01-efc-schedule-soc.pdf?variant=3,au_pbs_archive_2014_02_01_d12d113b0903
sha256:d4897f7f4d687b08436d5918b001e3950ad9adb6727e017c1baf2397610a3e39,964411,evidence:sha256:d4897f7f4d687b08436d5918b001e3950ad9adb6727e017c1baf2397610a3e39,rights_constrained_reference,2026-08-27T08:02:43.936236+00:00,sha256:d4897f7f4d687b08436d5918b001e3950ad9adb6727e017c1baf2397610a3e39,B2 historical checksum reference records current-run fixity; source bytes remain ignored and local.,d4897f7f4d687b08436d5918b001e3950ad9adb6727e017c1baf2397610a3e39,public_reuse_review,au_pbs,https://www.pbs.gov.au/publication/schedule/2017/04/2017-04-01-general-soc.pdf?variant=3,au_pbs_archive_2017_04_01_a2f7183ca93d
sha256:d51cec8038d882ba884359e5d49855dd3e023c831ae3c082a0a03fa1dfd6f857,129409,evidence:sha256:d51cec8038d882ba884359e5d49855dd3e023c831ae3c082a0a03fa1dfd6f857,rights_constrained_reference,2026-08-27T08:02:43.936236+00:00,sha256:d51cec8038d882ba884359e5d49855dd3e023c831ae3c082a0a03fa1dfd6f857,B2 historical checksum reference records current-run fixity; source bytes remain ignored and local.,d51cec8038d882ba884359e5d49855dd3e023c831ae3c082a0a03fa1dfd6f857,public_reuse_review,au_pbs,https://www.pbs.gov.au/publication/schedule/2010/2010-01-01-dental-book-soc.pdf?variant=3,au_pbs_archive_2010_01_01_beb626e2c46a
sha256:d54d822c436ebf886e9727afef4a082975b24eecdb63de9882f751eae66bb432,10720198,evidence:sha256:d54d822c436ebf886e9727afef4a082975b24eecdb63de9882f751eae66bb432,rights_constrained_reference,2026-08-27T08:02:43.936236+00:00,sha256:d54d822c436ebf886e9727afef4a082975b24eecdb63de9882f751eae66bb432,B2 historical checksum reference records current-run fixity; source bytes remain ignored and local.,d54d822c436ebf886e9727afef4a082975b24eecdb63de9882f751eae66bb432,public_reuse_review,au_pbs,https://www.pbs.gov.au/publication/schedule/2023/06/2023-06-01-general-schedule-volume-2.pdf?variant=3,au_pbs_archive_2023_06_01_55350d0357c8
sha256:d569f71150ff287b3e619d0503913d1c901952d44c6b14bdcc00c216e4b1b115,55898542,evidence:sha256:d569f71150ff287b3e619d0503913d1c901952d44c6b14bdcc00c216e4b1b115,rights_constrained_reference,2026-08-27T08:02:43.936236+00:00,sha256:d569f71150ff287b3e619d0503913d1c901952d44c6b14bdcc00c216e4b1b115,B2 historical checksum reference records current-run fixity; source bytes remain ignored and local.,d569f71150ff287b3e619d0503913d1c901952d44c6b14bdcc00c216e4b1b115,public_reuse_review,au_pbs,https://www.pbs.gov.au/publication/schedule/2018/02/2018-02-01-general-schedule.pdf?variant=3,au_pbs_archive_2018_02_01_2864c81387b4
sha256:d58325621c1d11f094bfcaf56c460b6f724779166b42542ffa9628afc8c7812d,1553944,evidence:sha256:d58325621c1d11f094bfcaf56c460b6f724779166b42542ffa9628afc8c7812d,rights_constrained_reference,2026-08-27T08:02:43.936236+00:00,sha256:d58325621c1d11f094bfcaf56c460b6f724779166b42542ffa9628afc8c7812d,B2 historical checksum reference records current-run fixity; source bytes remain ignored and local.,d58325621c1d11f094bfcaf56c460b6f724779166b42542ffa9628afc8c7812d,public_reuse_review,au_pbs,https://www.pbs.gov.au/publication/schedule/2018/11/2018-11-01-general-soc.pdf?variant=3,au_pbs_archive_2018_11_01_f81640f7b3ce
sha256:d5d18972e78f529dea6890ff1dfc7a56905089dd92b925b934b228fde3076840,3943410,evidence:sha256:d5d18972e78f529dea6890ff1dfc7a56905089dd92b925b934b228fde3076840,rights_constrained_reference,2026-08-27T08:02:43.936236+00:00,sha256:d5d18972e78f529dea6890ff1dfc7a56905089dd92b925b934b228fde3076840,B2 historical checksum reference records current-run fixity; source bytes remain ignored and local.,d5d18972e78f529dea6890ff1dfc7a56905089dd92b925b934b228fde3076840,public_reuse_review,au_pbs,https://www.pbs.gov.au/publication/schedule/2009/2009-02-01-general-schedule.pdf?variant=3,au_pbs_archive_2009_02_01_3045d8f99243
sha256:d5e0b6e88b9c9d622e0540c94922f1e5e4b5bc22688f2e21b8d7982df652d4fc,50469,evidence:sha256:d5e0b6e88b9c9d622e0540c94922f1e5e4b5bc22688f2e21b8d7982df652d4fc,rights_constrained_reference,2026-08-27T08:02:43.936236+00:00,sha256:d5e0b6e88b9c9d622e0540c94922f1e5e4b5bc22688f2e21b8d7982df652d4fc,B2 historical checksum reference records current-run fixity; source bytes remain ignored and local.,d5e0b6e88b9c9d622e0540c94922f1e5e4b5bc22688f2e21b8d7982df652d4fc,public_reuse_review,au_pbs,https://www.pbs.gov.au/publication/schedule/2009/2009-07-01-dental-book-soc.pdf?variant=3,au_pbs_archive_2009_07_01_4910460af76f
sha256:d63e6e636da8d9efb361e75353b7ec793f708694e4d374c35b8d0bfb326dd4d9,4265523,evidence:sha256:d63e6e636da8d9efb361e75353b7ec793f708694e4d374c35b8d0bfb326dd4d9,rights_constrained_reference,2026-08-27T08:02:43.936236+00:00,sha256:d63e6e636da8d9efb361e75353b7ec793f708694e4d374c35b8d0bfb326dd4d9,B2 historical checksum reference records current-run fixity; source bytes remain ignored and local.,d63e6e636da8d9efb361e75353b7ec793f708694e4d374c35b8d0bfb326dd4d9,public_reuse_review,au_pbs,https://www.pbs.gov.au/publication/schedule/2009/2009-05-01-general-schedule.pdf?variant=3,au_pbs_archive_2009_05_01_122d9ff5faf3
sha256:d66163a7dee8e44b0e5c9f0a8c811effc0c6590fe76c4aacd722859ed57aaf3a,13305018,evidence:sha256:d66163a7dee8e44b0e5c9f0a8c811effc0c6590fe76c4aacd722859ed57aaf3a,rights_constrained_reference,2026-08-27T08:02:43.936236+00:00,sha256:d66163a7dee8e44b0e5c9f0a8c811effc0c6590fe76c4aacd722859ed57aaf3a,B2 historical checksum reference records current-run fixity; source bytes remain ignored and local.,d66163a7dee8e44b0e5c9f0a8c811effc0c6590fe76c4aacd722859ed57aaf3a,public_reuse_review,au_pbs,https://www.pbs.gov.au/publication/schedule/2024/08/2024-08-01-general-schedule-volume-2.pdf?variant=3,au_pbs_archive_2024_08_01_3d44dc13ad63
sha256:d69a1c39ba53b9729be4fe763c74150fca1abfecd7991db55d89f92a95862d8e,2647640,evidence:sha256:d69a1c39ba53b9729be4fe763c74150fca1abfecd7991db55d89f92a95862d8e,rights_constrained_reference,2026-08-27T08:02:43.936236+00:00,sha256:d69a1c39ba53b9729be4fe763c74150fca1abfecd7991db55d89f92a95862d8e,B2 historical checksum reference records current-run fixity; source bytes remain ignored and local.,d69a1c39ba53b9729be4fe763c74150fca1abfecd7991db55d89f92a95862d8e,public_reuse_review,au_pbs,https://www.pbs.gov.au/publication/schedule/2021/07/2021-07-01-efc-schedule.pdf?variant=3,au_pbs_archive_2021_07_01_137327658e12
sha256:d6f9352b900287e8e7ce3d938397cfb8ae34442d7e28a72255478a82acc11ce8,388307,evidence:sha256:d6f9352b900287e8e7ce3d938397cfb8ae34442d7e28a72255478a82acc11ce8,rights_constrained_reference,2026-08-27T08:02:43.936236+00:00,sha256:d6f9352b900287e8e7ce3d938397cfb8ae34442d7e28a72255478a82acc11ce8,B2 historical checksum reference records current-run fixity; source bytes remain ignored and local.,d6f9352b900287e8e7ce3d938397cfb8ae34442d7e28a72255478a82acc11ce8,public_reuse_review,au_pbs,https://www.pbs.gov.au/publication/schedule/2012/06/2012-06-01-general-schedule-SOC.pdf?variant=3,au_pbs_archive_2012_06_01_77a946b5472a
sha256:d727301834bfb87ba25060f0a6295330b333e75f9277ed4dc14dcaa2ee169027,2420993,evidence:sha256:d727301834bfb87ba25060f0a6295330b333e75f9277ed4dc14dcaa2ee169027,rights_constrained_reference,2026-08-27T08:02:43.936236+00:00,sha256:d727301834bfb87ba25060f0a6295330b333e75f9277ed4dc14dcaa2ee169027,B2 historical checksum reference records current-run fixity; source bytes remain ignored and local.,d727301834bfb87ba25060f0a6295330b333e75f9277ed4dc14dcaa2ee169027,public_reuse_review,au_pbs,https://www.pbs.gov.au/publication/schedule/2023/10/2023-10-01-efc-schedule.pdf?variant=3,au_pbs_archive_2023_10_01_07abe12cb22e
sha256:d73d7eaed18a6f2d76a74a7d26696b0926a34c1df0387aeb5a7360af0f5ceab6,24992827,evidence:sha256:d73d7eaed18a6f2d76a74a7d26696b0926a34c1df0387aeb5a7360af0f5ceab6,rights_constrained_reference,2026-08-27T08:02:43.936236+00:00,sha256:d73d7eaed18a6f2d76a74a7d26696b0926a34c1df0387aeb5a7360af0f5ceab6,B2 historical checksum reference records current-run fixity; source bytes remain ignored and local.,d73d7eaed18a6f2d76a74a7d26696b0926a34c1df0387aeb5a7360af0f5ceab6,public_reuse_review,au_pbs,https://www.pbs.gov.au/publication/schedule/2021/09/2021-09-01-general-schedule-volume-1.pdf?variant=3,au_pbs_archive_2021_09_01_1f0dc68bee62
sha256:d7716845a3561a74886ac5632aa65bdb0676b48afbbf1298cb09035737274334,7429577,evidence:sha256:d7716845a3561a74886ac5632aa65bdb0676b48afbbf1298cb09035737274334,rights_constrained_reference,2026-08-27T08:02:43.936236+00:00,sha256:d7716845a3561a74886ac5632aa65bdb0676b48afbbf1298cb09035737274334,B2 historical checksum reference records current-run fixity; source bytes remain ignored and local.,d7716845a3561a74886ac5632aa65bdb0676b48afbbf1298cb09035737274334,public_reuse_review,au_pbs,https://www.pbs.gov.au/publication/schedule/2008/2008-12-01-general-schedule.pdf?variant=3,au_pbs_archive_2008_12_01_3e761c5f79b5
sha256:d7ad0390e866fc6b8ff6e40fef1376f69293901b9c50a3848817c784af1aa923,21420455,evidence:sha256:d7ad0390e866fc6b8ff6e40fef1376f69293901b9c50a3848817c784af1aa923,rights_constrained_reference,2026-08-27T08:02:43.936236+00:00,sha256:d7ad0390e866fc6b8ff6e40fef1376f69293901b9c50a3848817c784af1aa923,B2 historical checksum reference records current-run fixity; source bytes remain ignored and local.,d7ad0390e866fc6b8ff6e40fef1376f69293901b9c50a3848817c784af1aa923,public_reuse_review,au_mbs,https://www.mbsonline.gov.au/internet/mbsonline/publishing.nsf/Content/515793D58E889BD0CA257CD100033990/$File/1987-Pathology.pdf,au_mbs_historical_0084
sha256:d7be0fe0eae0244258f6cd94f18be3a9f2ec87d2a025ef2cf65a2425335d6a89,70779,evidence:sha256:d7be0fe0eae0244258f6cd94f18be3a9f2ec87d2a025ef2cf65a2425335d6a89,rights_constrained_reference,2026-08-27T08:02:43.936236+00:00,sha256:d7be0fe0eae0244258f6cd94f18be3a9f2ec87d2a025ef2cf65a2425335d6a89,B2 historical checksum reference records current-run fixity; source bytes remain ignored and local.,d7be0fe0eae0244258f6cd94f18be3a9f2ec87d2a025ef2cf65a2425335d6a89,public_reuse_review,au_pbs,https://www.pbs.gov.au/publication/schedule/2009/2009-03-01-general-schedule-soc.pdf?variant=3,au_pbs_archive_2009_03_01_6ad17415d7ab
sha256:d7c2006557a552503c5d6da96fa7a5e22ce9fa81a185850ba7fc5963e7bbc6b6,2780960,evidence:sha256:d7c2006557a552503c5d6da96fa7a5e22ce9fa81a185850ba7fc5963e7bbc6b6,rights_constrained_reference,2026-08-27T08:02:43.936236+00:00,sha256:d7c2006557a552503c5d6da96fa7a5e22ce9fa81a185850ba7fc5963e7bbc6b6,B2 historical checksum reference records current-run fixity; source bytes remain ignored and local.,d7c2006557a552503c5d6da96fa7a5e22ce9fa81a185850ba7fc5963e7bbc6b6,public_reuse_review,au_pbs,https://www.pbs.gov.au/publication/schedule/2023/03/2023-03-01-general-soc.pdf?variant=3,au_pbs_archive_2023_03_01_cc09c691792e
sha256:d7c4c6ca46106c4a35f2b11a543760862f3d8753b16b04ace82f231c2724b08b,6644407,evidence:sha256:d7c4c6ca46106c4a35f2b11a543760862f3d8753b16b04ace82f231c2724b08b,rights_constrained_reference,2026-08-27T08:02:43.936236+00:00,sha256:d7c4c6ca46106c4a35f2b11a543760862f3d8753b16b04ace82f231c2724b08b,B2 historical checksum reference records current-run fixity; source bytes remain ignored and local.,d7c4c6ca46106c4a35f2b11a543760862f3d8753b16b04ace82f231c2724b08b,public_reuse_review,au_pbs,https://www.pbs.gov.au/publication/schedule/2013/01/2013-01-01-pbs-schedule.pdf?variant=3,au_pbs_archive_2013_01_01_4d0aa2fe7be0
sha256:d7e3fb26a7b86bc8506298bb72484829452df418d593fb8fb677712b32140479,11006319,evidence:sha256:d7e3fb26a7b86bc8506298bb72484829452df418d593fb8fb677712b32140479,rights_constrained_reference,2026-08-27T08:02:43.936236+00:00,sha256:d7e3fb26a7b86bc8506298bb72484829452df418d593fb8fb677712b32140479,B2 historical checksum reference records current-run fixity; source bytes remain ignored and local.,d7e3fb26a7b86bc8506298bb72484829452df418d593fb8fb677712b32140479,public_reuse_review,au_pbs,https://www.pbs.gov.au/publication/schedule/2023/12/2023-12-01-general-schedule-volume-2.pdf?variant=3,au_pbs_archive_2023_12_01_c3dabc548614
sha256:d8cea11fb24d76644ef3f744550b3bc4c29c35e802f29de6f5af9f122a11511c,182110,evidence:sha256:d8cea11fb24d76644ef3f744550b3bc4c29c35e802f29de6f5af9f122a11511c,rights_constrained_reference,2026-08-27T08:02:43.936236+00:00,sha256:d8cea11fb24d76644ef3f744550b3bc4c29c35e802f29de6f5af9f122a11511c,B2 historical checksum reference records current-run fixity; source bytes remain ignored and local.,d8cea11fb24d76644ef3f744550b3bc4c29c35e802f29de6f5af9f122a11511c,public_reuse_review,au_pbs,https://www.pbs.gov.au/publication/schedule/2013/06/2013-06-01-efc-schedule-soc.pdf?variant=3,au_pbs_archive_2013_06_01_da3ec3098306
sha256:d8d2a07532566340174bc4832dec6a7df4206427a8711bb6e083c934819bd444,2837122,evidence:sha256:d8d2a07532566340174bc4832dec6a7df4206427a8711bb6e083c934819bd444,rights_constrained_reference,2026-08-27T08:02:43.936236+00:00,sha256:d8d2a07532566340174bc4832dec6a7df4206427a8711bb6e083c934819bd444,B2 historical checksum reference records current-run fixity; source bytes remain ignored and local.,d8d2a07532566340174bc4832dec6a7df4206427a8711bb6e083c934819bd444,public_reuse_review,au_pbs,https://www.pbs.gov.au/publication/schedule/2012/03/2012-03-01-chemotherapy-booklet.pdf?variant=3,au_pbs_archive_2012_03_01_b2d137b93075
sha256:d910f107c128ea07534dbfd089b9c86f99c881bb36919726e37dcc2403b2359c,11399927,evidence:sha256:d910f107c128ea07534dbfd089b9c86f99c881bb36919726e37dcc2403b2359c,rights_constrained_reference,2026-07-23T06:28:10.994108+00:00,sha256:d910f107c128ea07534dbfd089b9c86f99c881bb36919726e37dcc2403b2359c,B2 reviewed-snapshot reference preserves fixity and rights state without redistributing source bytes.,d910f107c128ea07534dbfd089b9c86f99c881bb36919726e37dcc2403b2359c,public_reuse_review,us_fda_device_classification,https://api.fda.gov/device/classification.json,us_fda_device_classification_20260723_complete
sha256:d91916ae813125b45a13ffbb325ecfec355290a9d53473553c69fe1f3634525c,17001730,evidence:sha256:d91916ae813125b45a13ffbb325ecfec355290a9d53473553c69fe1f3634525c,rights_constrained_reference,2026-08-27T08:02:43.936236+00:00,sha256:d91916ae813125b45a13ffbb325ecfec355290a9d53473553c69fe1f3634525c,B2 historical checksum reference records current-run fixity; source bytes remain ignored and local.,d91916ae813125b45a13ffbb325ecfec355290a9d53473553c69fe1f3634525c,public_reuse_review,au_mbs,https://www.mbsonline.gov.au/internet/mbsonline/publishing.nsf/Content/90CB91EE0B6FB8A9CA2586140082584E/$File/201803-MBS.pdf,au_mbs_historical_0223
sha256:d92113534be7cba0aedffca4af5df9dd1600a6c4fd73685f0fd96548cd84b23e,16575635,evidence:sha256:d92113534be7cba0aedffca4af5df9dd1600a6c4fd73685f0fd96548cd84b23e,rights_constrained_reference,2026-08-27T08:02:43.936236+00:00,sha256:d92113534be7cba0aedffca4af5df9dd1600a6c4fd73685f0fd96548cd84b23e,B2 historical checksum reference records current-run fixity; source bytes remain ignored and local.,d92113534be7cba0aedffca4af5df9dd1600a6c4fd73685f0fd96548cd84b23e,public_reuse_review,au_pbs,https://www.pbs.gov.au/publication/schedule/1951-2002/1971-12-01-consolidated-schedules.pdf?variant=3,au_pbs_archive_1971_12_01_4710dee53332
sha256:da118a85401cce597e17574b0d6f78c930298d8156a90ce3687a5b9c5f9648d4,115168,evidence:sha256:da118a85401cce597e17574b0d6f78c930298d8156a90ce3687a5b9c5f9648d4,rights_constrained_reference,2026-08-27T08:02:43.936236+00:00,sha256:da118a85401cce597e17574b0d6f78c930298d8156a90ce3687a5b9c5f9648d4,B2 historical checksum reference records current-run fixity; source bytes remain ignored and local.,da118a85401cce597e17574b0d6f78c930298d8156a90ce3687a5b9c5f9648d4,public_reuse_review,au_pbs,https://www.pbs.gov.au/publication/schedule/2016/02/2016-02-01-errata.pdf?variant=3,au_pbs_archive_2016_02_01_2a0855a8b267
sha256:da1401e3226a8a65ef7f3b2fb4076bb18aa8cb91591f42434f6a6263bdb1cf92,22176764,evidence:sha256:da1401e3226a8a65ef7f3b2fb4076bb18aa8cb91591f42434f6a6263bdb1cf92,rights_constrained_reference,2026-08-27T08:02:43.936236+00:00,sha256:da1401e3226a8a65ef7f3b2fb4076bb18aa8cb91591f42434f6a6263bdb1cf92,B2 historical checksum reference records current-run fixity; source bytes remain ignored and local.,da1401e3226a8a65ef7f3b2fb4076bb18aa8cb91591f42434f6a6263bdb1cf92,public_reuse_review,au_pbs,https://www.pbs.gov.au/publication/schedule/2024/03/2024-03-01-general-volume-1.pdf?variant=3,au_pbs_archive_2024_03_01_e7321e628a34
sha256:da9bf6ed5616ca69bc4225234c569ec3e1b652fce9e7db21c1f13af5fd2804dc,887290,evidence:sha256:da9bf6ed5616ca69bc4225234c569ec3e1b652fce9e7db21c1f13af5fd2804dc,rights_constrained_reference,2026-08-27T08:02:43.936236+00:00,sha256:da9bf6ed5616ca69bc4225234c569ec3e1b652fce9e7db21c1f13af5fd2804dc,B2 historical checksum reference records current-run fixity; source bytes remain ignored and local.,da9bf6ed5616ca69bc4225234c569ec3e1b652fce9e7db21c1f13af5fd2804dc,public_reuse_review,au_mbs,https://www.mbsonline.gov.au/internet/mbsonline/publishing.nsf/Content/515793D58E889BD0CA257CD100033990/$File/1996-11-CLaCP.pdf,au_mbs_historical_0104
sha256:dace7bda90ed966ef041590a98272415013f4f55a9dec8e47aa98291a261b9d2,1736826,evidence:sha256:dace7bda90ed966ef041590a98272415013f4f55a9dec8e47aa98291a261b9d2,rights_constrained_reference,2026-08-27T08:02:43.936236+00:00,sha256:dace7bda90ed966ef041590a98272415013f4f55a9dec8e47aa98291a261b9d2,B2 historical checksum reference records current-run fixity; source bytes remain ignored and local.,dace7bda90ed966ef041590a98272415013f4f55a9dec8e47aa98291a261b9d2,public_reuse_review,au_pbs,https://www.pbs.gov.au/publication/schedule/2020/12/2020-12-01-general-soc.pdf?variant=3,au_pbs_archive_2020_12_01_f944254ea93a
sha256:db5a572b3e8ccff655245088c4090e9284926ce28c9e59168b1b0cf703d01720,1025119,evidence:sha256:db5a572b3e8ccff655245088c4090e9284926ce28c9e59168b1b0cf703d01720,rights_constrained_reference,2026-08-27T08:02:43.936236+00:00,sha256:db5a572b3e8ccff655245088c4090e9284926ce28c9e59168b1b0cf703d01720,B2 historical checksum reference records current-run fixity; source bytes remain ignored and local.,db5a572b3e8ccff655245088c4090e9284926ce28c9e59168b1b0cf703d01720,public_reuse_review,au_pbs,https://www.pbs.gov.au/publication/schedule/2013/04/2013-04-01-general-schedule-soc.pdf?variant=3,au_pbs_archive_2013_04_01_dc89b088f0ca
sha256:db5eb0d6467c0ac15bda3ba1a719c5d891b5cb2884273d2d1f8f73411637a6bd,18650797,evidence:sha256:db5eb0d6467c0ac15bda3ba1a719c5d891b5cb2884273d2d1f8f73411637a6bd,rights_constrained_reference,2026-08-27T08:02:43.936236+00:00,sha256:db5eb0d6467c0ac15bda3ba1a719c5d891b5cb2884273d2d1f8f73411637a6bd,B2 historical checksum reference records current-run fixity; source bytes remain ignored and local.,db5eb0d6467c0ac15bda3ba1a719c5d891b5cb2884273d2d1f8f73411637a6bd,public_reuse_review,au_mbs,https://www.mbsonline.gov.au/internet/mbsonline/publishing.nsf/Content/90CB91EE0B6FB8A9CA2586140082584E/$File/201811-MBS.pdf,au_mbs_historical_0227
sha256:db71d631ee6a8eb4ee4508581ec3caeecefe7ef30181c8abcef4ae55b54cde03,4448448,evidence:sha256:db71d631ee6a8eb4ee4508581ec3caeecefe7ef30181c8abcef4ae55b54cde03,rights_constrained_reference,2026-08-27T08:02:43.936236+00:00,sha256:db71d631ee6a8eb4ee4508581ec3caeecefe7ef30181c8abcef4ae55b54cde03,B2 historical checksum reference records current-run fixity; source bytes remain ignored and local.,db71d631ee6a8eb4ee4508581ec3caeecefe7ef30181c8abcef4ae55b54cde03,public_reuse_review,au_pbs,https://www.pbs.gov.au/publication/schedule/2007/2007-01-01-general-schedule.pdf?variant=3,au_pbs_archive_2007_01_01_0856cfc867ad
sha256:db72cc9875afdb01c11cbda882d34fa94f970c9a76f0da882ba902ee3f468466,13375931,evidence:sha256:db72cc9875afdb01c11cbda882d34fa94f970c9a76f0da882ba902ee3f468466,rights_constrained_reference,2026-08-27T08:02:43.936236+00:00,sha256:db72cc9875afdb01c11cbda882d34fa94f970c9a76f0da882ba902ee3f468466,B2 historical checksum reference records current-run fixity; source bytes remain ignored and local.,db72cc9875afdb01c11cbda882d34fa94f970c9a76f0da882ba902ee3f468466,public_reuse_review,au_pbs,https://www.pbs.gov.au/publication/schedule/2021/12/2021-12-01-general-schedule-volume-2.pdf?variant=3,au_pbs_archive_2021_12_01_4b7d23d5668e
sha256:dbb7082da486ce3c42332ab83a50270193ddcca6c6a0d89b9a8f74a3f7e3523c,25410390,evidence:sha256:dbb7082da486ce3c42332ab83a50270193ddcca6c6a0d89b9a8f74a3f7e3523c,rights_constrained_reference,2026-08-27T08:02:43.936236+00:00,sha256:dbb7082da486ce3c42332ab83a50270193ddcca6c6a0d89b9a8f74a3f7e3523c,B2 historical checksum reference records current-run fixity; source bytes remain ignored and local.,dbb7082da486ce3c42332ab83a50270193ddcca6c6a0d89b9a8f74a3f7e3523c,public_reuse_review,au_pbs,https://www.pbs.gov.au/publication/schedule/2021/11/2021-11-01-general-schedule-volume-1.pdf?variant=3,au_pbs_archive_2021_11_01_1f5f65a52345
sha256:dbd19e64719c3171aa28e8f740fde231d3c0db3b9e67a6cc2e805e0f330ccfac,8087747,evidence:sha256:dbd19e64719c3171aa28e8f740fde231d3c0db3b9e67a6cc2e805e0f330ccfac,rights_constrained_reference,2026-08-27T08:02:43.936236+00:00,sha256:dbd19e64719c3171aa28e8f740fde231d3c0db3b9e67a6cc2e805e0f330ccfac,B2 historical checksum reference records current-run fixity; source bytes remain ignored and local.,dbd19e64719c3171aa28e8f740fde231d3c0db3b9e67a6cc2e805e0f330ccfac,public_reuse_review,au_pbs,https://www.pbs.gov.au/publication/schedule/2021/05/2021-05-01-general-schedule-volume-2.pdf?variant=3,au_pbs_archive_2021_05_01_192cbeec289b
sha256:dbf0444396e4399684263c2e6751e7863fec25b8a71bb1d09465f99781763f9e,67635,evidence:sha256:dbf0444396e4399684263c2e6751e7863fec25b8a71bb1d09465f99781763f9e,rights_constrained_reference,2026-08-27T08:02:43.936236+00:00,sha256:dbf0444396e4399684263c2e6751e7863fec25b8a71bb1d09465f99781763f9e,B2 historical checksum reference records current-run fixity; source bytes remain ignored and local.,dbf0444396e4399684263c2e6751e7863fec25b8a71bb1d09465f99781763f9e,public_reuse_review,au_pbs,https://www.pbs.gov.au/publication/schedule/2009/2009-07-01-general-schedule-soc.pdf?variant=3,au_pbs_archive_2009_07_01_aac18ebb109f
sha256:dbf160f608b3e69dc3f14bdb5830fd6a55015d3a03225bbc4cc242ee4e0c3216,22383961,evidence:sha256:dbf160f608b3e69dc3f14bdb5830fd6a55015d3a03225bbc4cc242ee4e0c3216,rights_constrained_reference,2026-08-27T08:02:43.936236+00:00,sha256:dbf160f608b3e69dc3f14bdb5830fd6a55015d3a03225bbc4cc242ee4e0c3216,B2 historical checksum reference records current-run fixity; source bytes remain ignored and local.,dbf160f608b3e69dc3f14bdb5830fd6a55015d3a03225bbc4cc242ee4e0c3216,public_reuse_review,au_pbs,https://www.pbs.gov.au/publication/schedule/2020/11/2020-11-01-general-schedule-volume-1.pdf?variant=3,au_pbs_archive_2020_11_01_2d3c47ade2b9
sha256:dbf1fc22899daa2c5fb1516d70b8b5993675030606e66734a3c8e19fd0fb1f2f,1315048,evidence:sha256:dbf1fc22899daa2c5fb1516d70b8b5993675030606e66734a3c8e19fd0fb1f2f,rights_constrained_reference,2026-08-27T08:02:43.936236+00:00,sha256:dbf1fc22899daa2c5fb1516d70b8b5993675030606e66734a3c8e19fd0fb1f2f,B2 historical checksum reference records current-run fixity; source bytes remain ignored and local.,dbf1fc22899daa2c5fb1516d70b8b5993675030606e66734a3c8e19fd0fb1f2f,public_reuse_review,au_mbs,https://www.mbsonline.gov.au/internet/mbsonline/publishing.nsf/Content/515793D58E889BD0CA257CD100033990/$File/1995-07-MBS.pdf,au_mbs_historical_0099
sha256:dc4ac61482dcc9e4e9a45906523dc26235995f9b351bdc8068c3da67e120afc3,739486,evidence:sha256:dc4ac61482dcc9e4e9a45906523dc26235995f9b351bdc8068c3da67e120afc3,rights_constrained_reference,2026-08-27T08:02:43.936236+00:00,sha256:dc4ac61482dcc9e4e9a45906523dc26235995f9b351bdc8068c3da67e120afc3,B2 historical checksum reference records current-run fixity; source bytes remain ignored and local.,dc4ac61482dcc9e4e9a45906523dc26235995f9b351bdc8068c3da67e120afc3,public_reuse_review,au_pbs,https://www.pbs.gov.au/publication/schedule/2013/03/2013-03-01-general-schedule-SOC.pdf?variant=3,au_pbs_archive_2013_03_01_049fcb15c311
sha256:dd0889479e92aac2304624866cb09304c53d61adae7ce9b2debe3738ca623723,314155,evidence:sha256:dd0889479e92aac2304624866cb09304c53d61adae7ce9b2debe3738ca623723,rights_constrained_reference,2026-08-27T08:02:43.936236+00:00,sha256:dd0889479e92aac2304624866cb09304c53d61adae7ce9b2debe3738ca623723,B2 historical checksum reference records current-run fixity; source bytes remain ignored and local.,dd0889479e92aac2304624866cb09304c53d61adae7ce9b2debe3738ca623723,public_reuse_review,au_pbs,https://www.pbs.gov.au/publication/schedule/2014/05/2014-05-01-general-schedule-soc.pdf?variant=3,au_pbs_archive_2014_05_01_3af0c40830eb
sha256:dd85b0324ffb0b000205ffd8ad8208637a4fa7a166dcde06eeb3e11157aa6aa1,3737974,evidence:sha256:dd85b0324ffb0b000205ffd8ad8208637a4fa7a166dcde06eeb3e11157aa6aa1,rights_constrained_reference,2026-08-27T08:02:43.936236+00:00,sha256:dd85b0324ffb0b000205ffd8ad8208637a4fa7a166dcde06eeb3e11157aa6aa1,B2 historical checksum reference records current-run fixity; source bytes remain ignored and local.,dd85b0324ffb0b000205ffd8ad8208637a4fa7a166dcde06eeb3e11157aa6aa1,public_reuse_review,au_pbs,https://www.pbs.gov.au/publication/schedule/2012/12/2012-12-01-efc-schedule.pdf?variant=3,au_pbs_archive_2012_12_01_92045a4d2ef5
sha256:ddb5f44e169b013bc37ffc1f171d5b98b109ae23181ca382c88a92a824ce901d,1287417,evidence:sha256:ddb5f44e169b013bc37ffc1f171d5b98b109ae23181ca382c88a92a824ce901d,rights_constrained_reference,2026-08-27T08:02:43.936236+00:00,sha256:ddb5f44e169b013bc37ffc1f171d5b98b109ae23181ca382c88a92a824ce901d,B2 historical checksum reference records current-run fixity; source bytes remain ignored and local.,ddb5f44e169b013bc37ffc1f171d5b98b109ae23181ca382c88a92a824ce901d,public_reuse_review,au_mbs,https://www.mbsonline.gov.au/internet/mbsonline/publishing.nsf/Content/DD4BF54A34D823FDCA25881700139AD5/$File/202207-Cat2d.pdf,au_mbs_historical_0286
sha256:de44bb7efa0077c5752577d184e9f2bdf133524b5b0666c6f3425fab8516567f,6734969,evidence:sha256:de44bb7efa0077c5752577d184e9f2bdf133524b5b0666c6f3425fab8516567f,rights_constrained_reference,2026-08-27T08:02:43.936236+00:00,sha256:de44bb7efa0077c5752577d184e9f2bdf133524b5b0666c6f3425fab8516567f,B2 historical checksum reference records current-run fixity; source bytes remain ignored and local.,de44bb7efa0077c5752577d184e9f2bdf133524b5b0666c6f3425fab8516567f,public_reuse_review,au_pbs,https://www.pbs.gov.au/publication/schedule/2012/12/2012-12-01-pbs-general-schedule.pdf?variant=3,au_pbs_archive_2012_12_01_08b037c68a37
sha256:de4d266ff4657fcc012b6f2a7b47490cfa4e8bc72a4df740f5f6599046b986a9,6515016,evidence:sha256:de4d266ff4657fcc012b6f2a7b47490cfa4e8bc72a4df740f5f6599046b986a9,rights_constrained_reference,2026-08-27T08:02:43.936236+00:00,sha256:de4d266ff4657fcc012b6f2a7b47490cfa4e8bc72a4df740f5f6599046b986a9,B2 historical checksum reference records current-run fixity; source bytes remain ignored and local.,de4d266ff4657fcc012b6f2a7b47490cfa4e8bc72a4df740f5f6599046b986a9,public_reuse_review,au_pbs,https://www.pbs.gov.au/publication/schedule/2011/11/2011-11-01-general-schedule.pdf?variant=3,au_pbs_archive_2011_11_01_558aa27af15d
sha256:de6d301965bf3affc8e80623d710036e2afc0ba4128195503bc650ebcafeba0f,2601775,evidence:sha256:de6d301965bf3affc8e80623d710036e2afc0ba4128195503bc650ebcafeba0f,rights_constrained_reference,2026-08-27T08:02:43.936236+00:00,sha256:de6d301965bf3affc8e80623d710036e2afc0ba4128195503bc650ebcafeba0f,B2 historical checksum reference records current-run fixity; source bytes remain ignored and local.,de6d301965bf3affc8e80623d710036e2afc0ba4128195503bc650ebcafeba0f,public_reuse_review,au_pbs,https://www.pbs.gov.au/publication/schedule/2012/06/2012-06-01-dental-book.pdf?variant=3,au_pbs_archive_2012_06_01_9414644caa73
sha256:de7418090f27f245cd82b98ac6936d9578b4fbb32c7b0c2c742ecc380787a053,1686659,evidence:sha256:de7418090f27f245cd82b98ac6936d9578b4fbb32c7b0c2c742ecc380787a053,rights_constrained_reference,2026-08-27T08:02:43.936236+00:00,sha256:de7418090f27f245cd82b98ac6936d9578b4fbb32c7b0c2c742ecc380787a053,B2 historical checksum reference records current-run fixity; source bytes remain ignored and local.,de7418090f27f245cd82b98ac6936d9578b4fbb32c7b0c2c742ecc380787a053,public_reuse_review,au_pbs,https://www.pbs.gov.au/publication/schedule/2021/04/2021-04-01-efc-schedule.pdf?variant=3,au_pbs_archive_2021_04_01_454aca34a823
sha256:dea4232587eab58a9181e7ff6de11aa1a3127f64dc2320ad6be809caa82eb2f1,3692198,evidence:sha256:dea4232587eab58a9181e7ff6de11aa1a3127f64dc2320ad6be809caa82eb2f1,rights_constrained_reference,2026-08-27T08:02:43.936236+00:00,sha256:dea4232587eab58a9181e7ff6de11aa1a3127f64dc2320ad6be809caa82eb2f1,B2 historical checksum reference records current-run fixity; source bytes remain ignored and local.,dea4232587eab58a9181e7ff6de11aa1a3127f64dc2320ad6be809caa82eb2f1,public_reuse_review,au_pbs,https://www.pbs.gov.au/publication/schedule/2011/05/2011-05-01-chemotherapy-booklet.pdf?variant=3,au_pbs_archive_2011_05_01_8c10ed249608
sha256:deb34e33fcd1a8f8d2308f13674b07267dd4f25a4eadc998f0e9bc39c4f17d83,457952,evidence:sha256:deb34e33fcd1a8f8d2308f13674b07267dd4f25a4eadc998f0e9bc39c4f17d83,rights_constrained_reference,2026-08-27T08:02:43.936236+00:00,sha256:deb34e33fcd1a8f8d2308f13674b07267dd4f25a4eadc998f0e9bc39c4f17d83,B2 historical checksum reference records current-run fixity; source bytes remain ignored and local.,deb34e33fcd1a8f8d2308f13674b07267dd4f25a4eadc998f0e9bc39c4f17d83,public_reuse_review,au_pbs,https://www.pbs.gov.au/publication/schedule/2010/2010-02-01-dental-book.pdf?variant=3,au_pbs_archive_2010_02_01_37cc2a1a2754
sha256:ded0c4e3cf74ca92bdd59ee382bcaee761ebf16b1059140f90e01299aabb3b8b,8369978,evidence:sha256:ded0c4e3cf74ca92bdd59ee382bcaee761ebf16b1059140f90e01299aabb3b8b,rights_constrained_reference,2026-08-27T08:02:43.936236+00:00,sha256:ded0c4e3cf74ca92bdd59ee382bcaee761ebf16b1059140f90e01299aabb3b8b,B2 historical checksum reference records current-run fixity; source bytes remain ignored and local.,ded0c4e3cf74ca92bdd59ee382bcaee761ebf16b1059140f90e01299aabb3b8b,public_reuse_review,au_pbs,https://www.pbs.gov.au/publication/schedule/2012/07/2012-07-01-general-schedule.pdf?variant=3,au_pbs_archive_2012_07_01_f21b40535ec4
sha256:ded60545c6079c144e55c9f5505a7ae87610178226c35994bfca5972a93938fa,15316530,evidence:sha256:ded60545c6079c144e55c9f5505a7ae87610178226c35994bfca5972a93938fa,rights_constrained_reference,2026-08-27T08:02:43.936236+00:00,sha256:ded60545c6079c144e55c9f5505a7ae87610178226c35994bfca5972a93938fa,B2 historical checksum reference records current-run fixity; source bytes remain ignored and local.,ded60545c6079c144e55c9f5505a7ae87610178226c35994bfca5972a93938fa,public_reuse_review,au_pbs,https://www.pbs.gov.au/publication/schedule/1951-2002/1989-12-01-consolidated-schedules.pdf?variant=3,au_pbs_archive_1989_12_01_d3961c1474b2
sha256:df5e9771847f4c7af065d67043c67862196ae7040947adcca0c372423b9415d1,16742888,evidence:sha256:df5e9771847f4c7af065d67043c67862196ae7040947adcca0c372423b9415d1,rights_constrained_reference,2026-08-27T08:02:43.936236+00:00,sha256:df5e9771847f4c7af065d67043c67862196ae7040947adcca0c372423b9415d1,B2 historical checksum reference records current-run fixity; source bytes remain ignored and local.,df5e9771847f4c7af065d67043c67862196ae7040947adcca0c372423b9415d1,public_reuse_review,au_pbs,https://www.pbs.gov.au/publication/schedule/1951-2002/1988-12-01-consolidated-schedules.pdf?variant=3,au_pbs_archive_1988_12_01_3aea7d8c21b9
sha256:df6bfd181dfec0dd53f0b945550cccf26345286520846c6b58e9a93d1eb620be,47027,evidence:sha256:df6bfd181dfec0dd53f0b945550cccf26345286520846c6b58e9a93d1eb620be,rights_constrained_reference,2026-08-27T08:02:43.936236+00:00,sha256:df6bfd181dfec0dd53f0b945550cccf26345286520846c6b58e9a93d1eb620be,B2 historical checksum reference records current-run fixity; source bytes remain ignored and local.,df6bfd181dfec0dd53f0b945550cccf26345286520846c6b58e9a93d1eb620be,public_reuse_review,au_pbs,https://www.pbs.gov.au/publication/schedule/2011/06/2011-06-01-errata.pdf?variant=3,au_pbs_archive_2011_06_01_f2f4fc6c6b64
sha256:dfe2e5375fae0b7af5054bb0c648cc7eaaee45620c72e8fc7998873b8864d650,3254857,evidence:sha256:dfe2e5375fae0b7af5054bb0c648cc7eaaee45620c72e8fc7998873b8864d650,rights_constrained_reference,2026-08-27T08:02:43.936236+00:00,sha256:dfe2e5375fae0b7af5054bb0c648cc7eaaee45620c72e8fc7998873b8864d650,B2 historical checksum reference records current-run fixity; source bytes remain ignored and local.,dfe2e5375fae0b7af5054bb0c648cc7eaaee45620c72e8fc7998873b8864d650,public_reuse_review,au_pbs,https://www.pbs.gov.au/publication/schedule/2015/09/2015-09-01-general-schedule-soc.pdf?variant=3,au_pbs_archive_2015_09_01_6353ed4aaa7b
sha256:dfe3fddc70483a2b93ce46dd43327743dd81b4024151bfce895c2dd9db00c623,309224,evidence:sha256:dfe3fddc70483a2b93ce46dd43327743dd81b4024151bfce895c2dd9db00c623,rights_constrained_reference,2026-08-27T08:02:43.936236+00:00,sha256:dfe3fddc70483a2b93ce46dd43327743dd81b4024151bfce895c2dd9db00c623,B2 historical checksum reference records current-run fixity; source bytes remain ignored and local.,dfe3fddc70483a2b93ce46dd43327743dd81b4024151bfce895c2dd9db00c623,public_reuse_review,au_mbs,https://www.mbsonline.gov.au/internet/mbsonline/publishing.nsf/Content/515793D58E889BD0CA257CD100033990/$File/200905-Summary.pdf,au_mbs_historical_0160
sha256:dfe8ff9fa4c46a431d63d18cbf25b1f0b110feba4c9a9adcccec14c8eb491200,9654671,evidence:sha256:dfe8ff9fa4c46a431d63d18cbf25b1f0b110feba4c9a9adcccec14c8eb491200,rights_constrained_reference,2026-08-27T08:02:43.936236+00:00,sha256:dfe8ff9fa4c46a431d63d18cbf25b1f0b110feba4c9a9adcccec14c8eb491200,B2 historical checksum reference records current-run fixity; source bytes remain ignored and local.,dfe8ff9fa4c46a431d63d18cbf25b1f0b110feba4c9a9adcccec14c8eb491200,public_reuse_review,au_pbs,https://www.pbs.gov.au/publication/schedule/2020/02/2020-02-01-general-schedule-volume-1.pdf?variant=3,au_pbs_archive_2020_02_01_27546457f2ce
sha256:e07a58b1ad24252bc2d690bacc13d6359283fe701d147a42405bb602a4d85b5b,5108763,evidence:sha256:e07a58b1ad24252bc2d690bacc13d6359283fe701d147a42405bb602a4d85b5b,rights_constrained_reference,2026-08-27T08:02:43.936236+00:00,sha256:e07a58b1ad24252bc2d690bacc13d6359283fe701d147a42405bb602a4d85b5b,B2 historical checksum reference records current-run fixity; source bytes remain ignored and local.,e07a58b1ad24252bc2d690bacc13d6359283fe701d147a42405bb602a4d85b5b,public_reuse_review,au_mbs,https://www.mbsonline.gov.au/internet/mbsonline/publishing.nsf/Content/4EFCF78281A91736CA258654001138AF/$File/202103-cat3.pdf,au_mbs_historical_0064
sha256:e0afd7ca50b5e335180f4fca6c2047b5b820eb2c5ead02dbd092d65a262a98d3,467570,evidence:sha256:e0afd7ca50b5e335180f4fca6c2047b5b820eb2c5ead02dbd092d65a262a98d3,rights_constrained_reference,2026-08-27T08:02:43.936236+00:00,sha256:e0afd7ca50b5e335180f4fca6c2047b5b820eb2c5ead02dbd092d65a262a98d3,B2 historical checksum reference records current-run fixity; source bytes remain ignored and local.,e0afd7ca50b5e335180f4fca6c2047b5b820eb2c5ead02dbd092d65a262a98d3,public_reuse_review,au_mbs,https://www.mbsonline.gov.au/internet/mbsonline/publishing.nsf/Content/B900536D4B582E61CA2585FF0006926F/$File/201408-Allied.PDF,au_mbs_historical_0279
sha256:e0b005c7b1f98efd8dbb14eb6280056ca70b0cd02f01bcb2c3821f9ea7564c9f,187787,evidence:sha256:e0b005c7b1f98efd8dbb14eb6280056ca70b0cd02f01bcb2c3821f9ea7564c9f,rights_constrained_reference,2026-08-27T08:02:43.936236+00:00,sha256:e0b005c7b1f98efd8dbb14eb6280056ca70b0cd02f01bcb2c3821f9ea7564c9f,B2 historical checksum reference records current-run fixity; source bytes remain ignored and local.,e0b005c7b1f98efd8dbb14eb6280056ca70b0cd02f01bcb2c3821f9ea7564c9f,public_reuse_review,au_pbs,https://www.pbs.gov.au/publication/schedule/2010/2010-01-01-general-schedule-soc.pdf?variant=3,au_pbs_archive_2010_01_01_fe0a9edfae95
sha256:e17e80d42beb074a582eafa3068707f0741d5df77678129778e7a56859c98b41,83048,evidence:sha256:e17e80d42beb074a582eafa3068707f0741d5df77678129778e7a56859c98b41,rights_constrained_reference,2026-08-27T08:02:43.936236+00:00,sha256:e17e80d42beb074a582eafa3068707f0741d5df77678129778e7a56859c98b41,B2 historical checksum reference records current-run fixity; source bytes remain ignored and local.,e17e80d42beb074a582eafa3068707f0741d5df77678129778e7a56859c98b41,public_reuse_review,au_pbs,https://www.pbs.gov.au/publication/schedule/2012/12/2012-12-01-general-schedule-erratum-risedronate.pdf?variant=3,au_pbs_archive_2012_12_01_715075f1bc08
sha256:e1f99fd16f4cc109f5f09c4173bd56854cac147a1336726e763ee7fd782578f4,232760,evidence:sha256:e1f99fd16f4cc109f5f09c4173bd56854cac147a1336726e763ee7fd782578f4,rights_constrained_reference,2026-08-27T08:02:43.936236+00:00,sha256:e1f99fd16f4cc109f5f09c4173bd56854cac147a1336726e763ee7fd782578f4,B2 historical checksum reference records current-run fixity; source bytes remain ignored and local.,e1f99fd16f4cc109f5f09c4173bd56854cac147a1336726e763ee7fd782578f4,public_reuse_review,au_pbs,https://www.pbs.gov.au/publication/schedule/2012/08/2012-08-01-dental-book-SOC.pdf?variant=3,au_pbs_archive_2012_08_01_d134489f0e05
sha256:e2554c8b86384831d9d055d5a4870c821b89ae65cb3dae48f31ddf76f70ac430,14329888,evidence:sha256:e2554c8b86384831d9d055d5a4870c821b89ae65cb3dae48f31ddf76f70ac430,rights_constrained_reference,2026-08-27T08:02:43.936236+00:00,sha256:e2554c8b86384831d9d055d5a4870c821b89ae65cb3dae48f31ddf76f70ac430,B2 historical checksum reference records current-run fixity; source bytes remain ignored and local.,e2554c8b86384831d9d055d5a4870c821b89ae65cb3dae48f31ddf76f70ac430,public_reuse_review,au_mbs,https://www.mbsonline.gov.au/internet/mbsonline/publishing.nsf/Content/515793D58E889BD0CA257CD100033990/$File/1990-05-MBS.pdf,au_mbs_historical_0086
sha256:e25f74182e6b023ec0d07e7fdc62e7099d0ce17d80c58a23384f477709e47382,317343,evidence:sha256:e25f74182e6b023ec0d07e7fdc62e7099d0ce17d80c58a23384f477709e47382,rights_constrained_reference,2026-08-27T08:02:43.936236+00:00,sha256:e25f74182e6b023ec0d07e7fdc62e7099d0ce17d80c58a23384f477709e47382,B2 historical checksum reference records current-run fixity; source bytes remain ignored and local.,e25f74182e6b023ec0d07e7fdc62e7099d0ce17d80c58a23384f477709e47382,public_reuse_review,au_mbs,https://www.mbsonline.gov.au/internet/mbsonline/publishing.nsf/Content/515793D58E889BD0CA257CD100033990/$File/200811Allied.pdf,au_mbs_historical_0154
sha256:e28e1366b039da419e8c5e58a35b0ba892074b490cd4e0b0e08964ae426c2f59,2946805,evidence:sha256:e28e1366b039da419e8c5e58a35b0ba892074b490cd4e0b0e08964ae426c2f59,rights_constrained_reference,2026-08-27T08:02:43.936236+00:00,sha256:e28e1366b039da419e8c5e58a35b0ba892074b490cd4e0b0e08964ae426c2f59,B2 historical checksum reference records current-run fixity; source bytes remain ignored and local.,e28e1366b039da419e8c5e58a35b0ba892074b490cd4e0b0e08964ae426c2f59,public_reuse_review,au_pbs,https://www.pbs.gov.au/publication/schedule/2025/02/2025-02-01-efc-schedule.pdf?variant=3,au_pbs_archive_2025_02_01_0961ed886127
sha256:e29012cfd0fc4149d3106f4d3d0fd58e705114e0aaf89b432bf5bb2dff8491fd,24709988,evidence:sha256:e29012cfd0fc4149d3106f4d3d0fd58e705114e0aaf89b432bf5bb2dff8491fd,rights_constrained_reference,2026-08-27T08:02:43.936236+00:00,sha256:e29012cfd0fc4149d3106f4d3d0fd58e705114e0aaf89b432bf5bb2dff8491fd,B2 historical checksum reference records current-run fixity; source bytes remain ignored and local.,e29012cfd0fc4149d3106f4d3d0fd58e705114e0aaf89b432bf5bb2dff8491fd,public_reuse_review,au_pbs,https://www.pbs.gov.au/publication/schedule/2021/06/2021-06-01-general-schedule-volume-1.pdf?variant=3,au_pbs_archive_2021_06_01_2ab239b41df3
sha256:e2917e49e5111c4f01dc8721fb2dd8892ffaafba56773a8d33c42f07fb85980f,634808,evidence:sha256:e2917e49e5111c4f01dc8721fb2dd8892ffaafba56773a8d33c42f07fb85980f,rights_constrained_reference,2026-08-27T08:02:43.936236+00:00,sha256:e2917e49e5111c4f01dc8721fb2dd8892ffaafba56773a8d33c42f07fb85980f,B2 historical checksum reference records current-run fixity; source bytes remain ignored and local.,e2917e49e5111c4f01dc8721fb2dd8892ffaafba56773a8d33c42f07fb85980f,public_reuse_review,au_pbs,https://www.pbs.gov.au/publication/schedule/2020/07/2020-07-01-general-soc.pdf?variant=3,au_pbs_archive_2020_07_01_5fddfb0c23d3
sha256:e2aa5f7cc9a1c642d483b5457e9f1086c650490d6dd47152e82eb54046866733,2385188,evidence:sha256:e2aa5f7cc9a1c642d483b5457e9f1086c650490d6dd47152e82eb54046866733,rights_constrained_reference,2026-07-18T00:00:00+00:00,sha256:e2aa5f7cc9a1c642d483b5457e9f1086c650490d6dd47152e82eb54046866733,B2 reviewed-snapshot reference preserves fixity and rights state without redistributing source bytes.,e2aa5f7cc9a1c642d483b5457e9f1086c650490d6dd47152e82eb54046866733,public_reuse_review,au_pbs,https://data.pbs.gov.au/document/91327.html,au_pbs_api_v3_current_month
sha256:e3461a78b0490407fa545e95f03c38ed39920e8c6e8d2dd2166f21e73c9cf34c,2399057,evidence:sha256:e3461a78b0490407fa545e95f03c38ed39920e8c6e8d2dd2166f21e73c9cf34c,rights_constrained_reference,2026-08-27T08:02:43.936236+00:00,sha256:e3461a78b0490407fa545e95f03c38ed39920e8c6e8d2dd2166f21e73c9cf34c,B2 historical checksum reference records current-run fixity; source bytes remain ignored and local.,e3461a78b0490407fa545e95f03c38ed39920e8c6e8d2dd2166f21e73c9cf34c,public_reuse_review,au_pbs,https://www.pbs.gov.au/publication/schedule/2011/02/2011-02-01-dental-book.pdf?variant=3,au_pbs_archive_2011_02_01_e641d0253f10
sha256:e370ccbbcf1bb3209ff9e77dd5e0b8d7044265cbb1c73723dd3fbb5e28a4e03e,12551,evidence:sha256:e370ccbbcf1bb3209ff9e77dd5e0b8d7044265cbb1c73723dd3fbb5e28a4e03e,rights_constrained_reference,2026-08-27T08:02:43.936236+00:00,sha256:e370ccbbcf1bb3209ff9e77dd5e0b8d7044265cbb1c73723dd3fbb5e28a4e03e,B2 historical checksum reference records current-run fixity; source bytes remain ignored and local.,e370ccbbcf1bb3209ff9e77dd5e0b8d7044265cbb1c73723dd3fbb5e28a4e03e,public_reuse_review,au_mbs,https://www.mbsonline.gov.au/internet/mbsonline/publishing.nsf/Content/5DCECCA2E8B2062CCA2586F100070995/$File/rvg200701.txt,au_mbs_historical_0187
sha256:e3a722e153e00b3760a85fac0de28c0ea790e7fc2af18dbf8835753174bc620b,444753,evidence:sha256:e3a722e153e00b3760a85fac0de28c0ea790e7fc2af18dbf8835753174bc620b,rights_constrained_reference,2026-08-27T08:02:43.936236+00:00,sha256:e3a722e153e00b3760a85fac0de28c0ea790e7fc2af18dbf8835753174bc620b,B2 historical checksum reference records current-run fixity; source bytes remain ignored and local.,e3a722e153e00b3760a85fac0de28c0ea790e7fc2af18dbf8835753174bc620b,public_reuse_review,au_pbs,https://www.pbs.gov.au/publication/schedule/2009/2009-06-01-dental-book.pdf?variant=3,au_pbs_archive_2009_06_01_b43bf7a4bde2
sha256:e3f8bb789c4f16abd02b8b6de2246f80ed42a1c468048c158dea9848785233cc,20105613,evidence:sha256:e3f8bb789c4f16abd02b8b6de2246f80ed42a1c468048c158dea9848785233cc,rights_constrained_reference,2026-08-27T08:02:43.936236+00:00,sha256:e3f8bb789c4f16abd02b8b6de2246f80ed42a1c468048c158dea9848785233cc,B2 historical checksum reference records current-run fixity; source bytes remain ignored and local.,e3f8bb789c4f16abd02b8b6de2246f80ed42a1c468048c158dea9848785233cc,public_reuse_review,au_pbs,https://www.pbs.gov.au/publication/schedule/2023/09/2023-09-01-general-schedule-volume-1.pdf?variant=3,au_pbs_archive_2023_09_01_d2ef690c2f1a
sha256:e46895cca7d876207911fb6ec6b21a5e241a248951eeb26cb5e91c6e35837b9f,17946770,evidence:sha256:e46895cca7d876207911fb6ec6b21a5e241a248951eeb26cb5e91c6e35837b9f,rights_constrained_reference,2026-08-27T08:02:43.936236+00:00,sha256:e46895cca7d876207911fb6ec6b21a5e241a248951eeb26cb5e91c6e35837b9f,B2 historical checksum reference records current-run fixity; source bytes remain ignored and local.,e46895cca7d876207911fb6ec6b21a5e241a248951eeb26cb5e91c6e35837b9f,public_reuse_review,au_pbs,https://www.pbs.gov.au/publication/schedule/2016/03/2016-03-01-general-schedule.pdf?variant=3,au_pbs_archive_2016_03_01_74b5e877c098
sha256:e490b7f1cd6dabb4c69d2f7f6d246757c9a49fc9cd3b76f9594f9350a1ecee19,1384781,evidence:sha256:e490b7f1cd6dabb4c69d2f7f6d246757c9a49fc9cd3b76f9594f9350a1ecee19,rights_constrained_reference,2026-08-27T08:02:43.936236+00:00,sha256:e490b7f1cd6dabb4c69d2f7f6d246757c9a49fc9cd3b76f9594f9350a1ecee19,B2 historical checksum reference records current-run fixity; source bytes remain ignored and local.,e490b7f1cd6dabb4c69d2f7f6d246757c9a49fc9cd3b76f9594f9350a1ecee19,public_reuse_review,au_mbs,https://www.mbsonline.gov.au/internet/mbsonline/publishing.nsf/Content/515793D58E889BD0CA257CD100033990/$File/1993-05-MBS.pdf,au_mbs_historical_0094
sha256:e49c8fec2626edfcf95ab964c5932767e417395ac6035c99b3e6d1d97bf9e2a0,12465689,evidence:sha256:e49c8fec2626edfcf95ab964c5932767e417395ac6035c99b3e6d1d97bf9e2a0,rights_constrained_reference,2026-08-27T08:02:43.936236+00:00,sha256:e49c8fec2626edfcf95ab964c5932767e417395ac6035c99b3e6d1d97bf9e2a0,B2 historical checksum reference records current-run fixity; source bytes remain ignored and local.,e49c8fec2626edfcf95ab964c5932767e417395ac6035c99b3e6d1d97bf9e2a0,public_reuse_review,au_mbs,https://www.mbsonline.gov.au/internet/mbsonline/publishing.nsf/Content/4C767FC45843CB02CA25898500825ACA/$File/PDF%20version%20of%20the%201%20July%202023%20Complete%20MBS.pdf,au_mbs_historical_0052
sha256:e4afd116acb36a4b9d275a2232b098890b17799fb8ed7bae7bd968fc81fe19b6,2023938,evidence:sha256:e4afd116acb36a4b9d275a2232b098890b17799fb8ed7bae7bd968fc81fe19b6,rights_constrained_reference,2026-08-27T08:02:43.936236+00:00,sha256:e4afd116acb36a4b9d275a2232b098890b17799fb8ed7bae7bd968fc81fe19b6,B2 historical checksum reference records current-run fixity; source bytes remain ignored and local.,e4afd116acb36a4b9d275a2232b098890b17799fb8ed7bae7bd968fc81fe19b6,public_reuse_review,au_pbs,https://www.pbs.gov.au/publication/schedule/2017/02/2017-02-01-general-soc.pdf?variant=3,au_pbs_archive_2017_02_01_77192ef0e24f
sha256:e4d69ec16fc528121fa366009371e130774782d93ee4bcc78f2c2031a98790b6,1521676,evidence:sha256:e4d69ec16fc528121fa366009371e130774782d93ee4bcc78f2c2031a98790b6,rights_constrained_reference,2026-08-27T08:02:43.936236+00:00,sha256:e4d69ec16fc528121fa366009371e130774782d93ee4bcc78f2c2031a98790b6,B2 historical checksum reference records current-run fixity; source bytes remain ignored and local.,e4d69ec16fc528121fa366009371e130774782d93ee4bcc78f2c2031a98790b6,public_reuse_review,au_mbs,https://www.mbsonline.gov.au/internet/mbsonline/publishing.nsf/Content/B013E0789A07D708CA258B030013670A/$File/PDF%20Version%20-%201%20July%202024%20Category%205%20-%20Diagnostic%20Imagine%20Services.pdf,au_mbs_historical_0264
sha256:e4f2e2784ae1cc77acf741f2d84d09f9bd3fb1a51edcb11dd428b6f729557268,12552425,evidence:sha256:e4f2e2784ae1cc77acf741f2d84d09f9bd3fb1a51edcb11dd428b6f729557268,rights_constrained_reference,2026-08-27T08:02:43.936236+00:00,sha256:e4f2e2784ae1cc77acf741f2d84d09f9bd3fb1a51edcb11dd428b6f729557268,B2 historical checksum reference records current-run fixity; source bytes remain ignored and local.,e4f2e2784ae1cc77acf741f2d84d09f9bd3fb1a51edcb11dd428b6f729557268,public_reuse_review,au_pbs,https://www.pbs.gov.au/publication/schedule/1951-2002/1984-12-01-consolidated-schedules.pdf?variant=3,au_pbs_archive_1984_12_01_62eef22f080a
sha256:e5014ee23ee8a703f1c23a77b8da7d157ead27d8e0f63a3c83f09164679ace75,366097,evidence:sha256:e5014ee23ee8a703f1c23a77b8da7d157ead27d8e0f63a3c83f09164679ace75,rights_constrained_reference,2026-08-27T08:02:43.936236+00:00,sha256:e5014ee23ee8a703f1c23a77b8da7d157ead27d8e0f63a3c83f09164679ace75,B2 historical checksum reference records current-run fixity; source bytes remain ignored and local.,e5014ee23ee8a703f1c23a77b8da7d157ead27d8e0f63a3c83f09164679ace75,public_reuse_review,au_mbs,https://www.mbsonline.gov.au/internet/mbsonline/publishing.nsf/Content/515793D58E889BD0CA257CD100033990/$File/2004-11-CLACP.pdf,au_mbs_historical_0132
sha256:e58778b7626eec383c2a9c9fac138a10aff0e159ea7ec0a1f0419a09d46d4960,6680327,evidence:sha256:e58778b7626eec383c2a9c9fac138a10aff0e159ea7ec0a1f0419a09d46d4960,rights_constrained_reference,2026-08-27T08:02:43.936236+00:00,sha256:e58778b7626eec383c2a9c9fac138a10aff0e159ea7ec0a1f0419a09d46d4960,B2 historical checksum reference records current-run fixity; source bytes remain ignored and local.,e58778b7626eec383c2a9c9fac138a10aff0e159ea7ec0a1f0419a09d46d4960,public_reuse_review,au_pbs,https://www.pbs.gov.au/publication/schedule/2007/2007-09-01-general-schedule.pdf?variant=3,au_pbs_archive_2007_09_01_b821d8cc2d58
sha256:e5b911255260c3bfdeac5175eb7b05ed83ac350d2af671e3a969e006afb4377d,297690,evidence:sha256:e5b911255260c3bfdeac5175eb7b05ed83ac350d2af671e3a969e006afb4377d,rights_constrained_reference,2026-08-27T08:02:43.936236+00:00,sha256:e5b911255260c3bfdeac5175eb7b05ed83ac350d2af671e3a969e006afb4377d,B2 historical checksum reference records current-run fixity; source bytes remain ignored and local.,e5b911255260c3bfdeac5175eb7b05ed83ac350d2af671e3a969e006afb4377d,public_reuse_review,au_pbs,https://www.pbs.gov.au/publication/schedule/2010/2010-06-01--chemotherapy-booklet.pdf?variant=3,au_pbs_archive_2010_06_01_18b197b90b7d
sha256:e62369e023bf714bc0c057fac15f07b43136e2075e87cda0e1f4ba4146e4d2d0,11307646,evidence:sha256:e62369e023bf714bc0c057fac15f07b43136e2075e87cda0e1f4ba4146e4d2d0,rights_constrained_reference,2026-08-27T08:02:43.936236+00:00,sha256:e62369e023bf714bc0c057fac15f07b43136e2075e87cda0e1f4ba4146e4d2d0,B2 historical checksum reference records current-run fixity; source bytes remain ignored and local.,e62369e023bf714bc0c057fac15f07b43136e2075e87cda0e1f4ba4146e4d2d0,public_reuse_review,au_pbs,https://www.pbs.gov.au/publication/schedule/2020/01/2020-01-01-general-schedule-volume-2.pdf?variant=3,au_pbs_archive_2020_01_01_cbc69ff32e30
sha256:e662bce2f16a85191240cdbcae960d884f178c5f6b3a9feb025a6e9251340d40,950357,evidence:sha256:e662bce2f16a85191240cdbcae960d884f178c5f6b3a9feb025a6e9251340d40,rights_constrained_reference,2026-08-27T08:02:43.936236+00:00,sha256:e662bce2f16a85191240cdbcae960d884f178c5f6b3a9feb025a6e9251340d40,B2 historical checksum reference records current-run fixity; source bytes remain ignored and local.,e662bce2f16a85191240cdbcae960d884f178c5f6b3a9feb025a6e9251340d40,public_reuse_review,au_mbs,https://www.mbsonline.gov.au/internet/mbsonline/publishing.nsf/Content/515793D58E889BD0CA257CD100033990/$File/1998-11-CLaCP.pdf,au_mbs_historical_0111
sha256:e6631bdff0e8c9c45f0046c12dc9f5f5002b65a7a38515fc5a4c54194481568f,146061,evidence:sha256:e6631bdff0e8c9c45f0046c12dc9f5f5002b65a7a38515fc5a4c54194481568f,rights_constrained_reference,2026-08-27T08:02:43.936236+00:00,sha256:e6631bdff0e8c9c45f0046c12dc9f5f5002b65a7a38515fc5a4c54194481568f,B2 historical checksum reference records current-run fixity; source bytes remain ignored and local.,e6631bdff0e8c9c45f0046c12dc9f5f5002b65a7a38515fc5a4c54194481568f,public_reuse_review,au_pbs,https://www.pbs.gov.au/publication/schedule/2010/2010-03-01-dental-book-soc.pdf?variant=3,au_pbs_archive_2010_03_01_b936af2a3f3e
sha256:e66635ab87b13acd0facaf88de4bb4b4cf98927d01da5607ad69aba33349ceb1,458406,evidence:sha256:e66635ab87b13acd0facaf88de4bb4b4cf98927d01da5607ad69aba33349ceb1,rights_constrained_reference,2026-08-27T08:02:43.936236+00:00,sha256:e66635ab87b13acd0facaf88de4bb4b4cf98927d01da5607ad69aba33349ceb1,B2 historical checksum reference records current-run fixity; source bytes remain ignored and local.,e66635ab87b13acd0facaf88de4bb4b4cf98927d01da5607ad69aba33349ceb1,public_reuse_review,au_pbs,https://www.pbs.gov.au/publication/schedule/2009/2009-10-01-dental-book.pdf?variant=3,au_pbs_archive_2009_10_01_fb9969e4157b
sha256:e69946d1c150fb1525ade2994f7365b5547257d57a92f5b72a632b6d32e75f1a,126973,evidence:sha256:e69946d1c150fb1525ade2994f7365b5547257d57a92f5b72a632b6d32e75f1a,rights_constrained_reference,2026-08-27T08:02:43.936236+00:00,sha256:e69946d1c150fb1525ade2994f7365b5547257d57a92f5b72a632b6d32e75f1a,B2 historical checksum reference records current-run fixity; source bytes remain ignored and local.,e69946d1c150fb1525ade2994f7365b5547257d57a92f5b72a632b6d32e75f1a,public_reuse_review,au_pbs,https://www.pbs.gov.au/publication/schedule/2012/03/2012-03-01-dental-book-SOC.pdf?variant=3,au_pbs_archive_2012_03_01_3f3a941e1da4
sha256:e6bfc3f4a0ffaf425a85741124a36c53bbe59b3c18bcab01c6505fa390cc2037,896355,evidence:sha256:e6bfc3f4a0ffaf425a85741124a36c53bbe59b3c18bcab01c6505fa390cc2037,rights_constrained_reference,2026-08-27T08:02:43.936236+00:00,sha256:e6bfc3f4a0ffaf425a85741124a36c53bbe59b3c18bcab01c6505fa390cc2037,B2 historical checksum reference records current-run fixity; source bytes remain ignored and local.,e6bfc3f4a0ffaf425a85741124a36c53bbe59b3c18bcab01c6505fa390cc2037,public_reuse_review,au_pbs,https://www.pbs.gov.au/publication/schedule/2024/04/2024-04-01-general-soc.pdf?variant=3,au_pbs_archive_2024_04_01_ced94d4e30ac
sha256:e6d2c66d646f0d9d66af18cd8bb0fed72f3c23f693d5d4a5af66391657e38587,16919876,evidence:sha256:e6d2c66d646f0d9d66af18cd8bb0fed72f3c23f693d5d4a5af66391657e38587,rights_constrained_reference,2026-08-27T08:02:43.936236+00:00,sha256:e6d2c66d646f0d9d66af18cd8bb0fed72f3c23f693d5d4a5af66391657e38587,B2 historical checksum reference records current-run fixity; source bytes remain ignored and local.,e6d2c66d646f0d9d66af18cd8bb0fed72f3c23f693d5d4a5af66391657e38587,public_reuse_review,au_mbs,https://www.mbsonline.gov.au/internet/mbsonline/publishing.nsf/Content/70CAF134CEE45219CA258614007874F8/$File/201605-MBS.pdf,au_mbs_historical_0192
sha256:e74db303de990bb589ec750007c474e1cdbeb41a0e8dd1ebd9eb5128781c3723,335989,evidence:sha256:e74db303de990bb589ec750007c474e1cdbeb41a0e8dd1ebd9eb5128781c3723,rights_constrained_reference,2026-08-27T08:02:43.936236+00:00,sha256:e74db303de990bb589ec750007c474e1cdbeb41a0e8dd1ebd9eb5128781c3723,B2 historical checksum reference records current-run fixity; source bytes remain ignored and local.,e74db303de990bb589ec750007c474e1cdbeb41a0e8dd1ebd9eb5128781c3723,public_reuse_review,au_pbs,https://www.pbs.gov.au/publication/schedule/2014/09/2014-09-01-errata.pdf?variant=3,au_pbs_archive_2014_09_01_17ddcf3cc7d0
sha256:e81be60d0146c63aaa8f2f81a1cc8f0d6d88c9062e16b6f1950c217a6d95f888,445959,evidence:sha256:e81be60d0146c63aaa8f2f81a1cc8f0d6d88c9062e16b6f1950c217a6d95f888,rights_constrained_reference,2026-08-27T08:02:43.936236+00:00,sha256:e81be60d0146c63aaa8f2f81a1cc8f0d6d88c9062e16b6f1950c217a6d95f888,B2 historical checksum reference records current-run fixity; source bytes remain ignored and local.,e81be60d0146c63aaa8f2f81a1cc8f0d6d88c9062e16b6f1950c217a6d95f888,public_reuse_review,au_pbs,https://www.pbs.gov.au/publication/schedule/2008/2008-08-01-dental-book.pdf?variant=3,au_pbs_archive_2008_08_01_1aeb10fffe4a
sha256:e8262331c6bd89033f4afc56ccc56bdde4bf9e82908475203da7908899e64505,2262431,evidence:sha256:e8262331c6bd89033f4afc56ccc56bdde4bf9e82908475203da7908899e64505,rights_constrained_reference,2026-08-27T08:02:43.936236+00:00,sha256:e8262331c6bd89033f4afc56ccc56bdde4bf9e82908475203da7908899e64505,B2 historical checksum reference records current-run fixity; source bytes remain ignored and local.,e8262331c6bd89033f4afc56ccc56bdde4bf9e82908475203da7908899e64505,public_reuse_review,au_pbs,https://www.pbs.gov.au/publication/schedule/2011/08/2011-08-01-chemotherapy-booklet.pdf?variant=3,au_pbs_archive_2011_08_01_0a203f45e6af
sha256:e88c31df09622c204b2bbff827e9a8ea7f0ffaef333e35902f5b398d626925d1,690762,evidence:sha256:e88c31df09622c204b2bbff827e9a8ea7f0ffaef333e35902f5b398d626925d1,rights_constrained_reference,2026-08-27T08:02:43.936236+00:00,sha256:e88c31df09622c204b2bbff827e9a8ea7f0ffaef333e35902f5b398d626925d1,B2 historical checksum reference records current-run fixity; source bytes remain ignored and local.,e88c31df09622c204b2bbff827e9a8ea7f0ffaef333e35902f5b398d626925d1,public_reuse_review,au_pbs,https://www.pbs.gov.au/publication/schedule/2013/07/2013-07-01-general-schedule-soc.pdf?variant=3,au_pbs_archive_2013_07_01_62aeb1675419
sha256:e8e7837914c721ca8341a8d77c7327bc29524e0073ef49b1209a50f6b48d4e22,1004139,evidence:sha256:e8e7837914c721ca8341a8d77c7327bc29524e0073ef49b1209a50f6b48d4e22,rights_constrained_reference,2026-08-27T08:02:43.936236+00:00,sha256:e8e7837914c721ca8341a8d77c7327bc29524e0073ef49b1209a50f6b48d4e22,B2 historical checksum reference records current-run fixity; source bytes remain ignored and local.,e8e7837914c721ca8341a8d77c7327bc29524e0073ef49b1209a50f6b48d4e22,public_reuse_review,au_pbs,https://www.pbs.gov.au/publication/schedule/2023/06/2023-06-01-general-soc.pdf?variant=3,au_pbs_archive_2023_06_01_aa83c713aac7
sha256:e911a593550508646adc66b48ebf82a48f1fe7054a0aefe01232e2c987b0c119,10493734,evidence:sha256:e911a593550508646adc66b48ebf82a48f1fe7054a0aefe01232e2c987b0c119,rights_constrained_reference,2026-08-27T08:02:43.936236+00:00,sha256:e911a593550508646adc66b48ebf82a48f1fe7054a0aefe01232e2c987b0c119,B2 historical checksum reference records current-run fixity; source bytes remain ignored and local.,e911a593550508646adc66b48ebf82a48f1fe7054a0aefe01232e2c987b0c119,public_reuse_review,au_pbs,https://www.pbs.gov.au/publication/schedule/2019/08/2019-08-01-section100-schedule-vol-2.pdf?variant=3,au_pbs_archive_2019_08_01_6dc245471a4e
sha256:e91989b6cc5f5501f1850180ebcd74cb0a4c091e63385f271f8f8ee35bdd76c0,5005899,evidence:sha256:e91989b6cc5f5501f1850180ebcd74cb0a4c091e63385f271f8f8ee35bdd76c0,rights_constrained_reference,2026-08-27T08:02:43.936236+00:00,sha256:e91989b6cc5f5501f1850180ebcd74cb0a4c091e63385f271f8f8ee35bdd76c0,B2 historical checksum reference records current-run fixity; source bytes remain ignored and local.,e91989b6cc5f5501f1850180ebcd74cb0a4c091e63385f271f8f8ee35bdd76c0,public_reuse_review,au_mbs,https://www.mbsonline.gov.au/internet/mbsonline/publishing.nsf/Content/4C767FC45843CB02CA25898500825ACA/$File/PDF%20version%20of%20the%20July%202023%20Category%203%20-%20Therapeutic%20Procedures.pdf,au_mbs_historical_0055
sha256:e99701522aa901965e6bb8105710ca23661170ad3963aa84f73e4905ef5b280f,17787395,evidence:sha256:e99701522aa901965e6bb8105710ca23661170ad3963aa84f73e4905ef5b280f,rights_constrained_reference,2026-08-27T08:02:43.936236+00:00,sha256:e99701522aa901965e6bb8105710ca23661170ad3963aa84f73e4905ef5b280f,B2 historical checksum reference records current-run fixity; source bytes remain ignored and local.,e99701522aa901965e6bb8105710ca23661170ad3963aa84f73e4905ef5b280f,public_reuse_review,au_mbs,https://www.mbsonline.gov.au/internet/mbsonline/publishing.nsf/Content/515793D58E889BD0CA257CD100033990/$File/1993-11-MBS.pdf,au_mbs_historical_0096
sha256:ea88c149533e14de3726ad656d3fcbe6927364fa3565594893286d8898314383,7389437,evidence:sha256:ea88c149533e14de3726ad656d3fcbe6927364fa3565594893286d8898314383,rights_constrained_reference,2026-08-27T08:02:43.936236+00:00,sha256:ea88c149533e14de3726ad656d3fcbe6927364fa3565594893286d8898314383,B2 historical checksum reference records current-run fixity; source bytes remain ignored and local.,ea88c149533e14de3726ad656d3fcbe6927364fa3565594893286d8898314383,public_reuse_review,au_pbs,https://www.pbs.gov.au/publication/schedule/2021/01/2021-01-01-general-schedule-volume-2.pdf?variant=3,au_pbs_archive_2021_01_01_77cb21c878a1
sha256:eb2332f7c2daf769cf0b28c64d869a5c66e1a3646d4448b37be71778fd84cc6a,2765669,evidence:sha256:eb2332f7c2daf769cf0b28c64d869a5c66e1a3646d4448b37be71778fd84cc6a,rights_constrained_reference,2026-08-27T08:02:43.936236+00:00,sha256:eb2332f7c2daf769cf0b28c64d869a5c66e1a3646d4448b37be71778fd84cc6a,B2 historical checksum reference records current-run fixity; source bytes remain ignored and local.,eb2332f7c2daf769cf0b28c64d869a5c66e1a3646d4448b37be71778fd84cc6a,public_reuse_review,au_pbs,https://www.pbs.gov.au/publication/schedule/2026/07/2026-07-01-efc-schedule.pdf?variant=3,au_pbs_archive_2026_07_01_9e262d63ea87
sha256:eb29e192587e80c9c58bcb4283ec61d348eeff76bb7be5dfeeb5812d832dfa69,1781948,evidence:sha256:eb29e192587e80c9c58bcb4283ec61d348eeff76bb7be5dfeeb5812d832dfa69,rights_constrained_reference,2026-08-27T08:02:43.936236+00:00,sha256:eb29e192587e80c9c58bcb4283ec61d348eeff76bb7be5dfeeb5812d832dfa69,B2 historical checksum reference records current-run fixity; source bytes remain ignored and local.,eb29e192587e80c9c58bcb4283ec61d348eeff76bb7be5dfeeb5812d832dfa69,public_reuse_review,au_pbs,https://www.pbs.gov.au/publication/schedule/2015/10/2015-10-01-general-schedule-soc.pdf?variant=3,au_pbs_archive_2015_10_01_a96e9ac786d1
sha256:eb66b3309efc74303018df0d09bc28df285d9aa895b83590e3eb8c28073f2cf7,20234596,evidence:sha256:eb66b3309efc74303018df0d09bc28df285d9aa895b83590e3eb8c28073f2cf7,rights_constrained_reference,2026-08-27T08:02:43.936236+00:00,sha256:eb66b3309efc74303018df0d09bc28df285d9aa895b83590e3eb8c28073f2cf7,B2 historical checksum reference records current-run fixity; source bytes remain ignored and local.,eb66b3309efc74303018df0d09bc28df285d9aa895b83590e3eb8c28073f2cf7,public_reuse_review,au_mbs,https://www.mbsonline.gov.au/internet/mbsonline/publishing.nsf/Content/515793D58E889BD0CA257CD100033990/$File/1995-11-MBS.pdf,au_mbs_historical_0102
sha256:ebe7cb84a33e0614fc3d263d207b395344beb09594fe8e37732621d3e5f67005,5253760,evidence:sha256:ebe7cb84a33e0614fc3d263d207b395344beb09594fe8e37732621d3e5f67005,rights_constrained_reference,2026-08-27T08:02:43.936236+00:00,sha256:ebe7cb84a33e0614fc3d263d207b395344beb09594fe8e37732621d3e5f67005,B2 historical checksum reference records current-run fixity; source bytes remain ignored and local.,ebe7cb84a33e0614fc3d263d207b395344beb09594fe8e37732621d3e5f67005,public_reuse_review,au_mbs,https://www.mbsonline.gov.au/internet/mbsonline/publishing.nsf/Content/94D54B959677561ECA2585FF000015E3/$File/201312-MBS.pdf,au_mbs_historical_0247
sha256:ece25f89fb9d6a9d7c66f956ce3b2494be18693b75b49a355055232d5d4207c6,857988,evidence:sha256:ece25f89fb9d6a9d7c66f956ce3b2494be18693b75b49a355055232d5d4207c6,rights_constrained_reference,2026-08-27T08:02:43.936236+00:00,sha256:ece25f89fb9d6a9d7c66f956ce3b2494be18693b75b49a355055232d5d4207c6,B2 historical checksum reference records current-run fixity; source bytes remain ignored and local.,ece25f89fb9d6a9d7c66f956ce3b2494be18693b75b49a355055232d5d4207c6,public_reuse_review,au_mbs,https://www.mbsonline.gov.au/internet/mbsonline/publishing.nsf/Content/5DCECCA2E8B2062CCA2586F100070995/$File/202007-Cat7.pdf,au_mbs_historical_0182
sha256:ecf33377732459d1d089f8c64328def5d09ff7d9f45bc348fa4df71111fe0510,11869002,evidence:sha256:ecf33377732459d1d089f8c64328def5d09ff7d9f45bc348fa4df71111fe0510,rights_constrained_reference,2026-08-27T08:02:43.936236+00:00,sha256:ecf33377732459d1d089f8c64328def5d09ff7d9f45bc348fa4df71111fe0510,B2 historical checksum reference records current-run fixity; source bytes remain ignored and local.,ecf33377732459d1d089f8c64328def5d09ff7d9f45bc348fa4df71111fe0510,public_reuse_review,au_mbs,https://www.mbsonline.gov.au/internet/mbsonline/publishing.nsf/Content/8F3FA58ED97DCA35CA2584BE00111151/$File/202001-MBS%2017Jan2020.pdf,au_mbs_historical_0214
sha256:edd9d739000162502fdf5a31af1bd3034cb2b079598104757ee930c00096fffc,21761992,evidence:sha256:edd9d739000162502fdf5a31af1bd3034cb2b079598104757ee930c00096fffc,rights_constrained_reference,2026-08-27T08:02:43.936236+00:00,sha256:edd9d739000162502fdf5a31af1bd3034cb2b079598104757ee930c00096fffc,B2 historical checksum reference records current-run fixity; source bytes remain ignored and local.,edd9d739000162502fdf5a31af1bd3034cb2b079598104757ee930c00096fffc,public_reuse_review,au_pbs,https://www.pbs.gov.au/publication/schedule/2024/01/2024-01-01-general-volume-1.pdf?variant=3,au_pbs_archive_2024_01_01_2ba0de36fa47
sha256:ede2320807ddc80fc9a36620f622e25a28a384eb87a9b8aa59fe1044457d58b6,730604,evidence:sha256:ede2320807ddc80fc9a36620f622e25a28a384eb87a9b8aa59fe1044457d58b6,rights_constrained_reference,2026-08-27T08:02:43.936236+00:00,sha256:ede2320807ddc80fc9a36620f622e25a28a384eb87a9b8aa59fe1044457d58b6,B2 historical checksum reference records current-run fixity; source bytes remain ignored and local.,ede2320807ddc80fc9a36620f622e25a28a384eb87a9b8aa59fe1044457d58b6,public_reuse_review,au_pbs,https://www.pbs.gov.au/publication/schedule/2017/06/2017-06-01-general-soc.pdf?variant=3,au_pbs_archive_2017_06_01_87522ee061cf
sha256:ee2e35293989546626b46aba8b128692a378a66faf5c324b8f8cf01575a73790,1095833,evidence:sha256:ee2e35293989546626b46aba8b128692a378a66faf5c324b8f8cf01575a73790,rights_constrained_reference,2026-08-27T08:02:43.936236+00:00,sha256:ee2e35293989546626b46aba8b128692a378a66faf5c324b8f8cf01575a73790,B2 historical checksum reference records current-run fixity; source bytes remain ignored and local.,ee2e35293989546626b46aba8b128692a378a66faf5c324b8f8cf01575a73790,public_reuse_review,au_mbs,https://www.mbsonline.gov.au/internet/mbsonline/publishing.nsf/Content/8F3FA58ED97DCA35CA2584BE00111151/$File/202001-Cat2.pdf,au_mbs_historical_0200
sha256:ee89830a2082a0aa9c5b68c8b8c92935bb6af6c89585f016677498878aef693d,110379,evidence:sha256:ee89830a2082a0aa9c5b68c8b8c92935bb6af6c89585f016677498878aef693d,rights_constrained_reference,2026-08-27T08:02:43.936236+00:00,sha256:ee89830a2082a0aa9c5b68c8b8c92935bb6af6c89585f016677498878aef693d,B2 historical checksum reference records current-run fixity; source bytes remain ignored and local.,ee89830a2082a0aa9c5b68c8b8c92935bb6af6c89585f016677498878aef693d,public_reuse_review,au_mbs,https://www.mbsonline.gov.au/internet/mbsonline/publishing.nsf/Content/317ACF6351081DB5CA2585FF00086C40/$File/201101-Summary.pdf,au_mbs_historical_0034
sha256:eeb0e6f9fd06c15e6e395e27ced580aca9451827eaf8ea45ef050ec2d62588e9,1364346,evidence:sha256:eeb0e6f9fd06c15e6e395e27ced580aca9451827eaf8ea45ef050ec2d62588e9,rights_constrained_reference,2026-08-27T08:02:43.936236+00:00,sha256:eeb0e6f9fd06c15e6e395e27ced580aca9451827eaf8ea45ef050ec2d62588e9,B2 historical checksum reference records current-run fixity; source bytes remain ignored and local.,eeb0e6f9fd06c15e6e395e27ced580aca9451827eaf8ea45ef050ec2d62588e9,public_reuse_review,au_pbs,https://www.pbs.gov.au/publication/schedule/2007/2007-02-01-dental-book.pdf?variant=3,au_pbs_archive_2007_02_01_69c910bb125b
sha256:ef0f40cb7b9cc55a17fec2090eeb7d2118bf8e9ae775c0e6d97136c7a8c3ce27,12943421,evidence:sha256:ef0f40cb7b9cc55a17fec2090eeb7d2118bf8e9ae775c0e6d97136c7a8c3ce27,rights_constrained_reference,2026-08-27T08:02:43.936236+00:00,sha256:ef0f40cb7b9cc55a17fec2090eeb7d2118bf8e9ae775c0e6d97136c7a8c3ce27,B2 historical checksum reference records current-run fixity; source bytes remain ignored and local.,ef0f40cb7b9cc55a17fec2090eeb7d2118bf8e9ae775c0e6d97136c7a8c3ce27,public_reuse_review,au_pbs,https://www.pbs.gov.au/publication/schedule/2023/01/2023-01-01-general-schedule-volume-2.pdf?variant=3,au_pbs_archive_2023_01_01_ddc602e63524
sha256:ef7219e3e6afe413bbda2f6abcb3fe3c43d50b686630318277927bf607f941ca,470075,evidence:sha256:ef7219e3e6afe413bbda2f6abcb3fe3c43d50b686630318277927bf607f941ca,rights_constrained_reference,2026-08-27T08:02:43.936236+00:00,sha256:ef7219e3e6afe413bbda2f6abcb3fe3c43d50b686630318277927bf607f941ca,B2 historical checksum reference records current-run fixity; source bytes remain ignored and local.,ef7219e3e6afe413bbda2f6abcb3fe3c43d50b686630318277927bf607f941ca,public_reuse_review,au_mbs,https://www.mbsonline.gov.au/internet/mbsonline/publishing.nsf/Content/94D54B959677561ECA2585FF000015E3/$File/201301-Allied.pdf,au_mbs_historical_0228
sha256:efd760122b65676c61b9b82c26693d9ec0fed80958dff79c2b991f363f40e699,1942240,evidence:sha256:efd760122b65676c61b9b82c26693d9ec0fed80958dff79c2b991f363f40e699,rights_constrained_reference,2026-08-27T08:02:43.936236+00:00,sha256:efd760122b65676c61b9b82c26693d9ec0fed80958dff79c2b991f363f40e699,B2 historical checksum reference records current-run fixity; source bytes remain ignored and local.,efd760122b65676c61b9b82c26693d9ec0fed80958dff79c2b991f363f40e699,public_reuse_review,au_pbs,https://www.pbs.gov.au/publication/schedule/2024/03/2024-03-01-general-soc.pdf?variant=3,au_pbs_archive_2024_03_01_1dc145a61f70
sha256:efe26354758035f4c4d82aae30ec539eb90e6cd48dd6bdf9862a758ecce8f95c,589969,evidence:sha256:efe26354758035f4c4d82aae30ec539eb90e6cd48dd6bdf9862a758ecce8f95c,rights_constrained_reference,2026-08-27T08:02:43.936236+00:00,sha256:efe26354758035f4c4d82aae30ec539eb90e6cd48dd6bdf9862a758ecce8f95c,B2 historical checksum reference records current-run fixity; source bytes remain ignored and local.,efe26354758035f4c4d82aae30ec539eb90e6cd48dd6bdf9862a758ecce8f95c,public_reuse_review,au_mbs,https://www.mbsonline.gov.au/internet/mbsonline/publishing.nsf/Content/FBE6CC5B217AC8DACA25859E0016F5A3/$File/202107-cat4f.pdf,au_mbs_historical_0333
sha256:efe4c263337a0ad12d92f5e5104ee1c3f16a69f3ba281c8a36a7a0c39c507065,11069316,evidence:sha256:efe4c263337a0ad12d92f5e5104ee1c3f16a69f3ba281c8a36a7a0c39c507065,rights_constrained_reference,2026-08-27T08:02:43.936236+00:00,sha256:efe4c263337a0ad12d92f5e5104ee1c3f16a69f3ba281c8a36a7a0c39c507065,B2 historical checksum reference records current-run fixity; source bytes remain ignored and local.,efe4c263337a0ad12d92f5e5104ee1c3f16a69f3ba281c8a36a7a0c39c507065,public_reuse_review,au_mbs,https://www.mbsonline.gov.au/internet/mbsonline/publishing.nsf/650f3eec0dfb990fca25692100069854/dd6984c45a944962ca258d8600139d55/$FILE/PDF%20Version%20-%20MBS%20Book%20-%20March%202026.pdf,au_mbs_historical_0011
sha256:efe504ef33bfd11c48069dc6f14ac55b29df456c6d33001b03013dda61fd4872,11319653,evidence:sha256:efe504ef33bfd11c48069dc6f14ac55b29df456c6d33001b03013dda61fd4872,rights_constrained_reference,2026-08-27T08:02:43.936236+00:00,sha256:efe504ef33bfd11c48069dc6f14ac55b29df456c6d33001b03013dda61fd4872,B2 historical checksum reference records current-run fixity; source bytes remain ignored and local.,efe504ef33bfd11c48069dc6f14ac55b29df456c6d33001b03013dda61fd4872,public_reuse_review,au_mbs,https://www.mbsonline.gov.au/internet/mbsonline/publishing.nsf/650f3eec0dfb990fca25692100069854/928fae91a23256aaca258d0d0007eede/$FILE/MBS%20Book%201%20November%202025.pdf,au_mbs_historical_0007
sha256:efe7b9ec7b874c945ccd20f8282be946e63be834cd94003bc5a0c91881f9695e,434937,evidence:sha256:efe7b9ec7b874c945ccd20f8282be946e63be834cd94003bc5a0c91881f9695e,rights_constrained_reference,2026-08-27T08:02:43.936236+00:00,sha256:efe7b9ec7b874c945ccd20f8282be946e63be834cd94003bc5a0c91881f9695e,B2 historical checksum reference records current-run fixity; source bytes remain ignored and local.,efe7b9ec7b874c945ccd20f8282be946e63be834cd94003bc5a0c91881f9695e,public_reuse_review,au_pbs,https://www.pbs.gov.au/publication/schedule/2009/2009-02-01-dental-book.pdf?variant=3,au_pbs_archive_2009_02_01_617b995ca842
sha256:f05cc31e434704d2e51a2c1af414652c26a7865d782575e9bdc602bf34d4b1c4,11672401,evidence:sha256:f05cc31e434704d2e51a2c1af414652c26a7865d782575e9bdc602bf34d4b1c4,rights_constrained_reference,2026-08-27T08:02:43.936236+00:00,sha256:f05cc31e434704d2e51a2c1af414652c26a7865d782575e9bdc602bf34d4b1c4,B2 historical checksum reference records current-run fixity; source bytes remain ignored and local.,f05cc31e434704d2e51a2c1af414652c26a7865d782575e9bdc602bf34d4b1c4,public_reuse_review,au_pbs,https://www.pbs.gov.au/publication/schedule/2020/10/2020-10-01-general-schedule-volume-2.pdf?variant=3,au_pbs_archive_2020_10_01_3646402790e4
sha256:f082895f24f98b9c868b049ebfdad2c41ab2ae4254e3b8e13b8e84c99038933c,12994844,evidence:sha256:f082895f24f98b9c868b049ebfdad2c41ab2ae4254e3b8e13b8e84c99038933c,rights_constrained_reference,2026-08-27T08:02:43.936236+00:00,sha256:f082895f24f98b9c868b049ebfdad2c41ab2ae4254e3b8e13b8e84c99038933c,B2 historical checksum reference records current-run fixity; source bytes remain ignored and local.,f082895f24f98b9c868b049ebfdad2c41ab2ae4254e3b8e13b8e84c99038933c,public_reuse_review,au_pbs,https://www.pbs.gov.au/publication/schedule/2022/06/2022-06-01-general-schedule-volume-2.pdf?variant=3,au_pbs_archive_2022_06_01_49643f6d05d8
sha256:f0aadc49b78cc6cce9fd57f0f6803e72cff82fbeee67d98b53250b5d0c895380,1734310,evidence:sha256:f0aadc49b78cc6cce9fd57f0f6803e72cff82fbeee67d98b53250b5d0c895380,rights_constrained_reference,2026-08-27T08:02:43.936236+00:00,sha256:f0aadc49b78cc6cce9fd57f0f6803e72cff82fbeee67d98b53250b5d0c895380,B2 historical checksum reference records current-run fixity; source bytes remain ignored and local.,f0aadc49b78cc6cce9fd57f0f6803e72cff82fbeee67d98b53250b5d0c895380,public_reuse_review,au_pbs,https://www.pbs.gov.au/publication/schedule/2011/01/2011-01-01-chemotherapy-booklet.pdf?variant=3,au_pbs_archive_2011_01_01_8e43085ccf52
sha256:f0cfdacb9caaf25de5bef4b2ed4c0dce6f0fee86c717d567ba737f2ce0d56a22,17704122,evidence:sha256:f0cfdacb9caaf25de5bef4b2ed4c0dce6f0fee86c717d567ba737f2ce0d56a22,rights_constrained_reference,2026-08-27T08:02:43.936236+00:00,sha256:f0cfdacb9caaf25de5bef4b2ed4c0dce6f0fee86c717d567ba737f2ce0d56a22,B2 historical checksum reference records current-run fixity; source bytes remain ignored and local.,f0cfdacb9caaf25de5bef4b2ed4c0dce6f0fee86c717d567ba737f2ce0d56a22,public_reuse_review,au_pbs,https://www.pbs.gov.au/publication/schedule/2016/01/2016-01-01-general-schedule.pdf?variant=3,au_pbs_archive_2016_01_01_476f923dee12
sha256:f11c5a637ebafdc2abaad188b0f597194c755ebb476d8f29612224123d2aeeed,29114017,evidence:sha256:f11c5a637ebafdc2abaad188b0f597194c755ebb476d8f29612224123d2aeeed,rights_constrained_reference,2026-08-27T08:02:43.936236+00:00,sha256:f11c5a637ebafdc2abaad188b0f597194c755ebb476d8f29612224123d2aeeed,B2 historical checksum reference records current-run fixity; source bytes remain ignored and local.,f11c5a637ebafdc2abaad188b0f597194c755ebb476d8f29612224123d2aeeed,public_reuse_review,au_pbs,https://www.pbs.gov.au/publication/schedule/2024/02/2024-02-01-general-volume-1.pdf?variant=3,au_pbs_archive_2024_02_01_e59ebca5cc2b
sha256:f168b32a4dbf5434b95914b9bdb94facd0ecfffea09e5e30239564f5c869dec1,7170262,evidence:sha256:f168b32a4dbf5434b95914b9bdb94facd0ecfffea09e5e30239564f5c869dec1,rights_constrained_reference,2026-08-27T08:02:43.936236+00:00,sha256:f168b32a4dbf5434b95914b9bdb94facd0ecfffea09e5e30239564f5c869dec1,B2 historical checksum reference records current-run fixity; source bytes remain ignored and local.,f168b32a4dbf5434b95914b9bdb94facd0ecfffea09e5e30239564f5c869dec1,public_reuse_review,au_pbs,https://www.pbs.gov.au/publication/schedule/1951-2002/1967-12-01-PBS-Schedule-Medical-Practitioners.pdf?variant=3,au_pbs_archive_1967_12_01_e4840afa1313
sha256:f18d70b25bbd175f4d8b0faf83a77e92bd00c97dae9fa09f933f8e2fb9dbd2b0,6824373,evidence:sha256:f18d70b25bbd175f4d8b0faf83a77e92bd00c97dae9fa09f933f8e2fb9dbd2b0,rights_constrained_reference,2026-08-27T08:02:43.936236+00:00,sha256:f18d70b25bbd175f4d8b0faf83a77e92bd00c97dae9fa09f933f8e2fb9dbd2b0,B2 historical checksum reference records current-run fixity; source bytes remain ignored and local.,f18d70b25bbd175f4d8b0faf83a77e92bd00c97dae9fa09f933f8e2fb9dbd2b0,public_reuse_review,au_pbs,https://www.pbs.gov.au/publication/schedule/2007/2007-11-01-general-schedule.pdf?variant=3,au_pbs_archive_2007_11_01_6ada26983d89
sha256:f1cf5c44b9f36c9e42eeb84db223a718f95173567f20f99a7b9ed4aa1f466590,335504,evidence:sha256:f1cf5c44b9f36c9e42eeb84db223a718f95173567f20f99a7b9ed4aa1f466590,rights_constrained_reference,2026-08-27T08:02:43.936236+00:00,sha256:f1cf5c44b9f36c9e42eeb84db223a718f95173567f20f99a7b9ed4aa1f466590,B2 historical checksum reference records current-run fixity; source bytes remain ignored and local.,f1cf5c44b9f36c9e42eeb84db223a718f95173567f20f99a7b9ed4aa1f466590,public_reuse_review,au_pbs,https://www.pbs.gov.au/publication/schedule/2015/09/2015-09-01-errata.pdf?variant=3,au_pbs_archive_2015_09_01_ca1b49bf9cc1
sha256:f260b520de9b0635190c2c515f550b52756e58493fda47db55b8e41a4901e11f,230968,evidence:sha256:f260b520de9b0635190c2c515f550b52756e58493fda47db55b8e41a4901e11f,rights_constrained_reference,2026-08-27T08:02:43.936236+00:00,sha256:f260b520de9b0635190c2c515f550b52756e58493fda47db55b8e41a4901e11f,B2 historical checksum reference records current-run fixity; source bytes remain ignored and local.,f260b520de9b0635190c2c515f550b52756e58493fda47db55b8e41a4901e11f,public_reuse_review,au_pbs,https://www.pbs.gov.au/publication/schedule/2022/07/2022-07-08-addendum.pdf?variant=3,au_pbs_archive_2022_07_08_bf7b5048fc1c
sha256:f2be1e80f0da3354667bc955ec543a9972cc3c4fe8b1459a4d70304d9a0c6388,5133179,evidence:sha256:f2be1e80f0da3354667bc955ec543a9972cc3c4fe8b1459a4d70304d9a0c6388,rights_constrained_reference,2026-08-27T08:02:43.936236+00:00,sha256:f2be1e80f0da3354667bc955ec543a9972cc3c4fe8b1459a4d70304d9a0c6388,B2 historical checksum reference records current-run fixity; source bytes remain ignored and local.,f2be1e80f0da3354667bc955ec543a9972cc3c4fe8b1459a4d70304d9a0c6388,public_reuse_review,au_mbs,https://www.mbsonline.gov.au/internet/mbsonline/publishing.nsf/Content/E137A6BDE8494881CA2585FF000A72FF/$File/201207-MBS.pdf,au_mbs_historical_0309
sha256:f2dee3345f0425628cae5f9c0c486566cae45f4a40fe473d6267447f74deabd3,2713308,evidence:sha256:f2dee3345f0425628cae5f9c0c486566cae45f4a40fe473d6267447f74deabd3,rights_constrained_reference,2026-08-27T08:02:43.936236+00:00,sha256:f2dee3345f0425628cae5f9c0c486566cae45f4a40fe473d6267447f74deabd3,B2 historical checksum reference records current-run fixity; source bytes remain ignored and local.,f2dee3345f0425628cae5f9c0c486566cae45f4a40fe473d6267447f74deabd3,public_reuse_review,au_pbs,https://www.pbs.gov.au/publication/schedule/2020/06/2020-06-01-efc-schedule.pdf?variant=3,au_pbs_archive_2020_06_01_12ba6b1b5887
sha256:f2ea5c5ba1c0650b0bb7495d34977825579d4cc0d0af1bb049184ab37082b58d,2311095,evidence:sha256:f2ea5c5ba1c0650b0bb7495d34977825579d4cc0d0af1bb049184ab37082b58d,rights_constrained_reference,2026-08-27T08:02:43.936236+00:00,sha256:f2ea5c5ba1c0650b0bb7495d34977825579d4cc0d0af1bb049184ab37082b58d,B2 historical checksum reference records current-run fixity; source bytes remain ignored and local.,f2ea5c5ba1c0650b0bb7495d34977825579d4cc0d0af1bb049184ab37082b58d,public_reuse_review,au_mbs,https://www.mbsonline.gov.au/internet/mbsonline/publishing.nsf/Content/5DCECCA2E8B2062CCA2586F100070995/$File/202007-Cat8.pdf,au_mbs_historical_0183
sha256:f36d526377461891a0dadf12d923ee96045eb4fd79b1ca9a1d668f636a0a9297,239341,evidence:sha256:f36d526377461891a0dadf12d923ee96045eb4fd79b1ca9a1d668f636a0a9297,rights_constrained_reference,2026-08-27T08:02:43.936236+00:00,sha256:f36d526377461891a0dadf12d923ee96045eb4fd79b1ca9a1d668f636a0a9297,B2 historical checksum reference records current-run fixity; source bytes remain ignored and local.,f36d526377461891a0dadf12d923ee96045eb4fd79b1ca9a1d668f636a0a9297,public_reuse_review,au_pbs,https://www.pbs.gov.au/publication/schedule/2023/04/2023-04-01-Errata.pdf?variant=3,au_pbs_archive_2023_04_01_2f0c3f4056cf
sha256:f375e0b7f022ddac595518a4d0341af79a8d190aa830d3fa1b9444dc29a5dc0d,438535,evidence:sha256:f375e0b7f022ddac595518a4d0341af79a8d190aa830d3fa1b9444dc29a5dc0d,rights_constrained_reference,2026-08-27T08:02:43.936236+00:00,sha256:f375e0b7f022ddac595518a4d0341af79a8d190aa830d3fa1b9444dc29a5dc0d,B2 historical checksum reference records current-run fixity; source bytes remain ignored and local.,f375e0b7f022ddac595518a4d0341af79a8d190aa830d3fa1b9444dc29a5dc0d,public_reuse_review,au_pbs,https://www.pbs.gov.au/publication/schedule/2010/2010-11-01-general-schedule-SOC.pdf?variant=3,au_pbs_archive_2010_11_01_5b0245415654
sha256:f37b91b0ff8229c1b4200d017a36f391bb537e86e87bc79ed2de8d6067efc7ad,18631043,evidence:sha256:f37b91b0ff8229c1b4200d017a36f391bb537e86e87bc79ed2de8d6067efc7ad,rights_constrained_reference,2026-08-27T08:02:43.936236+00:00,sha256:f37b91b0ff8229c1b4200d017a36f391bb537e86e87bc79ed2de8d6067efc7ad,B2 historical checksum reference records current-run fixity; source bytes remain ignored and local.,f37b91b0ff8229c1b4200d017a36f391bb537e86e87bc79ed2de8d6067efc7ad,public_reuse_review,au_pbs,https://www.pbs.gov.au/publication/schedule/2016/09/2016-09-01-general-schedule.pdf?variant=3,au_pbs_archive_2016_09_01_505dcbdbccc2
sha256:f3c1caae2bce9610a05dff435e27ec40c91e0a7d6b3adb2b8ca89929b62a5b36,5827871,evidence:sha256:f3c1caae2bce9610a05dff435e27ec40c91e0a7d6b3adb2b8ca89929b62a5b36,rights_constrained_reference,1970-01-01T00:00:00Z,sha256:f3c1caae2bce9610a05dff435e27ec40c91e0a7d6b3adb2b8ca89929b62a5b36,B2 reference preserves identity without publishing local raw bytes.,f3c1caae2bce9610a05dff435e27ec40c91e0a7d6b3adb2b8ca89929b62a5b36,public_reuse_review,au_mbs,https://www.mbsonline.gov.au/internet/mbsonline/publishing.nsf/650f3eec0dfb990d3ca25692100069854/1bc94358d4f276d3ca257ccf0000aa73/%24FILE/20260701_MBSONLINE_IMAP.TXT,au_mbs_20260701_txt_pair
sha256:f3ec492a26964bca7cb6fa62a1b41cd54110d0922421975aec03c1fbc60894ef,1282796,evidence:sha256:f3ec492a26964bca7cb6fa62a1b41cd54110d0922421975aec03c1fbc60894ef,rights_constrained_reference,2026-08-27T08:02:43.936236+00:00,sha256:f3ec492a26964bca7cb6fa62a1b41cd54110d0922421975aec03c1fbc60894ef,B2 historical checksum reference records current-run fixity; source bytes remain ignored and local.,f3ec492a26964bca7cb6fa62a1b41cd54110d0922421975aec03c1fbc60894ef,public_reuse_review,au_pbs,https://www.pbs.gov.au/publication/schedule/2017/01/2017-01-01-efc-schedule.pdf?variant=3,au_pbs_archive_2017_01_01_60b525491306
sha256:f3fdc620e2a986ac636551af5d6129dca00d12c05407fd731843bcb85fd24b25,51982,evidence:sha256:f3fdc620e2a986ac636551af5d6129dca00d12c05407fd731843bcb85fd24b25,rights_constrained_reference,2026-08-27T08:02:43.936236+00:00,sha256:f3fdc620e2a986ac636551af5d6129dca00d12c05407fd731843bcb85fd24b25,B2 historical checksum reference records current-run fixity; source bytes remain ignored and local.,f3fdc620e2a986ac636551af5d6129dca00d12c05407fd731843bcb85fd24b25,public_reuse_review,au_pbs,https://www.pbs.gov.au/publication/schedule/2008/2008-03-01-dental-book-soc.pdf?variant=3,au_pbs_archive_2008_03_01_8e4770605cd4
sha256:f43169f9c56328cb9adec27a86743499889563a46c9c9b3a3c5d9bfb63056e47,8143947,evidence:sha256:f43169f9c56328cb9adec27a86743499889563a46c9c9b3a3c5d9bfb63056e47,rights_constrained_reference,2026-08-27T08:02:43.936236+00:00,sha256:f43169f9c56328cb9adec27a86743499889563a46c9c9b3a3c5d9bfb63056e47,B2 historical checksum reference records current-run fixity; source bytes remain ignored and local.,f43169f9c56328cb9adec27a86743499889563a46c9c9b3a3c5d9bfb63056e47,public_reuse_review,au_pbs,https://www.pbs.gov.au/publication/schedule/2012/10/2012-10-01-general-schedule.pdf?variant=3,au_pbs_archive_2012_10_01_102f4e818a3b
sha256:f45498b23141fc6f6c40dfc88d1ff1bf9cbc9bceff948b521d24856308d1e4e5,2015358,evidence:sha256:f45498b23141fc6f6c40dfc88d1ff1bf9cbc9bceff948b521d24856308d1e4e5,rights_constrained_reference,2026-08-27T08:02:43.936236+00:00,sha256:f45498b23141fc6f6c40dfc88d1ff1bf9cbc9bceff948b521d24856308d1e4e5,B2 historical checksum reference records current-run fixity; source bytes remain ignored and local.,f45498b23141fc6f6c40dfc88d1ff1bf9cbc9bceff948b521d24856308d1e4e5,public_reuse_review,au_pbs,https://www.pbs.gov.au/publication/schedule/2018/03/2018-03-01-general-soc.pdf?variant=3,au_pbs_archive_2018_03_01_e3e1a69a0706
sha256:f46d13d421d6c0b7e49f36ffae74cbd14a8e2f96b7cdc043d194a81843a7a76f,3874112,evidence:sha256:f46d13d421d6c0b7e49f36ffae74cbd14a8e2f96b7cdc043d194a81843a7a76f,rights_constrained_reference,2026-08-27T08:02:43.936236+00:00,sha256:f46d13d421d6c0b7e49f36ffae74cbd14a8e2f96b7cdc043d194a81843a7a76f,B2 historical checksum reference records current-run fixity; source bytes remain ignored and local.,f46d13d421d6c0b7e49f36ffae74cbd14a8e2f96b7cdc043d194a81843a7a76f,public_reuse_review,au_pbs,https://www.pbs.gov.au/publication/schedule/2008/2008-02-01-general-schedule.pdf?variant=3,au_pbs_archive_2008_02_01_4dd9cc49db2c
sha256:f4ac1b6ef812af4d2613c639f532d1211a4d04599e2dcf54263438943a68ea95,355980,evidence:sha256:f4ac1b6ef812af4d2613c639f532d1211a4d04599e2dcf54263438943a68ea95,rights_constrained_reference,2026-08-27T08:02:43.936236+00:00,sha256:f4ac1b6ef812af4d2613c639f532d1211a4d04599e2dcf54263438943a68ea95,B2 historical checksum reference records current-run fixity; source bytes remain ignored and local.,f4ac1b6ef812af4d2613c639f532d1211a4d04599e2dcf54263438943a68ea95,public_reuse_review,au_mbs,https://www.mbsonline.gov.au/internet/mbsonline/publishing.nsf/Content/E137A6BDE8494881CA2585FF000A72FF/$File/201212-Optom.pdf,au_mbs_historical_0317
sha256:f4f903c722ecffcb488eadce428fcd0221407cc6c4ddc46b81562e3907be4f1c,336759,evidence:sha256:f4f903c722ecffcb488eadce428fcd0221407cc6c4ddc46b81562e3907be4f1c,rights_constrained_reference,2026-08-27T08:02:43.936236+00:00,sha256:f4f903c722ecffcb488eadce428fcd0221407cc6c4ddc46b81562e3907be4f1c,B2 historical checksum reference records current-run fixity; source bytes remain ignored and local.,f4f903c722ecffcb488eadce428fcd0221407cc6c4ddc46b81562e3907be4f1c,public_reuse_review,au_pbs,https://www.pbs.gov.au/publication/schedule/2014/07/2014-07-01-errata.pdf?variant=3,au_pbs_archive_2014_07_01_351788b5d9e0
sha256:f4fb9bbdd2bba5e514a2650c40c3951a422661fdfb47c42fd5ee112c701e5f8d,94878,evidence:sha256:f4fb9bbdd2bba5e514a2650c40c3951a422661fdfb47c42fd5ee112c701e5f8d,rights_constrained_reference,2026-08-27T08:02:43.936236+00:00,sha256:f4fb9bbdd2bba5e514a2650c40c3951a422661fdfb47c42fd5ee112c701e5f8d,B2 historical checksum reference records current-run fixity; source bytes remain ignored and local.,f4fb9bbdd2bba5e514a2650c40c3951a422661fdfb47c42fd5ee112c701e5f8d,public_reuse_review,au_pbs,https://www.pbs.gov.au/publication/schedule/2015/07/2015-07-01-errata.pdf?variant=3,au_pbs_archive_2015_07_01_bb3ddce78da9
sha256:f5a090789c40fe791b478a735c7cf5399e86726adc788f11829435cb0ca4d7d5,599628,evidence:sha256:f5a090789c40fe791b478a735c7cf5399e86726adc788f11829435cb0ca4d7d5,rights_constrained_reference,2026-07-27T02:42:00Z,sha256:f5a090789c40fe791b478a735c7cf5399e86726adc788f11829435cb0ca4d7d5,B2 reviewed-snapshot reference preserves fixity and rights state without redistributing source bytes.,f5a090789c40fe791b478a735c7cf5399e86726adc788f11829435cb0ca4d7d5,restricted_local_only,us_cms_clfs,https://www.cms.gov/medicare/payment/fee-schedules/clinical-laboratory-fee-schedule-clfs/files/26clabq3,us_cms_clfs_26clabq3_ama_zip
sha256:f5b3ffe5a2c50a9ef37d45ade5ec50a13abdecab5a846a7f61e6be518de9daef,2497298,evidence:sha256:f5b3ffe5a2c50a9ef37d45ade5ec50a13abdecab5a846a7f61e6be518de9daef,rights_constrained_reference,2026-08-27T08:02:43.936236+00:00,sha256:f5b3ffe5a2c50a9ef37d45ade5ec50a13abdecab5a846a7f61e6be518de9daef,B2 historical checksum reference records current-run fixity; source bytes remain ignored and local.,f5b3ffe5a2c50a9ef37d45ade5ec50a13abdecab5a846a7f61e6be518de9daef,public_reuse_review,au_pbs,https://www.pbs.gov.au/publication/schedule/2024/04/2024-04-01-efc-schedule.pdf?variant=3,au_pbs_archive_2024_04_01_6b1aa4a37133
sha256:f632254038c7417a11cca9c3f8574b954eefbf8a935edb04d26336c675d83eaf,341684,evidence:sha256:f632254038c7417a11cca9c3f8574b954eefbf8a935edb04d26336c675d83eaf,rights_constrained_reference,2026-08-27T08:02:43.936236+00:00,sha256:f632254038c7417a11cca9c3f8574b954eefbf8a935edb04d26336c675d83eaf,B2 historical checksum reference records current-run fixity; source bytes remain ignored and local.,f632254038c7417a11cca9c3f8574b954eefbf8a935edb04d26336c675d83eaf,public_reuse_review,au_pbs,https://www.pbs.gov.au/publication/schedule/2014/08/2014-08-01-general-schedule-soc.pdf?variant=3,au_pbs_archive_2014_08_01_fba13ef37648
sha256:f64524e052de14d099a1103fad269507bd7c304509fbeed27ffb6f4bab56e85c,3827478,evidence:sha256:f64524e052de14d099a1103fad269507bd7c304509fbeed27ffb6f4bab56e85c,rights_constrained_reference,2026-08-27T08:02:43.936236+00:00,sha256:f64524e052de14d099a1103fad269507bd7c304509fbeed27ffb6f4bab56e85c,B2 historical checksum reference records current-run fixity; source bytes remain ignored and local.,f64524e052de14d099a1103fad269507bd7c304509fbeed27ffb6f4bab56e85c,public_reuse_review,au_pbs,https://www.pbs.gov.au/publication/schedule/1951-2002/1953-08-01-PBS-Schedule-Medical-Practitioners.pdf?variant=3,au_pbs_archive_1953_08_01_b692cd6fe1c6
sha256:f646ce8e0f059339ad190b2fc1fec7ba7fdd8a80b7887c214d412932531e84c0,875842,evidence:sha256:f646ce8e0f059339ad190b2fc1fec7ba7fdd8a80b7887c214d412932531e84c0,rights_constrained_reference,2026-08-27T08:02:43.936236+00:00,sha256:f646ce8e0f059339ad190b2fc1fec7ba7fdd8a80b7887c214d412932531e84c0,B2 historical checksum reference records current-run fixity; source bytes remain ignored and local.,f646ce8e0f059339ad190b2fc1fec7ba7fdd8a80b7887c214d412932531e84c0,public_reuse_review,au_pbs,https://www.pbs.gov.au/publication/schedule/2013/09/2013-09-01-efc-schedule-soc.pdf?variant=3,au_pbs_archive_2013_09_01_269307b13aa7
sha256:f65fdfa5470b8c95f704feff4cad6dd11fa4ad044682e539871fb6ebf7c5e3dd,406913,evidence:sha256:f65fdfa5470b8c95f704feff4cad6dd11fa4ad044682e539871fb6ebf7c5e3dd,rights_constrained_reference,2026-08-27T08:02:43.936236+00:00,sha256:f65fdfa5470b8c95f704feff4cad6dd11fa4ad044682e539871fb6ebf7c5e3dd,B2 historical checksum reference records current-run fixity; source bytes remain ignored and local.,f65fdfa5470b8c95f704feff4cad6dd11fa4ad044682e539871fb6ebf7c5e3dd,public_reuse_review,au_pbs,https://www.pbs.gov.au/publication/schedule/2011/06/2011-06-01-dental-book-SOC.pdf?variant=3,au_pbs_archive_2011_06_01_88ac430401ed
sha256:f694fac7edb72e565d6429c8d23df05570b8884f6ae357d69eed9bb9368ea164,54150,evidence:sha256:f694fac7edb72e565d6429c8d23df05570b8884f6ae357d69eed9bb9368ea164,rights_constrained_reference,2026-08-27T08:02:43.936236+00:00,sha256:f694fac7edb72e565d6429c8d23df05570b8884f6ae357d69eed9bb9368ea164,B2 historical checksum reference records current-run fixity; source bytes remain ignored and local.,f694fac7edb72e565d6429c8d23df05570b8884f6ae357d69eed9bb9368ea164,public_reuse_review,au_pbs,https://www.pbs.gov.au/publication/schedule/2009/2009-01-01-general-schedule-soc.pdf?variant=3,au_pbs_archive_2009_01_01_12dae6cff93a
sha256:f6b95310730da4aee37df6019f443b8ffe6e291a13d049a12716a580fb65dff6,20126285,evidence:sha256:f6b95310730da4aee37df6019f443b8ffe6e291a13d049a12716a580fb65dff6,rights_constrained_reference,2026-08-27T08:02:43.936236+00:00,sha256:f6b95310730da4aee37df6019f443b8ffe6e291a13d049a12716a580fb65dff6,B2 historical checksum reference records current-run fixity; source bytes remain ignored and local.,f6b95310730da4aee37df6019f443b8ffe6e291a13d049a12716a580fb65dff6,public_reuse_review,au_pbs,https://www.pbs.gov.au/publication/schedule/2023/11/2023-11-01-general-schedule-volume-1.pdf?variant=3,au_pbs_archive_2023_11_01_465ab2e9ca10
sha256:f6c8a718ac9dd185b73129bb1f88ad3ee849feaf49456bc63d84ceaa2f8cc5a4,3706674,evidence:sha256:f6c8a718ac9dd185b73129bb1f88ad3ee849feaf49456bc63d84ceaa2f8cc5a4,rights_constrained_reference,2026-08-27T08:02:43.936236+00:00,sha256:f6c8a718ac9dd185b73129bb1f88ad3ee849feaf49456bc63d84ceaa2f8cc5a4,B2 historical checksum reference records current-run fixity; source bytes remain ignored and local.,f6c8a718ac9dd185b73129bb1f88ad3ee849feaf49456bc63d84ceaa2f8cc5a4,public_reuse_review,au_pbs,https://www.pbs.gov.au/publication/schedule/2007/2007-08-01-general-schedule.pdf?variant=3,au_pbs_archive_2007_08_01_c4228fcaf2cd
sha256:f73902ae7f75d07e25be40b8117a6ae05f832f4b76e748f9437de32d9ca345ba,307356,evidence:sha256:f73902ae7f75d07e25be40b8117a6ae05f832f4b76e748f9437de32d9ca345ba,rights_constrained_reference,2026-08-27T08:02:43.936236+00:00,sha256:f73902ae7f75d07e25be40b8117a6ae05f832f4b76e748f9437de32d9ca345ba,B2 historical checksum reference records current-run fixity; source bytes remain ignored and local.,f73902ae7f75d07e25be40b8117a6ae05f832f4b76e748f9437de32d9ca345ba,public_reuse_review,au_pbs,https://www.pbs.gov.au/publication/schedule/2026/07/2026-07-01-erratum.pdf?variant=3,au_pbs_archive_2026_07_01_4e0d9a86cc65
sha256:f76ed4f16b221369878c348cb493df4f62298043f583f8e4493b68302d8bc04b,2706643,evidence:sha256:f76ed4f16b221369878c348cb493df4f62298043f583f8e4493b68302d8bc04b,rights_constrained_reference,2026-08-27T08:02:43.936236+00:00,sha256:f76ed4f16b221369878c348cb493df4f62298043f583f8e4493b68302d8bc04b,B2 historical checksum reference records current-run fixity; source bytes remain ignored and local.,f76ed4f16b221369878c348cb493df4f62298043f583f8e4493b68302d8bc04b,public_reuse_review,au_pbs,https://www.pbs.gov.au/publication/schedule/2011/08/2011-08-01-dental-book.pdf?variant=3,au_pbs_archive_2011_08_01_42ffe803df78
sha256:f77e2dbb3fa35938e4ccb4f49d83c1d7a80b3ae2b4e387d9261c776d71f21f68,14783373,evidence:sha256:f77e2dbb3fa35938e4ccb4f49d83c1d7a80b3ae2b4e387d9261c776d71f21f68,rights_constrained_reference,2026-08-27T08:02:43.936236+00:00,sha256:f77e2dbb3fa35938e4ccb4f49d83c1d7a80b3ae2b4e387d9261c776d71f21f68,B2 historical checksum reference records current-run fixity; source bytes remain ignored and local.,f77e2dbb3fa35938e4ccb4f49d83c1d7a80b3ae2b4e387d9261c776d71f21f68,public_reuse_review,au_pbs,https://www.pbs.gov.au/publication/schedule/2024/11/2024-11-01-general-schedule-volume-2.pdf?variant=3,au_pbs_archive_2024_11_01_42cffcf0f667
sha256:f78f0d382125533e414cbd8775c81427052d187f0c7aa1c5ac03d559ed4731bc,8010136,evidence:sha256:f78f0d382125533e414cbd8775c81427052d187f0c7aa1c5ac03d559ed4731bc,rights_constrained_reference,2026-08-27T08:02:43.936236+00:00,sha256:f78f0d382125533e414cbd8775c81427052d187f0c7aa1c5ac03d559ed4731bc,B2 historical checksum reference records current-run fixity; source bytes remain ignored and local.,f78f0d382125533e414cbd8775c81427052d187f0c7aa1c5ac03d559ed4731bc,public_reuse_review,au_mbs,https://www.mbsonline.gov.au/internet/mbsonline/publishing.nsf/Content/40901A5DCA1CD593CA258614007F45C1/$File/201702-MBS.pdf,au_mbs_historical_0045
sha256:f7debb6b3a71f83da20428366699b2c113d1641122e70e0092c507836a11c736,3675695,evidence:sha256:f7debb6b3a71f83da20428366699b2c113d1641122e70e0092c507836a11c736,rights_constrained_reference,2026-08-27T08:02:43.936236+00:00,sha256:f7debb6b3a71f83da20428366699b2c113d1641122e70e0092c507836a11c736,B2 historical checksum reference records current-run fixity; source bytes remain ignored and local.,f7debb6b3a71f83da20428366699b2c113d1641122e70e0092c507836a11c736,public_reuse_review,au_mbs,https://www.mbsonline.gov.au/internet/mbsonline/publishing.nsf/Content/8F3FA58ED97DCA35CA2584BE00111151/$File/202001-Cat1%2017Jan2020.pdf,au_mbs_historical_0198
sha256:f855358d74f00ba4bf848b914d20d99c57237a786679bbea7696f96227436627,446446,evidence:sha256:f855358d74f00ba4bf848b914d20d99c57237a786679bbea7696f96227436627,rights_constrained_reference,2026-08-27T08:02:43.936236+00:00,sha256:f855358d74f00ba4bf848b914d20d99c57237a786679bbea7696f96227436627,B2 historical checksum reference records current-run fixity; source bytes remain ignored and local.,f855358d74f00ba4bf848b914d20d99c57237a786679bbea7696f96227436627,public_reuse_review,au_pbs,https://www.pbs.gov.au/publication/schedule/2009/2009-07-01-dental-book.pdf?variant=3,au_pbs_archive_2009_07_01_cd749e8c6d35
sha256:f872440b0845f84ee2e0073e7428c259916508604166a78c583f2eff03af31a7,6753556,evidence:sha256:f872440b0845f84ee2e0073e7428c259916508604166a78c583f2eff03af31a7,rights_constrained_reference,2026-08-27T08:02:43.936236+00:00,sha256:f872440b0845f84ee2e0073e7428c259916508604166a78c583f2eff03af31a7,B2 historical checksum reference records current-run fixity; source bytes remain ignored and local.,f872440b0845f84ee2e0073e7428c259916508604166a78c583f2eff03af31a7,public_reuse_review,au_pbs,https://www.pbs.gov.au/publication/schedule/2013/02/2013-02-01-general-schedule.pdf?variant=3,au_pbs_archive_2013_02_01_74263323e87e
sha256:f8bbfb4a95b3d06a730fbeeca1bdd9d8d35452f74581ac0a53adc6d6ab9850b6,886214,evidence:sha256:f8bbfb4a95b3d06a730fbeeca1bdd9d8d35452f74581ac0a53adc6d6ab9850b6,rights_constrained_reference,2026-08-27T08:02:43.936236+00:00,sha256:f8bbfb4a95b3d06a730fbeeca1bdd9d8d35452f74581ac0a53adc6d6ab9850b6,B2 historical checksum reference records current-run fixity; source bytes remain ignored and local.,f8bbfb4a95b3d06a730fbeeca1bdd9d8d35452f74581ac0a53adc6d6ab9850b6,public_reuse_review,au_pbs,https://www.pbs.gov.au/publication/schedule/2013/12/2013-12-01-errata.pdf?variant=3,au_pbs_archive_2013_12_01_ebffed89b08a
sha256:f8e8b0cd16bf7d68b9a369d0d06b23dca7dc4d2b9c7336d3ab99c04203c07918,333658,evidence:sha256:f8e8b0cd16bf7d68b9a369d0d06b23dca7dc4d2b9c7336d3ab99c04203c07918,rights_constrained_reference,2026-08-27T08:02:43.936236+00:00,sha256:f8e8b0cd16bf7d68b9a369d0d06b23dca7dc4d2b9c7336d3ab99c04203c07918,B2 historical checksum reference records current-run fixity; source bytes remain ignored and local.,f8e8b0cd16bf7d68b9a369d0d06b23dca7dc4d2b9c7336d3ab99c04203c07918,public_reuse_review,au_pbs,https://www.pbs.gov.au/publication/schedule/2013/11/2013-11-01-errata.pdf?variant=3,au_pbs_archive_2013_11_01_2767f01f7c1a
sha256:f90bb08513aa1357ee3fee0af124da200434ae905f635303295d23e76b7b062e,513018,evidence:sha256:f90bb08513aa1357ee3fee0af124da200434ae905f635303295d23e76b7b062e,rights_constrained_reference,2026-08-27T08:02:43.936236+00:00,sha256:f90bb08513aa1357ee3fee0af124da200434ae905f635303295d23e76b7b062e,B2 historical checksum reference records current-run fixity; source bytes remain ignored and local.,f90bb08513aa1357ee3fee0af124da200434ae905f635303295d23e76b7b062e,public_reuse_review,au_pbs,https://www.pbs.gov.au/publication/schedule/2019/07/2019-07-01-erratum.pdf?variant=3,au_pbs_archive_2019_07_01_4a5981ef191a
sha256:f9162a214fa38e8b9161f141a5506868c7b45184e69cbc2fff0264ed9e36e46b,2287809,evidence:sha256:f9162a214fa38e8b9161f141a5506868c7b45184e69cbc2fff0264ed9e36e46b,rights_constrained_reference,2026-08-27T08:02:43.936236+00:00,sha256:f9162a214fa38e8b9161f141a5506868c7b45184e69cbc2fff0264ed9e36e46b,B2 historical checksum reference records current-run fixity; source bytes remain ignored and local.,f9162a214fa38e8b9161f141a5506868c7b45184e69cbc2fff0264ed9e36e46b,public_reuse_review,au_pbs,https://www.pbs.gov.au/publication/schedule/2019/11/2019-11-01-general-soc.pdf?variant=3,au_pbs_archive_2019_11_01_0e72b97fd671
sha256:f9416500b8bce41d8124ac4e02bb02f1cff3218799de3974d8537e698cd44ad1,335982,evidence:sha256:f9416500b8bce41d8124ac4e02bb02f1cff3218799de3974d8537e698cd44ad1,rights_constrained_reference,2026-08-27T08:02:43.936236+00:00,sha256:f9416500b8bce41d8124ac4e02bb02f1cff3218799de3974d8537e698cd44ad1,B2 historical checksum reference records current-run fixity; source bytes remain ignored and local.,f9416500b8bce41d8124ac4e02bb02f1cff3218799de3974d8537e698cd44ad1,public_reuse_review,au_pbs,https://www.pbs.gov.au/publication/schedule/2014/11/2014-11-01-errata.pdf?variant=3,au_pbs_archive_2014_11_01_f05866a00017
sha256:f97f7d6b46d85cad203609d4f5eec90a37bf96eea3bb4b3cbacea0d844fd7b99,58700,evidence:sha256:f97f7d6b46d85cad203609d4f5eec90a37bf96eea3bb4b3cbacea0d844fd7b99,rights_constrained_reference,2026-08-27T08:02:43.936236+00:00,sha256:f97f7d6b46d85cad203609d4f5eec90a37bf96eea3bb4b3cbacea0d844fd7b99,B2 historical checksum reference records current-run fixity; source bytes remain ignored and local.,f97f7d6b46d85cad203609d4f5eec90a37bf96eea3bb4b3cbacea0d844fd7b99,public_reuse_review,au_pbs,https://www.pbs.gov.au/publication/schedule/2007/2007-11-01-dental-book-soc.pdf?variant=3,au_pbs_archive_2007_11_01_a5b067a97761
sha256:f9ad6116dff82b4a380dcfe7ac2bf3ce6660aa1f3e8626991fef3a3d394771a4,54530,evidence:sha256:f9ad6116dff82b4a380dcfe7ac2bf3ce6660aa1f3e8626991fef3a3d394771a4,rights_constrained_reference,2026-08-27T08:02:43.936236+00:00,sha256:f9ad6116dff82b4a380dcfe7ac2bf3ce6660aa1f3e8626991fef3a3d394771a4,B2 historical checksum reference records current-run fixity; source bytes remain ignored and local.,f9ad6116dff82b4a380dcfe7ac2bf3ce6660aa1f3e8626991fef3a3d394771a4,public_reuse_review,au_pbs,https://www.pbs.gov.au/publication/schedule/2008/2008-08-01-dental-book-soc.pdf?variant=3,au_pbs_archive_2008_08_01_50e73898654d
sha256:f9f9f1cbd69ad1f9a780730ebbd4500bee76ca1936e78b432c131a4b007fc2fe,102902,evidence:sha256:f9f9f1cbd69ad1f9a780730ebbd4500bee76ca1936e78b432c131a4b007fc2fe,rights_constrained_reference,2026-08-27T08:02:43.936236+00:00,sha256:f9f9f1cbd69ad1f9a780730ebbd4500bee76ca1936e78b432c131a4b007fc2fe,B2 historical checksum reference records current-run fixity; source bytes remain ignored and local.,f9f9f1cbd69ad1f9a780730ebbd4500bee76ca1936e78b432c131a4b007fc2fe,public_reuse_review,au_pbs,https://www.pbs.gov.au/publication/schedule/2009/2009-05-01-general-schedule-soc.pdf?variant=3,au_pbs_archive_2009_05_01_78ce5450b0ec
sha256:fad2a1ed1d06a0d24af355a22cefb198faf1eea5d696b038b8d4d6de7cb5d2e4,2465679,evidence:sha256:fad2a1ed1d06a0d24af355a22cefb198faf1eea5d696b038b8d4d6de7cb5d2e4,rights_constrained_reference,2026-08-27T08:02:43.936236+00:00,sha256:fad2a1ed1d06a0d24af355a22cefb198faf1eea5d696b038b8d4d6de7cb5d2e4,B2 historical checksum reference records current-run fixity; source bytes remain ignored and local.,fad2a1ed1d06a0d24af355a22cefb198faf1eea5d696b038b8d4d6de7cb5d2e4,public_reuse_review,au_pbs,https://www.pbs.gov.au/publication/schedule/2023/11/2023-11-01-efc-schedule.pdf?variant=3,au_pbs_archive_2023_11_01_b14172d6a2b1
sha256:fb303ced81072df66f1a2e3c5a502a7de0f77740857eb9232b4968c70de5b4ee,1799734,evidence:sha256:fb303ced81072df66f1a2e3c5a502a7de0f77740857eb9232b4968c70de5b4ee,rights_constrained_reference,2026-08-27T08:02:43.936236+00:00,sha256:fb303ced81072df66f1a2e3c5a502a7de0f77740857eb9232b4968c70de5b4ee,B2 historical checksum reference records current-run fixity; source bytes remain ignored and local.,fb303ced81072df66f1a2e3c5a502a7de0f77740857eb9232b4968c70de5b4ee,public_reuse_review,au_pbs,https://www.pbs.gov.au/publication/schedule/2012/01/2012-01-01-chemotherapy-booklet.pdf?variant=3,au_pbs_archive_2012_01_01_b52130f9d5f3
sha256:fb6888fa9ab1251fec2e42a7ca4fe98e8e8d0b496ababe4a0f8d62e577577278,2935026,evidence:sha256:fb6888fa9ab1251fec2e42a7ca4fe98e8e8d0b496ababe4a0f8d62e577577278,rights_constrained_reference,2026-08-27T08:02:43.936236+00:00,sha256:fb6888fa9ab1251fec2e42a7ca4fe98e8e8d0b496ababe4a0f8d62e577577278,B2 historical checksum reference records current-run fixity; source bytes remain ignored and local.,fb6888fa9ab1251fec2e42a7ca4fe98e8e8d0b496ababe4a0f8d62e577577278,public_reuse_review,au_pbs,https://www.pbs.gov.au/publication/schedule/2011/07/2011-07-01-chemotherapy-booklet.pdf?variant=3,au_pbs_archive_2011_07_01_8f3a5d0d05ca
sha256:fb9ac453b9f3886c98bf1c539c5195c9448f349d9079a01c8433c12bf40f284f,4487833,evidence:sha256:fb9ac453b9f3886c98bf1c539c5195c9448f349d9079a01c8433c12bf40f284f,rights_constrained_reference,2026-08-27T08:02:43.936236+00:00,sha256:fb9ac453b9f3886c98bf1c539c5195c9448f349d9079a01c8433c12bf40f284f,B2 historical checksum reference records current-run fixity; source bytes remain ignored and local.,fb9ac453b9f3886c98bf1c539c5195c9448f349d9079a01c8433c12bf40f284f,public_reuse_review,au_pbs,https://www.pbs.gov.au/publication/schedule/2010/2010-05-01-general-schedule.pdf?variant=3,au_pbs_archive_2010_05_01_6f0076e4d7e3
sha256:fba3e8ef0d2b79bf9a747082bf5dee686dfed7ed85dd90058662090024f39aa0,3057597,evidence:sha256:fba3e8ef0d2b79bf9a747082bf5dee686dfed7ed85dd90058662090024f39aa0,rights_constrained_reference,2026-08-27T08:02:43.936236+00:00,sha256:fba3e8ef0d2b79bf9a747082bf5dee686dfed7ed85dd90058662090024f39aa0,B2 historical checksum reference records current-run fixity; source bytes remain ignored and local.,fba3e8ef0d2b79bf9a747082bf5dee686dfed7ed85dd90058662090024f39aa0,public_reuse_review,au_pbs,https://www.pbs.gov.au/publication/schedule/2011/09/2011-09-01-dental-book.pdf?variant=3,au_pbs_archive_2011_09_01_2c16d060f441
sha256:fbe090be6660a051f0768dacfb5bc23a52132aca4d5505ede1f32954965302cd,355873,evidence:sha256:fbe090be6660a051f0768dacfb5bc23a52132aca4d5505ede1f32954965302cd,rights_constrained_reference,2026-08-27T08:02:43.936236+00:00,sha256:fbe090be6660a051f0768dacfb5bc23a52132aca4d5505ede1f32954965302cd,B2 historical checksum reference records current-run fixity; source bytes remain ignored and local.,fbe090be6660a051f0768dacfb5bc23a52132aca4d5505ede1f32954965302cd,public_reuse_review,au_pbs,https://www.pbs.gov.au/publication/schedule/2022/01/2022-01-01-general-soc.pdf?variant=3,au_pbs_archive_2022_01_01_f07f539527ba
sha256:fc6912eeb1427faaeb8e0df8ec077d9005facf708d524295bd558a64437ebf72,435170,evidence:sha256:fc6912eeb1427faaeb8e0df8ec077d9005facf708d524295bd558a64437ebf72,rights_constrained_reference,2026-08-27T08:02:43.936236+00:00,sha256:fc6912eeb1427faaeb8e0df8ec077d9005facf708d524295bd558a64437ebf72,B2 historical checksum reference records current-run fixity; source bytes remain ignored and local.,fc6912eeb1427faaeb8e0df8ec077d9005facf708d524295bd558a64437ebf72,public_reuse_review,au_pbs,https://www.pbs.gov.au/publication/schedule/2009/2009-03-01-dental-book.pdf?variant=3,au_pbs_archive_2009_03_01_499252ab77e1
sha256:fc964c39d8ffd762194644656a5e789ac02491b0896a9533254776da27ec8249,155182,evidence:sha256:fc964c39d8ffd762194644656a5e789ac02491b0896a9533254776da27ec8249,rights_constrained_reference,2026-08-27T08:02:43.936236+00:00,sha256:fc964c39d8ffd762194644656a5e789ac02491b0896a9533254776da27ec8249,B2 historical checksum reference records current-run fixity; source bytes remain ignored and local.,fc964c39d8ffd762194644656a5e789ac02491b0896a9533254776da27ec8249,public_reuse_review,au_pbs,https://www.pbs.gov.au/publication/schedule/2007/2007-12-01-general-schedule-soc.pdf?variant=3,au_pbs_archive_2007_12_01_ae4425d55fac
sha256:fcaab161ac5eb2089158e4b94463275b153fbe98a2d1a2ec139a218547c250b9,3747734,evidence:sha256:fcaab161ac5eb2089158e4b94463275b153fbe98a2d1a2ec139a218547c250b9,rights_constrained_reference,2026-08-27T08:02:43.936236+00:00,sha256:fcaab161ac5eb2089158e4b94463275b153fbe98a2d1a2ec139a218547c250b9,B2 historical checksum reference records current-run fixity; source bytes remain ignored and local.,fcaab161ac5eb2089158e4b94463275b153fbe98a2d1a2ec139a218547c250b9,public_reuse_review,au_mbs,https://www.mbsonline.gov.au/internet/mbsonline/publishing.nsf/Content/515793D58E889BD0CA257CD100033990/$File/201007-MBS.pdf,au_mbs_historical_0171
sha256:fcdcf239e47ac3d8e5d7202ac9234208a68ca3c50ffe12ccd5f85937d762bf1a,5267033,evidence:sha256:fcdcf239e47ac3d8e5d7202ac9234208a68ca3c50ffe12ccd5f85937d762bf1a,rights_constrained_reference,2026-08-27T08:02:43.936236+00:00,sha256:fcdcf239e47ac3d8e5d7202ac9234208a68ca3c50ffe12ccd5f85937d762bf1a,B2 historical checksum reference records current-run fixity; source bytes remain ignored and local.,fcdcf239e47ac3d8e5d7202ac9234208a68ca3c50ffe12ccd5f85937d762bf1a,public_reuse_review,au_mbs,https://www.mbsonline.gov.au/internet/mbsonline/publishing.nsf/Content/94D54B959677561ECA2585FF000015E3/$File/201303-MBS.pdf,au_mbs_historical_0232
sha256:fd9b7d6862d35b8606ce547bde76f4f8e711f15b12a065f6d9db9d848082ebdf,306579,evidence:sha256:fd9b7d6862d35b8606ce547bde76f4f8e711f15b12a065f6d9db9d848082ebdf,rights_constrained_reference,2026-08-27T08:02:43.936236+00:00,sha256:fd9b7d6862d35b8606ce547bde76f4f8e711f15b12a065f6d9db9d848082ebdf,B2 historical checksum reference records current-run fixity; source bytes remain ignored and local.,fd9b7d6862d35b8606ce547bde76f4f8e711f15b12a065f6d9db9d848082ebdf,public_reuse_review,au_mbs,https://www.mbsonline.gov.au/internet/mbsonline/publishing.nsf/Content/515793D58E889BD0CA257CD100033990/$File/2007-11-Allied.pdf,au_mbs_historical_0148
sha256:fdf4e5842dfd39c25ed675a42d505ce240697ac866b1334d5e7e109d35385ac2,1917569,evidence:sha256:fdf4e5842dfd39c25ed675a42d505ce240697ac866b1334d5e7e109d35385ac2,rights_constrained_reference,2026-08-27T08:02:43.936236+00:00,sha256:fdf4e5842dfd39c25ed675a42d505ce240697ac866b1334d5e7e109d35385ac2,B2 historical checksum reference records current-run fixity; source bytes remain ignored and local.,fdf4e5842dfd39c25ed675a42d505ce240697ac866b1334d5e7e109d35385ac2,public_reuse_review,au_pbs,https://www.pbs.gov.au/publication/schedule/2023/08/2023-08-01-general-soc.pdf?variant=3,au_pbs_archive_2023_08_01_a0b464a1b812
sha256:fdfce9dac88aa18d024d49ff3f54128af9b25537fd1594c153547a2f5f4cbddb,711699,evidence:sha256:fdfce9dac88aa18d024d49ff3f54128af9b25537fd1594c153547a2f5f4cbddb,rights_constrained_reference,2026-08-27T08:02:43.936236+00:00,sha256:fdfce9dac88aa18d024d49ff3f54128af9b25537fd1594c153547a2f5f4cbddb,B2 historical checksum reference records current-run fixity; source bytes remain ignored and local.,fdfce9dac88aa18d024d49ff3f54128af9b25537fd1594c153547a2f5f4cbddb,public_reuse_review,au_pbs,https://www.pbs.gov.au/publication/schedule/2025/02/2025-02-01-general-soc.pdf?variant=3,au_pbs_archive_2025_02_01_c47c93752c41
sha256:ff454d266a5537ac663bf5f20a934ad35822691f96474618f9f9920144f139e8,82020,evidence:sha256:ff454d266a5537ac663bf5f20a934ad35822691f96474618f9f9920144f139e8,rights_constrained_reference,2026-08-27T08:02:43.936236+00:00,sha256:ff454d266a5537ac663bf5f20a934ad35822691f96474618f9f9920144f139e8,B2 historical checksum reference records current-run fixity; source bytes remain ignored and local.,ff454d266a5537ac663bf5f20a934ad35822691f96474618f9f9920144f139e8,public_reuse_review,au_mbs,https://www.mbsonline.gov.au/internet/mbsonline/publishing.nsf/Content/293EEBA9AB153C56CA2584EB001547AF/$File/202003-Cat2.zip,au_mbs_historical_0019
sha256:ff4998fc6eb4a7582502baeecb31c5ae01356f767a436ae34f96f15941404481,33537659,evidence:sha256:ff4998fc6eb4a7582502baeecb31c5ae01356f767a436ae34f96f15941404481,rights_constrained_reference,2026-08-27T08:02:43.936236+00:00,sha256:ff4998fc6eb4a7582502baeecb31c5ae01356f767a436ae34f96f15941404481,B2 historical checksum reference records current-run fixity; source bytes remain ignored and local.,ff4998fc6eb4a7582502baeecb31c5ae01356f767a436ae34f96f15941404481,public_reuse_review,au_pbs,https://www.pbs.gov.au/publication/schedule/2026/06/2026-06-01-general-schedule-Volume-1.pdf?variant=3,au_pbs_archive_2026_06_01_7b0fbc1e053e
sha256:ff538a36d05d28514504b7d886bf5e04e3435670c2ca6b2b2e565b986e24d34b,2187458,evidence:sha256:ff538a36d05d28514504b7d886bf5e04e3435670c2ca6b2b2e565b986e24d34b,rights_constrained_reference,2026-08-27T08:02:43.936236+00:00,sha256:ff538a36d05d28514504b7d886bf5e04e3435670c2ca6b2b2e565b986e24d34b,B2 historical checksum reference records current-run fixity; source bytes remain ignored and local.,ff538a36d05d28514504b7d886bf5e04e3435670c2ca6b2b2e565b986e24d34b,public_reuse_review,au_pbs,https://www.pbs.gov.au/publication/schedule/2022/05/2022-05-01-efc-schedule.pdf?variant=3,au_pbs_archive_2022_05_01_19f173de86aa
sha256:ff727fcc8eac02aa65e841b3b2662994fd26c3e8482d452888097f97e419dfb7,508602,evidence:sha256:ff727fcc8eac02aa65e841b3b2662994fd26c3e8482d452888097f97e419dfb7,rights_constrained_reference,2026-08-27T08:02:43.936236+00:00,sha256:ff727fcc8eac02aa65e841b3b2662994fd26c3e8482d452888097f97e419dfb7,B2 historical checksum reference records current-run fixity; source bytes remain ignored and local.,ff727fcc8eac02aa65e841b3b2662994fd26c3e8482d452888097f97e419dfb7,public_reuse_review,au_pbs,https://www.pbs.gov.au/publication/schedule/2015/10/2015-10-01-errata.pdf?variant=3,au_pbs_archive_2015_10_01_f97478f89398
sha256:ffc509a43197a7f2a849e2ad781135c282eaf105582ca29cb2722feacf45a317,356123,evidence:sha256:ffc509a43197a7f2a849e2ad781135c282eaf105582ca29cb2722feacf45a317,rights_constrained_reference,2026-08-27T08:02:43.936236+00:00,sha256:ffc509a43197a7f2a849e2ad781135c282eaf105582ca29cb2722feacf45a317,B2 historical checksum reference records current-run fixity; source bytes remain ignored and local.,ffc509a43197a7f2a849e2ad781135c282eaf105582ca29cb2722feacf45a317,public_reuse_review,au_pbs,https://www.pbs.gov.au/publication/schedule/2009/2009-12-01-chemotherapy-book.pdf?variant=3,au_pbs_archive_2009_12_01_383281cf1488
