decided_at,decision_id,from_layer,input_sha256,passed_gate_ids,reason_codes,required_gate_ids,scope_notes,status,subject_id,to_layer
1970-01-01T00:00:00Z,promotion:b0-b1:catalog_au_aihw_mbs_pbs_stats,bronze_b0,"[""926f92ec9d513e30b01cb0581dc89063b64dccd446289aa3afdbadbf21e37602""]",[],"[""acquisition_missing""]","[""acquisition_event_recorded""]",B0 presence alone does not establish acquisition or coverage.,blocked,catalog_au_aihw_mbs_pbs_stats,bronze_b1
1970-01-01T00:00:00Z,promotion:b0-b1:catalog_au_ihacpa_nep,bronze_b0,"[""85dd09b3a4a84b8b8c6e271df76a0376bb1b60acee05a584df7486ffe5244d52""]",[],"[""acquisition_missing""]","[""acquisition_event_recorded""]",B0 presence alone does not establish acquisition or coverage.,blocked,catalog_au_ihacpa_nep,bronze_b1
1970-01-01T00:00:00Z,promotion:b0-b1:catalog_au_mbs,bronze_b0,"[""e05cbfa4786a1a2d093c449c38242708731f51a0e9fdfa85e5230802f0bf6eaf""]","[""acquisition_event_recorded""]","[""acquired_checksum_bound""]","[""acquisition_event_recorded""]",B0 presence alone does not establish acquisition or coverage.,approved,catalog_au_mbs,bronze_b1
1970-01-01T00:00:00Z,promotion:b0-b1:catalog_au_msac,bronze_b0,"[""c38cd506f74a10c5f35bf911a488ebf3a4fc6d08cc3d4cb90d4ea8b9fca309b8""]",[],"[""acquisition_missing""]","[""acquisition_event_recorded""]",B0 presence alone does not establish acquisition or coverage.,blocked,catalog_au_msac,bronze_b1
1970-01-01T00:00:00Z,promotion:b0-b1:catalog_au_pbac,bronze_b0,"[""369e07a1465ee7ce3bece44f033491effa440930d0fe8b31d0420fa74cb16c3a""]",[],"[""acquisition_missing""]","[""acquisition_event_recorded""]",B0 presence alone does not establish acquisition or coverage.,blocked,catalog_au_pbac,bronze_b1
1970-01-01T00:00:00Z,promotion:b0-b1:catalog_au_pbs,bronze_b0,"[""f07d4ac1ce67860b1a256b7cdaba244a18147ca576ac976849aacb3bda7cb4eb""]","[""acquisition_event_recorded""]","[""acquired_checksum_bound""]","[""acquisition_event_recorded""]",B0 presence alone does not establish acquisition or coverage.,approved,catalog_au_pbs,bronze_b1
1970-01-01T00:00:00Z,promotion:b0-b1:catalog_be_inami,bronze_b0,"[""e98b659c0d5e431831980eaa5966e150618bf119f8141867d5f744afe5c7c8ef""]",[],"[""acquisition_missing""]","[""acquisition_event_recorded""]",B0 presence alone does not establish acquisition or coverage.,blocked,catalog_be_inami,bronze_b1
1970-01-01T00:00:00Z,promotion:b0-b1:catalog_br_sigtap,bronze_b0,"[""df320cea46c963c3abcccccc0ed7253824316d26649b3b5be14eee831c4b3061""]",[],"[""acquisition_missing""]","[""acquisition_event_recorded""]",B0 presence alone does not establish acquisition or coverage.,blocked,catalog_br_sigtap,bronze_b1
1970-01-01T00:00:00Z,promotion:b0-b1:catalog_ca_ab_somb,bronze_b0,"[""07f1db06f6f3dae7ecbb1e745a62fc07b2613f914531c93e162347759d038bb5""]",[],"[""acquisition_missing""]","[""acquisition_event_recorded""]",B0 presence alone does not establish acquisition or coverage.,blocked,catalog_ca_ab_somb,bronze_b1
1970-01-01T00:00:00Z,promotion:b0-b1:catalog_ca_bc_msp,bronze_b0,"[""6f9c8d61c40b2976cdac4a283fce8d93f0a9a3f4bff535b058f3d0b419e1b6e3""]",[],"[""acquisition_missing""]","[""acquisition_event_recorded""]",B0 presence alone does not establish acquisition or coverage.,blocked,catalog_ca_bc_msp,bronze_b1
1970-01-01T00:00:00Z,promotion:b0-b1:catalog_ca_ciihi_cmg,bronze_b0,"[""32a25b661377f29b8c5e07640fe6cff36348d00e2843ae6d28aadf2e204ed826""]",[],"[""acquisition_missing""]","[""acquisition_event_recorded""]",B0 presence alone does not establish acquisition or coverage.,blocked,catalog_ca_ciihi_cmg,bronze_b1
1970-01-01T00:00:00Z,promotion:b0-b1:catalog_ca_on_ohip,bronze_b0,"[""c8beceecc554d395f9d467d1ba93bd952868733a4bc474b20fc53e97b3ebffa8""]","[""acquisition_event_recorded""]","[""acquired_checksum_bound""]","[""acquisition_event_recorded""]",B0 presence alone does not establish acquisition or coverage.,approved,catalog_ca_on_ohip,bronze_b1
1970-01-01T00:00:00Z,promotion:b0-b1:catalog_ca_qc_ramq,bronze_b0,"[""f25617acb400b39b1639cb421525bf19f318cde997ba07397faa35fa010d0bec""]",[],"[""acquisition_missing""]","[""acquisition_event_recorded""]",B0 presence alone does not establish acquisition or coverage.,blocked,catalog_ca_qc_ramq,bronze_b1
1970-01-01T00:00:00Z,promotion:b0-b1:catalog_ch_specialities_list,bronze_b0,"[""2964cb4262e3b5bb87dc815bd1e21113fe2ccab0ffc5ef0aff0fb922673a3079""]",[],"[""acquisition_missing""]","[""acquisition_event_recorded""]",B0 presence alone does not establish acquisition or coverage.,blocked,catalog_ch_specialities_list,bronze_b1
1970-01-01T00:00:00Z,promotion:b0-b1:catalog_ch_swissdrg,bronze_b0,"[""aef6d462145534877e3d5fcfa3350578df1be6db67214be1bcc2ed7088e77a46""]",[],"[""acquisition_missing""]","[""acquisition_event_recorded""]",B0 presence alone does not establish acquisition or coverage.,blocked,catalog_ch_swissdrg,bronze_b1
1970-01-01T00:00:00Z,promotion:b0-b1:catalog_ch_tarmed_tardoc,bronze_b0,"[""ec30af55163319e515acdb7d33b00e6af95e6346e877be129cf55e830400fda1""]",[],"[""acquisition_missing""]","[""acquisition_event_recorded""]",B0 presence alone does not establish acquisition or coverage.,blocked,catalog_ch_tarmed_tardoc,bronze_b1
1970-01-01T00:00:00Z,promotion:b0-b1:catalog_de_ebm,bronze_b0,"[""c2d11bdc0f853aa55726612181bdc642652e02133dd5dbf637aff8641329d54f""]",[],"[""acquisition_missing""]","[""acquisition_event_recorded""]",B0 presence alone does not establish acquisition or coverage.,blocked,catalog_de_ebm,bronze_b1
1970-01-01T00:00:00Z,promotion:b0-b1:catalog_de_gdrg,bronze_b0,"[""ef69919ce2b174aebc647b8fba3e46de1b9ebbb5f160735a65a391590a35dfe2""]",[],"[""acquisition_missing""]","[""acquisition_event_recorded""]",B0 presence alone does not establish acquisition or coverage.,blocked,catalog_de_gdrg,bronze_b1
1970-01-01T00:00:00Z,promotion:b0-b1:catalog_dk_drg,bronze_b0,"[""ca4146185f73e47dbacd64cd05a7e550cba85a3d0e7d2d3250e934356baea837""]",[],"[""acquisition_missing""]","[""acquisition_event_recorded""]",B0 presence alone does not establish acquisition or coverage.,blocked,catalog_dk_drg,bronze_b1
1970-01-01T00:00:00Z,promotion:b0-b1:catalog_es_bifimed,bronze_b0,"[""2e16c2aa202bc3d6618c81cac8b070da740ac428609f091ec3ad6425484fb1d8""]",[],"[""acquisition_missing""]","[""acquisition_event_recorded""]",B0 presence alone does not establish acquisition or coverage.,blocked,catalog_es_bifimed,bronze_b1
1970-01-01T00:00:00Z,promotion:b0-b1:catalog_fi_kela_reimbursements,bronze_b0,"[""f0e4fa04cacc04946104c6d52455d59d793728a3f5ff3874992e76b64fdd8766""]",[],"[""acquisition_missing""]","[""acquisition_event_recorded""]",B0 presence alone does not establish acquisition or coverage.,blocked,catalog_fi_kela_reimbursements,bronze_b1
1970-01-01T00:00:00Z,promotion:b0-b1:catalog_fr_ccam,bronze_b0,"[""0d0a2b06ad4f847c87370cacae0d9856fa24f1a48e7aeadc0a842e81c8981292""]",[],"[""acquisition_missing""]","[""acquisition_event_recorded""]",B0 presence alone does not establish acquisition or coverage.,blocked,catalog_fr_ccam,bronze_b1
1970-01-01T00:00:00Z,promotion:b0-b1:catalog_fr_haspub,bronze_b0,"[""caff0d5153197198879c8bf041c437c8492eae8507d272cbc190c8780f2a6c64""]",[],"[""acquisition_missing""]","[""acquisition_event_recorded""]",B0 presence alone does not establish acquisition or coverage.,blocked,catalog_fr_haspub,bronze_b1
1970-01-01T00:00:00Z,promotion:b0-b1:catalog_fr_lpp,bronze_b0,"[""d54341c69827947bd9553f626ab6875c3d38cf6e40a73e2cf97e535f94fafae6""]",[],"[""acquisition_missing""]","[""acquisition_event_recorded""]",B0 presence alone does not establish acquisition or coverage.,blocked,catalog_fr_lpp,bronze_b1
1970-01-01T00:00:00Z,promotion:b0-b1:catalog_hpo,bronze_b0,"[""12fe7504153a0c71c628e8c8f41c5501354074f5227e4ddab2bb4d21ffaa9a00""]","[""acquisition_event_recorded""]","[""acquired_checksum_bound""]","[""acquisition_event_recorded""]",B0 presence alone does not establish acquisition or coverage.,approved,catalog_hpo,bronze_b1
1970-01-01T00:00:00Z,promotion:b0-b1:catalog_ie_hse_reimbursement,bronze_b0,"[""00c3445341aa0c8ac39479ad35cdc27974f12482117422c84a4778796ee52e82""]",[],"[""acquisition_missing""]","[""acquisition_event_recorded""]",B0 presence alone does not establish acquisition or coverage.,blocked,catalog_ie_hse_reimbursement,bronze_b1
1970-01-01T00:00:00Z,promotion:b0-b1:catalog_in_abpmjay_hbp,bronze_b0,"[""06d21a8ab3d94b04a5dd7b370d3898e19c60d47ab7ae397fea1e61eb1c6699f8""]",[],"[""acquisition_missing""]","[""acquisition_event_recorded""]",B0 presence alone does not establish acquisition or coverage.,blocked,catalog_in_abpmjay_hbp,bronze_b1
1970-01-01T00:00:00Z,promotion:b0-b1:catalog_is_hta_catalogue,bronze_b0,"[""22aa0ba5cae16938f1285ac993312863ca1061c6aff505abdff60482dd170c16""]",[],"[""acquisition_missing""]","[""acquisition_event_recorded""]",B0 presence alone does not establish acquisition or coverage.,blocked,catalog_is_hta_catalogue,bronze_b1
1970-01-01T00:00:00Z,promotion:b0-b1:catalog_it_aifa_reimbursement,bronze_b0,"[""f330984732a31387fd9bdd25868513b40933985eb12dc6c57d8eafb078b52c71""]",[],"[""acquisition_missing""]","[""acquisition_event_recorded""]",B0 presence alone does not establish acquisition or coverage.,blocked,catalog_it_aifa_reimbursement,bronze_b1
1970-01-01T00:00:00Z,promotion:b0-b1:catalog_jp_mhlw_fee,bronze_b0,"[""7c163a4aa0ee0dd1d2849a58a22861f1581474570e7ae05bf60752987cc286b1""]",[],"[""acquisition_missing""]","[""acquisition_event_recorded""]",B0 presence alone does not establish acquisition or coverage.,blocked,catalog_jp_mhlw_fee,bronze_b1
1970-01-01T00:00:00Z,promotion:b0-b1:catalog_jp_nhi_drug_prices,bronze_b0,"[""932441f0b7814760cd7811bed27bc554862e08ba53b21c0ac4ffdafb88926638""]",[],"[""acquisition_missing""]","[""acquisition_event_recorded""]",B0 presence alone does not establish acquisition or coverage.,blocked,catalog_jp_nhi_drug_prices,bronze_b1
1970-01-01T00:00:00Z,promotion:b0-b1:catalog_kr_hira,bronze_b0,"[""f1e23603154f5e45e8d38dde7a6c42dee8d23b710de1b607a67ae34019e2cef7""]",[],"[""acquisition_missing""]","[""acquisition_event_recorded""]",B0 presence alone does not establish acquisition or coverage.,blocked,catalog_kr_hira,bronze_b1
1970-01-01T00:00:00Z,promotion:b0-b1:catalog_mx_imss_costs,bronze_b0,"[""d44dcffdb304c9c4c6aebf9257314909a8374f86dbc6948b9f58f633cef75575""]",[],"[""acquisition_missing""]","[""acquisition_event_recorded""]",B0 presence alone does not establish acquisition or coverage.,blocked,catalog_mx_imss_costs,bronze_b1
1970-01-01T00:00:00Z,promotion:b0-b1:catalog_nl_nza_dbc,bronze_b0,"[""935144e6e54347bc87d16f5deebcb5707a4c3d8cfbb038609c5eaeaec48750e1""]",[],"[""acquisition_missing""]","[""acquisition_event_recorded""]",B0 presence alone does not establish acquisition or coverage.,blocked,catalog_nl_nza_dbc,bronze_b1
1970-01-01T00:00:00Z,promotion:b0-b1:catalog_no_helfo_tariffs,bronze_b0,"[""be350196ed76fc3b0292a8fe966d84549acd27be966ce1c2cea95e2b841714c6""]",[],"[""acquisition_missing""]","[""acquisition_event_recorded""]",B0 presence alone does not establish acquisition or coverage.,blocked,catalog_no_helfo_tariffs,bronze_b1
1970-01-01T00:00:00Z,promotion:b0-b1:catalog_nz_pharmac,bronze_b0,"[""00f388143e5d88dc4a8931195d0bdf19c678017724e4888aaa68b51ea3bd8022""]","[""acquisition_event_recorded""]","[""acquired_checksum_bound""]","[""acquisition_event_recorded""]",B0 presence alone does not establish acquisition or coverage.,approved,catalog_nz_pharmac,bronze_b1
1970-01-01T00:00:00Z,promotion:b0-b1:catalog_oecd_health_stats,bronze_b0,"[""2e90374981d7ead12f1c461df22cd51d0e1bc7c620e31f8bb69a85a9c37e4a9b""]",[],"[""acquisition_missing""]","[""acquisition_event_recorded""]",B0 presence alone does not establish acquisition or coverage.,blocked,catalog_oecd_health_stats,bronze_b1
1970-01-01T00:00:00Z,promotion:b0-b1:catalog_rxnorm,bronze_b0,"[""36bdfd052866982577433df590b5a637d0c3a72173915235716dab0de643b2ef""]","[""acquisition_event_recorded""]","[""acquired_checksum_bound""]","[""acquisition_event_recorded""]",B0 presence alone does not establish acquisition or coverage.,approved,catalog_rxnorm,bronze_b1
1970-01-01T00:00:00Z,promotion:b0-b1:catalog_se_norddrg,bronze_b0,"[""524fbc7edae7d3bb912922efd13db6fc31af2fbc6923d3f51e7f83fc6951c032""]",[],"[""acquisition_missing""]","[""acquisition_event_recorded""]",B0 presence alone does not establish acquisition or coverage.,blocked,catalog_se_norddrg,bronze_b1
1970-01-01T00:00:00Z,promotion:b0-b1:catalog_se_tlv,bronze_b0,"[""7f4f34a6bb8ae34a72d7975f3b5b941a2c73792713821565b7c89abc21c10902""]",[],"[""acquisition_missing""]","[""acquisition_event_recorded""]",B0 presence alone does not establish acquisition or coverage.,blocked,catalog_se_tlv,bronze_b1
1970-01-01T00:00:00Z,promotion:b0-b1:catalog_sg_fee_benchmarks,bronze_b0,"[""00f9ae5933e5cf3c62a486beec4a03a6204eeb62f2a7b6ade12eaf368a8bf7b4""]",[],"[""acquisition_missing""]","[""acquisition_event_recorded""]",B0 presence alone does not establish acquisition or coverage.,blocked,catalog_sg_fee_benchmarks,bronze_b1
1970-01-01T00:00:00Z,promotion:b0-b1:catalog_tw_nhi_services,bronze_b0,"[""ba35f9bf9f0b7c77346ab5717469c2b287c6daa01be8db97b5c2caf55495285d""]",[],"[""acquisition_missing""]","[""acquisition_event_recorded""]",B0 presence alone does not establish acquisition or coverage.,blocked,catalog_tw_nhi_services,bronze_b1
1970-01-01T00:00:00Z,promotion:b0-b1:catalog_uk_genomic_test_directory,bronze_b0,"[""3c04d0a076098415ca6bd9aa81cca3aa4fb19833646dcf8e52ffc22eded9950b""]","[""acquisition_event_recorded""]","[""acquired_checksum_bound""]","[""acquisition_event_recorded""]",B0 presence alone does not establish acquisition or coverage.,approved,catalog_uk_genomic_test_directory,bronze_b1
1970-01-01T00:00:00Z,promotion:b0-b1:catalog_uk_nhs_drug_tariff,bronze_b0,"[""5fb9165693ffa652bf6977586a52620bd10b431b241e064d31c3e7c4e76b7ab2""]",[],"[""acquisition_missing""]","[""acquisition_event_recorded""]",B0 presence alone does not establish acquisition or coverage.,blocked,catalog_uk_nhs_drug_tariff,bronze_b1
1970-01-01T00:00:00Z,promotion:b0-b1:catalog_uk_nhs_payment_scheme,bronze_b0,"[""9394a688a104b210b21ab75d641d45184199db7afea18689209575d651060f4a""]","[""acquisition_event_recorded""]","[""acquired_checksum_bound""]","[""acquisition_event_recorded""]",B0 presence alone does not establish acquisition or coverage.,approved,catalog_uk_nhs_payment_scheme,bronze_b1
1970-01-01T00:00:00Z,promotion:b0-b1:catalog_uk_nhs_reference_costs,bronze_b0,"[""913a6adc72670ae69db7381a351454b618b2b05d0dc282207c14f393f0bb50d8""]",[],"[""acquisition_missing""]","[""acquisition_event_recorded""]",B0 presence alone does not establish acquisition or coverage.,blocked,catalog_uk_nhs_reference_costs,bronze_b1
1970-01-01T00:00:00Z,promotion:b0-b1:catalog_uk_nice_guidance,bronze_b0,"[""b64c6c4e5568f54137c54f8d880302912dc0dc7f4550b4e96ba6e897b7fdc1eb""]",[],"[""acquisition_missing""]","[""acquisition_event_recorded""]",B0 presence alone does not establish acquisition or coverage.,blocked,catalog_uk_nice_guidance,bronze_b1
1970-01-01T00:00:00Z,promotion:b0-b1:catalog_us_cms_asc,bronze_b0,"[""1ad0ad2709fcf24e60d4241fdc4ef04ceb7b1fbdd6d7724f8abd1022384f47e9""]",[],"[""acquisition_missing""]","[""acquisition_event_recorded""]",B0 presence alone does not establish acquisition or coverage.,blocked,catalog_us_cms_asc,bronze_b1
1970-01-01T00:00:00Z,promotion:b0-b1:catalog_us_cms_asp,bronze_b0,"[""93c81aaec313eadafbf1dd9c820e0b7a293a0bef423fa6f3a9a45d2220209f48""]","[""acquisition_event_recorded""]","[""acquired_checksum_bound""]","[""acquisition_event_recorded""]",B0 presence alone does not establish acquisition or coverage.,approved,catalog_us_cms_asp,bronze_b1
1970-01-01T00:00:00Z,promotion:b0-b1:catalog_us_cms_clfs,bronze_b0,"[""0296748d7b938c80c2469bccf6431d45846606850c3f4add7dec1fd12dbdd434""]","[""acquisition_event_recorded""]","[""acquired_checksum_bound""]","[""acquisition_event_recorded""]",B0 presence alone does not establish acquisition or coverage.,approved,catalog_us_cms_clfs,bronze_b1
1970-01-01T00:00:00Z,promotion:b0-b1:catalog_us_cms_dmepos,bronze_b0,"[""e4bba631019052f469e58e9f3ba37b6c4fdb7c9a35d2bc701ddfeddcc6c7a49d""]",[],"[""acquisition_missing""]","[""acquisition_event_recorded""]",B0 presence alone does not establish acquisition or coverage.,blocked,catalog_us_cms_dmepos,bronze_b1
1970-01-01T00:00:00Z,promotion:b0-b1:catalog_us_cms_hcpcs_level_ii,bronze_b0,"[""97d60f84efa97106bf64c4433da873f5baf959d7bff9be8ae52e4ae4013429ce""]",[],"[""acquisition_missing""]","[""acquisition_event_recorded""]",B0 presence alone does not establish acquisition or coverage.,blocked,catalog_us_cms_hcpcs_level_ii,bronze_b1
1970-01-01T00:00:00Z,promotion:b0-b1:catalog_us_cms_home_health,bronze_b0,"[""45146dd61f323d5cb1be5f9bc06a14e77828cfc190d557428ea30d124071f7c9""]",[],"[""acquisition_missing""]","[""acquisition_event_recorded""]",B0 presence alone does not establish acquisition or coverage.,blocked,catalog_us_cms_home_health,bronze_b1
1970-01-01T00:00:00Z,promotion:b0-b1:catalog_us_cms_hospice,bronze_b0,"[""62369b78ae9d7ef047b2dafc1bfe3134b4bea09b40a5e1265c7faec66880e594""]",[],"[""acquisition_missing""]","[""acquisition_event_recorded""]",B0 presence alone does not establish acquisition or coverage.,blocked,catalog_us_cms_hospice,bronze_b1
1970-01-01T00:00:00Z,promotion:b0-b1:catalog_us_cms_ipps,bronze_b0,"[""57d1f5dcdbab24d4154b3dd63634167a1169331f7b633f832fcf4990a95d811e""]",[],"[""acquisition_missing""]","[""acquisition_event_recorded""]",B0 presence alone does not establish acquisition or coverage.,blocked,catalog_us_cms_ipps,bronze_b1
1970-01-01T00:00:00Z,promotion:b0-b1:catalog_us_cms_mcd,bronze_b0,"[""fd8e2ee27e63c3df0637474aeaadfca5ab110251d5e308b806094c1095dbc72d""]","[""acquisition_event_recorded""]","[""acquired_checksum_bound""]","[""acquisition_event_recorded""]",B0 presence alone does not establish acquisition or coverage.,approved,catalog_us_cms_mcd,bronze_b1
1970-01-01T00:00:00Z,promotion:b0-b1:catalog_us_cms_opps,bronze_b0,"[""8f90fda6a9b32cc902434731befd44d05b8f6f5928c0e85d63ed2daaff4478b2""]",[],"[""acquisition_missing""]","[""acquisition_event_recorded""]",B0 presence alone does not establish acquisition or coverage.,blocked,catalog_us_cms_opps,bronze_b1
1970-01-01T00:00:00Z,promotion:b0-b1:catalog_us_cms_partd_puf,bronze_b0,"[""6f706d9c784af239de7779956c3b61854696162e62318ac05c9657717ba403f4""]",[],"[""acquisition_missing""]","[""acquisition_event_recorded""]",B0 presence alone does not establish acquisition or coverage.,blocked,catalog_us_cms_partd_puf,bronze_b1
1970-01-01T00:00:00Z,promotion:b0-b1:catalog_us_cms_pfs,bronze_b0,"[""4fe28e8aff36a4c4c743d62dbecc5acea998f32772f5c40d49ed9c8996d80300""]","[""acquisition_event_recorded""]","[""acquired_checksum_bound""]","[""acquisition_event_recorded""]",B0 presence alone does not establish acquisition or coverage.,approved,catalog_us_cms_pfs,bronze_b1
1970-01-01T00:00:00Z,promotion:b0-b1:catalog_us_cms_snf,bronze_b0,"[""56c9deecf14d8d34b8b11ab995e90049a0084039e42999b248547805f50bbdbc""]",[],"[""acquisition_missing""]","[""acquisition_event_recorded""]",B0 presence alone does not establish acquisition or coverage.,blocked,catalog_us_cms_snf,bronze_b1
1970-01-01T00:00:00Z,promotion:b0-b1:catalog_us_fda_device_classification,bronze_b0,"[""c375a96698e7c39ac7fcd1096bfac1fe37ce9df86a6dda2031df7cdba5849b1e""]","[""acquisition_event_recorded""]","[""acquired_checksum_bound""]","[""acquisition_event_recorded""]",B0 presence alone does not establish acquisition or coverage.,approved,catalog_us_fda_device_classification,bronze_b1
1970-01-01T00:00:00Z,promotion:b0-b1:catalog_us_medicaid_state_fees,bronze_b0,"[""d45ed9a3cfa76b53ae15692d5e63a93d7654ff41ce670f67068ab0464f9d0d99""]",[],"[""acquisition_missing""]","[""acquisition_event_recorded""]",B0 presence alone does not establish acquisition or coverage.,blocked,catalog_us_medicaid_state_fees,bronze_b1
1970-01-01T00:00:00Z,promotion:b0-b1:catalog_who_gho,bronze_b0,"[""26255420726cfd37fc7d54272e6d8803eb3fbf4381018ad33f9931c4319bfbd0""]",[],"[""acquisition_missing""]","[""acquisition_event_recorded""]",B0 presence alone does not establish acquisition or coverage.,blocked,catalog_who_gho,bronze_b1
1970-01-01T00:00:00Z,promotion:b0-b1:catalog_za_upfs,bronze_b0,"[""c2dc79e471c9c28178668a8ce623b1bf78129cb2f3155729a7072d78a01cab13""]",[],"[""acquisition_missing""]","[""acquisition_event_recorded""]",B0 presence alone does not establish acquisition or coverage.,blocked,catalog_za_upfs,bronze_b1
1970-01-01T00:00:00Z,promotion:b1-b2:au_mbs_historical_0181,bronze_b1,"[""2ba3a9d5eb5839a462d2df64709adda3ea85174f39f5967fa44b9aee8ce5e2b2""]","[""fixity_verified"", ""admission_passed""]","[""immutable_reference_recorded""]","[""fixity_verified"", ""admission_passed""]",Approval records identity only and does not authorize redistribution.,approved,sha256:2ba3a9d5eb5839a462d2df64709adda3ea85174f39f5967fa44b9aee8ce5e2b2,bronze_b2
1970-01-01T00:00:00Z,promotion:b1-b2:au_mbs_historical_0257,bronze_b1,"[""b3f5f8a57e9f7233aaa7ae1bc4d8890444b5bd8f41a11a82154dec9283a9b54a""]","[""fixity_verified"", ""admission_passed""]","[""immutable_reference_recorded""]","[""fixity_verified"", ""admission_passed""]",Approval records identity only and does not authorize redistribution.,approved,sha256:b3f5f8a57e9f7233aaa7ae1bc4d8890444b5bd8f41a11a82154dec9283a9b54a,bronze_b2
1970-01-01T00:00:00Z,promotion:b1-b2:au_mbs_historical_0266,bronze_b1,"[""4c9a55085e9da6be21c286088fbcb8188f8a65dda0a334513e57d1bc0414cfac""]","[""fixity_verified"", ""admission_passed""]","[""immutable_reference_recorded""]","[""fixity_verified"", ""admission_passed""]",Approval records identity only and does not authorize redistribution.,approved,sha256:4c9a55085e9da6be21c286088fbcb8188f8a65dda0a334513e57d1bc0414cfac,bronze_b2
1970-01-01T00:00:00Z,promotion:b1-b2:au_mbs_historical_0058,bronze_b1,"[""1a2ef43a4e129ac1827407f7f8adce7b437ae94ebcd5c5ad25ae793d08ab16bd""]","[""fixity_verified"", ""admission_passed""]","[""immutable_reference_recorded""]","[""fixity_verified"", ""admission_passed""]",Approval records identity only and does not authorize redistribution.,approved,sha256:1a2ef43a4e129ac1827407f7f8adce7b437ae94ebcd5c5ad25ae793d08ab16bd,bronze_b2
1970-01-01T00:00:00Z,promotion:b1-b2:au_mbs_historical_0123,bronze_b1,"[""c0abf948f08717d8bb3807af44f57342ff8cdf8da30905add7db8bf4a3e6310f""]","[""fixity_verified"", ""admission_passed""]","[""immutable_reference_recorded""]","[""fixity_verified"", ""admission_passed""]",Approval records identity only and does not authorize redistribution.,approved,sha256:c0abf948f08717d8bb3807af44f57342ff8cdf8da30905add7db8bf4a3e6310f,bronze_b2
1970-01-01T00:00:00Z,promotion:b1-b2:us_cms_mcd_ncd_2026_07_20,bronze_b1,"[""ce40e229ab7306c55e3d397b64071d490d791ad5024034919423db880c57e1c6""]","[""fixity_verified"", ""admission_passed""]","[""immutable_reference_recorded""]","[""fixity_verified"", ""admission_passed""]",Approval records identity only and does not authorize redistribution.,approved,sha256:ce40e229ab7306c55e3d397b64071d490d791ad5024034919423db880c57e1c6,bronze_b2
1970-01-01T00:00:00Z,promotion:b1-b2:au_mbs_historical_0188,bronze_b1,"[""9ebe0d887babc8187eb3400c7797c8e987d46e2333be9ae59b0d31078dd9deb7""]","[""fixity_verified"", ""admission_passed""]","[""immutable_reference_recorded""]","[""fixity_verified"", ""admission_passed""]",Approval records identity only and does not authorize redistribution.,approved,sha256:9ebe0d887babc8187eb3400c7797c8e987d46e2333be9ae59b0d31078dd9deb7,bronze_b2
1970-01-01T00:00:00Z,promotion:b1-b2:au_mbs_historical_0107,bronze_b1,"[""4bfda922cfefa42e9ee076b34314df3d6c4cd1cd693ad19789ae4c19bba12ba7""]","[""fixity_verified"", ""admission_passed""]","[""immutable_reference_recorded""]","[""fixity_verified"", ""admission_passed""]",Approval records identity only and does not authorize redistribution.,approved,sha256:4bfda922cfefa42e9ee076b34314df3d6c4cd1cd693ad19789ae4c19bba12ba7,bronze_b2
1970-01-01T00:00:00Z,promotion:b1-b2:au_mbs_historical_0030,bronze_b1,"[""821f105ccd2704cb2b541ac7bff456d351547acd5c8c6ccd1ff764cf07d32f3c""]","[""fixity_verified"", ""admission_passed""]","[""immutable_reference_recorded""]","[""fixity_verified"", ""admission_passed""]",Approval records identity only and does not authorize redistribution.,approved,sha256:821f105ccd2704cb2b541ac7bff456d351547acd5c8c6ccd1ff764cf07d32f3c,bronze_b2
1970-01-01T00:00:00Z,promotion:b1-b2:au_mbs_historical_0073,bronze_b1,"[""1d8a3c372439e1a4de0701623ccb12297745db24710503dcf30fefff8c9f8294""]","[""fixity_verified"", ""admission_passed""]","[""immutable_reference_recorded""]","[""fixity_verified"", ""admission_passed""]",Approval records identity only and does not authorize redistribution.,approved,sha256:1d8a3c372439e1a4de0701623ccb12297745db24710503dcf30fefff8c9f8294,bronze_b2
1970-01-01T00:00:00Z,promotion:b1-b2:au_mbs_historical_0230,bronze_b1,"[""c7a4bcd62783ab7347553a1425721b772598b446d347bc63fc06e005c498a010""]","[""fixity_verified"", ""admission_passed""]","[""immutable_reference_recorded""]","[""fixity_verified"", ""admission_passed""]",Approval records identity only and does not authorize redistribution.,approved,sha256:c7a4bcd62783ab7347553a1425721b772598b446d347bc63fc06e005c498a010,bronze_b2
1970-01-01T00:00:00Z,promotion:b1-b2:au_mbs_historical_0098,bronze_b1,"[""5ab0ef576d05d48fabd858df3d946e7777250310d1eef13d38d79b3138dd244d""]","[""fixity_verified"", ""admission_passed""]","[""immutable_reference_recorded""]","[""fixity_verified"", ""admission_passed""]",Approval records identity only and does not authorize redistribution.,approved,sha256:5ab0ef576d05d48fabd858df3d946e7777250310d1eef13d38d79b3138dd244d,bronze_b2
1970-01-01T00:00:00Z,promotion:b1-b2:au_mbs_historical_0278,bronze_b1,"[""5baf4494a73026ef267e70974e0317469165aca8cfc869fb0e56fb3000d309e9""]","[""fixity_verified"", ""admission_passed""]","[""immutable_reference_recorded""]","[""fixity_verified"", ""admission_passed""]",Approval records identity only and does not authorize redistribution.,approved,sha256:5baf4494a73026ef267e70974e0317469165aca8cfc869fb0e56fb3000d309e9,bronze_b2
1970-01-01T00:00:00Z,promotion:b1-b2:au_mbs_historical_0149,bronze_b1,"[""b1d96bfc3384f87a6ae312e27ec41d4efd4e1e29beafca27f7b4c567d50fc2a9""]","[""fixity_verified"", ""admission_passed""]","[""immutable_reference_recorded""]","[""fixity_verified"", ""admission_passed""]",Approval records identity only and does not authorize redistribution.,approved,sha256:b1d96bfc3384f87a6ae312e27ec41d4efd4e1e29beafca27f7b4c567d50fc2a9,bronze_b2
1970-01-01T00:00:00Z,promotion:b1-b2:au_mbs_historical_0251,bronze_b1,"[""05c59665124fd5145ebd0702d8ac8f1baaa4efa02daaedc9ab899c87c5120095""]","[""fixity_verified"", ""admission_passed""]","[""immutable_reference_recorded""]","[""fixity_verified"", ""admission_passed""]",Approval records identity only and does not authorize redistribution.,approved,sha256:05c59665124fd5145ebd0702d8ac8f1baaa4efa02daaedc9ab899c87c5120095,bronze_b2
1970-01-01T00:00:00Z,promotion:b1-b2:au_mbs_historical_0012,bronze_b1,"[""88f818a130faa0df9ff590ebe4c0fe881af8c409ed1f0d3aca2d911d1714fea3""]","[""fixity_verified"", ""admission_passed""]","[""immutable_reference_recorded""]","[""fixity_verified"", ""admission_passed""]",Approval records identity only and does not authorize redistribution.,approved,sha256:88f818a130faa0df9ff590ebe4c0fe881af8c409ed1f0d3aca2d911d1714fea3,bronze_b2
1970-01-01T00:00:00Z,promotion:b1-b2:au_mbs_historical_0051,bronze_b1,"[""8c8c2acd07c1eea3119d60ece574ea00fb899f65b217b1ce9065db4cb28f9538""]","[""fixity_verified"", ""admission_passed""]","[""immutable_reference_recorded""]","[""fixity_verified"", ""admission_passed""]",Approval records identity only and does not authorize redistribution.,approved,sha256:8c8c2acd07c1eea3119d60ece574ea00fb899f65b217b1ce9065db4cb28f9538,bronze_b2
1970-01-01T00:00:00Z,promotion:b1-b2:au_mbs_historical_0194,bronze_b1,"[""10a87cdbba38a5678a72aecab7f033085fde2af1f7c85cfa277e1e1680851c4a""]","[""fixity_verified"", ""admission_passed""]","[""immutable_reference_recorded""]","[""fixity_verified"", ""admission_passed""]",Approval records identity only and does not authorize redistribution.,approved,sha256:10a87cdbba38a5678a72aecab7f033085fde2af1f7c85cfa277e1e1680851c4a,bronze_b2
1970-01-01T00:00:00Z,promotion:b1-b2:au_mbs_historical_0088,bronze_b1,"[""bc01b69c1026f8d110ebcd1f29f17aa9f3a034fd6772a19a986be62d04725355""]","[""fixity_verified"", ""admission_passed""]","[""immutable_reference_recorded""]","[""fixity_verified"", ""admission_passed""]",Approval records identity only and does not authorize redistribution.,approved,sha256:bc01b69c1026f8d110ebcd1f29f17aa9f3a034fd6772a19a986be62d04725355,bronze_b2
1970-01-01T00:00:00Z,promotion:b1-b2:au_mbs_historical_0060,bronze_b1,"[""d008d01c02c34beaa8383d506f713da762e90221b42104580ba50c3de7981759""]","[""fixity_verified"", ""admission_passed""]","[""immutable_reference_recorded""]","[""fixity_verified"", ""admission_passed""]",Approval records identity only and does not authorize redistribution.,approved,sha256:d008d01c02c34beaa8383d506f713da762e90221b42104580ba50c3de7981759,bronze_b2
1970-01-01T00:00:00Z,promotion:b1-b2:au_mbs_historical_0189,bronze_b1,"[""01ad3ee276d2636280e50239db091f18696661c3d25db52078f3cf8e350f1e40""]","[""fixity_verified"", ""admission_passed""]","[""immutable_reference_recorded""]","[""fixity_verified"", ""admission_passed""]",Approval records identity only and does not authorize redistribution.,approved,sha256:01ad3ee276d2636280e50239db091f18696661c3d25db52078f3cf8e350f1e40,bronze_b2
1970-01-01T00:00:00Z,promotion:b1-b2:au_mbs_historical_0335,bronze_b1,"[""4144f7bbde938eb9989a730cee4ca99c8cdb5de225fcb41a82624be79cabae2e""]","[""fixity_verified"", ""admission_passed""]","[""immutable_reference_recorded""]","[""fixity_verified"", ""admission_passed""]",Approval records identity only and does not authorize redistribution.,approved,sha256:4144f7bbde938eb9989a730cee4ca99c8cdb5de225fcb41a82624be79cabae2e,bronze_b2
1970-01-01T00:00:00Z,promotion:b1-b2:au_mbs_historical_0165,bronze_b1,"[""54bea214e2e98acc8dd273db65ca7e0e64e0ebb7454c0cebf83f8a28013dd38f""]","[""fixity_verified"", ""admission_passed""]","[""immutable_reference_recorded""]","[""fixity_verified"", ""admission_passed""]",Approval records identity only and does not authorize redistribution.,approved,sha256:54bea214e2e98acc8dd273db65ca7e0e64e0ebb7454c0cebf83f8a28013dd38f,bronze_b2
1970-01-01T00:00:00Z,promotion:b1-b2:au_mbs_historical_0029,bronze_b1,"[""9cbf62467721f22c02fddae3de6597e5171272708c981bcb3c6608240956cb51""]","[""fixity_verified"", ""admission_passed""]","[""immutable_reference_recorded""]","[""fixity_verified"", ""admission_passed""]",Approval records identity only and does not authorize redistribution.,approved,sha256:9cbf62467721f22c02fddae3de6597e5171272708c981bcb3c6608240956cb51,bronze_b2
1970-01-01T00:00:00Z,promotion:b1-b2:au_mbs_historical_0094,bronze_b1,"[""e490b7f1cd6dabb4c69d2f7f6d246757c9a49fc9cd3b76f9594f9350a1ecee19""]","[""fixity_verified"", ""admission_passed""]","[""immutable_reference_recorded""]","[""fixity_verified"", ""admission_passed""]",Approval records identity only and does not authorize redistribution.,approved,sha256:e490b7f1cd6dabb4c69d2f7f6d246757c9a49fc9cd3b76f9594f9350a1ecee19,bronze_b2
1970-01-01T00:00:00Z,promotion:b1-b2:us_cms_pfs_2026_revision_c_carrier,bronze_b1,"[""1ba04e577235ff871c6836bbcc2adcdef247370772dd6558edebce9adf2df397""]","[""fixity_verified"", ""admission_passed""]","[""immutable_reference_recorded""]","[""fixity_verified"", ""admission_passed""]",Approval records identity only and does not authorize redistribution.,approved,sha256:1ba04e577235ff871c6836bbcc2adcdef247370772dd6558edebce9adf2df397,bronze_b2
1970-01-01T00:00:00Z,promotion:b1-b2:au_mbs_historical_0198,bronze_b1,"[""f7debb6b3a71f83da20428366699b2c113d1641122e70e0092c507836a11c736""]","[""fixity_verified"", ""admission_passed""]","[""immutable_reference_recorded""]","[""fixity_verified"", ""admission_passed""]",Approval records identity only and does not authorize redistribution.,approved,sha256:f7debb6b3a71f83da20428366699b2c113d1641122e70e0092c507836a11c736,bronze_b2
1970-01-01T00:00:00Z,promotion:b1-b2:au_mbs_historical_0291,bronze_b1,"[""d18f8e881707f1b20b8372ec3396b9614cb8170d592814480934f327b282e63d""]","[""fixity_verified"", ""admission_passed""]","[""immutable_reference_recorded""]","[""fixity_verified"", ""admission_passed""]",Approval records identity only and does not authorize redistribution.,approved,sha256:d18f8e881707f1b20b8372ec3396b9614cb8170d592814480934f327b282e63d,bronze_b2
1970-01-01T00:00:00Z,promotion:b1-b2:au_mbs_historical_0296,bronze_b1,"[""0913aa5f6ba9bcbb587f8ec39c1b35233b787b819c5e8ba3bf0a11d0d3b974e3""]","[""fixity_verified"", ""admission_passed""]","[""immutable_reference_recorded""]","[""fixity_verified"", ""admission_passed""]",Approval records identity only and does not authorize redistribution.,approved,sha256:0913aa5f6ba9bcbb587f8ec39c1b35233b787b819c5e8ba3bf0a11d0d3b974e3,bronze_b2
1970-01-01T00:00:00Z,promotion:b1-b2:au_mbs_historical_0325,bronze_b1,"[""22510203966e992f7b05fa8b892b1b3846ef9425a033ab5f608745743e18d1fe""]","[""fixity_verified"", ""admission_passed""]","[""immutable_reference_recorded""]","[""fixity_verified"", ""admission_passed""]",Approval records identity only and does not authorize redistribution.,approved,sha256:22510203966e992f7b05fa8b892b1b3846ef9425a033ab5f608745743e18d1fe,bronze_b2
1970-01-01T00:00:00Z,promotion:b1-b2:au_mbs_historical_0273,bronze_b1,"[""19fb716788952deb1e36d524698e2c02fb328e33e87b15d418e6bc1df62e9a7c""]","[""fixity_verified"", ""admission_passed""]","[""immutable_reference_recorded""]","[""fixity_verified"", ""admission_passed""]",Approval records identity only and does not authorize redistribution.,approved,sha256:19fb716788952deb1e36d524698e2c02fb328e33e87b15d418e6bc1df62e9a7c,bronze_b2
1970-01-01T00:00:00Z,promotion:b1-b2:au_mbs_historical_0254,bronze_b1,"[""3662b4a0dc2169f3cce448803b26c8e11fc1fdea81bc23ad18a0674e9ad4fc4a""]","[""fixity_verified"", ""admission_passed""]","[""immutable_reference_recorded""]","[""fixity_verified"", ""admission_passed""]",Approval records identity only and does not authorize redistribution.,approved,sha256:3662b4a0dc2169f3cce448803b26c8e11fc1fdea81bc23ad18a0674e9ad4fc4a,bronze_b2
1970-01-01T00:00:00Z,promotion:b1-b2:au_mbs_historical_0283,bronze_b1,"[""90d7e6bef5630e4ce709fc7820e28184fa78149f45b9922b67e5554391c31857""]","[""fixity_verified"", ""admission_passed""]","[""immutable_reference_recorded""]","[""fixity_verified"", ""admission_passed""]",Approval records identity only and does not authorize redistribution.,approved,sha256:90d7e6bef5630e4ce709fc7820e28184fa78149f45b9922b67e5554391c31857,bronze_b2
1970-01-01T00:00:00Z,promotion:b1-b2:au_mbs_historical_0295,bronze_b1,"[""01dda9146d51d1e465b86696535331cab76f3529662c1bfd000e8339f7090464""]","[""fixity_verified"", ""admission_passed""]","[""immutable_reference_recorded""]","[""fixity_verified"", ""admission_passed""]",Approval records identity only and does not authorize redistribution.,approved,sha256:01dda9146d51d1e465b86696535331cab76f3529662c1bfd000e8339f7090464,bronze_b2
1970-01-01T00:00:00Z,promotion:b1-b2:au_mbs_historical_0130,bronze_b1,"[""5e0e74b09eb039382d2ca4e72a05bb89f5ceea501953a7cdd8b4ba980731010e""]","[""fixity_verified"", ""admission_passed""]","[""immutable_reference_recorded""]","[""fixity_verified"", ""admission_passed""]",Approval records identity only and does not authorize redistribution.,approved,sha256:5e0e74b09eb039382d2ca4e72a05bb89f5ceea501953a7cdd8b4ba980731010e,bronze_b2
1970-01-01T00:00:00Z,promotion:b1-b2:au_mbs_historical_0068,bronze_b1,"[""1641701d0888230a0efae38763ba64b56693021f4a23f567366e86c9a92706b6""]","[""fixity_verified"", ""admission_passed""]","[""immutable_reference_recorded""]","[""fixity_verified"", ""admission_passed""]",Approval records identity only and does not authorize redistribution.,approved,sha256:1641701d0888230a0efae38763ba64b56693021f4a23f567366e86c9a92706b6,bronze_b2
1970-01-01T00:00:00Z,promotion:b1-b2:au_mbs_historical_0242,bronze_b1,"[""992789042b4d491d0a3ecb4f36ab4067f038a38e6613a46028f91357391d9db5""]","[""fixity_verified"", ""admission_passed""]","[""immutable_reference_recorded""]","[""fixity_verified"", ""admission_passed""]",Approval records identity only and does not authorize redistribution.,approved,sha256:992789042b4d491d0a3ecb4f36ab4067f038a38e6613a46028f91357391d9db5,bronze_b2
1970-01-01T00:00:00Z,promotion:b1-b2:au_mbs_historical_0320,bronze_b1,"[""3c517019655bcceff79d3c133c4947a9d1bc49de427c5a4e66391f4026227c14""]","[""fixity_verified"", ""admission_passed""]","[""immutable_reference_recorded""]","[""fixity_verified"", ""admission_passed""]",Approval records identity only and does not authorize redistribution.,approved,sha256:3c517019655bcceff79d3c133c4947a9d1bc49de427c5a4e66391f4026227c14,bronze_b2
1970-01-01T00:00:00Z,promotion:b1-b2:au_mbs_historical_0037,bronze_b1,"[""98938dc1ae6fe291702643a7708abbb341247dbfa6dd6b59e684d28578213e46""]","[""fixity_verified"", ""admission_passed""]","[""immutable_reference_recorded""]","[""fixity_verified"", ""admission_passed""]",Approval records identity only and does not authorize redistribution.,approved,sha256:98938dc1ae6fe291702643a7708abbb341247dbfa6dd6b59e684d28578213e46,bronze_b2
1970-01-01T00:00:00Z,promotion:b1-b2:au_mbs_historical_0004,bronze_b1,"[""bd5b5951a3c613a32b6ae6f9fc012d80e47a2b41c117a88473a9c41318521b67""]",[],"[""b2_evidence_missing""]","[""fixity_verified"", ""admission_passed""]",Approval records identity only and does not authorize redistribution.,blocked,sha256:1d4fe60e695e8b1edbeb564be5aeef55d97f66209bc5be2ef7ed30d230f1ec2b,bronze_b2
1970-01-01T00:00:00Z,promotion:b1-b2:au_mbs_historical_0124,bronze_b1,"[""635ef79c39f8c43ce838554d641de8c03a90b5efc32c46fd5c453f52f0364fa1""]","[""fixity_verified"", ""admission_passed""]","[""immutable_reference_recorded""]","[""fixity_verified"", ""admission_passed""]",Approval records identity only and does not authorize redistribution.,approved,sha256:635ef79c39f8c43ce838554d641de8c03a90b5efc32c46fd5c453f52f0364fa1,bronze_b2
1970-01-01T00:00:00Z,promotion:b1-b2:uk_nhs_payment_scheme_2026_27_annex_a,bronze_b1,"[""b227defd1f54b7836558a92d875905f0fa4e7cb27951539d142ad36cc6712d0d""]","[""fixity_verified"", ""admission_passed""]","[""immutable_reference_recorded""]","[""fixity_verified"", ""admission_passed""]",Approval records identity only and does not authorize redistribution.,approved,sha256:b227defd1f54b7836558a92d875905f0fa4e7cb27951539d142ad36cc6712d0d,bronze_b2
1970-01-01T00:00:00Z,promotion:b1-b2:au_mbs_historical_0272,bronze_b1,"[""5d1bb1fad4c464d7159b24b0bb2d159b83e56ddea8ca545d4dcd20f0694663ba""]","[""fixity_verified"", ""admission_passed""]","[""immutable_reference_recorded""]","[""fixity_verified"", ""admission_passed""]",Approval records identity only and does not authorize redistribution.,approved,sha256:5d1bb1fad4c464d7159b24b0bb2d159b83e56ddea8ca545d4dcd20f0694663ba,bronze_b2
1970-01-01T00:00:00Z,promotion:b1-b2:au_mbs_historical_0134,bronze_b1,"[""1ebe79eac741dc755e3ca725fcef45c25ac9adc16f8cbc77b5fdd0f688011f1d""]","[""fixity_verified"", ""admission_passed""]","[""immutable_reference_recorded""]","[""fixity_verified"", ""admission_passed""]",Approval records identity only and does not authorize redistribution.,approved,sha256:1ebe79eac741dc755e3ca725fcef45c25ac9adc16f8cbc77b5fdd0f688011f1d,bronze_b2
1970-01-01T00:00:00Z,promotion:b1-b2:au_mbs_historical_0045,bronze_b1,"[""f78f0d382125533e414cbd8775c81427052d187f0c7aa1c5ac03d559ed4731bc""]","[""fixity_verified"", ""admission_passed""]","[""immutable_reference_recorded""]","[""fixity_verified"", ""admission_passed""]",Approval records identity only and does not authorize redistribution.,approved,sha256:f78f0d382125533e414cbd8775c81427052d187f0c7aa1c5ac03d559ed4731bc,bronze_b2
1970-01-01T00:00:00Z,promotion:b1-b2:au_mbs_historical_0341,bronze_b1,"[""25fa7d0ce734c9c0c169f3aea433268018f6d5bedfb7058210817af236dd694d""]","[""fixity_verified"", ""admission_passed""]","[""immutable_reference_recorded""]","[""fixity_verified"", ""admission_passed""]",Approval records identity only and does not authorize redistribution.,approved,sha256:25fa7d0ce734c9c0c169f3aea433268018f6d5bedfb7058210817af236dd694d,bronze_b2
1970-01-01T00:00:00Z,promotion:b1-b2:au_mbs_historical_0342,bronze_b1,"[""bfa5b3d3bdda0bcd285e8a240820f75625c14c212db01fdb8046a8bcc518e06f""]",[],"[""b2_evidence_missing""]","[""fixity_verified"", ""admission_passed""]",Approval records identity only and does not authorize redistribution.,blocked,sha256:bfa5b3d3bdda0bcd285e8a240820f75625c14c212db01fdb8046a8bcc518e06f,bronze_b2
1970-01-01T00:00:00Z,promotion:b1-b2:au_mbs_historical_0282,bronze_b1,"[""0b492b656e822bbe544fdb7059028a71b9c4076f5eee9c09344713d6199730e1""]","[""fixity_verified"", ""admission_passed""]","[""immutable_reference_recorded""]","[""fixity_verified"", ""admission_passed""]",Approval records identity only and does not authorize redistribution.,approved,sha256:0b492b656e822bbe544fdb7059028a71b9c4076f5eee9c09344713d6199730e1,bronze_b2
1970-01-01T00:00:00Z,promotion:b1-b2:au_mbs_historical_0300,bronze_b1,"[""907fd2c5229128b57ebda87573208867310d76436e81244f320a55f782295763""]","[""fixity_verified"", ""admission_passed""]","[""immutable_reference_recorded""]","[""fixity_verified"", ""admission_passed""]",Approval records identity only and does not authorize redistribution.,approved,sha256:907fd2c5229128b57ebda87573208867310d76436e81244f320a55f782295763,bronze_b2
1970-01-01T00:00:00Z,promotion:b1-b2:au_mbs_historical_0333,bronze_b1,"[""efe26354758035f4c4d82aae30ec539eb90e6cd48dd6bdf9862a758ecce8f95c""]","[""fixity_verified"", ""admission_passed""]","[""immutable_reference_recorded""]","[""fixity_verified"", ""admission_passed""]",Approval records identity only and does not authorize redistribution.,approved,sha256:efe26354758035f4c4d82aae30ec539eb90e6cd48dd6bdf9862a758ecce8f95c,bronze_b2
1970-01-01T00:00:00Z,promotion:b1-b2:au_mbs_historical_0104,bronze_b1,"[""da9bf6ed5616ca69bc4225234c569ec3e1b652fce9e7db21c1f13af5fd2804dc""]","[""fixity_verified"", ""admission_passed""]","[""immutable_reference_recorded""]","[""fixity_verified"", ""admission_passed""]",Approval records identity only and does not authorize redistribution.,approved,sha256:da9bf6ed5616ca69bc4225234c569ec3e1b652fce9e7db21c1f13af5fd2804dc,bronze_b2
1970-01-01T00:00:00Z,promotion:b1-b2:us_cms_asp_july_2026_payment_limit,bronze_b1,"[""2ec6a869e32a86c32a44482cd241053f486d751c6749a4c526b95fa7ec3529af""]",[],"[""b2_evidence_missing""]","[""fixity_verified"", ""admission_passed""]",Approval records identity only and does not authorize redistribution.,blocked,sha256:293987d4a9e7eae3a6c56be6caec032e0f8ec17da4809597e69af95cc2d90fc6,bronze_b2
1970-01-01T00:00:00Z,promotion:b1-b2:au_mbs_historical_0277,bronze_b1,"[""2168946df659b65dd4c8727e3006c6a7d9b1233bbbb93566fd23bf3b8e50135d""]","[""fixity_verified"", ""admission_passed""]","[""immutable_reference_recorded""]","[""fixity_verified"", ""admission_passed""]",Approval records identity only and does not authorize redistribution.,approved,sha256:2168946df659b65dd4c8727e3006c6a7d9b1233bbbb93566fd23bf3b8e50135d,bronze_b2
1970-01-01T00:00:00Z,promotion:b1-b2:au_mbs_historical_0013,bronze_b1,"[""bfa5b3d3bdda0bcd285e8a240820f75625c14c212db01fdb8046a8bcc518e06f""]","[""fixity_verified"", ""admission_passed""]","[""immutable_reference_recorded""]","[""fixity_verified"", ""admission_passed""]",Approval records identity only and does not authorize redistribution.,approved,sha256:bfa5b3d3bdda0bcd285e8a240820f75625c14c212db01fdb8046a8bcc518e06f,bronze_b2
1970-01-01T00:00:00Z,promotion:b1-b2:au_mbs_historical_0226,bronze_b1,"[""a7541b5a89a79e5989b1b178e2a7274ad0c4973224aceb5c5937fad1be2bc92f""]","[""fixity_verified"", ""admission_passed""]","[""immutable_reference_recorded""]","[""fixity_verified"", ""admission_passed""]",Approval records identity only and does not authorize redistribution.,approved,sha256:a7541b5a89a79e5989b1b178e2a7274ad0c4973224aceb5c5937fad1be2bc92f,bronze_b2
1970-01-01T00:00:00Z,promotion:b1-b2:au_mbs_historical_0145,bronze_b1,"[""1c037399320cdf4bfe3b823c21656959d73d42f1a5182c6263a5b6c540a7aa84""]","[""fixity_verified"", ""admission_passed""]","[""immutable_reference_recorded""]","[""fixity_verified"", ""admission_passed""]",Approval records identity only and does not authorize redistribution.,approved,sha256:1c037399320cdf4bfe3b823c21656959d73d42f1a5182c6263a5b6c540a7aa84,bronze_b2
1970-01-01T00:00:00Z,promotion:b1-b2:us_cms_clfs_26clabq3_ama_zip,bronze_b1,"[""21380d33b146a6537c2fa686e2e11998e2341704cc35be3e791d07df6642cf77""]",[],"[""b2_evidence_missing""]","[""fixity_verified"", ""admission_passed""]",Approval records identity only and does not authorize redistribution.,blocked,sha256:2d903280a5955985ecf7bc2e43fbef6c3c6110c66059a293994542e974c18ed3,bronze_b2
1970-01-01T00:00:00Z,promotion:b1-b2:au_mbs_historical_0061,bronze_b1,"[""1e20c0ef4dfc9c1776c2de1a3124ae04bd645ab1898c9d9220d5039a95e71090""]","[""fixity_verified"", ""admission_passed""]","[""immutable_reference_recorded""]","[""fixity_verified"", ""admission_passed""]",Approval records identity only and does not authorize redistribution.,approved,sha256:1e20c0ef4dfc9c1776c2de1a3124ae04bd645ab1898c9d9220d5039a95e71090,bronze_b2
1970-01-01T00:00:00Z,promotion:b1-b2:au_mbs_historical_0233,bronze_b1,"[""028ace21535a617f6ea6a576991687274f75bdc937efce73bbb1094d9d170b05""]","[""fixity_verified"", ""admission_passed""]","[""immutable_reference_recorded""]","[""fixity_verified"", ""admission_passed""]",Approval records identity only and does not authorize redistribution.,approved,sha256:028ace21535a617f6ea6a576991687274f75bdc937efce73bbb1094d9d170b05,bronze_b2
1970-01-01T00:00:00Z,promotion:b1-b2:au_mbs_historical_0299,bronze_b1,"[""96ee04702c76c68a121ebef295b6b80060b7c7cc8707090cc3f77970cb32fced""]","[""fixity_verified"", ""admission_passed""]","[""immutable_reference_recorded""]","[""fixity_verified"", ""admission_passed""]",Approval records identity only and does not authorize redistribution.,approved,sha256:96ee04702c76c68a121ebef295b6b80060b7c7cc8707090cc3f77970cb32fced,bronze_b2
1970-01-01T00:00:00Z,promotion:b1-b2:au_mbs_historical_0311,bronze_b1,"[""d14199a12789f91a904210fe948aaafe6c9febd731b11a5841b372441bc2c8ac""]","[""fixity_verified"", ""admission_passed""]","[""immutable_reference_recorded""]","[""fixity_verified"", ""admission_passed""]",Approval records identity only and does not authorize redistribution.,approved,sha256:d14199a12789f91a904210fe948aaafe6c9febd731b11a5841b372441bc2c8ac,bronze_b2
1970-01-01T00:00:00Z,promotion:b1-b2:au_mbs_historical_0112,bronze_b1,"[""b8a36072a52a003cf9a786c89af289c4d9244fe9f7711dceef2a59b2c566d8e6""]","[""fixity_verified"", ""admission_passed""]","[""immutable_reference_recorded""]","[""fixity_verified"", ""admission_passed""]",Approval records identity only and does not authorize redistribution.,approved,sha256:b8a36072a52a003cf9a786c89af289c4d9244fe9f7711dceef2a59b2c566d8e6,bronze_b2
1970-01-01T00:00:00Z,promotion:b1-b2:au_mbs_historical_0156,bronze_b1,"[""0d12c761e132e8ed71619b106df756387112f727d539278409836f9da1719f37""]","[""fixity_verified"", ""admission_passed""]","[""immutable_reference_recorded""]","[""fixity_verified"", ""admission_passed""]",Approval records identity only and does not authorize redistribution.,approved,sha256:0d12c761e132e8ed71619b106df756387112f727d539278409836f9da1719f37,bronze_b2
1970-01-01T00:00:00Z,promotion:b1-b2:au_mbs_historical_0071,bronze_b1,"[""52e0557b7ea8b58116f0623047d0d341266ea0f681bb9c014736580d9d043a5a""]","[""fixity_verified"", ""admission_passed""]","[""immutable_reference_recorded""]","[""fixity_verified"", ""admission_passed""]",Approval records identity only and does not authorize redistribution.,approved,sha256:52e0557b7ea8b58116f0623047d0d341266ea0f681bb9c014736580d9d043a5a,bronze_b2
1970-01-01T00:00:00Z,promotion:b1-b2:us_cms_clfs_26clabq3_ama_zip,bronze_b1,"[""4288e31a6449c1579d0bddb207904d6288faabed2f6db3a63b25cbbcf7afa2a6""]",[],"[""b2_evidence_missing""]","[""fixity_verified"", ""admission_passed""]",Approval records identity only and does not authorize redistribution.,blocked,sha256:34320917b26e972d34b28469cd8454158db549c6c25364fc32fc1d806c16c311,bronze_b2
1970-01-01T00:00:00Z,promotion:b1-b2:au_mbs_historical_0306,bronze_b1,"[""8a5db4811115bd2d624957760b649d9414c714fd008f6c07999d1a3057481745""]","[""fixity_verified"", ""admission_passed""]","[""immutable_reference_recorded""]","[""fixity_verified"", ""admission_passed""]",Approval records identity only and does not authorize redistribution.,approved,sha256:8a5db4811115bd2d624957760b649d9414c714fd008f6c07999d1a3057481745,bronze_b2
1970-01-01T00:00:00Z,promotion:b1-b2:au_mbs_historical_0027,bronze_b1,"[""a1e1bb3dd0d76c8b80764a659ffa217510471646fb0c1913912e2bcb732d351f""]","[""fixity_verified"", ""admission_passed""]","[""immutable_reference_recorded""]","[""fixity_verified"", ""admission_passed""]",Approval records identity only and does not authorize redistribution.,approved,sha256:a1e1bb3dd0d76c8b80764a659ffa217510471646fb0c1913912e2bcb732d351f,bronze_b2
1970-01-01T00:00:00Z,promotion:b1-b2:au_mbs_historical_0298,bronze_b1,"[""d18ac612a55dd53d49c49685017b0e5bd02f6cdc0e5c5c92ffcd0c4716c2afd1""]","[""fixity_verified"", ""admission_passed""]","[""immutable_reference_recorded""]","[""fixity_verified"", ""admission_passed""]",Approval records identity only and does not authorize redistribution.,approved,sha256:d18ac612a55dd53d49c49685017b0e5bd02f6cdc0e5c5c92ffcd0c4716c2afd1,bronze_b2
1970-01-01T00:00:00Z,promotion:b1-b2:au_mbs_historical_0100,bronze_b1,"[""808f61a83372defc9bc476a8c673e67e8fc29a8d8c22a558f5581bda3749ff4c""]","[""fixity_verified"", ""admission_passed""]","[""immutable_reference_recorded""]","[""fixity_verified"", ""admission_passed""]",Approval records identity only and does not authorize redistribution.,approved,sha256:808f61a83372defc9bc476a8c673e67e8fc29a8d8c22a558f5581bda3749ff4c,bronze_b2
1970-01-01T00:00:00Z,promotion:b1-b2:au_mbs_historical_0240,bronze_b1,"[""609cc30e92f9db481ef61d3950829213ea0713e3dd680b9dd023a2bb5f1179b9""]","[""fixity_verified"", ""admission_passed""]","[""immutable_reference_recorded""]","[""fixity_verified"", ""admission_passed""]",Approval records identity only and does not authorize redistribution.,approved,sha256:609cc30e92f9db481ef61d3950829213ea0713e3dd680b9dd023a2bb5f1179b9,bronze_b2
1970-01-01T00:00:00Z,promotion:b1-b2:au_mbs_historical_0343,bronze_b1,"[""4b91466d7c6f0668b26327ccb0c3576776a6733da82a33ae6aabeef66a5767c7""]",[],"[""b2_evidence_missing""]","[""fixity_verified"", ""admission_passed""]",Approval records identity only and does not authorize redistribution.,blocked,sha256:4b91466d7c6f0668b26327ccb0c3576776a6733da82a33ae6aabeef66a5767c7,bronze_b2
1970-01-01T00:00:00Z,promotion:b1-b2:au_mbs_historical_0039,bronze_b1,"[""a94f6eeadcb408f9719558f937f7d308b290b30ef4f2b4b6f0d6aa96175c7769""]","[""fixity_verified"", ""admission_passed""]","[""immutable_reference_recorded""]","[""fixity_verified"", ""admission_passed""]",Approval records identity only and does not authorize redistribution.,approved,sha256:a94f6eeadcb408f9719558f937f7d308b290b30ef4f2b4b6f0d6aa96175c7769,bronze_b2
1970-01-01T00:00:00Z,promotion:b1-b2:au_mbs_historical_0054,bronze_b1,"[""0f0696f0f97cc9999042aea36ba28507aa3ef746027933ad5df41356c1277d4f""]","[""fixity_verified"", ""admission_passed""]","[""immutable_reference_recorded""]","[""fixity_verified"", ""admission_passed""]",Approval records identity only and does not authorize redistribution.,approved,sha256:0f0696f0f97cc9999042aea36ba28507aa3ef746027933ad5df41356c1277d4f,bronze_b2
1970-01-01T00:00:00Z,promotion:b1-b2:au_mbs_historical_0197,bronze_b1,"[""460941ead58b20aac34eff9a749605aa88fffbecee8598c998eeb786b7637006""]","[""fixity_verified"", ""admission_passed""]","[""immutable_reference_recorded""]","[""fixity_verified"", ""admission_passed""]",Approval records identity only and does not authorize redistribution.,approved,sha256:460941ead58b20aac34eff9a749605aa88fffbecee8598c998eeb786b7637006,bronze_b2
1970-01-01T00:00:00Z,promotion:b1-b2:au_mbs_historical_0009,bronze_b1,"[""26ded0e092c786d3031c582766cd2734010793072d224bd63b35f3274b8e541f""]","[""fixity_verified"", ""admission_passed""]","[""immutable_reference_recorded""]","[""fixity_verified"", ""admission_passed""]",Approval records identity only and does not authorize redistribution.,approved,sha256:26ded0e092c786d3031c582766cd2734010793072d224bd63b35f3274b8e541f,bronze_b2
1970-01-01T00:00:00Z,promotion:b1-b2:au_mbs_historical_0101,bronze_b1,"[""aebdfd00230c3e107c08ec355460ff6fee7ff982d31634338991c3d91ee3cb9c""]","[""fixity_verified"", ""admission_passed""]","[""immutable_reference_recorded""]","[""fixity_verified"", ""admission_passed""]",Approval records identity only and does not authorize redistribution.,approved,sha256:aebdfd00230c3e107c08ec355460ff6fee7ff982d31634338991c3d91ee3cb9c,bronze_b2
1970-01-01T00:00:00Z,promotion:b1-b2:au_mbs_historical_0284,bronze_b1,"[""b35212d703ca7d4c95259fbf46932db6ca8ded25ddee3a0837ffdcd98dd93041""]","[""fixity_verified"", ""admission_passed""]","[""immutable_reference_recorded""]","[""fixity_verified"", ""admission_passed""]",Approval records identity only and does not authorize redistribution.,approved,sha256:b35212d703ca7d4c95259fbf46932db6ca8ded25ddee3a0837ffdcd98dd93041,bronze_b2
1970-01-01T00:00:00Z,promotion:b1-b2:au_mbs_historical_0289,bronze_b1,"[""b178dc1c02ccffb16b9a27fd36ae2fd68010d6c331a915e753a7bab4a85cf2cd""]","[""fixity_verified"", ""admission_passed""]","[""immutable_reference_recorded""]","[""fixity_verified"", ""admission_passed""]",Approval records identity only and does not authorize redistribution.,approved,sha256:b178dc1c02ccffb16b9a27fd36ae2fd68010d6c331a915e753a7bab4a85cf2cd,bronze_b2
1970-01-01T00:00:00Z,promotion:b1-b2:au_mbs_historical_0055,bronze_b1,"[""e91989b6cc5f5501f1850180ebcd74cb0a4c091e63385f271f8f8ee35bdd76c0""]","[""fixity_verified"", ""admission_passed""]","[""immutable_reference_recorded""]","[""fixity_verified"", ""admission_passed""]",Approval records identity only and does not authorize redistribution.,approved,sha256:e91989b6cc5f5501f1850180ebcd74cb0a4c091e63385f271f8f8ee35bdd76c0,bronze_b2
1970-01-01T00:00:00Z,promotion:b1-b2:au_mbs_historical_0209,bronze_b1,"[""7486bf31f17276bf14d9f801abca65415046acec7a2e7e966391cc0db8029c14""]","[""fixity_verified"", ""admission_passed""]","[""immutable_reference_recorded""]","[""fixity_verified"", ""admission_passed""]",Approval records identity only and does not authorize redistribution.,approved,sha256:7486bf31f17276bf14d9f801abca65415046acec7a2e7e966391cc0db8029c14,bronze_b2
1970-01-01T00:00:00Z,promotion:b1-b2:au_mbs_historical_0331,bronze_b1,"[""607258315bdd7391c56446fee2d9c2adb787003ed424a1db6b762c53a8ea8a79""]","[""fixity_verified"", ""admission_passed""]","[""immutable_reference_recorded""]","[""fixity_verified"", ""admission_passed""]",Approval records identity only and does not authorize redistribution.,approved,sha256:607258315bdd7391c56446fee2d9c2adb787003ed424a1db6b762c53a8ea8a79,bronze_b2
1970-01-01T00:00:00Z,promotion:b1-b2:au_mbs_historical_0235,bronze_b1,"[""01809c64f8f18462a87a96bef295196499f869ac3876c6fe58d43a9c3bedb175""]","[""fixity_verified"", ""admission_passed""]","[""immutable_reference_recorded""]","[""fixity_verified"", ""admission_passed""]",Approval records identity only and does not authorize redistribution.,approved,sha256:01809c64f8f18462a87a96bef295196499f869ac3876c6fe58d43a9c3bedb175,bronze_b2
1970-01-01T00:00:00Z,promotion:b1-b2:au_mbs_historical_0237,bronze_b1,"[""73be81cae1b734fe855544c3f92e2e6e772b017c179badc2decd8f75292c09c6""]","[""fixity_verified"", ""admission_passed""]","[""immutable_reference_recorded""]","[""fixity_verified"", ""admission_passed""]",Approval records identity only and does not authorize redistribution.,approved,sha256:73be81cae1b734fe855544c3f92e2e6e772b017c179badc2decd8f75292c09c6,bronze_b2
1970-01-01T00:00:00Z,promotion:b1-b2:au_mbs_historical_0327,bronze_b1,"[""b79286c5c6256745ecb8d8b3690c7b9008d8fce1d8765fe11aa6081e918480d4""]","[""fixity_verified"", ""admission_passed""]","[""immutable_reference_recorded""]","[""fixity_verified"", ""admission_passed""]",Approval records identity only and does not authorize redistribution.,approved,sha256:b79286c5c6256745ecb8d8b3690c7b9008d8fce1d8765fe11aa6081e918480d4,bronze_b2
1970-01-01T00:00:00Z,promotion:b1-b2:au_mbs_historical_0191,bronze_b1,"[""98904f11da087b66ae7232756ce0709d53a73843cc009ddd49eb0c432934fc6b""]","[""fixity_verified"", ""admission_passed""]","[""immutable_reference_recorded""]","[""fixity_verified"", ""admission_passed""]",Approval records identity only and does not authorize redistribution.,approved,sha256:98904f11da087b66ae7232756ce0709d53a73843cc009ddd49eb0c432934fc6b,bronze_b2
1970-01-01T00:00:00Z,promotion:b1-b2:au_mbs_historical_0310,bronze_b1,"[""c2da82ca55a0dda7d1d5968f01691feff0fde1139424f08d4ad14c7f8dbb0ab3""]","[""fixity_verified"", ""admission_passed""]","[""immutable_reference_recorded""]","[""fixity_verified"", ""admission_passed""]",Approval records identity only and does not authorize redistribution.,approved,sha256:c2da82ca55a0dda7d1d5968f01691feff0fde1139424f08d4ad14c7f8dbb0ab3,bronze_b2
1970-01-01T00:00:00Z,promotion:b1-b2:au_mbs_historical_0113,bronze_b1,"[""cea9a78a46bf69885d49de1fc3c740001a6570090130eaa445e31e522e7266df""]","[""fixity_verified"", ""admission_passed""]","[""immutable_reference_recorded""]","[""fixity_verified"", ""admission_passed""]",Approval records identity only and does not authorize redistribution.,approved,sha256:cea9a78a46bf69885d49de1fc3c740001a6570090130eaa445e31e522e7266df,bronze_b2
1970-01-01T00:00:00Z,promotion:b1-b2:au_mbs_historical_0293,bronze_b1,"[""78b16ff8271184372cd550899b4c761bd1d356bee22ae5fd868b49b5e3ea5be5""]","[""fixity_verified"", ""admission_passed""]","[""immutable_reference_recorded""]","[""fixity_verified"", ""admission_passed""]",Approval records identity only and does not authorize redistribution.,approved,sha256:78b16ff8271184372cd550899b4c761bd1d356bee22ae5fd868b49b5e3ea5be5,bronze_b2
1970-01-01T00:00:00Z,promotion:b1-b2:au_mbs_historical_0276,bronze_b1,"[""a52a9841972a82a7cbdb626ea557899f08bf6a8c2de185edc8c7d8782f0bbf9e""]","[""fixity_verified"", ""admission_passed""]","[""immutable_reference_recorded""]","[""fixity_verified"", ""admission_passed""]",Approval records identity only and does not authorize redistribution.,approved,sha256:a52a9841972a82a7cbdb626ea557899f08bf6a8c2de185edc8c7d8782f0bbf9e,bronze_b2
1970-01-01T00:00:00Z,promotion:b1-b2:au_mbs_historical_0308,bronze_b1,"[""715cafc42061a59d1a291ec4b8477276f9b3c93e5481493facbdaa4cfacd13e9""]","[""fixity_verified"", ""admission_passed""]","[""immutable_reference_recorded""]","[""fixity_verified"", ""admission_passed""]",Approval records identity only and does not authorize redistribution.,approved,sha256:715cafc42061a59d1a291ec4b8477276f9b3c93e5481493facbdaa4cfacd13e9,bronze_b2
1970-01-01T00:00:00Z,promotion:b1-b2:au_mbs_historical_0110,bronze_b1,"[""d30bc3efad7a729e2b268834e5b8c28b77b3b16c26169318b57d08fc7a2bee6d""]","[""fixity_verified"", ""admission_passed""]","[""immutable_reference_recorded""]","[""fixity_verified"", ""admission_passed""]",Approval records identity only and does not authorize redistribution.,approved,sha256:d30bc3efad7a729e2b268834e5b8c28b77b3b16c26169318b57d08fc7a2bee6d,bronze_b2
1970-01-01T00:00:00Z,promotion:b1-b2:au_mbs_historical_0142,bronze_b1,"[""7ee34e12acaae27af1d8aa012b29a3a41b8c0cb3d6af6b67af8c632cad572a53""]","[""fixity_verified"", ""admission_passed""]","[""immutable_reference_recorded""]","[""fixity_verified"", ""admission_passed""]",Approval records identity only and does not authorize redistribution.,approved,sha256:7ee34e12acaae27af1d8aa012b29a3a41b8c0cb3d6af6b67af8c632cad572a53,bronze_b2
1970-01-01T00:00:00Z,promotion:b1-b2:au_mbs_historical_0146,bronze_b1,"[""0979fdc4bc9c268c8f86e69946636ca9c4adc994eb9e581ff172ce1afd279976""]","[""fixity_verified"", ""admission_passed""]","[""immutable_reference_recorded""]","[""fixity_verified"", ""admission_passed""]",Approval records identity only and does not authorize redistribution.,approved,sha256:0979fdc4bc9c268c8f86e69946636ca9c4adc994eb9e581ff172ce1afd279976,bronze_b2
1970-01-01T00:00:00Z,promotion:b1-b2:au_mbs_historical_0252,bronze_b1,"[""4d33a10c475570e866ac75cdbd913e745fc5f81f242ea74c707a85bcaf9d0079""]","[""fixity_verified"", ""admission_passed""]","[""immutable_reference_recorded""]","[""fixity_verified"", ""admission_passed""]",Approval records identity only and does not authorize redistribution.,approved,sha256:4d33a10c475570e866ac75cdbd913e745fc5f81f242ea74c707a85bcaf9d0079,bronze_b2
1970-01-01T00:00:00Z,promotion:b1-b2:au_mbs_historical_0105,bronze_b1,"[""2179e43b2b3414a341b478c1d384bad48beaec35da6ed29d4bcd56ba25146803""]","[""fixity_verified"", ""admission_passed""]","[""immutable_reference_recorded""]","[""fixity_verified"", ""admission_passed""]",Approval records identity only and does not authorize redistribution.,approved,sha256:2179e43b2b3414a341b478c1d384bad48beaec35da6ed29d4bcd56ba25146803,bronze_b2
1970-01-01T00:00:00Z,promotion:b1-b2:au_mbs_historical_0053,bronze_b1,"[""73715d0ca59ae8a90e56a97135a93b9dff445eea387d2e798db42a88bc29cf4f""]","[""fixity_verified"", ""admission_passed""]","[""immutable_reference_recorded""]","[""fixity_verified"", ""admission_passed""]",Approval records identity only and does not authorize redistribution.,approved,sha256:73715d0ca59ae8a90e56a97135a93b9dff445eea387d2e798db42a88bc29cf4f,bronze_b2
1970-01-01T00:00:00Z,promotion:b1-b2:au_mbs_historical_0177,bronze_b1,"[""5f371a31559695cccb7954f6e48ca5f5bf0b278dd5836d53ec1c94335a706d48""]","[""fixity_verified"", ""admission_passed""]","[""immutable_reference_recorded""]","[""fixity_verified"", ""admission_passed""]",Approval records identity only and does not authorize redistribution.,approved,sha256:5f371a31559695cccb7954f6e48ca5f5bf0b278dd5836d53ec1c94335a706d48,bronze_b2
1970-01-01T00:00:00Z,promotion:b1-b2:au_mbs_historical_0167,bronze_b1,"[""2e46184ec2fea34b2c2d17bf29281af55ef4cc586e42f9a6153e44412a897e4c""]","[""fixity_verified"", ""admission_passed""]","[""immutable_reference_recorded""]","[""fixity_verified"", ""admission_passed""]",Approval records identity only and does not authorize redistribution.,approved,sha256:2e46184ec2fea34b2c2d17bf29281af55ef4cc586e42f9a6153e44412a897e4c,bronze_b2
1970-01-01T00:00:00Z,promotion:b1-b2:au_mbs_historical_0275,bronze_b1,"[""b75e2a9ba65e469fe4208ff7218a889bf21728105b384b5d6c9d4df4da7c09bc""]","[""fixity_verified"", ""admission_passed""]","[""immutable_reference_recorded""]","[""fixity_verified"", ""admission_passed""]",Approval records identity only and does not authorize redistribution.,approved,sha256:b75e2a9ba65e469fe4208ff7218a889bf21728105b384b5d6c9d4df4da7c09bc,bronze_b2
1970-01-01T00:00:00Z,promotion:b1-b2:au_mbs_historical_0148,bronze_b1,"[""fd9b7d6862d35b8606ce547bde76f4f8e711f15b12a065f6d9db9d848082ebdf""]","[""fixity_verified"", ""admission_passed""]","[""immutable_reference_recorded""]","[""fixity_verified"", ""admission_passed""]",Approval records identity only and does not authorize redistribution.,approved,sha256:fd9b7d6862d35b8606ce547bde76f4f8e711f15b12a065f6d9db9d848082ebdf,bronze_b2
1970-01-01T00:00:00Z,promotion:b1-b2:au_mbs_1989_2010_previous_downloads_page,bronze_b1,"[""a63593337b01dbeb88b1962c13f1cfccf91f972a5ca91b858a827ea9d4caf0db""]",[],"[""b2_evidence_missing""]","[""fixity_verified"", ""admission_passed""]",Approval records identity only and does not authorize redistribution.,blocked,sha256:4833c583f6cf2913d39689868c3cadd5f3dae95638c298983c926002063d0f73,bronze_b2
1970-01-01T00:00:00Z,promotion:b1-b2:au_mbs_historical_0147,bronze_b1,"[""5e3b62434170e4c80b16e3abe18f3a9024c01cce6f0070e9e2ec9deb9eed38a7""]","[""fixity_verified"", ""admission_passed""]","[""immutable_reference_recorded""]","[""fixity_verified"", ""admission_passed""]",Approval records identity only and does not authorize redistribution.,approved,sha256:5e3b62434170e4c80b16e3abe18f3a9024c01cce6f0070e9e2ec9deb9eed38a7,bronze_b2
1970-01-01T00:00:00Z,promotion:b1-b2:au_mbs_historical_0023,bronze_b1,"[""2685f58d967beffad29bdeba7e9b98f52b9a0d49bb390e8bf52f0ac057076a74""]","[""fixity_verified"", ""admission_passed""]","[""immutable_reference_recorded""]","[""fixity_verified"", ""admission_passed""]",Approval records identity only and does not authorize redistribution.,approved,sha256:2685f58d967beffad29bdeba7e9b98f52b9a0d49bb390e8bf52f0ac057076a74,bronze_b2
1970-01-01T00:00:00Z,promotion:b1-b2:au_mbs_historical_0201,bronze_b1,"[""0866134a406f823523d2a963108c61d86c4891881987d79b4d21f0c2de89293a""]","[""fixity_verified"", ""admission_passed""]","[""immutable_reference_recorded""]","[""fixity_verified"", ""admission_passed""]",Approval records identity only and does not authorize redistribution.,approved,sha256:0866134a406f823523d2a963108c61d86c4891881987d79b4d21f0c2de89293a,bronze_b2
1970-01-01T00:00:00Z,promotion:b1-b2:au_mbs_historical_0301,bronze_b1,"[""10d4a90537b250cf26260fdcdf47bcfb619f21e21700aaceffc046e4fc1efd9b""]","[""fixity_verified"", ""admission_passed""]","[""immutable_reference_recorded""]","[""fixity_verified"", ""admission_passed""]",Approval records identity only and does not authorize redistribution.,approved,sha256:10d4a90537b250cf26260fdcdf47bcfb619f21e21700aaceffc046e4fc1efd9b,bronze_b2
1970-01-01T00:00:00Z,promotion:b1-b2:au_mbs_historical_0224,bronze_b1,"[""2530933abfd5886b4dd15197e4c7b069be46f0daa1eb898d46213af293e6b56b""]","[""fixity_verified"", ""admission_passed""]","[""immutable_reference_recorded""]","[""fixity_verified"", ""admission_passed""]",Approval records identity only and does not authorize redistribution.,approved,sha256:2530933abfd5886b4dd15197e4c7b069be46f0daa1eb898d46213af293e6b56b,bronze_b2
1970-01-01T00:00:00Z,promotion:b1-b2:au_mbs_historical_0304,bronze_b1,"[""6b74447b39c86854cdfbca2dabdabb46801c6ade0cee5415b7561922d4001a68""]","[""fixity_verified"", ""admission_passed""]","[""immutable_reference_recorded""]","[""fixity_verified"", ""admission_passed""]",Approval records identity only and does not authorize redistribution.,approved,sha256:6b74447b39c86854cdfbca2dabdabb46801c6ade0cee5415b7561922d4001a68,bronze_b2
1970-01-01T00:00:00Z,promotion:b1-b2:au_mbs_historical_0035,bronze_b1,"[""49e28165c7c47b767a8fd28edc8acc908050a362bd5ca8999832681897063c66""]","[""fixity_verified"", ""admission_passed""]","[""immutable_reference_recorded""]","[""fixity_verified"", ""admission_passed""]",Approval records identity only and does not authorize redistribution.,approved,sha256:49e28165c7c47b767a8fd28edc8acc908050a362bd5ca8999832681897063c66,bronze_b2
1970-01-01T00:00:00Z,promotion:b1-b2:au_pbs_api_v3_current_month,bronze_b1,"[""f34b63c64151cb03d698e10e30f2609ffaa3c6a34d8217c1f8c73375747b5361""]",[],"[""b2_evidence_missing""]","[""fixity_verified"", ""admission_passed""]",Approval records identity only and does not authorize redistribution.,blocked,sha256:4b839d9aca5aec9ba5fd024a7d9f415131f1e3b1cca3a727697d96a20c492d2f,bronze_b2
1970-01-01T00:00:00Z,promotion:b1-b2:us_cms_asp_july_2026_payment_limit,bronze_b1,"[""c73883dbddb5e5eb8397a2e5fa008e71760e81236c9ee5b5d92f4918daeead2e""]","[""fixity_verified"", ""admission_passed""]","[""immutable_reference_recorded""]","[""fixity_verified"", ""admission_passed""]",Approval records identity only and does not authorize redistribution.,approved,sha256:c73883dbddb5e5eb8397a2e5fa008e71760e81236c9ee5b5d92f4918daeead2e,bronze_b2
1970-01-01T00:00:00Z,promotion:b1-b2:au_mbs_historical_0151,bronze_b1,"[""9fe3bc53889ab35ebce768658b999cb3f6790d9cd7a78a7a52e838b08701438f""]","[""fixity_verified"", ""admission_passed""]","[""immutable_reference_recorded""]","[""fixity_verified"", ""admission_passed""]",Approval records identity only and does not authorize redistribution.,approved,sha256:9fe3bc53889ab35ebce768658b999cb3f6790d9cd7a78a7a52e838b08701438f,bronze_b2
1970-01-01T00:00:00Z,promotion:b1-b2:au_mbs_historical_0096,bronze_b1,"[""e99701522aa901965e6bb8105710ca23661170ad3963aa84f73e4905ef5b280f""]","[""fixity_verified"", ""admission_passed""]","[""immutable_reference_recorded""]","[""fixity_verified"", ""admission_passed""]",Approval records identity only and does not authorize redistribution.,approved,sha256:e99701522aa901965e6bb8105710ca23661170ad3963aa84f73e4905ef5b280f,bronze_b2
1970-01-01T00:00:00Z,promotion:b1-b2:au_mbs_historical_0108,bronze_b1,"[""b05cbcdbbf87a686d925e048c7c9e3067fda6a241828f41ade1299f38b9952e3""]","[""fixity_verified"", ""admission_passed""]","[""immutable_reference_recorded""]","[""fixity_verified"", ""admission_passed""]",Approval records identity only and does not authorize redistribution.,approved,sha256:b05cbcdbbf87a686d925e048c7c9e3067fda6a241828f41ade1299f38b9952e3,bronze_b2
1970-01-01T00:00:00Z,promotion:b1-b2:au_mbs_historical_0106,bronze_b1,"[""bf9c2a9132a6c9a5602f14592860b8d80c97e8fd57c29a26e5323b0a40ee0532""]","[""fixity_verified"", ""admission_passed""]","[""immutable_reference_recorded""]","[""fixity_verified"", ""admission_passed""]",Approval records identity only and does not authorize redistribution.,approved,sha256:bf9c2a9132a6c9a5602f14592860b8d80c97e8fd57c29a26e5323b0a40ee0532,bronze_b2
1970-01-01T00:00:00Z,promotion:b1-b2:au_mbs_historical_0234,bronze_b1,"[""4f10b257ecd2e7a200d2b004530cb25bc7d0bf698cbae2f700eb2efe5de426c3""]","[""fixity_verified"", ""admission_passed""]","[""immutable_reference_recorded""]","[""fixity_verified"", ""admission_passed""]",Approval records identity only and does not authorize redistribution.,approved,sha256:4f10b257ecd2e7a200d2b004530cb25bc7d0bf698cbae2f700eb2efe5de426c3,bronze_b2
1970-01-01T00:00:00Z,promotion:b1-b2:au_mbs_historical_0323,bronze_b1,"[""4959301e740d74fc0671f99f3c09b466b061f684cef605af223cae20e8094f2f""]","[""fixity_verified"", ""admission_passed""]","[""immutable_reference_recorded""]","[""fixity_verified"", ""admission_passed""]",Approval records identity only and does not authorize redistribution.,approved,sha256:4959301e740d74fc0671f99f3c09b466b061f684cef605af223cae20e8094f2f,bronze_b2
1970-01-01T00:00:00Z,promotion:b1-b2:au_mbs_historical_0222,bronze_b1,"[""08aad0461198d78c4943e21fbe5f55af2a5945bee306e30f0bbc8401d8f173ea""]","[""fixity_verified"", ""admission_passed""]","[""immutable_reference_recorded""]","[""fixity_verified"", ""admission_passed""]",Approval records identity only and does not authorize redistribution.,approved,sha256:08aad0461198d78c4943e21fbe5f55af2a5945bee306e30f0bbc8401d8f173ea,bronze_b2
1970-01-01T00:00:00Z,promotion:b1-b2:au_mbs_historical_0041,bronze_b1,"[""1605e219583f08bc3008c81c89c94b4a90e67e377e74da6bab37929d1088534c""]","[""fixity_verified"", ""admission_passed""]","[""immutable_reference_recorded""]","[""fixity_verified"", ""admission_passed""]",Approval records identity only and does not authorize redistribution.,approved,sha256:1605e219583f08bc3008c81c89c94b4a90e67e377e74da6bab37929d1088534c,bronze_b2
1970-01-01T00:00:00Z,promotion:b1-b2:au_mbs_historical_0118,bronze_b1,"[""96f0769c9ed065e4efda8d618790c5116041f268b7330b4019128b3f58a44455""]","[""fixity_verified"", ""admission_passed""]","[""immutable_reference_recorded""]","[""fixity_verified"", ""admission_passed""]",Approval records identity only and does not authorize redistribution.,approved,sha256:96f0769c9ed065e4efda8d618790c5116041f268b7330b4019128b3f58a44455,bronze_b2
1970-01-01T00:00:00Z,promotion:b1-b2:au_mbs_historical_0040,bronze_b1,"[""b695ed7aca9589613668261daf85ebf4a8c5b7d2fdc1257f5a55873bbc90c13e""]","[""fixity_verified"", ""admission_passed""]","[""immutable_reference_recorded""]","[""fixity_verified"", ""admission_passed""]",Approval records identity only and does not authorize redistribution.,approved,sha256:b695ed7aca9589613668261daf85ebf4a8c5b7d2fdc1257f5a55873bbc90c13e,bronze_b2
1970-01-01T00:00:00Z,promotion:b1-b2:au_mbs_historical_0070,bronze_b1,"[""bbc84d73aca4446da1e6db15fe2feb6cb997bc7a2f598c6eeffad4bafc4dc44c""]","[""fixity_verified"", ""admission_passed""]","[""immutable_reference_recorded""]","[""fixity_verified"", ""admission_passed""]",Approval records identity only and does not authorize redistribution.,approved,sha256:bbc84d73aca4446da1e6db15fe2feb6cb997bc7a2f598c6eeffad4bafc4dc44c,bronze_b2
1970-01-01T00:00:00Z,promotion:b1-b2:au_mbs_historical_0002,bronze_b1,"[""0e09a522b926b97998c4f011d0cc387488032b4e40df5329f330ac9a5243ad74""]","[""fixity_verified"", ""admission_passed""]","[""immutable_reference_recorded""]","[""fixity_verified"", ""admission_passed""]",Approval records identity only and does not authorize redistribution.,approved,sha256:0e09a522b926b97998c4f011d0cc387488032b4e40df5329f330ac9a5243ad74,bronze_b2
1970-01-01T00:00:00Z,promotion:b1-b2:au_mbs_historical_0065,bronze_b1,"[""4e4eb1507d7e33b95d327e8b81495b8eb1da6c744d57ed0d932c36c36974c6bc""]","[""fixity_verified"", ""admission_passed""]","[""immutable_reference_recorded""]","[""fixity_verified"", ""admission_passed""]",Approval records identity only and does not authorize redistribution.,approved,sha256:4e4eb1507d7e33b95d327e8b81495b8eb1da6c744d57ed0d932c36c36974c6bc,bronze_b2
1970-01-01T00:00:00Z,promotion:b1-b2:au_mbs_historical_0287,bronze_b1,"[""9bf97e3c02cc3fa75a1e7dde2f120340d661721166a385b06fb6c793b535223e""]","[""fixity_verified"", ""admission_passed""]","[""immutable_reference_recorded""]","[""fixity_verified"", ""admission_passed""]",Approval records identity only and does not authorize redistribution.,approved,sha256:9bf97e3c02cc3fa75a1e7dde2f120340d661721166a385b06fb6c793b535223e,bronze_b2
1970-01-01T00:00:00Z,promotion:b1-b2:au_mbs_historical_0081,bronze_b1,"[""b830eefceec51efe7f6d1470e74ef3104063d991ffab903286a43fa9c537248c""]","[""fixity_verified"", ""admission_passed""]","[""immutable_reference_recorded""]","[""fixity_verified"", ""admission_passed""]",Approval records identity only and does not authorize redistribution.,approved,sha256:b830eefceec51efe7f6d1470e74ef3104063d991ffab903286a43fa9c537248c,bronze_b2
1970-01-01T00:00:00Z,promotion:b1-b2:au_mbs_historical_0170,bronze_b1,"[""b0686443f5b9348c64423e96b87517a881522ba477670c887e96f84ec78af1b7""]","[""fixity_verified"", ""admission_passed""]","[""immutable_reference_recorded""]","[""fixity_verified"", ""admission_passed""]",Approval records identity only and does not authorize redistribution.,approved,sha256:b0686443f5b9348c64423e96b87517a881522ba477670c887e96f84ec78af1b7,bronze_b2
1970-01-01T00:00:00Z,promotion:b1-b2:au_mbs_historical_0294,bronze_b1,"[""45ed18f4838937299211955ac63b0cc39338306ef4094cc6c1ba08562075311c""]","[""fixity_verified"", ""admission_passed""]","[""immutable_reference_recorded""]","[""fixity_verified"", ""admission_passed""]",Approval records identity only and does not authorize redistribution.,approved,sha256:45ed18f4838937299211955ac63b0cc39338306ef4094cc6c1ba08562075311c,bronze_b2
1970-01-01T00:00:00Z,promotion:b1-b2:au_mbs_historical_0016,bronze_b1,"[""66a5f2cbc0fae10fbefbaeea06889350372b14009b44ea49d43cc33cb764877a""]","[""fixity_verified"", ""admission_passed""]","[""immutable_reference_recorded""]","[""fixity_verified"", ""admission_passed""]",Approval records identity only and does not authorize redistribution.,approved,sha256:66a5f2cbc0fae10fbefbaeea06889350372b14009b44ea49d43cc33cb764877a,bronze_b2
1970-01-01T00:00:00Z,promotion:b1-b2:au_mbs_historical_0150,bronze_b1,"[""53754a7762fae7dd47340090061e948c8a541cdbc30fec1b4a77bc9482bc7d07""]","[""fixity_verified"", ""admission_passed""]","[""immutable_reference_recorded""]","[""fixity_verified"", ""admission_passed""]",Approval records identity only and does not authorize redistribution.,approved,sha256:53754a7762fae7dd47340090061e948c8a541cdbc30fec1b4a77bc9482bc7d07,bronze_b2
1970-01-01T00:00:00Z,promotion:b1-b2:au_mbs_historical_0131,bronze_b1,"[""4fec193066506e04d1e1b4a17ce181429274a4a5b34564f9903caae5fb57bcfd""]","[""fixity_verified"", ""admission_passed""]","[""immutable_reference_recorded""]","[""fixity_verified"", ""admission_passed""]",Approval records identity only and does not authorize redistribution.,approved,sha256:4fec193066506e04d1e1b4a17ce181429274a4a5b34564f9903caae5fb57bcfd,bronze_b2
1970-01-01T00:00:00Z,promotion:b1-b2:au_mbs_historical_0102,bronze_b1,"[""eb66b3309efc74303018df0d09bc28df285d9aa895b83590e3eb8c28073f2cf7""]","[""fixity_verified"", ""admission_passed""]","[""immutable_reference_recorded""]","[""fixity_verified"", ""admission_passed""]",Approval records identity only and does not authorize redistribution.,approved,sha256:eb66b3309efc74303018df0d09bc28df285d9aa895b83590e3eb8c28073f2cf7,bronze_b2
1970-01-01T00:00:00Z,promotion:b1-b2:au_mbs_historical_0092,bronze_b1,"[""153107a7b9a1681a874994a8c417c65039374626b44e7c83075b80d02f497d44""]","[""fixity_verified"", ""admission_passed""]","[""immutable_reference_recorded""]","[""fixity_verified"", ""admission_passed""]",Approval records identity only and does not authorize redistribution.,approved,sha256:153107a7b9a1681a874994a8c417c65039374626b44e7c83075b80d02f497d44,bronze_b2
1970-01-01T00:00:00Z,promotion:b1-b2:au_mbs_historical_0082,bronze_b1,"[""d145e5cbd35df9c6458b6577ebd18a471d75b139fd3df9a611b62fca2a9c8b67""]","[""fixity_verified"", ""admission_passed""]","[""immutable_reference_recorded""]","[""fixity_verified"", ""admission_passed""]",Approval records identity only and does not authorize redistribution.,approved,sha256:d145e5cbd35df9c6458b6577ebd18a471d75b139fd3df9a611b62fca2a9c8b67,bronze_b2
1970-01-01T00:00:00Z,promotion:b1-b2:au_mbs_historical_0248,bronze_b1,"[""1656f7f353e81235ab22feff01ffb68a261a39de9be66483cf7b154da337098c""]","[""fixity_verified"", ""admission_passed""]","[""immutable_reference_recorded""]","[""fixity_verified"", ""admission_passed""]",Approval records identity only and does not authorize redistribution.,approved,sha256:1656f7f353e81235ab22feff01ffb68a261a39de9be66483cf7b154da337098c,bronze_b2
1970-01-01T00:00:00Z,promotion:b1-b2:au_mbs_historical_0227,bronze_b1,"[""db5eb0d6467c0ac15bda3ba1a719c5d891b5cb2884273d2d1f8f73411637a6bd""]","[""fixity_verified"", ""admission_passed""]","[""immutable_reference_recorded""]","[""fixity_verified"", ""admission_passed""]",Approval records identity only and does not authorize redistribution.,approved,sha256:db5eb0d6467c0ac15bda3ba1a719c5d891b5cb2884273d2d1f8f73411637a6bd,bronze_b2
1970-01-01T00:00:00Z,promotion:b1-b2:au_mbs_historical_0136,bronze_b1,"[""46e48fed9fe85a57814332aa066744c6821d4096005924059435efeb66430442""]","[""fixity_verified"", ""admission_passed""]","[""immutable_reference_recorded""]","[""fixity_verified"", ""admission_passed""]",Approval records identity only and does not authorize redistribution.,approved,sha256:46e48fed9fe85a57814332aa066744c6821d4096005924059435efeb66430442,bronze_b2
1970-01-01T00:00:00Z,promotion:b1-b2:au_mbs_historical_0090,bronze_b1,"[""437fc4820375983ae649b93d7289704ea5e6d089beadfe499a60e4756e0ff206""]","[""fixity_verified"", ""admission_passed""]","[""immutable_reference_recorded""]","[""fixity_verified"", ""admission_passed""]",Approval records identity only and does not authorize redistribution.,approved,sha256:437fc4820375983ae649b93d7289704ea5e6d089beadfe499a60e4756e0ff206,bronze_b2
1970-01-01T00:00:00Z,promotion:b1-b2:au_mbs_historical_0215,bronze_b1,"[""accd907d171de69a248b141fa55453b9b566c60a9e4321181b3d06ea661adab0""]","[""fixity_verified"", ""admission_passed""]","[""immutable_reference_recorded""]","[""fixity_verified"", ""admission_passed""]",Approval records identity only and does not authorize redistribution.,approved,sha256:accd907d171de69a248b141fa55453b9b566c60a9e4321181b3d06ea661adab0,bronze_b2
1970-01-01T00:00:00Z,promotion:b1-b2:uk_genomic_test_directory_rare_v9,bronze_b1,"[""2bd3a3e75e30d3e8c6b6623824cc8018f65b0e7fc0e24ced15d02beba9b43bf1""]","[""fixity_verified"", ""admission_passed""]","[""immutable_reference_recorded""]","[""fixity_verified"", ""admission_passed""]",Approval records identity only and does not authorize redistribution.,approved,sha256:2bd3a3e75e30d3e8c6b6623824cc8018f65b0e7fc0e24ced15d02beba9b43bf1,bronze_b2
1970-01-01T00:00:00Z,promotion:b1-b2:au_mbs_historical_0324,bronze_b1,"[""506cfe3cf3ad61e74a7a452f65b3ddb9d422432757c506e631b9ddd1258709f9""]","[""fixity_verified"", ""admission_passed""]","[""immutable_reference_recorded""]","[""fixity_verified"", ""admission_passed""]",Approval records identity only and does not authorize redistribution.,approved,sha256:506cfe3cf3ad61e74a7a452f65b3ddb9d422432757c506e631b9ddd1258709f9,bronze_b2
1970-01-01T00:00:00Z,promotion:b1-b2:au_mbs_historical_0080,bronze_b1,"[""8676fe1dfe139f5b9856cc9403f63a59895fd5f166bbf611a7664f9cbe7fc335""]","[""fixity_verified"", ""admission_passed""]","[""immutable_reference_recorded""]","[""fixity_verified"", ""admission_passed""]",Approval records identity only and does not authorize redistribution.,approved,sha256:8676fe1dfe139f5b9856cc9403f63a59895fd5f166bbf611a7664f9cbe7fc335,bronze_b2
1970-01-01T00:00:00Z,promotion:b1-b2:au_mbs_historical_0204,bronze_b1,"[""ac7548ce5e69fccb7d05f95cdaca355079863581f68e9b1c242706b3c265fd68""]","[""fixity_verified"", ""admission_passed""]","[""immutable_reference_recorded""]","[""fixity_verified"", ""admission_passed""]",Approval records identity only and does not authorize redistribution.,approved,sha256:ac7548ce5e69fccb7d05f95cdaca355079863581f68e9b1c242706b3c265fd68,bronze_b2
1970-01-01T00:00:00Z,promotion:b1-b2:au_mbs_historical_0297,bronze_b1,"[""0a8f73832a220851ceb0bcbc0adbe76a07b9978f1dd8acc880b094ef51502b7f""]","[""fixity_verified"", ""admission_passed""]","[""immutable_reference_recorded""]","[""fixity_verified"", ""admission_passed""]",Approval records identity only and does not authorize redistribution.,approved,sha256:0a8f73832a220851ceb0bcbc0adbe76a07b9978f1dd8acc880b094ef51502b7f,bronze_b2
1970-01-01T00:00:00Z,promotion:b1-b2:au_mbs_historical_0245,bronze_b1,"[""b2ec19a06c5460d5c474df3615fa7a53d28ea1445ce7285a1abc8f0050b0ba4e""]","[""fixity_verified"", ""admission_passed""]","[""immutable_reference_recorded""]","[""fixity_verified"", ""admission_passed""]",Approval records identity only and does not authorize redistribution.,approved,sha256:b2ec19a06c5460d5c474df3615fa7a53d28ea1445ce7285a1abc8f0050b0ba4e,bronze_b2
1970-01-01T00:00:00Z,promotion:b1-b2:au_mbs_20260701_xml,bronze_b1,"[""5834d849743a3eab2b8c03e826a5ed6a488a6f65cf4c4148da3ec227e5007805""]","[""fixity_verified"", ""admission_passed""]","[""immutable_reference_recorded""]","[""fixity_verified"", ""admission_passed""]",Approval records identity only and does not authorize redistribution.,approved,sha256:5834d849743a3eab2b8c03e826a5ed6a488a6f65cf4c4148da3ec227e5007805,bronze_b2
1970-01-01T00:00:00Z,promotion:b1-b2:au_mbs_historical_0218,bronze_b1,"[""6ab33ebf45fe2dcb3bef861b7d408aaa83269d8b89dd4f47bfbce59e9e403fa8""]","[""fixity_verified"", ""admission_passed""]","[""immutable_reference_recorded""]","[""fixity_verified"", ""admission_passed""]",Approval records identity only and does not authorize redistribution.,approved,sha256:6ab33ebf45fe2dcb3bef861b7d408aaa83269d8b89dd4f47bfbce59e9e403fa8,bronze_b2
1970-01-01T00:00:00Z,promotion:b1-b2:au_mbs_historical_0049,bronze_b1,"[""7a936917cfb61b0b4ed432c502c453c148bedca3897efa8546c3e476f2f6d11e""]","[""fixity_verified"", ""admission_passed""]","[""immutable_reference_recorded""]","[""fixity_verified"", ""admission_passed""]",Approval records identity only and does not authorize redistribution.,approved,sha256:7a936917cfb61b0b4ed432c502c453c148bedca3897efa8546c3e476f2f6d11e,bronze_b2
1970-01-01T00:00:00Z,promotion:b1-b2:au_mbs_historical_0238,bronze_b1,"[""bc198ebb8e67d8f5379bc3a9da04334152ce95a8086f769576ad7948c90da8db""]","[""fixity_verified"", ""admission_passed""]","[""immutable_reference_recorded""]","[""fixity_verified"", ""admission_passed""]",Approval records identity only and does not authorize redistribution.,approved,sha256:bc198ebb8e67d8f5379bc3a9da04334152ce95a8086f769576ad7948c90da8db,bronze_b2
1970-01-01T00:00:00Z,promotion:b1-b2:hpo_current_20260723,bronze_b1,"[""3b646565695329aa399e937883c68d5d424d0df5eaab2f22baa0e08d44fdbe87""]","[""fixity_verified"", ""admission_passed""]","[""immutable_reference_recorded""]","[""fixity_verified"", ""admission_passed""]",Approval records identity only and does not authorize redistribution.,approved,sha256:3b646565695329aa399e937883c68d5d424d0df5eaab2f22baa0e08d44fdbe87,bronze_b2
1970-01-01T00:00:00Z,promotion:b1-b2:us_fda_device_classification_20260723_page1,bronze_b1,"[""4aa1f75d2a3a915b0713ce95012699220b6b4c4e945d1f278e7a3ea63ed9a1e6""]","[""fixity_verified"", ""admission_passed""]","[""immutable_reference_recorded""]","[""fixity_verified"", ""admission_passed""]",Approval records identity only and does not authorize redistribution.,approved,sha256:4aa1f75d2a3a915b0713ce95012699220b6b4c4e945d1f278e7a3ea63ed9a1e6,bronze_b2
1970-01-01T00:00:00Z,promotion:b1-b2:au_mbs_historical_0271,bronze_b1,"[""499f49847c7d22966e14812a04f68862328fbeecd563c05b90dd8fd2a536c9d5""]","[""fixity_verified"", ""admission_passed""]","[""immutable_reference_recorded""]","[""fixity_verified"", ""admission_passed""]",Approval records identity only and does not authorize redistribution.,approved,sha256:499f49847c7d22966e14812a04f68862328fbeecd563c05b90dd8fd2a536c9d5,bronze_b2
1970-01-01T00:00:00Z,promotion:b1-b2:us_cms_pfs_rvu26c,bronze_b1,"[""004a01f3f35db56fd5239c38a20265bc1065a8a3903b8872629432b37a23c6cd""]",[],"[""b2_evidence_missing""]","[""fixity_verified"", ""admission_passed""]",Approval records identity only and does not authorize redistribution.,blocked,sha256:646ae0b0c555b9ae02febfb08afc65f9f35624353ac72de34843828b1797fd85,bronze_b2
1970-01-01T00:00:00Z,promotion:b1-b2:au_mbs_historical_0232,bronze_b1,"[""fcdcf239e47ac3d8e5d7202ac9234208a68ca3c50ffe12ccd5f85937d762bf1a""]","[""fixity_verified"", ""admission_passed""]","[""immutable_reference_recorded""]","[""fixity_verified"", ""admission_passed""]",Approval records identity only and does not authorize redistribution.,approved,sha256:fcdcf239e47ac3d8e5d7202ac9234208a68ca3c50ffe12ccd5f85937d762bf1a,bronze_b2
1970-01-01T00:00:00Z,promotion:b1-b2:au_mbs_historical_0114,bronze_b1,"[""3fd990fafa8a1094b2d38caf59e8f128c1108e30ff74c0fb59e49a8680c37ba2""]","[""fixity_verified"", ""admission_passed""]","[""immutable_reference_recorded""]","[""fixity_verified"", ""admission_passed""]",Approval records identity only and does not authorize redistribution.,approved,sha256:3fd990fafa8a1094b2d38caf59e8f128c1108e30ff74c0fb59e49a8680c37ba2,bronze_b2
1970-01-01T00:00:00Z,promotion:b1-b2:au_mbs_historical_0057,bronze_b1,"[""8da8727c77b5821b4332588f1b0480bafdfd7eb14cdaf857e42e34265b91d726""]","[""fixity_verified"", ""admission_passed""]","[""immutable_reference_recorded""]","[""fixity_verified"", ""admission_passed""]",Approval records identity only and does not authorize redistribution.,approved,sha256:8da8727c77b5821b4332588f1b0480bafdfd7eb14cdaf857e42e34265b91d726,bronze_b2
1970-01-01T00:00:00Z,promotion:b1-b2:au_mbs_historical_0044,bronze_b1,"[""ca0ae2ed67b3b502c20b3c7acb236160af3a5db8bb2439df62643eb086e04118""]","[""fixity_verified"", ""admission_passed""]","[""immutable_reference_recorded""]","[""fixity_verified"", ""admission_passed""]",Approval records identity only and does not authorize redistribution.,approved,sha256:ca0ae2ed67b3b502c20b3c7acb236160af3a5db8bb2439df62643eb086e04118,bronze_b2
1970-01-01T00:00:00Z,promotion:b1-b2:au_mbs_historical_0091,bronze_b1,"[""2b57cbc9b34754d13e0a88e30b6807493620a7cf5b09c28de741bd47ccf12458""]","[""fixity_verified"", ""admission_passed""]","[""immutable_reference_recorded""]","[""fixity_verified"", ""admission_passed""]",Approval records identity only and does not authorize redistribution.,approved,sha256:2b57cbc9b34754d13e0a88e30b6807493620a7cf5b09c28de741bd47ccf12458,bronze_b2
1970-01-01T00:00:00Z,promotion:b1-b2:au_mbs_historical_0305,bronze_b1,"[""7765207ba2b33e0e54f838f6b290708c7647555109ad36219807e59ada3cb84f""]","[""fixity_verified"", ""admission_passed""]","[""immutable_reference_recorded""]","[""fixity_verified"", ""admission_passed""]",Approval records identity only and does not authorize redistribution.,approved,sha256:7765207ba2b33e0e54f838f6b290708c7647555109ad36219807e59ada3cb84f,bronze_b2
1970-01-01T00:00:00Z,promotion:b1-b2:au_mbs_historical_0175,bronze_b1,"[""0a179f9c622c9b842c37a6a557759ed523a7be1b053aafcb498864e7da8262df""]","[""fixity_verified"", ""admission_passed""]","[""immutable_reference_recorded""]","[""fixity_verified"", ""admission_passed""]",Approval records identity only and does not authorize redistribution.,approved,sha256:0a179f9c622c9b842c37a6a557759ed523a7be1b053aafcb498864e7da8262df,bronze_b2
1970-01-01T00:00:00Z,promotion:b1-b2:au_mbs_historical_0103,bronze_b1,"[""b4709c1d13e52720936aedd5786f625cb68711bbde048b3984f63b27b8f6ee2a""]","[""fixity_verified"", ""admission_passed""]","[""immutable_reference_recorded""]","[""fixity_verified"", ""admission_passed""]",Approval records identity only and does not authorize redistribution.,approved,sha256:b4709c1d13e52720936aedd5786f625cb68711bbde048b3984f63b27b8f6ee2a,bronze_b2
1970-01-01T00:00:00Z,promotion:b1-b2:au_mbs_historical_0089,bronze_b1,"[""4f8e31d2cb5a89953861ece277d0da8b06687ad14ae8b27d2401e6abffa5a363""]","[""fixity_verified"", ""admission_passed""]","[""immutable_reference_recorded""]","[""fixity_verified"", ""admission_passed""]",Approval records identity only and does not authorize redistribution.,approved,sha256:4f8e31d2cb5a89953861ece277d0da8b06687ad14ae8b27d2401e6abffa5a363,bronze_b2
1970-01-01T00:00:00Z,promotion:b1-b2:au_mbs_historical_0003,bronze_b1,"[""c5792ae8186de049c171468f47bc6c9c381a60c7e25287447e86f7ac710ab767""]","[""fixity_verified"", ""admission_passed""]","[""immutable_reference_recorded""]","[""fixity_verified"", ""admission_passed""]",Approval records identity only and does not authorize redistribution.,approved,sha256:c5792ae8186de049c171468f47bc6c9c381a60c7e25287447e86f7ac710ab767,bronze_b2
1970-01-01T00:00:00Z,promotion:b1-b2:au_mbs_historical_0236,bronze_b1,"[""07197f96afb15262bf03ddff42ce1325400d29b2f4e341a3cf21e5fbd605ee48""]","[""fixity_verified"", ""admission_passed""]","[""immutable_reference_recorded""]","[""fixity_verified"", ""admission_passed""]",Approval records identity only and does not authorize redistribution.,approved,sha256:07197f96afb15262bf03ddff42ce1325400d29b2f4e341a3cf21e5fbd605ee48,bronze_b2
1970-01-01T00:00:00Z,promotion:b1-b2:au_mbs_historical_0006,bronze_b1,"[""5463d8666108312a746c41a4c5e4eb58af5fcdc45c965326eecc88d7b3ff1e3f""]","[""fixity_verified"", ""admission_passed""]","[""immutable_reference_recorded""]","[""fixity_verified"", ""admission_passed""]",Approval records identity only and does not authorize redistribution.,approved,sha256:5463d8666108312a746c41a4c5e4eb58af5fcdc45c965326eecc88d7b3ff1e3f,bronze_b2
1970-01-01T00:00:00Z,promotion:b1-b2:au_mbs_historical_0302,bronze_b1,"[""2d527b19d53b42593b07ffa47580f18552ebb06854fe6c59917a056a054dda95""]","[""fixity_verified"", ""admission_passed""]","[""immutable_reference_recorded""]","[""fixity_verified"", ""admission_passed""]",Approval records identity only and does not authorize redistribution.,approved,sha256:2d527b19d53b42593b07ffa47580f18552ebb06854fe6c59917a056a054dda95,bronze_b2
1970-01-01T00:00:00Z,promotion:b1-b2:au_mbs_historical_0153,bronze_b1,"[""a75a3b48d4e49f5e082f6f7e9da63eec5546ad8412e511a53cb0cbcf9022bafb""]","[""fixity_verified"", ""admission_passed""]","[""immutable_reference_recorded""]","[""fixity_verified"", ""admission_passed""]",Approval records identity only and does not authorize redistribution.,approved,sha256:a75a3b48d4e49f5e082f6f7e9da63eec5546ad8412e511a53cb0cbcf9022bafb,bronze_b2
1970-01-01T00:00:00Z,promotion:b1-b2:au_mbs_historical_0093,bronze_b1,"[""ac33346b9444211a050805b898920206c7d6aabc09d634f149ab8146c84ca846""]","[""fixity_verified"", ""admission_passed""]","[""immutable_reference_recorded""]","[""fixity_verified"", ""admission_passed""]",Approval records identity only and does not authorize redistribution.,approved,sha256:ac33346b9444211a050805b898920206c7d6aabc09d634f149ab8146c84ca846,bronze_b2
1970-01-01T00:00:00Z,promotion:b1-b2:au_mbs_historical_0033,bronze_b1,"[""6f7775b08eec8882bee5683c5538bbde3fdaa6289ed632f0064feaaaf1a37237""]","[""fixity_verified"", ""admission_passed""]","[""immutable_reference_recorded""]","[""fixity_verified"", ""admission_passed""]",Approval records identity only and does not authorize redistribution.,approved,sha256:6f7775b08eec8882bee5683c5538bbde3fdaa6289ed632f0064feaaaf1a37237,bronze_b2
1970-01-01T00:00:00Z,promotion:b1-b2:au_mbs_historical_0281,bronze_b1,"[""3a2809c75b0910f0f1c7dd925d70f9f2d9dc10121b8eeeef9889c932be17a8e3""]","[""fixity_verified"", ""admission_passed""]","[""immutable_reference_recorded""]","[""fixity_verified"", ""admission_passed""]",Approval records identity only and does not authorize redistribution.,approved,sha256:3a2809c75b0910f0f1c7dd925d70f9f2d9dc10121b8eeeef9889c932be17a8e3,bronze_b2
1970-01-01T00:00:00Z,promotion:b1-b2:au_mbs_historical_0338,bronze_b1,"[""063186c99e597a60dc11b4aaf71d056eebaf2612061f637b1b52bab9e488a622""]","[""fixity_verified"", ""admission_passed""]","[""immutable_reference_recorded""]","[""fixity_verified"", ""admission_passed""]",Approval records identity only and does not authorize redistribution.,approved,sha256:063186c99e597a60dc11b4aaf71d056eebaf2612061f637b1b52bab9e488a622,bronze_b2
1970-01-01T00:00:00Z,promotion:b1-b2:au_mbs_historical_0340,bronze_b1,"[""9be6c533f2065e8027053919e5dcf4df5fdbfe42bbdb314754cbebaa21a0ad79""]","[""fixity_verified"", ""admission_passed""]","[""immutable_reference_recorded""]","[""fixity_verified"", ""admission_passed""]",Approval records identity only and does not authorize redistribution.,approved,sha256:9be6c533f2065e8027053919e5dcf4df5fdbfe42bbdb314754cbebaa21a0ad79,bronze_b2
1970-01-01T00:00:00Z,promotion:b1-b2:au_mbs_historical_0168,bronze_b1,"[""a78dd83694224d7b067907d3eba585902f6037a0804f126147a260fdb8e8514b""]","[""fixity_verified"", ""admission_passed""]","[""immutable_reference_recorded""]","[""fixity_verified"", ""admission_passed""]",Approval records identity only and does not authorize redistribution.,approved,sha256:a78dd83694224d7b067907d3eba585902f6037a0804f126147a260fdb8e8514b,bronze_b2
1970-01-01T00:00:00Z,promotion:b1-b2:us_fda_device_classification_20260723_complete,bronze_b1,"[""d910f107c128ea07534dbfd089b9c86f99c881bb36919726e37dcc2403b2359c""]","[""fixity_verified"", ""admission_passed""]","[""immutable_reference_recorded""]","[""fixity_verified"", ""admission_passed""]",Approval records identity only and does not authorize redistribution.,approved,sha256:d910f107c128ea07534dbfd089b9c86f99c881bb36919726e37dcc2403b2359c,bronze_b2
1970-01-01T00:00:00Z,promotion:b1-b2:au_mbs_historical_0265,bronze_b1,"[""23a2edb0c69d6f4f0518a3de5ce06376eea8b8ef80dec52377a5f91a31ea677d""]","[""fixity_verified"", ""admission_passed""]","[""immutable_reference_recorded""]","[""fixity_verified"", ""admission_passed""]",Approval records identity only and does not authorize redistribution.,approved,sha256:23a2edb0c69d6f4f0518a3de5ce06376eea8b8ef80dec52377a5f91a31ea677d,bronze_b2
1970-01-01T00:00:00Z,promotion:b1-b2:au_mbs_historical_0199,bronze_b1,"[""23bc95436fd230fcdc9937456db85b19ab9f6cb82f3fb601e776b2db80a56f54""]","[""fixity_verified"", ""admission_passed""]","[""immutable_reference_recorded""]","[""fixity_verified"", ""admission_passed""]",Approval records identity only and does not authorize redistribution.,approved,sha256:23bc95436fd230fcdc9937456db85b19ab9f6cb82f3fb601e776b2db80a56f54,bronze_b2
1970-01-01T00:00:00Z,promotion:b1-b2:au_mbs_historical_0015,bronze_b1,"[""289b383e5143e6375317d0f044a071559b4414efe2d193c50acdf47e1e4453f2""]","[""fixity_verified"", ""admission_passed""]","[""immutable_reference_recorded""]","[""fixity_verified"", ""admission_passed""]",Approval records identity only and does not authorize redistribution.,approved,sha256:289b383e5143e6375317d0f044a071559b4414efe2d193c50acdf47e1e4453f2,bronze_b2
1970-01-01T00:00:00Z,promotion:b1-b2:au_mbs_historical_0125,bronze_b1,"[""435ba58de881eaad86fa6b94e1835c0c444a2da62eb5b523c62891d7cccd5f0c""]","[""fixity_verified"", ""admission_passed""]","[""immutable_reference_recorded""]","[""fixity_verified"", ""admission_passed""]",Approval records identity only and does not authorize redistribution.,approved,sha256:435ba58de881eaad86fa6b94e1835c0c444a2da62eb5b523c62891d7cccd5f0c,bronze_b2
1970-01-01T00:00:00Z,promotion:b1-b2:au_mbs_historical_0267,bronze_b1,"[""56b6e2031dab7fa80f7d215c9366905e1e5ea8c1b14541af1f6e10737f9bf24a""]","[""fixity_verified"", ""admission_passed""]","[""immutable_reference_recorded""]","[""fixity_verified"", ""admission_passed""]",Approval records identity only and does not authorize redistribution.,approved,sha256:56b6e2031dab7fa80f7d215c9366905e1e5ea8c1b14541af1f6e10737f9bf24a,bronze_b2
1970-01-01T00:00:00Z,promotion:b1-b2:au_mbs_historical_0205,bronze_b1,"[""75431c798441cae8641ba8ab36659dfa2f56484ee6a6b1172b5e9183ca23571c""]","[""fixity_verified"", ""admission_passed""]","[""immutable_reference_recorded""]","[""fixity_verified"", ""admission_passed""]",Approval records identity only and does not authorize redistribution.,approved,sha256:75431c798441cae8641ba8ab36659dfa2f56484ee6a6b1172b5e9183ca23571c,bronze_b2
1970-01-01T00:00:00Z,promotion:b1-b2:au_mbs_historical_0025,bronze_b1,"[""0aafc9b9accb41c1e7600628d0ff8aac2e4a3a9c4dc47ed12bd39bd38d18ad3b""]","[""fixity_verified"", ""admission_passed""]","[""immutable_reference_recorded""]","[""fixity_verified"", ""admission_passed""]",Approval records identity only and does not authorize redistribution.,approved,sha256:0aafc9b9accb41c1e7600628d0ff8aac2e4a3a9c4dc47ed12bd39bd38d18ad3b,bronze_b2
1970-01-01T00:00:00Z,promotion:b1-b2:au_mbs_historical_0078,bronze_b1,"[""a3b45da42d56de3a6a4818a3367095aaf69f376480baaa1f22c6ee57d7745c30""]","[""fixity_verified"", ""admission_passed""]","[""immutable_reference_recorded""]","[""fixity_verified"", ""admission_passed""]",Approval records identity only and does not authorize redistribution.,approved,sha256:a3b45da42d56de3a6a4818a3367095aaf69f376480baaa1f22c6ee57d7745c30,bronze_b2
1970-01-01T00:00:00Z,promotion:b1-b2:au_mbs_historical_0312,bronze_b1,"[""56d73c4c10a5e0e16edc94bd39c06679c0e596aa3bd6fbd2ebaa748e63512697""]","[""fixity_verified"", ""admission_passed""]","[""immutable_reference_recorded""]","[""fixity_verified"", ""admission_passed""]",Approval records identity only and does not authorize redistribution.,approved,sha256:56d73c4c10a5e0e16edc94bd39c06679c0e596aa3bd6fbd2ebaa748e63512697,bronze_b2
1970-01-01T00:00:00Z,promotion:b1-b2:au_mbs_historical_0290,bronze_b1,"[""1b77b9b92567df3c5361605880c9817804e061cd57c6e99be8a2679216ca5f6b""]","[""fixity_verified"", ""admission_passed""]","[""immutable_reference_recorded""]","[""fixity_verified"", ""admission_passed""]",Approval records identity only and does not authorize redistribution.,approved,sha256:1b77b9b92567df3c5361605880c9817804e061cd57c6e99be8a2679216ca5f6b,bronze_b2
1970-01-01T00:00:00Z,promotion:b1-b2:au_mbs_historical_0292,bronze_b1,"[""421d75060bfcb1677819201e86f4c5f38e15c6e7507ec2c9d51a76fa7118ac95""]","[""fixity_verified"", ""admission_passed""]","[""immutable_reference_recorded""]","[""fixity_verified"", ""admission_passed""]",Approval records identity only and does not authorize redistribution.,approved,sha256:421d75060bfcb1677819201e86f4c5f38e15c6e7507ec2c9d51a76fa7118ac95,bronze_b2
1970-01-01T00:00:00Z,promotion:b1-b2:au_mbs_historical_0086,bronze_b1,"[""e2554c8b86384831d9d055d5a4870c821b89ae65cb3dae48f31ddf76f70ac430""]","[""fixity_verified"", ""admission_passed""]","[""immutable_reference_recorded""]","[""fixity_verified"", ""admission_passed""]",Approval records identity only and does not authorize redistribution.,approved,sha256:e2554c8b86384831d9d055d5a4870c821b89ae65cb3dae48f31ddf76f70ac430,bronze_b2
1970-01-01T00:00:00Z,promotion:b1-b2:au_mbs_historical_0190,bronze_b1,"[""65f4e99b69016f34bbd537c2e6fd9a49d9e8f6c151bbf1fc537cfd2a246cdee9""]","[""fixity_verified"", ""admission_passed""]","[""immutable_reference_recorded""]","[""fixity_verified"", ""admission_passed""]",Approval records identity only and does not authorize redistribution.,approved,sha256:65f4e99b69016f34bbd537c2e6fd9a49d9e8f6c151bbf1fc537cfd2a246cdee9,bronze_b2
1970-01-01T00:00:00Z,promotion:b1-b2:au_mbs_historical_0120,bronze_b1,"[""53c9ad1511d6bc1c9a163a736eacc32790f29d41cf1593db4af0ae23e38ef7a1""]","[""fixity_verified"", ""admission_passed""]","[""immutable_reference_recorded""]","[""fixity_verified"", ""admission_passed""]",Approval records identity only and does not authorize redistribution.,approved,sha256:53c9ad1511d6bc1c9a163a736eacc32790f29d41cf1593db4af0ae23e38ef7a1,bronze_b2
1970-01-01T00:00:00Z,promotion:b1-b2:au_mbs_historical_0246,bronze_b1,"[""0076c9c29ce377efc550e0c5346a2abe2cf1d2d834c6f5628eed226749bbf92c""]","[""fixity_verified"", ""admission_passed""]","[""immutable_reference_recorded""]","[""fixity_verified"", ""admission_passed""]",Approval records identity only and does not authorize redistribution.,approved,sha256:0076c9c29ce377efc550e0c5346a2abe2cf1d2d834c6f5628eed226749bbf92c,bronze_b2
1970-01-01T00:00:00Z,promotion:b1-b2:au_mbs_20260701_txt_pair,bronze_b1,"[""1fe830ae80bfcd55f5815029331b0a4e02f5c70232408ce1e8861e3606f3498b""]","[""fixity_verified"", ""admission_passed""]","[""immutable_reference_recorded""]","[""fixity_verified"", ""admission_passed""]",Approval records identity only and does not authorize redistribution.,approved,sha256:1fe830ae80bfcd55f5815029331b0a4e02f5c70232408ce1e8861e3606f3498b,bronze_b2
1970-01-01T00:00:00Z,promotion:b1-b2:au_mbs_historical_0084,bronze_b1,"[""d7ad0390e866fc6b8ff6e40fef1376f69293901b9c50a3848817c784af1aa923""]","[""fixity_verified"", ""admission_passed""]","[""immutable_reference_recorded""]","[""fixity_verified"", ""admission_passed""]",Approval records identity only and does not authorize redistribution.,approved,sha256:d7ad0390e866fc6b8ff6e40fef1376f69293901b9c50a3848817c784af1aa923,bronze_b2
1970-01-01T00:00:00Z,promotion:b1-b2:au_mbs_historical_0162,bronze_b1,"[""a5082c4d6bc6c3a9a3229dceadaedc22c9a247cfa31a724f741544602717bb26""]","[""fixity_verified"", ""admission_passed""]","[""immutable_reference_recorded""]","[""fixity_verified"", ""admission_passed""]",Approval records identity only and does not authorize redistribution.,approved,sha256:a5082c4d6bc6c3a9a3229dceadaedc22c9a247cfa31a724f741544602717bb26,bronze_b2
1970-01-01T00:00:00Z,promotion:b1-b2:au_mbs_historical_0186,bronze_b1,"[""ca240ae73f6939fb3abe0abced4e2e8f757d36c58ed9951ec535c63f07e32fa7""]","[""fixity_verified"", ""admission_passed""]","[""immutable_reference_recorded""]","[""fixity_verified"", ""admission_passed""]",Approval records identity only and does not authorize redistribution.,approved,sha256:ca240ae73f6939fb3abe0abced4e2e8f757d36c58ed9951ec535c63f07e32fa7,bronze_b2
1970-01-01T00:00:00Z,promotion:b1-b2:au_mbs_historical_0143,bronze_b1,"[""1ac39d0a7063fb41cc9f9916d6d4a6471a29c3b140ef34c20c2624b4bd5025fa""]","[""fixity_verified"", ""admission_passed""]","[""immutable_reference_recorded""]","[""fixity_verified"", ""admission_passed""]",Approval records identity only and does not authorize redistribution.,approved,sha256:1ac39d0a7063fb41cc9f9916d6d4a6471a29c3b140ef34c20c2624b4bd5025fa,bronze_b2
1970-01-01T00:00:00Z,promotion:b1-b2:au_mbs_20260701_txt_pair,bronze_b1,"[""1fe830ae80bfcd55f5815029331b0a4e02f5c70232408ce1e8861e3606f3498b""]","[""fixity_verified"", ""admission_passed""]","[""immutable_reference_recorded""]","[""fixity_verified"", ""admission_passed""]",Approval records identity only and does not authorize redistribution.,approved,sha256:1fe830ae80bfcd55f5815029331b0a4e02f5c70232408ce1e8861e3606f3498b,bronze_b2
1970-01-01T00:00:00Z,promotion:b1-b2:au_mbs_historical_0075,bronze_b1,"[""07618850aef7882653b00c21d0da3e9b00449fe905b03b407a169221649ceb88""]","[""fixity_verified"", ""admission_passed""]","[""immutable_reference_recorded""]","[""fixity_verified"", ""admission_passed""]",Approval records identity only and does not authorize redistribution.,approved,sha256:07618850aef7882653b00c21d0da3e9b00449fe905b03b407a169221649ceb88,bronze_b2
1970-01-01T00:00:00Z,promotion:b1-b2:au_mbs_historical_0241,bronze_b1,"[""305fb56e0982f604ef87a8bba8d81489ef39765213da2da7f881d7420cea0ae8""]","[""fixity_verified"", ""admission_passed""]","[""immutable_reference_recorded""]","[""fixity_verified"", ""admission_passed""]",Approval records identity only and does not authorize redistribution.,approved,sha256:305fb56e0982f604ef87a8bba8d81489ef39765213da2da7f881d7420cea0ae8,bronze_b2
1970-01-01T00:00:00Z,promotion:b1-b2:au_mbs_historical_0253,bronze_b1,"[""88fafb0ae08d8292f6587334367226bbc4f1be64c45dc819555abfdf44fb0ce5""]","[""fixity_verified"", ""admission_passed""]","[""immutable_reference_recorded""]","[""fixity_verified"", ""admission_passed""]",Approval records identity only and does not authorize redistribution.,approved,sha256:88fafb0ae08d8292f6587334367226bbc4f1be64c45dc819555abfdf44fb0ce5,bronze_b2
1970-01-01T00:00:00Z,promotion:b1-b2:au_mbs_historical_0083,bronze_b1,"[""5f192ed215f21a02a6b2b6db6d85376236f3bbac96882efb63c9be18b79d6517""]","[""fixity_verified"", ""admission_passed""]","[""immutable_reference_recorded""]","[""fixity_verified"", ""admission_passed""]",Approval records identity only and does not authorize redistribution.,approved,sha256:5f192ed215f21a02a6b2b6db6d85376236f3bbac96882efb63c9be18b79d6517,bronze_b2
1970-01-01T00:00:00Z,promotion:b1-b2:au_mbs_historical_0231,bronze_b1,"[""c3e758749063e8bfc00e0f639470bb8533114836254ac2094439564740dab07d""]","[""fixity_verified"", ""admission_passed""]","[""immutable_reference_recorded""]","[""fixity_verified"", ""admission_passed""]",Approval records identity only and does not authorize redistribution.,approved,sha256:c3e758749063e8bfc00e0f639470bb8533114836254ac2094439564740dab07d,bronze_b2
1970-01-01T00:00:00Z,promotion:b1-b2:au_mbs_historical_0164,bronze_b1,"[""13ac56bc53c2207a7b357cb306293e7ec44c6ef298595ed6441d4814e3946897""]","[""fixity_verified"", ""admission_passed""]","[""immutable_reference_recorded""]","[""fixity_verified"", ""admission_passed""]",Approval records identity only and does not authorize redistribution.,approved,sha256:13ac56bc53c2207a7b357cb306293e7ec44c6ef298595ed6441d4814e3946897,bronze_b2
1970-01-01T00:00:00Z,promotion:b1-b2:au_mbs_historical_0315,bronze_b1,"[""461dbdabe42e338088d454377f7d9a4c9c7f5a7777d4630d66b9b02266f033c4""]","[""fixity_verified"", ""admission_passed""]","[""immutable_reference_recorded""]","[""fixity_verified"", ""admission_passed""]",Approval records identity only and does not authorize redistribution.,approved,sha256:461dbdabe42e338088d454377f7d9a4c9c7f5a7777d4630d66b9b02266f033c4,bronze_b2
1970-01-01T00:00:00Z,promotion:b1-b2:au_mbs_historical_0195,bronze_b1,"[""468d4baa2586cc4c8de1ef6b0543a0818ebd3c76e687a7ab3fb6e629f7f5f5d7""]","[""fixity_verified"", ""admission_passed""]","[""immutable_reference_recorded""]","[""fixity_verified"", ""admission_passed""]",Approval records identity only and does not authorize redistribution.,approved,sha256:468d4baa2586cc4c8de1ef6b0543a0818ebd3c76e687a7ab3fb6e629f7f5f5d7,bronze_b2
1970-01-01T00:00:00Z,promotion:b1-b2:au_mbs_historical_0028,bronze_b1,"[""3844faa965b7798f546bf77b3d9c526841785152721b4522400d63b896060861""]","[""fixity_verified"", ""admission_passed""]","[""immutable_reference_recorded""]","[""fixity_verified"", ""admission_passed""]",Approval records identity only and does not authorize redistribution.,approved,sha256:3844faa965b7798f546bf77b3d9c526841785152721b4522400d63b896060861,bronze_b2
1970-01-01T00:00:00Z,promotion:b1-b2:au_mbs_historical_0285,bronze_b1,"[""87aa10f936f14e54e93f0b0c5063e1e1ad5489643e64bb4ce204220e9ddfd6fc""]","[""fixity_verified"", ""admission_passed""]","[""immutable_reference_recorded""]","[""fixity_verified"", ""admission_passed""]",Approval records identity only and does not authorize redistribution.,approved,sha256:87aa10f936f14e54e93f0b0c5063e1e1ad5489643e64bb4ce204220e9ddfd6fc,bronze_b2
1970-01-01T00:00:00Z,promotion:b1-b2:au_mbs_historical_0317,bronze_b1,"[""f4ac1b6ef812af4d2613c639f532d1211a4d04599e2dcf54263438943a68ea95""]","[""fixity_verified"", ""admission_passed""]","[""immutable_reference_recorded""]","[""fixity_verified"", ""admission_passed""]",Approval records identity only and does not authorize redistribution.,approved,sha256:f4ac1b6ef812af4d2613c639f532d1211a4d04599e2dcf54263438943a68ea95,bronze_b2
1970-01-01T00:00:00Z,promotion:b1-b2:au_mbs_historical_0211,bronze_b1,"[""7c3a994f18e8dfae68e4976bf179526ca02a67614b4f3d9e8c0c5b68e7e853e4""]","[""fixity_verified"", ""admission_passed""]","[""immutable_reference_recorded""]","[""fixity_verified"", ""admission_passed""]",Approval records identity only and does not authorize redistribution.,approved,sha256:7c3a994f18e8dfae68e4976bf179526ca02a67614b4f3d9e8c0c5b68e7e853e4,bronze_b2
1970-01-01T00:00:00Z,promotion:b1-b2:au_mbs_historical_0154,bronze_b1,"[""e25f74182e6b023ec0d07e7fdc62e7099d0ce17d80c58a23384f477709e47382""]","[""fixity_verified"", ""admission_passed""]","[""immutable_reference_recorded""]","[""fixity_verified"", ""admission_passed""]",Approval records identity only and does not authorize redistribution.,approved,sha256:e25f74182e6b023ec0d07e7fdc62e7099d0ce17d80c58a23384f477709e47382,bronze_b2
1970-01-01T00:00:00Z,promotion:b1-b2:au_mbs_historical_0132,bronze_b1,"[""e5014ee23ee8a703f1c23a77b8da7d157ead27d8e0f63a3c83f09164679ace75""]","[""fixity_verified"", ""admission_passed""]","[""immutable_reference_recorded""]","[""fixity_verified"", ""admission_passed""]",Approval records identity only and does not authorize redistribution.,approved,sha256:e5014ee23ee8a703f1c23a77b8da7d157ead27d8e0f63a3c83f09164679ace75,bronze_b2
1970-01-01T00:00:00Z,promotion:b1-b2:au_mbs_historical_0260,bronze_b1,"[""0a9b9ae01b38df3c2e5b7b9715d9e650dde144fdf285e697415be970d0065116""]","[""fixity_verified"", ""admission_passed""]","[""immutable_reference_recorded""]","[""fixity_verified"", ""admission_passed""]",Approval records identity only and does not authorize redistribution.,approved,sha256:0a9b9ae01b38df3c2e5b7b9715d9e650dde144fdf285e697415be970d0065116,bronze_b2
1970-01-01T00:00:00Z,promotion:b1-b2:au_mbs_historical_0014,bronze_b1,"[""4b91466d7c6f0668b26327ccb0c3576776a6733da82a33ae6aabeef66a5767c7""]","[""fixity_verified"", ""admission_passed""]","[""immutable_reference_recorded""]","[""fixity_verified"", ""admission_passed""]",Approval records identity only and does not authorize redistribution.,approved,sha256:4b91466d7c6f0668b26327ccb0c3576776a6733da82a33ae6aabeef66a5767c7,bronze_b2
1970-01-01T00:00:00Z,promotion:b1-b2:au_mbs_historical_0031,bronze_b1,"[""b513a4b761098e909a4f1328c9faeec5a2167b0da1191a5785ef128375e1a017""]","[""fixity_verified"", ""admission_passed""]","[""immutable_reference_recorded""]","[""fixity_verified"", ""admission_passed""]",Approval records identity only and does not authorize redistribution.,approved,sha256:b513a4b761098e909a4f1328c9faeec5a2167b0da1191a5785ef128375e1a017,bronze_b2
1970-01-01T00:00:00Z,promotion:b1-b2:au_mbs_historical_0200,bronze_b1,"[""ee2e35293989546626b46aba8b128692a378a66faf5c324b8f8cf01575a73790""]","[""fixity_verified"", ""admission_passed""]","[""immutable_reference_recorded""]","[""fixity_verified"", ""admission_passed""]",Approval records identity only and does not authorize redistribution.,approved,sha256:ee2e35293989546626b46aba8b128692a378a66faf5c324b8f8cf01575a73790,bronze_b2
1970-01-01T00:00:00Z,promotion:b1-b2:ca_on_ohip_master_text_2026_06_02,bronze_b1,"[""7607f0bbb2c125da2d8ea453dd008737e0bfa6fca8aed4df6312996690022bb2""]","[""fixity_verified"", ""admission_passed""]","[""immutable_reference_recorded""]","[""fixity_verified"", ""admission_passed""]",Approval records identity only and does not authorize redistribution.,approved,sha256:7607f0bbb2c125da2d8ea453dd008737e0bfa6fca8aed4df6312996690022bb2,bronze_b2
1970-01-01T00:00:00Z,promotion:b1-b2:au_mbs_historical_0268,bronze_b1,"[""42c2d73d0c74f790ba311678c541f3b9bb76a6bea4d0c4052cc95366d88a143d""]","[""fixity_verified"", ""admission_passed""]","[""immutable_reference_recorded""]","[""fixity_verified"", ""admission_passed""]",Approval records identity only and does not authorize redistribution.,approved,sha256:42c2d73d0c74f790ba311678c541f3b9bb76a6bea4d0c4052cc95366d88a143d,bronze_b2
1970-01-01T00:00:00Z,promotion:b1-b2:au_mbs_historical_0258,bronze_b1,"[""7f3e1f7fafab3b683708b91d6bfc7e31448c730438824ba02d180ad1ad297dcd""]","[""fixity_verified"", ""admission_passed""]","[""immutable_reference_recorded""]","[""fixity_verified"", ""admission_passed""]",Approval records identity only and does not authorize redistribution.,approved,sha256:7f3e1f7fafab3b683708b91d6bfc7e31448c730438824ba02d180ad1ad297dcd,bronze_b2
1970-01-01T00:00:00Z,promotion:b1-b2:au_mbs_historical_0193,bronze_b1,"[""d27a4d38872109694b71aca2b86bb4b8e8ddbd0ef7585bca81b3e835a0855696""]","[""fixity_verified"", ""admission_passed""]","[""immutable_reference_recorded""]","[""fixity_verified"", ""admission_passed""]",Approval records identity only and does not authorize redistribution.,approved,sha256:d27a4d38872109694b71aca2b86bb4b8e8ddbd0ef7585bca81b3e835a0855696,bronze_b2
1970-01-01T00:00:00Z,promotion:b1-b2:au_mbs_historical_0141,bronze_b1,"[""cbe95c8ab4247e2d157c6fc9361aeecaec6f818aa9f3c839164710d2a5304b82""]","[""fixity_verified"", ""admission_passed""]","[""immutable_reference_recorded""]","[""fixity_verified"", ""admission_passed""]",Approval records identity only and does not authorize redistribution.,approved,sha256:cbe95c8ab4247e2d157c6fc9361aeecaec6f818aa9f3c839164710d2a5304b82,bronze_b2
1970-01-01T00:00:00Z,promotion:b1-b2:au_mbs_historical_0180,bronze_b1,"[""652c34d2d53bf8086be8aef394cc09b4c515d5cb89488a98b2de614a2830a468""]","[""fixity_verified"", ""admission_passed""]","[""immutable_reference_recorded""]","[""fixity_verified"", ""admission_passed""]",Approval records identity only and does not authorize redistribution.,approved,sha256:652c34d2d53bf8086be8aef394cc09b4c515d5cb89488a98b2de614a2830a468,bronze_b2
1970-01-01T00:00:00Z,promotion:b1-b2:au_mbs_historical_0085,bronze_b1,"[""a1a6bbe49aa20adf6593b7bae440c64019bdd8db4fbce13e0ce34cfe06aa7b73""]","[""fixity_verified"", ""admission_passed""]","[""immutable_reference_recorded""]","[""fixity_verified"", ""admission_passed""]",Approval records identity only and does not authorize redistribution.,approved,sha256:a1a6bbe49aa20adf6593b7bae440c64019bdd8db4fbce13e0ce34cfe06aa7b73,bronze_b2
1970-01-01T00:00:00Z,promotion:b1-b2:au_mbs_historical_0056,bronze_b1,"[""b9575402a405076b9a0f85a2c88f9d4be4c72389088bbd7a90f1448eabcf431c""]","[""fixity_verified"", ""admission_passed""]","[""immutable_reference_recorded""]","[""fixity_verified"", ""admission_passed""]",Approval records identity only and does not authorize redistribution.,approved,sha256:b9575402a405076b9a0f85a2c88f9d4be4c72389088bbd7a90f1448eabcf431c,bronze_b2
1970-01-01T00:00:00Z,promotion:b1-b2:au_mbs_20260701_txt_pair,bronze_b1,"[""f3c1caae2bce9610a05dff435e27ec40c91e0a7d6b3adb2b8ca89929b62a5b36""]","[""fixity_verified"", ""admission_passed""]","[""immutable_reference_recorded""]","[""fixity_verified"", ""admission_passed""]",Approval records identity only and does not authorize redistribution.,approved,sha256:f3c1caae2bce9610a05dff435e27ec40c91e0a7d6b3adb2b8ca89929b62a5b36,bronze_b2
1970-01-01T00:00:00Z,promotion:b1-b2:au_mbs_historical_0207,bronze_b1,"[""d1d4a92fc6a6e74e1f31dd4eeb512119d7d5eee3402920c910b8f57eebab7402""]","[""fixity_verified"", ""admission_passed""]","[""immutable_reference_recorded""]","[""fixity_verified"", ""admission_passed""]",Approval records identity only and does not authorize redistribution.,approved,sha256:d1d4a92fc6a6e74e1f31dd4eeb512119d7d5eee3402920c910b8f57eebab7402,bronze_b2
1970-01-01T00:00:00Z,promotion:b1-b2:au_mbs_historical_0121,bronze_b1,"[""93bb974f643dda114cc49675b488c5baa506478c20d6dd8b1028b0f469ea56dc""]","[""fixity_verified"", ""admission_passed""]","[""immutable_reference_recorded""]","[""fixity_verified"", ""admission_passed""]",Approval records identity only and does not authorize redistribution.,approved,sha256:93bb974f643dda114cc49675b488c5baa506478c20d6dd8b1028b0f469ea56dc,bronze_b2
1970-01-01T00:00:00Z,promotion:b1-b2:au_mbs_historical_0249,bronze_b1,"[""6789ee00b9060ef880d6de37848fa2ed93122d268a1381d6e3f28cbcf4373af0""]","[""fixity_verified"", ""admission_passed""]","[""immutable_reference_recorded""]","[""fixity_verified"", ""admission_passed""]",Approval records identity only and does not authorize redistribution.,approved,sha256:6789ee00b9060ef880d6de37848fa2ed93122d268a1381d6e3f28cbcf4373af0,bronze_b2
1970-01-01T00:00:00Z,promotion:b1-b2:au_mbs_historical_0001,bronze_b1,"[""85982d4de9fbda7ce569bcd96890059a855ab873a5890a345f183da1848943e3""]","[""fixity_verified"", ""admission_passed""]","[""immutable_reference_recorded""]","[""fixity_verified"", ""admission_passed""]",Approval records identity only and does not authorize redistribution.,approved,sha256:85982d4de9fbda7ce569bcd96890059a855ab873a5890a345f183da1848943e3,bronze_b2
1970-01-01T00:00:00Z,promotion:b1-b2:au_mbs_historical_0329,bronze_b1,"[""4202367619d50959d852968088e4a54bbceb1b33fdd5fa5c766a7997f4a63eb0""]","[""fixity_verified"", ""admission_passed""]","[""immutable_reference_recorded""]","[""fixity_verified"", ""admission_passed""]",Approval records identity only and does not authorize redistribution.,approved,sha256:4202367619d50959d852968088e4a54bbceb1b33fdd5fa5c766a7997f4a63eb0,bronze_b2
1970-01-01T00:00:00Z,promotion:b1-b2:au_mbs_historical_0279,bronze_b1,"[""e0afd7ca50b5e335180f4fca6c2047b5b820eb2c5ead02dbd092d65a262a98d3""]","[""fixity_verified"", ""admission_passed""]","[""immutable_reference_recorded""]","[""fixity_verified"", ""admission_passed""]",Approval records identity only and does not authorize redistribution.,approved,sha256:e0afd7ca50b5e335180f4fca6c2047b5b820eb2c5ead02dbd092d65a262a98d3,bronze_b2
1970-01-01T00:00:00Z,promotion:b1-b2:au_pbs_api_v3_current_month,bronze_b1,"[""648b7b12160881125fed91925170469f9a44ecc680307cd67cbff2567b93646c""]","[""fixity_verified"", ""admission_passed""]","[""immutable_reference_recorded""]","[""fixity_verified"", ""admission_passed""]",Approval records identity only and does not authorize redistribution.,approved,sha256:648b7b12160881125fed91925170469f9a44ecc680307cd67cbff2567b93646c,bronze_b2
1970-01-01T00:00:00Z,promotion:b1-b2:au_mbs_historical_0330,bronze_b1,"[""77c2175636eed74c24ff63c745898f388b1e6c748f71d3506b4c586e4b405f8e""]","[""fixity_verified"", ""admission_passed""]","[""immutable_reference_recorded""]","[""fixity_verified"", ""admission_passed""]",Approval records identity only and does not authorize redistribution.,approved,sha256:77c2175636eed74c24ff63c745898f388b1e6c748f71d3506b4c586e4b405f8e,bronze_b2
1970-01-01T00:00:00Z,promotion:b1-b2:au_mbs_historical_0263,bronze_b1,"[""a71bd4d82b8f469d8923b53c5f66fa307d6e050f985e184cbb03c7517c9db484""]","[""fixity_verified"", ""admission_passed""]","[""immutable_reference_recorded""]","[""fixity_verified"", ""admission_passed""]",Approval records identity only and does not authorize redistribution.,approved,sha256:a71bd4d82b8f469d8923b53c5f66fa307d6e050f985e184cbb03c7517c9db484,bronze_b2
1970-01-01T00:00:00Z,promotion:b1-b2:au_mbs_historical_0126,bronze_b1,"[""62a19c2e01ddb9e530fa3ae6f23f2f4c086f49af2444c1a122674cd65f5eec50""]","[""fixity_verified"", ""admission_passed""]","[""immutable_reference_recorded""]","[""fixity_verified"", ""admission_passed""]",Approval records identity only and does not authorize redistribution.,approved,sha256:62a19c2e01ddb9e530fa3ae6f23f2f4c086f49af2444c1a122674cd65f5eec50,bronze_b2
1970-01-01T00:00:00Z,promotion:b1-b2:au_mbs_historical_0069,bronze_b1,"[""5f0c1eefc5008a1c5c3be55352ee82f8292d34a1d2e1bb4548da4a6170c2eaa7""]","[""fixity_verified"", ""admission_passed""]","[""immutable_reference_recorded""]","[""fixity_verified"", ""admission_passed""]",Approval records identity only and does not authorize redistribution.,approved,sha256:5f0c1eefc5008a1c5c3be55352ee82f8292d34a1d2e1bb4548da4a6170c2eaa7,bronze_b2
1970-01-01T00:00:00Z,promotion:b1-b2:au_mbs_20260701_txt_pair,bronze_b1,"[""f3c1caae2bce9610a05dff435e27ec40c91e0a7d6b3adb2b8ca89929b62a5b36""]","[""fixity_verified"", ""admission_passed""]","[""immutable_reference_recorded""]","[""fixity_verified"", ""admission_passed""]",Approval records identity only and does not authorize redistribution.,approved,sha256:f3c1caae2bce9610a05dff435e27ec40c91e0a7d6b3adb2b8ca89929b62a5b36,bronze_b2
1970-01-01T00:00:00Z,promotion:b1-b2:au_mbs_historical_0220,bronze_b1,"[""4b91466d7c6f0668b26327ccb0c3576776a6733da82a33ae6aabeef66a5767c7""]",[],"[""b2_evidence_missing""]","[""fixity_verified"", ""admission_passed""]",Approval records identity only and does not authorize redistribution.,blocked,sha256:4b91466d7c6f0668b26327ccb0c3576776a6733da82a33ae6aabeef66a5767c7,bronze_b2
1970-01-01T00:00:00Z,promotion:b1-b2:au_mbs_historical_0178,bronze_b1,"[""8eac7f5f4b1673efef4974f2a2a6e469cb1b3d184bf8941cfb6845334f092748""]","[""fixity_verified"", ""admission_passed""]","[""immutable_reference_recorded""]","[""fixity_verified"", ""admission_passed""]",Approval records identity only and does not authorize redistribution.,approved,sha256:8eac7f5f4b1673efef4974f2a2a6e469cb1b3d184bf8941cfb6845334f092748,bronze_b2
1970-01-01T00:00:00Z,promotion:b1-b2:au_mbs_historical_0196,bronze_b1,"[""92bd48bab3fb8fe1380a1c7bda4f8f0c1aa5004a4323e1a5a07730daa81527ad""]","[""fixity_verified"", ""admission_passed""]","[""immutable_reference_recorded""]","[""fixity_verified"", ""admission_passed""]",Approval records identity only and does not authorize redistribution.,approved,sha256:92bd48bab3fb8fe1380a1c7bda4f8f0c1aa5004a4323e1a5a07730daa81527ad,bronze_b2
1970-01-01T00:00:00Z,promotion:b1-b2:au_mbs_historical_0280,bronze_b1,"[""6ab24c2668ff2e1b36bbb8cccf05f31dd006531e69d215169a3c7a47a80584e3""]","[""fixity_verified"", ""admission_passed""]","[""immutable_reference_recorded""]","[""fixity_verified"", ""admission_passed""]",Approval records identity only and does not authorize redistribution.,approved,sha256:6ab24c2668ff2e1b36bbb8cccf05f31dd006531e69d215169a3c7a47a80584e3,bronze_b2
1970-01-01T00:00:00Z,promotion:b1-b2:au_mbs_historical_0250,bronze_b1,"[""1f20409187bbf8a0ed69637d64144fae7d3d9111acbe76a51253f71ac8a38956""]","[""fixity_verified"", ""admission_passed""]","[""immutable_reference_recorded""]","[""fixity_verified"", ""admission_passed""]",Approval records identity only and does not authorize redistribution.,approved,sha256:1f20409187bbf8a0ed69637d64144fae7d3d9111acbe76a51253f71ac8a38956,bronze_b2
1970-01-01T00:00:00Z,promotion:b1-b2:au_mbs_historical_0182,bronze_b1,"[""ece25f89fb9d6a9d7c66f956ce3b2494be18693b75b49a355055232d5d4207c6""]","[""fixity_verified"", ""admission_passed""]","[""immutable_reference_recorded""]","[""fixity_verified"", ""admission_passed""]",Approval records identity only and does not authorize redistribution.,approved,sha256:ece25f89fb9d6a9d7c66f956ce3b2494be18693b75b49a355055232d5d4207c6,bronze_b2
1970-01-01T00:00:00Z,promotion:b1-b2:au_mbs_historical_0087,bronze_b1,"[""3c226f57200552e53ca737550738bad4c2a9a00364fa98267f69caed334ac5e2""]","[""fixity_verified"", ""admission_passed""]","[""immutable_reference_recorded""]","[""fixity_verified"", ""admission_passed""]",Approval records identity only and does not authorize redistribution.,approved,sha256:3c226f57200552e53ca737550738bad4c2a9a00364fa98267f69caed334ac5e2,bronze_b2
1970-01-01T00:00:00Z,promotion:b1-b2:au_mbs_historical_0038,bronze_b1,"[""c6033d230a7ff10adca11f9018877e79a557d2cdb3b7a1ed533f846b5dbe8423""]","[""fixity_verified"", ""admission_passed""]","[""immutable_reference_recorded""]","[""fixity_verified"", ""admission_passed""]",Approval records identity only and does not authorize redistribution.,approved,sha256:c6033d230a7ff10adca11f9018877e79a557d2cdb3b7a1ed533f846b5dbe8423,bronze_b2
1970-01-01T00:00:00Z,promotion:b1-b2:au_mbs_historical_0133,bronze_b1,"[""056c8cb2a25849e5b95de97b7b2d0b797946a933e322388ae35ec8c44b4c8a99""]","[""fixity_verified"", ""admission_passed""]","[""immutable_reference_recorded""]","[""fixity_verified"", ""admission_passed""]",Approval records identity only and does not authorize redistribution.,approved,sha256:056c8cb2a25849e5b95de97b7b2d0b797946a933e322388ae35ec8c44b4c8a99,bronze_b2
1970-01-01T00:00:00Z,promotion:b1-b2:au_mbs_historical_0203,bronze_b1,"[""c09b7d2e219156bcfb2dd0c1a55ef13b2dd4972fe4ff739775ba21386fb67d4b""]","[""fixity_verified"", ""admission_passed""]","[""immutable_reference_recorded""]","[""fixity_verified"", ""admission_passed""]",Approval records identity only and does not authorize redistribution.,approved,sha256:c09b7d2e219156bcfb2dd0c1a55ef13b2dd4972fe4ff739775ba21386fb67d4b,bronze_b2
1970-01-01T00:00:00Z,promotion:b1-b2:au_mbs_historical_0095,bronze_b1,"[""733e45690e00c945c4018ed96bb80c7503747c7428f3f3a26143bd8101c4633f""]","[""fixity_verified"", ""admission_passed""]","[""immutable_reference_recorded""]","[""fixity_verified"", ""admission_passed""]",Approval records identity only and does not authorize redistribution.,approved,sha256:733e45690e00c945c4018ed96bb80c7503747c7428f3f3a26143bd8101c4633f,bronze_b2
1970-01-01T00:00:00Z,promotion:b1-b2:au_mbs_historical_0063,bronze_b1,"[""3d7877480b604176ad07163ec87333f8643e0c49c313260a4b5e902b05a4b6c8""]","[""fixity_verified"", ""admission_passed""]","[""immutable_reference_recorded""]","[""fixity_verified"", ""admission_passed""]",Approval records identity only and does not authorize redistribution.,approved,sha256:3d7877480b604176ad07163ec87333f8643e0c49c313260a4b5e902b05a4b6c8,bronze_b2
1970-01-01T00:00:00Z,promotion:b1-b2:au_mbs_historical_0109,bronze_b1,"[""acb220df6d93c720b6c4302ed17451af3556521e46462c1995fba1edf09a6618""]","[""fixity_verified"", ""admission_passed""]","[""immutable_reference_recorded""]","[""fixity_verified"", ""admission_passed""]",Approval records identity only and does not authorize redistribution.,approved,sha256:acb220df6d93c720b6c4302ed17451af3556521e46462c1995fba1edf09a6618,bronze_b2
1970-01-01T00:00:00Z,promotion:b1-b2:au_mbs_historical_0160,bronze_b1,"[""dfe3fddc70483a2b93ce46dd43327743dd81b4024151bfce895c2dd9db00c623""]","[""fixity_verified"", ""admission_passed""]","[""immutable_reference_recorded""]","[""fixity_verified"", ""admission_passed""]",Approval records identity only and does not authorize redistribution.,approved,sha256:dfe3fddc70483a2b93ce46dd43327743dd81b4024151bfce895c2dd9db00c623,bronze_b2
1970-01-01T00:00:00Z,promotion:b1-b2:au_mbs_historical_0043,bronze_b1,"[""4b6b26b852e0a2347b9eb6c6a1f79cd42cfc1f21642d3aef10c32bbfbc4e641b""]","[""fixity_verified"", ""admission_passed""]","[""immutable_reference_recorded""]","[""fixity_verified"", ""admission_passed""]",Approval records identity only and does not authorize redistribution.,approved,sha256:4b6b26b852e0a2347b9eb6c6a1f79cd42cfc1f21642d3aef10c32bbfbc4e641b,bronze_b2
1970-01-01T00:00:00Z,promotion:b1-b2:au_mbs_historical_0122,bronze_b1,"[""a6ef073c9851c7c5a682e35f3ac1ec87c92af932482b1be3e4af43ef8a817b32""]","[""fixity_verified"", ""admission_passed""]","[""immutable_reference_recorded""]","[""fixity_verified"", ""admission_passed""]",Approval records identity only and does not authorize redistribution.,approved,sha256:a6ef073c9851c7c5a682e35f3ac1ec87c92af932482b1be3e4af43ef8a817b32,bronze_b2
1970-01-01T00:00:00Z,promotion:b1-b2:au_mbs_historical_0067,bronze_b1,"[""8a3e95393f13ac6c6f5468cf037d8470f34fdbf2a8fc2db87f3cd9247ac878d8""]","[""fixity_verified"", ""admission_passed""]","[""immutable_reference_recorded""]","[""fixity_verified"", ""admission_passed""]",Approval records identity only and does not authorize redistribution.,approved,sha256:8a3e95393f13ac6c6f5468cf037d8470f34fdbf2a8fc2db87f3cd9247ac878d8,bronze_b2
1970-01-01T00:00:00Z,promotion:b1-b2:au_mbs_historical_0264,bronze_b1,"[""e4d69ec16fc528121fa366009371e130774782d93ee4bcc78f2c2031a98790b6""]","[""fixity_verified"", ""admission_passed""]","[""immutable_reference_recorded""]","[""fixity_verified"", ""admission_passed""]",Approval records identity only and does not authorize redistribution.,approved,sha256:e4d69ec16fc528121fa366009371e130774782d93ee4bcc78f2c2031a98790b6,bronze_b2
1970-01-01T00:00:00Z,promotion:b1-b2:au_mbs_historical_0018,bronze_b1,"[""65da188e7d7c387cd7b078a96669c8fc6bc3a2ebdeab1ba63968a8b0394125e6""]","[""fixity_verified"", ""admission_passed""]","[""immutable_reference_recorded""]","[""fixity_verified"", ""admission_passed""]",Approval records identity only and does not authorize redistribution.,approved,sha256:65da188e7d7c387cd7b078a96669c8fc6bc3a2ebdeab1ba63968a8b0394125e6,bronze_b2
1970-01-01T00:00:00Z,promotion:b1-b2:au_mbs_historical_0161,bronze_b1,"[""19f70a9beac6c64f709ffadcbdb08228cf60edd4d5eb810de086a15690b0a969""]","[""fixity_verified"", ""admission_passed""]","[""immutable_reference_recorded""]","[""fixity_verified"", ""admission_passed""]",Approval records identity only and does not authorize redistribution.,approved,sha256:19f70a9beac6c64f709ffadcbdb08228cf60edd4d5eb810de086a15690b0a969,bronze_b2
1970-01-01T00:00:00Z,promotion:b1-b2:au_mbs_historical_0034,bronze_b1,"[""ee89830a2082a0aa9c5b68c8b8c92935bb6af6c89585f016677498878aef693d""]","[""fixity_verified"", ""admission_passed""]","[""immutable_reference_recorded""]","[""fixity_verified"", ""admission_passed""]",Approval records identity only and does not authorize redistribution.,approved,sha256:ee89830a2082a0aa9c5b68c8b8c92935bb6af6c89585f016677498878aef693d,bronze_b2
1970-01-01T00:00:00Z,promotion:b1-b2:au_mbs_historical_0010,bronze_b1,"[""1343fbaf1cfe07a64fc8df98573f0fbfda882bfa52cb7fb74fe520f193b1a962""]","[""fixity_verified"", ""admission_passed""]","[""immutable_reference_recorded""]","[""fixity_verified"", ""admission_passed""]",Approval records identity only and does not authorize redistribution.,approved,sha256:1343fbaf1cfe07a64fc8df98573f0fbfda882bfa52cb7fb74fe520f193b1a962,bronze_b2
1970-01-01T00:00:00Z,promotion:b1-b2:au_mbs_historical_0307,bronze_b1,"[""57a61b6dc245384ece885bdc2939c01eb42167ade164086b3ea4561c7c69adf3""]","[""fixity_verified"", ""admission_passed""]","[""immutable_reference_recorded""]","[""fixity_verified"", ""admission_passed""]",Approval records identity only and does not authorize redistribution.,approved,sha256:57a61b6dc245384ece885bdc2939c01eb42167ade164086b3ea4561c7c69adf3,bronze_b2
1970-01-01T00:00:00Z,promotion:b1-b2:au_mbs_historical_0157,bronze_b1,"[""36f2adb4d604fcdbc3344b0ec2579d3ff11684ea60ca1f7f8e6dee4a0a982eb3""]","[""fixity_verified"", ""admission_passed""]","[""immutable_reference_recorded""]","[""fixity_verified"", ""admission_passed""]",Approval records identity only and does not authorize redistribution.,approved,sha256:36f2adb4d604fcdbc3344b0ec2579d3ff11684ea60ca1f7f8e6dee4a0a982eb3,bronze_b2
1970-01-01T00:00:00Z,promotion:b1-b2:au_mbs_historical_0313,bronze_b1,"[""ca2ac012cb32b651c9a164054c7df2885d853924da7c7500f083e1ce9ed14d86""]","[""fixity_verified"", ""admission_passed""]","[""immutable_reference_recorded""]","[""fixity_verified"", ""admission_passed""]",Approval records identity only and does not authorize redistribution.,approved,sha256:ca2ac012cb32b651c9a164054c7df2885d853924da7c7500f083e1ce9ed14d86,bronze_b2
1970-01-01T00:00:00Z,promotion:b1-b2:au_mbs_historical_0159,bronze_b1,"[""31c7331fa6bffc5c72fcd80e5239c3a809c001c86cf361afaf32aa10634a365d""]","[""fixity_verified"", ""admission_passed""]","[""immutable_reference_recorded""]","[""fixity_verified"", ""admission_passed""]",Approval records identity only and does not authorize redistribution.,approved,sha256:31c7331fa6bffc5c72fcd80e5239c3a809c001c86cf361afaf32aa10634a365d,bronze_b2
1970-01-01T00:00:00Z,promotion:b1-b2:au_mbs_historical_0314,bronze_b1,"[""90f0b9cb5dec6fe63ada25cfaf25533cfd2a5e0d7797768ae13f93d432607b05""]","[""fixity_verified"", ""admission_passed""]","[""immutable_reference_recorded""]","[""fixity_verified"", ""admission_passed""]",Approval records identity only and does not authorize redistribution.,approved,sha256:90f0b9cb5dec6fe63ada25cfaf25533cfd2a5e0d7797768ae13f93d432607b05,bronze_b2
1970-01-01T00:00:00Z,promotion:b1-b2:au_mbs_historical_0221,bronze_b1,"[""4e76ac9fed3a9134c1290ce916ff80aef9ced92b91629e15406d7bb9a4ed7b97""]","[""fixity_verified"", ""admission_passed""]","[""immutable_reference_recorded""]","[""fixity_verified"", ""admission_passed""]",Approval records identity only and does not authorize redistribution.,approved,sha256:4e76ac9fed3a9134c1290ce916ff80aef9ced92b91629e15406d7bb9a4ed7b97,bronze_b2
1970-01-01T00:00:00Z,promotion:b1-b2:au_mbs_historical_0219,bronze_b1,"[""bfa5b3d3bdda0bcd285e8a240820f75625c14c212db01fdb8046a8bcc518e06f""]",[],"[""b2_evidence_missing""]","[""fixity_verified"", ""admission_passed""]",Approval records identity only and does not authorize redistribution.,blocked,sha256:bfa5b3d3bdda0bcd285e8a240820f75625c14c212db01fdb8046a8bcc518e06f,bronze_b2
1970-01-01T00:00:00Z,promotion:b1-b2:au_mbs_historical_0117,bronze_b1,"[""71c859099e5acb24e6d5f2c3dcbde24a5ed043ba95c72281814917958ff67bef""]","[""fixity_verified"", ""admission_passed""]","[""immutable_reference_recorded""]","[""fixity_verified"", ""admission_passed""]",Approval records identity only and does not authorize redistribution.,approved,sha256:71c859099e5acb24e6d5f2c3dcbde24a5ed043ba95c72281814917958ff67bef,bronze_b2
1970-01-01T00:00:00Z,promotion:b1-b2:au_mbs_historical_0024,bronze_b1,"[""d2e22b77d5b981113d4bbe97061db8079108887df80a4d347a3965d783335f1c""]","[""fixity_verified"", ""admission_passed""]","[""immutable_reference_recorded""]","[""fixity_verified"", ""admission_passed""]",Approval records identity only and does not authorize redistribution.,approved,sha256:d2e22b77d5b981113d4bbe97061db8079108887df80a4d347a3965d783335f1c,bronze_b2
1970-01-01T00:00:00Z,promotion:b1-b2:au_mbs_historical_0228,bronze_b1,"[""ef7219e3e6afe413bbda2f6abcb3fe3c43d50b686630318277927bf607f941ca""]","[""fixity_verified"", ""admission_passed""]","[""immutable_reference_recorded""]","[""fixity_verified"", ""admission_passed""]",Approval records identity only and does not authorize redistribution.,approved,sha256:ef7219e3e6afe413bbda2f6abcb3fe3c43d50b686630318277927bf607f941ca,bronze_b2
1970-01-01T00:00:00Z,promotion:b1-b2:au_mbs_historical_0179,bronze_b1,"[""0a480d3e7cede5cd4c72250939ebcfa76f8a8b9776fc6629158c4dfa57ae488f""]","[""fixity_verified"", ""admission_passed""]","[""immutable_reference_recorded""]","[""fixity_verified"", ""admission_passed""]",Approval records identity only and does not authorize redistribution.,approved,sha256:0a480d3e7cede5cd4c72250939ebcfa76f8a8b9776fc6629158c4dfa57ae488f,bronze_b2
1970-01-01T00:00:00Z,promotion:b1-b2:au_mbs_historical_0144,bronze_b1,"[""d32f03fceed46bedeb9801696655f240fcca00f15eb17cf727b923932f36ac4b""]","[""fixity_verified"", ""admission_passed""]","[""immutable_reference_recorded""]","[""fixity_verified"", ""admission_passed""]",Approval records identity only and does not authorize redistribution.,approved,sha256:d32f03fceed46bedeb9801696655f240fcca00f15eb17cf727b923932f36ac4b,bronze_b2
1970-01-01T00:00:00Z,promotion:b1-b2:au_mbs_historical_0064,bronze_b1,"[""e07a58b1ad24252bc2d690bacc13d6359283fe701d147a42405bb602a4d85b5b""]","[""fixity_verified"", ""admission_passed""]","[""immutable_reference_recorded""]","[""fixity_verified"", ""admission_passed""]",Approval records identity only and does not authorize redistribution.,approved,sha256:e07a58b1ad24252bc2d690bacc13d6359283fe701d147a42405bb602a4d85b5b,bronze_b2
1970-01-01T00:00:00Z,promotion:b1-b2:au_mbs_historical_0187,bronze_b1,"[""e370ccbbcf1bb3209ff9e77dd5e0b8d7044265cbb1c73723dd3fbb5e28a4e03e""]","[""fixity_verified"", ""admission_passed""]","[""immutable_reference_recorded""]","[""fixity_verified"", ""admission_passed""]",Approval records identity only and does not authorize redistribution.,approved,sha256:e370ccbbcf1bb3209ff9e77dd5e0b8d7044265cbb1c73723dd3fbb5e28a4e03e,bronze_b2
1970-01-01T00:00:00Z,promotion:b1-b2:au_mbs_historical_0166,bronze_b1,"[""c2f3d479a5f8dde6b0436fc25308848289a9a6bdcfd60bb17cfdef9ea8d0ed3a""]","[""fixity_verified"", ""admission_passed""]","[""immutable_reference_recorded""]","[""fixity_verified"", ""admission_passed""]",Approval records identity only and does not authorize redistribution.,approved,sha256:c2f3d479a5f8dde6b0436fc25308848289a9a6bdcfd60bb17cfdef9ea8d0ed3a,bronze_b2
1970-01-01T00:00:00Z,promotion:b1-b2:au_mbs_historical_0259,bronze_b1,"[""0dddc38b9d2a47f313c1e6ce95ca9f34822e0800a73963308cd3f9de3262fc5e""]","[""fixity_verified"", ""admission_passed""]","[""immutable_reference_recorded""]","[""fixity_verified"", ""admission_passed""]",Approval records identity only and does not authorize redistribution.,approved,sha256:0dddc38b9d2a47f313c1e6ce95ca9f34822e0800a73963308cd3f9de3262fc5e,bronze_b2
1970-01-01T00:00:00Z,promotion:b1-b2:au_mbs_historical_0206,bronze_b1,"[""7b3eb16b81e4aee83b9178014ec598ec0b98edb0ae644aa626094dd207d58a9c""]","[""fixity_verified"", ""admission_passed""]","[""immutable_reference_recorded""]","[""fixity_verified"", ""admission_passed""]",Approval records identity only and does not authorize redistribution.,approved,sha256:7b3eb16b81e4aee83b9178014ec598ec0b98edb0ae644aa626094dd207d58a9c,bronze_b2
1970-01-01T00:00:00Z,promotion:b1-b2:au_mbs_historical_0274,bronze_b1,"[""924d734350d7aee63c6e8342f62266d50d59722d66771d67f5608ad0639db945""]","[""fixity_verified"", ""admission_passed""]","[""immutable_reference_recorded""]","[""fixity_verified"", ""admission_passed""]",Approval records identity only and does not authorize redistribution.,approved,sha256:924d734350d7aee63c6e8342f62266d50d59722d66771d67f5608ad0639db945,bronze_b2
1970-01-01T00:00:00Z,promotion:b1-b2:au_mbs_historical_0223,bronze_b1,"[""d91916ae813125b45a13ffbb325ecfec355290a9d53473553c69fe1f3634525c""]","[""fixity_verified"", ""admission_passed""]","[""immutable_reference_recorded""]","[""fixity_verified"", ""admission_passed""]",Approval records identity only and does not authorize redistribution.,approved,sha256:d91916ae813125b45a13ffbb325ecfec355290a9d53473553c69fe1f3634525c,bronze_b2
1970-01-01T00:00:00Z,promotion:b1-b2:au_mbs_historical_0255,bronze_b1,"[""d333d9e97d5b12615b7ab58d5df1107abe7b5c6a04e54ff400a62cdf579b8a1c""]","[""fixity_verified"", ""admission_passed""]","[""immutable_reference_recorded""]","[""fixity_verified"", ""admission_passed""]",Approval records identity only and does not authorize redistribution.,approved,sha256:d333d9e97d5b12615b7ab58d5df1107abe7b5c6a04e54ff400a62cdf579b8a1c,bronze_b2
1970-01-01T00:00:00Z,promotion:b1-b2:au_mbs_historical_0244,bronze_b1,"[""550bc9bae721d20d41f0e3becb6127fedd431522af7fc223a2f92ab46b5bc78a""]","[""fixity_verified"", ""admission_passed""]","[""immutable_reference_recorded""]","[""fixity_verified"", ""admission_passed""]",Approval records identity only and does not authorize redistribution.,approved,sha256:550bc9bae721d20d41f0e3becb6127fedd431522af7fc223a2f92ab46b5bc78a,bronze_b2
1970-01-01T00:00:00Z,promotion:b1-b2:au_mbs_historical_0127,bronze_b1,"[""b1c66217e8085c12ea364f9ed18d05602b2f328be14364e1021023fc3819ab40""]","[""fixity_verified"", ""admission_passed""]","[""immutable_reference_recorded""]","[""fixity_verified"", ""admission_passed""]",Approval records identity only and does not authorize redistribution.,approved,sha256:b1c66217e8085c12ea364f9ed18d05602b2f328be14364e1021023fc3819ab40,bronze_b2
1970-01-01T00:00:00Z,promotion:b1-b2:au_mbs_historical_0020,bronze_b1,"[""d0cc0beb382a61fe8c04bde4cf659109b8f052ccc4c4d7c7aabe56e903337371""]","[""fixity_verified"", ""admission_passed""]","[""immutable_reference_recorded""]","[""fixity_verified"", ""admission_passed""]",Approval records identity only and does not authorize redistribution.,approved,sha256:d0cc0beb382a61fe8c04bde4cf659109b8f052ccc4c4d7c7aabe56e903337371,bronze_b2
1970-01-01T00:00:00Z,promotion:b1-b2:au_mbs_historical_0239,bronze_b1,"[""b0e49fa5736cb1601bc426a48388883dd73c3e06811969141b888510ab87ceef""]","[""fixity_verified"", ""admission_passed""]","[""immutable_reference_recorded""]","[""fixity_verified"", ""admission_passed""]",Approval records identity only and does not authorize redistribution.,approved,sha256:b0e49fa5736cb1601bc426a48388883dd73c3e06811969141b888510ab87ceef,bronze_b2
1970-01-01T00:00:00Z,promotion:b1-b2:au_mbs_historical_0171,bronze_b1,"[""fcaab161ac5eb2089158e4b94463275b153fbe98a2d1a2ec139a218547c250b9""]","[""fixity_verified"", ""admission_passed""]","[""immutable_reference_recorded""]","[""fixity_verified"", ""admission_passed""]",Approval records identity only and does not authorize redistribution.,approved,sha256:fcaab161ac5eb2089158e4b94463275b153fbe98a2d1a2ec139a218547c250b9,bronze_b2
1970-01-01T00:00:00Z,promotion:b1-b2:au_mbs_historical_0173,bronze_b1,"[""83cae64448826cae543ab0048ec2d363355b003a925bbc4a386b81698f7033a9""]","[""fixity_verified"", ""admission_passed""]","[""immutable_reference_recorded""]","[""fixity_verified"", ""admission_passed""]",Approval records identity only and does not authorize redistribution.,approved,sha256:83cae64448826cae543ab0048ec2d363355b003a925bbc4a386b81698f7033a9,bronze_b2
1970-01-01T00:00:00Z,promotion:b1-b2:au_mbs_historical_0135,bronze_b1,"[""3ec847d33cf61a684b39c274b0ca01c6309211d277e033f6742bd1de5e29f0a3""]","[""fixity_verified"", ""admission_passed""]","[""immutable_reference_recorded""]","[""fixity_verified"", ""admission_passed""]",Approval records identity only and does not authorize redistribution.,approved,sha256:3ec847d33cf61a684b39c274b0ca01c6309211d277e033f6742bd1de5e29f0a3,bronze_b2
1970-01-01T00:00:00Z,promotion:b1-b2:au_mbs_historical_0322,bronze_b1,"[""5d842ad0c5337d6e2a437b9586c9911dcd97e2b7031169111885e46272746538""]","[""fixity_verified"", ""admission_passed""]","[""immutable_reference_recorded""]","[""fixity_verified"", ""admission_passed""]",Approval records identity only and does not authorize redistribution.,approved,sha256:5d842ad0c5337d6e2a437b9586c9911dcd97e2b7031169111885e46272746538,bronze_b2
1970-01-01T00:00:00Z,promotion:b1-b2:au_mbs_historical_0163,bronze_b1,"[""767ea3ee0de8f01adbbe15d8285aa63ac0b5e195dfffbb6c98c2ae9f7d236441""]","[""fixity_verified"", ""admission_passed""]","[""immutable_reference_recorded""]","[""fixity_verified"", ""admission_passed""]",Approval records identity only and does not authorize redistribution.,approved,sha256:767ea3ee0de8f01adbbe15d8285aa63ac0b5e195dfffbb6c98c2ae9f7d236441,bronze_b2
1970-01-01T00:00:00Z,promotion:b1-b2:au_mbs_historical_0256,bronze_b1,"[""88d62c159d36a3e6435f20e7ed1e1366a648c3402a6cc69a59ceeb6045d82f34""]","[""fixity_verified"", ""admission_passed""]","[""immutable_reference_recorded""]","[""fixity_verified"", ""admission_passed""]",Approval records identity only and does not authorize redistribution.,approved,sha256:88d62c159d36a3e6435f20e7ed1e1366a648c3402a6cc69a59ceeb6045d82f34,bronze_b2
1970-01-01T00:00:00Z,promotion:b1-b2:au_mbs_historical_0046,bronze_b1,"[""428f192b13e8b9f61331b03b83af1dd5a208d968cfca7c459ec69fc30d58ac81""]","[""fixity_verified"", ""admission_passed""]","[""immutable_reference_recorded""]","[""fixity_verified"", ""admission_passed""]",Approval records identity only and does not authorize redistribution.,approved,sha256:428f192b13e8b9f61331b03b83af1dd5a208d968cfca7c459ec69fc30d58ac81,bronze_b2
1970-01-01T00:00:00Z,promotion:b1-b2:au_mbs_historical_0011,bronze_b1,"[""efe4c263337a0ad12d92f5e5104ee1c3f16a69f3ba281c8a36a7a0c39c507065""]","[""fixity_verified"", ""admission_passed""]","[""immutable_reference_recorded""]","[""fixity_verified"", ""admission_passed""]",Approval records identity only and does not authorize redistribution.,approved,sha256:efe4c263337a0ad12d92f5e5104ee1c3f16a69f3ba281c8a36a7a0c39c507065,bronze_b2
1970-01-01T00:00:00Z,promotion:b1-b2:au_mbs_historical_0210,bronze_b1,"[""5145fa19632ef454498bed0f7d94ff56543ddf93bdc9ece11bcaa024e145a600""]","[""fixity_verified"", ""admission_passed""]","[""immutable_reference_recorded""]","[""fixity_verified"", ""admission_passed""]",Approval records identity only and does not authorize redistribution.,approved,sha256:5145fa19632ef454498bed0f7d94ff56543ddf93bdc9ece11bcaa024e145a600,bronze_b2
1970-01-01T00:00:00Z,promotion:b1-b2:au_mbs_historical_0339,bronze_b1,"[""460941ead58b20aac34eff9a749605aa88fffbecee8598c998eeb786b7637006""]",[],"[""b2_evidence_missing""]","[""fixity_verified"", ""admission_passed""]",Approval records identity only and does not authorize redistribution.,blocked,sha256:460941ead58b20aac34eff9a749605aa88fffbecee8598c998eeb786b7637006,bronze_b2
1970-01-01T00:00:00Z,promotion:b1-b2:au_mbs_historical_0047,bronze_b1,"[""815df4a7ec345278cab9766cdbd8f6831ba93ebba407ed0068d664e7d601a487""]","[""fixity_verified"", ""admission_passed""]","[""immutable_reference_recorded""]","[""fixity_verified"", ""admission_passed""]",Approval records identity only and does not authorize redistribution.,approved,sha256:815df4a7ec345278cab9766cdbd8f6831ba93ebba407ed0068d664e7d601a487,bronze_b2
1970-01-01T00:00:00Z,promotion:b1-b2:au_mbs_historical_0119,bronze_b1,"[""304cb1f5a2e0008a2814da703dd1bab2233900d77ada3fe2e844adadef0c7d96""]","[""fixity_verified"", ""admission_passed""]","[""immutable_reference_recorded""]","[""fixity_verified"", ""admission_passed""]",Approval records identity only and does not authorize redistribution.,approved,sha256:304cb1f5a2e0008a2814da703dd1bab2233900d77ada3fe2e844adadef0c7d96,bronze_b2
1970-01-01T00:00:00Z,promotion:b1-b2:au_mbs_historical_0021,bronze_b1,"[""bd9ec9f2b364b976e1716d44d908ee19c434a59fe4a8c1b41c66be83000dc6a7""]","[""fixity_verified"", ""admission_passed""]","[""immutable_reference_recorded""]","[""fixity_verified"", ""admission_passed""]",Approval records identity only and does not authorize redistribution.,approved,sha256:bd9ec9f2b364b976e1716d44d908ee19c434a59fe4a8c1b41c66be83000dc6a7,bronze_b2
1970-01-01T00:00:00Z,promotion:b1-b2:au_mbs_historical_0288,bronze_b1,"[""35fca241ee6afab4d71d57884e59d5d282d98fcad4fbb7390fcfe924d1d3f4bc""]","[""fixity_verified"", ""admission_passed""]","[""immutable_reference_recorded""]","[""fixity_verified"", ""admission_passed""]",Approval records identity only and does not authorize redistribution.,approved,sha256:35fca241ee6afab4d71d57884e59d5d282d98fcad4fbb7390fcfe924d1d3f4bc,bronze_b2
1970-01-01T00:00:00Z,promotion:b1-b2:au_mbs_historical_0309,bronze_b1,"[""f2be1e80f0da3354667bc955ec543a9972cc3c4fe8b1459a4d70304d9a0c6388""]","[""fixity_verified"", ""admission_passed""]","[""immutable_reference_recorded""]","[""fixity_verified"", ""admission_passed""]",Approval records identity only and does not authorize redistribution.,approved,sha256:f2be1e80f0da3354667bc955ec543a9972cc3c4fe8b1459a4d70304d9a0c6388,bronze_b2
1970-01-01T00:00:00Z,promotion:b1-b2:au_mbs_historical_0319,bronze_b1,"[""4456a1bcb9b5006cc056d64e23c3d312ddb1de3fd00863ccc843a498704f867d""]","[""fixity_verified"", ""admission_passed""]","[""immutable_reference_recorded""]","[""fixity_verified"", ""admission_passed""]",Approval records identity only and does not authorize redistribution.,approved,sha256:4456a1bcb9b5006cc056d64e23c3d312ddb1de3fd00863ccc843a498704f867d,bronze_b2
1970-01-01T00:00:00Z,promotion:b1-b2:au_mbs_historical_0243,bronze_b1,"[""8f44907dc7642df5012ad8b80bc622c17298022bb645d7d3024bebdf773bbb1c""]","[""fixity_verified"", ""admission_passed""]","[""immutable_reference_recorded""]","[""fixity_verified"", ""admission_passed""]",Approval records identity only and does not authorize redistribution.,approved,sha256:8f44907dc7642df5012ad8b80bc622c17298022bb645d7d3024bebdf773bbb1c,bronze_b2
1970-01-01T00:00:00Z,promotion:b1-b2:au_mbs_historical_0326,bronze_b1,"[""7a28a5e68c23309337e6da335727b1a785439b1f395936a52f388e2f1cf5b4a2""]","[""fixity_verified"", ""admission_passed""]","[""immutable_reference_recorded""]","[""fixity_verified"", ""admission_passed""]",Approval records identity only and does not authorize redistribution.,approved,sha256:7a28a5e68c23309337e6da335727b1a785439b1f395936a52f388e2f1cf5b4a2,bronze_b2
1970-01-01T00:00:00Z,promotion:b1-b2:au_mbs_historical_0337,bronze_b1,"[""23ded42d20413fb373becf8f21e7aa549438b16bb4db675201c91b3dc5e2cd3e""]","[""fixity_verified"", ""admission_passed""]","[""immutable_reference_recorded""]","[""fixity_verified"", ""admission_passed""]",Approval records identity only and does not authorize redistribution.,approved,sha256:23ded42d20413fb373becf8f21e7aa549438b16bb4db675201c91b3dc5e2cd3e,bronze_b2
1970-01-01T00:00:00Z,promotion:b1-b2:au_mbs_historical_0176,bronze_b1,"[""b30d15d1974e1337052bea54eb850ed8d70b117ea68ab6d2b2d407e303c469e9""]","[""fixity_verified"", ""admission_passed""]","[""immutable_reference_recorded""]","[""fixity_verified"", ""admission_passed""]",Approval records identity only and does not authorize redistribution.,approved,sha256:b30d15d1974e1337052bea54eb850ed8d70b117ea68ab6d2b2d407e303c469e9,bronze_b2
1970-01-01T00:00:00Z,promotion:b1-b2:au_mbs_historical_0115,bronze_b1,"[""84fb57294dbbaae037bf2d28907a2730e19c50fdb47313db6c4f1d02e459b6cb""]","[""fixity_verified"", ""admission_passed""]","[""immutable_reference_recorded""]","[""fixity_verified"", ""admission_passed""]",Approval records identity only and does not authorize redistribution.,approved,sha256:84fb57294dbbaae037bf2d28907a2730e19c50fdb47313db6c4f1d02e459b6cb,bronze_b2
1970-01-01T00:00:00Z,promotion:b1-b2:au_mbs_historical_0017,bronze_b1,"[""cd93ee80d0f0c67c3f8d97d26ebc081326b1a2b8b7165cdd0d27b9e4390df395""]","[""fixity_verified"", ""admission_passed""]","[""immutable_reference_recorded""]","[""fixity_verified"", ""admission_passed""]",Approval records identity only and does not authorize redistribution.,approved,sha256:cd93ee80d0f0c67c3f8d97d26ebc081326b1a2b8b7165cdd0d27b9e4390df395,bronze_b2
1970-01-01T00:00:00Z,promotion:b1-b2:nz_pharmac_schedule_2026_07,bronze_b1,"[""313bbcec30028cf84e0554e4a1af940ae24ccba52ef286f8a0749f8f75d39576""]","[""fixity_verified"", ""admission_passed""]","[""immutable_reference_recorded""]","[""fixity_verified"", ""admission_passed""]",Approval records identity only and does not authorize redistribution.,approved,sha256:313bbcec30028cf84e0554e4a1af940ae24ccba52ef286f8a0749f8f75d39576,bronze_b2
1970-01-01T00:00:00Z,promotion:b1-b2:au_mbs_historical_0074,bronze_b1,"[""d1e358d532b69b469ac7078a0b9b9f57de408b8a9ec0f5b6dd13ef01587b9b72""]","[""fixity_verified"", ""admission_passed""]","[""immutable_reference_recorded""]","[""fixity_verified"", ""admission_passed""]",Approval records identity only and does not authorize redistribution.,approved,sha256:d1e358d532b69b469ac7078a0b9b9f57de408b8a9ec0f5b6dd13ef01587b9b72,bronze_b2
1970-01-01T00:00:00Z,promotion:b1-b2:au_mbs_historical_0079,bronze_b1,"[""91c1bfee72d556cd1316499683436c2c2cc126cefa1aff8e0ac4be2b7cc0fb13""]","[""fixity_verified"", ""admission_passed""]","[""immutable_reference_recorded""]","[""fixity_verified"", ""admission_passed""]",Approval records identity only and does not authorize redistribution.,approved,sha256:91c1bfee72d556cd1316499683436c2c2cc126cefa1aff8e0ac4be2b7cc0fb13,bronze_b2
1970-01-01T00:00:00Z,promotion:b1-b2:au_mbs_historical_0261,bronze_b1,"[""91cc41583ba34caab1d1f2f8e082ea850070a408bfd4d3d872cb6df20f7be5f2""]","[""fixity_verified"", ""admission_passed""]","[""immutable_reference_recorded""]","[""fixity_verified"", ""admission_passed""]",Approval records identity only and does not authorize redistribution.,approved,sha256:91cc41583ba34caab1d1f2f8e082ea850070a408bfd4d3d872cb6df20f7be5f2,bronze_b2
1970-01-01T00:00:00Z,promotion:b1-b2:au_mbs_historical_0137,bronze_b1,"[""3b20fd8b972cca62efc60fe355f0839025d25d9480f41542fe3fdabf07d1323d""]","[""fixity_verified"", ""admission_passed""]","[""immutable_reference_recorded""]","[""fixity_verified"", ""admission_passed""]",Approval records identity only and does not authorize redistribution.,approved,sha256:3b20fd8b972cca62efc60fe355f0839025d25d9480f41542fe3fdabf07d1323d,bronze_b2
1970-01-01T00:00:00Z,promotion:b1-b2:us_cms_clfs_26clabq3_ama_zip,bronze_b1,"[""f5a090789c40fe791b478a735c7cf5399e86726adc788f11829435cb0ca4d7d5""]","[""fixity_verified"", ""admission_passed""]","[""immutable_reference_recorded""]","[""fixity_verified"", ""admission_passed""]",Approval records identity only and does not authorize redistribution.,approved,sha256:f5a090789c40fe791b478a735c7cf5399e86726adc788f11829435cb0ca4d7d5,bronze_b2
1970-01-01T00:00:00Z,promotion:b1-b2:au_mbs_historical_0318,bronze_b1,"[""26a91a109da03f228dbabe2119afd00a3967bddcb0bf8fd14102682959741a6b""]","[""fixity_verified"", ""admission_passed""]","[""immutable_reference_recorded""]","[""fixity_verified"", ""admission_passed""]",Approval records identity only and does not authorize redistribution.,approved,sha256:26a91a109da03f228dbabe2119afd00a3967bddcb0bf8fd14102682959741a6b,bronze_b2
1970-01-01T00:00:00Z,promotion:b1-b2:au_mbs_historical_0050,bronze_b1,"[""1c03036f94d2d8d030c72213543fc274a3bc9ee314de3908376dc51b565e5037""]","[""fixity_verified"", ""admission_passed""]","[""immutable_reference_recorded""]","[""fixity_verified"", ""admission_passed""]",Approval records identity only and does not authorize redistribution.,approved,sha256:1c03036f94d2d8d030c72213543fc274a3bc9ee314de3908376dc51b565e5037,bronze_b2
1970-01-01T00:00:00Z,promotion:b1-b2:au_mbs_historical_0247,bronze_b1,"[""ebe7cb84a33e0614fc3d263d207b395344beb09594fe8e37732621d3e5f67005""]","[""fixity_verified"", ""admission_passed""]","[""immutable_reference_recorded""]","[""fixity_verified"", ""admission_passed""]",Approval records identity only and does not authorize redistribution.,approved,sha256:ebe7cb84a33e0614fc3d263d207b395344beb09594fe8e37732621d3e5f67005,bronze_b2
1970-01-01T00:00:00Z,promotion:b1-b2:au_mbs_historical_0072,bronze_b1,"[""202514d416c8074f937e52f6951c9f9d44c6af6c90c07006cb4ff3d421083e83""]","[""fixity_verified"", ""admission_passed""]","[""immutable_reference_recorded""]","[""fixity_verified"", ""admission_passed""]",Approval records identity only and does not authorize redistribution.,approved,sha256:202514d416c8074f937e52f6951c9f9d44c6af6c90c07006cb4ff3d421083e83,bronze_b2
1970-01-01T00:00:00Z,promotion:b1-b2:au_mbs_historical_0225,bronze_b1,"[""cacaae3678447a9f875cc76edefa50c86caa42baaa91c93ac7d3e445cb0018d7""]","[""fixity_verified"", ""admission_passed""]","[""immutable_reference_recorded""]","[""fixity_verified"", ""admission_passed""]",Approval records identity only and does not authorize redistribution.,approved,sha256:cacaae3678447a9f875cc76edefa50c86caa42baaa91c93ac7d3e445cb0018d7,bronze_b2
1970-01-01T00:00:00Z,promotion:b1-b2:au_mbs_historical_0214,bronze_b1,"[""ecf33377732459d1d089f8c64328def5d09ff7d9f45bc348fa4df71111fe0510""]","[""fixity_verified"", ""admission_passed""]","[""immutable_reference_recorded""]","[""fixity_verified"", ""admission_passed""]",Approval records identity only and does not authorize redistribution.,approved,sha256:ecf33377732459d1d089f8c64328def5d09ff7d9f45bc348fa4df71111fe0510,bronze_b2
1970-01-01T00:00:00Z,promotion:b1-b2:au_mbs_historical_0042,bronze_b1,"[""804bc902fe21ce0e8452cf06a87a51431db31da65663139c9679e15fe636cac1""]","[""fixity_verified"", ""admission_passed""]","[""immutable_reference_recorded""]","[""fixity_verified"", ""admission_passed""]",Approval records identity only and does not authorize redistribution.,approved,sha256:804bc902fe21ce0e8452cf06a87a51431db31da65663139c9679e15fe636cac1,bronze_b2
1970-01-01T00:00:00Z,promotion:b1-b2:au_mbs_historical_0213,bronze_b1,"[""2ab0be791c44fe59cb7fc7ebc0b1782a284fb3cef2404786160c0b9485f477cc""]","[""fixity_verified"", ""admission_passed""]","[""immutable_reference_recorded""]","[""fixity_verified"", ""admission_passed""]",Approval records identity only and does not authorize redistribution.,approved,sha256:2ab0be791c44fe59cb7fc7ebc0b1782a284fb3cef2404786160c0b9485f477cc,bronze_b2
1970-01-01T00:00:00Z,promotion:b1-b2:au_pbs_api_v3_current_month,bronze_b1,"[""e2aa5f7cc9a1c642d483b5457e9f1086c650490d6dd47152e82eb54046866733""]","[""fixity_verified"", ""admission_passed""]","[""immutable_reference_recorded""]","[""fixity_verified"", ""admission_passed""]",Approval records identity only and does not authorize redistribution.,approved,sha256:e2aa5f7cc9a1c642d483b5457e9f1086c650490d6dd47152e82eb54046866733,bronze_b2
1970-01-01T00:00:00Z,promotion:b1-b2:au_mbs_historical_0129,bronze_b1,"[""64e66eb7628982f506f933b70b06ad73a317c2b976da4fdda49b4cc47318ea1f""]","[""fixity_verified"", ""admission_passed""]","[""immutable_reference_recorded""]","[""fixity_verified"", ""admission_passed""]",Approval records identity only and does not authorize redistribution.,approved,sha256:64e66eb7628982f506f933b70b06ad73a317c2b976da4fdda49b4cc47318ea1f,bronze_b2
1970-01-01T00:00:00Z,promotion:b1-b2:au_mbs_historical_0286,bronze_b1,"[""ddb5f44e169b013bc37ffc1f171d5b98b109ae23181ca382c88a92a824ce901d""]","[""fixity_verified"", ""admission_passed""]","[""immutable_reference_recorded""]","[""fixity_verified"", ""admission_passed""]",Approval records identity only and does not authorize redistribution.,approved,sha256:ddb5f44e169b013bc37ffc1f171d5b98b109ae23181ca382c88a92a824ce901d,bronze_b2
1970-01-01T00:00:00Z,promotion:b1-b2:au_mbs_historical_0172,bronze_b1,"[""73c890ea9318bc735e5261b38e2b230512ddb3279a0156337a9c30e483778bad""]","[""fixity_verified"", ""admission_passed""]","[""immutable_reference_recorded""]","[""fixity_verified"", ""admission_passed""]",Approval records identity only and does not authorize redistribution.,approved,sha256:73c890ea9318bc735e5261b38e2b230512ddb3279a0156337a9c30e483778bad,bronze_b2
1970-01-01T00:00:00Z,promotion:b1-b2:au_mbs_historical_0212,bronze_b1,"[""28c0a49d0f19cf885cadd836f98f63961bb1cb115bf92bd6247db522e99733fd""]","[""fixity_verified"", ""admission_passed""]","[""immutable_reference_recorded""]","[""fixity_verified"", ""admission_passed""]",Approval records identity only and does not authorize redistribution.,approved,sha256:28c0a49d0f19cf885cadd836f98f63961bb1cb115bf92bd6247db522e99733fd,bronze_b2
1970-01-01T00:00:00Z,promotion:b1-b2:au_mbs_historical_0026,bronze_b1,"[""b2b31bb47c261177f6168fbb2ca98d9fbdc879a92645b8c6c6bfdccc107a11f2""]","[""fixity_verified"", ""admission_passed""]","[""immutable_reference_recorded""]","[""fixity_verified"", ""admission_passed""]",Approval records identity only and does not authorize redistribution.,approved,sha256:b2b31bb47c261177f6168fbb2ca98d9fbdc879a92645b8c6c6bfdccc107a11f2,bronze_b2
1970-01-01T00:00:00Z,promotion:b1-b2:au_mbs_historical_0229,bronze_b1,"[""2c973a08876674cff58455fcebcf6ccb143b47fceb6c986091fc0ec7b3f91239""]","[""fixity_verified"", ""admission_passed""]","[""immutable_reference_recorded""]","[""fixity_verified"", ""admission_passed""]",Approval records identity only and does not authorize redistribution.,approved,sha256:2c973a08876674cff58455fcebcf6ccb143b47fceb6c986091fc0ec7b3f91239,bronze_b2
1970-01-01T00:00:00Z,promotion:b1-b2:au_mbs_historical_0019,bronze_b1,"[""ff454d266a5537ac663bf5f20a934ad35822691f96474618f9f9920144f139e8""]","[""fixity_verified"", ""admission_passed""]","[""immutable_reference_recorded""]","[""fixity_verified"", ""admission_passed""]",Approval records identity only and does not authorize redistribution.,approved,sha256:ff454d266a5537ac663bf5f20a934ad35822691f96474618f9f9920144f139e8,bronze_b2
1970-01-01T00:00:00Z,promotion:b1-b2:au_mbs_historical_0022,bronze_b1,"[""86304e22cf1c24d95c0b855000df7e22ee53eaf61d3dbe5bd9ed329c1b36f5b6""]","[""fixity_verified"", ""admission_passed""]","[""immutable_reference_recorded""]","[""fixity_verified"", ""admission_passed""]",Approval records identity only and does not authorize redistribution.,approved,sha256:86304e22cf1c24d95c0b855000df7e22ee53eaf61d3dbe5bd9ed329c1b36f5b6,bronze_b2
1970-01-01T00:00:00Z,promotion:b1-b2:au_mbs_historical_0077,bronze_b1,"[""9b4ff824c0302302438ec55fc8151f1f62623a2ebc3e5461fd3772c9707482c0""]","[""fixity_verified"", ""admission_passed""]","[""immutable_reference_recorded""]","[""fixity_verified"", ""admission_passed""]",Approval records identity only and does not authorize redistribution.,approved,sha256:9b4ff824c0302302438ec55fc8151f1f62623a2ebc3e5461fd3772c9707482c0,bronze_b2
1970-01-01T00:00:00Z,promotion:b1-b2:au_mbs_historical_0169,bronze_b1,"[""455775c46beeeec60169edf8dc71360f544e57a3e176d409159009d2bd85f40d""]","[""fixity_verified"", ""admission_passed""]","[""immutable_reference_recorded""]","[""fixity_verified"", ""admission_passed""]",Approval records identity only and does not authorize redistribution.,approved,sha256:455775c46beeeec60169edf8dc71360f544e57a3e176d409159009d2bd85f40d,bronze_b2
1970-01-01T00:00:00Z,promotion:b1-b2:au_mbs_historical_0138,bronze_b1,"[""b71418e0663b958d74c68ef22e561cdcd0a16486a7f0fc96c840d0f39243c3a5""]","[""fixity_verified"", ""admission_passed""]","[""immutable_reference_recorded""]","[""fixity_verified"", ""admission_passed""]",Approval records identity only and does not authorize redistribution.,approved,sha256:b71418e0663b958d74c68ef22e561cdcd0a16486a7f0fc96c840d0f39243c3a5,bronze_b2
1970-01-01T00:00:00Z,promotion:b1-b2:au_mbs_historical_0139,bronze_b1,"[""07ea7e7767619acea74dc6d82bfdbac8f5cd340130cd1811612d3ea340db413f""]","[""fixity_verified"", ""admission_passed""]","[""immutable_reference_recorded""]","[""fixity_verified"", ""admission_passed""]",Approval records identity only and does not authorize redistribution.,approved,sha256:07ea7e7767619acea74dc6d82bfdbac8f5cd340130cd1811612d3ea340db413f,bronze_b2
1970-01-01T00:00:00Z,promotion:b1-b2:au_mbs_historical_0140,bronze_b1,"[""a9d65a3fef600b11638243b17ac8d9b9ac13d2fa9b6126e4b536f9c0dceb0cbe""]","[""fixity_verified"", ""admission_passed""]","[""immutable_reference_recorded""]","[""fixity_verified"", ""admission_passed""]",Approval records identity only and does not authorize redistribution.,approved,sha256:a9d65a3fef600b11638243b17ac8d9b9ac13d2fa9b6126e4b536f9c0dceb0cbe,bronze_b2
1970-01-01T00:00:00Z,promotion:b1-b2:au_mbs_historical_0269,bronze_b1,"[""9e9cc1cc3679693a6a2765a6048d6ab058a179b181e1f5b805e366a9b47daed7""]","[""fixity_verified"", ""admission_passed""]","[""immutable_reference_recorded""]","[""fixity_verified"", ""admission_passed""]",Approval records identity only and does not authorize redistribution.,approved,sha256:9e9cc1cc3679693a6a2765a6048d6ab058a179b181e1f5b805e366a9b47daed7,bronze_b2
1970-01-01T00:00:00Z,promotion:b1-b2:au_mbs_historical_0321,bronze_b1,"[""112b94c3f445d1881c2a0fd26de727e95658627266f79610e34e71736337997a""]","[""fixity_verified"", ""admission_passed""]","[""immutable_reference_recorded""]","[""fixity_verified"", ""admission_passed""]",Approval records identity only and does not authorize redistribution.,approved,sha256:112b94c3f445d1881c2a0fd26de727e95658627266f79610e34e71736337997a,bronze_b2
1970-01-01T00:00:00Z,promotion:b1-b2:au_mbs_historical_0208,bronze_b1,"[""9fb340433d84932c17db84ddc57ecc6f02b511107b8589907633b5218d7ae1c6""]","[""fixity_verified"", ""admission_passed""]","[""immutable_reference_recorded""]","[""fixity_verified"", ""admission_passed""]",Approval records identity only and does not authorize redistribution.,approved,sha256:9fb340433d84932c17db84ddc57ecc6f02b511107b8589907633b5218d7ae1c6,bronze_b2
1970-01-01T00:00:00Z,promotion:b1-b2:au_mbs_historical_0183,bronze_b1,"[""f2ea5c5ba1c0650b0bb7495d34977825579d4cc0d0af1bb049184ab37082b58d""]","[""fixity_verified"", ""admission_passed""]","[""immutable_reference_recorded""]","[""fixity_verified"", ""admission_passed""]",Approval records identity only and does not authorize redistribution.,approved,sha256:f2ea5c5ba1c0650b0bb7495d34977825579d4cc0d0af1bb049184ab37082b58d,bronze_b2
1970-01-01T00:00:00Z,promotion:b1-b2:au_mbs_historical_0192,bronze_b1,"[""e6d2c66d646f0d9d66af18cd8bb0fed72f3c23f693d5d4a5af66391657e38587""]","[""fixity_verified"", ""admission_passed""]","[""immutable_reference_recorded""]","[""fixity_verified"", ""admission_passed""]",Approval records identity only and does not authorize redistribution.,approved,sha256:e6d2c66d646f0d9d66af18cd8bb0fed72f3c23f693d5d4a5af66391657e38587,bronze_b2
1970-01-01T00:00:00Z,promotion:b1-b2:au_mbs_historical_0155,bronze_b1,"[""6bae66c64df74086159a1a828cb0de3a0e2d7cfa2a10f2af9c2f0159ce82fc76""]","[""fixity_verified"", ""admission_passed""]","[""immutable_reference_recorded""]","[""fixity_verified"", ""admission_passed""]",Approval records identity only and does not authorize redistribution.,approved,sha256:6bae66c64df74086159a1a828cb0de3a0e2d7cfa2a10f2af9c2f0159ce82fc76,bronze_b2
1970-01-01T00:00:00Z,promotion:b1-b2:au_mbs_historical_0076,bronze_b1,"[""4fafc0c915ad47d5615c24199414f8485dd2601f8b3d360f67b81900f8dfc3b8""]","[""fixity_verified"", ""admission_passed""]","[""immutable_reference_recorded""]","[""fixity_verified"", ""admission_passed""]",Approval records identity only and does not authorize redistribution.,approved,sha256:4fafc0c915ad47d5615c24199414f8485dd2601f8b3d360f67b81900f8dfc3b8,bronze_b2
1970-01-01T00:00:00Z,promotion:b1-b2:au_mbs_historical_0116,bronze_b1,"[""d1df736a8340dc3204fbeabcdb9a8b394449aef8ccaf28fb55cd3878f76e1856""]","[""fixity_verified"", ""admission_passed""]","[""immutable_reference_recorded""]","[""fixity_verified"", ""admission_passed""]",Approval records identity only and does not authorize redistribution.,approved,sha256:d1df736a8340dc3204fbeabcdb9a8b394449aef8ccaf28fb55cd3878f76e1856,bronze_b2
1970-01-01T00:00:00Z,promotion:b1-b2:au_mbs_historical_0262,bronze_b1,"[""bcd81727dba45095787a4616b401255477d460e18955cc89d4adbc5a7cbeb686""]","[""fixity_verified"", ""admission_passed""]","[""immutable_reference_recorded""]","[""fixity_verified"", ""admission_passed""]",Approval records identity only and does not authorize redistribution.,approved,sha256:bcd81727dba45095787a4616b401255477d460e18955cc89d4adbc5a7cbeb686,bronze_b2
1970-01-01T00:00:00Z,promotion:b1-b2:au_mbs_historical_0005,bronze_b1,"[""b2a6f57e321331bbb4835790afe818f04246f74e6eb0809ccb49146c95f74617""]",[],"[""b2_evidence_missing""]","[""fixity_verified"", ""admission_passed""]",Approval records identity only and does not authorize redistribution.,blocked,sha256:ed41af536607da922d7937eaeb0ffea22f45c451bcb5112b696894d2dbf5bf92,bronze_b2
1970-01-01T00:00:00Z,promotion:b1-b2:au_mbs_historical_0216,bronze_b1,"[""9df58e80c29524c82632d9cceaec22abf8cf41746e1fea2b10dafbd07e3ce7de""]","[""fixity_verified"", ""admission_passed""]","[""immutable_reference_recorded""]","[""fixity_verified"", ""admission_passed""]",Approval records identity only and does not authorize redistribution.,approved,sha256:9df58e80c29524c82632d9cceaec22abf8cf41746e1fea2b10dafbd07e3ce7de,bronze_b2
1970-01-01T00:00:00Z,promotion:b1-b2:au_mbs_historical_0097,bronze_b1,"[""06c3361624709190f83391208842bbbcb8cf8b76796f79ec6d5633840aaf7f2d""]","[""fixity_verified"", ""admission_passed""]","[""immutable_reference_recorded""]","[""fixity_verified"", ""admission_passed""]",Approval records identity only and does not authorize redistribution.,approved,sha256:06c3361624709190f83391208842bbbcb8cf8b76796f79ec6d5633840aaf7f2d,bronze_b2
1970-01-01T00:00:00Z,promotion:b1-b2:au_pbs_api_v3_current_month,bronze_b1,"[""1bd0e95f100c015f39ee8ef8ab006998a1f63f347b52bcd2aec32c7efb1f9223""]","[""fixity_verified"", ""admission_passed""]","[""immutable_reference_recorded""]","[""fixity_verified"", ""admission_passed""]",Approval records identity only and does not authorize redistribution.,approved,sha256:1bd0e95f100c015f39ee8ef8ab006998a1f63f347b52bcd2aec32c7efb1f9223,bronze_b2
1970-01-01T00:00:00Z,promotion:b1-b2:au_mbs_historical_0128,bronze_b1,"[""37d6bd3fdcb46915f341604cd2dd83e86e7866ef6a1792c35527c8caeb4d0e28""]","[""fixity_verified"", ""admission_passed""]","[""immutable_reference_recorded""]","[""fixity_verified"", ""admission_passed""]",Approval records identity only and does not authorize redistribution.,approved,sha256:37d6bd3fdcb46915f341604cd2dd83e86e7866ef6a1792c35527c8caeb4d0e28,bronze_b2
1970-01-01T00:00:00Z,promotion:b1-b2:au_mbs_historical_0062,bronze_b1,"[""68b5974ad07d253aa4fa17e6f149ba7043420a1ccefe9ff23704305f643be014""]","[""fixity_verified"", ""admission_passed""]","[""immutable_reference_recorded""]","[""fixity_verified"", ""admission_passed""]",Approval records identity only and does not authorize redistribution.,approved,sha256:68b5974ad07d253aa4fa17e6f149ba7043420a1ccefe9ff23704305f643be014,bronze_b2
1970-01-01T00:00:00Z,promotion:b1-b2:au_mbs_historical_0036,bronze_b1,"[""6001c27b75a1a6c27e65e1f3616e311abad06c0635b0068c11909eb5c1d49d79""]","[""fixity_verified"", ""admission_passed""]","[""immutable_reference_recorded""]","[""fixity_verified"", ""admission_passed""]",Approval records identity only and does not authorize redistribution.,approved,sha256:6001c27b75a1a6c27e65e1f3616e311abad06c0635b0068c11909eb5c1d49d79,bronze_b2
1970-01-01T00:00:00Z,promotion:b1-b2:au_mbs_historical_0008,bronze_b1,"[""07563bbba8bad0a8e5b51cf383edcf21f347b8dd3880757df6e19ef0ee3eb5b6""]","[""fixity_verified"", ""admission_passed""]","[""immutable_reference_recorded""]","[""fixity_verified"", ""admission_passed""]",Approval records identity only and does not authorize redistribution.,approved,sha256:07563bbba8bad0a8e5b51cf383edcf21f347b8dd3880757df6e19ef0ee3eb5b6,bronze_b2
1970-01-01T00:00:00Z,promotion:b1-b2:au_mbs_historical_0152,bronze_b1,"[""b28223f47297b37b622eab5ecb50f63bfa0022e1c1557194f1a33271d832afbc""]","[""fixity_verified"", ""admission_passed""]","[""immutable_reference_recorded""]","[""fixity_verified"", ""admission_passed""]",Approval records identity only and does not authorize redistribution.,approved,sha256:b28223f47297b37b622eab5ecb50f63bfa0022e1c1557194f1a33271d832afbc,bronze_b2
1970-01-01T00:00:00Z,promotion:b1-b2:au_mbs_2010_2019_downloads_page,bronze_b1,"[""f849cbe5488b7882ffcc63813850c9b67369bd618c703e9c92a8cd63cd2d2d64""]",[],"[""b2_evidence_missing""]","[""fixity_verified"", ""admission_passed""]",Approval records identity only and does not authorize redistribution.,blocked,sha256:f18a299dd5e195a86e503a4594ce90617f0dcadfb1e05423beae1efe83fc0697,bronze_b2
1970-01-01T00:00:00Z,promotion:b1-b2:au_mbs_historical_0334,bronze_b1,"[""8911fcdf48645c1ef43c1dd5e680dae287f43b5a6a81e374a51a1ba67d20b75a""]","[""fixity_verified"", ""admission_passed""]","[""immutable_reference_recorded""]","[""fixity_verified"", ""admission_passed""]",Approval records identity only and does not authorize redistribution.,approved,sha256:8911fcdf48645c1ef43c1dd5e680dae287f43b5a6a81e374a51a1ba67d20b75a,bronze_b2
1970-01-01T00:00:00Z,promotion:b1-b2:au_mbs_historical_0332,bronze_b1,"[""bc8441576fef11516180473f995ac3ad0e2fa851f2855544ee2d5737d63ab807""]","[""fixity_verified"", ""admission_passed""]","[""immutable_reference_recorded""]","[""fixity_verified"", ""admission_passed""]",Approval records identity only and does not authorize redistribution.,approved,sha256:bc8441576fef11516180473f995ac3ad0e2fa851f2855544ee2d5737d63ab807,bronze_b2
1970-01-01T00:00:00Z,promotion:b1-b2:au_mbs_historical_0316,bronze_b1,"[""42c410fdd89df05cb88002e6ce424c7feeda21469ff3898a92bdb1618e99b89e""]","[""fixity_verified"", ""admission_passed""]","[""immutable_reference_recorded""]","[""fixity_verified"", ""admission_passed""]",Approval records identity only and does not authorize redistribution.,approved,sha256:42c410fdd89df05cb88002e6ce424c7feeda21469ff3898a92bdb1618e99b89e,bronze_b2
1970-01-01T00:00:00Z,promotion:b1-b2:au_pbs_api_v3_current_month,bronze_b1,"[""02b8210c47c80c327808bd98021e70450511a7d349bf8155422340ee31230e9f""]",[],"[""b2_evidence_missing""]","[""fixity_verified"", ""admission_passed""]",Approval records identity only and does not authorize redistribution.,blocked,sha256:f417afca6a3019b936f6fde515de9781c106107cb4c8fc542e4dcc5a71dbb6a7,bronze_b2
1970-01-01T00:00:00Z,promotion:b1-b2:au_mbs_historical_0059,bronze_b1,"[""c4cd9806a0d555253c54d65746c3c0ae6f05740b03bdb4a5ca41ea798f4d1038""]","[""fixity_verified"", ""admission_passed""]","[""immutable_reference_recorded""]","[""fixity_verified"", ""admission_passed""]",Approval records identity only and does not authorize redistribution.,approved,sha256:c4cd9806a0d555253c54d65746c3c0ae6f05740b03bdb4a5ca41ea798f4d1038,bronze_b2
1970-01-01T00:00:00Z,promotion:b1-b2:au_mbs_historical_0052,bronze_b1,"[""e49c8fec2626edfcf95ab964c5932767e417395ac6035c99b3e6d1d97bf9e2a0""]","[""fixity_verified"", ""admission_passed""]","[""immutable_reference_recorded""]","[""fixity_verified"", ""admission_passed""]",Approval records identity only and does not authorize redistribution.,approved,sha256:e49c8fec2626edfcf95ab964c5932767e417395ac6035c99b3e6d1d97bf9e2a0,bronze_b2
1970-01-01T00:00:00Z,promotion:b1-b2:au_mbs_historical_0066,bronze_b1,"[""1e7904f12be213d84129265e80b63af8b801fc1cbfdcca93449f85ce3ab7b91b""]","[""fixity_verified"", ""admission_passed""]","[""immutable_reference_recorded""]","[""fixity_verified"", ""admission_passed""]",Approval records identity only and does not authorize redistribution.,approved,sha256:1e7904f12be213d84129265e80b63af8b801fc1cbfdcca93449f85ce3ab7b91b,bronze_b2
1970-01-01T00:00:00Z,promotion:b1-b2:au_mbs_historical_0007,bronze_b1,"[""efe504ef33bfd11c48069dc6f14ac55b29df456c6d33001b03013dda61fd4872""]","[""fixity_verified"", ""admission_passed""]","[""immutable_reference_recorded""]","[""fixity_verified"", ""admission_passed""]",Approval records identity only and does not authorize redistribution.,approved,sha256:efe504ef33bfd11c48069dc6f14ac55b29df456c6d33001b03013dda61fd4872,bronze_b2
1970-01-01T00:00:00Z,promotion:b1-b2:au_mbs_historical_0158,bronze_b1,"[""676a37a32fd870bb001a90c92f65eb885c5611467efe0edfb7bc279a09997077""]","[""fixity_verified"", ""admission_passed""]","[""immutable_reference_recorded""]","[""fixity_verified"", ""admission_passed""]",Approval records identity only and does not authorize redistribution.,approved,sha256:676a37a32fd870bb001a90c92f65eb885c5611467efe0edfb7bc279a09997077,bronze_b2
1970-01-01T00:00:00Z,promotion:b1-b2:au_mbs_historical_0270,bronze_b1,"[""1656f7f353e81235ab22feff01ffb68a261a39de9be66483cf7b154da337098c""]",[],"[""b2_evidence_missing""]","[""fixity_verified"", ""admission_passed""]",Approval records identity only and does not authorize redistribution.,blocked,sha256:1656f7f353e81235ab22feff01ffb68a261a39de9be66483cf7b154da337098c,bronze_b2
1970-01-01T00:00:00Z,promotion:b1-b2:au_mbs_historical_0303,bronze_b1,"[""89318ecd4e1c6d3c714f5a52e84de59db15ee62bdd7f8eafa7a6f1e80f6a32ca""]","[""fixity_verified"", ""admission_passed""]","[""immutable_reference_recorded""]","[""fixity_verified"", ""admission_passed""]",Approval records identity only and does not authorize redistribution.,approved,sha256:89318ecd4e1c6d3c714f5a52e84de59db15ee62bdd7f8eafa7a6f1e80f6a32ca,bronze_b2
1970-01-01T00:00:00Z,promotion:b1-b2:au_mbs_historical_0202,bronze_b1,"[""59fecc0b8070b60b99ea6f155631514c5ea9f1ff5fe5fb5c26f358c4823af0d0""]","[""fixity_verified"", ""admission_passed""]","[""immutable_reference_recorded""]","[""fixity_verified"", ""admission_passed""]",Approval records identity only and does not authorize redistribution.,approved,sha256:59fecc0b8070b60b99ea6f155631514c5ea9f1ff5fe5fb5c26f358c4823af0d0,bronze_b2
1970-01-01T00:00:00Z,promotion:b1-b2:au_mbs_historical_0032,bronze_b1,"[""7480489e0445f899140124f2ac5bb1818bf9736c73928ca92bf173feedb51e1b""]","[""fixity_verified"", ""admission_passed""]","[""immutable_reference_recorded""]","[""fixity_verified"", ""admission_passed""]",Approval records identity only and does not authorize redistribution.,approved,sha256:7480489e0445f899140124f2ac5bb1818bf9736c73928ca92bf173feedb51e1b,bronze_b2
1970-01-01T00:00:00Z,promotion:b1-b2:au_mbs_historical_0099,bronze_b1,"[""dbf1fc22899daa2c5fb1516d70b8b5993675030606e66734a3c8e19fd0fb1f2f""]","[""fixity_verified"", ""admission_passed""]","[""immutable_reference_recorded""]","[""fixity_verified"", ""admission_passed""]",Approval records identity only and does not authorize redistribution.,approved,sha256:dbf1fc22899daa2c5fb1516d70b8b5993675030606e66734a3c8e19fd0fb1f2f,bronze_b2
1970-01-01T00:00:00Z,promotion:b1-b2:rxnorm_cpc_20260706,bronze_b1,"[""4dda3b83bb67af5f8349a5fd455a4c54b8290921cffecc362163cd00f27439a5""]","[""fixity_verified"", ""admission_passed""]","[""immutable_reference_recorded""]","[""fixity_verified"", ""admission_passed""]",Approval records identity only and does not authorize redistribution.,approved,sha256:4dda3b83bb67af5f8349a5fd455a4c54b8290921cffecc362163cd00f27439a5,bronze_b2
1970-01-01T00:00:00Z,promotion:b1-b2:au_mbs_historical_0048,bronze_b1,"[""a5744e159f199eced677843bccb354fc68faba0765580397cf592d908c35a7c8""]","[""fixity_verified"", ""admission_passed""]","[""immutable_reference_recorded""]","[""fixity_verified"", ""admission_passed""]",Approval records identity only and does not authorize redistribution.,approved,sha256:a5744e159f199eced677843bccb354fc68faba0765580397cf592d908c35a7c8,bronze_b2
1970-01-01T00:00:00Z,promotion:b1-b2:au_mbs_historical_0336,bronze_b1,"[""bd0224615f1a19d03f9e8282f539ed3553d8fde9d4b746ee1adf9a0502ca025b""]","[""fixity_verified"", ""admission_passed""]","[""immutable_reference_recorded""]","[""fixity_verified"", ""admission_passed""]",Approval records identity only and does not authorize redistribution.,approved,sha256:bd0224615f1a19d03f9e8282f539ed3553d8fde9d4b746ee1adf9a0502ca025b,bronze_b2
1970-01-01T00:00:00Z,promotion:b1-b2:au_mbs_historical_0185,bronze_b1,"[""6a76b1db37a285b4102512f0596212157736769f4232d408146e1102e57157bb""]","[""fixity_verified"", ""admission_passed""]","[""immutable_reference_recorded""]","[""fixity_verified"", ""admission_passed""]",Approval records identity only and does not authorize redistribution.,approved,sha256:6a76b1db37a285b4102512f0596212157736769f4232d408146e1102e57157bb,bronze_b2
1970-01-01T00:00:00Z,promotion:b1-b2:au_mbs_historical_0174,bronze_b1,"[""3a49bc7cfb4554060b2e9b0079c2293abc8d1d071a2de3cd3bf9c2c6061d4f8f""]","[""fixity_verified"", ""admission_passed""]","[""immutable_reference_recorded""]","[""fixity_verified"", ""admission_passed""]",Approval records identity only and does not authorize redistribution.,approved,sha256:3a49bc7cfb4554060b2e9b0079c2293abc8d1d071a2de3cd3bf9c2c6061d4f8f,bronze_b2
1970-01-01T00:00:00Z,promotion:b1-b2:au_mbs_historical_0217,bronze_b1,"[""affab4dd6faf8c6120599b1554d9a57e5f4f32e988c0ce44166d0939b83a647f""]","[""fixity_verified"", ""admission_passed""]","[""immutable_reference_recorded""]","[""fixity_verified"", ""admission_passed""]",Approval records identity only and does not authorize redistribution.,approved,sha256:affab4dd6faf8c6120599b1554d9a57e5f4f32e988c0ce44166d0939b83a647f,bronze_b2
1970-01-01T00:00:00Z,promotion:b1-b2:au_mbs_historical_0111,bronze_b1,"[""e662bce2f16a85191240cdbcae960d884f178c5f6b3a9feb025a6e9251340d40""]","[""fixity_verified"", ""admission_passed""]","[""immutable_reference_recorded""]","[""fixity_verified"", ""admission_passed""]",Approval records identity only and does not authorize redistribution.,approved,sha256:e662bce2f16a85191240cdbcae960d884f178c5f6b3a9feb025a6e9251340d40,bronze_b2
1970-01-01T00:00:00Z,promotion:b1-b2:au_mbs_historical_0184,bronze_b1,"[""2482114323ef070928a0db74a146d387d5a17848c6ff4c8aa6fb891f7347234e""]","[""fixity_verified"", ""admission_passed""]","[""immutable_reference_recorded""]","[""fixity_verified"", ""admission_passed""]",Approval records identity only and does not authorize redistribution.,approved,sha256:2482114323ef070928a0db74a146d387d5a17848c6ff4c8aa6fb891f7347234e,bronze_b2
1970-01-01T00:00:00Z,promotion:b1-b2:au_mbs_historical_0328,bronze_b1,"[""457b7f57c26a9312c6f2710e7aa0ab0d4c84e90efd760a20ad069f2902e665bc""]","[""fixity_verified"", ""admission_passed""]","[""immutable_reference_recorded""]","[""fixity_verified"", ""admission_passed""]",Approval records identity only and does not authorize redistribution.,approved,sha256:457b7f57c26a9312c6f2710e7aa0ab0d4c84e90efd760a20ad069f2902e665bc,bronze_b2
1970-01-01T00:00:00Z,promotion:silver-gold:4009d03a30719f53,silver,"[""d9dbf63c0a4714c9ade25bb862d144169a38a1b0d8807577a745db91ac9abc38"", ""8ae40dd1a2d37d09c6d28a898305ea71714c32052b7ec6d2770d36efdd350946"", ""e4c603c12043f0f540a1b039c7e7727d2276fa4d8bfda0ee770723fbdce5d253"", ""5c3f7e60c09dc4b70bbc6d867c625d4908ccd019a22982d117a89cb6a61f0756"", ""9fcc4c67cb81fd9ef0f6de72b7947773e821ffe9b7949be7a1a55ac55ab4c509"", ""fa88b1b70644579365077b2de2ba81dc38e361d0a057bc644d320b78a2e728b8"", ""bed2d8df19f3d8ab225659e2117c6ebfd0dc4bec658d59c30b7068889bc663fe"", ""4f8a6024ec3cc62da3d6df393a733af2454e0a2c0a289f9599a6e6734f4d0fc5"", ""a8376de66d42f2def5f1feda6b0b7fbc1009b96b40891788bbbfe42e6b30de86"", ""d9d81a4a87991d93ff7940e7a200ce6eedcc6de614f9542292697c8d19ad4c00"", ""46bc53085b76e0a73bb6cdbec5bf03cc39ab02c94b68f2679672965af50943b3"", ""5f7e0027f11cbb1b4f948bff80866bb4a1d739a7757900adc5a39c6713a874a4"", ""ecec82efedaafce6954c5e8c8f5f9834a7253aab30e80509fe40ca80a145d6a1"", ""ecfa97cebb9042e9838cc6e0c93b2484378dc3374dc4d032d1b4d366cf30ed79"", ""5099e25bfb9b3986ef7c12090407be92bbb991f6bd7e033333a8dc2ee2c1c538"", ""f46ffb413732c6e8f74b4fbcdde5ad199d485f1e6bfb41c137c796568e45c925""]","[""silver_inputs_approved"", ""mapping_evaluation_sealed""]","[""sealed_mapping_evidence""]","[""silver_inputs_approved"", ""mapping_evaluation_sealed""]",Gold scope is bounded to the sealed study and its documented metrics.,approved,gold:mapping-study-expansion-v9,gold
1970-01-01T00:00:00Z,promotion:silver-gold:b09aa1876d6249e5,silver,"[""4ee107f5f451d2e7149f534c8a2ba5b7a6ce22ec32d54fd13048561512c63ab8""]","[""source_registry_silver_approved"", ""scoped_claim_review_current""]","[""scoped_source_transparency_evidence""]","[""source_registry_silver_approved"", ""scoped_claim_review_current""]",Gold scope is bounded to reviewed source-registry metadata observations.,approved,gold:source-transparency-claim-package,gold
1970-01-01T00:00:00Z,promotion:gold-platinum:68e461246bdfa520,gold,"[""d37f4d3ca93f60ac628dfb1ed290887fa06a540298cbf5af157561b5ac80696b"", ""bdcea6fa2b9c2ba84f9f15dd5a2a306a9ffef8c8ca5eeeea92242163099ed5a2""]","[""gold_input_present"", ""evidence_release_ready"", ""product_rights_approved""]","[""external_product_release_gate_separate""]","[""gold_input_present"", ""evidence_release_ready"", ""product_rights_approved""]",External mutation and publication authority remain separate.,blocked,platinum:pyproject.toml,platinum
1970-01-01T00:00:00Z,promotion:gold-platinum:7df23c4dfd3c7515,gold,"[""bdcea6fa2b9c2ba84f9f15dd5a2a306a9ffef8c8ca5eeeea92242163099ed5a2""]","[""gold_input_approved"", ""repository_release_ready"", ""public_data_policy_passed"", ""product_rights_approved"", ""scoped_claim_review_current""]","[""bounded_source_transparency_release_contract_satisfied""]","[""gold_input_approved"", ""repository_release_ready"", ""public_data_policy_passed"", ""product_rights_approved"", ""scoped_claim_review_current""]","Metadata observations only: registered-source counts and declared machine-readability, historical-version, utilisation-data, URL and licence-note fields. Prohibited: health-system quality rankings, causal conclusions, cross-jurisdiction price equivalence, item-level coverage or universal reimbursement, universal accessibility conformance, DOI reservation or archive publication, papers or preprints.",approved,platinum:apps:dashboard:src:pages:sources:index.astro,platinum
1970-01-01T00:00:00Z,promotion:gold-platinum:5c3d3b947c10490a,gold,"[""d37f4d3ca93f60ac628dfb1ed290887fa06a540298cbf5af157561b5ac80696b"", ""bdcea6fa2b9c2ba84f9f15dd5a2a306a9ffef8c8ca5eeeea92242163099ed5a2""]","[""gold_input_present"", ""evidence_release_ready"", ""product_rights_approved""]","[""external_product_release_gate_separate""]","[""gold_input_present"", ""evidence_release_ready"", ""product_rights_approved""]",External mutation and publication authority remain separate.,blocked,platinum:.zenodo.json,platinum
