archive_page,byte_size,cache_path,checksum_sha256,citation_key,detail,file_kind,file_name,id,licence_gate,review_status,source_id,source_url,source_version_id,status,transformation_process
https://www.pbs.gov.au/info/publication/schedule/2012,2717864,data/raw_live/historical_sources/pbs_archive/au_pbs_archive_0042c4886da1d4a5.pdf,702d80f7b80b510cb39b94c6f51e4625bb534c3615e6dfce3a2c0444998903a0,reimbursement_atlas:au_pbs_archive_2012_10_01_0042c4886da1,Existing local cache retained; use --force to replace it.,pdf,2012-10-01-dental-book.pdf,au_pbs_archive_0042c4886da1d4a5,public_reuse_review,pending_human_review,au_pbs,https://www.pbs.gov.au/publication/schedule/2012/10/2012-10-01-dental-book.pdf?variant=3,au_pbs_archive_2012_10_01_0042c4886da1,cached,data/derived/processes/historical_source_transformation.bpmn
https://www.pbs.gov.au/info/publication/schedule/2011,501681,data/raw_live/historical_sources/pbs_archive/au_pbs_archive_00cf3278cf9d1577.pdf,983a9c34383a61fad3cba27e84943d66a113776ee224bf5aed76332bbfbd203c,reimbursement_atlas:au_pbs_archive_2011_02_01_00cf3278cf9d,Existing local cache retained; use --force to replace it.,pdf,2011-02-01-dental-book-SOC.pdf,au_pbs_archive_00cf3278cf9d1577,public_reuse_review,pending_human_review,au_pbs,https://www.pbs.gov.au/publication/schedule/2011/02/2011-02-01-dental-book-SOC.pdf?variant=3,au_pbs_archive_2011_02_01_00cf3278cf9d,cached,data/derived/processes/historical_source_transformation.bpmn
https://www.pbs.gov.au/info/publication/schedule/2020,211836,data/raw_live/historical_sources/pbs_archive/au_pbs_archive_00fe61de194c5cf6.pdf,c1c83bd3e245435e8626a29f19930e41f25a444bdb9a03c2eeb27b3119f97b25,reimbursement_atlas:au_pbs_archive_unknown_00fe61de194c,Existing local cache retained; use --force to replace it.,pdf,updated-pbs-text-files.pdf,au_pbs_archive_00fe61de194c5cf6,public_reuse_review,pending_human_review,au_pbs,https://www.pbs.gov.au/publication/schedule/2020/10/updated-pbs-text-files.pdf?variant=3,au_pbs_archive_unknown_00fe61de194c,cached,data/derived/processes/historical_source_transformation.bpmn
https://www.pbs.gov.au/info/publication/schedule/2023,26241804,data/raw_live/historical_sources/pbs_archive/au_pbs_archive_01275a1d2b1e0f32.pdf,cdb4e92dde1404f8c172b51d69ce5244687c8facb0e605e8bdc21ad5e6a4b189,reimbursement_atlas:au_pbs_archive_2023_05_01_01275a1d2b1e,Existing local cache retained; use --force to replace it.,pdf,2023-05-01-general-schedule-volume-1.pdf,au_pbs_archive_01275a1d2b1e0f32,public_reuse_review,pending_human_review,au_pbs,https://www.pbs.gov.au/publication/schedule/2023/05/2023-05-01-general-schedule-volume-1.pdf?variant=3,au_pbs_archive_2023_05_01_01275a1d2b1e,cached,data/derived/processes/historical_source_transformation.bpmn
https://www.pbs.gov.au/info/publication/schedule/2019,21382945,data/raw_live/historical_sources/pbs_archive/au_pbs_archive_01330652d121f688.pdf,4a4b686f7b92a08459350bb8e822d63afa6c1d9aa6af844a40e1de64a0a539c8,reimbursement_atlas:au_pbs_archive_2019_04_01_01330652d121,Existing local cache retained; use --force to replace it.,pdf,2019-04-01-general-schedule.pdf,au_pbs_archive_01330652d121f688,public_reuse_review,pending_human_review,au_pbs,https://www.pbs.gov.au/publication/schedule/2019/04/2019-04-01-general-schedule.pdf?variant=3,au_pbs_archive_2019_04_01_01330652d121,cached,data/derived/processes/historical_source_transformation.bpmn
https://www.pbs.gov.au/info/publication/schedule/2008,210216,data/raw_live/historical_sources/pbs_archive/au_pbs_archive_014ce140a40085cf.pdf,4749e7ad53414b31f1d0ea2eef6a6fc2f591643069b8e857f092862287a15a4d,reimbursement_atlas:au_pbs_archive_2008_07_01_014ce140a400,Existing local cache retained; use --force to replace it.,pdf,2008-07-01-general-schedule-soc.pdf,au_pbs_archive_014ce140a40085cf,public_reuse_review,pending_human_review,au_pbs,https://www.pbs.gov.au/publication/schedule/2008/2008-07-01-general-schedule-soc.pdf?variant=3,au_pbs_archive_2008_07_01_014ce140a400,cached,data/derived/processes/historical_source_transformation.bpmn
https://www.pbs.gov.au/info/publication/schedule/2014,581180,data/raw_live/historical_sources/pbs_archive/au_pbs_archive_0244f530276be5e7.pdf,465540473ac2c8d13511d6a01c18e692cb2cd7ccef103828ddbdecb61443a5b1,reimbursement_atlas:au_pbs_archive_2014_10_01_0244f530276b,Existing local cache retained; use --force to replace it.,pdf,2014-10-01-efc-schedule.pdf,au_pbs_archive_0244f530276be5e7,public_reuse_review,pending_human_review,au_pbs,https://www.pbs.gov.au/publication/schedule/2014/10/2014-10-01-efc-schedule.pdf?variant=3,au_pbs_archive_2014_10_01_0244f530276b,cached,data/derived/processes/historical_source_transformation.bpmn
https://www.pbs.gov.au/info/publication/schedule/2008,3807241,data/raw_live/historical_sources/pbs_archive/au_pbs_archive_02bedf73d6dc304f.pdf,660f5d1eb2cdad7648bf4acf897e876ea0627b767a771af08fb10b378b7b79e5,reimbursement_atlas:au_pbs_archive_2008_01_01_02bedf73d6dc,Existing local cache retained; use --force to replace it.,pdf,2008-01-01-general-schedule.pdf,au_pbs_archive_02bedf73d6dc304f,public_reuse_review,pending_human_review,au_pbs,https://www.pbs.gov.au/publication/schedule/2008/2008-01-01-general-schedule.pdf?variant=3,au_pbs_archive_2008_01_01_02bedf73d6dc,cached,data/derived/processes/historical_source_transformation.bpmn
https://www.pbs.gov.au/info/publication/schedule/2013,67038,data/raw_live/historical_sources/pbs_archive/au_pbs_archive_02d2d5fa173e8a04.pdf,5833a73f8658d3f2ec368fe483858790ddada88bd613b648fc45eca5ab937d9d,reimbursement_atlas:au_pbs_archive_2013_10_01_02d2d5fa173e,Existing local cache retained; use --force to replace it.,pdf,2013-10-01-errata.pdf,au_pbs_archive_02d2d5fa173e8a04,public_reuse_review,pending_human_review,au_pbs,https://www.pbs.gov.au/publication/schedule/2013/10/2013-10-01-errata.pdf?variant=3,au_pbs_archive_2013_10_01_02d2d5fa173e,cached,data/derived/processes/historical_source_transformation.bpmn
https://www.pbs.gov.au/info/publication/schedule/2010,74261,data/raw_live/historical_sources/pbs_archive/au_pbs_archive_02ff51afca816815.pdf,27af3e56cc5e3ba560a28c616d1f582ac5a1f85259885693e487fbce6c28d9de,reimbursement_atlas:au_pbs_archive_2010_12_01_02ff51afca81,Existing local cache retained; use --force to replace it.,pdf,2010-12-01-dental-book-SOC.pdf,au_pbs_archive_02ff51afca816815,public_reuse_review,pending_human_review,au_pbs,https://www.pbs.gov.au/publication/schedule/2010/2010-12-01-dental-book-SOC.pdf?variant=3,au_pbs_archive_2010_12_01_02ff51afca81,cached,data/derived/processes/historical_source_transformation.bpmn
https://www.pbs.gov.au/info/publication/schedule/2025,2035277,data/raw_live/historical_sources/pbs_archive/au_pbs_archive_035c90d6d46b0c92.pdf,c568e00843c3e663d26a21a2d49833afa4150de3c0fff272ee4f9f2c41aa8a8b,reimbursement_atlas:au_pbs_archive_2025_07_01_035c90d6d46b,Existing local cache retained; use --force to replace it.,pdf,2025-07-01-general-soc.pdf,au_pbs_archive_035c90d6d46b0c92,public_reuse_review,pending_human_review,au_pbs,https://www.pbs.gov.au/publication/schedule/2025/07/2025-07-01-general-soc.pdf?variant=3,au_pbs_archive_2025_07_01_035c90d6d46b,cached,data/derived/processes/historical_source_transformation.bpmn
https://www.pbs.gov.au/info/publication/schedule/2020,2762272,data/raw_live/historical_sources/pbs_archive/au_pbs_archive_046ff993d6219157.pdf,2a959cbca283dcbb38ac27784979e664df1c74e5f11e7ebfa006663ad7c47b8f,reimbursement_atlas:au_pbs_archive_2020_10_01_046ff993d621,Existing local cache retained; use --force to replace it.,pdf,2020-10-01-efc-schedule.pdf,au_pbs_archive_046ff993d6219157,public_reuse_review,pending_human_review,au_pbs,https://www.pbs.gov.au/publication/schedule/2020/10/2020-10-01-efc-schedule.pdf?variant=3,au_pbs_archive_2020_10_01_046ff993d621,cached,data/derived/processes/historical_source_transformation.bpmn
https://www.pbs.gov.au/info/publication/schedule/2013,739486,data/raw_live/historical_sources/pbs_archive/au_pbs_archive_049fcb15c311ce73.pdf,dc4ac61482dcc9e4e9a45906523dc26235995f9b351bdc8068c3da67e120afc3,reimbursement_atlas:au_pbs_archive_2013_03_01_049fcb15c311,Existing local cache retained; use --force to replace it.,pdf,2013-03-01-general-schedule-SOC.pdf,au_pbs_archive_049fcb15c311ce73,public_reuse_review,pending_human_review,au_pbs,https://www.pbs.gov.au/publication/schedule/2013/03/2013-03-01-general-schedule-SOC.pdf?variant=3,au_pbs_archive_2013_03_01_049fcb15c311,cached,data/derived/processes/historical_source_transformation.bpmn
https://www.pbs.gov.au/info/publication/schedule/2008,444015,data/raw_live/historical_sources/pbs_archive/au_pbs_archive_05596bb7d8a6c61b.pdf,38fdc62a64b34b96d067ba952cdbe4a0590d4256981bad2050aec08532e41626,reimbursement_atlas:au_pbs_archive_2008_02_01_05596bb7d8a6,Existing local cache retained; use --force to replace it.,pdf,2008-02-01-dental-book.pdf,au_pbs_archive_05596bb7d8a6c61b,public_reuse_review,pending_human_review,au_pbs,https://www.pbs.gov.au/publication/schedule/2008/2008-02-01-dental-book.pdf?variant=3,au_pbs_archive_2008_02_01_05596bb7d8a6,cached,data/derived/processes/historical_source_transformation.bpmn
https://www.pbs.gov.au/info/publication/schedule/2017,20113703,data/raw_live/historical_sources/pbs_archive/au_pbs_archive_05d4d0b1e51eb714.pdf,562522e42302264e8608b2f4590f8050693d20ad033c3f67ee31348f2f936965,reimbursement_atlas:au_pbs_archive_2017_07_01_05d4d0b1e51e,Existing local cache retained; use --force to replace it.,pdf,2017-07-01-general-schedule.pdf,au_pbs_archive_05d4d0b1e51eb714,public_reuse_review,pending_human_review,au_pbs,https://www.pbs.gov.au/publication/schedule/2017/07/2017-07-01-general-schedule.pdf?variant=3,au_pbs_archive_2017_07_01_05d4d0b1e51e,cached,data/derived/processes/historical_source_transformation.bpmn
https://www.pbs.gov.au/info/publication/schedule/2007,136808,data/raw_live/historical_sources/pbs_archive/au_pbs_archive_05f97e31343575ed.pdf,6fab90e46e11c4573d887a50525424c1a7670bd9758b3164811acb240dec7739,reimbursement_atlas:au_pbs_archive_2007_05_01_05f97e313435,Existing local cache retained; use --force to replace it.,pdf,2007-05-01-dental-book.pdf,au_pbs_archive_05f97e31343575ed,public_reuse_review,pending_human_review,au_pbs,https://www.pbs.gov.au/publication/schedule/2007/2007-05-01-dental-book.pdf?variant=3,au_pbs_archive_2007_05_01_05f97e313435,cached,data/derived/processes/historical_source_transformation.bpmn
https://www.pbs.gov.au/info/publication/schedule/2013,84441,data/raw_live/historical_sources/pbs_archive/au_pbs_archive_06651ec290a98abc.pdf,7d55bb35c4b81090dad71bf0710d8981e17dd8f40f11de9af5f19d9c81b0ea76,reimbursement_atlas:au_pbs_archive_2013_08_01_06651ec290a9,Existing local cache retained; use --force to replace it.,pdf,2013-08-01-errata.pdf,au_pbs_archive_06651ec290a98abc,public_reuse_review,pending_human_review,au_pbs,https://www.pbs.gov.au/publication/schedule/2013/08/2013-08-01-errata.pdf?variant=3,au_pbs_archive_2013_08_01_06651ec290a9,cached,data/derived/processes/historical_source_transformation.bpmn
https://www.pbs.gov.au/info/publication/schedule/2008,43896,data/raw_live/historical_sources/pbs_archive/au_pbs_archive_06e9f60a4d4cbd73.pdf,1236a97681fa4782b2c6834ffc4a1111e9fb62fdb55aaad1b51ff5747af012da,reimbursement_atlas:au_pbs_archive_2008_05_01_06e9f60a4d4c,Existing local cache retained; use --force to replace it.,pdf,2008-05-01-dental-book-soc.pdf,au_pbs_archive_06e9f60a4d4cbd73,public_reuse_review,pending_human_review,au_pbs,https://www.pbs.gov.au/publication/schedule/2008/2008-05-01-dental-book-soc.pdf?variant=3,au_pbs_archive_2008_05_01_06e9f60a4d4c,cached,data/derived/processes/historical_source_transformation.bpmn
https://www.pbs.gov.au/info/publication/schedule/2025,1494256,data/raw_live/historical_sources/pbs_archive/au_pbs_archive_0739fc9089ae58a0.pdf,1e3b3d9ab8e927fb5c49e740373fbae952f0899d54f6d7236f1992549a42faad,reimbursement_atlas:au_pbs_archive_2025_04_01_0739fc9089ae,Existing local cache retained; use --force to replace it.,pdf,2025-04-01-general-soc.pdf,au_pbs_archive_0739fc9089ae58a0,public_reuse_review,pending_human_review,au_pbs,https://www.pbs.gov.au/publication/schedule/2025/04/2025-04-01-general-soc.pdf?variant=3,au_pbs_archive_2025_04_01_0739fc9089ae,cached,data/derived/processes/historical_source_transformation.bpmn
https://www.pbs.gov.au/info/publication/schedule/2009,4215896,data/raw_live/historical_sources/pbs_archive/au_pbs_archive_0747133c83397f77.pdf,7e60d2f94ec791d014c9b2c12e8e0a949e7a6426223a01c1fd50fe7fe51ca6aa,reimbursement_atlas:au_pbs_archive_2009_10_01_0747133c8339,Existing local cache retained; use --force to replace it.,pdf,2009-10-01-general-schedule.pdf,au_pbs_archive_0747133c83397f77,public_reuse_review,pending_human_review,au_pbs,https://www.pbs.gov.au/publication/schedule/2009/2009-10-01-general-schedule.pdf?variant=3,au_pbs_archive_2009_10_01_0747133c8339,cached,data/derived/processes/historical_source_transformation.bpmn
https://www.pbs.gov.au/info/publication/schedule/2022,13685632,data/raw_live/historical_sources/pbs_archive/au_pbs_archive_07555f2d05f716a2.pdf,b01c74b7fd88cec6842d49b8c8a54f17bb67cf1a13842d60dafa3d62896862a5,reimbursement_atlas:au_pbs_archive_2022_10_01_07555f2d05f7,Existing local cache retained; use --force to replace it.,pdf,2022-10-01-general-schedule-volume-2.pdf,au_pbs_archive_07555f2d05f716a2,public_reuse_review,pending_human_review,au_pbs,https://www.pbs.gov.au/publication/schedule/2022/10/2022-10-01-general-schedule-volume-2.pdf?variant=3,au_pbs_archive_2022_10_01_07555f2d05f7,cached,data/derived/processes/historical_source_transformation.bpmn
https://www.pbs.gov.au/info/publication/schedule/2010,883508,data/raw_live/historical_sources/pbs_archive/au_pbs_archive_07a316f685c59895.pdf,462fc44c01673eaad2bfba01651ae11358baaf0dd0f9c4ceda57c1a3c6de01ad,reimbursement_atlas:au_pbs_archive_2010_12_01_07a316f685c5,Existing local cache retained; use --force to replace it.,pdf,2010-12-01-dental-book.pdf,au_pbs_archive_07a316f685c59895,public_reuse_review,pending_human_review,au_pbs,https://www.pbs.gov.au/publication/schedule/2010/2010-12-01-dental-book.pdf?variant=3,au_pbs_archive_2010_12_01_07a316f685c5,cached,data/derived/processes/historical_source_transformation.bpmn
https://www.pbs.gov.au/info/publication/schedule/2023,2420993,data/raw_live/historical_sources/pbs_archive/au_pbs_archive_07abe12cb22e7eed.pdf,d727301834bfb87ba25060f0a6295330b333e75f9277ed4dc14dcaa2ee169027,reimbursement_atlas:au_pbs_archive_2023_10_01_07abe12cb22e,Existing local cache retained; use --force to replace it.,pdf,2023-10-01-efc-schedule.pdf,au_pbs_archive_07abe12cb22e7eed,public_reuse_review,pending_human_review,au_pbs,https://www.pbs.gov.au/publication/schedule/2023/10/2023-10-01-efc-schedule.pdf?variant=3,au_pbs_archive_2023_10_01_07abe12cb22e,cached,data/derived/processes/historical_source_transformation.bpmn
https://www.pbs.gov.au/info/publication/schedule/2019,14926028,data/raw_live/historical_sources/pbs_archive/au_pbs_archive_07d37ecec05adde7.pdf,bab09a49e277615005f7ac0d80c26b665343881cb20d6e1af29cf8630f16c14d,reimbursement_atlas:au_pbs_archive_2019_12_01_07d37ecec05a,Existing local cache retained; use --force to replace it.,pdf,2019-12-01-general-schedule-volume-1.pdf,au_pbs_archive_07d37ecec05adde7,public_reuse_review,pending_human_review,au_pbs,https://www.pbs.gov.au/publication/schedule/2019/12/2019-12-01-general-schedule-volume-1.pdf?variant=3,au_pbs_archive_2019_12_01_07d37ecec05a,cached,data/derived/processes/historical_source_transformation.bpmn
https://www.pbs.gov.au/info/publication/schedule/2010,4478944,data/raw_live/historical_sources/pbs_archive/au_pbs_archive_081c1624413ac1e3.pdf,6eee3748ea34eafc35094d506c0dbb9f1f88209143b6822117260f66af94fb9a,reimbursement_atlas:au_pbs_archive_2010_06_01_081c1624413a,Existing local cache retained; use --force to replace it.,pdf,2010-06-01-general-schedule.pdf,au_pbs_archive_081c1624413ac1e3,public_reuse_review,pending_human_review,au_pbs,https://www.pbs.gov.au/publication/schedule/2010/2010-06-01-general-schedule.pdf?variant=3,au_pbs_archive_2010_06_01_081c1624413a,cached,data/derived/processes/historical_source_transformation.bpmn
https://www.pbs.gov.au/info/publication/schedule/2016,1255714,data/raw_live/historical_sources/pbs_archive/au_pbs_archive_082dd08f48c6265f.pdf,88de34c2c5d1d196e553d465d52f0e94cea0bbe8892299b4fbfde69d46c35807,reimbursement_atlas:au_pbs_archive_2016_07_01_082dd08f48c6,Existing local cache retained; use --force to replace it.,pdf,2016-07-01-efc-schedule.pdf,au_pbs_archive_082dd08f48c6265f,public_reuse_review,pending_human_review,au_pbs,https://www.pbs.gov.au/publication/schedule/2016/07/2016-07-01-efc-schedule.pdf?variant=3,au_pbs_archive_2016_07_01_082dd08f48c6,cached,data/derived/processes/historical_source_transformation.bpmn
https://www.pbs.gov.au/info/publication/schedule/2024,22405929,data/raw_live/historical_sources/pbs_archive/au_pbs_archive_0853826f709bc143.pdf,399cde6a1a6cb6ba2c1de9b1d62a7a1cf9008e0f89a6184a0069fe092dee38b9,reimbursement_atlas:au_pbs_archive_2024_04_01_0853826f709b,Existing local cache retained; use --force to replace it.,pdf,2024-04-01-general-schedule-volume-1.pdf,au_pbs_archive_0853826f709bc143,public_reuse_review,pending_human_review,au_pbs,https://www.pbs.gov.au/publication/schedule/2024/04/2024-04-01-general-schedule-volume-1.pdf?variant=3,au_pbs_archive_2024_04_01_0853826f709b,cached,data/derived/processes/historical_source_transformation.bpmn
https://www.pbs.gov.au/info/publication/schedule/2007,4448448,data/raw_live/historical_sources/pbs_archive/au_pbs_archive_0856cfc867ad3934.pdf,db71d631ee6a8eb4ee4508581ec3caeecefe7ef30181c8abcef4ae55b54cde03,reimbursement_atlas:au_pbs_archive_2007_01_01_0856cfc867ad,Existing local cache retained; use --force to replace it.,pdf,2007-01-01-general-schedule.pdf,au_pbs_archive_0856cfc867ad3934,public_reuse_review,pending_human_review,au_pbs,https://www.pbs.gov.au/publication/schedule/2007/2007-01-01-general-schedule.pdf?variant=3,au_pbs_archive_2007_01_01_0856cfc867ad,cached,data/derived/processes/historical_source_transformation.bpmn
https://www.pbs.gov.au/info/publication/schedule/2012,6734969,data/raw_live/historical_sources/pbs_archive/au_pbs_archive_08b037c68a372ab9.pdf,de44bb7efa0077c5752577d184e9f2bdf133524b5b0666c6f3425fab8516567f,reimbursement_atlas:au_pbs_archive_2012_12_01_08b037c68a37,Existing local cache retained; use --force to replace it.,pdf,2012-12-01-pbs-general-schedule.pdf,au_pbs_archive_08b037c68a372ab9,public_reuse_review,pending_human_review,au_pbs,https://www.pbs.gov.au/publication/schedule/2012/12/2012-12-01-pbs-general-schedule.pdf?variant=3,au_pbs_archive_2012_12_01_08b037c68a37,cached,data/derived/processes/historical_source_transformation.bpmn
https://www.pbs.gov.au/info/publication/schedule/2008,444229,data/raw_live/historical_sources/pbs_archive/au_pbs_archive_092ceaa9ce71dfa4.pdf,5a679f0e63dd0d992c329d53062f1f906281d4c060f0f47991a91ec12edb3521,reimbursement_atlas:au_pbs_archive_2008_01_01_092ceaa9ce71,Existing local cache retained; use --force to replace it.,pdf,2008-01-01-dental-book.pdf,au_pbs_archive_092ceaa9ce71dfa4,public_reuse_review,pending_human_review,au_pbs,https://www.pbs.gov.au/publication/schedule/2008/2008-01-01-dental-book.pdf?variant=3,au_pbs_archive_2008_01_01_092ceaa9ce71,cached,data/derived/processes/historical_source_transformation.bpmn
https://www.pbs.gov.au/info/publication/schedule/2017,1294461,data/raw_live/historical_sources/pbs_archive/au_pbs_archive_09411e526cbb8b0d.pdf,293a97ae6bc24201391eef9fcaf18aa4be32d0dfa191756cf49286c4f30e9e16,reimbursement_atlas:au_pbs_archive_2017_05_01_09411e526cbb,Existing local cache retained; use --force to replace it.,pdf,2017-05-01-efc-schedule.pdf,au_pbs_archive_09411e526cbb8b0d,public_reuse_review,pending_human_review,au_pbs,https://www.pbs.gov.au/publication/schedule/2017/05/2017-05-01-efc-schedule.pdf?variant=3,au_pbs_archive_2017_05_01_09411e526cbb,cached,data/derived/processes/historical_source_transformation.bpmn
https://www.pbs.gov.au/info/publication/schedule/2025,2946805,data/raw_live/historical_sources/pbs_archive/au_pbs_archive_0961ed88612774a4.pdf,e28e1366b039da419e8c5e58a35b0ba892074b490cd4e0b0e08964ae426c2f59,reimbursement_atlas:au_pbs_archive_2025_02_01_0961ed886127,Existing local cache retained; use --force to replace it.,pdf,2025-02-01-efc-schedule.pdf,au_pbs_archive_0961ed88612774a4,public_reuse_review,pending_human_review,au_pbs,https://www.pbs.gov.au/publication/schedule/2025/02/2025-02-01-efc-schedule.pdf?variant=3,au_pbs_archive_2025_02_01_0961ed886127,cached,data/derived/processes/historical_source_transformation.bpmn
https://www.pbs.gov.au/info/publication/schedule/2012,128272,data/raw_live/historical_sources/pbs_archive/au_pbs_archive_09a2135f67e3d6a8.pdf,32edf5034260400b4c4ed7ad378620892ab32258ca54854c0ad2736bf6110620,reimbursement_atlas:au_pbs_archive_2012_01_01_09a2135f67e3,Existing local cache retained; use --force to replace it.,pdf,2012-01-01-dental-book-SOC.pdf,au_pbs_archive_09a2135f67e3d6a8,public_reuse_review,pending_human_review,au_pbs,https://www.pbs.gov.au/publication/schedule/2012/01/2012-01-01-dental-book-SOC.pdf?variant=3,au_pbs_archive_2012_01_01_09a2135f67e3,cached,data/derived/processes/historical_source_transformation.bpmn
https://www.pbs.gov.au/info/publication/schedule/2008,3759145,data/raw_live/historical_sources/pbs_archive/au_pbs_archive_09bc99395c6991ac.pdf,393c1b7173978be51cba26eadee7163c3692a127114e98a3a6f10ed909a2b075,reimbursement_atlas:au_pbs_archive_2008_05_01_09bc99395c69,Existing local cache retained; use --force to replace it.,pdf,2008-05-01-general-schedule.pdf,au_pbs_archive_09bc99395c6991ac,public_reuse_review,pending_human_review,au_pbs,https://www.pbs.gov.au/publication/schedule/2008/2008-05-01-general-schedule.pdf?variant=3,au_pbs_archive_2008_05_01_09bc99395c69,cached,data/derived/processes/historical_source_transformation.bpmn
https://www.pbs.gov.au/info/publication/schedule/2011,2262431,data/raw_live/historical_sources/pbs_archive/au_pbs_archive_0a203f45e6afdadf.pdf,e8262331c6bd89033f4afc56ccc56bdde4bf9e82908475203da7908899e64505,reimbursement_atlas:au_pbs_archive_2011_08_01_0a203f45e6af,Existing local cache retained; use --force to replace it.,pdf,2011-08-01-chemotherapy-booklet.pdf,au_pbs_archive_0a203f45e6afdadf,public_reuse_review,pending_human_review,au_pbs,https://www.pbs.gov.au/publication/schedule/2011/08/2011-08-01-chemotherapy-booklet.pdf?variant=3,au_pbs_archive_2011_08_01_0a203f45e6af,cached,data/derived/processes/historical_source_transformation.bpmn
https://www.pbs.gov.au/info/publication/schedule/2013,1153032,data/raw_live/historical_sources/pbs_archive/au_pbs_archive_0a615b932e0ffd4a.pdf,233babb7bae31a91eb3d3ce1e0d13193809030eb1dd954f039e48f8bc018da09,reimbursement_atlas:au_pbs_archive_2013_11_01_0a615b932e0f,Existing local cache retained; use --force to replace it.,pdf,2013-11-01-efc-schedule-soc.pdf,au_pbs_archive_0a615b932e0ffd4a,public_reuse_review,pending_human_review,au_pbs,https://www.pbs.gov.au/publication/schedule/2013/11/2013-11-01-efc-schedule-soc.pdf?variant=3,au_pbs_archive_2013_11_01_0a615b932e0f,cached,data/derived/processes/historical_source_transformation.bpmn
https://www.pbs.gov.au/info/publication/schedule/2024,289357,data/raw_live/historical_sources/pbs_archive/au_pbs_archive_0a6e447d36aed784.pdf,c5168cb1814afbffde0b36bca49aab38bb1adcd3c258a450cfe5b05d7edefbcc,reimbursement_atlas:au_pbs_archive_2024_12_01_0a6e447d36ae,Existing local cache retained; use --force to replace it.,pdf,errata-for-2024-12-01.pdf,au_pbs_archive_0a6e447d36aed784,public_reuse_review,pending_human_review,au_pbs,https://www.pbs.gov.au/publication/schedule/2024/12/errata-for-2024-12-01.pdf?variant=3,au_pbs_archive_2024_12_01_0a6e447d36ae,cached,data/derived/processes/historical_source_transformation.bpmn
https://www.pbs.gov.au/info/publication/schedule/2014,333548,data/raw_live/historical_sources/pbs_archive/au_pbs_archive_0a92096d6cce4760.pdf,69e14dc401b5d84ca75f7b654f8079327691f7ae6b2b5495eb8fa6c1bbc5e231,reimbursement_atlas:au_pbs_archive_2014_03_01_0a92096d6cce,Existing local cache retained; use --force to replace it.,pdf,2014-03-01-errata.pdf,au_pbs_archive_0a92096d6cce4760,public_reuse_review,pending_human_review,au_pbs,https://www.pbs.gov.au/publication/schedule/2014/03/2014-03-01-errata.pdf?variant=3,au_pbs_archive_2014_03_01_0a92096d6cce,cached,data/derived/processes/historical_source_transformation.bpmn
https://www.pbs.gov.au/info/publication/schedule/2021,5310738,data/raw_live/historical_sources/pbs_archive/au_pbs_archive_0aa7a7e9f8e9a002.pdf,24cb2c69364c8e118e132fcc32d8c29a45cefa0d0003d5a7f6d4e61c60908989,reimbursement_atlas:au_pbs_archive_2021_03_01_0aa7a7e9f8e9,Existing local cache retained; use --force to replace it.,pdf,2021-03-01-efc-schedule.pdf,au_pbs_archive_0aa7a7e9f8e9a002,public_reuse_review,pending_human_review,au_pbs,https://www.pbs.gov.au/publication/schedule/2021/03/2021-03-01-efc-schedule.pdf?variant=3,au_pbs_archive_2021_03_01_0aa7a7e9f8e9,cached,data/derived/processes/historical_source_transformation.bpmn
https://www.pbs.gov.au/info/publication/schedule/2021,24383876,data/raw_live/historical_sources/pbs_archive/au_pbs_archive_0aa9fca224d283d5.pdf,292103dc0521763d8ad88279eda5ebd9efa986fac7745f07ac69f05fa58e7322,reimbursement_atlas:au_pbs_archive_2021_08_01_0aa9fca224d2,Existing local cache retained; use --force to replace it.,pdf,2021-08-01-general-schedule-volume-1.pdf,au_pbs_archive_0aa9fca224d283d5,public_reuse_review,pending_human_review,au_pbs,https://www.pbs.gov.au/publication/schedule/2021/08/2021-08-01-general-schedule-volume-1.pdf?variant=3,au_pbs_archive_2021_08_01_0aa9fca224d2,cached,data/derived/processes/historical_source_transformation.bpmn
https://www.pbs.gov.au/info/publication/schedule/2005,4240485,data/raw_live/historical_sources/pbs_archive/au_pbs_archive_0ad2866305e197bd.pdf,68373c4c9f9dd70f849213c064920d08403898e5ce0fb1ece0ed01fcfe89c9fc,reimbursement_atlas:au_pbs_archive_2005_04_01_0ad2866305e1,Existing local cache retained; use --force to replace it.,pdf,2005-04-01-general-schedule.pdf,au_pbs_archive_0ad2866305e197bd,public_reuse_review,pending_human_review,au_pbs,https://www.pbs.gov.au/publication/schedule/2005/2005-04-01-general-schedule.pdf?variant=3,au_pbs_archive_2005_04_01_0ad2866305e1,cached,data/derived/processes/historical_source_transformation.bpmn
https://www.pbs.gov.au/info/publication/schedule/2020,15628047,data/raw_live/historical_sources/pbs_archive/au_pbs_archive_0af69f30cb2f2001.pdf,1d09aa999667b1279097a007a536cb9820b6a33c4c0a1de5b4d72688bf418221,reimbursement_atlas:au_pbs_archive_2020_06_01_0af69f30cb2f,Existing local cache retained; use --force to replace it.,pdf,2020-06-01-general-schedule-volume-1.pdf,au_pbs_archive_0af69f30cb2f2001,public_reuse_review,pending_human_review,au_pbs,https://www.pbs.gov.au/publication/schedule/2020/06/2020-06-01-general-schedule-volume-1.pdf?variant=3,au_pbs_archive_2020_06_01_0af69f30cb2f,cached,data/derived/processes/historical_source_transformation.bpmn
https://www.pbs.gov.au/info/publication/schedule/2013,6842458,data/raw_live/historical_sources/pbs_archive/au_pbs_archive_0af7b670b35b3d29.pdf,5a7abe52ecc7f93803f5ed17ac405420a3b8de735f4d98ebd3c8f4ed1eedbe78,reimbursement_atlas:au_pbs_archive_2013_09_01_0af7b670b35b,Existing local cache retained; use --force to replace it.,pdf,2013-09-01-general-schedule.pdf,au_pbs_archive_0af7b670b35b3d29,public_reuse_review,pending_human_review,au_pbs,https://www.pbs.gov.au/publication/schedule/2013/09/2013-09-01-general-schedule.pdf?variant=3,au_pbs_archive_2013_09_01_0af7b670b35b,cached,data/derived/processes/historical_source_transformation.bpmn
https://www.pbs.gov.au/info/publication/schedule/2025,2328657,data/raw_live/historical_sources/pbs_archive/au_pbs_archive_0b13f8cf9f6bb9d3.pdf,9a36395a039b96bbb41692f42b96d6fe32166215dbbc7192c7247da8c6220cf0,reimbursement_atlas:au_pbs_archive_2025_12_01_0b13f8cf9f6b,Existing local cache retained; use --force to replace it.,pdf,2025-12-01-general-soc.pdf,au_pbs_archive_0b13f8cf9f6bb9d3,public_reuse_review,pending_human_review,au_pbs,https://www.pbs.gov.au/publication/schedule/2025/12/2025-12-01-general-soc.pdf?variant=3,au_pbs_archive_2025_12_01_0b13f8cf9f6b,cached,data/derived/processes/historical_source_transformation.bpmn
https://www.pbs.gov.au/info/publication/schedule/historical-archive,3373571,data/raw_live/historical_sources/pbs_archive/au_pbs_archive_0b30e1c6c425222b.pdf,8b4164be5839d1cf247c440646e37aa765368b88eb230b8f55c729f3b5538933,reimbursement_atlas:au_pbs_archive_1957_07_01_0b30e1c6c425,Existing local cache retained; use --force to replace it.,pdf,1957-07-01-PBS-Schedule-Medical-Practitioners.pdf,au_pbs_archive_0b30e1c6c425222b,public_reuse_review,pending_human_review,au_pbs,https://www.pbs.gov.au/publication/schedule/1951-2002/1957-07-01-PBS-Schedule-Medical-Practitioners.pdf?variant=3,au_pbs_archive_1957_07_01_0b30e1c6c425,cached,data/derived/processes/historical_source_transformation.bpmn
https://www.pbs.gov.au/info/publication/schedule/2009,50428,data/raw_live/historical_sources/pbs_archive/au_pbs_archive_0b75ef3389b28426.pdf,7cd7f476e01a189ca53c344576fe75d2df1f7243aa2089fd97ab193c812d178e,reimbursement_atlas:au_pbs_archive_2009_04_01_0b75ef3389b2,Existing local cache retained; use --force to replace it.,pdf,2009-04-01-dental-book-soc.pdf,au_pbs_archive_0b75ef3389b28426,public_reuse_review,pending_human_review,au_pbs,https://www.pbs.gov.au/publication/schedule/2009/2009-04-01-dental-book-soc.pdf?variant=3,au_pbs_archive_2009_04_01_0b75ef3389b2,cached,data/derived/processes/historical_source_transformation.bpmn
https://www.pbs.gov.au/info/publication/schedule/2010,378970,data/raw_live/historical_sources/pbs_archive/au_pbs_archive_0bd13913924c958c.pdf,3af521a6cc0dee0ff076a87c4861bcf0f3348b43ff76fcadb913fb75e3ede103,reimbursement_atlas:au_pbs_archive_2010_02_01_0bd13913924c,Existing local cache retained; use --force to replace it.,pdf,2010-02-01-chemotherapy-book.pdf,au_pbs_archive_0bd13913924c958c,public_reuse_review,pending_human_review,au_pbs,https://www.pbs.gov.au/publication/schedule/2010/2010-02-01-chemotherapy-book.pdf?variant=3,au_pbs_archive_2010_02_01_0bd13913924c,cached,data/derived/processes/historical_source_transformation.bpmn
https://www.pbs.gov.au/info/publication/schedule/2025,2409711,data/raw_live/historical_sources/pbs_archive/au_pbs_archive_0c5c833c753dbcc7.pdf,c4288d15f0d0a21f98d1d7a82e83d02d8486ebfd46cf7e2fc017c85e3c40cfd7,reimbursement_atlas:au_pbs_archive_2025_08_01_0c5c833c753d,Existing local cache retained; use --force to replace it.,pdf,2025-08-01-general-soc.pdf,au_pbs_archive_0c5c833c753dbcc7,public_reuse_review,pending_human_review,au_pbs,https://www.pbs.gov.au/publication/schedule/2025/08/2025-08-01-general-soc.pdf?variant=3,au_pbs_archive_2025_08_01_0c5c833c753d,cached,data/derived/processes/historical_source_transformation.bpmn
https://www.pbs.gov.au/info/publication/schedule/2026,2658446,data/raw_live/historical_sources/pbs_archive/au_pbs_archive_0c84b78b641369e9.pdf,3767260ccabbd815d82f56fb565f6b4276cba910ec01abbb1ecc02132f10eb6e,reimbursement_atlas:au_pbs_archive_2026_06_01_0c84b78b6413,Existing local cache retained; use --force to replace it.,pdf,2026-06-01-efc-schedule.pdf,au_pbs_archive_0c84b78b641369e9,public_reuse_review,pending_human_review,au_pbs,https://www.pbs.gov.au/publication/schedule/2026/06/2026-06-01-efc-schedule.pdf?variant=3,au_pbs_archive_2026_06_01_0c84b78b6413,cached,data/derived/processes/historical_source_transformation.bpmn
https://www.pbs.gov.au/info/publication/schedule/2015,339750,data/raw_live/historical_sources/pbs_archive/au_pbs_archive_0cc4ffb99f6a4280.pdf,23f46996b1334fb8f29ff9fcf15e6f1af45d3f4066d20c6c912667f64f46c916,reimbursement_atlas:au_pbs_archive_2015_01_01_0cc4ffb99f6a,Existing local cache retained; use --force to replace it.,pdf,2015-01-01-errata.pdf,au_pbs_archive_0cc4ffb99f6a4280,public_reuse_review,pending_human_review,au_pbs,https://www.pbs.gov.au/publication/schedule/2015/01/2015-01-01-errata.pdf?variant=3,au_pbs_archive_2015_01_01_0cc4ffb99f6a,cached,data/derived/processes/historical_source_transformation.bpmn
https://www.pbs.gov.au/info/publication/schedule/2023,19176011,data/raw_live/historical_sources/pbs_archive/au_pbs_archive_0cd9b99a0e6f65c1.pdf,408a454ab612957d64070c8b59d4306ffbf0d071fbb0bf8f391da0f168f3b4ee,reimbursement_atlas:au_pbs_archive_2023_03_01_0cd9b99a0e6f,Existing local cache retained; use --force to replace it.,pdf,2023-03-01-general-schedule-volume-1.pdf,au_pbs_archive_0cd9b99a0e6f65c1,public_reuse_review,pending_human_review,au_pbs,https://www.pbs.gov.au/publication/schedule/2023/03/2023-03-01-general-schedule-volume-1.pdf?variant=3,au_pbs_archive_2023_03_01_0cd9b99a0e6f,cached,data/derived/processes/historical_source_transformation.bpmn
https://www.pbs.gov.au/info/publication/schedule/historical-archive,16536126,data/raw_live/historical_sources/pbs_archive/au_pbs_archive_0d0f4b7dea43011c.pdf,91b84611e28c22b681445722a935fd2b57ae50ec2625f034bb424912537dfe81,reimbursement_atlas:au_pbs_archive_1995_11_01_0d0f4b7dea43,Existing local cache retained; use --force to replace it.,pdf,1995-11-01-PBS-Schedule.pdf,au_pbs_archive_0d0f4b7dea43011c,public_reuse_review,pending_human_review,au_pbs,https://www.pbs.gov.au/publication/schedule/1951-2002/1995-11-01-PBS-Schedule.pdf?variant=3,au_pbs_archive_1995_11_01_0d0f4b7dea43,cached,data/derived/processes/historical_source_transformation.bpmn
https://www.pbs.gov.au/info/publication/schedule/2025,2025157,data/raw_live/historical_sources/pbs_archive/au_pbs_archive_0d5f72348995b3b4.pdf,b57f5642880ff71d06f8dc5a8f9a891ecf2d54765bced31798e1c962307f2f9e,reimbursement_atlas:au_pbs_archive_2025_05_01_0d5f72348995,Existing local cache retained; use --force to replace it.,pdf,2025-05-01-general-soc.pdf,au_pbs_archive_0d5f72348995b3b4,public_reuse_review,pending_human_review,au_pbs,https://www.pbs.gov.au/publication/schedule/2025/05/2025-05-01-general-soc.pdf?variant=3,au_pbs_archive_2025_05_01_0d5f72348995,cached,data/derived/processes/historical_source_transformation.bpmn
https://www.pbs.gov.au/info/publication/schedule/2016,1113872,data/raw_live/historical_sources/pbs_archive/au_pbs_archive_0d697aac11057d87.pdf,1660b54112a4403317716436c72ca29469447ef370efdfb34f6fee7b63369440,reimbursement_atlas:au_pbs_archive_2016_02_01_0d697aac1105,Existing local cache retained; use --force to replace it.,pdf,2016-02-01-efc-schedule.pdf,au_pbs_archive_0d697aac11057d87,public_reuse_review,pending_human_review,au_pbs,https://www.pbs.gov.au/publication/schedule/2016/02/2016-02-01-efc-schedule.pdf?variant=3,au_pbs_archive_2016_02_01_0d697aac1105,cached,data/derived/processes/historical_source_transformation.bpmn
https://www.pbs.gov.au/info/publication/schedule/2021,1036856,data/raw_live/historical_sources/pbs_archive/au_pbs_archive_0de7956b42c8546c.pdf,c3d7209c71fa950172c1aaa878390f0855eaf081bdc67def1f3e1c309878b941,reimbursement_atlas:au_pbs_archive_2021_02_01_0de7956b42c8,Existing local cache retained; use --force to replace it.,pdf,2021-02-01-general-soc.pdf,au_pbs_archive_0de7956b42c8546c,public_reuse_review,pending_human_review,au_pbs,https://www.pbs.gov.au/publication/schedule/2021/02/2021-02-01-general-soc.pdf?variant=3,au_pbs_archive_2021_02_01_0de7956b42c8,cached,data/derived/processes/historical_source_transformation.bpmn
https://www.pbs.gov.au/info/publication/schedule/2009,215730,data/raw_live/historical_sources/pbs_archive/au_pbs_archive_0e079a74bc3b2c63.pdf,441400dad62148830af40136379a6191a016da7b4250823df23b37511a00e552,reimbursement_atlas:au_pbs_archive_2009_06_01_0e079a74bc3b,Existing local cache retained; use --force to replace it.,pdf,2009-06-01-general-schedule-soc.pdf,au_pbs_archive_0e079a74bc3b2c63,public_reuse_review,pending_human_review,au_pbs,https://www.pbs.gov.au/publication/schedule/2009/2009-06-01-general-schedule-soc.pdf?variant=3,au_pbs_archive_2009_06_01_0e079a74bc3b,cached,data/derived/processes/historical_source_transformation.bpmn
https://www.pbs.gov.au/info/publication/schedule/2025,2930503,data/raw_live/historical_sources/pbs_archive/au_pbs_archive_0e3c6d3e0e979a20.pdf,b8de650cbe99f3ed8c098944a793582175dfca1f41da12495179bb44cc2c2544,reimbursement_atlas:au_pbs_archive_2025_01_01_0e3c6d3e0e97,Existing local cache retained; use --force to replace it.,pdf,2025-01-01-efc-schedule.pdf,au_pbs_archive_0e3c6d3e0e979a20,public_reuse_review,pending_human_review,au_pbs,https://www.pbs.gov.au/publication/schedule/2025/01/2025-01-01-efc-schedule.pdf?variant=3,au_pbs_archive_2025_01_01_0e3c6d3e0e97,cached,data/derived/processes/historical_source_transformation.bpmn
https://www.pbs.gov.au/info/publication/schedule/2019,2287809,data/raw_live/historical_sources/pbs_archive/au_pbs_archive_0e72b97fd671b582.pdf,f9162a214fa38e8b9161f141a5506868c7b45184e69cbc2fff0264ed9e36e46b,reimbursement_atlas:au_pbs_archive_2019_11_01_0e72b97fd671,Existing local cache retained; use --force to replace it.,pdf,2019-11-01-general-soc.pdf,au_pbs_archive_0e72b97fd671b582,public_reuse_review,pending_human_review,au_pbs,https://www.pbs.gov.au/publication/schedule/2019/11/2019-11-01-general-soc.pdf?variant=3,au_pbs_archive_2019_11_01_0e72b97fd671,cached,data/derived/processes/historical_source_transformation.bpmn
https://www.pbs.gov.au/info/publication/schedule/2007,54855,data/raw_live/historical_sources/pbs_archive/au_pbs_archive_0e7b9b845b8feb95.pdf,af4e9cb6004bd2de28fea916cc1f7711210bc6939b41da4f27e0d8b8152b4140,reimbursement_atlas:au_pbs_archive_2007_05_01_0e7b9b845b8f,Existing local cache retained; use --force to replace it.,pdf,2007-05-01-general-schedule-soc.pdf,au_pbs_archive_0e7b9b845b8feb95,public_reuse_review,pending_human_review,au_pbs,https://www.pbs.gov.au/publication/schedule/2007/2007-05-01-general-schedule-soc.pdf?variant=3,au_pbs_archive_2007_05_01_0e7b9b845b8f,cached,data/derived/processes/historical_source_transformation.bpmn
https://www.pbs.gov.au/info/publication/schedule/2016,614650,data/raw_live/historical_sources/pbs_archive/au_pbs_archive_0eb106b60d7d6b00.pdf,c8219a546b3772c3581f4937ddc8f61a062de727dff950d4257697534f90677b,reimbursement_atlas:au_pbs_archive_2016_02_01_0eb106b60d7d,Existing local cache retained; use --force to replace it.,pdf,2016-02-01-general-schedule-soc.pdf,au_pbs_archive_0eb106b60d7d6b00,public_reuse_review,pending_human_review,au_pbs,https://www.pbs.gov.au/publication/schedule/2016/02/2016-02-01-general-schedule-soc.pdf?variant=3,au_pbs_archive_2016_02_01_0eb106b60d7d,cached,data/derived/processes/historical_source_transformation.bpmn
https://www.pbs.gov.au/info/publication/schedule/2013,226041,data/raw_live/historical_sources/pbs_archive/au_pbs_archive_0f60ee726bf7700c.pdf,9a29630661de435254a4bac4aa7d0c89f576db0fdd68748619858322ea181a4f,reimbursement_atlas:au_pbs_archive_2013_01_01_0f60ee726bf7,Existing local cache retained; use --force to replace it.,pdf,2013-01-01-errata-general-schedule.pdf,au_pbs_archive_0f60ee726bf7700c,public_reuse_review,pending_human_review,au_pbs,https://www.pbs.gov.au/publication/schedule/2013/01/2013-01-01-errata-general-schedule.pdf?variant=3,au_pbs_archive_2013_01_01_0f60ee726bf7,cached,data/derived/processes/historical_source_transformation.bpmn
https://www.pbs.gov.au/info/publication/schedule/2012,2723111,data/raw_live/historical_sources/pbs_archive/au_pbs_archive_0faded079bd22a9a.pdf,5547a4a9199d0c42008cef3be40eb3abc4382299181516affabc3f70ddd76aed,reimbursement_atlas:au_pbs_archive_2012_01_01_0faded079bd2,Existing local cache retained; use --force to replace it.,pdf,2012-01-01-dental-book.pdf,au_pbs_archive_0faded079bd22a9a,public_reuse_review,pending_human_review,au_pbs,https://www.pbs.gov.au/publication/schedule/2012/01/2012-01-01-dental-book.pdf?variant=3,au_pbs_archive_2012_01_01_0faded079bd2,cached,data/derived/processes/historical_source_transformation.bpmn
https://www.pbs.gov.au/info/publication/schedule/2011,1117839,data/raw_live/historical_sources/pbs_archive/au_pbs_archive_0fed17b13d29d43d.pdf,50fcfb8a52f8b34e009c3791e883077795fac700c9534829b113dc9d306d4783,reimbursement_atlas:au_pbs_archive_2011_06_01_0fed17b13d29,Existing local cache retained; use --force to replace it.,pdf,2011-06-01-general-schedule-SOC.pdf,au_pbs_archive_0fed17b13d29d43d,public_reuse_review,pending_human_review,au_pbs,https://www.pbs.gov.au/publication/schedule/2011/06/2011-06-01-general-schedule-SOC.pdf?variant=3,au_pbs_archive_2011_06_01_0fed17b13d29,cached,data/derived/processes/historical_source_transformation.bpmn
https://www.pbs.gov.au/info/publication/schedule/2018,1367400,data/raw_live/historical_sources/pbs_archive/au_pbs_archive_0fefb4dbe87a8452.pdf,777562b6a5516d97dfaa94aeae38f8ec3bb78d145d1a4847e0caaf2e8827d783,reimbursement_atlas:au_pbs_archive_2018_05_01_0fefb4dbe87a,Existing local cache retained; use --force to replace it.,pdf,2018-05-01-efc-schedule.pdf,au_pbs_archive_0fefb4dbe87a8452,public_reuse_review,pending_human_review,au_pbs,https://www.pbs.gov.au/publication/schedule/2018/05/2018-05-01-efc-schedule.pdf?variant=3,au_pbs_archive_2018_05_01_0fefb4dbe87a,cached,data/derived/processes/historical_source_transformation.bpmn
https://www.pbs.gov.au/info/publication/schedule/2012,8143947,data/raw_live/historical_sources/pbs_archive/au_pbs_archive_102f4e818a3bea18.pdf,f43169f9c56328cb9adec27a86743499889563a46c9c9b3a3c5d9bfb63056e47,reimbursement_atlas:au_pbs_archive_2012_10_01_102f4e818a3b,Existing local cache retained; use --force to replace it.,pdf,2012-10-01-general-schedule.pdf,au_pbs_archive_102f4e818a3bea18,public_reuse_review,pending_human_review,au_pbs,https://www.pbs.gov.au/publication/schedule/2012/10/2012-10-01-general-schedule.pdf?variant=3,au_pbs_archive_2012_10_01_102f4e818a3b,cached,data/derived/processes/historical_source_transformation.bpmn
https://www.pbs.gov.au/info/publication/schedule/2008,276775,data/raw_live/historical_sources/pbs_archive/au_pbs_archive_10ffb312965e515f.pdf,46ea1761052c714e4f480278faa63f784007ffeef9182db1a990e1519ffdb125,reimbursement_atlas:au_pbs_archive_2008_09_01_10ffb312965e,Existing local cache retained; use --force to replace it.,pdf,2008-09-01-general-schedule-soc.pdf,au_pbs_archive_10ffb312965e515f,public_reuse_review,pending_human_review,au_pbs,https://www.pbs.gov.au/publication/schedule/2008/2008-09-01-general-schedule-soc.pdf?variant=3,au_pbs_archive_2008_09_01_10ffb312965e,cached,data/derived/processes/historical_source_transformation.bpmn
https://www.pbs.gov.au/info/publication/schedule/2017,70861,data/raw_live/historical_sources/pbs_archive/au_pbs_archive_11050d9ef5b93b05.pdf,b573d1000c8eb223a36372a5df05ed2c6d8e6b963e2ae8bda3ef79cbd4cba534,reimbursement_atlas:au_pbs_archive_2017_09_01_11050d9ef5b9,Existing local cache retained; use --force to replace it.,pdf,2017-09-01-errata.pdf,au_pbs_archive_11050d9ef5b93b05,public_reuse_review,pending_human_review,au_pbs,https://www.pbs.gov.au/publication/schedule/2017/09/2017-09-01-errata.pdf?variant=3,au_pbs_archive_2017_09_01_11050d9ef5b9,cached,data/derived/processes/historical_source_transformation.bpmn
https://www.pbs.gov.au/info/publication/schedule/2007,440597,data/raw_live/historical_sources/pbs_archive/au_pbs_archive_115cdf30f4bd0347.pdf,813b19e5cbf7df5b114aa6d6750ba26e66dda7b9796354064078b12ec391f5b5,reimbursement_atlas:au_pbs_archive_2007_09_01_115cdf30f4bd,Existing local cache retained; use --force to replace it.,pdf,2007-09-01-dental-book.pdf,au_pbs_archive_115cdf30f4bd0347,public_reuse_review,pending_human_review,au_pbs,https://www.pbs.gov.au/publication/schedule/2007/2007-09-01-dental-book.pdf?variant=3,au_pbs_archive_2007_09_01_115cdf30f4bd,cached,data/derived/processes/historical_source_transformation.bpmn
https://www.pbs.gov.au/info/publication/schedule/2015,72248,data/raw_live/historical_sources/pbs_archive/au_pbs_archive_11b4702e3c29e379.pdf,a1a754638d7f618fd516a8aaee22ce5846603df944b85ac0742597144fa0a9df,reimbursement_atlas:au_pbs_archive_2015_11_01_11b4702e3c29,Existing local cache retained; use --force to replace it.,pdf,2015-11-01-errata.pdf,au_pbs_archive_11b4702e3c29e379,public_reuse_review,pending_human_review,au_pbs,https://www.pbs.gov.au/publication/schedule/2015/11/2015-11-01-errata.pdf?variant=3,au_pbs_archive_2015_11_01_11b4702e3c29,cached,data/derived/processes/historical_source_transformation.bpmn
https://www.pbs.gov.au/info/publication/schedule/2009,4265523,data/raw_live/historical_sources/pbs_archive/au_pbs_archive_122d9ff5faf36278.pdf,d63e6e636da8d9efb361e75353b7ec793f708694e4d374c35b8d0bfb326dd4d9,reimbursement_atlas:au_pbs_archive_2009_05_01_122d9ff5faf3,Existing local cache retained; use --force to replace it.,pdf,2009-05-01-general-schedule.pdf,au_pbs_archive_122d9ff5faf36278,public_reuse_review,pending_human_review,au_pbs,https://www.pbs.gov.au/publication/schedule/2009/2009-05-01-general-schedule.pdf?variant=3,au_pbs_archive_2009_05_01_122d9ff5faf3,cached,data/derived/processes/historical_source_transformation.bpmn
https://www.pbs.gov.au/info/publication/schedule/2009,4203007,data/raw_live/historical_sources/pbs_archive/au_pbs_archive_126c7b4c047ee468.pdf,5e82ec9586a9d27df1e77294b3f885efd7bac3533dcb8a4c424057390a723ccb,reimbursement_atlas:au_pbs_archive_2009_07_01_126c7b4c047e,Existing local cache retained; use --force to replace it.,pdf,2009-07-01-general-schedule.pdf,au_pbs_archive_126c7b4c047ee468,public_reuse_review,pending_human_review,au_pbs,https://www.pbs.gov.au/publication/schedule/2009/2009-07-01-general-schedule.pdf?variant=3,au_pbs_archive_2009_07_01_126c7b4c047e,cached,data/derived/processes/historical_source_transformation.bpmn
https://www.pbs.gov.au/info/publication/schedule/2024,914963,data/raw_live/historical_sources/pbs_archive/au_pbs_archive_128ff7b27741f720.pdf,32e5613a870f0aaa52c301631362a43ee7998d3aaca65f7d39e3e580972d0138,reimbursement_atlas:au_pbs_archive_2024_05_01_128ff7b27741,Existing local cache retained; use --force to replace it.,pdf,2024-05-01-general-soc.pdf,au_pbs_archive_128ff7b27741f720,public_reuse_review,pending_human_review,au_pbs,https://www.pbs.gov.au/publication/schedule/2024/05/2024-05-01-general-soc.pdf?variant=3,au_pbs_archive_2024_05_01_128ff7b27741,cached,data/derived/processes/historical_source_transformation.bpmn
https://www.pbs.gov.au/info/publication/schedule/2020,2713308,data/raw_live/historical_sources/pbs_archive/au_pbs_archive_12ba6b1b588706ac.pdf,f2dee3345f0425628cae5f9c0c486566cae45f4a40fe473d6267447f74deabd3,reimbursement_atlas:au_pbs_archive_2020_06_01_12ba6b1b5887,Existing local cache retained; use --force to replace it.,pdf,2020-06-01-efc-schedule.pdf,au_pbs_archive_12ba6b1b588706ac,public_reuse_review,pending_human_review,au_pbs,https://www.pbs.gov.au/publication/schedule/2020/06/2020-06-01-efc-schedule.pdf?variant=3,au_pbs_archive_2020_06_01_12ba6b1b5887,cached,data/derived/processes/historical_source_transformation.bpmn
https://www.pbs.gov.au/info/publication/schedule/2016,18067563,data/raw_live/historical_sources/pbs_archive/au_pbs_archive_12be838c0437bfce.pdf,8f5576c9062b72a53e0bd466a7b093189ce8790b0006ad1a5e95b80ff9bdc839,reimbursement_atlas:au_pbs_archive_2016_05_01_12be838c0437,Existing local cache retained; use --force to replace it.,pdf,2016-05-01-general-schedule.pdf,au_pbs_archive_12be838c0437bfce,public_reuse_review,pending_human_review,au_pbs,https://www.pbs.gov.au/publication/schedule/2016/05/2016-05-01-general-schedule.pdf?variant=3,au_pbs_archive_2016_05_01_12be838c0437,cached,data/derived/processes/historical_source_transformation.bpmn
https://www.pbs.gov.au/info/publication/schedule/2012,630770,data/raw_live/historical_sources/pbs_archive/au_pbs_archive_12c98ba53776a924.pdf,18dadec7e27b42ce0c67ae3c85c0a15dcd9fc8f54e3dd0817f6f817f12a78eb9,reimbursement_atlas:au_pbs_archive_2012_05_01_12c98ba53776,Existing local cache retained; use --force to replace it.,pdf,2012-05-01-general-schedule-SOC.pdf,au_pbs_archive_12c98ba53776a924,public_reuse_review,pending_human_review,au_pbs,https://www.pbs.gov.au/publication/schedule/2012/05/2012-05-01-general-schedule-SOC.pdf?variant=3,au_pbs_archive_2012_05_01_12c98ba53776,cached,data/derived/processes/historical_source_transformation.bpmn
https://www.pbs.gov.au/info/publication/schedule/2009,54150,data/raw_live/historical_sources/pbs_archive/au_pbs_archive_12dae6cff93a1dba.pdf,f694fac7edb72e565d6429c8d23df05570b8884f6ae357d69eed9bb9368ea164,reimbursement_atlas:au_pbs_archive_2009_01_01_12dae6cff93a,Existing local cache retained; use --force to replace it.,pdf,2009-01-01-general-schedule-soc.pdf,au_pbs_archive_12dae6cff93a1dba,public_reuse_review,pending_human_review,au_pbs,https://www.pbs.gov.au/publication/schedule/2009/2009-01-01-general-schedule-soc.pdf?variant=3,au_pbs_archive_2009_01_01_12dae6cff93a,cached,data/derived/processes/historical_source_transformation.bpmn
https://www.pbs.gov.au/info/publication/schedule/2013,9814686,data/raw_live/historical_sources/pbs_archive/au_pbs_archive_1334cd9913d40214.pdf,1327b18305c9c10afce693c43f9e1dec0ed56d03ba9d0a77f05d7078282cc0eb,reimbursement_atlas:au_pbs_archive_2013_04_01_1334cd9913d4,Existing local cache retained; use --force to replace it.,pdf,2013-04-01-general-schedule.pdf,au_pbs_archive_1334cd9913d40214,public_reuse_review,pending_human_review,au_pbs,https://www.pbs.gov.au/publication/schedule/2013/04/2013-04-01-general-schedule.pdf?variant=3,au_pbs_archive_2013_04_01_1334cd9913d4,cached,data/derived/processes/historical_source_transformation.bpmn
https://www.pbs.gov.au/info/publication/schedule/2022,4581910,data/raw_live/historical_sources/pbs_archive/au_pbs_archive_13531e09ec74f966.pdf,49e262e315d106f7793dbfc0927358ab2515c37c17e99c48cd8dcfea4621fc56,reimbursement_atlas:au_pbs_archive_2022_03_01_13531e09ec74,Existing local cache retained; use --force to replace it.,pdf,2022-03-01-efc-schedule.pdf,au_pbs_archive_13531e09ec74f966,public_reuse_review,pending_human_review,au_pbs,https://www.pbs.gov.au/publication/schedule/2022/03/2022-03-01-efc-schedule.pdf?variant=3,au_pbs_archive_2022_03_01_13531e09ec74,cached,data/derived/processes/historical_source_transformation.bpmn
https://www.pbs.gov.au/info/publication/schedule/2017,722462,data/raw_live/historical_sources/pbs_archive/au_pbs_archive_135802cc189bce2d.pdf,37f23676023f1e99d64e86ca4fb3320884280cc7ee7a1dc5fb10e498cba700bd,reimbursement_atlas:au_pbs_archive_2017_11_01_135802cc189b,Existing local cache retained; use --force to replace it.,pdf,2017-11-01-general-soc.pdf,au_pbs_archive_135802cc189bce2d,public_reuse_review,pending_human_review,au_pbs,https://www.pbs.gov.au/publication/schedule/2017/11/2017-11-01-general-soc.pdf?variant=3,au_pbs_archive_2017_11_01_135802cc189b,cached,data/derived/processes/historical_source_transformation.bpmn
https://www.pbs.gov.au/info/publication/schedule/2021,2647640,data/raw_live/historical_sources/pbs_archive/au_pbs_archive_137327658e125dbc.pdf,d69a1c39ba53b9729be4fe763c74150fca1abfecd7991db55d89f92a95862d8e,reimbursement_atlas:au_pbs_archive_2021_07_01_137327658e12,Existing local cache retained; use --force to replace it.,pdf,2021-07-01-efc-schedule.pdf,au_pbs_archive_137327658e125dbc,public_reuse_review,pending_human_review,au_pbs,https://www.pbs.gov.au/publication/schedule/2021/07/2021-07-01-efc-schedule.pdf?variant=3,au_pbs_archive_2021_07_01_137327658e12,cached,data/derived/processes/historical_source_transformation.bpmn
https://www.pbs.gov.au/info/publication/schedule/2020,22634237,data/raw_live/historical_sources/pbs_archive/au_pbs_archive_13ab7e20c8378efa.pdf,c444f913047b7114ce5302427dab74784e8985d0c3878833722089a4019f0699,reimbursement_atlas:au_pbs_archive_2020_12_01_13ab7e20c837,Existing local cache retained; use --force to replace it.,pdf,2020-12-01-general-schedule-volume-1.pdf,au_pbs_archive_13ab7e20c8378efa,public_reuse_review,pending_human_review,au_pbs,https://www.pbs.gov.au/publication/schedule/2020/12/2020-12-01-general-schedule-volume-1.pdf?variant=3,au_pbs_archive_2020_12_01_13ab7e20c837,cached,data/derived/processes/historical_source_transformation.bpmn
https://www.pbs.gov.au/info/publication/schedule/2020,9195337,data/raw_live/historical_sources/pbs_archive/au_pbs_archive_148ef9dc26f0cc48.pdf,b988aa4bd0c4adb0bc2045103d778dcdd355720bc1d217bf5754da9e70443f37,reimbursement_atlas:au_pbs_archive_2020_02_01_148ef9dc26f0,Existing local cache retained; use --force to replace it.,pdf,2020-02-01-general-schedule-volume-2.pdf,au_pbs_archive_148ef9dc26f0cc48,public_reuse_review,pending_human_review,au_pbs,https://www.pbs.gov.au/publication/schedule/2020/02/2020-02-01-general-schedule-volume-2.pdf?variant=3,au_pbs_archive_2020_02_01_148ef9dc26f0,cached,data/derived/processes/historical_source_transformation.bpmn
https://www.pbs.gov.au/info/publication/schedule/2014,7299481,data/raw_live/historical_sources/pbs_archive/au_pbs_archive_155d909621cbd582.pdf,900a3c1f08205a939cca7140e4b567e3bb14d5e82165c67b87ff638c70371808,reimbursement_atlas:au_pbs_archive_2014_02_01_155d909621cb,Existing local cache retained; use --force to replace it.,pdf,2014-02-01-general-schedule.pdf,au_pbs_archive_155d909621cbd582,public_reuse_review,pending_human_review,au_pbs,https://www.pbs.gov.au/publication/schedule/2014/02/2014-02-01-general-schedule.pdf?variant=3,au_pbs_archive_2014_02_01_155d909621cb,cached,data/derived/processes/historical_source_transformation.bpmn
https://www.pbs.gov.au/info/publication/schedule/2010,10021,data/raw_live/historical_sources/pbs_archive/au_pbs_archive_156533a9c0d77dc3.pdf,ae82ac7db48e928de8be5138e38cd110d95617def90ab1ffd847ac53393938e8,reimbursement_atlas:au_pbs_archive_2010_09_01_156533a9c0d7,Existing local cache retained; use --force to replace it.,pdf,2010-09-01-general-schedule-SOC.pdf,au_pbs_archive_156533a9c0d77dc3,public_reuse_review,pending_human_review,au_pbs,https://www.pbs.gov.au/publication/schedule/2010/2010-09-01-general-schedule-SOC.pdf?variant=3,au_pbs_archive_2010_09_01_156533a9c0d7,cached,data/derived/processes/historical_source_transformation.bpmn
https://www.pbs.gov.au/info/publication/schedule/2018,3822106,data/raw_live/historical_sources/pbs_archive/au_pbs_archive_15c51b656322b065.pdf,ba860e52cbdf5f637c9315a3489aedfdd76ad7a4c981d2e540e6570cfebbd47a,reimbursement_atlas:au_pbs_archive_2018_02_01_15c51b656322,Existing local cache retained; use --force to replace it.,pdf,2018-02-01-efc-schedule.pdf,au_pbs_archive_15c51b656322b065,public_reuse_review,pending_human_review,au_pbs,https://www.pbs.gov.au/publication/schedule/2018/02/2018-02-01-efc-schedule.pdf?variant=3,au_pbs_archive_2018_02_01_15c51b656322,cached,data/derived/processes/historical_source_transformation.bpmn
https://www.pbs.gov.au/info/publication/schedule/2017,3873435,data/raw_live/historical_sources/pbs_archive/au_pbs_archive_160b25248c8c41e3.pdf,359498c52f09920ac87c14ad4fffcae01893cbe36d1697328d06e2bd7040df32,reimbursement_atlas:au_pbs_archive_2017_08_01_160b25248c8c,Existing local cache retained; use --force to replace it.,pdf,2017-08-01-efc-schedule.pdf,au_pbs_archive_160b25248c8c41e3,public_reuse_review,pending_human_review,au_pbs,https://www.pbs.gov.au/publication/schedule/2017/08/2017-08-01-efc-schedule.pdf?variant=3,au_pbs_archive_2017_08_01_160b25248c8c,cached,data/derived/processes/historical_source_transformation.bpmn
https://www.pbs.gov.au/info/publication/schedule/2011,2611736,data/raw_live/historical_sources/pbs_archive/au_pbs_archive_1661034bad262679.pdf,25a1faa408e4219c6f8a1dbe48f2c1f137d7d77348bebfd13a162bf2fb196abe,reimbursement_atlas:au_pbs_archive_2011_05_01_1661034bad26,Existing local cache retained; use --force to replace it.,pdf,2011-05-01-dental-book.pdf,au_pbs_archive_1661034bad262679,public_reuse_review,pending_human_review,au_pbs,https://www.pbs.gov.au/publication/schedule/2011/05/2011-05-01-dental-book.pdf?variant=3,au_pbs_archive_2011_05_01_1661034bad26,cached,data/derived/processes/historical_source_transformation.bpmn
https://www.pbs.gov.au/info/publication/schedule/2010,41486,data/raw_live/historical_sources/pbs_archive/au_pbs_archive_16786fa387db0600.pdf,ad16cbceafcb1fd4426820f05656364d8492854e767b8d0793dccc5a350b396a,reimbursement_atlas:au_pbs_archive_2010_02_01_16786fa387db,Existing local cache retained; use --force to replace it.,pdf,2010-02-01-dental-book-soc.pdf,au_pbs_archive_16786fa387db0600,public_reuse_review,pending_human_review,au_pbs,https://www.pbs.gov.au/publication/schedule/2010/2010-02-01-dental-book-soc.pdf?variant=3,au_pbs_archive_2010_02_01_16786fa387db,cached,data/derived/processes/historical_source_transformation.bpmn
https://www.pbs.gov.au/info/publication/schedule/2025,298348,data/raw_live/historical_sources/pbs_archive/au_pbs_archive_167de91660aa0bfe.pdf,0516ee7c5053e72c8d859b739f04679d5b88ab4471fe23ac0634822b680288b4,reimbursement_atlas:au_pbs_archive_unknown_167de91660aa,Existing local cache retained; use --force to replace it.,pdf,Addendum-1-September-2025-Benzathine-benzylpenicillin.pdf,au_pbs_archive_167de91660aa0bfe,public_reuse_review,pending_human_review,au_pbs,https://www.pbs.gov.au/publication/schedule/2025/09/Addendum-1-September-2025-Benzathine-benzylpenicillin.pdf?variant=3,au_pbs_archive_unknown_167de91660aa,cached,data/derived/processes/historical_source_transformation.bpmn
https://www.pbs.gov.au/info/publication/schedule/2008,126106,data/raw_live/historical_sources/pbs_archive/au_pbs_archive_16864839c46c2faa.pdf,0f0ff054445ba6eee110cf2d48d149a2f099f808adc43e6f89f9f9340eb0b74b,reimbursement_atlas:au_pbs_archive_2008_12_01_16864839c46c,Existing local cache retained; use --force to replace it.,pdf,2008-12-01-general-schedule-soc.pdf,au_pbs_archive_16864839c46c2faa,public_reuse_review,pending_human_review,au_pbs,https://www.pbs.gov.au/publication/schedule/2008/2008-12-01-general-schedule-soc.pdf?variant=3,au_pbs_archive_2008_12_01_16864839c46c,cached,data/derived/processes/historical_source_transformation.bpmn
https://www.pbs.gov.au/info/publication/schedule/2020,21875395,data/raw_live/historical_sources/pbs_archive/au_pbs_archive_16c063bcf9488884.pdf,b9f5bb6aea1f6e09465f4cdc2e96ee29df2200daf81fa3e201e02a537300fb96,reimbursement_atlas:au_pbs_archive_2020_07_01_16c063bcf948,Existing local cache retained; use --force to replace it.,pdf,2020-07-01-general-schedule-volume-1.pdf,au_pbs_archive_16c063bcf9488884,public_reuse_review,pending_human_review,au_pbs,https://www.pbs.gov.au/publication/schedule/2020/07/2020-07-01-general-schedule-volume-1.pdf?variant=3,au_pbs_archive_2020_07_01_16c063bcf948,cached,data/derived/processes/historical_source_transformation.bpmn
https://www.pbs.gov.au/info/publication/schedule/2017,1311358,data/raw_live/historical_sources/pbs_archive/au_pbs_archive_16c58bfe47de24b3.pdf,af1aaeababb75519be5a0204bea22e4f5cd563559b8bd22c3ad926a43fddd475,reimbursement_atlas:au_pbs_archive_2017_11_01_16c58bfe47de,Existing local cache retained; use --force to replace it.,pdf,2017-11-01-efc-schedule.pdf,au_pbs_archive_16c58bfe47de24b3,public_reuse_review,pending_human_review,au_pbs,https://www.pbs.gov.au/publication/schedule/2017/11/2017-11-01-efc-schedule.pdf?variant=3,au_pbs_archive_2017_11_01_16c58bfe47de,cached,data/derived/processes/historical_source_transformation.bpmn
https://www.pbs.gov.au/info/publication/schedule/2025,3535346,data/raw_live/historical_sources/pbs_archive/au_pbs_archive_16d0abd2afcf35ea.pdf,a5a0f1c1b8166784474b3eb44d55dbeab55ffe003ea3325515bfc442cb187ddd,reimbursement_atlas:au_pbs_archive_2025_01_01_16d0abd2afcf,Existing local cache retained; use --force to replace it.,pdf,2025-01-01-general-soc.pdf,au_pbs_archive_16d0abd2afcf35ea,public_reuse_review,pending_human_review,au_pbs,https://www.pbs.gov.au/publication/schedule/2025/01/2025-01-01-general-soc.pdf?variant=3,au_pbs_archive_2025_01_01_16d0abd2afcf,cached,data/derived/processes/historical_source_transformation.bpmn
https://www.pbs.gov.au/info/publication/schedule/2010,3493808,data/raw_live/historical_sources/pbs_archive/au_pbs_archive_16f13f6a87fe913a.pdf,a9a2cccfcfdcc9fad86e92b540aa3daa05f3b9938f2ff6157960d0febd932768,reimbursement_atlas:au_pbs_archive_2010_02_01_16f13f6a87fe,Existing local cache retained; use --force to replace it.,pdf,2010-02-01-general-schedule.pdf,au_pbs_archive_16f13f6a87fe913a,public_reuse_review,pending_human_review,au_pbs,https://www.pbs.gov.au/publication/schedule/2010/2010-02-01-general-schedule.pdf?variant=3,au_pbs_archive_2010_02_01_16f13f6a87fe,cached,data/derived/processes/historical_source_transformation.bpmn
https://www.pbs.gov.au/info/publication/schedule/2008,52413,data/raw_live/historical_sources/pbs_archive/au_pbs_archive_16f53fd3af1b2c3b.pdf,3287eaa158597dca500fb5cc13dbad2e30031116eabf2181fd5dc3eb3b8d9c0e,reimbursement_atlas:au_pbs_archive_2008_02_01_16f53fd3af1b,Existing local cache retained; use --force to replace it.,pdf,2008-02-01-dental-book-soc.pdf,au_pbs_archive_16f53fd3af1b2c3b,public_reuse_review,pending_human_review,au_pbs,https://www.pbs.gov.au/publication/schedule/2008/2008-02-01-dental-book-soc.pdf?variant=3,au_pbs_archive_2008_02_01_16f53fd3af1b,cached,data/derived/processes/historical_source_transformation.bpmn
https://www.pbs.gov.au/info/publication/schedule/2014,6192412,data/raw_live/historical_sources/pbs_archive/au_pbs_archive_16f5807a9033f505.pdf,3b99092358470fa0532366e4b3fac0fe722d7a088df6e5de5c872aceb2700a5a,reimbursement_atlas:au_pbs_archive_2014_07_01_16f5807a9033,Existing local cache retained; use --force to replace it.,pdf,2014-07-01-general-schedule.pdf,au_pbs_archive_16f5807a9033f505,public_reuse_review,pending_human_review,au_pbs,https://www.pbs.gov.au/publication/schedule/2014/07/2014-07-01-general-schedule.pdf?variant=3,au_pbs_archive_2014_07_01_16f5807a9033,cached,data/derived/processes/historical_source_transformation.bpmn
https://www.pbs.gov.au/info/publication/schedule/2016,966153,data/raw_live/historical_sources/pbs_archive/au_pbs_archive_16ff416cf2e55c62.pdf,9d8bb9b2ff9e78af20807242059c660c9199c47126c05503942db06067f8abdb,reimbursement_atlas:au_pbs_archive_2016_07_01_16ff416cf2e5,Existing local cache retained; use --force to replace it.,pdf,2016-07-01-general-soc.pdf,au_pbs_archive_16ff416cf2e55c62,public_reuse_review,pending_human_review,au_pbs,https://www.pbs.gov.au/publication/schedule/2016/07/2016-07-01-general-soc.pdf?variant=3,au_pbs_archive_2016_07_01_16ff416cf2e5,cached,data/derived/processes/historical_source_transformation.bpmn
https://www.pbs.gov.au/info/publication/schedule/2021,1692715,data/raw_live/historical_sources/pbs_archive/au_pbs_archive_175ab4a966144386.pdf,b6e5288a0f10a2bb367fdc302050a28c135a5dfec15dd7053a031bcf9baf522a,reimbursement_atlas:au_pbs_archive_2021_02_01_175ab4a96614,Existing local cache retained; use --force to replace it.,pdf,2021-02-01-efc-schedule.pdf,au_pbs_archive_175ab4a966144386,public_reuse_review,pending_human_review,au_pbs,https://www.pbs.gov.au/publication/schedule/2021/02/2021-02-01-efc-schedule.pdf?variant=3,au_pbs_archive_2021_02_01_175ab4a96614,cached,data/derived/processes/historical_source_transformation.bpmn
https://www.pbs.gov.au/info/publication/schedule/2021,2406030,data/raw_live/historical_sources/pbs_archive/au_pbs_archive_17be7f0bdb71fd57.pdf,16963660cedc42e650ddd7552151aba4c70366cb92696eb5020713c641a24827,reimbursement_atlas:au_pbs_archive_2021_09_01_17be7f0bdb71,Existing local cache retained; use --force to replace it.,pdf,2021-09-01-efc-schedule.pdf,au_pbs_archive_17be7f0bdb71fd57,public_reuse_review,pending_human_review,au_pbs,https://www.pbs.gov.au/publication/schedule/2021/09/2021-09-01-efc-schedule.pdf?variant=3,au_pbs_archive_2021_09_01_17be7f0bdb71,cached,data/derived/processes/historical_source_transformation.bpmn
https://www.pbs.gov.au/info/publication/schedule/2014,335989,data/raw_live/historical_sources/pbs_archive/au_pbs_archive_17ddcf3cc7d0253d.pdf,e74db303de990bb589ec750007c474e1cdbeb41a0e8dd1ebd9eb5128781c3723,reimbursement_atlas:au_pbs_archive_2014_09_01_17ddcf3cc7d0,Existing local cache retained; use --force to replace it.,pdf,2014-09-01-errata.pdf,au_pbs_archive_17ddcf3cc7d0253d,public_reuse_review,pending_human_review,au_pbs,https://www.pbs.gov.au/publication/schedule/2014/09/2014-09-01-errata.pdf?variant=3,au_pbs_archive_2014_09_01_17ddcf3cc7d0,cached,data/derived/processes/historical_source_transformation.bpmn
https://www.pbs.gov.au/info/publication/schedule/2023,2570937,data/raw_live/historical_sources/pbs_archive/au_pbs_archive_18188257b68aee88.pdf,bd0ff6d246a939191b7971e652c6424a7f3cf9ec8ec4fbf237958907535a9a41,reimbursement_atlas:au_pbs_archive_2023_02_01_18188257b68a,Existing local cache retained; use --force to replace it.,pdf,2023-02-01-efc-schedule.pdf,au_pbs_archive_18188257b68aee88,public_reuse_review,pending_human_review,au_pbs,https://www.pbs.gov.au/publication/schedule/2023/02/2023-02-01-efc-schedule.pdf?variant=3,au_pbs_archive_2023_02_01_18188257b68a,cached,data/derived/processes/historical_source_transformation.bpmn
https://www.pbs.gov.au/info/publication/schedule/historical-archive,6479962,data/raw_live/historical_sources/pbs_archive/au_pbs_archive_182bc4d5df108fcb.pdf,c95dedd40434cb5637de553430beb9447cf241b5f8468b723902ab90e572599e,reimbursement_atlas:au_pbs_archive_1986_11_01_182bc4d5df10,Existing local cache retained; use --force to replace it.,pdf,1986-11-01-consolidated-schedules.pdf,au_pbs_archive_182bc4d5df108fcb,public_reuse_review,pending_human_review,au_pbs,https://www.pbs.gov.au/publication/schedule/1951-2002/1986-11-01-consolidated-schedules.pdf?variant=3,au_pbs_archive_1986_11_01_182bc4d5df10,cached,data/derived/processes/historical_source_transformation.bpmn
https://www.pbs.gov.au/info/publication/schedule/2005,4583037,data/raw_live/historical_sources/pbs_archive/au_pbs_archive_187253ec6afd27ec.pdf,16fab69616f012c77dd8786a6cd2437a1192e7f4938c7d2d605bdc28b3ce85e9,reimbursement_atlas:au_pbs_archive_2005_12_01_187253ec6afd,Existing local cache retained; use --force to replace it.,pdf,2005-12-01-general-schedule.pdf,au_pbs_archive_187253ec6afd27ec,public_reuse_review,pending_human_review,au_pbs,https://www.pbs.gov.au/publication/schedule/2005/2005-12-01-general-schedule.pdf?variant=3,au_pbs_archive_2005_12_01_187253ec6afd,cached,data/derived/processes/historical_source_transformation.bpmn
https://www.pbs.gov.au/info/publication/schedule/2019,228274,data/raw_live/historical_sources/pbs_archive/au_pbs_archive_189f3be64f19b174.pdf,7820fcc93511f6f97174bb4a49e251771cffa10c992aee9c018a8d30df2a1d94,reimbursement_atlas:au_pbs_archive_2019_07_01_189f3be64f19,Existing local cache retained; use --force to replace it.,pdf,2019-07-01-general-soc.pdf,au_pbs_archive_189f3be64f19b174,public_reuse_review,pending_human_review,au_pbs,https://www.pbs.gov.au/publication/schedule/2019/07/2019-07-01-general-soc.pdf?variant=3,au_pbs_archive_2019_07_01_189f3be64f19,cached,data/derived/processes/historical_source_transformation.bpmn
https://www.pbs.gov.au/info/publication/schedule/2010,297690,data/raw_live/historical_sources/pbs_archive/au_pbs_archive_18b197b90b7dc609.pdf,e5b911255260c3bfdeac5175eb7b05ed83ac350d2af671e3a969e006afb4377d,reimbursement_atlas:au_pbs_archive_2010_06_01_18b197b90b7d,Existing local cache retained; use --force to replace it.,pdf,2010-06-01--chemotherapy-booklet.pdf,au_pbs_archive_18b197b90b7dc609,public_reuse_review,pending_human_review,au_pbs,https://www.pbs.gov.au/publication/schedule/2010/2010-06-01--chemotherapy-booklet.pdf?variant=3,au_pbs_archive_2010_06_01_18b197b90b7d,cached,data/derived/processes/historical_source_transformation.bpmn
https://www.pbs.gov.au/info/publication/schedule/2017,3872641,data/raw_live/historical_sources/pbs_archive/au_pbs_archive_18c579dbbe48ba3b.pdf,18d16dd5ab7a33ae3b2558582d80309eaf9883989113daa54c884bd85cbf2ccf,reimbursement_atlas:au_pbs_archive_2017_06_01_18c579dbbe48,Existing local cache retained; use --force to replace it.,pdf,2017-06-01-efc-schedule.pdf,au_pbs_archive_18c579dbbe48ba3b,public_reuse_review,pending_human_review,au_pbs,https://www.pbs.gov.au/publication/schedule/2017/06/2017-06-01-efc-schedule.pdf?variant=3,au_pbs_archive_2017_06_01_18c579dbbe48,cached,data/derived/processes/historical_source_transformation.bpmn
https://www.pbs.gov.au/info/publication/schedule/2020,9368958,data/raw_live/historical_sources/pbs_archive/au_pbs_archive_190be49469e17f83.pdf,50d3323b56c7d93881b17ffe91fead84492ccb7562ea6c3529eccc7b83381ec9,reimbursement_atlas:au_pbs_archive_2020_04_01_190be49469e1,Existing local cache retained; use --force to replace it.,pdf,2020-04-01-general-schedule-volume-2.pdf,au_pbs_archive_190be49469e17f83,public_reuse_review,pending_human_review,au_pbs,https://www.pbs.gov.au/publication/schedule/2020/04/2020-04-01-general-schedule-volume-2.pdf?variant=3,au_pbs_archive_2020_04_01_190be49469e1,cached,data/derived/processes/historical_source_transformation.bpmn
https://www.pbs.gov.au/info/publication/schedule/2021,8087747,data/raw_live/historical_sources/pbs_archive/au_pbs_archive_192cbeec289b91bf.pdf,dbd19e64719c3171aa28e8f740fde231d3c0db3b9e67a6cc2e805e0f330ccfac,reimbursement_atlas:au_pbs_archive_2021_05_01_192cbeec289b,Existing local cache retained; use --force to replace it.,pdf,2021-05-01-general-schedule-volume-2.pdf,au_pbs_archive_192cbeec289b91bf,public_reuse_review,pending_human_review,au_pbs,https://www.pbs.gov.au/publication/schedule/2021/05/2021-05-01-general-schedule-volume-2.pdf?variant=3,au_pbs_archive_2021_05_01_192cbeec289b,cached,data/derived/processes/historical_source_transformation.bpmn
https://www.pbs.gov.au/info/publication/schedule/2022,2187458,data/raw_live/historical_sources/pbs_archive/au_pbs_archive_19f173de86aa0b2d.pdf,ff538a36d05d28514504b7d886bf5e04e3435670c2ca6b2b2e565b986e24d34b,reimbursement_atlas:au_pbs_archive_2022_05_01_19f173de86aa,Existing local cache retained; use --force to replace it.,pdf,2022-05-01-efc-schedule.pdf,au_pbs_archive_19f173de86aa0b2d,public_reuse_review,pending_human_review,au_pbs,https://www.pbs.gov.au/publication/schedule/2022/05/2022-05-01-efc-schedule.pdf?variant=3,au_pbs_archive_2022_05_01_19f173de86aa,cached,data/derived/processes/historical_source_transformation.bpmn
https://www.pbs.gov.au/info/publication/schedule/historical-archive,10954572,data/raw_live/historical_sources/pbs_archive/au_pbs_archive_1a01cc8f5e82214f.pdf,80882695b3d5069ff0dea89f073fa4fa423710c6872ef1f9fb4c5e5ee07b1908,reimbursement_atlas:au_pbs_archive_1963_02_01_1a01cc8f5e82,Existing local cache retained; use --force to replace it.,pdf,1963-02-01-consolidated-schedules.pdf,au_pbs_archive_1a01cc8f5e82214f,public_reuse_review,pending_human_review,au_pbs,https://www.pbs.gov.au/publication/schedule/1951-2002/1963-02-01-consolidated-schedules.pdf?variant=3,au_pbs_archive_1963_02_01_1a01cc8f5e82,cached,data/derived/processes/historical_source_transformation.bpmn
https://www.pbs.gov.au/info/publication/schedule/2008,445959,data/raw_live/historical_sources/pbs_archive/au_pbs_archive_1aeb10fffe4ae862.pdf,e81be60d0146c63aaa8f2f81a1cc8f0d6d88c9062e16b6f1950c217a6d95f888,reimbursement_atlas:au_pbs_archive_2008_08_01_1aeb10fffe4a,Existing local cache retained; use --force to replace it.,pdf,2008-08-01-dental-book.pdf,au_pbs_archive_1aeb10fffe4ae862,public_reuse_review,pending_human_review,au_pbs,https://www.pbs.gov.au/publication/schedule/2008/2008-08-01-dental-book.pdf?variant=3,au_pbs_archive_2008_08_01_1aeb10fffe4a,cached,data/derived/processes/historical_source_transformation.bpmn
https://www.pbs.gov.au/info/publication/schedule/2007,49699,data/raw_live/historical_sources/pbs_archive/au_pbs_archive_1b5747cbb43947cf.pdf,0bfa7f37573ae1b8c556af604d95480720ef30af6a53a9606d3c5386a8ae0e0f,reimbursement_atlas:au_pbs_archive_2007_09_01_1b5747cbb439,Existing local cache retained; use --force to replace it.,pdf,2007-09-01-dental-book-soc.pdf,au_pbs_archive_1b5747cbb43947cf,public_reuse_review,pending_human_review,au_pbs,https://www.pbs.gov.au/publication/schedule/2007/2007-09-01-dental-book-soc.pdf?variant=3,au_pbs_archive_2007_09_01_1b5747cbb439,cached,data/derived/processes/historical_source_transformation.bpmn
https://www.pbs.gov.au/info/publication/schedule/2019,21087410,data/raw_live/historical_sources/pbs_archive/au_pbs_archive_1c71faccc92ed146.pdf,159660efbf281bd28547731bea99c1055a606bc2f88f7ffeacf425bdcf485016,reimbursement_atlas:au_pbs_archive_2019_10_01_1c71faccc92e,Existing local cache retained; use --force to replace it.,pdf,2019-10-01-general-schedule-volume-1.pdf,au_pbs_archive_1c71faccc92ed146,public_reuse_review,pending_human_review,au_pbs,https://www.pbs.gov.au/publication/schedule/2019/10/2019-10-01-general-schedule-volume-1.pdf?variant=3,au_pbs_archive_2019_10_01_1c71faccc92e,cached,data/derived/processes/historical_source_transformation.bpmn
https://www.pbs.gov.au/info/publication/schedule/2022,12887110,data/raw_live/historical_sources/pbs_archive/au_pbs_archive_1d9c0949bd725c09.pdf,8624d6bd43100fae6251699f51d6851c18777791585168ea9a9e4a205af6f2a8,reimbursement_atlas:au_pbs_archive_2022_04_01_1d9c0949bd72,Existing local cache retained; use --force to replace it.,pdf,2022-04-01-general-schedule-volume-2.pdf,au_pbs_archive_1d9c0949bd725c09,public_reuse_review,pending_human_review,au_pbs,https://www.pbs.gov.au/publication/schedule/2022/04/2022-04-01-general-schedule-volume-2.pdf?variant=3,au_pbs_archive_2022_04_01_1d9c0949bd72,cached,data/derived/processes/historical_source_transformation.bpmn
https://www.pbs.gov.au/info/publication/schedule/2024,1942240,data/raw_live/historical_sources/pbs_archive/au_pbs_archive_1dc145a61f706389.pdf,efd760122b65676c61b9b82c26693d9ec0fed80958dff79c2b991f363f40e699,reimbursement_atlas:au_pbs_archive_2024_03_01_1dc145a61f70,Existing local cache retained; use --force to replace it.,pdf,2024-03-01-general-soc.pdf,au_pbs_archive_1dc145a61f706389,public_reuse_review,pending_human_review,au_pbs,https://www.pbs.gov.au/publication/schedule/2024/03/2024-03-01-general-soc.pdf?variant=3,au_pbs_archive_2024_03_01_1dc145a61f70,cached,data/derived/processes/historical_source_transformation.bpmn
https://www.pbs.gov.au/info/publication/schedule/2020,2734418,data/raw_live/historical_sources/pbs_archive/au_pbs_archive_1de84797200a53c2.pdf,404af37873799cce1d081d75056be8b43ce448eeab8379077f64d18bd884a13f,reimbursement_atlas:au_pbs_archive_2020_05_01_1de84797200a,Existing local cache retained; use --force to replace it.,pdf,2020-05-01-general-soc.pdf,au_pbs_archive_1de84797200a53c2,public_reuse_review,pending_human_review,au_pbs,https://www.pbs.gov.au/publication/schedule/2020/05/2020-05-01-general-soc.pdf?variant=3,au_pbs_archive_2020_05_01_1de84797200a,cached,data/derived/processes/historical_source_transformation.bpmn
https://www.pbs.gov.au/info/publication/schedule/2013,383399,data/raw_live/historical_sources/pbs_archive/au_pbs_archive_1df90cd2e590c489.pdf,3b6dd929ca39efbf0b4bc2d422365236b3aadc621a70da88f59d4f9a3e4f9acb,reimbursement_atlas:au_pbs_archive_2013_02_01_1df90cd2e590,Existing local cache retained; use --force to replace it.,pdf,2013-02-01-addendum.pdf,au_pbs_archive_1df90cd2e590c489,public_reuse_review,pending_human_review,au_pbs,https://www.pbs.gov.au/publication/schedule/2013/02/2013-02-01-addendum.pdf?variant=3,au_pbs_archive_2013_02_01_1df90cd2e590,cached,data/derived/processes/historical_source_transformation.bpmn
https://www.pbs.gov.au/info/publication/schedule/historical-archive,7188605,data/raw_live/historical_sources/pbs_archive/au_pbs_archive_1ed4be33183de4a1.pdf,b55059810b62c1639855d468e9a6d1f8518d47fb51ebecfcb8cfed4b4f98855d,reimbursement_atlas:au_pbs_archive_1987_08_01_1ed4be33183d,Existing local cache retained; use --force to replace it.,pdf,1987-08-01-PBS-Schedule-Approved-Pharmacists.pdf,au_pbs_archive_1ed4be33183de4a1,public_reuse_review,pending_human_review,au_pbs,https://www.pbs.gov.au/publication/schedule/1951-2002/1987-08-01-PBS-Schedule-Approved-Pharmacists.pdf?variant=3,au_pbs_archive_1987_08_01_1ed4be33183d,cached,data/derived/processes/historical_source_transformation.bpmn
https://www.pbs.gov.au/info/publication/schedule/2026,1468897,data/raw_live/historical_sources/pbs_archive/au_pbs_archive_1edeb6a87ebfb310.pdf,816f43cfa881831c7682720019e939028234194c4139a9ececd7247ac4297fc9,reimbursement_atlas:au_pbs_archive_2026_05_01_1edeb6a87ebf,Existing local cache retained; use --force to replace it.,pdf,2026-05-01-efc-schedule.pdf,au_pbs_archive_1edeb6a87ebfb310,public_reuse_review,pending_human_review,au_pbs,https://www.pbs.gov.au/publication/schedule/2026/05/2026-05-01-efc-schedule.pdf?variant=3,au_pbs_archive_2026_05_01_1edeb6a87ebf,cached,data/derived/processes/historical_source_transformation.bpmn
https://www.pbs.gov.au/info/publication/schedule/2021,24992827,data/raw_live/historical_sources/pbs_archive/au_pbs_archive_1f0dc68bee6267c6.pdf,d73d7eaed18a6f2d76a74a7d26696b0926a34c1df0387aeb5a7360af0f5ceab6,reimbursement_atlas:au_pbs_archive_2021_09_01_1f0dc68bee62,Existing local cache retained; use --force to replace it.,pdf,2021-09-01-general-schedule-volume-1.pdf,au_pbs_archive_1f0dc68bee6267c6,public_reuse_review,pending_human_review,au_pbs,https://www.pbs.gov.au/publication/schedule/2021/09/2021-09-01-general-schedule-volume-1.pdf?variant=3,au_pbs_archive_2021_09_01_1f0dc68bee62,cached,data/derived/processes/historical_source_transformation.bpmn
https://www.pbs.gov.au/info/publication/schedule/2013,350670,data/raw_live/historical_sources/pbs_archive/au_pbs_archive_1f554985f947a471.pdf,3ea327bd5d57dc12eb9553b643bda0c2754df367f96bee4563e24d95f363e011,reimbursement_atlas:au_pbs_archive_2013_03_01_1f554985f947,Existing local cache retained; use --force to replace it.,pdf,2013-03-01-efc-summary-of-changes.pdf,au_pbs_archive_1f554985f947a471,public_reuse_review,pending_human_review,au_pbs,https://www.pbs.gov.au/publication/schedule/2013/03/2013-03-01-efc-summary-of-changes.pdf?variant=3,au_pbs_archive_2013_03_01_1f554985f947,cached,data/derived/processes/historical_source_transformation.bpmn
https://www.pbs.gov.au/info/publication/schedule/2021,25410390,data/raw_live/historical_sources/pbs_archive/au_pbs_archive_1f5f65a52345af8b.pdf,dbb7082da486ce3c42332ab83a50270193ddcca6c6a0d89b9a8f74a3f7e3523c,reimbursement_atlas:au_pbs_archive_2021_11_01_1f5f65a52345,Existing local cache retained; use --force to replace it.,pdf,2021-11-01-general-schedule-volume-1.pdf,au_pbs_archive_1f5f65a52345af8b,public_reuse_review,pending_human_review,au_pbs,https://www.pbs.gov.au/publication/schedule/2021/11/2021-11-01-general-schedule-volume-1.pdf?variant=3,au_pbs_archive_2021_11_01_1f5f65a52345,cached,data/derived/processes/historical_source_transformation.bpmn
https://www.pbs.gov.au/info/publication/schedule/2007,51133,data/raw_live/historical_sources/pbs_archive/au_pbs_archive_1fd0c04184e74eab.pdf,1d2afc85ce6bd2580caf7d1bbf2454c35c6a6339692729ee9b59d7ed7c7f61b8,reimbursement_atlas:au_pbs_archive_2007_01_01_1fd0c04184e7,Existing local cache retained; use --force to replace it.,pdf,2007-01-01-dental-book-soc.pdf,au_pbs_archive_1fd0c04184e74eab,public_reuse_review,pending_human_review,au_pbs,https://www.pbs.gov.au/publication/schedule/2007/2007-01-01-dental-book-soc.pdf?variant=3,au_pbs_archive_2007_01_01_1fd0c04184e7,cached,data/derived/processes/historical_source_transformation.bpmn
https://www.pbs.gov.au/info/publication/schedule/2010,466319,data/raw_live/historical_sources/pbs_archive/au_pbs_archive_20069ea3a960d2a7.pdf,1bf10c044f5d33f80bc59372de81d59df0cf599cd8498ebc59bca5f9202532b4,reimbursement_atlas:au_pbs_archive_2010_08_01_20069ea3a960,Existing local cache retained; use --force to replace it.,pdf,2010-08-01-dental-book.pdf,au_pbs_archive_20069ea3a960d2a7,public_reuse_review,pending_human_review,au_pbs,https://www.pbs.gov.au/publication/schedule/2010/2010-08-01-dental-book.pdf?variant=3,au_pbs_archive_2010_08_01_20069ea3a960,cached,data/derived/processes/historical_source_transformation.bpmn
https://www.pbs.gov.au/info/publication/schedule/2019,8820250,data/raw_live/historical_sources/pbs_archive/au_pbs_archive_204c74b119cdc8a6.pdf,4dc94874f571af8f0cdce962d8cbf41cb69a98470a4dd338941c9d77bc1b9969,reimbursement_atlas:au_pbs_archive_2019_11_01_204c74b119cd,Existing local cache retained; use --force to replace it.,pdf,2019-11-01-general-schedule-volume-2.pdf,au_pbs_archive_204c74b119cdc8a6,public_reuse_review,pending_human_review,au_pbs,https://www.pbs.gov.au/publication/schedule/2019/11/2019-11-01-general-schedule-volume-2.pdf?variant=3,au_pbs_archive_2019_11_01_204c74b119cd,cached,data/derived/processes/historical_source_transformation.bpmn
https://www.pbs.gov.au/info/publication/schedule/2019,10867396,data/raw_live/historical_sources/pbs_archive/au_pbs_archive_20b4e44bb5be3e7e.pdf,1640310d11a5a2164118ce01af7fdd2b1219232f95cb3bc1e21dad7730cfb84c,reimbursement_atlas:au_pbs_archive_2019_10_01_20b4e44bb5be,Existing local cache retained; use --force to replace it.,pdf,2019-10-01-general-schedule-volume-2.pdf,au_pbs_archive_20b4e44bb5be3e7e,public_reuse_review,pending_human_review,au_pbs,https://www.pbs.gov.au/publication/schedule/2019/10/2019-10-01-general-schedule-volume-2.pdf?variant=3,au_pbs_archive_2019_10_01_20b4e44bb5be,cached,data/derived/processes/historical_source_transformation.bpmn
https://www.pbs.gov.au/info/publication/schedule/2026,859196,data/raw_live/historical_sources/pbs_archive/au_pbs_archive_20bb7ae0381209da.pdf,2302b8e730658fded3846f764583f0467ec53682f5521f680e47e1dce1c1df7b,reimbursement_atlas:au_pbs_archive_2026_03_01_20bb7ae03812,Existing local cache retained; use --force to replace it.,pdf,2026-03-01-general-soc.pdf,au_pbs_archive_20bb7ae0381209da,public_reuse_review,pending_human_review,au_pbs,https://www.pbs.gov.au/publication/schedule/2026/03/2026-03-01-general-soc.pdf?variant=3,au_pbs_archive_2026_03_01_20bb7ae03812,cached,data/derived/processes/historical_source_transformation.bpmn
https://www.pbs.gov.au/info/publication/schedule/2023,2405495,data/raw_live/historical_sources/pbs_archive/au_pbs_archive_22de13bef3328fcf.pdf,a310ffd2401990f71d29619f178f2c2323d774cb56a6ed832c20c8e39e499394,reimbursement_atlas:au_pbs_archive_2023_07_01_22de13bef332,Existing local cache retained; use --force to replace it.,pdf,2023-07-01-efc-schedule.pdf,au_pbs_archive_22de13bef3328fcf,public_reuse_review,pending_human_review,au_pbs,https://www.pbs.gov.au/publication/schedule/2023/07/2023-07-01-efc-schedule.pdf?variant=3,au_pbs_archive_2023_07_01_22de13bef332,cached,data/derived/processes/historical_source_transformation.bpmn
https://www.pbs.gov.au/info/publication/schedule/2018,21059812,data/raw_live/historical_sources/pbs_archive/au_pbs_archive_231f9eaa6a4dcb93.pdf,0ea760d7f9b1eb20cad10d2d7df8f5c713d8968665413e59627d7dd8c15d42c3,reimbursement_atlas:au_pbs_archive_2018_08_01_231f9eaa6a4d,Existing local cache retained; use --force to replace it.,pdf,2018-08-01-general-schedule.pdf,au_pbs_archive_231f9eaa6a4dcb93,public_reuse_review,pending_human_review,au_pbs,https://www.pbs.gov.au/publication/schedule/2018/08/2018-08-01-general-schedule.pdf?variant=3,au_pbs_archive_2018_08_01_231f9eaa6a4d,cached,data/derived/processes/historical_source_transformation.bpmn
https://www.pbs.gov.au/info/publication/schedule/2007,135180,data/raw_live/historical_sources/pbs_archive/au_pbs_archive_233ec153d299b8e1.pdf,19faee15e617b43c1a4b6c96396848c2f11999500cbb2be64e1d7732dcc29ba4,reimbursement_atlas:au_pbs_archive_2007_06_01_233ec153d299,Existing local cache retained; use --force to replace it.,pdf,2007-06-01-general-schedule-soc.pdf,au_pbs_archive_233ec153d299b8e1,public_reuse_review,pending_human_review,au_pbs,https://www.pbs.gov.au/publication/schedule/2007/2007-06-01-general-schedule-soc.pdf?variant=3,au_pbs_archive_2007_06_01_233ec153d299,cached,data/derived/processes/historical_source_transformation.bpmn
https://www.pbs.gov.au/info/publication/schedule/2014,6298019,data/raw_live/historical_sources/pbs_archive/au_pbs_archive_234ada1ac508b0ab.pdf,43d571d1b55bfd98b5a101813ced905d9d762af429791245b53c843d6d15df55,reimbursement_atlas:au_pbs_archive_2014_04_01_234ada1ac508,Existing local cache retained; use --force to replace it.,pdf,2014-04-01-general-schedule.pdf,au_pbs_archive_234ada1ac508b0ab,public_reuse_review,pending_human_review,au_pbs,https://www.pbs.gov.au/publication/schedule/2014/04/2014-04-01-general-schedule.pdf?variant=3,au_pbs_archive_2014_04_01_234ada1ac508,cached,data/derived/processes/historical_source_transformation.bpmn
https://www.pbs.gov.au/info/publication/schedule/2018,14505234,data/raw_live/historical_sources/pbs_archive/au_pbs_archive_2387363a96d22fa9.pdf,83a923f46e55e56f861080804fd9a73fa1b6e5028b195059a8b3f2b5c54a11e3,reimbursement_atlas:au_pbs_archive_2018_06_01_2387363a96d2,Existing local cache retained; use --force to replace it.,pdf,2018-06-01-general-schedule.pdf,au_pbs_archive_2387363a96d22fa9,public_reuse_review,pending_human_review,au_pbs,https://www.pbs.gov.au/publication/schedule/2018/06/2018-06-01-general-schedule.pdf?variant=3,au_pbs_archive_2018_06_01_2387363a96d2,cached,data/derived/processes/historical_source_transformation.bpmn
https://www.pbs.gov.au/info/publication/schedule/historical-archive,16249552,data/raw_live/historical_sources/pbs_archive/au_pbs_archive_23bb3c80ebd22513.pdf,ceebac5599c425008cf277933b0c9e3bce50c32c3b06ab0355c573dd110b5110,reimbursement_atlas:au_pbs_archive_1996_11_01_23bb3c80ebd2,Existing local cache retained; use --force to replace it.,pdf,1996-11-01-PBS-Schedule.pdf,au_pbs_archive_23bb3c80ebd22513,public_reuse_review,pending_human_review,au_pbs,https://www.pbs.gov.au/publication/schedule/1951-2002/1996-11-01-PBS-Schedule.pdf?variant=3,au_pbs_archive_1996_11_01_23bb3c80ebd2,cached,data/derived/processes/historical_source_transformation.bpmn
https://www.pbs.gov.au/info/publication/schedule/2013,893427,data/raw_live/historical_sources/pbs_archive/au_pbs_archive_23c00d60ae4d02b1.pdf,9165fc16373729b50691ce6c766c8bc5b6fb23e78199fc7a99ab1d4578a79587,reimbursement_atlas:au_pbs_archive_2013_09_01_23c00d60ae4d,Existing local cache retained; use --force to replace it.,pdf,2013-09-01-general-schedule-soc.pdf,au_pbs_archive_23c00d60ae4d02b1,public_reuse_review,pending_human_review,au_pbs,https://www.pbs.gov.au/publication/schedule/2013/09/2013-09-01-general-schedule-soc.pdf?variant=3,au_pbs_archive_2013_09_01_23c00d60ae4d,cached,data/derived/processes/historical_source_transformation.bpmn
https://www.pbs.gov.au/info/publication/schedule/historical-archive,19226864,data/raw_live/historical_sources/pbs_archive/au_pbs_archive_24597ca350813942.pdf,455c024ba0d5714ae68fecf3af01b170acb1d2c0ee60ad6eb7400288d3058bc8,reimbursement_atlas:au_pbs_archive_1999_11_01_24597ca35081,Existing local cache retained; use --force to replace it.,pdf,1999-11-01-PBS-Schedule.pdf,au_pbs_archive_24597ca350813942,public_reuse_review,pending_human_review,au_pbs,https://www.pbs.gov.au/publication/schedule/1951-2002/1999-11-01-PBS-Schedule.pdf?variant=3,au_pbs_archive_1999_11_01_24597ca35081,cached,data/derived/processes/historical_source_transformation.bpmn
https://www.pbs.gov.au/info/publication/schedule/2015,9224751,data/raw_live/historical_sources/pbs_archive/au_pbs_archive_2496d9256ae310db.pdf,b9612e0a42c01d55169829ed168cc7e6c3e88f6f1d9be06b78f85c0be1c8eec5,reimbursement_atlas:au_pbs_archive_2015_02_01_2496d9256ae3,Existing local cache retained; use --force to replace it.,pdf,2015-02-01-general-schedule.pdf,au_pbs_archive_2496d9256ae310db,public_reuse_review,pending_human_review,au_pbs,https://www.pbs.gov.au/publication/schedule/2015/02/2015-02-01-general-schedule.pdf?variant=3,au_pbs_archive_2015_02_01_2496d9256ae3,cached,data/derived/processes/historical_source_transformation.bpmn
https://www.pbs.gov.au/info/publication/schedule/2014,9445105,data/raw_live/historical_sources/pbs_archive/au_pbs_archive_24a73f17cf601ed0.pdf,7bb380af9892edc3d1af925b1ba70499894574d70912cff1b60586dc5dae3ade,reimbursement_atlas:au_pbs_archive_2014_12_01_24a73f17cf60,Existing local cache retained; use --force to replace it.,pdf,2014-12-01-general-schedule.pdf,au_pbs_archive_24a73f17cf601ed0,public_reuse_review,pending_human_review,au_pbs,https://www.pbs.gov.au/publication/schedule/2014/12/2014-12-01-general-schedule.pdf?variant=3,au_pbs_archive_2014_12_01_24a73f17cf60,cached,data/derived/processes/historical_source_transformation.bpmn
https://www.pbs.gov.au/info/publication/schedule/2024,12953959,data/raw_live/historical_sources/pbs_archive/au_pbs_archive_251d724ed00946c8.pdf,73a32f7dc2303ce5dc050e33d6c5e42c65eb123013cfc158f0f78fcd9d14a554,reimbursement_atlas:au_pbs_archive_2024_05_01_251d724ed009,Existing local cache retained; use --force to replace it.,pdf,2024-05-01-general-schedule-volume-2.pdf,au_pbs_archive_251d724ed00946c8,public_reuse_review,pending_human_review,au_pbs,https://www.pbs.gov.au/publication/schedule/2024/05/2024-05-01-general-schedule-volume-2.pdf?variant=3,au_pbs_archive_2024_05_01_251d724ed009,cached,data/derived/processes/historical_source_transformation.bpmn
https://www.pbs.gov.au/info/publication/schedule/2017,1227718,data/raw_live/historical_sources/pbs_archive/au_pbs_archive_251e21ea324fac29.pdf,bc9a72cf8cb432b2f2e47aeddd923fa4ac2b8386bf1796c18f60c4bc70a1283a,reimbursement_atlas:au_pbs_archive_2017_02_01_251e21ea324f,Existing local cache retained; use --force to replace it.,pdf,2017-02-01-efc-schedule.pdf,au_pbs_archive_251e21ea324fac29,public_reuse_review,pending_human_review,au_pbs,https://www.pbs.gov.au/publication/schedule/2017/02/2017-02-01-efc-schedule.pdf?variant=3,au_pbs_archive_2017_02_01_251e21ea324f,cached,data/derived/processes/historical_source_transformation.bpmn
https://www.pbs.gov.au/info/publication/schedule/2008,61287,data/raw_live/historical_sources/pbs_archive/au_pbs_archive_2617825bfe44fb7b.pdf,a4df19cb7b8394221f18ed5d7ec05c2c32323227c86ee27608cf85cfde184f22,reimbursement_atlas:au_pbs_archive_2008_04_01_2617825bfe44,Existing local cache retained; use --force to replace it.,pdf,2008-04-01-dental-book-soc.pdf,au_pbs_archive_2617825bfe44fb7b,public_reuse_review,pending_human_review,au_pbs,https://www.pbs.gov.au/publication/schedule/2008/2008-04-01-dental-book-soc.pdf?variant=3,au_pbs_archive_2008_04_01_2617825bfe44,cached,data/derived/processes/historical_source_transformation.bpmn
https://www.pbs.gov.au/info/publication/schedule/2014,6661394,data/raw_live/historical_sources/pbs_archive/au_pbs_archive_2641a2b8dafa4374.pdf,4f29cc55dca444415e9e2493d6ab3b661b1fa4801689589d827f1e9853672e69,reimbursement_atlas:au_pbs_archive_2014_10_01_2641a2b8dafa,Existing local cache retained; use --force to replace it.,pdf,2014-10-01-general-schedule.pdf,au_pbs_archive_2641a2b8dafa4374,public_reuse_review,pending_human_review,au_pbs,https://www.pbs.gov.au/publication/schedule/2014/10/2014-10-01-general-schedule.pdf?variant=3,au_pbs_archive_2014_10_01_2641a2b8dafa,cached,data/derived/processes/historical_source_transformation.bpmn
https://www.pbs.gov.au/info/publication/schedule/2016,190142,data/raw_live/historical_sources/pbs_archive/au_pbs_archive_264c01f3cbf0a530.pdf,962ec5be79453a0e72b204c717aa40337a765349fac3c4a0e13f65e236f061f0,reimbursement_atlas:au_pbs_archive_2016_01_01_264c01f3cbf0,Existing local cache retained; use --force to replace it.,pdf,2016-01-01-errata.pdf,au_pbs_archive_264c01f3cbf0a530,public_reuse_review,pending_human_review,au_pbs,https://www.pbs.gov.au/publication/schedule/2016/01/2016-01-01-errata.pdf?variant=3,au_pbs_archive_2016_01_01_264c01f3cbf0,cached,data/derived/processes/historical_source_transformation.bpmn
https://www.pbs.gov.au/info/publication/schedule/2006,5377399,data/raw_live/historical_sources/pbs_archive/au_pbs_archive_2655ba28f2ef9ba9.pdf,4ca8d42fb77cb8edcbc38ffba7bb3b7357113a3a12b64b53e82f39f6200ca2d5,reimbursement_atlas:au_pbs_archive_2006_12_01_2655ba28f2ef,Existing local cache retained; use --force to replace it.,pdf,2006-12-01-general-schedule.pdf,au_pbs_archive_2655ba28f2ef9ba9,public_reuse_review,pending_human_review,au_pbs,https://www.pbs.gov.au/publication/schedule/2006/2006-12-01-general-schedule.pdf?variant=3,au_pbs_archive_2006_12_01_2655ba28f2ef,cached,data/derived/processes/historical_source_transformation.bpmn
https://www.pbs.gov.au/info/publication/schedule/2015,953198,data/raw_live/historical_sources/pbs_archive/au_pbs_archive_266d2b5c542c1b0b.pdf,07a808dfc848cc84c85e3d741117f757e4bf06d5b6a9b2bb6248f4fcebf7aed4,reimbursement_atlas:au_pbs_archive_2015_03_01_266d2b5c542c,Existing local cache retained; use --force to replace it.,pdf,2015-03-01-efc-schedule.pdf,au_pbs_archive_266d2b5c542c1b0b,public_reuse_review,pending_human_review,au_pbs,https://www.pbs.gov.au/publication/schedule/2015/03/2015-03-01-efc-schedule.pdf?variant=3,au_pbs_archive_2015_03_01_266d2b5c542c,cached,data/derived/processes/historical_source_transformation.bpmn
https://www.pbs.gov.au/info/publication/schedule/2013,875842,data/raw_live/historical_sources/pbs_archive/au_pbs_archive_269307b13aa74f79.pdf,f646ce8e0f059339ad190b2fc1fec7ba7fdd8a80b7887c214d412932531e84c0,reimbursement_atlas:au_pbs_archive_2013_09_01_269307b13aa7,Existing local cache retained; use --force to replace it.,pdf,2013-09-01-efc-schedule-soc.pdf,au_pbs_archive_269307b13aa74f79,public_reuse_review,pending_human_review,au_pbs,https://www.pbs.gov.au/publication/schedule/2013/09/2013-09-01-efc-schedule-soc.pdf?variant=3,au_pbs_archive_2013_09_01_269307b13aa7,cached,data/derived/processes/historical_source_transformation.bpmn
https://www.pbs.gov.au/info/publication/schedule/2011,3639166,data/raw_live/historical_sources/pbs_archive/au_pbs_archive_269d3c58482d0a10.pdf,8c0d4fa7a43724f42acd17e3b7519c3b9332401117db7f86c1c622aea71bcdb2,reimbursement_atlas:au_pbs_archive_2011_02_01_269d3c58482d,Existing local cache retained; use --force to replace it.,pdf,2011-02-01-chemotherapy-booklet.pdf,au_pbs_archive_269d3c58482d0a10,public_reuse_review,pending_human_review,au_pbs,https://www.pbs.gov.au/publication/schedule/2011/02/2011-02-01-chemotherapy-booklet.pdf?variant=3,au_pbs_archive_2011_02_01_269d3c58482d,cached,data/derived/processes/historical_source_transformation.bpmn
https://www.pbs.gov.au/info/publication/schedule/2023,2432587,data/raw_live/historical_sources/pbs_archive/au_pbs_archive_26e5fb37b490464a.pdf,9ac89f29415dcac5276e4c330eaa89714865aad334cf7956bc09cea0c9c5cc97,reimbursement_atlas:au_pbs_archive_2023_08_01_26e5fb37b490,Existing local cache retained; use --force to replace it.,pdf,2023-08-01-efc-schedule.pdf,au_pbs_archive_26e5fb37b490464a,public_reuse_review,pending_human_review,au_pbs,https://www.pbs.gov.au/publication/schedule/2023/08/2023-08-01-efc-schedule.pdf?variant=3,au_pbs_archive_2023_08_01_26e5fb37b490,cached,data/derived/processes/historical_source_transformation.bpmn
https://www.pbs.gov.au/info/publication/schedule/2004,2630076,data/raw_live/historical_sources/pbs_archive/au_pbs_archive_2703319bfe9c0569.pdf,74e93494df7fc1a6a82db0919174131e6ab83e3a855f3e8a5b4e41e73de6b835,reimbursement_atlas:au_pbs_archive_2004_08_01_2703319bfe9c,Existing local cache retained; use --force to replace it.,pdf,2004-08-01-general-schedule.pdf,au_pbs_archive_2703319bfe9c0569,public_reuse_review,pending_human_review,au_pbs,https://www.pbs.gov.au/publication/schedule/2004/2004-08-01-general-schedule.pdf?variant=3,au_pbs_archive_2004_08_01_2703319bfe9c,cached,data/derived/processes/historical_source_transformation.bpmn
https://www.pbs.gov.au/info/publication/schedule/2020,9654671,data/raw_live/historical_sources/pbs_archive/au_pbs_archive_27546457f2cef1ba.pdf,dfe8ff9fa4c46a431d63d18cbf25b1f0b110feba4c9a9adcccec14c8eb491200,reimbursement_atlas:au_pbs_archive_2020_02_01_27546457f2ce,Existing local cache retained; use --force to replace it.,pdf,2020-02-01-general-schedule-volume-1.pdf,au_pbs_archive_27546457f2cef1ba,public_reuse_review,pending_human_review,au_pbs,https://www.pbs.gov.au/publication/schedule/2020/02/2020-02-01-general-schedule-volume-1.pdf?variant=3,au_pbs_archive_2020_02_01_27546457f2ce,cached,data/derived/processes/historical_source_transformation.bpmn
https://www.pbs.gov.au/info/publication/schedule/2015,415891,data/raw_live/historical_sources/pbs_archive/au_pbs_archive_2757d18621704916.pdf,a5c3d1cc7fd676b9ab7e00b13526fff23941b5df454894062d8ab98ed8f4bd3f,reimbursement_atlas:au_pbs_archive_2015_04_01_2757d1862170,Existing local cache retained; use --force to replace it.,pdf,2015-04-01-errata.pdf,au_pbs_archive_2757d18621704916,public_reuse_review,pending_human_review,au_pbs,https://www.pbs.gov.au/publication/schedule/2015/04/2015-04-01-errata.pdf?variant=3,au_pbs_archive_2015_04_01_2757d1862170,cached,data/derived/processes/historical_source_transformation.bpmn
https://www.pbs.gov.au/info/publication/schedule/2013,333658,data/raw_live/historical_sources/pbs_archive/au_pbs_archive_2767f01f7c1a96e5.pdf,f8e8b0cd16bf7d68b9a369d0d06b23dca7dc4d2b9c7336d3ab99c04203c07918,reimbursement_atlas:au_pbs_archive_2013_11_01_2767f01f7c1a,Existing local cache retained; use --force to replace it.,pdf,2013-11-01-errata.pdf,au_pbs_archive_2767f01f7c1a96e5,public_reuse_review,pending_human_review,au_pbs,https://www.pbs.gov.au/publication/schedule/2013/11/2013-11-01-errata.pdf?variant=3,au_pbs_archive_2013_11_01_2767f01f7c1a,cached,data/derived/processes/historical_source_transformation.bpmn
https://www.pbs.gov.au/info/publication/schedule/2007,4481134,data/raw_live/historical_sources/pbs_archive/au_pbs_archive_277305a071bea010.pdf,963cc64a109ec506684e9cf8a3133211d342b017be986f888c30046481c64fab,reimbursement_atlas:au_pbs_archive_2007_04_01_277305a071be,Existing local cache retained; use --force to replace it.,pdf,2007-04-01-general-schedule.pdf,au_pbs_archive_277305a071bea010,public_reuse_review,pending_human_review,au_pbs,https://www.pbs.gov.au/publication/schedule/2007/2007-04-01-general-schedule.pdf?variant=3,au_pbs_archive_2007_04_01_277305a071be,cached,data/derived/processes/historical_source_transformation.bpmn
https://www.pbs.gov.au/info/publication/schedule/2014,336315,data/raw_live/historical_sources/pbs_archive/au_pbs_archive_27c23b858b0e06d8.pdf,af8feaed574718e4f396f6c39b41fdb5a3e52a1cf908866e0746a2ed2abb58eb,reimbursement_atlas:au_pbs_archive_2014_08_01_27c23b858b0e,Existing local cache retained; use --force to replace it.,pdf,2014-08-01-errata.pdf,au_pbs_archive_27c23b858b0e06d8,public_reuse_review,pending_human_review,au_pbs,https://www.pbs.gov.au/publication/schedule/2014/08/2014-08-01-errata.pdf?variant=3,au_pbs_archive_2014_08_01_27c23b858b0e,cached,data/derived/processes/historical_source_transformation.bpmn
https://www.pbs.gov.au/info/publication/schedule/2019,1087867,data/raw_live/historical_sources/pbs_archive/au_pbs_archive_27d9f7f6a71eac96.pdf,0177d6ea31ec819517f23ee407518d8d6e53f79175e4eb660d350651eaa9b859,reimbursement_atlas:au_pbs_archive_2019_03_01_27d9f7f6a71e,Existing local cache retained; use --force to replace it.,pdf,2019-03-01-general-soc.pdf,au_pbs_archive_27d9f7f6a71eac96,public_reuse_review,pending_human_review,au_pbs,https://www.pbs.gov.au/publication/schedule/2019/03/2019-03-01-general-soc.pdf?variant=3,au_pbs_archive_2019_03_01_27d9f7f6a71e,cached,data/derived/processes/historical_source_transformation.bpmn
https://www.pbs.gov.au/info/publication/schedule/2018,55898542,data/raw_live/historical_sources/pbs_archive/au_pbs_archive_2864c81387b4808a.pdf,d569f71150ff287b3e619d0503913d1c901952d44c6b14bdcc00c216e4b1b115,reimbursement_atlas:au_pbs_archive_2018_02_01_2864c81387b4,Existing local cache retained; use --force to replace it.,pdf,2018-02-01-general-schedule.pdf,au_pbs_archive_2864c81387b4808a,public_reuse_review,pending_human_review,au_pbs,https://www.pbs.gov.au/publication/schedule/2018/02/2018-02-01-general-schedule.pdf?variant=3,au_pbs_archive_2018_02_01_2864c81387b4,cached,data/derived/processes/historical_source_transformation.bpmn
https://www.pbs.gov.au/info/publication/schedule/2024,2171233,data/raw_live/historical_sources/pbs_archive/au_pbs_archive_286535a432e350ee.pdf,85c5e742b9e60d7ba6eaf686a0fe06e7634e77ab0d516f4446ba4750cd6177fe,reimbursement_atlas:au_pbs_archive_2024_09_01_286535a432e3,Existing local cache retained; use --force to replace it.,pdf,2024-09-01-general-soc.pdf,au_pbs_archive_286535a432e350ee,public_reuse_review,pending_human_review,au_pbs,https://www.pbs.gov.au/publication/schedule/2024/09/2024-09-01-general-soc.pdf?variant=3,au_pbs_archive_2024_09_01_286535a432e3,cached,data/derived/processes/historical_source_transformation.bpmn
https://www.pbs.gov.au/info/publication/schedule/2021,12141093,data/raw_live/historical_sources/pbs_archive/au_pbs_archive_28b9684812eb59b2.pdf,5cd51246997c8cda26797323f723a9696356469dfb20db4e11ff23c01ae6a11c,reimbursement_atlas:au_pbs_archive_2021_07_01_28b9684812eb,Existing local cache retained; use --force to replace it.,pdf,2021-07-01-general-schedule-volume-2.pdf,au_pbs_archive_28b9684812eb59b2,public_reuse_review,pending_human_review,au_pbs,https://www.pbs.gov.au/publication/schedule/2021/07/2021-07-01-general-schedule-volume-2.pdf?variant=3,au_pbs_archive_2021_07_01_28b9684812eb,cached,data/derived/processes/historical_source_transformation.bpmn
https://www.pbs.gov.au/info/publication/schedule/2019,8965320,data/raw_live/historical_sources/pbs_archive/au_pbs_archive_28e8e0da4682e90c.pdf,7af1d3379cfbfbdf4ecb0b3b6c9c0d10334494a09019478c4e14b5828bb27490,reimbursement_atlas:au_pbs_archive_2019_12_01_28e8e0da4682,Existing local cache retained; use --force to replace it.,pdf,2019-12-01-general-schedule-volume-2.pdf,au_pbs_archive_28e8e0da4682e90c,public_reuse_review,pending_human_review,au_pbs,https://www.pbs.gov.au/publication/schedule/2019/12/2019-12-01-general-schedule-volume-2.pdf?variant=3,au_pbs_archive_2019_12_01_28e8e0da4682,cached,data/derived/processes/historical_source_transformation.bpmn
https://www.pbs.gov.au/info/publication/schedule/2026,16126644,data/raw_live/historical_sources/pbs_archive/au_pbs_archive_29e17909f6398505.pdf,3dfcd5a6da73132857e0273a7c7d4c4503c4657b7f1fa2d8c79c84fc6c911983,reimbursement_atlas:au_pbs_archive_2026_02_01_29e17909f639,Existing local cache retained; use --force to replace it.,pdf,2026-02-01-general-schedule-volume-2.pdf,au_pbs_archive_29e17909f6398505,public_reuse_review,pending_human_review,au_pbs,https://www.pbs.gov.au/publication/schedule/2026/02/2026-02-01-general-schedule-volume-2.pdf?variant=3,au_pbs_archive_2026_02_01_29e17909f639,cached,data/derived/processes/historical_source_transformation.bpmn
https://www.pbs.gov.au/info/publication/schedule/2016,115168,data/raw_live/historical_sources/pbs_archive/au_pbs_archive_2a0855a8b26753e9.pdf,da118a85401cce597e17574b0d6f78c930298d8156a90ce3687a5b9c5f9648d4,reimbursement_atlas:au_pbs_archive_2016_02_01_2a0855a8b267,Existing local cache retained; use --force to replace it.,pdf,2016-02-01-errata.pdf,au_pbs_archive_2a0855a8b26753e9,public_reuse_review,pending_human_review,au_pbs,https://www.pbs.gov.au/publication/schedule/2016/02/2016-02-01-errata.pdf?variant=3,au_pbs_archive_2016_02_01_2a0855a8b267,cached,data/derived/processes/historical_source_transformation.bpmn
https://www.pbs.gov.au/info/publication/schedule/2008,89363,data/raw_live/historical_sources/pbs_archive/au_pbs_archive_2a788363cbe67cb7.pdf,8119c6ff46fc1168d0bb04e6c192b5aebadc51beaef48b87231569f3b90b9bd7,reimbursement_atlas:au_pbs_archive_2008_11_01_2a788363cbe6,Existing local cache retained; use --force to replace it.,pdf,2008-11-01-general-schedule-soc.pdf,au_pbs_archive_2a788363cbe67cb7,public_reuse_review,pending_human_review,au_pbs,https://www.pbs.gov.au/publication/schedule/2008/2008-11-01-general-schedule-soc.pdf?variant=3,au_pbs_archive_2008_11_01_2a788363cbe6,cached,data/derived/processes/historical_source_transformation.bpmn
https://www.pbs.gov.au/info/publication/schedule/2021,24709988,data/raw_live/historical_sources/pbs_archive/au_pbs_archive_2ab239b41df38a05.pdf,e29012cfd0fc4149d3106f4d3d0fd58e705114e0aaf89b432bf5bb2dff8491fd,reimbursement_atlas:au_pbs_archive_2021_06_01_2ab239b41df3,Existing local cache retained; use --force to replace it.,pdf,2021-06-01-general-schedule-volume-1.pdf,au_pbs_archive_2ab239b41df38a05,public_reuse_review,pending_human_review,au_pbs,https://www.pbs.gov.au/publication/schedule/2021/06/2021-06-01-general-schedule-volume-1.pdf?variant=3,au_pbs_archive_2021_06_01_2ab239b41df3,cached,data/derived/processes/historical_source_transformation.bpmn
https://www.pbs.gov.au/info/publication/schedule/2016,1102388,data/raw_live/historical_sources/pbs_archive/au_pbs_archive_2ad3c0052aeaf1e9.pdf,85232dee7d7aaac203a097f09a104294d449215aa7714ada95c6812c00b1e5a1,reimbursement_atlas:au_pbs_archive_2016_03_01_2ad3c0052aea,Existing local cache retained; use --force to replace it.,pdf,2016-03-01-efc-schedule.pdf,au_pbs_archive_2ad3c0052aeaf1e9,public_reuse_review,pending_human_review,au_pbs,https://www.pbs.gov.au/publication/schedule/2016/03/2016-03-01-efc-schedule.pdf?variant=3,au_pbs_archive_2016_03_01_2ad3c0052aea,cached,data/derived/processes/historical_source_transformation.bpmn
https://www.pbs.gov.au/info/publication/schedule/2024,14061843,data/raw_live/historical_sources/pbs_archive/au_pbs_archive_2afbaa431c6e8891.pdf,8b31568048ebdab95d13d38dc82f90462e213f7766d34df5bfc058c9f7017b90,reimbursement_atlas:au_pbs_archive_2024_02_01_2afbaa431c6e,Existing local cache retained; use --force to replace it.,pdf,2024-02-01-general-volume-2.pdf,au_pbs_archive_2afbaa431c6e8891,public_reuse_review,pending_human_review,au_pbs,https://www.pbs.gov.au/publication/schedule/2024/02/2024-02-01-general-volume-2.pdf?variant=3,au_pbs_archive_2024_02_01_2afbaa431c6e,cached,data/derived/processes/historical_source_transformation.bpmn
https://www.pbs.gov.au/info/publication/schedule/2011,996491,data/raw_live/historical_sources/pbs_archive/au_pbs_archive_2b65a8f47f85e4ce.pdf,1e5dd8a46d5380bf55821d70be1c49b984d0ba211f7f3941d3c76d864f38c3e0,reimbursement_atlas:au_pbs_archive_2011_09_01_2b65a8f47f85,Existing local cache retained; use --force to replace it.,pdf,2011-09-01-general-schedule-SOC.pdf,au_pbs_archive_2b65a8f47f85e4ce,public_reuse_review,pending_human_review,au_pbs,https://www.pbs.gov.au/publication/schedule/2011/09/2011-09-01-general-schedule-SOC.pdf?variant=3,au_pbs_archive_2011_09_01_2b65a8f47f85,cached,data/derived/processes/historical_source_transformation.bpmn
https://www.pbs.gov.au/info/publication/schedule/2013,3752946,data/raw_live/historical_sources/pbs_archive/au_pbs_archive_2b6dfb2cf2601099.pdf,31b028e2c63b4b4af57141695a7e43982c9458b0c98dd44a6733c82b7b43e1bc,reimbursement_atlas:au_pbs_archive_2013_02_01_2b6dfb2cf260,Existing local cache retained; use --force to replace it.,pdf,2013-02-01-efc-schedule.pdf,au_pbs_archive_2b6dfb2cf2601099,public_reuse_review,pending_human_review,au_pbs,https://www.pbs.gov.au/publication/schedule/2013/02/2013-02-01-efc-schedule.pdf?variant=3,au_pbs_archive_2013_02_01_2b6dfb2cf260,cached,data/derived/processes/historical_source_transformation.bpmn
https://www.pbs.gov.au/info/publication/schedule/2009,166795,data/raw_live/historical_sources/pbs_archive/au_pbs_archive_2b9c533e6867e84f.pdf,8b28ff9ae8b2c0564c748d02ffdd5b0fb02116454de2655b5f23db202b2380c2,reimbursement_atlas:au_pbs_archive_2009_12_01_2b9c533e6867,Existing local cache retained; use --force to replace it.,pdf,2009-12-01-general-schedule-soc.pdf,au_pbs_archive_2b9c533e6867e84f,public_reuse_review,pending_human_review,au_pbs,https://www.pbs.gov.au/publication/schedule/2009/2009-12-01-general-schedule-soc.pdf?variant=3,au_pbs_archive_2009_12_01_2b9c533e6867,cached,data/derived/processes/historical_source_transformation.bpmn
https://www.pbs.gov.au/info/publication/schedule/2024,21761992,data/raw_live/historical_sources/pbs_archive/au_pbs_archive_2ba0de36fa4741da.pdf,edd9d739000162502fdf5a31af1bd3034cb2b079598104757ee930c00096fffc,reimbursement_atlas:au_pbs_archive_2024_01_01_2ba0de36fa47,Existing local cache retained; use --force to replace it.,pdf,2024-01-01-general-volume-1.pdf,au_pbs_archive_2ba0de36fa4741da,public_reuse_review,pending_human_review,au_pbs,https://www.pbs.gov.au/publication/schedule/2024/01/2024-01-01-general-volume-1.pdf?variant=3,au_pbs_archive_2024_01_01_2ba0de36fa47,cached,data/derived/processes/historical_source_transformation.bpmn
https://www.pbs.gov.au/info/publication/schedule/2011,3057597,data/raw_live/historical_sources/pbs_archive/au_pbs_archive_2c16d060f441e6d4.pdf,fba3e8ef0d2b79bf9a747082bf5dee686dfed7ed85dd90058662090024f39aa0,reimbursement_atlas:au_pbs_archive_2011_09_01_2c16d060f441,Existing local cache retained; use --force to replace it.,pdf,2011-09-01-dental-book.pdf,au_pbs_archive_2c16d060f441e6d4,public_reuse_review,pending_human_review,au_pbs,https://www.pbs.gov.au/publication/schedule/2011/09/2011-09-01-dental-book.pdf?variant=3,au_pbs_archive_2011_09_01_2c16d060f441,cached,data/derived/processes/historical_source_transformation.bpmn
https://www.pbs.gov.au/info/publication/schedule/historical-archive,13069182,data/raw_live/historical_sources/pbs_archive/au_pbs_archive_2ce569111ca728ac.pdf,47df589c9d3b402e810171a2f3810b9abae16f1e03f23854a2f3cfe65ee05f03,reimbursement_atlas:au_pbs_archive_1962_11_01_2ce569111ca7,Existing local cache retained; use --force to replace it.,pdf,1962-11-01-consolidated-schedules.pdf,au_pbs_archive_2ce569111ca728ac,public_reuse_review,pending_human_review,au_pbs,https://www.pbs.gov.au/publication/schedule/1951-2002/1962-11-01-consolidated-schedules.pdf?variant=3,au_pbs_archive_1962_11_01_2ce569111ca7,cached,data/derived/processes/historical_source_transformation.bpmn
https://www.pbs.gov.au/info/publication/schedule/2011,741048,data/raw_live/historical_sources/pbs_archive/au_pbs_archive_2d03f7da55fbfad6.pdf,0c59209ca7746ab475344dab541fb0f70654a2b3b2eb5db61497dbbf76c43a8e,reimbursement_atlas:au_pbs_archive_2011_04_01_2d03f7da55fb,Existing local cache retained; use --force to replace it.,pdf,2011-04-01-dental-book-SOC.pdf,au_pbs_archive_2d03f7da55fbfad6,public_reuse_review,pending_human_review,au_pbs,https://www.pbs.gov.au/publication/schedule/2011/04/2011-04-01-dental-book-SOC.pdf?variant=3,au_pbs_archive_2011_04_01_2d03f7da55fb,cached,data/derived/processes/historical_source_transformation.bpmn
https://www.pbs.gov.au/info/publication/schedule/2010,2431699,data/raw_live/historical_sources/pbs_archive/au_pbs_archive_2d1755606a80b26b.pdf,815b9aa2a03e4ec8e357815fc90ee5d47908625a1c058f8a2d83dd3afa0e9b48,reimbursement_atlas:au_pbs_archive_2010_08_01_2d1755606a80,Existing local cache retained; use --force to replace it.,pdf,2010-08-01-HSD-Schedule.pdf,au_pbs_archive_2d1755606a80b26b,public_reuse_review,pending_human_review,au_pbs,https://www.pbs.gov.au/publication/schedule/2010/2010-08-01-HSD-Schedule.pdf?variant=3,au_pbs_archive_2010_08_01_2d1755606a80,cached,data/derived/processes/historical_source_transformation.bpmn
https://www.pbs.gov.au/info/publication/schedule/2020,22383961,data/raw_live/historical_sources/pbs_archive/au_pbs_archive_2d3c47ade2b9e309.pdf,dbf160f608b3e69dc3f14bdb5830fd6a55015d3a03225bbc4cc242ee4e0c3216,reimbursement_atlas:au_pbs_archive_2020_11_01_2d3c47ade2b9,Existing local cache retained; use --force to replace it.,pdf,2020-11-01-general-schedule-volume-1.pdf,au_pbs_archive_2d3c47ade2b9e309,public_reuse_review,pending_human_review,au_pbs,https://www.pbs.gov.au/publication/schedule/2020/11/2020-11-01-general-schedule-volume-1.pdf?variant=3,au_pbs_archive_2020_11_01_2d3c47ade2b9,cached,data/derived/processes/historical_source_transformation.bpmn
https://www.pbs.gov.au/info/publication/schedule/2013,7228041,data/raw_live/historical_sources/pbs_archive/au_pbs_archive_2d5f1732fb065008.pdf,d3b6fd00b90e35d7d0013063b247f7333ce270249e8368a16d347b1dbdba333a,reimbursement_atlas:au_pbs_archive_2013_12_01_2d5f1732fb06,Existing local cache retained; use --force to replace it.,pdf,2013-12-01-general-schedule.pdf,au_pbs_archive_2d5f1732fb065008,public_reuse_review,pending_human_review,au_pbs,https://www.pbs.gov.au/publication/schedule/2013/12/2013-12-01-general-schedule.pdf?variant=3,au_pbs_archive_2013_12_01_2d5f1732fb06,cached,data/derived/processes/historical_source_transformation.bpmn
https://www.pbs.gov.au/info/publication/schedule/2014,333849,data/raw_live/historical_sources/pbs_archive/au_pbs_archive_2d68a45dea0ab695.pdf,b304637b205297e5df616ed5b67fecab20109a28ab6bf256267a7f3f0e9550df,reimbursement_atlas:au_pbs_archive_2014_02_01_2d68a45dea0a,Existing local cache retained; use --force to replace it.,pdf,2014-02-01-errata.pdf,au_pbs_archive_2d68a45dea0ab695,public_reuse_review,pending_human_review,au_pbs,https://www.pbs.gov.au/publication/schedule/2014/02/2014-02-01-errata.pdf?variant=3,au_pbs_archive_2014_02_01_2d68a45dea0a,cached,data/derived/processes/historical_source_transformation.bpmn
https://www.pbs.gov.au/info/publication/schedule/2012,2526639,data/raw_live/historical_sources/pbs_archive/au_pbs_archive_2d98fb0375eddd0b.pdf,aadac5091358bc440c90078a6e04fc2606915a3abc5f6bcb807e8fa0b32bcee7,reimbursement_atlas:au_pbs_archive_2012_01_01_2d98fb0375ed,Existing local cache retained; use --force to replace it.,pdf,2012-01-01-efficient-funding-of-chemotherapy.pdf,au_pbs_archive_2d98fb0375eddd0b,public_reuse_review,pending_human_review,au_pbs,https://www.pbs.gov.au/publication/schedule/2012/01/2012-01-01-efficient-funding-of-chemotherapy.pdf?variant=3,au_pbs_archive_2012_01_01_2d98fb0375ed,cached,data/derived/processes/historical_source_transformation.bpmn
https://www.pbs.gov.au/info/publication/schedule/2023,239341,data/raw_live/historical_sources/pbs_archive/au_pbs_archive_2f0c3f4056cfc06f.pdf,f36d526377461891a0dadf12d923ee96045eb4fd79b1ca9a1d668f636a0a9297,reimbursement_atlas:au_pbs_archive_2023_04_01_2f0c3f4056cf,Existing local cache retained; use --force to replace it.,pdf,2023-04-01-Errata.pdf,au_pbs_archive_2f0c3f4056cfc06f,public_reuse_review,pending_human_review,au_pbs,https://www.pbs.gov.au/publication/schedule/2023/04/2023-04-01-Errata.pdf?variant=3,au_pbs_archive_2023_04_01_2f0c3f4056cf,cached,data/derived/processes/historical_source_transformation.bpmn
https://www.pbs.gov.au/info/publication/schedule/2020,9194500,data/raw_live/historical_sources/pbs_archive/au_pbs_archive_2fce8786cf497dfb.pdf,50a638ba0a2b1f539f97ed8e77098bb8a4ba751ccdce55191aca5fd7186e7189,reimbursement_atlas:au_pbs_archive_2020_03_01_2fce8786cf49,Existing local cache retained; use --force to replace it.,pdf,2020-03-01-general-schedule-volume-2.pdf,au_pbs_archive_2fce8786cf497dfb,public_reuse_review,pending_human_review,au_pbs,https://www.pbs.gov.au/publication/schedule/2020/03/2020-03-01-general-schedule-volume-2.pdf?variant=3,au_pbs_archive_2020_03_01_2fce8786cf49,cached,data/derived/processes/historical_source_transformation.bpmn
https://www.pbs.gov.au/info/publication/schedule/2020,2709169,data/raw_live/historical_sources/pbs_archive/au_pbs_archive_2fdebdc374a872b0.pdf,a6f4c25e7130825122380b34f5c89230d79d6328a2e89527ce7c1111f0704dfa,reimbursement_atlas:au_pbs_archive_2020_08_01_2fdebdc374a8,Existing local cache retained; use --force to replace it.,pdf,2020-08-01-efc-schedule.pdf,au_pbs_archive_2fdebdc374a872b0,public_reuse_review,pending_human_review,au_pbs,https://www.pbs.gov.au/publication/schedule/2020/08/2020-08-01-efc-schedule.pdf?variant=3,au_pbs_archive_2020_08_01_2fdebdc374a8,cached,data/derived/processes/historical_source_transformation.bpmn
https://www.pbs.gov.au/info/publication/schedule/2009,3943410,data/raw_live/historical_sources/pbs_archive/au_pbs_archive_3045d8f99243a8dd.pdf,d5d18972e78f529dea6890ff1dfc7a56905089dd92b925b934b228fde3076840,reimbursement_atlas:au_pbs_archive_2009_02_01_3045d8f99243,Existing local cache retained; use --force to replace it.,pdf,2009-02-01-general-schedule.pdf,au_pbs_archive_3045d8f99243a8dd,public_reuse_review,pending_human_review,au_pbs,https://www.pbs.gov.au/publication/schedule/2009/2009-02-01-general-schedule.pdf?variant=3,au_pbs_archive_2009_02_01_3045d8f99243,cached,data/derived/processes/historical_source_transformation.bpmn
https://www.pbs.gov.au/info/publication/schedule/2021,16416959,data/raw_live/historical_sources/pbs_archive/au_pbs_archive_3049a8b4ee646f31.pdf,8661290e1ccd3410856c40a7c9d431e71b0b4826b7db0bd02a79417817a4cd55,reimbursement_atlas:au_pbs_archive_2021_02_01_3049a8b4ee64,Existing local cache retained; use --force to replace it.,pdf,2021-02-01-general-schedule-volume-1.pdf,au_pbs_archive_3049a8b4ee646f31,public_reuse_review,pending_human_review,au_pbs,https://www.pbs.gov.au/publication/schedule/2021/02/2021-02-01-general-schedule-volume-1.pdf?variant=3,au_pbs_archive_2021_02_01_3049a8b4ee64,cached,data/derived/processes/historical_source_transformation.bpmn
https://www.pbs.gov.au/info/publication/schedule/2020,22069727,data/raw_live/historical_sources/pbs_archive/au_pbs_archive_30b2baadb4a20055.pdf,18e80af979553e303628024f773d2321d58b47da3de1d0b7dd3b1d1c7ab9fcff,reimbursement_atlas:au_pbs_archive_2020_09_01_30b2baadb4a2,Existing local cache retained; use --force to replace it.,pdf,2020-09-01-general-schedule-volume-1.pdf,au_pbs_archive_30b2baadb4a20055,public_reuse_review,pending_human_review,au_pbs,https://www.pbs.gov.au/publication/schedule/2020/09/2020-09-01-general-schedule-volume-1.pdf?variant=3,au_pbs_archive_2020_09_01_30b2baadb4a2,cached,data/derived/processes/historical_source_transformation.bpmn
https://www.pbs.gov.au/info/publication/schedule/2023,25816068,data/raw_live/historical_sources/pbs_archive/au_pbs_archive_30cb1dcfceccc6e3.pdf,0f7e258dcc66152e859c5f3700dc89a29b530856098f35f04ff23cc9644a5c5c,reimbursement_atlas:au_pbs_archive_2023_02_01_30cb1dcfcecc,Existing local cache retained; use --force to replace it.,pdf,2023-02-01-general-schedule-volume-1.pdf,au_pbs_archive_30cb1dcfceccc6e3,public_reuse_review,pending_human_review,au_pbs,https://www.pbs.gov.au/publication/schedule/2023/02/2023-02-01-general-schedule-volume-1.pdf?variant=3,au_pbs_archive_2023_02_01_30cb1dcfcecc,cached,data/derived/processes/historical_source_transformation.bpmn
https://www.pbs.gov.au/info/publication/schedule/2008,3922235,data/raw_live/historical_sources/pbs_archive/au_pbs_archive_30ea85447effb1dd.pdf,7ba22aac1d3c58fe795855efc80a8d36b3022822fbd1b8efc30efd3e6044b465,reimbursement_atlas:au_pbs_archive_2008_10_01_30ea85447eff,Existing local cache retained; use --force to replace it.,pdf,2008-10-01-general-schedule.pdf,au_pbs_archive_30ea85447effb1dd,public_reuse_review,pending_human_review,au_pbs,https://www.pbs.gov.au/publication/schedule/2008/2008-10-01-general-schedule.pdf?variant=3,au_pbs_archive_2008_10_01_30ea85447eff,cached,data/derived/processes/historical_source_transformation.bpmn
https://www.pbs.gov.au/info/publication/schedule/2015,11456953,data/raw_live/historical_sources/pbs_archive/au_pbs_archive_31294cb1b5bafdb8.pdf,9d929594ea79bc8eb464d9c819f9a7d5686b4809f73185fa7ab827b62d3e612a,reimbursement_atlas:au_pbs_archive_2015_04_01_31294cb1b5ba,Existing local cache retained; use --force to replace it.,pdf,2015-04-01-general-schedule.pdf,au_pbs_archive_31294cb1b5bafdb8,public_reuse_review,pending_human_review,au_pbs,https://www.pbs.gov.au/publication/schedule/2015/04/2015-04-01-general-schedule.pdf?variant=3,au_pbs_archive_2015_04_01_31294cb1b5ba,cached,data/derived/processes/historical_source_transformation.bpmn
https://www.pbs.gov.au/info/publication/schedule/historical-archive,15574165,data/raw_live/historical_sources/pbs_archive/au_pbs_archive_31cf9b80250fdd13.pdf,8f48dfdb07a2950e2de15e8aa500b2df91f86c64c45402f8ab73fdf3c7e54c36,reimbursement_atlas:au_pbs_archive_1994_12_01_31cf9b80250f,Existing local cache retained; use --force to replace it.,pdf,1994-12-01-PBS-Schedule.pdf,au_pbs_archive_31cf9b80250fdd13,public_reuse_review,pending_human_review,au_pbs,https://www.pbs.gov.au/publication/schedule/1951-2002/1994-12-01-PBS-Schedule.pdf?variant=3,au_pbs_archive_1994_12_01_31cf9b80250f,cached,data/derived/processes/historical_source_transformation.bpmn
https://www.pbs.gov.au/info/publication/schedule/2019,1950470,data/raw_live/historical_sources/pbs_archive/au_pbs_archive_327270213a87460b.pdf,3323aac70547fb578f6e330138448ee1cd1e28e3f6409272baa0a6c0896be444,reimbursement_atlas:au_pbs_archive_2019_12_01_327270213a87,Existing local cache retained; use --force to replace it.,pdf,2019-12-01-efc-schedule.pdf,au_pbs_archive_327270213a87460b,public_reuse_review,pending_human_review,au_pbs,https://www.pbs.gov.au/publication/schedule/2019/12/2019-12-01-efc-schedule.pdf?variant=3,au_pbs_archive_2019_12_01_327270213a87,cached,data/derived/processes/historical_source_transformation.bpmn
https://www.pbs.gov.au/info/publication/schedule/2019,8475269,data/raw_live/historical_sources/pbs_archive/au_pbs_archive_3389088fb5886dc9.pdf,594124d1e8c274c7229087cf01292f52a20c62de77708370f5145faf42adb9c5,reimbursement_atlas:au_pbs_archive_2019_07_01_3389088fb588,Existing local cache retained; use --force to replace it.,pdf,2019-07-01-section100-volume-2.pdf,au_pbs_archive_3389088fb5886dc9,public_reuse_review,pending_human_review,au_pbs,https://www.pbs.gov.au/publication/schedule/2019/07/2019-07-01-section100-volume-2.pdf?variant=3,au_pbs_archive_2019_07_01_3389088fb588,cached,data/derived/processes/historical_source_transformation.bpmn
https://www.pbs.gov.au/info/publication/schedule/historical-archive,3798255,data/raw_live/historical_sources/pbs_archive/au_pbs_archive_345ed652ca26f25e.pdf,7b8900ecaf2bc2dad2f26df0dab70a005a02b701fc04cd5010527696a9342dba,reimbursement_atlas:au_pbs_archive_1956_06_01_345ed652ca26,Existing local cache retained; use --force to replace it.,pdf,1956-06-01-PBS-Schedule-Medical-Practitioners.pdf,au_pbs_archive_345ed652ca26f25e,public_reuse_review,pending_human_review,au_pbs,https://www.pbs.gov.au/publication/schedule/1951-2002/1956-06-01-PBS-Schedule-Medical-Practitioners.pdf?variant=3,au_pbs_archive_1956_06_01_345ed652ca26,cached,data/derived/processes/historical_source_transformation.bpmn
https://www.pbs.gov.au/info/publication/schedule/2021,12260477,data/raw_live/historical_sources/pbs_archive/au_pbs_archive_34c0af89316f7ed2.pdf,47adb7c388823ff7c40a56f9b569c9d66c64a0627f83ba1475d0beefbef5dd29,reimbursement_atlas:au_pbs_archive_2021_06_01_34c0af89316f,Existing local cache retained; use --force to replace it.,pdf,2021-06-01-general-schedule-volume-2.pdf,au_pbs_archive_34c0af89316f7ed2,public_reuse_review,pending_human_review,au_pbs,https://www.pbs.gov.au/publication/schedule/2021/06/2021-06-01-general-schedule-volume-2.pdf?variant=3,au_pbs_archive_2021_06_01_34c0af89316f,cached,data/derived/processes/historical_source_transformation.bpmn
https://www.pbs.gov.au/info/publication/schedule/2011,688326,data/raw_live/historical_sources/pbs_archive/au_pbs_archive_350cdd4a451ca8aa.pdf,22ea5c5d103a5a0285171e3c3e316941c0eacdf24405bd259116d04f7c9fd03f,reimbursement_atlas:au_pbs_archive_2011_05_01_350cdd4a451c,Existing local cache retained; use --force to replace it.,pdf,2011-05-01-dental-book-SOC.pdf,au_pbs_archive_350cdd4a451ca8aa,public_reuse_review,pending_human_review,au_pbs,https://www.pbs.gov.au/publication/schedule/2011/05/2011-05-01-dental-book-SOC.pdf?variant=3,au_pbs_archive_2011_05_01_350cdd4a451c,cached,data/derived/processes/historical_source_transformation.bpmn
https://www.pbs.gov.au/info/publication/schedule/2014,336759,data/raw_live/historical_sources/pbs_archive/au_pbs_archive_351788b5d9e025fd.pdf,f4f903c722ecffcb488eadce428fcd0221407cc6c4ddc46b81562e3907be4f1c,reimbursement_atlas:au_pbs_archive_2014_07_01_351788b5d9e0,Existing local cache retained; use --force to replace it.,pdf,2014-07-01-errata.pdf,au_pbs_archive_351788b5d9e025fd,public_reuse_review,pending_human_review,au_pbs,https://www.pbs.gov.au/publication/schedule/2014/07/2014-07-01-errata.pdf?variant=3,au_pbs_archive_2014_07_01_351788b5d9e0,cached,data/derived/processes/historical_source_transformation.bpmn
https://www.pbs.gov.au/info/publication/schedule/2014,852133,data/raw_live/historical_sources/pbs_archive/au_pbs_archive_35b531d3af083d53.pdf,8b1fb3941446cc7454f2bfef036acef0d8ee5190db0dfd685d65838ef5411bdb,reimbursement_atlas:au_pbs_archive_2014_03_01_35b531d3af08,Existing local cache retained; use --force to replace it.,pdf,2014-03-01-general-schedule-soc.pdf,au_pbs_archive_35b531d3af083d53,public_reuse_review,pending_human_review,au_pbs,https://www.pbs.gov.au/publication/schedule/2014/03/2014-03-01-general-schedule-soc.pdf?variant=3,au_pbs_archive_2014_03_01_35b531d3af08,cached,data/derived/processes/historical_source_transformation.bpmn
https://www.pbs.gov.au/info/publication/schedule/2019,1721592,data/raw_live/historical_sources/pbs_archive/au_pbs_archive_35bdd9700d8200c6.pdf,9365288ead816b20b0010177a14e46acc02b0152d6049ca282bfe856ff18f107,reimbursement_atlas:au_pbs_archive_2019_04_01_35bdd9700d82,Existing local cache retained; use --force to replace it.,pdf,2019-04-01-efc-schedule.pdf,au_pbs_archive_35bdd9700d8200c6,public_reuse_review,pending_human_review,au_pbs,https://www.pbs.gov.au/publication/schedule/2019/04/2019-04-01-efc-schedule.pdf?variant=3,au_pbs_archive_2019_04_01_35bdd9700d82,cached,data/derived/processes/historical_source_transformation.bpmn
https://www.pbs.gov.au/info/publication/schedule/2019,1831586,data/raw_live/historical_sources/pbs_archive/au_pbs_archive_35f4ee60091d0c7b.pdf,57bda494e62b8d5b8c55d5ea3a9e3390433db20705f0a94a799048a4fdf5dba2,reimbursement_atlas:au_pbs_archive_2019_11_01_35f4ee60091d,Existing local cache retained; use --force to replace it.,pdf,2019-11-01-efc-schedule.pdf,au_pbs_archive_35f4ee60091d0c7b,public_reuse_review,pending_human_review,au_pbs,https://www.pbs.gov.au/publication/schedule/2019/11/2019-11-01-efc-schedule.pdf?variant=3,au_pbs_archive_2019_11_01_35f4ee60091d,cached,data/derived/processes/historical_source_transformation.bpmn
https://www.pbs.gov.au/info/publication/schedule/2020,11672401,data/raw_live/historical_sources/pbs_archive/au_pbs_archive_3646402790e4327f.pdf,f05cc31e434704d2e51a2c1af414652c26a7865d782575e9bdc602bf34d4b1c4,reimbursement_atlas:au_pbs_archive_2020_10_01_3646402790e4,Existing local cache retained; use --force to replace it.,pdf,2020-10-01-general-schedule-volume-2.pdf,au_pbs_archive_3646402790e4327f,public_reuse_review,pending_human_review,au_pbs,https://www.pbs.gov.au/publication/schedule/2020/10/2020-10-01-general-schedule-volume-2.pdf?variant=3,au_pbs_archive_2020_10_01_3646402790e4,cached,data/derived/processes/historical_source_transformation.bpmn
https://www.pbs.gov.au/info/publication/schedule/historical-archive,14815664,data/raw_live/historical_sources/pbs_archive/au_pbs_archive_364889789397fad0.pdf,060746023d95f4dd5254f3ad6f7fb6adf5cac00b4f2d68e03b599a7908b6b2cd,reimbursement_atlas:au_pbs_archive_1985_12_01_364889789397,Existing local cache retained; use --force to replace it.,pdf,1985-12-01-consolidated-schedules.pdf,au_pbs_archive_364889789397fad0,public_reuse_review,pending_human_review,au_pbs,https://www.pbs.gov.au/publication/schedule/1951-2002/1985-12-01-consolidated-schedules.pdf?variant=3,au_pbs_archive_1985_12_01_364889789397,cached,data/derived/processes/historical_source_transformation.bpmn
https://www.pbs.gov.au/info/publication/schedule/2010,3682785,data/raw_live/historical_sources/pbs_archive/au_pbs_archive_369b07e2c8e87177.pdf,0650b0a01c6b4b9b1bff3029ac89550c08f9481ba56cda9f1398b9fbf6b44775,reimbursement_atlas:au_pbs_archive_2010_09_01_369b07e2c8e8,Existing local cache retained; use --force to replace it.,pdf,2010-09-01-general-schedule.pdf,au_pbs_archive_369b07e2c8e87177,public_reuse_review,pending_human_review,au_pbs,https://www.pbs.gov.au/publication/schedule/2010/2010-09-01-general-schedule.pdf?variant=3,au_pbs_archive_2010_09_01_369b07e2c8e8,cached,data/derived/processes/historical_source_transformation.bpmn
https://www.pbs.gov.au/info/publication/schedule/2014,335978,data/raw_live/historical_sources/pbs_archive/au_pbs_archive_36c9ba6ea8078ee4.pdf,743482b5a0ae934872ef8fb50e3a107bb2688fc1c9ccf39ea2ff1dda74d8ef39,reimbursement_atlas:au_pbs_archive_2014_10_01_36c9ba6ea807,Existing local cache retained; use --force to replace it.,pdf,2014-10-01-errata.pdf,au_pbs_archive_36c9ba6ea8078ee4,public_reuse_review,pending_human_review,au_pbs,https://www.pbs.gov.au/publication/schedule/2014/10/2014-10-01-errata.pdf?variant=3,au_pbs_archive_2014_10_01_36c9ba6ea807,cached,data/derived/processes/historical_source_transformation.bpmn
https://www.pbs.gov.au/info/publication/schedule/2008,46058,data/raw_live/historical_sources/pbs_archive/au_pbs_archive_3723e42826c656b3.pdf,3161a04c6f222fdb87dfb5d0f3cc2c619572f3b03bc34403c306d4e6499ce104,reimbursement_atlas:au_pbs_archive_2008_06_01_3723e42826c6,Existing local cache retained; use --force to replace it.,pdf,2008-06-01-general-schedule-soc.pdf,au_pbs_archive_3723e42826c656b3,public_reuse_review,pending_human_review,au_pbs,https://www.pbs.gov.au/publication/schedule/2008/2008-06-01-general-schedule-soc.pdf?variant=3,au_pbs_archive_2008_06_01_3723e42826c6,cached,data/derived/processes/historical_source_transformation.bpmn
https://www.pbs.gov.au/info/publication/schedule/2016,21649773,data/raw_live/historical_sources/pbs_archive/au_pbs_archive_3738e5454957310c.pdf,03d12078f050bace5fb2aa7c7a1fdec79d3252cfd2997cd27690824e51f493c4,reimbursement_atlas:au_pbs_archive_2016_12_01_3738e5454957,Existing local cache retained; use --force to replace it.,pdf,2016-12-01-general-schedule.pdf,au_pbs_archive_3738e5454957310c,public_reuse_review,pending_human_review,au_pbs,https://www.pbs.gov.au/publication/schedule/2016/12/2016-12-01-general-schedule.pdf?variant=3,au_pbs_archive_2016_12_01_3738e5454957,cached,data/derived/processes/historical_source_transformation.bpmn
https://www.pbs.gov.au/info/publication/schedule/2010,9061964,data/raw_live/historical_sources/pbs_archive/au_pbs_archive_373eeb3fb58ea2aa.pdf,2d52aa5221b8c45f4fe0230c9bb489abab013b48dc64e9415a77eddecb7ee511,reimbursement_atlas:au_pbs_archive_2010_12_01_373eeb3fb58e,Existing local cache retained; use --force to replace it.,pdf,2010-12-01-general-schedule.pdf,au_pbs_archive_373eeb3fb58ea2aa,public_reuse_review,pending_human_review,au_pbs,https://www.pbs.gov.au/publication/schedule/2010/2010-12-01-general-schedule.pdf?variant=3,au_pbs_archive_2010_12_01_373eeb3fb58e,cached,data/derived/processes/historical_source_transformation.bpmn
https://www.pbs.gov.au/info/publication/schedule/2014,507382,data/raw_live/historical_sources/pbs_archive/au_pbs_archive_374997b6e7adbca3.pdf,6037a3d8f85af9b296224876050a0602a5f86055616c540e3cb593a8de2fa96a,reimbursement_atlas:au_pbs_archive_2014_06_01_374997b6e7ad,Existing local cache retained; use --force to replace it.,pdf,2014-06-01-efc-schedule.pdf,au_pbs_archive_374997b6e7adbca3,public_reuse_review,pending_human_review,au_pbs,https://www.pbs.gov.au/publication/schedule/2014/06/2014-06-01-efc-schedule.pdf?variant=3,au_pbs_archive_2014_06_01_374997b6e7ad,cached,data/derived/processes/historical_source_transformation.bpmn
https://www.pbs.gov.au/info/publication/schedule/2015,17721312,data/raw_live/historical_sources/pbs_archive/au_pbs_archive_379aae37a65a85ef.pdf,a4e4679a7d92b85bd41ddf4a879cb278b5d73d8ba6791514de991c9b4ee10ecf,reimbursement_atlas:au_pbs_archive_2015_11_01_379aae37a65a,Existing local cache retained; use --force to replace it.,pdf,2015-11-01-general-schedule.pdf,au_pbs_archive_379aae37a65a85ef,public_reuse_review,pending_human_review,au_pbs,https://www.pbs.gov.au/publication/schedule/2015/11/2015-11-01-general-schedule.pdf?variant=3,au_pbs_archive_2015_11_01_379aae37a65a,cached,data/derived/processes/historical_source_transformation.bpmn
https://www.pbs.gov.au/info/publication/schedule/2007,30981,data/raw_live/historical_sources/pbs_archive/au_pbs_archive_37c8b425034312e7.pdf,590f452099d6360a0f3eb698771a6e74b4be7c8403ddfd8ead21699a61b1a893,reimbursement_atlas:au_pbs_archive_2007_05_01_37c8b4250343,Existing local cache retained; use --force to replace it.,pdf,2007-05-01-dental-book-soc.pdf,au_pbs_archive_37c8b425034312e7,public_reuse_review,pending_human_review,au_pbs,https://www.pbs.gov.au/publication/schedule/2007/2007-05-01-dental-book-soc.pdf?variant=3,au_pbs_archive_2007_05_01_37c8b4250343,cached,data/derived/processes/historical_source_transformation.bpmn
https://www.pbs.gov.au/info/publication/schedule/2010,457952,data/raw_live/historical_sources/pbs_archive/au_pbs_archive_37cc2a1a2754b23f.pdf,deb34e33fcd1a8f8d2308f13674b07267dd4f25a4eadc998f0e9bc39c4f17d83,reimbursement_atlas:au_pbs_archive_2010_02_01_37cc2a1a2754,Existing local cache retained; use --force to replace it.,pdf,2010-02-01-dental-book.pdf,au_pbs_archive_37cc2a1a2754b23f,public_reuse_review,pending_human_review,au_pbs,https://www.pbs.gov.au/publication/schedule/2010/2010-02-01-dental-book.pdf?variant=3,au_pbs_archive_2010_02_01_37cc2a1a2754,cached,data/derived/processes/historical_source_transformation.bpmn
https://www.pbs.gov.au/info/publication/schedule/2009,356123,data/raw_live/historical_sources/pbs_archive/au_pbs_archive_383281cf1488ab10.pdf,ffc509a43197a7f2a849e2ad781135c282eaf105582ca29cb2722feacf45a317,reimbursement_atlas:au_pbs_archive_2009_12_01_383281cf1488,Existing local cache retained; use --force to replace it.,pdf,2009-12-01-chemotherapy-book.pdf,au_pbs_archive_383281cf1488ab10,public_reuse_review,pending_human_review,au_pbs,https://www.pbs.gov.au/publication/schedule/2009/2009-12-01-chemotherapy-book.pdf?variant=3,au_pbs_archive_2009_12_01_383281cf1488,cached,data/derived/processes/historical_source_transformation.bpmn
https://www.pbs.gov.au/info/publication/schedule/2015,746204,data/raw_live/historical_sources/pbs_archive/au_pbs_archive_388582375f6fc891.pdf,8e21bce1ee09bce896bdcea424ff0955c98bb61d8edffcddab8f72af97f12e7b,reimbursement_atlas:au_pbs_archive_2015_01_01_388582375f6f,Existing local cache retained; use --force to replace it.,pdf,2015-01-01-general-schedule-soc.pdf,au_pbs_archive_388582375f6fc891,public_reuse_review,pending_human_review,au_pbs,https://www.pbs.gov.au/publication/schedule/2015/01/2015-01-01-general-schedule-soc.pdf?variant=3,au_pbs_archive_2015_01_01_388582375f6f,cached,data/derived/processes/historical_source_transformation.bpmn
https://www.pbs.gov.au/info/publication/schedule/2011,363961,data/raw_live/historical_sources/pbs_archive/au_pbs_archive_388e5dfedd1f8912.pdf,bcaadf92c5cb96e312e1adf43aac571d2d28d5b99a0ec6aa5968ac2906d5fdce,reimbursement_atlas:au_pbs_archive_2011_01_01_388e5dfedd1f,Existing local cache retained; use --force to replace it.,pdf,2011-01-01-dental-book-SOC.pdf,au_pbs_archive_388e5dfedd1f8912,public_reuse_review,pending_human_review,au_pbs,https://www.pbs.gov.au/publication/schedule/2011/01/2011-01-01-dental-book-SOC.pdf?variant=3,au_pbs_archive_2011_01_01_388e5dfedd1f,cached,data/derived/processes/historical_source_transformation.bpmn
https://www.pbs.gov.au/info/publication/schedule/2024,14224330,data/raw_live/historical_sources/pbs_archive/au_pbs_archive_38b1258a932014e9.pdf,9953ae8cb1f631c709e399654051e6e4e178e207d31df59224a915b905efab03,reimbursement_atlas:au_pbs_archive_2024_07_01_38b1258a9320,Existing local cache retained; use --force to replace it.,pdf,2024-07-01-general-schedule-volume-2.pdf,au_pbs_archive_38b1258a932014e9,public_reuse_review,pending_human_review,au_pbs,https://www.pbs.gov.au/publication/schedule/2024/07/2024-07-01-general-schedule-volume-2.pdf?variant=3,au_pbs_archive_2024_07_01_38b1258a9320,cached,data/derived/processes/historical_source_transformation.bpmn
https://www.pbs.gov.au/info/publication/schedule/2016,3238051,data/raw_live/historical_sources/pbs_archive/au_pbs_archive_38eb612aed3c141b.pdf,25caa534ca221c75e174de8a2aa543cdff0afb822715cf46b29b473908931422,reimbursement_atlas:au_pbs_archive_2016_01_01_38eb612aed3c,Existing local cache retained; use --force to replace it.,pdf,2016-01-01-efc-schedule.pdf,au_pbs_archive_38eb612aed3c141b,public_reuse_review,pending_human_review,au_pbs,https://www.pbs.gov.au/publication/schedule/2016/01/2016-01-01-efc-schedule.pdf?variant=3,au_pbs_archive_2016_01_01_38eb612aed3c,cached,data/derived/processes/historical_source_transformation.bpmn
https://www.pbs.gov.au/info/publication/schedule/2015,1390934,data/raw_live/historical_sources/pbs_archive/au_pbs_archive_3991b9d87d8a267f.pdf,4d32d8384f9f49df4049a5e82ba487abb0d2bc7a257e2b491411f96563634adc,reimbursement_atlas:au_pbs_archive_2015_08_01_3991b9d87d8a,Existing local cache retained; use --force to replace it.,pdf,2015-08-01-efc-schedule.pdf,au_pbs_archive_3991b9d87d8a267f,public_reuse_review,pending_human_review,au_pbs,https://www.pbs.gov.au/publication/schedule/2015/08/2015-08-01-efc-schedule.pdf?variant=3,au_pbs_archive_2015_08_01_3991b9d87d8a,cached,data/derived/processes/historical_source_transformation.bpmn
https://www.pbs.gov.au/info/publication/schedule/2008,52348,data/raw_live/historical_sources/pbs_archive/au_pbs_archive_39acacb81d8d2946.pdf,738127033bd07b6f44cc24d0f93716158c985dfbe754fbbcadf25747f93d7597,reimbursement_atlas:au_pbs_archive_2008_01_01_39acacb81d8d,Existing local cache retained; use --force to replace it.,pdf,2008-01-01-dental-book-soc.pdf,au_pbs_archive_39acacb81d8d2946,public_reuse_review,pending_human_review,au_pbs,https://www.pbs.gov.au/publication/schedule/2008/2008-01-01-dental-book-soc.pdf?variant=3,au_pbs_archive_2008_01_01_39acacb81d8d,cached,data/derived/processes/historical_source_transformation.bpmn
https://www.pbs.gov.au/info/publication/schedule/2015,17688944,data/raw_live/historical_sources/pbs_archive/au_pbs_archive_39baaa55fa11a451.pdf,0bc810a74f3edd1959c07f2cfa2e57cd032562855f83f70317fa25ac551555b9,reimbursement_atlas:au_pbs_archive_2015_09_01_39baaa55fa11,Existing local cache retained; use --force to replace it.,pdf,2015-09-01-general-schedule.pdf,au_pbs_archive_39baaa55fa11a451,public_reuse_review,pending_human_review,au_pbs,https://www.pbs.gov.au/publication/schedule/2015/09/2015-09-01-general-schedule.pdf?variant=3,au_pbs_archive_2015_09_01_39baaa55fa11,cached,data/derived/processes/historical_source_transformation.bpmn
https://www.pbs.gov.au/info/publication/schedule/2014,1315821,data/raw_live/historical_sources/pbs_archive/au_pbs_archive_3a04db1cf7e8ce1b.pdf,b3774c47f001a007905a52891ec59eae632efda834316d535a6111713e95ec54,reimbursement_atlas:au_pbs_archive_2014_11_01_3a04db1cf7e8,Existing local cache retained; use --force to replace it.,pdf,2014-11-01-efc-schedule.pdf,au_pbs_archive_3a04db1cf7e8ce1b,public_reuse_review,pending_human_review,au_pbs,https://www.pbs.gov.au/publication/schedule/2014/11/2014-11-01-efc-schedule.pdf?variant=3,au_pbs_archive_2014_11_01_3a04db1cf7e8,cached,data/derived/processes/historical_source_transformation.bpmn
https://www.pbs.gov.au/info/publication/schedule/2008,437639,data/raw_live/historical_sources/pbs_archive/au_pbs_archive_3a0b5da2e92966d4.pdf,c61fd95f91cdf8051041317ba3b57edf979e3a7efb6b2874f2433320f7ac83e8,reimbursement_atlas:au_pbs_archive_2008_06_01_3a0b5da2e929,Existing local cache retained; use --force to replace it.,pdf,2008-06-01-dental-book.pdf,au_pbs_archive_3a0b5da2e92966d4,public_reuse_review,pending_human_review,au_pbs,https://www.pbs.gov.au/publication/schedule/2008/2008-06-01-dental-book.pdf?variant=3,au_pbs_archive_2008_06_01_3a0b5da2e929,cached,data/derived/processes/historical_source_transformation.bpmn
https://www.pbs.gov.au/info/publication/schedule/historical-archive,17532094,data/raw_live/historical_sources/pbs_archive/au_pbs_archive_3a1f7556a9abb8c7.pdf,2792fd7487050902957ca90090fb5c8d6daf3f058c7ab2cc65c62432eb733299,reimbursement_atlas:au_pbs_archive_1990_12_01_3a1f7556a9ab,Existing local cache retained; use --force to replace it.,pdf,1990-12-01-consolidated-schedules.pdf,au_pbs_archive_3a1f7556a9abb8c7,public_reuse_review,pending_human_review,au_pbs,https://www.pbs.gov.au/publication/schedule/1951-2002/1990-12-01-consolidated-schedules.pdf?variant=3,au_pbs_archive_1990_12_01_3a1f7556a9ab,cached,data/derived/processes/historical_source_transformation.bpmn
https://www.pbs.gov.au/info/publication/schedule/2022,22432421,data/raw_live/historical_sources/pbs_archive/au_pbs_archive_3a2036636c1aff2f.pdf,87000bb5a8e275bbb88f270c247e5f646b1756083e150675c7f0d36be468c9d2,reimbursement_atlas:au_pbs_archive_2022_05_01_3a2036636c1a,Existing local cache retained; use --force to replace it.,pdf,2022-05-01-general-schedule-volume-1.pdf,au_pbs_archive_3a2036636c1aff2f,public_reuse_review,pending_human_review,au_pbs,https://www.pbs.gov.au/publication/schedule/2022/05/2022-05-01-general-schedule-volume-1.pdf?variant=3,au_pbs_archive_2022_05_01_3a2036636c1a,cached,data/derived/processes/historical_source_transformation.bpmn
https://www.pbs.gov.au/info/publication/schedule/2018,20439338,data/raw_live/historical_sources/pbs_archive/au_pbs_archive_3a32a896da2129a4.pdf,940302500e4dd5da4bda06692ccdc2ddb9c13438ebf4a181a706dc8361d73c38,reimbursement_atlas:au_pbs_archive_2018_04_01_3a32a896da21,Existing local cache retained; use --force to replace it.,pdf,2018-04-01-general-schedule.pdf,au_pbs_archive_3a32a896da2129a4,public_reuse_review,pending_human_review,au_pbs,https://www.pbs.gov.au/publication/schedule/2018/04/2018-04-01-general-schedule.pdf?variant=3,au_pbs_archive_2018_04_01_3a32a896da21,cached,data/derived/processes/historical_source_transformation.bpmn
https://www.pbs.gov.au/info/publication/schedule/2010,502913,data/raw_live/historical_sources/pbs_archive/au_pbs_archive_3a85edc4b517bb95.pdf,1386e7fc36ccc9f38b719a534d89902316a5b7881f7c17d94ec732ea4da5567f,reimbursement_atlas:au_pbs_archive_2010_08_01_3a85edc4b517,Existing local cache retained; use --force to replace it.,pdf,2010-08-01-general-schedule-SOC.pdf,au_pbs_archive_3a85edc4b517bb95,public_reuse_review,pending_human_review,au_pbs,https://www.pbs.gov.au/publication/schedule/2010/2010-08-01-general-schedule-SOC.pdf?variant=3,au_pbs_archive_2010_08_01_3a85edc4b517,cached,data/derived/processes/historical_source_transformation.bpmn
https://www.pbs.gov.au/info/publication/schedule/2014,539032,data/raw_live/historical_sources/pbs_archive/au_pbs_archive_3adcc516502bd491.pdf,65f5ea8d931b333c7c936148dc08f97f53739772eb2842da4416da9c6c39cd39,reimbursement_atlas:au_pbs_archive_2014_05_01_3adcc516502b,Existing local cache retained; use --force to replace it.,pdf,2014-05-01-efc-schedule.pdf,au_pbs_archive_3adcc516502bd491,public_reuse_review,pending_human_review,au_pbs,https://www.pbs.gov.au/publication/schedule/2014/05/2014-05-01-efc-schedule.pdf?variant=3,au_pbs_archive_2014_05_01_3adcc516502b,cached,data/derived/processes/historical_source_transformation.bpmn
https://www.pbs.gov.au/info/publication/schedule/historical-archive,16742888,data/raw_live/historical_sources/pbs_archive/au_pbs_archive_3aea7d8c21b99405.pdf,df5e9771847f4c7af065d67043c67862196ae7040947adcca0c372423b9415d1,reimbursement_atlas:au_pbs_archive_1988_12_01_3aea7d8c21b9,Existing local cache retained; use --force to replace it.,pdf,1988-12-01-consolidated-schedules.pdf,au_pbs_archive_3aea7d8c21b99405,public_reuse_review,pending_human_review,au_pbs,https://www.pbs.gov.au/publication/schedule/1951-2002/1988-12-01-consolidated-schedules.pdf?variant=3,au_pbs_archive_1988_12_01_3aea7d8c21b9,cached,data/derived/processes/historical_source_transformation.bpmn
https://www.pbs.gov.au/info/publication/schedule/2014,314155,data/raw_live/historical_sources/pbs_archive/au_pbs_archive_3af0c40830eb7abd.pdf,dd0889479e92aac2304624866cb09304c53d61adae7ce9b2debe3738ca623723,reimbursement_atlas:au_pbs_archive_2014_05_01_3af0c40830eb,Existing local cache retained; use --force to replace it.,pdf,2014-05-01-general-schedule-soc.pdf,au_pbs_archive_3af0c40830eb7abd,public_reuse_review,pending_human_review,au_pbs,https://www.pbs.gov.au/publication/schedule/2014/05/2014-05-01-general-schedule-soc.pdf?variant=3,au_pbs_archive_2014_05_01_3af0c40830eb,cached,data/derived/processes/historical_source_transformation.bpmn
https://www.pbs.gov.au/info/publication/schedule/2009,800988,data/raw_live/historical_sources/pbs_archive/au_pbs_archive_3af92a6101659779.pdf,25df7bce1be0930379f7527f23c095f7a3c3de831d130e0bfb5571739d23ae09,reimbursement_atlas:au_pbs_archive_2009_05_01_3af92a610165,Existing local cache retained; use --force to replace it.,pdf,2009-05-01-dental-book.pdf,au_pbs_archive_3af92a6101659779,public_reuse_review,pending_human_review,au_pbs,https://www.pbs.gov.au/publication/schedule/2009/2009-05-01-dental-book.pdf?variant=3,au_pbs_archive_2009_05_01_3af92a610165,cached,data/derived/processes/historical_source_transformation.bpmn
https://www.pbs.gov.au/info/publication/schedule/2018,2314998,data/raw_live/historical_sources/pbs_archive/au_pbs_archive_3be998784dd5f6ec.pdf,24c1e9c3c7c65a0027ec4d5dea99386fc09ac11993f0f556cdc6f4c2b81dc44f,reimbursement_atlas:au_pbs_archive_2018_12_01_3be998784dd5,Existing local cache retained; use --force to replace it.,pdf,2018-12-01-efc-schedule.pdf,au_pbs_archive_3be998784dd5f6ec,public_reuse_review,pending_human_review,au_pbs,https://www.pbs.gov.au/publication/schedule/2018/12/2018-12-01-efc-schedule.pdf?variant=3,au_pbs_archive_2018_12_01_3be998784dd5,cached,data/derived/processes/historical_source_transformation.bpmn
https://www.pbs.gov.au/info/publication/schedule/2021,20448930,data/raw_live/historical_sources/pbs_archive/au_pbs_archive_3ce5c43b6f76b0c3.pdf,9393f6b5019e3e59c80adc9948d0489a18ff7bf7c1358ee0eebcceb8d994a4d6,reimbursement_atlas:au_pbs_archive_2021_03_01_3ce5c43b6f76,Existing local cache retained; use --force to replace it.,pdf,2021-03-01-general-schedule-volume-2.pdf,au_pbs_archive_3ce5c43b6f76b0c3,public_reuse_review,pending_human_review,au_pbs,https://www.pbs.gov.au/publication/schedule/2021/03/2021-03-01-general-schedule-volume-2.pdf?variant=3,au_pbs_archive_2021_03_01_3ce5c43b6f76,cached,data/derived/processes/historical_source_transformation.bpmn
https://www.pbs.gov.au/info/publication/schedule/2024,13305018,data/raw_live/historical_sources/pbs_archive/au_pbs_archive_3d44dc13ad63e130.pdf,d66163a7dee8e44b0e5c9f0a8c811effc0c6590fe76c4aacd722859ed57aaf3a,reimbursement_atlas:au_pbs_archive_2024_08_01_3d44dc13ad63,Existing local cache retained; use --force to replace it.,pdf,2024-08-01-general-schedule-volume-2.pdf,au_pbs_archive_3d44dc13ad63e130,public_reuse_review,pending_human_review,au_pbs,https://www.pbs.gov.au/publication/schedule/2024/08/2024-08-01-general-schedule-volume-2.pdf?variant=3,au_pbs_archive_2024_08_01_3d44dc13ad63,cached,data/derived/processes/historical_source_transformation.bpmn
https://www.pbs.gov.au/info/publication/schedule/2012,3301327,data/raw_live/historical_sources/pbs_archive/au_pbs_archive_3d7350793182d47e.pdf,6a96c788915fe860ca35bc4dfa6abc1bd5c19fb17139379a58b7ba86c3203a8c,reimbursement_atlas:au_pbs_archive_2012_05_01_3d7350793182,Existing local cache retained; use --force to replace it.,pdf,2012-05-01-dental-book.pdf,au_pbs_archive_3d7350793182d47e,public_reuse_review,pending_human_review,au_pbs,https://www.pbs.gov.au/publication/schedule/2012/05/2012-05-01-dental-book.pdf?variant=3,au_pbs_archive_2012_05_01_3d7350793182,cached,data/derived/processes/historical_source_transformation.bpmn
https://www.pbs.gov.au/info/publication/schedule/2022,13056974,data/raw_live/historical_sources/pbs_archive/au_pbs_archive_3e158f5340039b52.pdf,bc05ac03d440589479fe50b44d8b462206c84e052b3582fd5a5aa69ca16a2fd0,reimbursement_atlas:au_pbs_archive_2022_07_01_3e158f534003,Existing local cache retained; use --force to replace it.,pdf,2022-07-01-general-schedule-volume-2.pdf,au_pbs_archive_3e158f5340039b52,public_reuse_review,pending_human_review,au_pbs,https://www.pbs.gov.au/publication/schedule/2022/07/2022-07-01-general-schedule-volume-2.pdf?variant=3,au_pbs_archive_2022_07_01_3e158f534003,cached,data/derived/processes/historical_source_transformation.bpmn
https://www.pbs.gov.au/info/publication/schedule/2008,214943,data/raw_live/historical_sources/pbs_archive/au_pbs_archive_3e316631c7afd375.pdf,69a350fb384ba87d7e1fb268ba1de701bd95da7b6c59fe5542c27ac9e31934be,reimbursement_atlas:au_pbs_archive_2008_04_01_3e316631c7af,Existing local cache retained; use --force to replace it.,pdf,2008-04-01-general-schedule-soc.pdf,au_pbs_archive_3e316631c7afd375,public_reuse_review,pending_human_review,au_pbs,https://www.pbs.gov.au/publication/schedule/2008/2008-04-01-general-schedule-soc.pdf?variant=3,au_pbs_archive_2008_04_01_3e316631c7af,cached,data/derived/processes/historical_source_transformation.bpmn
https://www.pbs.gov.au/info/publication/schedule/2013,660365,data/raw_live/historical_sources/pbs_archive/au_pbs_archive_3e509d79b5dd773e.pdf,2a6706ab0eda6c03a6fbcf2baf3b0f8e2f0f4a793d3a508dd4bb97b3c5ac903a,reimbursement_atlas:au_pbs_archive_2013_06_01_3e509d79b5dd,Existing local cache retained; use --force to replace it.,pdf,2013-06-01-general-schedule-soc.pdf,au_pbs_archive_3e509d79b5dd773e,public_reuse_review,pending_human_review,au_pbs,https://www.pbs.gov.au/publication/schedule/2013/06/2013-06-01-general-schedule-soc.pdf?variant=3,au_pbs_archive_2013_06_01_3e509d79b5dd,cached,data/derived/processes/historical_source_transformation.bpmn
https://www.pbs.gov.au/info/publication/schedule/2008,7429577,data/raw_live/historical_sources/pbs_archive/au_pbs_archive_3e761c5f79b50a85.pdf,d7716845a3561a74886ac5632aa65bdb0676b48afbbf1298cb09035737274334,reimbursement_atlas:au_pbs_archive_2008_12_01_3e761c5f79b5,Existing local cache retained; use --force to replace it.,pdf,2008-12-01-general-schedule.pdf,au_pbs_archive_3e761c5f79b50a85,public_reuse_review,pending_human_review,au_pbs,https://www.pbs.gov.au/publication/schedule/2008/2008-12-01-general-schedule.pdf?variant=3,au_pbs_archive_2008_12_01_3e761c5f79b5,cached,data/derived/processes/historical_source_transformation.bpmn
https://www.pbs.gov.au/info/publication/schedule/2010,181811,data/raw_live/historical_sources/pbs_archive/au_pbs_archive_3edda9e5d26293c6.pdf,0a2a769dfbf29bf71b2bfe31d2c7d006442b9ee655c7cd48baa0affc2edbe1e6,reimbursement_atlas:au_pbs_archive_2010_10_01_3edda9e5d262,Existing local cache retained; use --force to replace it.,pdf,2010-10-01-general-schedule-SOC.pdf,au_pbs_archive_3edda9e5d26293c6,public_reuse_review,pending_human_review,au_pbs,https://www.pbs.gov.au/publication/schedule/2010/2010-10-01-general-schedule-SOC.pdf?variant=3,au_pbs_archive_2010_10_01_3edda9e5d262,cached,data/derived/processes/historical_source_transformation.bpmn
https://www.pbs.gov.au/info/publication/schedule/2012,126973,data/raw_live/historical_sources/pbs_archive/au_pbs_archive_3f3a941e1da4a13a.pdf,e69946d1c150fb1525ade2994f7365b5547257d57a92f5b72a632b6d32e75f1a,reimbursement_atlas:au_pbs_archive_2012_03_01_3f3a941e1da4,Existing local cache retained; use --force to replace it.,pdf,2012-03-01-dental-book-SOC.pdf,au_pbs_archive_3f3a941e1da4a13a,public_reuse_review,pending_human_review,au_pbs,https://www.pbs.gov.au/publication/schedule/2012/03/2012-03-01-dental-book-SOC.pdf?variant=3,au_pbs_archive_2012_03_01_3f3a941e1da4,cached,data/derived/processes/historical_source_transformation.bpmn
https://www.pbs.gov.au/info/publication/schedule/2020,2849255,data/raw_live/historical_sources/pbs_archive/au_pbs_archive_3f7b77cf50652a6d.pdf,b94a13ca285707879c7ac43e757e6871647c396a511a12a735d039b14a5c2b61,reimbursement_atlas:au_pbs_archive_2020_09_01_3f7b77cf5065,Existing local cache retained; use --force to replace it.,pdf,2020-09-01-efc-schedule.pdf,au_pbs_archive_3f7b77cf50652a6d,public_reuse_review,pending_human_review,au_pbs,https://www.pbs.gov.au/publication/schedule/2020/09/2020-09-01-efc-schedule.pdf?variant=3,au_pbs_archive_2020_09_01_3f7b77cf5065,cached,data/derived/processes/historical_source_transformation.bpmn
https://www.pbs.gov.au/info/publication/schedule/2007,29306,data/raw_live/historical_sources/pbs_archive/au_pbs_archive_4018991f6ce03567.pdf,cf70e1930c9aef595a20e2690d0c8145115172fac5d7f439c075632ab9754945,reimbursement_atlas:au_pbs_archive_2007_07_01_4018991f6ce0,Existing local cache retained; use --force to replace it.,pdf,2007-07-01-dental-book-soc.pdf,au_pbs_archive_4018991f6ce03567,public_reuse_review,pending_human_review,au_pbs,https://www.pbs.gov.au/publication/schedule/2007/2007-07-01-dental-book-soc.pdf?variant=3,au_pbs_archive_2007_07_01_4018991f6ce0,cached,data/derived/processes/historical_source_transformation.bpmn
https://www.pbs.gov.au/info/publication/schedule/2015,402988,data/raw_live/historical_sources/pbs_archive/au_pbs_archive_404dd6faf91c3a0a.pdf,00b3c2d68eddb37ca4a61dfd97370c67590fe271496c3904ef70727eecee94cf,reimbursement_atlas:au_pbs_archive_2015_03_01_404dd6faf91c,Existing local cache retained; use --force to replace it.,pdf,2015-03-01-errata.pdf,au_pbs_archive_404dd6faf91c3a0a,public_reuse_review,pending_human_review,au_pbs,https://www.pbs.gov.au/publication/schedule/2015/03/2015-03-01-errata.pdf?variant=3,au_pbs_archive_2015_03_01_404dd6faf91c,cached,data/derived/processes/historical_source_transformation.bpmn
https://www.pbs.gov.au/info/publication/schedule/2009,809014,data/raw_live/historical_sources/pbs_archive/au_pbs_archive_40dbaafdf8123e35.pdf,4866ac02a4d12827ba373822b5815c9fb80977f7059934de0028a47503b949c5,reimbursement_atlas:au_pbs_archive_2009_01_01_40dbaafdf812,Existing local cache retained; use --force to replace it.,pdf,2009-01-01-dental-book.pdf,au_pbs_archive_40dbaafdf8123e35,public_reuse_review,pending_human_review,au_pbs,https://www.pbs.gov.au/publication/schedule/2009/2009-01-01-dental-book.pdf?variant=3,au_pbs_archive_2009_01_01_40dbaafdf812,cached,data/derived/processes/historical_source_transformation.bpmn
https://www.pbs.gov.au/info/publication/schedule/2024,25478239,data/raw_live/historical_sources/pbs_archive/au_pbs_archive_411b67b94db0ecd3.pdf,b830e29f9dc6a10dc3e82c767c80a55989c354eb46bcbf936673fc05af67e968,reimbursement_atlas:au_pbs_archive_2024_08_01_411b67b94db0,Existing local cache retained; use --force to replace it.,pdf,2024-08-01-general-schedule-volume-1.pdf,au_pbs_archive_411b67b94db0ecd3,public_reuse_review,pending_human_review,au_pbs,https://www.pbs.gov.au/publication/schedule/2024/08/2024-08-01-general-schedule-volume-1.pdf?variant=3,au_pbs_archive_2024_08_01_411b67b94db0,cached,data/derived/processes/historical_source_transformation.bpmn
https://www.pbs.gov.au/info/publication/schedule/2018,1439736,data/raw_live/historical_sources/pbs_archive/au_pbs_archive_4169c0076904f72e.pdf,271f7da91d68b45e70bafea8981defe1b93018868c915015c69048f838a86382,reimbursement_atlas:au_pbs_archive_2018_11_01_4169c0076904,Existing local cache retained; use --force to replace it.,pdf,2018-11-01-efc-schedule.pdf,au_pbs_archive_4169c0076904f72e,public_reuse_review,pending_human_review,au_pbs,https://www.pbs.gov.au/publication/schedule/2018/11/2018-11-01-efc-schedule.pdf?variant=3,au_pbs_archive_2018_11_01_4169c0076904,cached,data/derived/processes/historical_source_transformation.bpmn
https://www.pbs.gov.au/info/publication/schedule/2021,7643405,data/raw_live/historical_sources/pbs_archive/au_pbs_archive_416fd3fe79aae85c.pdf,392ffd5ad6c5e48ee5d946c2bc2d329e3911d485925481ab03fe86d7f44bca37,reimbursement_atlas:au_pbs_archive_2021_02_01_416fd3fe79aa,Existing local cache retained; use --force to replace it.,pdf,2021-02-01-general-schedule-volume-2.pdf,au_pbs_archive_416fd3fe79aae85c,public_reuse_review,pending_human_review,au_pbs,https://www.pbs.gov.au/publication/schedule/2021/02/2021-02-01-general-schedule-volume-2.pdf?variant=3,au_pbs_archive_2021_02_01_416fd3fe79aa,cached,data/derived/processes/historical_source_transformation.bpmn
https://www.pbs.gov.au/info/publication/schedule/2007,450600,data/raw_live/historical_sources/pbs_archive/au_pbs_archive_417e0bb5932fa67e.pdf,8343cc84c6ea67abc999a8d85cbdcebf0fa15f284a73ebbec6f40371e21896b3,reimbursement_atlas:au_pbs_archive_2007_08_01_417e0bb5932f,Existing local cache retained; use --force to replace it.,pdf,2007-08-01-dental-book.pdf,au_pbs_archive_417e0bb5932fa67e,public_reuse_review,pending_human_review,au_pbs,https://www.pbs.gov.au/publication/schedule/2007/2007-08-01-dental-book.pdf?variant=3,au_pbs_archive_2007_08_01_417e0bb5932f,cached,data/derived/processes/historical_source_transformation.bpmn
https://www.pbs.gov.au/info/publication/schedule/2013,473417,data/raw_live/historical_sources/pbs_archive/au_pbs_archive_4183c3d3c575b543.pdf,4a83d8162cb21004a7cac2eebf8960aade59e5a8223b88f5191c139a1e4c3b51,reimbursement_atlas:au_pbs_archive_2013_02_01_4183c3d3c575,Existing local cache retained; use --force to replace it.,pdf,2013-02-01-errata.pdf,au_pbs_archive_4183c3d3c575b543,public_reuse_review,pending_human_review,au_pbs,https://www.pbs.gov.au/publication/schedule/2013/02/2013-02-01-errata.pdf?variant=3,au_pbs_archive_2013_02_01_4183c3d3c575,cached,data/derived/processes/historical_source_transformation.bpmn
https://www.pbs.gov.au/info/publication/schedule/2013,6905420,data/raw_live/historical_sources/pbs_archive/au_pbs_archive_41cafa88a2b366f8.pdf,4229571b0d5f0e5c0a187b33239052ed4d7699107916a77ea49ec0f6aa9ebba1,reimbursement_atlas:au_pbs_archive_2013_03_01_41cafa88a2b3,Existing local cache retained; use --force to replace it.,pdf,2013-03-01-general-schedule.pdf,au_pbs_archive_41cafa88a2b366f8,public_reuse_review,pending_human_review,au_pbs,https://www.pbs.gov.au/publication/schedule/2013/03/2013-03-01-general-schedule.pdf?variant=3,au_pbs_archive_2013_03_01_41cafa88a2b3,cached,data/derived/processes/historical_source_transformation.bpmn
https://www.pbs.gov.au/info/publication/schedule/2011,1103388,data/raw_live/historical_sources/pbs_archive/au_pbs_archive_41f8f5c6d1cb0ec6.pdf,a70f8b5895ceaf4ebea2ec446c24cc5d56a82e2fb3275dca2a4fc25ce079afb2,reimbursement_atlas:au_pbs_archive_2011_08_01_41f8f5c6d1cb,Existing local cache retained; use --force to replace it.,pdf,2011-08-01-general-schedule-SOC.pdf,au_pbs_archive_41f8f5c6d1cb0ec6,public_reuse_review,pending_human_review,au_pbs,https://www.pbs.gov.au/publication/schedule/2011/08/2011-08-01-general-schedule-SOC.pdf?variant=3,au_pbs_archive_2011_08_01_41f8f5c6d1cb,cached,data/derived/processes/historical_source_transformation.bpmn
https://www.pbs.gov.au/info/publication/schedule/2024,2457857,data/raw_live/historical_sources/pbs_archive/au_pbs_archive_4210d7a846813749.pdf,95ac4bb1ac6639efd4d965ad85f73d621b601623151cbece79ff4326375704b6,reimbursement_atlas:au_pbs_archive_2024_06_01_4210d7a84681,Existing local cache retained; use --force to replace it.,pdf,2024-06-01-efc-schedule.pdf,au_pbs_archive_4210d7a846813749,public_reuse_review,pending_human_review,au_pbs,https://www.pbs.gov.au/publication/schedule/2024/06/2024-06-01-efc-schedule.pdf?variant=3,au_pbs_archive_2024_06_01_4210d7a84681,cached,data/derived/processes/historical_source_transformation.bpmn
https://www.pbs.gov.au/info/publication/schedule/2012,2726059,data/raw_live/historical_sources/pbs_archive/au_pbs_archive_42325d71028c2b65.pdf,3a698f062b63b8e0c6021b9699d991663e7187655ddb11f41132d4c0047dd00b,reimbursement_atlas:au_pbs_archive_2012_06_01_42325d71028c,Existing local cache retained; use --force to replace it.,pdf,2012-06-01-efc-schedule.pdf,au_pbs_archive_42325d71028c2b65,public_reuse_review,pending_human_review,au_pbs,https://www.pbs.gov.au/publication/schedule/2012/06/2012-06-01-efc-schedule.pdf?variant=3,au_pbs_archive_2012_06_01_42325d71028c,cached,data/derived/processes/historical_source_transformation.bpmn
https://www.pbs.gov.au/info/publication/schedule/2019,10645188,data/raw_live/historical_sources/pbs_archive/au_pbs_archive_425aca3d15931c99.pdf,811b18d3150daf59d90746b98859f20915b4da2bcaebe5b33426712b9a241afb,reimbursement_atlas:au_pbs_archive_2019_09_01_425aca3d1593,Existing local cache retained; use --force to replace it.,pdf,2019-09-01-general-schedule-volume-2.pdf,au_pbs_archive_425aca3d15931c99,public_reuse_review,pending_human_review,au_pbs,https://www.pbs.gov.au/publication/schedule/2019/09/2019-09-01-general-schedule-volume-2.pdf?variant=3,au_pbs_archive_2019_09_01_425aca3d1593,cached,data/derived/processes/historical_source_transformation.bpmn
https://www.pbs.gov.au/info/publication/schedule/2010,713641,data/raw_live/historical_sources/pbs_archive/au_pbs_archive_425ef50f2275485e.pdf,53d0b360da23c3801e059e611dc9f85436478c85fc473f7c96db6d724d403607,reimbursement_atlas:au_pbs_archive_2010_10_01_425ef50f2275,Existing local cache retained; use --force to replace it.,pdf,2010-10-01-dental-book.pdf,au_pbs_archive_425ef50f2275485e,public_reuse_review,pending_human_review,au_pbs,https://www.pbs.gov.au/publication/schedule/2010/2010-10-01-dental-book.pdf?variant=3,au_pbs_archive_2010_10_01_425ef50f2275,cached,data/derived/processes/historical_source_transformation.bpmn
https://www.pbs.gov.au/info/publication/schedule/historical-archive,979033,data/raw_live/historical_sources/pbs_archive/au_pbs_archive_42b636dc1de09516.pdf,269712b8e98c6a5d16c8970b9279e920e3329f8f6c75115e1e92e5fe677274b0,reimbursement_atlas:au_pbs_archive_1983_10_01_42b636dc1de0,Existing local cache retained; use --force to replace it.,pdf,1983-10-01-RPBS-Schedule.pdf,au_pbs_archive_42b636dc1de09516,public_reuse_review,pending_human_review,au_pbs,https://www.pbs.gov.au/publication/schedule/1951-2002/1983-10-01-RPBS-Schedule.pdf?variant=3,au_pbs_archive_1983_10_01_42b636dc1de0,cached,data/derived/processes/historical_source_transformation.bpmn
https://www.pbs.gov.au/info/publication/schedule/2024,14783373,data/raw_live/historical_sources/pbs_archive/au_pbs_archive_42cffcf0f667f6d4.pdf,f77e2dbb3fa35938e4ccb4f49d83c1d7a80b3ae2b4e387d9261c776d71f21f68,reimbursement_atlas:au_pbs_archive_2024_11_01_42cffcf0f667,Existing local cache retained; use --force to replace it.,pdf,2024-11-01-general-schedule-volume-2.pdf,au_pbs_archive_42cffcf0f667f6d4,public_reuse_review,pending_human_review,au_pbs,https://www.pbs.gov.au/publication/schedule/2024/11/2024-11-01-general-schedule-volume-2.pdf?variant=3,au_pbs_archive_2024_11_01_42cffcf0f667,cached,data/derived/processes/historical_source_transformation.bpmn
https://www.pbs.gov.au/info/publication/schedule/2011,2706643,data/raw_live/historical_sources/pbs_archive/au_pbs_archive_42ffe803df78b294.pdf,f76ed4f16b221369878c348cb493df4f62298043f583f8e4493b68302d8bc04b,reimbursement_atlas:au_pbs_archive_2011_08_01_42ffe803df78,Existing local cache retained; use --force to replace it.,pdf,2011-08-01-dental-book.pdf,au_pbs_archive_42ffe803df78b294,public_reuse_review,pending_human_review,au_pbs,https://www.pbs.gov.au/publication/schedule/2011/08/2011-08-01-dental-book.pdf?variant=3,au_pbs_archive_2011_08_01_42ffe803df78,cached,data/derived/processes/historical_source_transformation.bpmn
https://www.pbs.gov.au/info/publication/schedule/2015,1047425,data/raw_live/historical_sources/pbs_archive/au_pbs_archive_430dad6466143209.pdf,8508467cdd52e316e5c17d8688ba3b296fda9932a24b721220acc946a1a6e15b,reimbursement_atlas:au_pbs_archive_2015_12_01_430dad646614,Existing local cache retained; use --force to replace it.,pdf,2015-12-01-efc-schedule.pdf,au_pbs_archive_430dad6466143209,public_reuse_review,pending_human_review,au_pbs,https://www.pbs.gov.au/publication/schedule/2015/12/2015-12-01-efc-schedule.pdf?variant=3,au_pbs_archive_2015_12_01_430dad646614,cached,data/derived/processes/historical_source_transformation.bpmn
https://www.pbs.gov.au/info/publication/schedule/2026,14962498,data/raw_live/historical_sources/pbs_archive/au_pbs_archive_430f67e16a8abe88.pdf,3da4344af94fdc392e89d41f3fd6d7f4d04bb67d0e6bcdc196726163851a627c,reimbursement_atlas:au_pbs_archive_2026_07_01_430f67e16a8a,Existing local cache retained; use --force to replace it.,pdf,2026-07-01-general-schedule-r1-Volume-2.pdf,au_pbs_archive_430f67e16a8abe88,public_reuse_review,pending_human_review,au_pbs,https://www.pbs.gov.au/publication/schedule/2026/07/2026-07-01-general-schedule-r1-Volume-2.pdf?variant=3,au_pbs_archive_2026_07_01_430f67e16a8a,cached,data/derived/processes/historical_source_transformation.bpmn
https://www.pbs.gov.au/info/publication/schedule/2019,2066753,data/raw_live/historical_sources/pbs_archive/au_pbs_archive_4311130982bdb8b9.pdf,ce62dbe081db2da1c5c66e5d42cc13fa6c1439da7181185e642bc596c973ab80,reimbursement_atlas:au_pbs_archive_2019_12_01_4311130982bd,Existing local cache retained; use --force to replace it.,pdf,2019-12-01-general-soc.pdf,au_pbs_archive_4311130982bdb8b9,public_reuse_review,pending_human_review,au_pbs,https://www.pbs.gov.au/publication/schedule/2019/12/2019-12-01-general-soc.pdf?variant=3,au_pbs_archive_2019_12_01_4311130982bd,cached,data/derived/processes/historical_source_transformation.bpmn
https://www.pbs.gov.au/info/publication/schedule/2017,20387346,data/raw_live/historical_sources/pbs_archive/au_pbs_archive_431d762ad39eabb9.pdf,970309025762b6ce6a51461a495113777579219d60567f290ce8c2a95bb6c2db,reimbursement_atlas:au_pbs_archive_2017_09_01_431d762ad39e,Existing local cache retained; use --force to replace it.,pdf,2017-09-01-general-schedule.pdf,au_pbs_archive_431d762ad39eabb9,public_reuse_review,pending_human_review,au_pbs,https://www.pbs.gov.au/publication/schedule/2017/09/2017-09-01-general-schedule.pdf?variant=3,au_pbs_archive_2017_09_01_431d762ad39e,cached,data/derived/processes/historical_source_transformation.bpmn
https://www.pbs.gov.au/info/publication/schedule/2025,2962268,data/raw_live/historical_sources/pbs_archive/au_pbs_archive_438327eeafb89af0.pdf,5288c1b24ab4441ab2a3e93a8a91750c4f4f94103ed960e0d2f9390c9486d2be,reimbursement_atlas:au_pbs_archive_2025_04_01_438327eeafb8,Existing local cache retained; use --force to replace it.,pdf,2025-04-01-efc-schedule.pdf,au_pbs_archive_438327eeafb89af0,public_reuse_review,pending_human_review,au_pbs,https://www.pbs.gov.au/publication/schedule/2025/04/2025-04-01-efc-schedule.pdf?variant=3,au_pbs_archive_2025_04_01_438327eeafb8,cached,data/derived/processes/historical_source_transformation.bpmn
https://www.pbs.gov.au/info/publication/schedule/2026,14963290,data/raw_live/historical_sources/pbs_archive/au_pbs_archive_43b25c31b045b577.pdf,106a3e3d9a2f2757a0be6aea0bed64408a4505b3540af172b18f663c69a89a2d,reimbursement_atlas:au_pbs_archive_2026_04_01_43b25c31b045,Existing local cache retained; use --force to replace it.,pdf,2026-04-01-general-schedule-Volume-2.pdf,au_pbs_archive_43b25c31b045b577,public_reuse_review,pending_human_review,au_pbs,https://www.pbs.gov.au/publication/schedule/2026/04/2026-04-01-general-schedule-Volume-2.pdf?variant=3,au_pbs_archive_2026_04_01_43b25c31b045,cached,data/derived/processes/historical_source_transformation.bpmn
https://www.pbs.gov.au/info/publication/schedule/2019,2343333,data/raw_live/historical_sources/pbs_archive/au_pbs_archive_43f120c1cdc00d36.pdf,273d1edc1d6959b6065b0601d0f91a130c98c656277955b0da76dae61181353a,reimbursement_atlas:au_pbs_archive_2019_05_01_43f120c1cdc0,Existing local cache retained; use --force to replace it.,pdf,2019-05-01-general-soc.pdf,au_pbs_archive_43f120c1cdc00d36,public_reuse_review,pending_human_review,au_pbs,https://www.pbs.gov.au/publication/schedule/2019/05/2019-05-01-general-soc.pdf?variant=3,au_pbs_archive_2019_05_01_43f120c1cdc0,cached,data/derived/processes/historical_source_transformation.bpmn
https://www.pbs.gov.au/info/publication/schedule/2013,7036204,data/raw_live/historical_sources/pbs_archive/au_pbs_archive_4401e6666ed6ef6c.pdf,6cf5ad92b1d721ee5cae7b8b4188fe751a09ef4ffa37ed6bbd77c1917278dcc4,reimbursement_atlas:au_pbs_archive_2013_05_01_4401e6666ed6,Existing local cache retained; use --force to replace it.,pdf,2013-05-01-general-schedule.pdf,au_pbs_archive_4401e6666ed6ef6c,public_reuse_review,pending_human_review,au_pbs,https://www.pbs.gov.au/publication/schedule/2013/05/2013-05-01-general-schedule.pdf?variant=3,au_pbs_archive_2013_05_01_4401e6666ed6,cached,data/derived/processes/historical_source_transformation.bpmn
https://www.pbs.gov.au/info/publication/schedule/2008,7369414,data/raw_live/historical_sources/pbs_archive/au_pbs_archive_4443e52ade19544b.pdf,85fb993cb499e8b1b02a7d65c046e0d116658e79058b15cdadb65fe2d3d3a0e4,reimbursement_atlas:au_pbs_archive_2008_09_01_4443e52ade19,Existing local cache retained; use --force to replace it.,pdf,2008-09-01-general-schedule.pdf,au_pbs_archive_4443e52ade19544b,public_reuse_review,pending_human_review,au_pbs,https://www.pbs.gov.au/publication/schedule/2008/2008-09-01-general-schedule.pdf?variant=3,au_pbs_archive_2008_09_01_4443e52ade19,cached,data/derived/processes/historical_source_transformation.bpmn
https://www.pbs.gov.au/info/publication/schedule/2017,19706011,data/raw_live/historical_sources/pbs_archive/au_pbs_archive_449fa3e7de7daaea.pdf,a300f9948474e0247a82736c74b54f630378e4ac28c647c555651ab50d38ec4a,reimbursement_atlas:au_pbs_archive_2017_04_01_449fa3e7de7d,Existing local cache retained; use --force to replace it.,pdf,2017-04-01-general-schedule.pdf,au_pbs_archive_449fa3e7de7daaea,public_reuse_review,pending_human_review,au_pbs,https://www.pbs.gov.au/publication/schedule/2017/04/2017-04-01-general-schedule.pdf?variant=3,au_pbs_archive_2017_04_01_449fa3e7de7d,cached,data/derived/processes/historical_source_transformation.bpmn
https://www.pbs.gov.au/info/publication/schedule/2010,364950,data/raw_live/historical_sources/pbs_archive/au_pbs_archive_4505d89332b2fb5e.pdf,29e08219f1c3d31307471332762ec30eb6b6c48cb6eaf00bddd65474ff45dfc4,reimbursement_atlas:au_pbs_archive_2010_03_01_4505d89332b2,Existing local cache retained; use --force to replace it.,pdf,2010-03-01-dental-book.pdf,au_pbs_archive_4505d89332b2fb5e,public_reuse_review,pending_human_review,au_pbs,https://www.pbs.gov.au/publication/schedule/2010/2010-03-01-dental-book.pdf?variant=3,au_pbs_archive_2010_03_01_4505d89332b2,cached,data/derived/processes/historical_source_transformation.bpmn
https://www.pbs.gov.au/info/publication/schedule/2010,787079,data/raw_live/historical_sources/pbs_archive/au_pbs_archive_454a453e80c89b85.pdf,3a8b857aad226e5fce84a43125f80745221ea7b43b78072501459cd32a9be264,reimbursement_atlas:au_pbs_archive_2010_09_01_454a453e80c8,Existing local cache retained; use --force to replace it.,pdf,2010-09-01-dental-book.pdf,au_pbs_archive_454a453e80c89b85,public_reuse_review,pending_human_review,au_pbs,https://www.pbs.gov.au/publication/schedule/2010/2010-09-01-dental-book.pdf?variant=3,au_pbs_archive_2010_09_01_454a453e80c8,cached,data/derived/processes/historical_source_transformation.bpmn
https://www.pbs.gov.au/info/publication/schedule/2021,1686659,data/raw_live/historical_sources/pbs_archive/au_pbs_archive_454aca34a8231746.pdf,de7418090f27f245cd82b98ac6936d9578b4fbb32c7b0c2c742ecc380787a053,reimbursement_atlas:au_pbs_archive_2021_04_01_454aca34a823,Existing local cache retained; use --force to replace it.,pdf,2021-04-01-efc-schedule.pdf,au_pbs_archive_454aca34a8231746,public_reuse_review,pending_human_review,au_pbs,https://www.pbs.gov.au/publication/schedule/2021/04/2021-04-01-efc-schedule.pdf?variant=3,au_pbs_archive_2021_04_01_454aca34a823,cached,data/derived/processes/historical_source_transformation.bpmn
https://www.pbs.gov.au/info/publication/schedule/2018,295287,data/raw_live/historical_sources/pbs_archive/au_pbs_archive_455369b6aeae32a8.pdf,bc5659c6e45a034908862bcdf68bd66aa660c4929d8a2fe85c98ecec3c83f32b,reimbursement_atlas:au_pbs_archive_2018_01_01_455369b6aeae,Existing local cache retained; use --force to replace it.,pdf,2018-01-01-general-soc.pdf,au_pbs_archive_455369b6aeae32a8,public_reuse_review,pending_human_review,au_pbs,https://www.pbs.gov.au/publication/schedule/2018/01/2018-01-01-general-soc.pdf?variant=3,au_pbs_archive_2018_01_01_455369b6aeae,cached,data/derived/processes/historical_source_transformation.bpmn
https://www.pbs.gov.au/info/publication/schedule/2019,2222041,data/raw_live/historical_sources/pbs_archive/au_pbs_archive_457a681970ce1dbc.pdf,65d13361d5f4baf965f42d070dcdf55e275954392a283dea1614b88866d8eb6a,reimbursement_atlas:au_pbs_archive_2019_10_01_457a681970ce,Existing local cache retained; use --force to replace it.,pdf,2019-10-01-general-soc.pdf,au_pbs_archive_457a681970ce1dbc,public_reuse_review,pending_human_review,au_pbs,https://www.pbs.gov.au/publication/schedule/2019/10/2019-10-01-general-soc.pdf?variant=3,au_pbs_archive_2019_10_01_457a681970ce,cached,data/derived/processes/historical_source_transformation.bpmn
https://www.pbs.gov.au/info/publication/schedule/2017,55845691,data/raw_live/historical_sources/pbs_archive/au_pbs_archive_461967783e420837.pdf,8a8068cd96db57b31da8a3e68a40e6d9fa5b52bd1dd5fdc7305760c48edd9b4c,reimbursement_atlas:au_pbs_archive_2017_08_01_461967783e42,Existing local cache retained; use --force to replace it.,pdf,2017-08-01-general-schedule.pdf,au_pbs_archive_461967783e420837,public_reuse_review,pending_human_review,au_pbs,https://www.pbs.gov.au/publication/schedule/2017/08/2017-08-01-general-schedule.pdf?variant=3,au_pbs_archive_2017_08_01_461967783e42,cached,data/derived/processes/historical_source_transformation.bpmn
https://www.pbs.gov.au/info/publication/schedule/2014,282975,data/raw_live/historical_sources/pbs_archive/au_pbs_archive_462af6258961a9c5.pdf,45510f54cd182b632c12aeaa9b4095d6f1271b657a029513b6cac49258a43bfa,reimbursement_atlas:au_pbs_archive_2014_06_01_462af6258961,Existing local cache retained; use --force to replace it.,pdf,2014-06-01-general-schedule-soc.pdf,au_pbs_archive_462af6258961a9c5,public_reuse_review,pending_human_review,au_pbs,https://www.pbs.gov.au/publication/schedule/2014/06/2014-06-01-general-schedule-soc.pdf?variant=3,au_pbs_archive_2014_06_01_462af6258961,cached,data/derived/processes/historical_source_transformation.bpmn
https://www.pbs.gov.au/info/publication/schedule/2026,24381122,data/raw_live/historical_sources/pbs_archive/au_pbs_archive_464689880fdf60a8.pdf,8b61d3978c5905528d6c07f5c324ceba82f3b3ab878a45deb12665eba670eb84,reimbursement_atlas:au_pbs_archive_2026_01_01_464689880fdf,Existing local cache retained; use --force to replace it.,pdf,2026-01-01-general-schedule-volume-1.pdf,au_pbs_archive_464689880fdf60a8,public_reuse_review,pending_human_review,au_pbs,https://www.pbs.gov.au/publication/schedule/2026/01/2026-01-01-general-schedule-volume-1.pdf?variant=3,au_pbs_archive_2026_01_01_464689880fdf,cached,data/derived/processes/historical_source_transformation.bpmn
https://www.pbs.gov.au/info/publication/schedule/2024,6172611,data/raw_live/historical_sources/pbs_archive/au_pbs_archive_464ffc1f14e1e425.pdf,371c015ebbc850500a8dea48453b0b3f0576ee59afe063ba97d62ee78ab192d6,reimbursement_atlas:au_pbs_archive_2024_12_01_464ffc1f14e1,Existing local cache retained; use --force to replace it.,pdf,2024-12-01-general-schedule-volume-2.pdf,au_pbs_archive_464ffc1f14e1e425,public_reuse_review,pending_human_review,au_pbs,https://www.pbs.gov.au/publication/schedule/2024/12/2024-12-01-general-schedule-volume-2.pdf?variant=3,au_pbs_archive_2024_12_01_464ffc1f14e1,cached,data/derived/processes/historical_source_transformation.bpmn
https://www.pbs.gov.au/info/publication/schedule/2023,20126285,data/raw_live/historical_sources/pbs_archive/au_pbs_archive_465ab2e9ca10ea3b.pdf,f6b95310730da4aee37df6019f443b8ffe6e291a13d049a12716a580fb65dff6,reimbursement_atlas:au_pbs_archive_2023_11_01_465ab2e9ca10,Existing local cache retained; use --force to replace it.,pdf,2023-11-01-general-schedule-volume-1.pdf,au_pbs_archive_465ab2e9ca10ea3b,public_reuse_review,pending_human_review,au_pbs,https://www.pbs.gov.au/publication/schedule/2023/11/2023-11-01-general-schedule-volume-1.pdf?variant=3,au_pbs_archive_2023_11_01_465ab2e9ca10,cached,data/derived/processes/historical_source_transformation.bpmn
https://www.pbs.gov.au/info/publication/schedule/2023,12616418,data/raw_live/historical_sources/pbs_archive/au_pbs_archive_4670dad089b4b166.pdf,d2013191d7aa5afd42a94097b5edc33204bbd533e4da2728ecbaefadc8bd9983,reimbursement_atlas:au_pbs_archive_2023_10_01_4670dad089b4,Existing local cache retained; use --force to replace it.,pdf,2023-10-01-general-schedule-volume-2.pdf,au_pbs_archive_4670dad089b4b166,public_reuse_review,pending_human_review,au_pbs,https://www.pbs.gov.au/publication/schedule/2023/10/2023-10-01-general-schedule-volume-2.pdf?variant=3,au_pbs_archive_2023_10_01_4670dad089b4,cached,data/derived/processes/historical_source_transformation.bpmn
https://www.pbs.gov.au/info/publication/schedule/2007,75943,data/raw_live/historical_sources/pbs_archive/au_pbs_archive_4701605705c1c536.pdf,3939e1614ddf3ecbe363f15bc95c2193cee577e1973b57ea3df0f89abd63e1bf,reimbursement_atlas:au_pbs_archive_2007_08_01_4701605705c1,Existing local cache retained; use --force to replace it.,pdf,2007-08-01-dental-book-soc.pdf,au_pbs_archive_4701605705c1c536,public_reuse_review,pending_human_review,au_pbs,https://www.pbs.gov.au/publication/schedule/2007/2007-08-01-dental-book-soc.pdf?variant=3,au_pbs_archive_2007_08_01_4701605705c1,cached,data/derived/processes/historical_source_transformation.bpmn
https://www.pbs.gov.au/info/publication/schedule/historical-archive,16575635,data/raw_live/historical_sources/pbs_archive/au_pbs_archive_4710dee53332d5c2.pdf,d92113534be7cba0aedffca4af5df9dd1600a6c4fd73685f0fd96548cd84b23e,reimbursement_atlas:au_pbs_archive_1971_12_01_4710dee53332,Existing local cache retained; use --force to replace it.,pdf,1971-12-01-consolidated-schedules.pdf,au_pbs_archive_4710dee53332d5c2,public_reuse_review,pending_human_review,au_pbs,https://www.pbs.gov.au/publication/schedule/1951-2002/1971-12-01-consolidated-schedules.pdf?variant=3,au_pbs_archive_1971_12_01_4710dee53332,cached,data/derived/processes/historical_source_transformation.bpmn
https://www.pbs.gov.au/info/publication/schedule/2016,17704122,data/raw_live/historical_sources/pbs_archive/au_pbs_archive_476f923dee12b986.pdf,f0cfdacb9caaf25de5bef4b2ed4c0dce6f0fee86c717d567ba737f2ce0d56a22,reimbursement_atlas:au_pbs_archive_2016_01_01_476f923dee12,Existing local cache retained; use --force to replace it.,pdf,2016-01-01-general-schedule.pdf,au_pbs_archive_476f923dee12b986,public_reuse_review,pending_human_review,au_pbs,https://www.pbs.gov.au/publication/schedule/2016/01/2016-01-01-general-schedule.pdf?variant=3,au_pbs_archive_2016_01_01_476f923dee12,cached,data/derived/processes/historical_source_transformation.bpmn
https://www.pbs.gov.au/info/publication/schedule/2012,266212,data/raw_live/historical_sources/pbs_archive/au_pbs_archive_476fd169c5ab96e4.pdf,d3bea5e9bb05a2265970a52f5ff8be6ff87ce6bf89b5f2b86e3d1191752a71d0,reimbursement_atlas:au_pbs_archive_2012_10_01_476fd169c5ab,Existing local cache retained; use --force to replace it.,pdf,2012-10-01-general-schedule-errata.pdf,au_pbs_archive_476fd169c5ab96e4,public_reuse_review,pending_human_review,au_pbs,https://www.pbs.gov.au/publication/schedule/2012/10/2012-10-01-general-schedule-errata.pdf?variant=3,au_pbs_archive_2012_10_01_476fd169c5ab,cached,data/derived/processes/historical_source_transformation.bpmn
https://www.pbs.gov.au/info/publication/schedule/2017,3783630,data/raw_live/historical_sources/pbs_archive/au_pbs_archive_477251cda1a20125.pdf,24778976d3acdf64aec36557a3c417dff5ed8beefa3e0fa997359ad28811885e,reimbursement_atlas:au_pbs_archive_2017_07_01_477251cda1a2,Existing local cache retained; use --force to replace it.,pdf,2017-07-01-efc-schedule.pdf,au_pbs_archive_477251cda1a20125,public_reuse_review,pending_human_review,au_pbs,https://www.pbs.gov.au/publication/schedule/2017/07/2017-07-01-efc-schedule.pdf?variant=3,au_pbs_archive_2017_07_01_477251cda1a2,cached,data/derived/processes/historical_source_transformation.bpmn
https://www.pbs.gov.au/info/publication/schedule/historical-archive,6768587,data/raw_live/historical_sources/pbs_archive/au_pbs_archive_4855e1f6ade09408.pdf,c5ff78e72b2a24e01c21fecd90de79454acaaa410e39dff74c2ae2aa05bfd7ab,reimbursement_atlas:au_pbs_archive_1972_12_01_4855e1f6ade0,Existing local cache retained; use --force to replace it.,pdf,1972-12-01-PBS-Schedule-Medical-Practitioners.pdf,au_pbs_archive_4855e1f6ade09408,public_reuse_review,pending_human_review,au_pbs,https://www.pbs.gov.au/publication/schedule/1951-2002/1972-12-01-PBS-Schedule-Medical-Practitioners.pdf?variant=3,au_pbs_archive_1972_12_01_4855e1f6ade0,cached,data/derived/processes/historical_source_transformation.bpmn
https://www.pbs.gov.au/info/publication/schedule/2024,2270360,data/raw_live/historical_sources/pbs_archive/au_pbs_archive_487a2de5d341f698.pdf,56cd14ed8605bf387f18732f67501730b1c3bb0aaa64342ba495b57487b02968,reimbursement_atlas:au_pbs_archive_2024_01_01_487a2de5d341,Existing local cache retained; use --force to replace it.,pdf,2024-01-01-general-soc.pdf,au_pbs_archive_487a2de5d341f698,public_reuse_review,pending_human_review,au_pbs,https://www.pbs.gov.au/publication/schedule/2024/01/2024-01-01-general-soc.pdf?variant=3,au_pbs_archive_2024_01_01_487a2de5d341,cached,data/derived/processes/historical_source_transformation.bpmn
https://www.pbs.gov.au/info/publication/schedule/2024,2039656,data/raw_live/historical_sources/pbs_archive/au_pbs_archive_487e8e8a5aec1956.pdf,ad51e0fc7e85609bbe1c611aa3f19757e947ff1406ba15e063a7aa66e33e8318,reimbursement_atlas:au_pbs_archive_2024_03_01_487e8e8a5aec,Existing local cache retained; use --force to replace it.,pdf,2024-03-01-efc-schedule.pdf,au_pbs_archive_487e8e8a5aec1956,public_reuse_review,pending_human_review,au_pbs,https://www.pbs.gov.au/publication/schedule/2024/03/2024-03-01-efc-schedule.pdf?variant=3,au_pbs_archive_2024_03_01_487e8e8a5aec,cached,data/derived/processes/historical_source_transformation.bpmn
https://www.pbs.gov.au/info/publication/schedule/2009,50469,data/raw_live/historical_sources/pbs_archive/au_pbs_archive_4910460af76f5b1a.pdf,d5e0b6e88b9c9d622e0540c94922f1e5e4b5bc22688f2e21b8d7982df652d4fc,reimbursement_atlas:au_pbs_archive_2009_07_01_4910460af76f,Existing local cache retained; use --force to replace it.,pdf,2009-07-01-dental-book-soc.pdf,au_pbs_archive_4910460af76f5b1a,public_reuse_review,pending_human_review,au_pbs,https://www.pbs.gov.au/publication/schedule/2009/2009-07-01-dental-book-soc.pdf?variant=3,au_pbs_archive_2009_07_01_4910460af76f,cached,data/derived/processes/historical_source_transformation.bpmn
https://www.pbs.gov.au/info/publication/schedule/2024,322749,data/raw_live/historical_sources/pbs_archive/au_pbs_archive_493ff01c0d328d73.pdf,52970e6b2b86ff79864eaf44f37ef2f378cd9f3314828357b6b87d465862c6d8,reimbursement_atlas:au_pbs_archive_2024_09_01_493ff01c0d32,Existing local cache retained; use --force to replace it.,pdf,Errata-for-2024-09-01-Migalastat-and-Price-Amoxicillin-with-clavulanic-acid.pdf,au_pbs_archive_493ff01c0d328d73,public_reuse_review,pending_human_review,au_pbs,https://www.pbs.gov.au/publication/schedule/2024/09/Errata-for-2024-09-01-Migalastat-and-Price-Amoxicillin-with-clavulanic-acid.pdf?variant=3,au_pbs_archive_2024_09_01_493ff01c0d32,cached,data/derived/processes/historical_source_transformation.bpmn
https://www.pbs.gov.au/info/publication/schedule/2022,12994844,data/raw_live/historical_sources/pbs_archive/au_pbs_archive_49643f6d05d8b38e.pdf,f082895f24f98b9c868b049ebfdad2c41ab2ae4254e3b8e13b8e84c99038933c,reimbursement_atlas:au_pbs_archive_2022_06_01_49643f6d05d8,Existing local cache retained; use --force to replace it.,pdf,2022-06-01-general-schedule-volume-2.pdf,au_pbs_archive_49643f6d05d8b38e,public_reuse_review,pending_human_review,au_pbs,https://www.pbs.gov.au/publication/schedule/2022/06/2022-06-01-general-schedule-volume-2.pdf?variant=3,au_pbs_archive_2022_06_01_49643f6d05d8,cached,data/derived/processes/historical_source_transformation.bpmn
https://www.pbs.gov.au/info/publication/schedule/2025,15181164,data/raw_live/historical_sources/pbs_archive/au_pbs_archive_497d9cd61ede919b.pdf,2195b2fc10f5bec5548f91db379c935801ee568f63192a186c917d6eb46ef41d,reimbursement_atlas:au_pbs_archive_2025_08_01_497d9cd61ede,Existing local cache retained; use --force to replace it.,pdf,2025-08-01-general-schedule-volume-2.pdf,au_pbs_archive_497d9cd61ede919b,public_reuse_review,pending_human_review,au_pbs,https://www.pbs.gov.au/publication/schedule/2025/08/2025-08-01-general-schedule-volume-2.pdf?variant=3,au_pbs_archive_2025_08_01_497d9cd61ede,cached,data/derived/processes/historical_source_transformation.bpmn
https://www.pbs.gov.au/info/publication/schedule/2009,435170,data/raw_live/historical_sources/pbs_archive/au_pbs_archive_499252ab77e1cf92.pdf,fc6912eeb1427faaeb8e0df8ec077d9005facf708d524295bd558a64437ebf72,reimbursement_atlas:au_pbs_archive_2009_03_01_499252ab77e1,Existing local cache retained; use --force to replace it.,pdf,2009-03-01-dental-book.pdf,au_pbs_archive_499252ab77e1cf92,public_reuse_review,pending_human_review,au_pbs,https://www.pbs.gov.au/publication/schedule/2009/2009-03-01-dental-book.pdf?variant=3,au_pbs_archive_2009_03_01_499252ab77e1,cached,data/derived/processes/historical_source_transformation.bpmn
https://www.pbs.gov.au/info/publication/schedule/2014,1490227,data/raw_live/historical_sources/pbs_archive/au_pbs_archive_49e52c592dd15d00.pdf,a4c894e9d7ab8b963478224df86bd7a853a66ef24ef8057bee3a968119665d71,reimbursement_atlas:au_pbs_archive_2014_12_01_49e52c592dd1,Existing local cache retained; use --force to replace it.,pdf,2014-12-01-general-schedule-soc.pdf,au_pbs_archive_49e52c592dd15d00,public_reuse_review,pending_human_review,au_pbs,https://www.pbs.gov.au/publication/schedule/2014/12/2014-12-01-general-schedule-soc.pdf?variant=3,au_pbs_archive_2014_12_01_49e52c592dd1,cached,data/derived/processes/historical_source_transformation.bpmn
https://www.pbs.gov.au/info/publication/schedule/2019,513018,data/raw_live/historical_sources/pbs_archive/au_pbs_archive_4a5981ef191ae3f1.pdf,f90bb08513aa1357ee3fee0af124da200434ae905f635303295d23e76b7b062e,reimbursement_atlas:au_pbs_archive_2019_07_01_4a5981ef191a,Existing local cache retained; use --force to replace it.,pdf,2019-07-01-erratum.pdf,au_pbs_archive_4a5981ef191ae3f1,public_reuse_review,pending_human_review,au_pbs,https://www.pbs.gov.au/publication/schedule/2019/07/2019-07-01-erratum.pdf?variant=3,au_pbs_archive_2019_07_01_4a5981ef191a,cached,data/derived/processes/historical_source_transformation.bpmn
https://www.pbs.gov.au/info/publication/schedule/2010,7807,data/raw_live/historical_sources/pbs_archive/au_pbs_archive_4ae618e1553a4876.pdf,005f3d78d66cb3cd1deb18c324d3de730371565983205641b3fe47e07a337a5d,reimbursement_atlas:au_pbs_archive_2010_10_01_4ae618e1553a,Existing local cache retained; use --force to replace it.,pdf,2010-10-01-dental-book-SOC.pdf,au_pbs_archive_4ae618e1553a4876,public_reuse_review,pending_human_review,au_pbs,https://www.pbs.gov.au/publication/schedule/2010/2010-10-01-dental-book-SOC.pdf?variant=3,au_pbs_archive_2010_10_01_4ae618e1553a,cached,data/derived/processes/historical_source_transformation.bpmn
https://www.pbs.gov.au/info/publication/schedule/2025,9872468,data/raw_live/historical_sources/pbs_archive/au_pbs_archive_4b0117d0bd4fe7b5.pdf,841d9b961929826bc7083f660cce3d2415d06ea6de4cdac28ecfb4c7f390e4c0,reimbursement_atlas:au_pbs_archive_2025_02_01_4b0117d0bd4f,Existing local cache retained; use --force to replace it.,pdf,2025-02-01-general-schedule-volume-1.pdf,au_pbs_archive_4b0117d0bd4fe7b5,public_reuse_review,pending_human_review,au_pbs,https://www.pbs.gov.au/publication/schedule/2025/02/2025-02-01-general-schedule-volume-1.pdf?variant=3,au_pbs_archive_2025_02_01_4b0117d0bd4f,cached,data/derived/processes/historical_source_transformation.bpmn
https://www.pbs.gov.au/info/publication/schedule/2023,2408124,data/raw_live/historical_sources/pbs_archive/au_pbs_archive_4b31e3ebf53038fb.pdf,ba39ae8760aea4e937d5311b537d71334505b2eac4e8cbb3163cd5b7b73418bf,reimbursement_atlas:au_pbs_archive_2023_06_01_4b31e3ebf530,Existing local cache retained; use --force to replace it.,pdf,2023-06-01-efc-schedule.pdf,au_pbs_archive_4b31e3ebf53038fb,public_reuse_review,pending_human_review,au_pbs,https://www.pbs.gov.au/publication/schedule/2023/06/2023-06-01-efc-schedule.pdf?variant=3,au_pbs_archive_2023_06_01_4b31e3ebf530,cached,data/derived/processes/historical_source_transformation.bpmn
https://www.pbs.gov.au/info/publication/schedule/2016,1273388,data/raw_live/historical_sources/pbs_archive/au_pbs_archive_4b7b001bec66a990.pdf,bb878f720196262c5f715a71f42564c77ce835affc49c530c8595bfdc965c386,reimbursement_atlas:au_pbs_archive_2016_09_01_4b7b001bec66,Existing local cache retained; use --force to replace it.,pdf,2016-09-01-general-soc.pdf,au_pbs_archive_4b7b001bec66a990,public_reuse_review,pending_human_review,au_pbs,https://www.pbs.gov.au/publication/schedule/2016/09/2016-09-01-general-soc.pdf?variant=3,au_pbs_archive_2016_09_01_4b7b001bec66,cached,data/derived/processes/historical_source_transformation.bpmn
https://www.pbs.gov.au/info/publication/schedule/2021,13375931,data/raw_live/historical_sources/pbs_archive/au_pbs_archive_4b7d23d5668ed721.pdf,db72cc9875afdb01c11cbda882d34fa94f970c9a76f0da882ba902ee3f468466,reimbursement_atlas:au_pbs_archive_2021_12_01_4b7d23d5668e,Existing local cache retained; use --force to replace it.,pdf,2021-12-01-general-schedule-volume-2.pdf,au_pbs_archive_4b7d23d5668ed721,public_reuse_review,pending_human_review,au_pbs,https://www.pbs.gov.au/publication/schedule/2021/12/2021-12-01-general-schedule-volume-2.pdf?variant=3,au_pbs_archive_2021_12_01_4b7d23d5668e,cached,data/derived/processes/historical_source_transformation.bpmn
https://www.pbs.gov.au/info/publication/schedule/2025,1450790,data/raw_live/historical_sources/pbs_archive/au_pbs_archive_4b8f48fef04ac0a2.pdf,4f95f7336cd5be5a8657e053233e554b74738bd77d09e2ae0da2d2e516dfb160,reimbursement_atlas:au_pbs_archive_2025_11_01_4b8f48fef04a,Existing local cache retained; use --force to replace it.,pdf,2025-11-01-general-soc.pdf,au_pbs_archive_4b8f48fef04ac0a2,public_reuse_review,pending_human_review,au_pbs,https://www.pbs.gov.au/publication/schedule/2025/11/2025-11-01-general-soc.pdf?variant=3,au_pbs_archive_2025_11_01_4b8f48fef04a,cached,data/derived/processes/historical_source_transformation.bpmn
https://www.pbs.gov.au/info/publication/schedule/2007,1653896,data/raw_live/historical_sources/pbs_archive/au_pbs_archive_4b921a6f4777252b.pdf,6e2c4956b90ef5f39aa26fd5882b6def3d48d3a5aa562f747b2680bfa536a547,reimbursement_atlas:au_pbs_archive_2007_05_01_4b921a6f4777,Existing local cache retained; use --force to replace it.,pdf,2007-05-01-general-schedule.pdf,au_pbs_archive_4b921a6f4777252b,public_reuse_review,pending_human_review,au_pbs,https://www.pbs.gov.au/publication/schedule/2007/2007-05-01-general-schedule.pdf?variant=3,au_pbs_archive_2007_05_01_4b921a6f4777,cached,data/derived/processes/historical_source_transformation.bpmn
https://www.pbs.gov.au/info/publication/schedule/2011,153953,data/raw_live/historical_sources/pbs_archive/au_pbs_archive_4ca3027ea6ab8c86.pdf,08827bcc6a46f1df89116ef4dc6225e9168948b47c11c28964866128ecaa2a1e,reimbursement_atlas:au_pbs_archive_2011_10_01_4ca3027ea6ab,Existing local cache retained; use --force to replace it.,pdf,2011-10-01-dental-book-SOC.pdf,au_pbs_archive_4ca3027ea6ab8c86,public_reuse_review,pending_human_review,au_pbs,https://www.pbs.gov.au/publication/schedule/2011/10/2011-10-01-dental-book-SOC.pdf?variant=3,au_pbs_archive_2011_10_01_4ca3027ea6ab,cached,data/derived/processes/historical_source_transformation.bpmn
https://www.pbs.gov.au/info/publication/schedule/2013,6644407,data/raw_live/historical_sources/pbs_archive/au_pbs_archive_4d0aa2fe7be0ab59.pdf,d7c4c6ca46106c4a35f2b11a543760862f3d8753b16b04ace82f231c2724b08b,reimbursement_atlas:au_pbs_archive_2013_01_01_4d0aa2fe7be0,Existing local cache retained; use --force to replace it.,pdf,2013-01-01-pbs-schedule.pdf,au_pbs_archive_4d0aa2fe7be0ab59,public_reuse_review,pending_human_review,au_pbs,https://www.pbs.gov.au/publication/schedule/2013/01/2013-01-01-pbs-schedule.pdf?variant=3,au_pbs_archive_2013_01_01_4d0aa2fe7be0,cached,data/derived/processes/historical_source_transformation.bpmn
https://www.pbs.gov.au/info/publication/schedule/2026,28111638,data/raw_live/historical_sources/pbs_archive/au_pbs_archive_4d695a11fcaab065.pdf,75848250ef070ed3cf1da7db1c1125dda817d92b0eea7810b62df8039c3a2686,reimbursement_atlas:au_pbs_archive_2026_03_01_4d695a11fcaa,Existing local cache retained; use --force to replace it.,pdf,2026-03-01-general-schedule-volume-1.pdf,au_pbs_archive_4d695a11fcaab065,public_reuse_review,pending_human_review,au_pbs,https://www.pbs.gov.au/publication/schedule/2026/03/2026-03-01-general-schedule-volume-1.pdf?variant=3,au_pbs_archive_2026_03_01_4d695a11fcaa,cached,data/derived/processes/historical_source_transformation.bpmn
https://www.pbs.gov.au/info/publication/schedule/2010,7595,data/raw_live/historical_sources/pbs_archive/au_pbs_archive_4daaee4e968c82e7.pdf,02e5f22eef63aa2766e1f45d9c780aa22cc499709fb00928de2ff286ea0e046e,reimbursement_atlas:au_pbs_archive_2010_07_01_4daaee4e968c,Existing local cache retained; use --force to replace it.,pdf,2010-07-01-dental-book-SOC.pdf,au_pbs_archive_4daaee4e968c82e7,public_reuse_review,pending_human_review,au_pbs,https://www.pbs.gov.au/publication/schedule/2010/2010-07-01-dental-book-SOC.pdf?variant=3,au_pbs_archive_2010_07_01_4daaee4e968c,cached,data/derived/processes/historical_source_transformation.bpmn
https://www.pbs.gov.au/info/publication/schedule/2008,3874112,data/raw_live/historical_sources/pbs_archive/au_pbs_archive_4dd9cc49db2cc6dd.pdf,f46d13d421d6c0b7e49f36ffae74cbd14a8e2f96b7cdc043d194a81843a7a76f,reimbursement_atlas:au_pbs_archive_2008_02_01_4dd9cc49db2c,Existing local cache retained; use --force to replace it.,pdf,2008-02-01-general-schedule.pdf,au_pbs_archive_4dd9cc49db2cc6dd,public_reuse_review,pending_human_review,au_pbs,https://www.pbs.gov.au/publication/schedule/2008/2008-02-01-general-schedule.pdf?variant=3,au_pbs_archive_2008_02_01_4dd9cc49db2c,cached,data/derived/processes/historical_source_transformation.bpmn
https://www.pbs.gov.au/info/publication/schedule/2026,307356,data/raw_live/historical_sources/pbs_archive/au_pbs_archive_4e0d9a86cc652e1a.pdf,f73902ae7f75d07e25be40b8117a6ae05f832f4b76e748f9437de32d9ca345ba,reimbursement_atlas:au_pbs_archive_2026_07_01_4e0d9a86cc65,Existing local cache retained; use --force to replace it.,pdf,2026-07-01-erratum.pdf,au_pbs_archive_4e0d9a86cc652e1a,public_reuse_review,pending_human_review,au_pbs,https://www.pbs.gov.au/publication/schedule/2026/07/2026-07-01-erratum.pdf?variant=3,au_pbs_archive_2026_07_01_4e0d9a86cc65,cached,data/derived/processes/historical_source_transformation.bpmn
https://www.pbs.gov.au/info/publication/schedule/2011,5379708,data/raw_live/historical_sources/pbs_archive/au_pbs_archive_4e119c27682125ce.pdf,8ea69bb8245c68af9021209c23415c87897a9156d1ddc928c447cd8425c3ab10,reimbursement_atlas:au_pbs_archive_2011_03_01_4e119c276821,Existing local cache retained; use --force to replace it.,pdf,2011-03-01-general-schedule.pdf,au_pbs_archive_4e119c27682125ce,public_reuse_review,pending_human_review,au_pbs,https://www.pbs.gov.au/publication/schedule/2011/03/2011-03-01-general-schedule.pdf?variant=3,au_pbs_archive_2011_03_01_4e119c276821,cached,data/derived/processes/historical_source_transformation.bpmn
https://www.pbs.gov.au/info/publication/schedule/2018,604447,data/raw_live/historical_sources/pbs_archive/au_pbs_archive_4e1c68021b1942f8.pdf,831aed18140adc1889db80b16605f7bb18dc3f9f1510accd73aec5f4a7d44301,reimbursement_atlas:au_pbs_archive_2018_07_01_4e1c68021b19,Existing local cache retained; use --force to replace it.,pdf,2018-07-01-errata.pdf,au_pbs_archive_4e1c68021b1942f8,public_reuse_review,pending_human_review,au_pbs,https://www.pbs.gov.au/publication/schedule/2018/07/2018-07-01-errata.pdf?variant=3,au_pbs_archive_2018_07_01_4e1c68021b19,cached,data/derived/processes/historical_source_transformation.bpmn
https://www.pbs.gov.au/info/publication/schedule/2012,126600,data/raw_live/historical_sources/pbs_archive/au_pbs_archive_4e339db33d409440.pdf,41b460f51ba6c054ff18fcb37414c30f9125a776275c6a22197c0f8e8cf9620c,reimbursement_atlas:au_pbs_archive_2012_04_01_4e339db33d40,Existing local cache retained; use --force to replace it.,pdf,2012-04-01-dental-book-SOC.pdf,au_pbs_archive_4e339db33d409440,public_reuse_review,pending_human_review,au_pbs,https://www.pbs.gov.au/publication/schedule/2012/04/2012-04-01-dental-book-SOC.pdf?variant=3,au_pbs_archive_2012_04_01_4e339db33d40,cached,data/derived/processes/historical_source_transformation.bpmn
https://www.pbs.gov.au/info/publication/schedule/historical-archive,25561493,data/raw_live/historical_sources/pbs_archive/au_pbs_archive_4e6c78401d64d14e.pdf,2977f8ffd1c984673ec013752f402b03d7f471133b2590ccf51db1cb5b1ee6cb,reimbursement_atlas:au_pbs_archive_2002_11_01_4e6c78401d64,Existing local cache retained; use --force to replace it.,pdf,2002-11-01-PBS-Schedule.pdf,au_pbs_archive_4e6c78401d64d14e,public_reuse_review,pending_human_review,au_pbs,https://www.pbs.gov.au/publication/schedule/1951-2002/2002-11-01-PBS-Schedule.pdf?variant=3,au_pbs_archive_2002_11_01_4e6c78401d64,cached,data/derived/processes/historical_source_transformation.bpmn
https://www.pbs.gov.au/info/publication/schedule/2008,81623,data/raw_live/historical_sources/pbs_archive/au_pbs_archive_4ea6885ef6a40fc1.pdf,1ca463119fa5a675e8ef159a87b150713c0b41cbf1af1d219d9d90fb98056f76,reimbursement_atlas:au_pbs_archive_2008_01_01_4ea6885ef6a4,Existing local cache retained; use --force to replace it.,pdf,2008-01-01-general-schedule-soc.pdf,au_pbs_archive_4ea6885ef6a40fc1,public_reuse_review,pending_human_review,au_pbs,https://www.pbs.gov.au/publication/schedule/2008/2008-01-01-general-schedule-soc.pdf?variant=3,au_pbs_archive_2008_01_01_4ea6885ef6a4,cached,data/derived/processes/historical_source_transformation.bpmn
https://www.pbs.gov.au/info/publication/schedule/2013,374467,data/raw_live/historical_sources/pbs_archive/au_pbs_archive_4ebc5d9536487309.pdf,30b6e72cc707e6082bf36ba2801c7c3490d8057c6f9806b875f6e7ebc2eb600d,reimbursement_atlas:au_pbs_archive_2013_05_01_4ebc5d953648,Existing local cache retained; use --force to replace it.,pdf,2013-05-01-efc-soc.pdf,au_pbs_archive_4ebc5d9536487309,public_reuse_review,pending_human_review,au_pbs,https://www.pbs.gov.au/publication/schedule/2013/05/2013-05-01-efc-soc.pdf?variant=3,au_pbs_archive_2013_05_01_4ebc5d953648,cached,data/derived/processes/historical_source_transformation.bpmn
https://www.pbs.gov.au/info/publication/schedule/2010,32708,data/raw_live/historical_sources/pbs_archive/au_pbs_archive_4ec78739492a3fd6.pdf,d0dd051e94f6ad7a0bc1a3bb058e148c718e9cd7489e15afd646d0ffcae0d8ef,reimbursement_atlas:au_pbs_archive_2010_11_01_4ec78739492a,Existing local cache retained; use --force to replace it.,pdf,2010-11-01-dental-book-SOC.pdf,au_pbs_archive_4ec78739492a3fd6,public_reuse_review,pending_human_review,au_pbs,https://www.pbs.gov.au/publication/schedule/2010/2010-11-01-dental-book-SOC.pdf?variant=3,au_pbs_archive_2010_11_01_4ec78739492a,cached,data/derived/processes/historical_source_transformation.bpmn
https://www.pbs.gov.au/info/publication/schedule/2008,51945,data/raw_live/historical_sources/pbs_archive/au_pbs_archive_4f1bd4628962d934.pdf,afe067a3ce01e6ee6d650625f877271f846cf3a997a933a8272a1c0627af9856,reimbursement_atlas:au_pbs_archive_2008_07_01_4f1bd4628962,Existing local cache retained; use --force to replace it.,pdf,2008-07-01-dental-book-soc.pdf,au_pbs_archive_4f1bd4628962d934,public_reuse_review,pending_human_review,au_pbs,https://www.pbs.gov.au/publication/schedule/2008/2008-07-01-dental-book-soc.pdf?variant=3,au_pbs_archive_2008_07_01_4f1bd4628962,cached,data/derived/processes/historical_source_transformation.bpmn
https://www.pbs.gov.au/info/publication/schedule/2020,750743,data/raw_live/historical_sources/pbs_archive/au_pbs_archive_4f5b425294120bd4.pdf,2396ee01562701f378919aa5d9ee186616e7a46248e0a0a3e385949635142917,reimbursement_atlas:au_pbs_archive_2020_02_01_4f5b42529412,Existing local cache retained; use --force to replace it.,pdf,2020-02-01-general-soc.pdf,au_pbs_archive_4f5b425294120bd4,public_reuse_review,pending_human_review,au_pbs,https://www.pbs.gov.au/publication/schedule/2020/02/2020-02-01-general-soc.pdf?variant=3,au_pbs_archive_2020_02_01_4f5b42529412,cached,data/derived/processes/historical_source_transformation.bpmn
https://www.pbs.gov.au/info/publication/schedule/2010,121362,data/raw_live/historical_sources/pbs_archive/au_pbs_archive_502be26b69967cd3.pdf,43ccb847afc7d1b6790976f5c7488c171fde454404281d37a913c54ff2656d20,reimbursement_atlas:au_pbs_archive_2010_12_01_502be26b6996,Existing local cache retained; use --force to replace it.,pdf,2010-12-01-general-schedule-SOC.pdf,au_pbs_archive_502be26b69967cd3,public_reuse_review,pending_human_review,au_pbs,https://www.pbs.gov.au/publication/schedule/2010/2010-12-01-general-schedule-SOC.pdf?variant=3,au_pbs_archive_2010_12_01_502be26b6996,cached,data/derived/processes/historical_source_transformation.bpmn
https://www.pbs.gov.au/info/publication/schedule/2016,18631043,data/raw_live/historical_sources/pbs_archive/au_pbs_archive_505dcbdbccc265c0.pdf,f37b91b0ff8229c1b4200d017a36f391bb537e86e87bc79ed2de8d6067efc7ad,reimbursement_atlas:au_pbs_archive_2016_09_01_505dcbdbccc2,Existing local cache retained; use --force to replace it.,pdf,2016-09-01-general-schedule.pdf,au_pbs_archive_505dcbdbccc265c0,public_reuse_review,pending_human_review,au_pbs,https://www.pbs.gov.au/publication/schedule/2016/09/2016-09-01-general-schedule.pdf?variant=3,au_pbs_archive_2016_09_01_505dcbdbccc2,cached,data/derived/processes/historical_source_transformation.bpmn
https://www.pbs.gov.au/info/publication/schedule/2010,128647,data/raw_live/historical_sources/pbs_archive/au_pbs_archive_508d94eee243c436.pdf,68dd340b80df0ee15de048be2d482d78258eb163b80ac4560ba03957736f173e,reimbursement_atlas:au_pbs_archive_2010_04_01_508d94eee243,Existing local cache retained; use --force to replace it.,pdf,2010-04-01-general-schedule-SOC.pdf,au_pbs_archive_508d94eee243c436,public_reuse_review,pending_human_review,au_pbs,https://www.pbs.gov.au/publication/schedule/2010/2010-04-01-general-schedule-SOC.pdf?variant=3,au_pbs_archive_2010_04_01_508d94eee243,cached,data/derived/processes/historical_source_transformation.bpmn
https://www.pbs.gov.au/info/publication/schedule/2017,1256409,data/raw_live/historical_sources/pbs_archive/au_pbs_archive_50985c1f9ffd8ea4.pdf,a639d6489a6c0974cbfd8e0ab0eac4dcfcbcb9ddc59ba46d3f6225d572495739,reimbursement_atlas:au_pbs_archive_2017_04_01_50985c1f9ffd,Existing local cache retained; use --force to replace it.,pdf,2017-04-01-efc-schedule.pdf,au_pbs_archive_50985c1f9ffd8ea4,public_reuse_review,pending_human_review,au_pbs,https://www.pbs.gov.au/publication/schedule/2017/04/2017-04-01-efc-schedule.pdf?variant=3,au_pbs_archive_2017_04_01_50985c1f9ffd,cached,data/derived/processes/historical_source_transformation.bpmn
https://www.pbs.gov.au/info/publication/schedule/2011,2985038,data/raw_live/historical_sources/pbs_archive/au_pbs_archive_50a05ba2f8bfe3c0.pdf,946548f1c51f5116ec2a72b8704a7885b7f54528fb479ed5075156c331b2ded8,reimbursement_atlas:au_pbs_archive_2011_01_01_50a05ba2f8bf,Existing local cache retained; use --force to replace it.,pdf,2011-01-01-dental-book.pdf,au_pbs_archive_50a05ba2f8bfe3c0,public_reuse_review,pending_human_review,au_pbs,https://www.pbs.gov.au/publication/schedule/2011/01/2011-01-01-dental-book.pdf?variant=3,au_pbs_archive_2011_01_01_50a05ba2f8bf,cached,data/derived/processes/historical_source_transformation.bpmn
https://www.pbs.gov.au/info/publication/schedule/historical-archive,12487244,data/raw_live/historical_sources/pbs_archive/au_pbs_archive_50bbd86abd087807.pdf,6f7ae86d0b1f9f22ee72c94d957b61ba383fb42219f5b7ce83a77ac2cb90ce11,reimbursement_atlas:au_pbs_archive_1982_12_01_50bbd86abd08,Existing local cache retained; use --force to replace it.,pdf,1982-12-01-consolidated-schedules.pdf,au_pbs_archive_50bbd86abd087807,public_reuse_review,pending_human_review,au_pbs,https://www.pbs.gov.au/publication/schedule/1951-2002/1982-12-01-consolidated-schedules.pdf?variant=3,au_pbs_archive_1982_12_01_50bbd86abd08,cached,data/derived/processes/historical_source_transformation.bpmn
https://www.pbs.gov.au/info/publication/schedule/2008,54530,data/raw_live/historical_sources/pbs_archive/au_pbs_archive_50e73898654d3f07.pdf,f9ad6116dff82b4a380dcfe7ac2bf3ce6660aa1f3e8626991fef3a3d394771a4,reimbursement_atlas:au_pbs_archive_2008_08_01_50e73898654d,Existing local cache retained; use --force to replace it.,pdf,2008-08-01-dental-book-soc.pdf,au_pbs_archive_50e73898654d3f07,public_reuse_review,pending_human_review,au_pbs,https://www.pbs.gov.au/publication/schedule/2008/2008-08-01-dental-book-soc.pdf?variant=3,au_pbs_archive_2008_08_01_50e73898654d,cached,data/derived/processes/historical_source_transformation.bpmn
https://www.pbs.gov.au/info/publication/schedule/2009,50323,data/raw_live/historical_sources/pbs_archive/au_pbs_archive_513a9ac2a494aaa7.pdf,ba5e5c7e47f197c225ee2033bdf07beca214927de7e0880f5a4a26efaafb117f,reimbursement_atlas:au_pbs_archive_2009_06_01_513a9ac2a494,Existing local cache retained; use --force to replace it.,pdf,2009-06-01-dental-book-soc.pdf,au_pbs_archive_513a9ac2a494aaa7,public_reuse_review,pending_human_review,au_pbs,https://www.pbs.gov.au/publication/schedule/2009/2009-06-01-dental-book-soc.pdf?variant=3,au_pbs_archive_2009_06_01_513a9ac2a494,cached,data/derived/processes/historical_source_transformation.bpmn
https://www.pbs.gov.au/info/publication/schedule/2013,792175,data/raw_live/historical_sources/pbs_archive/au_pbs_archive_51d2c97ee215e931.pdf,ac59db3774b2d47256d9f709aac53cef0c7fb157402c3a49363f8a48bf5a90aa,reimbursement_atlas:au_pbs_archive_2013_05_01_51d2c97ee215,Existing local cache retained; use --force to replace it.,pdf,2013-05-01-general-schedule-soc.pdf,au_pbs_archive_51d2c97ee215e931,public_reuse_review,pending_human_review,au_pbs,https://www.pbs.gov.au/publication/schedule/2013/05/2013-05-01-general-schedule-soc.pdf?variant=3,au_pbs_archive_2013_05_01_51d2c97ee215,cached,data/derived/processes/historical_source_transformation.bpmn
https://www.pbs.gov.au/info/publication/schedule/2008,4149428,data/raw_live/historical_sources/pbs_archive/au_pbs_archive_5204e4c22f609ca0.pdf,41291c0ac47be5739dfa4edf9c28be33a73560b6d8fa35b8ab892f03836987fa,reimbursement_atlas:au_pbs_archive_2008_08_01_5204e4c22f60,Existing local cache retained; use --force to replace it.,pdf,2008-08-01-general-schedule.pdf,au_pbs_archive_5204e4c22f609ca0,public_reuse_review,pending_human_review,au_pbs,https://www.pbs.gov.au/publication/schedule/2008/2008-08-01-general-schedule.pdf?variant=3,au_pbs_archive_2008_08_01_5204e4c22f60,cached,data/derived/processes/historical_source_transformation.bpmn
https://www.pbs.gov.au/info/publication/schedule/2012,7661941,data/raw_live/historical_sources/pbs_archive/au_pbs_archive_53019dc305c8dc0e.pdf,987f45c8946668a2a42ffb299b303476b35d26d49db4b923504cef7a7554e0db,reimbursement_atlas:au_pbs_archive_2012_09_01_53019dc305c8,Existing local cache retained; use --force to replace it.,pdf,2012-09-01-general-schedule.pdf,au_pbs_archive_53019dc305c8dc0e,public_reuse_review,pending_human_review,au_pbs,https://www.pbs.gov.au/publication/schedule/2012/09/2012-09-01-general-schedule.pdf?variant=3,au_pbs_archive_2012_09_01_53019dc305c8,cached,data/derived/processes/historical_source_transformation.bpmn
https://www.pbs.gov.au/info/publication/schedule/2012,2834879,data/raw_live/historical_sources/pbs_archive/au_pbs_archive_5336ea50b861129e.pdf,a92a025f2170fb715a42abd0736b158e303366a79916bde6863b87cd6ac00b9e,reimbursement_atlas:au_pbs_archive_2012_03_01_5336ea50b861,Existing local cache retained; use --force to replace it.,pdf,2012-03-01-dental-book.pdf,au_pbs_archive_5336ea50b861129e,public_reuse_review,pending_human_review,au_pbs,https://www.pbs.gov.au/publication/schedule/2012/03/2012-03-01-dental-book.pdf?variant=3,au_pbs_archive_2012_03_01_5336ea50b861,cached,data/derived/processes/historical_source_transformation.bpmn
https://www.pbs.gov.au/info/publication/schedule/2019,14828883,data/raw_live/historical_sources/pbs_archive/au_pbs_archive_53a8108c500debbd.pdf,c22b169eaa4f932a180d0adf45519457a1ef01b291b91bcf705e3e47bfbc3fea,reimbursement_atlas:au_pbs_archive_2019_09_01_53a8108c500d,Existing local cache retained; use --force to replace it.,pdf,2019-09-01-general-schedule-volume-1.pdf,au_pbs_archive_53a8108c500debbd,public_reuse_review,pending_human_review,au_pbs,https://www.pbs.gov.au/publication/schedule/2019/09/2019-09-01-general-schedule-volume-1.pdf?variant=3,au_pbs_archive_2019_09_01_53a8108c500d,cached,data/derived/processes/historical_source_transformation.bpmn
https://www.pbs.gov.au/info/publication/schedule/2025,1438206,data/raw_live/historical_sources/pbs_archive/au_pbs_archive_53c0aa0a76bda03b.pdf,11ef2a609a71e0beb92a078080de0f25ef5ac0392e8d4f19b07282d3e6492fc5,reimbursement_atlas:au_pbs_archive_2025_10_01_53c0aa0a76bd,Existing local cache retained; use --force to replace it.,pdf,2025-10-01-efc-schedule.pdf,au_pbs_archive_53c0aa0a76bda03b,public_reuse_review,pending_human_review,au_pbs,https://www.pbs.gov.au/publication/schedule/2025/10/2025-10-01-efc-schedule.pdf?variant=3,au_pbs_archive_2025_10_01_53c0aa0a76bd,cached,data/derived/processes/historical_source_transformation.bpmn
https://www.pbs.gov.au/info/publication/schedule/2009,62358,data/raw_live/historical_sources/pbs_archive/au_pbs_archive_53dfb436789523c8.pdf,87006a9ac4b5d1f4fafbb67114696ceadba59b42ed85fb92d6c642b6f078a7d3,reimbursement_atlas:au_pbs_archive_2009_08_01_53dfb4367895,Existing local cache retained; use --force to replace it.,pdf,2009-08-01-dental-book-soc.pdf,au_pbs_archive_53dfb436789523c8,public_reuse_review,pending_human_review,au_pbs,https://www.pbs.gov.au/publication/schedule/2009/2009-08-01-dental-book-soc.pdf?variant=3,au_pbs_archive_2009_08_01_53dfb4367895,cached,data/derived/processes/historical_source_transformation.bpmn
https://www.pbs.gov.au/info/publication/schedule/2023,2579869,data/raw_live/historical_sources/pbs_archive/au_pbs_archive_53f9354821e37ad2.pdf,3e44da8b51778732f1267e50cf117a95448b5f8d131fd6d08941e3908b910b3c,reimbursement_atlas:au_pbs_archive_2023_01_01_53f9354821e3,Existing local cache retained; use --force to replace it.,pdf,2023-01-01-efc-schedule.pdf,au_pbs_archive_53f9354821e37ad2,public_reuse_review,pending_human_review,au_pbs,https://www.pbs.gov.au/publication/schedule/2023/01/2023-01-01-efc-schedule.pdf?variant=3,au_pbs_archive_2023_01_01_53f9354821e3,cached,data/derived/processes/historical_source_transformation.bpmn
https://www.pbs.gov.au/info/publication/schedule/2025,32392876,data/raw_live/historical_sources/pbs_archive/au_pbs_archive_54977c1be4bbd674.pdf,a35e231ac78e191cade7f16fa276c518670f84c1ac4573d9d238df958f75b257,reimbursement_atlas:au_pbs_archive_2025_04_01_54977c1be4bb,Existing local cache retained; use --force to replace it.,pdf,2025-04-01-general-schedule-volume-1.pdf,au_pbs_archive_54977c1be4bbd674,public_reuse_review,pending_human_review,au_pbs,https://www.pbs.gov.au/publication/schedule/2025/04/2025-04-01-general-schedule-volume-1.pdf?variant=3,au_pbs_archive_2025_04_01_54977c1be4bb,cached,data/derived/processes/historical_source_transformation.bpmn
https://www.pbs.gov.au/info/publication/schedule/2011,32120,data/raw_live/historical_sources/pbs_archive/au_pbs_archive_54c44753a5cab84e.pdf,11b35024a9789f18e7241a83cbfae7ccd90dee1c1cf561097a7942f2217faba3,reimbursement_atlas:au_pbs_archive_2011_12_01_54c44753a5ca,Existing local cache retained; use --force to replace it.,pdf,2011-12-01-general-schedule-erratum.pdf,au_pbs_archive_54c44753a5cab84e,public_reuse_review,pending_human_review,au_pbs,https://www.pbs.gov.au/publication/schedule/2011/12/2011-12-01-general-schedule-erratum.pdf?variant=3,au_pbs_archive_2011_12_01_54c44753a5ca,cached,data/derived/processes/historical_source_transformation.bpmn
https://www.pbs.gov.au/info/publication/schedule/2023,10720198,data/raw_live/historical_sources/pbs_archive/au_pbs_archive_55350d0357c885da.pdf,d54d822c436ebf886e9727afef4a082975b24eecdb63de9882f751eae66bb432,reimbursement_atlas:au_pbs_archive_2023_06_01_55350d0357c8,Existing local cache retained; use --force to replace it.,pdf,2023-06-01-general-schedule-volume-2.pdf,au_pbs_archive_55350d0357c885da,public_reuse_review,pending_human_review,au_pbs,https://www.pbs.gov.au/publication/schedule/2023/06/2023-06-01-general-schedule-volume-2.pdf?variant=3,au_pbs_archive_2023_06_01_55350d0357c8,cached,data/derived/processes/historical_source_transformation.bpmn
https://www.pbs.gov.au/info/publication/schedule/2011,6515016,data/raw_live/historical_sources/pbs_archive/au_pbs_archive_558aa27af15d9427.pdf,de4d266ff4657fcc012b6f2a7b47490cfa4e8bc72a4df740f5f6599046b986a9,reimbursement_atlas:au_pbs_archive_2011_11_01_558aa27af15d,Existing local cache retained; use --force to replace it.,pdf,2011-11-01-general-schedule.pdf,au_pbs_archive_558aa27af15d9427,public_reuse_review,pending_human_review,au_pbs,https://www.pbs.gov.au/publication/schedule/2011/11/2011-11-01-general-schedule.pdf?variant=3,au_pbs_archive_2011_11_01_558aa27af15d,cached,data/derived/processes/historical_source_transformation.bpmn
https://www.pbs.gov.au/info/publication/schedule/2015,15133884,data/raw_live/historical_sources/pbs_archive/au_pbs_archive_55e5d1b946fe6983.pdf,d35207dc36b10bff72a0db0f3cd803778294fa9f31d33d9a4a3cceec51b3e5e1,reimbursement_atlas:au_pbs_archive_2015_06_01_55e5d1b946fe,Existing local cache retained; use --force to replace it.,pdf,2015-06-01-general-schedule.pdf,au_pbs_archive_55e5d1b946fe6983,public_reuse_review,pending_human_review,au_pbs,https://www.pbs.gov.au/publication/schedule/2015/06/2015-06-01-general-schedule.pdf?variant=3,au_pbs_archive_2015_06_01_55e5d1b946fe,cached,data/derived/processes/historical_source_transformation.bpmn
https://www.pbs.gov.au/info/publication/schedule/2010,387559,data/raw_live/historical_sources/pbs_archive/au_pbs_archive_55ed6ad798c4cf4a.pdf,cfa3fc5b131b507ae8270e2f03dc306a9a5a69707d20e83a0a105cbd3828bc25,reimbursement_atlas:au_pbs_archive_2010_01_01_55ed6ad798c4,Existing local cache retained; use --force to replace it.,pdf,2010-01-01-chemotherapy-book.pdf,au_pbs_archive_55ed6ad798c4cf4a,public_reuse_review,pending_human_review,au_pbs,https://www.pbs.gov.au/publication/schedule/2010/2010-01-01-chemotherapy-book.pdf?variant=3,au_pbs_archive_2010_01_01_55ed6ad798c4,cached,data/derived/processes/historical_source_transformation.bpmn
https://www.pbs.gov.au/info/publication/schedule/2025,6100964,data/raw_live/historical_sources/pbs_archive/au_pbs_archive_56832efc9e8de579.pdf,7501aef61fb28e6d90c3f30d471e7633b044c764e65720172f1e217d959899bd,reimbursement_atlas:au_pbs_archive_2025_02_01_56832efc9e8d,Existing local cache retained; use --force to replace it.,pdf,2025-02-01-general-schedule-volume-2.pdf,au_pbs_archive_56832efc9e8de579,public_reuse_review,pending_human_review,au_pbs,https://www.pbs.gov.au/publication/schedule/2025/02/2025-02-01-general-schedule-volume-2.pdf?variant=3,au_pbs_archive_2025_02_01_56832efc9e8d,cached,data/derived/processes/historical_source_transformation.bpmn
https://www.pbs.gov.au/info/publication/schedule/2024,14633511,data/raw_live/historical_sources/pbs_archive/au_pbs_archive_56be21ac28e44800.pdf,23ff2836ef4f588248c395db2bdacccef9cc125e449b6161970a448ac319bf5d,reimbursement_atlas:au_pbs_archive_2024_10_01_56be21ac28e4,Existing local cache retained; use --force to replace it.,pdf,2024-10-01-general-schedule-volume-2.pdf,au_pbs_archive_56be21ac28e44800,public_reuse_review,pending_human_review,au_pbs,https://www.pbs.gov.au/publication/schedule/2024/10/2024-10-01-general-schedule-volume-2.pdf?variant=3,au_pbs_archive_2024_10_01_56be21ac28e4,cached,data/derived/processes/historical_source_transformation.bpmn
https://www.pbs.gov.au/info/publication/schedule/2011,1793924,data/raw_live/historical_sources/pbs_archive/au_pbs_archive_57635beda6c20a36.pdf,8498eb2b4f7d1cfff29167db8098cfac9e7aca31f70de32952f730f61d8ab6fe,reimbursement_atlas:au_pbs_archive_2011_07_01_57635beda6c2,Existing local cache retained; use --force to replace it.,pdf,2011-07-01-general-schedule-SOC.pdf,au_pbs_archive_57635beda6c20a36,public_reuse_review,pending_human_review,au_pbs,https://www.pbs.gov.au/publication/schedule/2011/07/2011-07-01-general-schedule-SOC.pdf?variant=3,au_pbs_archive_2011_07_01_57635beda6c2,cached,data/derived/processes/historical_source_transformation.bpmn
https://www.pbs.gov.au/info/publication/schedule/2009,63474,data/raw_live/historical_sources/pbs_archive/au_pbs_archive_57e18d8bc68673a2.pdf,b7544b2aa146ca9770f583f171c1560ea4d77f493020db8b42d94436f4f9c8d1,reimbursement_atlas:au_pbs_archive_2009_10_01_57e18d8bc686,Existing local cache retained; use --force to replace it.,pdf,2009-10-01-general-schedule-soc.pdf,au_pbs_archive_57e18d8bc68673a2,public_reuse_review,pending_human_review,au_pbs,https://www.pbs.gov.au/publication/schedule/2009/2009-10-01-general-schedule-soc.pdf?variant=3,au_pbs_archive_2009_10_01_57e18d8bc686,cached,data/derived/processes/historical_source_transformation.bpmn
https://www.pbs.gov.au/info/publication/schedule/2025,14910730,data/raw_live/historical_sources/pbs_archive/au_pbs_archive_57ee13a6b5e1b243.pdf,468abbbcca6b4d8af4e3a65596e55006feb25f977d633f822bb68f61739ca75d,reimbursement_atlas:au_pbs_archive_2025_06_01_57ee13a6b5e1,Existing local cache retained; use --force to replace it.,pdf,2025-06-01-general-schedule-volume-2.pdf,au_pbs_archive_57ee13a6b5e1b243,public_reuse_review,pending_human_review,au_pbs,https://www.pbs.gov.au/publication/schedule/2025/06/2025-06-01-general-schedule-volume-2.pdf?variant=3,au_pbs_archive_2025_06_01_57ee13a6b5e1,cached,data/derived/processes/historical_source_transformation.bpmn
https://www.pbs.gov.au/info/publication/schedule/2015,17586875,data/raw_live/historical_sources/pbs_archive/au_pbs_archive_5845d71ebdb40323.pdf,42cdd82c3a8f725c6e6a90c44b821a43409ea43a5a7b6bd2af5b5f2c47456d79,reimbursement_atlas:au_pbs_archive_2015_10_01_5845d71ebdb4,Existing local cache retained; use --force to replace it.,pdf,2015-10-01-general-schedule.pdf,au_pbs_archive_5845d71ebdb40323,public_reuse_review,pending_human_review,au_pbs,https://www.pbs.gov.au/publication/schedule/2015/10/2015-10-01-general-schedule.pdf?variant=3,au_pbs_archive_2015_10_01_5845d71ebdb4,cached,data/derived/processes/historical_source_transformation.bpmn
https://www.pbs.gov.au/info/publication/schedule/2008,448527,data/raw_live/historical_sources/pbs_archive/au_pbs_archive_5845e901f6edda3a.pdf,0260cc705f14f1eab7f01a98c263eaf699ee27bc16b88da24a9f0fb960e6b362,reimbursement_atlas:au_pbs_archive_2008_11_01_5845e901f6ed,Existing local cache retained; use --force to replace it.,pdf,2008-11-01-dental-book.pdf,au_pbs_archive_5845e901f6edda3a,public_reuse_review,pending_human_review,au_pbs,https://www.pbs.gov.au/publication/schedule/2008/2008-11-01-dental-book.pdf?variant=3,au_pbs_archive_2008_11_01_5845e901f6ed,cached,data/derived/processes/historical_source_transformation.bpmn
https://www.pbs.gov.au/info/publication/schedule/2019,2509284,data/raw_live/historical_sources/pbs_archive/au_pbs_archive_588bc07b4f585f20.pdf,4d62df58835f1df4df1488d731b99336140cb72b572cf10165a433568e7026e3,reimbursement_atlas:au_pbs_archive_2019_08_01_588bc07b4f58,Existing local cache retained; use --force to replace it.,pdf,2019-08-01-efc-schedule.pdf,au_pbs_archive_588bc07b4f585f20,public_reuse_review,pending_human_review,au_pbs,https://www.pbs.gov.au/publication/schedule/2019/08/2019-08-01-efc-schedule.pdf?variant=3,au_pbs_archive_2019_08_01_588bc07b4f58,cached,data/derived/processes/historical_source_transformation.bpmn
https://www.pbs.gov.au/info/publication/schedule/2010,8191968,data/raw_live/historical_sources/pbs_archive/au_pbs_archive_58a7b920698d81b9.pdf,aac01e3ad0c8ed09d21f69b468efeb2863b33529a846970c5a8785f3ad002830,reimbursement_atlas:au_pbs_archive_2010_11_01_58a7b920698d,Existing local cache retained; use --force to replace it.,pdf,2010-11-01-general-schedule.pdf,au_pbs_archive_58a7b920698d81b9,public_reuse_review,pending_human_review,au_pbs,https://www.pbs.gov.au/publication/schedule/2010/2010-11-01-general-schedule.pdf?variant=3,au_pbs_archive_2010_11_01_58a7b920698d,cached,data/derived/processes/historical_source_transformation.bpmn
https://www.pbs.gov.au/info/publication/schedule/2009,83611,data/raw_live/historical_sources/pbs_archive/au_pbs_archive_58b3888c530f48d3.pdf,03e0bcdfcf5bed9553ae01f14f7d59205c3b092aab8412600e7f804d27ac610e,reimbursement_atlas:au_pbs_archive_2009_11_01_58b3888c530f,Existing local cache retained; use --force to replace it.,pdf,2009-11-01-general-schedule-soc.pdf,au_pbs_archive_58b3888c530f48d3,public_reuse_review,pending_human_review,au_pbs,https://www.pbs.gov.au/publication/schedule/2009/2009-11-01-general-schedule-soc.pdf?variant=3,au_pbs_archive_2009_11_01_58b3888c530f,cached,data/derived/processes/historical_source_transformation.bpmn
https://www.pbs.gov.au/info/publication/schedule/2020,11199649,data/raw_live/historical_sources/pbs_archive/au_pbs_archive_58f84313fa971095.pdf,acdbe91d85eb8930b76cd42c0f2ff3bc91d1f4dae03b034ca056a34a6891ae24,reimbursement_atlas:au_pbs_archive_2020_09_01_58f84313fa97,Existing local cache retained; use --force to replace it.,pdf,2020-09-01-general-schedule-volume-2.pdf,au_pbs_archive_58f84313fa971095,public_reuse_review,pending_human_review,au_pbs,https://www.pbs.gov.au/publication/schedule/2020/09/2020-09-01-general-schedule-volume-2.pdf?variant=3,au_pbs_archive_2020_09_01_58f84313fa97,cached,data/derived/processes/historical_source_transformation.bpmn
https://www.pbs.gov.au/info/publication/schedule/2022,4078336,data/raw_live/historical_sources/pbs_archive/au_pbs_archive_590de0bb769fa18f.pdf,704f391b6dbb8637fa713a21dc859d75cab7beb4d851c07ed25d2deef8d93da8,reimbursement_atlas:au_pbs_archive_2022_05_01_590de0bb769f,Existing local cache retained; use --force to replace it.,pdf,2022-05-01-general-soc.pdf,au_pbs_archive_590de0bb769fa18f,public_reuse_review,pending_human_review,au_pbs,https://www.pbs.gov.au/publication/schedule/2022/05/2022-05-01-general-soc.pdf?variant=3,au_pbs_archive_2022_05_01_590de0bb769f,cached,data/derived/processes/historical_source_transformation.bpmn
https://www.pbs.gov.au/info/publication/schedule/2020,22078639,data/raw_live/historical_sources/pbs_archive/au_pbs_archive_59218069e96fb807.pdf,84c1141d34067ad7bd700b5851c4dd83ab0d28542b380eb3a1e9eddf32930949,reimbursement_atlas:au_pbs_archive_2020_08_01_59218069e96f,Existing local cache retained; use --force to replace it.,pdf,2020-08-01-general-schedule-volume-1.pdf,au_pbs_archive_59218069e96fb807,public_reuse_review,pending_human_review,au_pbs,https://www.pbs.gov.au/publication/schedule/2020/08/2020-08-01-general-schedule-volume-1.pdf?variant=3,au_pbs_archive_2020_08_01_59218069e96f,cached,data/derived/processes/historical_source_transformation.bpmn
https://www.pbs.gov.au/info/publication/schedule/2006,4849418,data/raw_live/historical_sources/pbs_archive/au_pbs_archive_5936ea74234bb88f.pdf,47b7919853168e48301a26d587202bd73cb7ba73c155dcdc8ef5313c7cbd7e8d,reimbursement_atlas:au_pbs_archive_2006_08_01_5936ea74234b,Existing local cache retained; use --force to replace it.,pdf,2006-08-01-general-schedule.pdf,au_pbs_archive_5936ea74234bb88f,public_reuse_review,pending_human_review,au_pbs,https://www.pbs.gov.au/publication/schedule/2006/2006-08-01-general-schedule.pdf?variant=3,au_pbs_archive_2006_08_01_5936ea74234b,cached,data/derived/processes/historical_source_transformation.bpmn
https://www.pbs.gov.au/info/publication/schedule/2013,509681,data/raw_live/historical_sources/pbs_archive/au_pbs_archive_5949788b73c4a3c4.pdf,a7c0bed5ce1755627be3a330446f6e1f5c0f3c1d96f0db1d1d3264a1ac19a36d,reimbursement_atlas:au_pbs_archive_2013_02_01_5949788b73c4,Existing local cache retained; use --force to replace it.,pdf,2013-02-01-general-schedule-SOC.pdf,au_pbs_archive_5949788b73c4a3c4,public_reuse_review,pending_human_review,au_pbs,https://www.pbs.gov.au/publication/schedule/2013/02/2013-02-01-general-schedule-SOC.pdf?variant=3,au_pbs_archive_2013_02_01_5949788b73c4,cached,data/derived/processes/historical_source_transformation.bpmn
https://www.pbs.gov.au/info/publication/schedule/2004,3782083,data/raw_live/historical_sources/pbs_archive/au_pbs_archive_594cf681b4df1e96.pdf,b1fea131c7f421ae4dc600c14662e33cc8c0e6853c6c43106533cd9ca343ccfd,reimbursement_atlas:au_pbs_archive_2004_05_01_594cf681b4df,Existing local cache retained; use --force to replace it.,pdf,2004-05-01-general-schedule.pdf,au_pbs_archive_594cf681b4df1e96,public_reuse_review,pending_human_review,au_pbs,https://www.pbs.gov.au/publication/schedule/2004/2004-05-01-general-schedule.pdf?variant=3,au_pbs_archive_2004_05_01_594cf681b4df,cached,data/derived/processes/historical_source_transformation.bpmn
https://www.pbs.gov.au/info/publication/schedule/2020,970714,data/raw_live/historical_sources/pbs_archive/au_pbs_archive_594e13e4685c8bd2.pdf,c51273e67cccb27f5e8c4e4c83847b343950e4cf32436f6b798d434283c7453f,reimbursement_atlas:au_pbs_archive_2020_11_01_594e13e4685c,Existing local cache retained; use --force to replace it.,pdf,2020-11-01-general-soc.pdf,au_pbs_archive_594e13e4685c8bd2,public_reuse_review,pending_human_review,au_pbs,https://www.pbs.gov.au/publication/schedule/2020/11/2020-11-01-general-soc.pdf?variant=3,au_pbs_archive_2020_11_01_594e13e4685c,cached,data/derived/processes/historical_source_transformation.bpmn
https://www.pbs.gov.au/info/publication/schedule/2011,1356654,data/raw_live/historical_sources/pbs_archive/au_pbs_archive_59540e580a3e00cd.pdf,4a5da1cb787931b4bb341a2544d8844bc0263790240f9937a461524063de0be2,reimbursement_atlas:au_pbs_archive_2011_02_01_59540e580a3e,Existing local cache retained; use --force to replace it.,pdf,2011-02-01-general-schedule-SOC.pdf,au_pbs_archive_59540e580a3e00cd,public_reuse_review,pending_human_review,au_pbs,https://www.pbs.gov.au/publication/schedule/2011/02/2011-02-01-general-schedule-SOC.pdf?variant=3,au_pbs_archive_2011_02_01_59540e580a3e,cached,data/derived/processes/historical_source_transformation.bpmn
https://www.pbs.gov.au/info/publication/schedule/2023,20801024,data/raw_live/historical_sources/pbs_archive/au_pbs_archive_59f2726f087c092f.pdf,7f9dd7c00632c3e6e4d8a63af2f680a0b3302b6644d2f9fa99f3fb0283efd146,reimbursement_atlas:au_pbs_archive_2023_12_01_59f2726f087c,Existing local cache retained; use --force to replace it.,pdf,2023-12-01-general-schedule-volume-1.pdf,au_pbs_archive_59f2726f087c092f,public_reuse_review,pending_human_review,au_pbs,https://www.pbs.gov.au/publication/schedule/2023/12/2023-12-01-general-schedule-volume-1.pdf?variant=3,au_pbs_archive_2023_12_01_59f2726f087c,cached,data/derived/processes/historical_source_transformation.bpmn
https://www.pbs.gov.au/info/publication/schedule/2014,6578327,data/raw_live/historical_sources/pbs_archive/au_pbs_archive_5a5946fda175af9e.pdf,90d0e6655e73a99ae76fd8e895fefb1f32292ed0d2cf367bbb8f9392f238d135,reimbursement_atlas:au_pbs_archive_2014_06_01_5a5946fda175,Existing local cache retained; use --force to replace it.,pdf,2014-06-01-general-schedule.pdf,au_pbs_archive_5a5946fda175af9e,public_reuse_review,pending_human_review,au_pbs,https://www.pbs.gov.au/publication/schedule/2014/06/2014-06-01-general-schedule.pdf?variant=3,au_pbs_archive_2014_06_01_5a5946fda175,cached,data/derived/processes/historical_source_transformation.bpmn
https://www.pbs.gov.au/info/publication/schedule/2009,4242897,data/raw_live/historical_sources/pbs_archive/au_pbs_archive_5a7746a743beaf99.pdf,3d1284ff3b73335a9fe4b1a4031d3fbae88ccedc2b003870b14d8b14d478cb0f,reimbursement_atlas:au_pbs_archive_2009_11_01_5a7746a743be,Existing local cache retained; use --force to replace it.,pdf,2009-11-01-general-schedule.pdf,au_pbs_archive_5a7746a743beaf99,public_reuse_review,pending_human_review,au_pbs,https://www.pbs.gov.au/publication/schedule/2009/2009-11-01-general-schedule.pdf?variant=3,au_pbs_archive_2009_11_01_5a7746a743be,cached,data/derived/processes/historical_source_transformation.bpmn
https://www.pbs.gov.au/info/publication/schedule/2019,615663,data/raw_live/historical_sources/pbs_archive/au_pbs_archive_5aa1940f40282846.pdf,1f6356ad7e52da7364d0a9fafbcacd83556454e84614c1a70f117d73932bdd15,reimbursement_atlas:au_pbs_archive_2019_12_01_5aa1940f4028,Existing local cache retained; use --force to replace it.,pdf,2019-12-01-errata.pdf,au_pbs_archive_5aa1940f40282846,public_reuse_review,pending_human_review,au_pbs,https://www.pbs.gov.au/publication/schedule/2019/12/2019-12-01-errata.pdf?variant=3,au_pbs_archive_2019_12_01_5aa1940f4028,cached,data/derived/processes/historical_source_transformation.bpmn
https://www.pbs.gov.au/info/publication/schedule/2010,438535,data/raw_live/historical_sources/pbs_archive/au_pbs_archive_5b02454156542022.pdf,f375e0b7f022ddac595518a4d0341af79a8d190aa830d3fa1b9444dc29a5dc0d,reimbursement_atlas:au_pbs_archive_2010_11_01_5b0245415654,Existing local cache retained; use --force to replace it.,pdf,2010-11-01-general-schedule-SOC.pdf,au_pbs_archive_5b02454156542022,public_reuse_review,pending_human_review,au_pbs,https://www.pbs.gov.au/publication/schedule/2010/2010-11-01-general-schedule-SOC.pdf?variant=3,au_pbs_archive_2010_11_01_5b0245415654,cached,data/derived/processes/historical_source_transformation.bpmn
https://www.pbs.gov.au/info/publication/schedule/2025,11332506,data/raw_live/historical_sources/pbs_archive/au_pbs_archive_5b10f328be5ae574.pdf,4fca7dc9db4ae8183e83f85f4271dbc2dd1b1afb1a9fe7a24598d1b29a15d4eb,reimbursement_atlas:au_pbs_archive_2025_01_01_5b10f328be5a,Existing local cache retained; use --force to replace it.,pdf,2025-01-01-general-schedule-volume-2.pdf,au_pbs_archive_5b10f328be5ae574,public_reuse_review,pending_human_review,au_pbs,https://www.pbs.gov.au/publication/schedule/2025/01/2025-01-01-general-schedule-volume-2.pdf?variant=3,au_pbs_archive_2025_01_01_5b10f328be5a,cached,data/derived/processes/historical_source_transformation.bpmn
https://www.pbs.gov.au/info/publication/schedule/2018,3863971,data/raw_live/historical_sources/pbs_archive/au_pbs_archive_5b8ef67e1e3db7b3.pdf,9cef7beb3cff59d4cee70600731dca0370a8ba051577d4aa01bc386a78838695,reimbursement_atlas:au_pbs_archive_2018_01_01_5b8ef67e1e3d,Existing local cache retained; use --force to replace it.,pdf,2018-01-01-efc-schedule.pdf,au_pbs_archive_5b8ef67e1e3db7b3,public_reuse_review,pending_human_review,au_pbs,https://www.pbs.gov.au/publication/schedule/2018/01/2018-01-01-efc-schedule.pdf?variant=3,au_pbs_archive_2018_01_01_5b8ef67e1e3d,cached,data/derived/processes/historical_source_transformation.bpmn
https://www.pbs.gov.au/info/publication/schedule/2013,467440,data/raw_live/historical_sources/pbs_archive/au_pbs_archive_5bad840fafe204df.pdf,c94c4bed33f8d578fb5c33338b65e4384f0693d6fef287a857522ccdd625a1a1,reimbursement_atlas:au_pbs_archive_2013_05_01_5bad840fafe2,Existing local cache retained; use --force to replace it.,pdf,2013-05-01-errata.pdf,au_pbs_archive_5bad840fafe204df,public_reuse_review,pending_human_review,au_pbs,https://www.pbs.gov.au/publication/schedule/2013/05/2013-05-01-errata.pdf?variant=3,au_pbs_archive_2013_05_01_5bad840fafe2,cached,data/derived/processes/historical_source_transformation.bpmn
https://www.pbs.gov.au/info/publication/schedule/2024,13285809,data/raw_live/historical_sources/pbs_archive/au_pbs_archive_5bb63b13a39b09e1.pdf,9b769f993c7c099741f4c7ecd2c9ea17587aa626fb61be28c462c2753c5e44ce,reimbursement_atlas:au_pbs_archive_2024_06_01_5bb63b13a39b,Existing local cache retained; use --force to replace it.,pdf,2024-06-01-general-schedule-volume-2.pdf,au_pbs_archive_5bb63b13a39b09e1,public_reuse_review,pending_human_review,au_pbs,https://www.pbs.gov.au/publication/schedule/2024/06/2024-06-01-general-schedule-volume-2.pdf?variant=3,au_pbs_archive_2024_06_01_5bb63b13a39b,cached,data/derived/processes/historical_source_transformation.bpmn
https://www.pbs.gov.au/info/publication/schedule/2017,794627,data/raw_live/historical_sources/pbs_archive/au_pbs_archive_5bc65f0515591c2b.pdf,1e21bc526c0a39a6f6d05220920d21119afdd2a4627d2d334c119938eb13d2de,reimbursement_atlas:au_pbs_archive_2017_08_01_5bc65f051559,Existing local cache retained; use --force to replace it.,pdf,2017-08-01-general-soc.pdf,au_pbs_archive_5bc65f0515591c2b,public_reuse_review,pending_human_review,au_pbs,https://www.pbs.gov.au/publication/schedule/2017/08/2017-08-01-general-soc.pdf?variant=3,au_pbs_archive_2017_08_01_5bc65f051559,cached,data/derived/processes/historical_source_transformation.bpmn
https://www.pbs.gov.au/info/publication/schedule/2025,3355635,data/raw_live/historical_sources/pbs_archive/au_pbs_archive_5bf12d103a07805d.pdf,13b6f4c50e3389058affd83f8a01a8b716042c4353bdb211be8bda298a67e50d,reimbursement_atlas:au_pbs_archive_2025_09_01_5bf12d103a07,Existing local cache retained; use --force to replace it.,pdf,2025-09-01-general-soc.pdf,au_pbs_archive_5bf12d103a07805d,public_reuse_review,pending_human_review,au_pbs,https://www.pbs.gov.au/publication/schedule/2025/09/2025-09-01-general-soc.pdf?variant=3,au_pbs_archive_2025_09_01_5bf12d103a07,cached,data/derived/processes/historical_source_transformation.bpmn
https://www.pbs.gov.au/info/publication/schedule/2023,18989472,data/raw_live/historical_sources/pbs_archive/au_pbs_archive_5c1ea1650f7f4f4e.pdf,3f8750889efbe13e93223092d375e13a2e2a872c8c431a567d2e73cce48ca978,reimbursement_atlas:au_pbs_archive_2023_01_01_5c1ea1650f7f,Existing local cache retained; use --force to replace it.,pdf,2023-01-01-general-schedule-volume-1.pdf,au_pbs_archive_5c1ea1650f7f4f4e,public_reuse_review,pending_human_review,au_pbs,https://www.pbs.gov.au/publication/schedule/2023/01/2023-01-01-general-schedule-volume-1.pdf?variant=3,au_pbs_archive_2023_01_01_5c1ea1650f7f,cached,data/derived/processes/historical_source_transformation.bpmn
https://www.pbs.gov.au/info/publication/schedule/2025,14506213,data/raw_live/historical_sources/pbs_archive/au_pbs_archive_5d01a9cf58fc5687.pdf,b7e30009c73a63b78bcb906a56b7d0bb1ba36bc5a7ef545cc6bc621b77fd7bb9,reimbursement_atlas:au_pbs_archive_2025_07_01_5d01a9cf58fc,Existing local cache retained; use --force to replace it.,pdf,2025-07-01-general-schedule-volume-2.pdf,au_pbs_archive_5d01a9cf58fc5687,public_reuse_review,pending_human_review,au_pbs,https://www.pbs.gov.au/publication/schedule/2025/07/2025-07-01-general-schedule-volume-2.pdf?variant=3,au_pbs_archive_2025_07_01_5d01a9cf58fc,cached,data/derived/processes/historical_source_transformation.bpmn
https://www.pbs.gov.au/info/publication/schedule/2026,2600159,data/raw_live/historical_sources/pbs_archive/au_pbs_archive_5d2cc1513bd51380.pdf,5dd78b4491d185064bba372e46b9eed2aa7d57945bda31d4d0389ce1288c5b7e,reimbursement_atlas:au_pbs_archive_2026_03_01_5d2cc1513bd5,Existing local cache retained; use --force to replace it.,pdf,2026-03-01-efc-schedule.pdf,au_pbs_archive_5d2cc1513bd51380,public_reuse_review,pending_human_review,au_pbs,https://www.pbs.gov.au/publication/schedule/2026/03/2026-03-01-efc-schedule.pdf?variant=3,au_pbs_archive_2026_03_01_5d2cc1513bd5,cached,data/derived/processes/historical_source_transformation.bpmn
https://www.pbs.gov.au/info/publication/schedule/2016,619326,data/raw_live/historical_sources/pbs_archive/au_pbs_archive_5d41510ca883012f.pdf,71b1e2171d54dfa6300e0edcd62cab7848cd9700c6e06d1025b1e47f888e9630,reimbursement_atlas:au_pbs_archive_2016_06_01_5d41510ca883,Existing local cache retained; use --force to replace it.,pdf,2016-06-01-general-schedule-soc.pdf,au_pbs_archive_5d41510ca883012f,public_reuse_review,pending_human_review,au_pbs,https://www.pbs.gov.au/publication/schedule/2016/06/2016-06-01-general-schedule-soc.pdf?variant=3,au_pbs_archive_2016_06_01_5d41510ca883,cached,data/derived/processes/historical_source_transformation.bpmn
https://www.pbs.gov.au/info/publication/schedule/2023,3490640,data/raw_live/historical_sources/pbs_archive/au_pbs_archive_5d5307ff08ec6dae.pdf,c5f9e76946a2e3786c24c85001f3a447b376533d935b364a3860c60164918a89,reimbursement_atlas:au_pbs_archive_2023_12_01_5d5307ff08ec,Existing local cache retained; use --force to replace it.,pdf,2023-12-01-general-soc.pdf,au_pbs_archive_5d5307ff08ec6dae,public_reuse_review,pending_human_review,au_pbs,https://www.pbs.gov.au/publication/schedule/2023/12/2023-12-01-general-soc.pdf?variant=3,au_pbs_archive_2023_12_01_5d5307ff08ec,cached,data/derived/processes/historical_source_transformation.bpmn
https://www.pbs.gov.au/info/publication/schedule/2016,17830980,data/raw_live/historical_sources/pbs_archive/au_pbs_archive_5dcdb59f4e5e0a8b.pdf,807023fa8765b427fd454230655783bae0f675cbad3f45f14e08cc74f06e0549,reimbursement_atlas:au_pbs_archive_2016_02_01_5dcdb59f4e5e,Existing local cache retained; use --force to replace it.,pdf,2016-02-01-general-schedule.pdf,au_pbs_archive_5dcdb59f4e5e0a8b,public_reuse_review,pending_human_review,au_pbs,https://www.pbs.gov.au/publication/schedule/2016/02/2016-02-01-general-schedule.pdf?variant=3,au_pbs_archive_2016_02_01_5dcdb59f4e5e,cached,data/derived/processes/historical_source_transformation.bpmn
https://www.pbs.gov.au/info/publication/schedule/2022,25380881,data/raw_live/historical_sources/pbs_archive/au_pbs_archive_5ee60c9293327131.pdf,6a50565db18e5bb52892d4332f53c6215071fe7c1a9dbf9ac6202cf474cdcd61,reimbursement_atlas:au_pbs_archive_2022_02_01_5ee60c929332,Existing local cache retained; use --force to replace it.,pdf,2022-02-01-general-schedule-volume-1.pdf,au_pbs_archive_5ee60c9293327131,public_reuse_review,pending_human_review,au_pbs,https://www.pbs.gov.au/publication/schedule/2022/02/2022-02-01-general-schedule-volume-1.pdf?variant=3,au_pbs_archive_2022_02_01_5ee60c929332,cached,data/derived/processes/historical_source_transformation.bpmn
https://www.pbs.gov.au/info/publication/schedule/2019,21285248,data/raw_live/historical_sources/pbs_archive/au_pbs_archive_5f4b7a91e96c3373.pdf,c4f5f35e897f068438468f1b7d72e8c63c48d0094fd58c527e914f841613be38,reimbursement_atlas:au_pbs_archive_2019_03_01_5f4b7a91e96c,Existing local cache retained; use --force to replace it.,pdf,2019-03-01-general-schedule.pdf,au_pbs_archive_5f4b7a91e96c3373,public_reuse_review,pending_human_review,au_pbs,https://www.pbs.gov.au/publication/schedule/2019/03/2019-03-01-general-schedule.pdf?variant=3,au_pbs_archive_2019_03_01_5f4b7a91e96c,cached,data/derived/processes/historical_source_transformation.bpmn
https://www.pbs.gov.au/info/publication/schedule/2013,333791,data/raw_live/historical_sources/pbs_archive/au_pbs_archive_5f70d77edf462453.pdf,b2f4433c455511f40f38975a3c768414d2ac2218cf811b446856ae268982faf3,reimbursement_atlas:au_pbs_archive_2013_09_01_5f70d77edf46,Existing local cache retained; use --force to replace it.,pdf,2013-09-01-errata.pdf,au_pbs_archive_5f70d77edf462453,public_reuse_review,pending_human_review,au_pbs,https://www.pbs.gov.au/publication/schedule/2013/09/2013-09-01-errata.pdf?variant=3,au_pbs_archive_2013_09_01_5f70d77edf46,cached,data/derived/processes/historical_source_transformation.bpmn
https://www.pbs.gov.au/info/publication/schedule/2020,735837,data/raw_live/historical_sources/pbs_archive/au_pbs_archive_5fbc7b2b15d92114.pdf,ad60db134443039ca7a2266e54ee4f6736e2b7c359f77544c1000b4a5f67f979,reimbursement_atlas:au_pbs_archive_2020_03_01_5fbc7b2b15d9,Existing local cache retained; use --force to replace it.,pdf,2020-03-01-general-soc.pdf,au_pbs_archive_5fbc7b2b15d92114,public_reuse_review,pending_human_review,au_pbs,https://www.pbs.gov.au/publication/schedule/2020/03/2020-03-01-general-soc.pdf?variant=3,au_pbs_archive_2020_03_01_5fbc7b2b15d9,cached,data/derived/processes/historical_source_transformation.bpmn
https://www.pbs.gov.au/info/publication/schedule/2017,107825,data/raw_live/historical_sources/pbs_archive/au_pbs_archive_5fc54c12eff24d56.pdf,b06606a0ec684829b09d70713aa4214baf266544be80b11b605fa8d1c87eae60,reimbursement_atlas:au_pbs_archive_2017_04_01_5fc54c12eff2,Existing local cache retained; use --force to replace it.,pdf,2017-04-01-errata.pdf,au_pbs_archive_5fc54c12eff24d56,public_reuse_review,pending_human_review,au_pbs,https://www.pbs.gov.au/publication/schedule/2017/04/2017-04-01-errata.pdf?variant=3,au_pbs_archive_2017_04_01_5fc54c12eff2,cached,data/derived/processes/historical_source_transformation.bpmn
https://www.pbs.gov.au/info/publication/schedule/2020,634808,data/raw_live/historical_sources/pbs_archive/au_pbs_archive_5fddfb0c23d3f67c.pdf,e2917e49e5111c4f01dc8721fb2dd8892ffaafba56773a8d33c42f07fb85980f,reimbursement_atlas:au_pbs_archive_2020_07_01_5fddfb0c23d3,Existing local cache retained; use --force to replace it.,pdf,2020-07-01-general-soc.pdf,au_pbs_archive_5fddfb0c23d3f67c,public_reuse_review,pending_human_review,au_pbs,https://www.pbs.gov.au/publication/schedule/2020/07/2020-07-01-general-soc.pdf?variant=3,au_pbs_archive_2020_07_01_5fddfb0c23d3,cached,data/derived/processes/historical_source_transformation.bpmn
https://www.pbs.gov.au/info/publication/schedule/2010,458187,data/raw_live/historical_sources/pbs_archive/au_pbs_archive_5ff2ee57be8892a8.pdf,11a1160cdcf7f8fb8cd537f92138c32f68897f2e8086584df10b9be303dc2dac,reimbursement_atlas:au_pbs_archive_2010_04_01_5ff2ee57be88,Existing local cache retained; use --force to replace it.,pdf,2010-04-01-dental-book.pdf,au_pbs_archive_5ff2ee57be8892a8,public_reuse_review,pending_human_review,au_pbs,https://www.pbs.gov.au/publication/schedule/2010/2010-04-01-dental-book.pdf?variant=3,au_pbs_archive_2010_04_01_5ff2ee57be88,cached,data/derived/processes/historical_source_transformation.bpmn
https://www.pbs.gov.au/info/publication/schedule/2008,319300,data/raw_live/historical_sources/pbs_archive/au_pbs_archive_6047e2cb63d3bf8e.pdf,80a3cc0e9666abe1285dcf89af1767489ac169476fc4a64c8dd1f26c9e460ff4,reimbursement_atlas:au_pbs_archive_2008_03_01_6047e2cb63d3,Existing local cache retained; use --force to replace it.,pdf,2008-03-01-general-schedule-soc.pdf,au_pbs_archive_6047e2cb63d3bf8e,public_reuse_review,pending_human_review,au_pbs,https://www.pbs.gov.au/publication/schedule/2008/2008-03-01-general-schedule-soc.pdf?variant=3,au_pbs_archive_2008_03_01_6047e2cb63d3,cached,data/derived/processes/historical_source_transformation.bpmn
https://www.pbs.gov.au/info/publication/schedule/2020,552473,data/raw_live/historical_sources/pbs_archive/au_pbs_archive_604a36040edab30c.pdf,7eb8f30dd3b0d8fbfa425e446e7aceaa2e5dba4b12ea1b1f07d3624862663e0a,reimbursement_atlas:au_pbs_archive_2020_09_01_604a36040eda,Existing local cache retained; use --force to replace it.,pdf,2020-09-01-general-soc.pdf,au_pbs_archive_604a36040edab30c,public_reuse_review,pending_human_review,au_pbs,https://www.pbs.gov.au/publication/schedule/2020/09/2020-09-01-general-soc.pdf?variant=3,au_pbs_archive_2020_09_01_604a36040eda,cached,data/derived/processes/historical_source_transformation.bpmn
https://www.pbs.gov.au/info/publication/schedule/2026,14155691,data/raw_live/historical_sources/pbs_archive/au_pbs_archive_6050b795ba25ad9b.pdf,6579dba231c3d4ac2ccbb0efc6600cc3a2393dfaa8816dc8e8304a04617b3d69,reimbursement_atlas:au_pbs_archive_2026_05_01_6050b795ba25,Existing local cache retained; use --force to replace it.,pdf,2026-05-01-general-schedule-Volume-1.pdf,au_pbs_archive_6050b795ba25ad9b,public_reuse_review,pending_human_review,au_pbs,https://www.pbs.gov.au/publication/schedule/2026/05/2026-05-01-general-schedule-Volume-1.pdf?variant=3,au_pbs_archive_2026_05_01_6050b795ba25,cached,data/derived/processes/historical_source_transformation.bpmn
https://www.pbs.gov.au/info/publication/schedule/2012,391255,data/raw_live/historical_sources/pbs_archive/au_pbs_archive_605c83251106c427.pdf,9c2ce2766278ace6672a74686a0eb5f26c864771129b66ed7d4e209a5b2a0edc,reimbursement_atlas:au_pbs_archive_2012_12_01_605c83251106,Existing local cache retained; use --force to replace it.,pdf,2012-12-01-general-schedule-SOC.pdf,au_pbs_archive_605c83251106c427,public_reuse_review,pending_human_review,au_pbs,https://www.pbs.gov.au/publication/schedule/2012/12/2012-12-01-general-schedule-SOC.pdf?variant=3,au_pbs_archive_2012_12_01_605c83251106,cached,data/derived/processes/historical_source_transformation.bpmn
https://www.pbs.gov.au/info/publication/schedule/2017,1282796,data/raw_live/historical_sources/pbs_archive/au_pbs_archive_60b5254913060edc.pdf,f3ec492a26964bca7cb6fa62a1b41cd54110d0922421975aec03c1fbc60894ef,reimbursement_atlas:au_pbs_archive_2017_01_01_60b525491306,Existing local cache retained; use --force to replace it.,pdf,2017-01-01-efc-schedule.pdf,au_pbs_archive_60b5254913060edc,public_reuse_review,pending_human_review,au_pbs,https://www.pbs.gov.au/publication/schedule/2017/01/2017-01-01-efc-schedule.pdf?variant=3,au_pbs_archive_2017_01_01_60b525491306,cached,data/derived/processes/historical_source_transformation.bpmn
https://www.pbs.gov.au/info/publication/schedule/2011,5545123,data/raw_live/historical_sources/pbs_archive/au_pbs_archive_60ccb739cdadf520.pdf,815eb18298748fb9b5b5efbd1e28742009e87acdaf2c0058c2b5fdab192028ad,reimbursement_atlas:au_pbs_archive_2011_10_01_60ccb739cdad,Existing local cache retained; use --force to replace it.,pdf,2011-10-01-general-schedule.pdf,au_pbs_archive_60ccb739cdadf520,public_reuse_review,pending_human_review,au_pbs,https://www.pbs.gov.au/publication/schedule/2011/10/2011-10-01-general-schedule.pdf?variant=3,au_pbs_archive_2011_10_01_60ccb739cdad,cached,data/derived/processes/historical_source_transformation.bpmn
https://www.pbs.gov.au/info/publication/schedule/2024,2912419,data/raw_live/historical_sources/pbs_archive/au_pbs_archive_60f660163a734dc1.pdf,0539c77de43b284febc2ca007d4eba468694125ecd48630da205d3bcc26d4d9b,reimbursement_atlas:au_pbs_archive_2024_09_01_60f660163a73,Existing local cache retained; use --force to replace it.,pdf,2024-09-01-efc-schedule.pdf,au_pbs_archive_60f660163a734dc1,public_reuse_review,pending_human_review,au_pbs,https://www.pbs.gov.au/publication/schedule/2024/09/2024-09-01-efc-schedule.pdf?variant=3,au_pbs_archive_2024_09_01_60f660163a73,cached,data/derived/processes/historical_source_transformation.bpmn
https://www.pbs.gov.au/info/publication/schedule/historical-archive,12781081,data/raw_live/historical_sources/pbs_archive/au_pbs_archive_614b4ee5ac9b1e4f.pdf,7d9f4aea32ce6f2ff8266b7b99d0c689de6769365740f505a9773678ffacd5de,reimbursement_atlas:au_pbs_archive_1976_12_01_614b4ee5ac9b,Existing local cache retained; use --force to replace it.,pdf,1976-12-01-consolidated-schedules.pdf,au_pbs_archive_614b4ee5ac9b1e4f,public_reuse_review,pending_human_review,au_pbs,https://www.pbs.gov.au/publication/schedule/1951-2002/1976-12-01-consolidated-schedules.pdf?variant=3,au_pbs_archive_1976_12_01_614b4ee5ac9b,cached,data/derived/processes/historical_source_transformation.bpmn
https://www.pbs.gov.au/info/publication/schedule/2009,434937,data/raw_live/historical_sources/pbs_archive/au_pbs_archive_617b995ca8421cb1.pdf,efe7b9ec7b874c945ccd20f8282be946e63be834cd94003bc5a0c91881f9695e,reimbursement_atlas:au_pbs_archive_2009_02_01_617b995ca842,Existing local cache retained; use --force to replace it.,pdf,2009-02-01-dental-book.pdf,au_pbs_archive_617b995ca8421cb1,public_reuse_review,pending_human_review,au_pbs,https://www.pbs.gov.au/publication/schedule/2009/2009-02-01-dental-book.pdf?variant=3,au_pbs_archive_2009_02_01_617b995ca842,cached,data/derived/processes/historical_source_transformation.bpmn
https://www.pbs.gov.au/info/publication/schedule/2009,50366,data/raw_live/historical_sources/pbs_archive/au_pbs_archive_61b5ae028a136003.pdf,181b48e24b076a6574dd990e65f123b264bde57d6d2a17f0e0844dcbc850d75c,reimbursement_atlas:au_pbs_archive_2009_09_01_61b5ae028a13,Existing local cache retained; use --force to replace it.,pdf,2009-09-01-general-schedule-soc.pdf,au_pbs_archive_61b5ae028a136003,public_reuse_review,pending_human_review,au_pbs,https://www.pbs.gov.au/publication/schedule/2009/2009-09-01-general-schedule-soc.pdf?variant=3,au_pbs_archive_2009_09_01_61b5ae028a13,cached,data/derived/processes/historical_source_transformation.bpmn
https://www.pbs.gov.au/info/publication/schedule/2023,26390710,data/raw_live/historical_sources/pbs_archive/au_pbs_archive_6290cbc42ec7a4fc.pdf,3e83afad50083f46584fb60fb5f3e98630bca6415fcca29cca3a3cd59de51930,reimbursement_atlas:au_pbs_archive_2023_08_01_6290cbc42ec7,Existing local cache retained; use --force to replace it.,pdf,2023-08-01-general-schedule-volume-1.pdf,au_pbs_archive_6290cbc42ec7a4fc,public_reuse_review,pending_human_review,au_pbs,https://www.pbs.gov.au/publication/schedule/2023/08/2023-08-01-general-schedule-volume-1.pdf?variant=3,au_pbs_archive_2023_08_01_6290cbc42ec7,cached,data/derived/processes/historical_source_transformation.bpmn
https://www.pbs.gov.au/info/publication/schedule/2020,21377474,data/raw_live/historical_sources/pbs_archive/au_pbs_archive_6299523accd48468.pdf,0f6a0dcda44e4e67d4b0102470e18e0ade20193e4c9308be4a9b8a68d7f3e281,reimbursement_atlas:au_pbs_archive_2020_01_01_6299523accd4,Existing local cache retained; use --force to replace it.,pdf,2020-01-01-general-schedule-volume-1.pdf,au_pbs_archive_6299523accd48468,public_reuse_review,pending_human_review,au_pbs,https://www.pbs.gov.au/publication/schedule/2020/01/2020-01-01-general-schedule-volume-1.pdf?variant=3,au_pbs_archive_2020_01_01_6299523accd4,cached,data/derived/processes/historical_source_transformation.bpmn
https://www.pbs.gov.au/info/publication/schedule/2013,7155131,data/raw_live/historical_sources/pbs_archive/au_pbs_archive_62a83f1b97276275.pdf,20ef9121105c8307c04cb1fbd26fad75815dd488c57b9553def1a53dcc759c32,reimbursement_atlas:au_pbs_archive_2013_08_01_62a83f1b9727,Existing local cache retained; use --force to replace it.,pdf,2013-08-01-general-schedule.pdf,au_pbs_archive_62a83f1b97276275,public_reuse_review,pending_human_review,au_pbs,https://www.pbs.gov.au/publication/schedule/2013/08/2013-08-01-general-schedule.pdf?variant=3,au_pbs_archive_2013_08_01_62a83f1b9727,cached,data/derived/processes/historical_source_transformation.bpmn
https://www.pbs.gov.au/info/publication/schedule/2013,690762,data/raw_live/historical_sources/pbs_archive/au_pbs_archive_62aeb1675419c179.pdf,e88c31df09622c204b2bbff827e9a8ea7f0ffaef333e35902f5b398d626925d1,reimbursement_atlas:au_pbs_archive_2013_07_01_62aeb1675419,Existing local cache retained; use --force to replace it.,pdf,2013-07-01-general-schedule-soc.pdf,au_pbs_archive_62aeb1675419c179,public_reuse_review,pending_human_review,au_pbs,https://www.pbs.gov.au/publication/schedule/2013/07/2013-07-01-general-schedule-soc.pdf?variant=3,au_pbs_archive_2013_07_01_62aeb1675419,cached,data/derived/processes/historical_source_transformation.bpmn
https://www.pbs.gov.au/info/publication/schedule/2025,3090494,data/raw_live/historical_sources/pbs_archive/au_pbs_archive_62da29e8e3e762eb.pdf,d2a0ab0bedaa85642037d3603847873b6f6967248f098ec4970d38ac99eba4c4,reimbursement_atlas:au_pbs_archive_2025_08_01_62da29e8e3e7,Existing local cache retained; use --force to replace it.,pdf,2025-08-01-efc-schedule.pdf,au_pbs_archive_62da29e8e3e762eb,public_reuse_review,pending_human_review,au_pbs,https://www.pbs.gov.au/publication/schedule/2025/08/2025-08-01-efc-schedule.pdf?variant=3,au_pbs_archive_2025_08_01_62da29e8e3e7,cached,data/derived/processes/historical_source_transformation.bpmn
https://www.pbs.gov.au/info/publication/schedule/historical-archive,12552425,data/raw_live/historical_sources/pbs_archive/au_pbs_archive_62eef22f080a1dcc.pdf,e4f2e2784ae1cc77acf741f2d84d09f9bd3fb1a51edcb11dd428b6f729557268,reimbursement_atlas:au_pbs_archive_1984_12_01_62eef22f080a,Existing local cache retained; use --force to replace it.,pdf,1984-12-01-consolidated-schedules.pdf,au_pbs_archive_62eef22f080a1dcc,public_reuse_review,pending_human_review,au_pbs,https://www.pbs.gov.au/publication/schedule/1951-2002/1984-12-01-consolidated-schedules.pdf?variant=3,au_pbs_archive_1984_12_01_62eef22f080a,cached,data/derived/processes/historical_source_transformation.bpmn
https://www.pbs.gov.au/info/publication/schedule/2018,21077416,data/raw_live/historical_sources/pbs_archive/au_pbs_archive_6318509316770e50.pdf,9f4101b1d040482ac24ed3b7b2d5706a845f7482f3825029e2cb2417aabec5a6,reimbursement_atlas:au_pbs_archive_2018_09_01_631850931677,Existing local cache retained; use --force to replace it.,pdf,2018-09-01-general-schedule.pdf,au_pbs_archive_6318509316770e50,public_reuse_review,pending_human_review,au_pbs,https://www.pbs.gov.au/publication/schedule/2018/09/2018-09-01-general-schedule.pdf?variant=3,au_pbs_archive_2018_09_01_631850931677,cached,data/derived/processes/historical_source_transformation.bpmn
https://www.pbs.gov.au/info/publication/schedule/2015,3254857,data/raw_live/historical_sources/pbs_archive/au_pbs_archive_6353ed4aaa7bffb8.pdf,dfe2e5375fae0b7af5054bb0c648cc7eaaee45620c72e8fc7998873b8864d650,reimbursement_atlas:au_pbs_archive_2015_09_01_6353ed4aaa7b,Existing local cache retained; use --force to replace it.,pdf,2015-09-01-general-schedule-soc.pdf,au_pbs_archive_6353ed4aaa7bffb8,public_reuse_review,pending_human_review,au_pbs,https://www.pbs.gov.au/publication/schedule/2015/09/2015-09-01-general-schedule-soc.pdf?variant=3,au_pbs_archive_2015_09_01_6353ed4aaa7b,cached,data/derived/processes/historical_source_transformation.bpmn
https://www.pbs.gov.au/info/publication/schedule/2009,4186913,data/raw_live/historical_sources/pbs_archive/au_pbs_archive_6371b54701f7aa72.pdf,ccc39609aec865c4c60a26b8fc47596876510ddc8a8c3e6da06188dad7e226af,reimbursement_atlas:au_pbs_archive_2009_06_01_6371b54701f7,Existing local cache retained; use --force to replace it.,pdf,2009-06-01-general-schedule.pdf,au_pbs_archive_6371b54701f7aa72,public_reuse_review,pending_human_review,au_pbs,https://www.pbs.gov.au/publication/schedule/2009/2009-06-01-general-schedule.pdf?variant=3,au_pbs_archive_2009_06_01_6371b54701f7,cached,data/derived/processes/historical_source_transformation.bpmn
https://www.pbs.gov.au/info/publication/schedule/2006,1345436,data/raw_live/historical_sources/pbs_archive/au_pbs_archive_63748b1530054235.pdf,32e080742a61a408aec4451ae45faf0531d2e37f5c50ba5d0b6bb24950239c3b,reimbursement_atlas:au_pbs_archive_2006_04_01_63748b153005,Existing local cache retained; use --force to replace it.,pdf,2006-04-01-dental-book.pdf,au_pbs_archive_63748b1530054235,public_reuse_review,pending_human_review,au_pbs,https://www.pbs.gov.au/publication/schedule/2006/2006-04-01-dental-book.pdf?variant=3,au_pbs_archive_2006_04_01_63748b153005,cached,data/derived/processes/historical_source_transformation.bpmn
https://www.pbs.gov.au/info/publication/schedule/2025,9461022,data/raw_live/historical_sources/pbs_archive/au_pbs_archive_63869274fdf5613c.pdf,823fa817874d425df8bdbc4b30e6e98f306435707f9380be43019209286ca577,reimbursement_atlas:au_pbs_archive_2025_10_01_63869274fdf5,Existing local cache retained; use --force to replace it.,pdf,2025-10-01-general-schedule-volume-2.pdf,au_pbs_archive_63869274fdf5613c,public_reuse_review,pending_human_review,au_pbs,https://www.pbs.gov.au/publication/schedule/2025/10/2025-10-01-general-schedule-volume-2.pdf?variant=3,au_pbs_archive_2025_10_01_63869274fdf5,cached,data/derived/processes/historical_source_transformation.bpmn
https://www.pbs.gov.au/info/publication/schedule/2012,4759840,data/raw_live/historical_sources/pbs_archive/au_pbs_archive_63c9795634ce7e07.pdf,7dbe20410f79d517b0b6c44f7a1dc256ea7fa5aa522d12ed247f9dc2d09cd07a,reimbursement_atlas:au_pbs_archive_2012_06_01_63c9795634ce,Existing local cache retained; use --force to replace it.,pdf,2012-06-01-general-schedule.pdf,au_pbs_archive_63c9795634ce7e07,public_reuse_review,pending_human_review,au_pbs,https://www.pbs.gov.au/publication/schedule/2012/06/2012-06-01-general-schedule.pdf?variant=3,au_pbs_archive_2012_06_01_63c9795634ce,cached,data/derived/processes/historical_source_transformation.bpmn
https://www.pbs.gov.au/info/publication/schedule/2010,30013,data/raw_live/historical_sources/pbs_archive/au_pbs_archive_63f79ea29ca21480.pdf,bcbaf4db7f89b3592a0192cbbdad11fc526b8a3df5560db58e817d99996dd1d6,reimbursement_atlas:au_pbs_archive_2010_05_01_63f79ea29ca2,Existing local cache retained; use --force to replace it.,pdf,2010-05-01-general-schedule-SOC.pdf,au_pbs_archive_63f79ea29ca21480,public_reuse_review,pending_human_review,au_pbs,https://www.pbs.gov.au/publication/schedule/2010/2010-05-01-general-schedule-SOC.pdf?variant=3,au_pbs_archive_2010_05_01_63f79ea29ca2,cached,data/derived/processes/historical_source_transformation.bpmn
https://www.pbs.gov.au/info/publication/schedule/2013,470272,data/raw_live/historical_sources/pbs_archive/au_pbs_archive_645f8ceb4951ff0f.pdf,467885748e487aebe21899ae189de72d65cbc432fc3d5cf080a58ce7d33b0c67,reimbursement_atlas:au_pbs_archive_2013_06_01_645f8ceb4951,Existing local cache retained; use --force to replace it.,pdf,2013-06-01-errata.pdf,au_pbs_archive_645f8ceb4951ff0f,public_reuse_review,pending_human_review,au_pbs,https://www.pbs.gov.au/publication/schedule/2013/06/2013-06-01-errata.pdf?variant=3,au_pbs_archive_2013_06_01_645f8ceb4951,cached,data/derived/processes/historical_source_transformation.bpmn
https://www.pbs.gov.au/info/publication/schedule/2008,7067460,data/raw_live/historical_sources/pbs_archive/au_pbs_archive_64c687341ab901bc.pdf,280509f4ecccd3808181caf36ddcdcd38a93399dc4aeec36276b2970d781d387,reimbursement_atlas:au_pbs_archive_2008_06_01_64c687341ab9,Existing local cache retained; use --force to replace it.,pdf,2008-06-01-general-schedule.pdf,au_pbs_archive_64c687341ab901bc,public_reuse_review,pending_human_review,au_pbs,https://www.pbs.gov.au/publication/schedule/2008/2008-06-01-general-schedule.pdf?variant=3,au_pbs_archive_2008_06_01_64c687341ab9,cached,data/derived/processes/historical_source_transformation.bpmn
https://www.pbs.gov.au/info/publication/schedule/2010,7127316,data/raw_live/historical_sources/pbs_archive/au_pbs_archive_64dfb08c7dafb918.pdf,3dd5847df10ce705aa958da66977a746759cb84c98ade6677337a07c54ff2c81,reimbursement_atlas:au_pbs_archive_2010_07_01_64dfb08c7daf,Existing local cache retained; use --force to replace it.,pdf,2010-07-01-general-schedule.pdf,au_pbs_archive_64dfb08c7dafb918,public_reuse_review,pending_human_review,au_pbs,https://www.pbs.gov.au/publication/schedule/2010/2010-07-01-general-schedule.pdf?variant=3,au_pbs_archive_2010_07_01_64dfb08c7daf,cached,data/derived/processes/historical_source_transformation.bpmn
https://www.pbs.gov.au/info/publication/schedule/2011,9878135,data/raw_live/historical_sources/pbs_archive/au_pbs_archive_64f5eceb8399a7c2.pdf,4206e0556ae0c5e1fbf36c3fcd3e623e02c0bb10f086bd942124e5c8386bb47e,reimbursement_atlas:au_pbs_archive_2011_02_01_64f5eceb8399,Existing local cache retained; use --force to replace it.,pdf,2011-02-01-general-schedule.pdf,au_pbs_archive_64f5eceb8399a7c2,public_reuse_review,pending_human_review,au_pbs,https://www.pbs.gov.au/publication/schedule/2011/02/2011-02-01-general-schedule.pdf?variant=3,au_pbs_archive_2011_02_01_64f5eceb8399,cached,data/derived/processes/historical_source_transformation.bpmn
https://www.pbs.gov.au/info/publication/schedule/2021,3563160,data/raw_live/historical_sources/pbs_archive/au_pbs_archive_652703f6cc8b304f.pdf,693a2ed8f7ebb2a0eba070f9eddf5674c24ea00fd3e58a8791347e3bc58f0d1b,reimbursement_atlas:au_pbs_archive_2021_08_01_652703f6cc8b,Existing local cache retained; use --force to replace it.,pdf,2021-08-01-general-soc.pdf,au_pbs_archive_652703f6cc8b304f,public_reuse_review,pending_human_review,au_pbs,https://www.pbs.gov.au/publication/schedule/2021/08/2021-08-01-general-soc.pdf?variant=3,au_pbs_archive_2021_08_01_652703f6cc8b,cached,data/derived/processes/historical_source_transformation.bpmn
https://www.pbs.gov.au/info/publication/schedule/2025,3039903,data/raw_live/historical_sources/pbs_archive/au_pbs_archive_65300cb6facdc79a.pdf,89ffaf82fe5623592b609f285bc712b04668dd78b428887c9a0226c1337f048f,reimbursement_atlas:au_pbs_archive_2025_07_01_65300cb6facd,Existing local cache retained; use --force to replace it.,pdf,2025-07-01-efc-schedule.pdf,au_pbs_archive_65300cb6facdc79a,public_reuse_review,pending_human_review,au_pbs,https://www.pbs.gov.au/publication/schedule/2025/07/2025-07-01-efc-schedule.pdf?variant=3,au_pbs_archive_2025_07_01_65300cb6facd,cached,data/derived/processes/historical_source_transformation.bpmn
https://www.pbs.gov.au/info/publication/schedule/2020,8880364,data/raw_live/historical_sources/pbs_archive/au_pbs_archive_6572d5160e9d44c1.pdf,c5ce478278d5e525eea22d976ca00419e8665015c768af88951456689f0df431,reimbursement_atlas:au_pbs_archive_2020_05_01_6572d5160e9d,Existing local cache retained; use --force to replace it.,pdf,2020-05-01-general-schedule-volume-2.pdf,au_pbs_archive_6572d5160e9d44c1,public_reuse_review,pending_human_review,au_pbs,https://www.pbs.gov.au/publication/schedule/2020/05/2020-05-01-general-schedule-volume-2.pdf?variant=3,au_pbs_archive_2020_05_01_6572d5160e9d,cached,data/derived/processes/historical_source_transformation.bpmn
https://www.pbs.gov.au/info/publication/schedule/2011,530483,data/raw_live/historical_sources/pbs_archive/au_pbs_archive_65a1ae38de4a12b6.pdf,bd69a958a0b213741083af547400737d95c0d76dd1f1a7de9d89da936e22ba1b,reimbursement_atlas:au_pbs_archive_2011_12_01_65a1ae38de4a,Existing local cache retained; use --force to replace it.,pdf,2011-12-01-general-schedule-SOC.pdf,au_pbs_archive_65a1ae38de4a12b6,public_reuse_review,pending_human_review,au_pbs,https://www.pbs.gov.au/publication/schedule/2011/12/2011-12-01-general-schedule-SOC.pdf?variant=3,au_pbs_archive_2011_12_01_65a1ae38de4a,cached,data/derived/processes/historical_source_transformation.bpmn
https://www.pbs.gov.au/info/publication/schedule/2007,1369698,data/raw_live/historical_sources/pbs_archive/au_pbs_archive_65af3140307ad3be.pdf,ccdac79032b84b383d82262b0a4f1fc2e5c3ed890f65e1743496b21d1f37ac85,reimbursement_atlas:au_pbs_archive_2007_03_01_65af3140307a,Existing local cache retained; use --force to replace it.,pdf,2007-03-01-dental-book.pdf,au_pbs_archive_65af3140307ad3be,public_reuse_review,pending_human_review,au_pbs,https://www.pbs.gov.au/publication/schedule/2007/2007-03-01-dental-book.pdf?variant=3,au_pbs_archive_2007_03_01_65af3140307a,cached,data/derived/processes/historical_source_transformation.bpmn
https://www.pbs.gov.au/info/publication/schedule/2014,7369554,data/raw_live/historical_sources/pbs_archive/au_pbs_archive_6610373950081946.pdf,9e17e4cb24c72e6eaa1f91c289e3f2cc4fcd9f7a45a20bb646729f5c2b56b7a0,reimbursement_atlas:au_pbs_archive_2014_01_01_661037395008,Existing local cache retained; use --force to replace it.,pdf,2014-01-01-general-schedule.pdf,au_pbs_archive_6610373950081946,public_reuse_review,pending_human_review,au_pbs,https://www.pbs.gov.au/publication/schedule/2014/01/2014-01-01-general-schedule.pdf?variant=3,au_pbs_archive_2014_01_01_661037395008,cached,data/derived/processes/historical_source_transformation.bpmn
https://www.pbs.gov.au/info/publication/schedule/2022,27086793,data/raw_live/historical_sources/pbs_archive/au_pbs_archive_6706f865158355ab.pdf,962b51e0fb9f6ad0592f7a2b6c1d0d8be2dc3ea5950e0930b4b17a3fbbc3c020,reimbursement_atlas:au_pbs_archive_2022_08_01_6706f8651583,Existing local cache retained; use --force to replace it.,pdf,2022-08-01-general-schedule-volume-1.pdf,au_pbs_archive_6706f865158355ab,public_reuse_review,pending_human_review,au_pbs,https://www.pbs.gov.au/publication/schedule/2022/08/2022-08-01-general-schedule-volume-1.pdf?variant=3,au_pbs_archive_2022_08_01_6706f8651583,cached,data/derived/processes/historical_source_transformation.bpmn
https://www.pbs.gov.au/info/publication/schedule/2018,1601020,data/raw_live/historical_sources/pbs_archive/au_pbs_archive_6742833fe195da5c.pdf,d011de102cc6aa4bd7359538a406cec858e1cb98c23060f77b9ded64d3817038,reimbursement_atlas:au_pbs_archive_2018_09_01_6742833fe195,Existing local cache retained; use --force to replace it.,pdf,2018-09-01-efc-schedule.pdf,au_pbs_archive_6742833fe195da5c,public_reuse_review,pending_human_review,au_pbs,https://www.pbs.gov.au/publication/schedule/2018/09/2018-09-01-efc-schedule.pdf?variant=3,au_pbs_archive_2018_09_01_6742833fe195,cached,data/derived/processes/historical_source_transformation.bpmn
https://www.pbs.gov.au/info/publication/schedule/2019,2152554,data/raw_live/historical_sources/pbs_archive/au_pbs_archive_676031d2e2adc29e.pdf,0f20b1ab3ecc1bd93ca3bcd20e037f22447d5b5d4c66c997f6ff72cd69e95e28,reimbursement_atlas:au_pbs_archive_2019_09_01_676031d2e2ad,Existing local cache retained; use --force to replace it.,pdf,2019-09-01-general-soc.pdf,au_pbs_archive_676031d2e2adc29e,public_reuse_review,pending_human_review,au_pbs,https://www.pbs.gov.au/publication/schedule/2019/09/2019-09-01-general-soc.pdf?variant=3,au_pbs_archive_2019_09_01_676031d2e2ad,cached,data/derived/processes/historical_source_transformation.bpmn
https://www.pbs.gov.au/info/publication/schedule/2019,1919581,data/raw_live/historical_sources/pbs_archive/au_pbs_archive_67ad477430418ffb.pdf,7bfb881b2d931068e707f154e458c08e8108d8d7ef121c70dbb014c911fdb426,reimbursement_atlas:au_pbs_archive_2019_10_01_67ad47743041,Existing local cache retained; use --force to replace it.,pdf,2019-10-01-efc-schedule.pdf,au_pbs_archive_67ad477430418ffb,public_reuse_review,pending_human_review,au_pbs,https://www.pbs.gov.au/publication/schedule/2019/10/2019-10-01-efc-schedule.pdf?variant=3,au_pbs_archive_2019_10_01_67ad47743041,cached,data/derived/processes/historical_source_transformation.bpmn
https://www.pbs.gov.au/info/publication/schedule/2022,13916381,data/raw_live/historical_sources/pbs_archive/au_pbs_archive_67f0383308b4eb6c.pdf,cc1d37fbb687c70816d841321ed7087887eb3c05b2dcdb82a9e443b7ff8cd075,reimbursement_atlas:au_pbs_archive_2022_11_01_67f0383308b4,Existing local cache retained; use --force to replace it.,pdf,2022-11-01-general-schedule-volume-2.pdf,au_pbs_archive_67f0383308b4eb6c,public_reuse_review,pending_human_review,au_pbs,https://www.pbs.gov.au/publication/schedule/2022/11/2022-11-01-general-schedule-volume-2.pdf?variant=3,au_pbs_archive_2022_11_01_67f0383308b4,cached,data/derived/processes/historical_source_transformation.bpmn
https://www.pbs.gov.au/info/publication/schedule/2023,2443443,data/raw_live/historical_sources/pbs_archive/au_pbs_archive_68012a832a70d2b7.pdf,91784478698e881a390718232c3e237a3bd2f5044184026fe4446fabaec4c807,reimbursement_atlas:au_pbs_archive_2023_09_01_68012a832a70,Existing local cache retained; use --force to replace it.,pdf,2023-09-01-efc-schedule.pdf,au_pbs_archive_68012a832a70d2b7,public_reuse_review,pending_human_review,au_pbs,https://www.pbs.gov.au/publication/schedule/2023/09/2023-09-01-efc-schedule.pdf?variant=3,au_pbs_archive_2023_09_01_68012a832a70,cached,data/derived/processes/historical_source_transformation.bpmn
https://www.pbs.gov.au/info/publication/schedule/2026,14750123,data/raw_live/historical_sources/pbs_archive/au_pbs_archive_682490a83a0e56e8.pdf,b129de0d5c6e2e2b80e21fceb2e0dcc34e42d586132a7f54714b7f6316563f90,reimbursement_atlas:au_pbs_archive_2026_03_01_682490a83a0e,Existing local cache retained; use --force to replace it.,pdf,2026-03-01-general-schedule-volume-2.pdf,au_pbs_archive_682490a83a0e56e8,public_reuse_review,pending_human_review,au_pbs,https://www.pbs.gov.au/publication/schedule/2026/03/2026-03-01-general-schedule-volume-2.pdf?variant=3,au_pbs_archive_2026_03_01_682490a83a0e,cached,data/derived/processes/historical_source_transformation.bpmn
https://www.pbs.gov.au/info/publication/schedule/2010,3598368,data/raw_live/historical_sources/pbs_archive/au_pbs_archive_682c0df5e1df61ef.pdf,a0510c7591e3b094648b7a9536264c91f914b41bb88c260e014b1fa3b5c1966d,reimbursement_atlas:au_pbs_archive_2010_01_01_682c0df5e1df,Existing local cache retained; use --force to replace it.,pdf,2010-01-01-general-schedule.pdf,au_pbs_archive_682c0df5e1df61ef,public_reuse_review,pending_human_review,au_pbs,https://www.pbs.gov.au/publication/schedule/2010/2010-01-01-general-schedule.pdf?variant=3,au_pbs_archive_2010_01_01_682c0df5e1df,cached,data/derived/processes/historical_source_transformation.bpmn
https://www.pbs.gov.au/info/publication/schedule/2021,3828340,data/raw_live/historical_sources/pbs_archive/au_pbs_archive_68ff0563e7dd8605.pdf,3cb370cc56c9558fa5de1ec30b551582b398f38126e2252f9a761e697a2a6628,reimbursement_atlas:au_pbs_archive_2021_07_01_68ff0563e7dd,Existing local cache retained; use --force to replace it.,pdf,2021-07-01-general-soc.pdf,au_pbs_archive_68ff0563e7dd8605,public_reuse_review,pending_human_review,au_pbs,https://www.pbs.gov.au/publication/schedule/2021/07/2021-07-01-general-soc.pdf?variant=3,au_pbs_archive_2021_07_01_68ff0563e7dd,cached,data/derived/processes/historical_source_transformation.bpmn
https://www.pbs.gov.au/info/publication/schedule/2016,1164112,data/raw_live/historical_sources/pbs_archive/au_pbs_archive_691413e40741f570.pdf,632f04cfad4516802ea500821ac69e8bd030e8461a9575f45acc716dfa8bf280,reimbursement_atlas:au_pbs_archive_2016_04_01_691413e40741,Existing local cache retained; use --force to replace it.,pdf,2016-04-01-efc-schedule.pdf,au_pbs_archive_691413e40741f570,public_reuse_review,pending_human_review,au_pbs,https://www.pbs.gov.au/publication/schedule/2016/04/2016-04-01-efc-schedule.pdf?variant=3,au_pbs_archive_2016_04_01_691413e40741,cached,data/derived/processes/historical_source_transformation.bpmn
https://www.pbs.gov.au/info/publication/schedule/2018,2204268,data/raw_live/historical_sources/pbs_archive/au_pbs_archive_695c59f1b34bc644.pdf,6cbb74ee67d206eef1ea2daf8a9562b124c3bb3a40e151eaed60419dd7e089bf,reimbursement_atlas:au_pbs_archive_2018_08_01_695c59f1b34b,Existing local cache retained; use --force to replace it.,pdf,2018-08-01-general-soc.pdf,au_pbs_archive_695c59f1b34bc644,public_reuse_review,pending_human_review,au_pbs,https://www.pbs.gov.au/publication/schedule/2018/08/2018-08-01-general-soc.pdf?variant=3,au_pbs_archive_2018_08_01_695c59f1b34b,cached,data/derived/processes/historical_source_transformation.bpmn
https://www.pbs.gov.au/info/publication/schedule/2013,82325,data/raw_live/historical_sources/pbs_archive/au_pbs_archive_695dbe8b540b93f7.pdf,05bb7619e1537f50925c24daed840d724c6db949eceabcd0f51a5e995f391a9d,reimbursement_atlas:au_pbs_archive_2013_02_01_695dbe8b540b,Existing local cache retained; use --force to replace it.,pdf,2013-02-01-data-erratum.pdf,au_pbs_archive_695dbe8b540b93f7,public_reuse_review,pending_human_review,au_pbs,https://www.pbs.gov.au/publication/schedule/2013/02/2013-02-01-data-erratum.pdf?variant=3,au_pbs_archive_2013_02_01_695dbe8b540b,cached,data/derived/processes/historical_source_transformation.bpmn
https://www.pbs.gov.au/info/publication/schedule/2024,10412323,data/raw_live/historical_sources/pbs_archive/au_pbs_archive_69973c7c7c410343.pdf,06424aefc194123705600f85a0ad5c454ea84f8536adf8264670bf064a1a61e7,reimbursement_atlas:au_pbs_archive_2024_06_01_69973c7c7c41,Existing local cache retained; use --force to replace it.,pdf,2024-06-01-general-schedule-volume-1.pdf,au_pbs_archive_69973c7c7c410343,public_reuse_review,pending_human_review,au_pbs,https://www.pbs.gov.au/publication/schedule/2024/06/2024-06-01-general-schedule-volume-1.pdf?variant=3,au_pbs_archive_2024_06_01_69973c7c7c41,cached,data/derived/processes/historical_source_transformation.bpmn
https://www.pbs.gov.au/info/publication/schedule/2007,1364346,data/raw_live/historical_sources/pbs_archive/au_pbs_archive_69c910bb125bb78d.pdf,eeb0e6f9fd06c15e6e395e27ced580aca9451827eaf8ea45ef050ec2d62588e9,reimbursement_atlas:au_pbs_archive_2007_02_01_69c910bb125b,Existing local cache retained; use --force to replace it.,pdf,2007-02-01-dental-book.pdf,au_pbs_archive_69c910bb125bb78d,public_reuse_review,pending_human_review,au_pbs,https://www.pbs.gov.au/publication/schedule/2007/2007-02-01-dental-book.pdf?variant=3,au_pbs_archive_2007_02_01_69c910bb125b,cached,data/derived/processes/historical_source_transformation.bpmn
https://www.pbs.gov.au/info/publication/schedule/2012,353177,data/raw_live/historical_sources/pbs_archive/au_pbs_archive_69df1310039436cf.pdf,6522795993a92b0e3624b4b3cbdb1bac8a7467f9ca5e07cb0e2c875a6d5457bc,reimbursement_atlas:au_pbs_archive_2012_09_01_69df13100394,Existing local cache retained; use --force to replace it.,pdf,2012-09-01-general-schedule-SOC.pdf,au_pbs_archive_69df1310039436cf,public_reuse_review,pending_human_review,au_pbs,https://www.pbs.gov.au/publication/schedule/2012/09/2012-09-01-general-schedule-SOC.pdf?variant=3,au_pbs_archive_2012_09_01_69df13100394,cached,data/derived/processes/historical_source_transformation.bpmn
https://www.pbs.gov.au/info/publication/schedule/2024,346839,data/raw_live/historical_sources/pbs_archive/au_pbs_archive_69f346b2c41f5181.pdf,ac6d1c7b4f0708d2646257b50c65ccd2ea55929fd1a49e665711d3882c9eefbb,reimbursement_atlas:au_pbs_archive_2024_02_01_69f346b2c41f,Existing local cache retained; use --force to replace it.,pdf,2024-02-01-general-soc.pdf,au_pbs_archive_69f346b2c41f5181,public_reuse_review,pending_human_review,au_pbs,https://www.pbs.gov.au/publication/schedule/2024/02/2024-02-01-general-soc.pdf?variant=3,au_pbs_archive_2024_02_01_69f346b2c41f,cached,data/derived/processes/historical_source_transformation.bpmn
https://www.pbs.gov.au/info/publication/schedule/2026,4004083,data/raw_live/historical_sources/pbs_archive/au_pbs_archive_6a28832fe0e93735.pdf,1d5033a36bef021bcfa20e6613af53ca8624f17662b39ff7654b2b386c78cd01,reimbursement_atlas:au_pbs_archive_2026_07_01_6a28832fe0e9,Existing local cache retained; use --force to replace it.,pdf,2026-07-01-general-soc.pdf,au_pbs_archive_6a28832fe0e93735,public_reuse_review,pending_human_review,au_pbs,https://www.pbs.gov.au/publication/schedule/2026/07/2026-07-01-general-soc.pdf?variant=3,au_pbs_archive_2026_07_01_6a28832fe0e9,cached,data/derived/processes/historical_source_transformation.bpmn
https://www.pbs.gov.au/info/publication/schedule/2015,175705,data/raw_live/historical_sources/pbs_archive/au_pbs_archive_6a3c888821fe7658.pdf,53521222c11e0b6719fb7d768fb8037d85f4a4d71326f81429ae9d2f0c43411c,reimbursement_atlas:au_pbs_archive_2015_02_01_6a3c888821fe,Existing local cache retained; use --force to replace it.,pdf,2015-02-01-general-schedule-soc.pdf,au_pbs_archive_6a3c888821fe7658,public_reuse_review,pending_human_review,au_pbs,https://www.pbs.gov.au/publication/schedule/2015/02/2015-02-01-general-schedule-soc.pdf?variant=3,au_pbs_archive_2015_02_01_6a3c888821fe,cached,data/derived/processes/historical_source_transformation.bpmn
https://www.pbs.gov.au/info/publication/schedule/2007,4677007,data/raw_live/historical_sources/pbs_archive/au_pbs_archive_6a46cf5143088c07.pdf,7261f77dd0ab960dbda68f9251358fe27fbb741fa70d8fd4e9541b6a12659574,reimbursement_atlas:au_pbs_archive_2007_02_01_6a46cf514308,Existing local cache retained; use --force to replace it.,pdf,2007-02-01-general-schedule.pdf,au_pbs_archive_6a46cf5143088c07,public_reuse_review,pending_human_review,au_pbs,https://www.pbs.gov.au/publication/schedule/2007/2007-02-01-general-schedule.pdf?variant=3,au_pbs_archive_2007_02_01_6a46cf514308,cached,data/derived/processes/historical_source_transformation.bpmn
https://www.pbs.gov.au/info/publication/schedule/2023,2402622,data/raw_live/historical_sources/pbs_archive/au_pbs_archive_6a7b4f494f5126e9.pdf,9fe2af28a939f0d70f2ab72de667fc5c63a543813015fb6fac2ea40762acb21b,reimbursement_atlas:au_pbs_archive_2023_05_01_6a7b4f494f51,Existing local cache retained; use --force to replace it.,pdf,2023-05-01-efc-schedule.pdf,au_pbs_archive_6a7b4f494f5126e9,public_reuse_review,pending_human_review,au_pbs,https://www.pbs.gov.au/publication/schedule/2023/05/2023-05-01-efc-schedule.pdf?variant=3,au_pbs_archive_2023_05_01_6a7b4f494f51,cached,data/derived/processes/historical_source_transformation.bpmn
https://www.pbs.gov.au/info/publication/schedule/2019,20571978,data/raw_live/historical_sources/pbs_archive/au_pbs_archive_6a8586353eb964bf.pdf,2d397f644fe51eb8aeea0ae687cec6646f1c6e19798af1357ba05f33d3a5cd95,reimbursement_atlas:au_pbs_archive_2019_07_01_6a8586353eb9,Existing local cache retained; use --force to replace it.,pdf,2019-07-01-general-volume-1.pdf,au_pbs_archive_6a8586353eb964bf,public_reuse_review,pending_human_review,au_pbs,https://www.pbs.gov.au/publication/schedule/2019/07/2019-07-01-general-volume-1.pdf?variant=3,au_pbs_archive_2019_07_01_6a8586353eb9,cached,data/derived/processes/historical_source_transformation.bpmn
https://www.pbs.gov.au/info/publication/schedule/2009,70779,data/raw_live/historical_sources/pbs_archive/au_pbs_archive_6ad17415d7ab7964.pdf,d7be0fe0eae0244258f6cd94f18be3a9f2ec87d2a025ef2cf65a2425335d6a89,reimbursement_atlas:au_pbs_archive_2009_03_01_6ad17415d7ab,Existing local cache retained; use --force to replace it.,pdf,2009-03-01-general-schedule-soc.pdf,au_pbs_archive_6ad17415d7ab7964,public_reuse_review,pending_human_review,au_pbs,https://www.pbs.gov.au/publication/schedule/2009/2009-03-01-general-schedule-soc.pdf?variant=3,au_pbs_archive_2009_03_01_6ad17415d7ab,cached,data/derived/processes/historical_source_transformation.bpmn
https://www.pbs.gov.au/info/publication/schedule/2007,6824373,data/raw_live/historical_sources/pbs_archive/au_pbs_archive_6ada26983d899fde.pdf,f18d70b25bbd175f4d8b0faf83a77e92bd00c97dae9fa09f933f8e2fb9dbd2b0,reimbursement_atlas:au_pbs_archive_2007_11_01_6ada26983d89,Existing local cache retained; use --force to replace it.,pdf,2007-11-01-general-schedule.pdf,au_pbs_archive_6ada26983d899fde,public_reuse_review,pending_human_review,au_pbs,https://www.pbs.gov.au/publication/schedule/2007/2007-11-01-general-schedule.pdf?variant=3,au_pbs_archive_2007_11_01_6ada26983d89,cached,data/derived/processes/historical_source_transformation.bpmn
https://www.pbs.gov.au/info/publication/schedule/2024,331379,data/raw_live/historical_sources/pbs_archive/au_pbs_archive_6b1a205d1f23949c.pdf,7fcd89fb932f53fe6a719ac67e5fe254acff2d89b5a04a66791bb67f46110472,reimbursement_atlas:au_pbs_archive_2024_05_01_6b1a205d1f23,Existing local cache retained; use --force to replace it.,pdf,2024-05-01-Errata.pdf,au_pbs_archive_6b1a205d1f23949c,public_reuse_review,pending_human_review,au_pbs,https://www.pbs.gov.au/publication/schedule/2024/05/2024-05-01-Errata.pdf?variant=3,au_pbs_archive_2024_05_01_6b1a205d1f23,cached,data/derived/processes/historical_source_transformation.bpmn
https://www.pbs.gov.au/info/publication/schedule/2024,2497298,data/raw_live/historical_sources/pbs_archive/au_pbs_archive_6b1aa4a371336b83.pdf,f5b3ffe5a2c50a9ef37d45ade5ec50a13abdecab5a846a7f61e6be518de9daef,reimbursement_atlas:au_pbs_archive_2024_04_01_6b1aa4a37133,Existing local cache retained; use --force to replace it.,pdf,2024-04-01-efc-schedule.pdf,au_pbs_archive_6b1aa4a371336b83,public_reuse_review,pending_human_review,au_pbs,https://www.pbs.gov.au/publication/schedule/2024/04/2024-04-01-efc-schedule.pdf?variant=3,au_pbs_archive_2024_04_01_6b1aa4a37133,cached,data/derived/processes/historical_source_transformation.bpmn
https://www.pbs.gov.au/info/publication/schedule/2018,15624080,data/raw_live/historical_sources/pbs_archive/au_pbs_archive_6b34a9e1299be998.pdf,91063e7f9585f3f24870abb228d669c3bbbca9c7a492d9fe3c8879157c215679,reimbursement_atlas:au_pbs_archive_2018_10_01_6b34a9e1299b,Existing local cache retained; use --force to replace it.,pdf,2018-10-01-general-schedule.pdf,au_pbs_archive_6b34a9e1299be998,public_reuse_review,pending_human_review,au_pbs,https://www.pbs.gov.au/publication/schedule/2018/10/2018-10-01-general-schedule.pdf?variant=3,au_pbs_archive_2018_10_01_6b34a9e1299b,cached,data/derived/processes/historical_source_transformation.bpmn
https://www.pbs.gov.au/info/publication/schedule/2018,95212,data/raw_live/historical_sources/pbs_archive/au_pbs_archive_6bb5c5ea17fb5fb7.pdf,cf5159c5fd4cc96dda86917ae179b54447c99d75ad83d3fab350463187b6cfd4,reimbursement_atlas:au_pbs_archive_2018_08_01_6bb5c5ea17fb,Existing local cache retained; use --force to replace it.,pdf,2018-08-01-erratum.pdf,au_pbs_archive_6bb5c5ea17fb5fb7,public_reuse_review,pending_human_review,au_pbs,https://www.pbs.gov.au/publication/schedule/2018/08/2018-08-01-erratum.pdf?variant=3,au_pbs_archive_2018_08_01_6bb5c5ea17fb,cached,data/derived/processes/historical_source_transformation.bpmn
https://www.pbs.gov.au/info/publication/schedule/2020,11319018,data/raw_live/historical_sources/pbs_archive/au_pbs_archive_6bc6534bcc9bb162.pdf,88d8a87f36f4329e986db4c0138a84a5487e03273cc8f92dbabbb7ba2f1541a5,reimbursement_atlas:au_pbs_archive_2020_06_01_6bc6534bcc9b,Existing local cache retained; use --force to replace it.,pdf,2020-06-01-general-schedule-volume-2.pdf,au_pbs_archive_6bc6534bcc9bb162,public_reuse_review,pending_human_review,au_pbs,https://www.pbs.gov.au/publication/schedule/2020/06/2020-06-01-general-schedule-volume-2.pdf?variant=3,au_pbs_archive_2020_06_01_6bc6534bcc9b,cached,data/derived/processes/historical_source_transformation.bpmn
https://www.pbs.gov.au/info/publication/schedule/2010,4815928,data/raw_live/historical_sources/pbs_archive/au_pbs_archive_6bce1542464270f7.pdf,a60306b6ab8a9f6d70f45885b44bd5cb09c4ff6395e941e5821228d538390f91,reimbursement_atlas:au_pbs_archive_2010_07_01_6bce15424642,Existing local cache retained; use --force to replace it.,pdf,2010-07-01-HSD-schedule.pdf,au_pbs_archive_6bce1542464270f7,public_reuse_review,pending_human_review,au_pbs,https://www.pbs.gov.au/publication/schedule/2010/2010-07-01-HSD-schedule.pdf?variant=3,au_pbs_archive_2010_07_01_6bce15424642,cached,data/derived/processes/historical_source_transformation.bpmn
https://www.pbs.gov.au/info/publication/schedule/2019,10413400,data/raw_live/historical_sources/pbs_archive/au_pbs_archive_6bffd0e6e5ceb93c.pdf,2f8a8a1c2e1b7bd7f32de79f65509bd4273a043354d0f3342f9571247bfe337b,reimbursement_atlas:au_pbs_archive_2019_06_01_6bffd0e6e5ce,Existing local cache retained; use --force to replace it.,pdf,2019-06-01-section100-volume-2.pdf,au_pbs_archive_6bffd0e6e5ceb93c,public_reuse_review,pending_human_review,au_pbs,https://www.pbs.gov.au/publication/schedule/2019/06/2019-06-01-section100-volume-2.pdf?variant=3,au_pbs_archive_2019_06_01_6bffd0e6e5ce,cached,data/derived/processes/historical_source_transformation.bpmn
https://www.pbs.gov.au/info/publication/schedule/2011,3649623,data/raw_live/historical_sources/pbs_archive/au_pbs_archive_6c25dcff024385b3.pdf,57aa54588252ef23530d5878bab2fa496f71bd065bf648da2d793e974d6c7deb,reimbursement_atlas:au_pbs_archive_2011_11_01_6c25dcff0243,Existing local cache retained; use --force to replace it.,pdf,2011-11-01-dental-book.pdf,au_pbs_archive_6c25dcff024385b3,public_reuse_review,pending_human_review,au_pbs,https://www.pbs.gov.au/publication/schedule/2011/11/2011-11-01-dental-book.pdf?variant=3,au_pbs_archive_2011_11_01_6c25dcff0243,cached,data/derived/processes/historical_source_transformation.bpmn
https://www.pbs.gov.au/info/publication/schedule/2021,3014329,data/raw_live/historical_sources/pbs_archive/au_pbs_archive_6c2c421e47718b63.pdf,94fb6faa82d8756e02339e30788051cc0c4d0589c337a936975e0b559ba20d9d,reimbursement_atlas:au_pbs_archive_2021_10_01_6c2c421e4771,Existing local cache retained; use --force to replace it.,pdf,2021-10-01-general-soc.pdf,au_pbs_archive_6c2c421e47718b63,public_reuse_review,pending_human_review,au_pbs,https://www.pbs.gov.au/publication/schedule/2021/10/2021-10-01-general-soc.pdf?variant=3,au_pbs_archive_2021_10_01_6c2c421e4771,cached,data/derived/processes/historical_source_transformation.bpmn
https://www.pbs.gov.au/info/publication/schedule/2008,444257,data/raw_live/historical_sources/pbs_archive/au_pbs_archive_6c651702f72ed872.pdf,43f47cc2748823c41bc88a4e92ea8bbb6b93a26b4bda8cb8bdbdab7ffb4ad6af,reimbursement_atlas:au_pbs_archive_2008_03_01_6c651702f72e,Existing local cache retained; use --force to replace it.,pdf,2008-03-01-dental-book.pdf,au_pbs_archive_6c651702f72ed872,public_reuse_review,pending_human_review,au_pbs,https://www.pbs.gov.au/publication/schedule/2008/2008-03-01-dental-book.pdf?variant=3,au_pbs_archive_2008_03_01_6c651702f72e,cached,data/derived/processes/historical_source_transformation.bpmn
https://www.pbs.gov.au/info/publication/schedule/2024,11109314,data/raw_live/historical_sources/pbs_archive/au_pbs_archive_6c75ce344f6b65aa.pdf,433170926c16fac26dda5d00cae826b2711ec5cf064adc6d6a947d8fae28c93d,reimbursement_atlas:au_pbs_archive_2024_04_01_6c75ce344f6b,Existing local cache retained; use --force to replace it.,pdf,2024-04-01-general-schedule-volume-2.pdf,au_pbs_archive_6c75ce344f6b65aa,public_reuse_review,pending_human_review,au_pbs,https://www.pbs.gov.au/publication/schedule/2024/04/2024-04-01-general-schedule-volume-2.pdf?variant=3,au_pbs_archive_2024_04_01_6c75ce344f6b,cached,data/derived/processes/historical_source_transformation.bpmn
https://www.pbs.gov.au/info/publication/schedule/2011,554097,data/raw_live/historical_sources/pbs_archive/au_pbs_archive_6cb7b9696c8a5708.pdf,56e652fcec776a286f46e7ef41e48b6c241879eaf0ebd9509c4cb9df2519a910,reimbursement_atlas:au_pbs_archive_2011_08_01_6cb7b9696c8a,Existing local cache retained; use --force to replace it.,pdf,2011-08-01-dental-book-SOC.pdf,au_pbs_archive_6cb7b9696c8a5708,public_reuse_review,pending_human_review,au_pbs,https://www.pbs.gov.au/publication/schedule/2011/08/2011-08-01-dental-book-SOC.pdf?variant=3,au_pbs_archive_2011_08_01_6cb7b9696c8a,cached,data/derived/processes/historical_source_transformation.bpmn
https://www.pbs.gov.au/info/publication/schedule/2021,512400,data/raw_live/historical_sources/pbs_archive/au_pbs_archive_6cda6bfa3473b433.pdf,45a1f2d698a79ce2efaa90d42dc73066d14621b89dc6a575ea0a76bac3bbedb8,reimbursement_atlas:au_pbs_archive_2021_05_01_6cda6bfa3473,Existing local cache retained; use --force to replace it.,pdf,2021-05-01-general-soc.pdf,au_pbs_archive_6cda6bfa3473b433,public_reuse_review,pending_human_review,au_pbs,https://www.pbs.gov.au/publication/schedule/2021/05/2021-05-01-general-soc.pdf?variant=3,au_pbs_archive_2021_05_01_6cda6bfa3473,cached,data/derived/processes/historical_source_transformation.bpmn
https://www.pbs.gov.au/info/publication/schedule/2018,117616,data/raw_live/historical_sources/pbs_archive/au_pbs_archive_6ce489c25025900f.pdf,c4097e66fd7d1607d8bc87ea78ecfe7015453ca149717bd0ba57557928db267f,reimbursement_atlas:au_pbs_archive_2018_12_01_6ce489c25025,Existing local cache retained; use --force to replace it.,pdf,2018-12-01-errata.pdf,au_pbs_archive_6ce489c25025900f,public_reuse_review,pending_human_review,au_pbs,https://www.pbs.gov.au/publication/schedule/2018/12/2018-12-01-errata.pdf?variant=3,au_pbs_archive_2018_12_01_6ce489c25025,cached,data/derived/processes/historical_source_transformation.bpmn
https://www.pbs.gov.au/info/publication/schedule/2012,2866663,data/raw_live/historical_sources/pbs_archive/au_pbs_archive_6db6aa8819c85bd1.pdf,6f52c25f07f6c1c6c18f1f5834c43684a18b228279cfbf8b836b1ec1d1be5583,reimbursement_atlas:au_pbs_archive_2012_09_01_6db6aa8819c8,Existing local cache retained; use --force to replace it.,pdf,2012-09-01-dental-book.pdf,au_pbs_archive_6db6aa8819c85bd1,public_reuse_review,pending_human_review,au_pbs,https://www.pbs.gov.au/publication/schedule/2012/09/2012-09-01-dental-book.pdf?variant=3,au_pbs_archive_2012_09_01_6db6aa8819c8,cached,data/derived/processes/historical_source_transformation.bpmn
https://www.pbs.gov.au/info/publication/schedule/2019,10493734,data/raw_live/historical_sources/pbs_archive/au_pbs_archive_6dc245471a4e3783.pdf,e911a593550508646adc66b48ebf82a48f1fe7054a0aefe01232e2c987b0c119,reimbursement_atlas:au_pbs_archive_2019_08_01_6dc245471a4e,Existing local cache retained; use --force to replace it.,pdf,2019-08-01-section100-schedule-vol-2.pdf,au_pbs_archive_6dc245471a4e3783,public_reuse_review,pending_human_review,au_pbs,https://www.pbs.gov.au/publication/schedule/2019/08/2019-08-01-section100-schedule-vol-2.pdf?variant=3,au_pbs_archive_2019_08_01_6dc245471a4e,cached,data/derived/processes/historical_source_transformation.bpmn
https://www.pbs.gov.au/info/publication/schedule/2016,566064,data/raw_live/historical_sources/pbs_archive/au_pbs_archive_6ddc923fb33dee1b.pdf,50df4e4b9162555a1f20b162eee1e63a58e5d7714223a01a287cd3f3d9a69d6a,reimbursement_atlas:au_pbs_archive_2016_03_01_6ddc923fb33d,Existing local cache retained; use --force to replace it.,pdf,2016-03-01-general-schedule-soc.pdf,au_pbs_archive_6ddc923fb33dee1b,public_reuse_review,pending_human_review,au_pbs,https://www.pbs.gov.au/publication/schedule/2016/03/2016-03-01-general-schedule-soc.pdf?variant=3,au_pbs_archive_2016_03_01_6ddc923fb33d,cached,data/derived/processes/historical_source_transformation.bpmn
https://www.pbs.gov.au/info/publication/schedule/historical-archive,17274988,data/raw_live/historical_sources/pbs_archive/au_pbs_archive_6e696f7789c10a8f.pdf,5d1f88ba0aa4d94c76481e2414b26d627fe5bcdf29cf51d6548d604c70f6424b,reimbursement_atlas:au_pbs_archive_1997_11_01_6e696f7789c1,Existing local cache retained; use --force to replace it.,pdf,1997-11-01-PBS-Schedule.pdf,au_pbs_archive_6e696f7789c10a8f,public_reuse_review,pending_human_review,au_pbs,https://www.pbs.gov.au/publication/schedule/1951-2002/1997-11-01-PBS-Schedule.pdf?variant=3,au_pbs_archive_1997_11_01_6e696f7789c1,cached,data/derived/processes/historical_source_transformation.bpmn
https://www.pbs.gov.au/info/publication/schedule/2010,530774,data/raw_live/historical_sources/pbs_archive/au_pbs_archive_6e8e56ab02d4cfa1.pdf,0c66edaaa016f8a2fe5df7100e1bccd2ce1fb4788585bafb5f13050a53dd5195,reimbursement_atlas:au_pbs_archive_2010_03_01_6e8e56ab02d4,Existing local cache retained; use --force to replace it.,pdf,2010-03-01-general-schedule-soc.pdf,au_pbs_archive_6e8e56ab02d4cfa1,public_reuse_review,pending_human_review,au_pbs,https://www.pbs.gov.au/publication/schedule/2010/2010-03-01-general-schedule-soc.pdf?variant=3,au_pbs_archive_2010_03_01_6e8e56ab02d4,cached,data/derived/processes/historical_source_transformation.bpmn
https://www.pbs.gov.au/info/publication/schedule/2010,337393,data/raw_live/historical_sources/pbs_archive/au_pbs_archive_6ea4bb05606c49c9.pdf,a077ef091d980ce3c5c4f49a8fc4ea1b41fbe4a9086ffdb9e3680f546b6ea20c,reimbursement_atlas:au_pbs_archive_2010_08_01_6ea4bb05606c,Existing local cache retained; use --force to replace it.,pdf,2010-08-01-chemotherapy-booklet.pdf,au_pbs_archive_6ea4bb05606c49c9,public_reuse_review,pending_human_review,au_pbs,https://www.pbs.gov.au/publication/schedule/2010/2010-08-01-chemotherapy-booklet.pdf?variant=3,au_pbs_archive_2010_08_01_6ea4bb05606c,cached,data/derived/processes/historical_source_transformation.bpmn
https://www.pbs.gov.au/info/publication/schedule/2011,2755104,data/raw_live/historical_sources/pbs_archive/au_pbs_archive_6ed2f8a9298ccabb.pdf,3b5fc7c3992498891bfdc983dab9a4c9f4743b7e406abdecec461c23b0db4b25,reimbursement_atlas:au_pbs_archive_2011_12_01_6ed2f8a9298c,Existing local cache retained; use --force to replace it.,pdf,2011-12-01-dental-book.pdf,au_pbs_archive_6ed2f8a9298ccabb,public_reuse_review,pending_human_review,au_pbs,https://www.pbs.gov.au/publication/schedule/2011/12/2011-12-01-dental-book.pdf?variant=3,au_pbs_archive_2011_12_01_6ed2f8a9298c,cached,data/derived/processes/historical_source_transformation.bpmn
https://www.pbs.gov.au/info/publication/schedule/2007,449847,data/raw_live/historical_sources/pbs_archive/au_pbs_archive_6ee5b8c29b28efeb.pdf,a19b1ac6ab433d552a6a5bdcc69ff02f3166f33a7425ef0ece5610e1d0d97144,reimbursement_atlas:au_pbs_archive_2007_07_01_6ee5b8c29b28,Existing local cache retained; use --force to replace it.,pdf,2007-07-01-dental-book.pdf,au_pbs_archive_6ee5b8c29b28efeb,public_reuse_review,pending_human_review,au_pbs,https://www.pbs.gov.au/publication/schedule/2007/2007-07-01-dental-book.pdf?variant=3,au_pbs_archive_2007_07_01_6ee5b8c29b28,cached,data/derived/processes/historical_source_transformation.bpmn
https://www.pbs.gov.au/info/publication/schedule/2010,4487833,data/raw_live/historical_sources/pbs_archive/au_pbs_archive_6f0076e4d7e3ddd1.pdf,fb9ac453b9f3886c98bf1c539c5195c9448f349d9079a01c8433c12bf40f284f,reimbursement_atlas:au_pbs_archive_2010_05_01_6f0076e4d7e3,Existing local cache retained; use --force to replace it.,pdf,2010-05-01-general-schedule.pdf,au_pbs_archive_6f0076e4d7e3ddd1,public_reuse_review,pending_human_review,au_pbs,https://www.pbs.gov.au/publication/schedule/2010/2010-05-01-general-schedule.pdf?variant=3,au_pbs_archive_2010_05_01_6f0076e4d7e3,cached,data/derived/processes/historical_source_transformation.bpmn
https://www.pbs.gov.au/info/publication/schedule/2015,8657575,data/raw_live/historical_sources/pbs_archive/au_pbs_archive_6fa30017348ceb65.pdf,509caf8b4c6b60904d81d208ceb7904fad3b82bebdb024828f9cc1c9eb745286,reimbursement_atlas:au_pbs_archive_2015_03_01_6fa30017348c,Existing local cache retained; use --force to replace it.,pdf,2015-03-01-general-schedule.pdf,au_pbs_archive_6fa30017348ceb65,public_reuse_review,pending_human_review,au_pbs,https://www.pbs.gov.au/publication/schedule/2015/03/2015-03-01-general-schedule.pdf?variant=3,au_pbs_archive_2015_03_01_6fa30017348c,cached,data/derived/processes/historical_source_transformation.bpmn
https://www.pbs.gov.au/info/publication/schedule/2015,18001906,data/raw_live/historical_sources/pbs_archive/au_pbs_archive_6fab7f7d852501da.pdf,78a03729f19fcfd6bd647e3a33f519d8e16f3969f32a8c106333ba4ba7ca4d4b,reimbursement_atlas:au_pbs_archive_2015_12_01_6fab7f7d8525,Existing local cache retained; use --force to replace it.,pdf,2015-12-01-general-schedule.pdf,au_pbs_archive_6fab7f7d852501da,public_reuse_review,pending_human_review,au_pbs,https://www.pbs.gov.au/publication/schedule/2015/12/2015-12-01-general-schedule.pdf?variant=3,au_pbs_archive_2015_12_01_6fab7f7d8525,cached,data/derived/processes/historical_source_transformation.bpmn
https://www.pbs.gov.au/info/publication/schedule/2003,2824711,data/raw_live/historical_sources/pbs_archive/au_pbs_archive_6fc9eb52cb0e4521.pdf,5b96f333691423e29e403ed2cabbc23807ea2cf85fea6fd8a997796f24c77d0a,reimbursement_atlas:au_pbs_archive_2003_08_01_6fc9eb52cb0e,Existing local cache retained; use --force to replace it.,pdf,2003-08-01-general-schedule.pdf,au_pbs_archive_6fc9eb52cb0e4521,public_reuse_review,pending_human_review,au_pbs,https://www.pbs.gov.au/publication/schedule/2003/2003-08-01-general-schedule.pdf?variant=3,au_pbs_archive_2003_08_01_6fc9eb52cb0e,cached,data/derived/processes/historical_source_transformation.bpmn
https://www.pbs.gov.au/info/publication/schedule/2023,10633550,data/raw_live/historical_sources/pbs_archive/au_pbs_archive_706f2e214fef1cec.pdf,06085e3f808a1a4a37796702af73c3a03b5857406082f94379f87702afd90cbb,reimbursement_atlas:au_pbs_archive_2023_07_01_706f2e214fef,Existing local cache retained; use --force to replace it.,pdf,2023-07-01-general-schedule-volume-2.pdf,au_pbs_archive_706f2e214fef1cec,public_reuse_review,pending_human_review,au_pbs,https://www.pbs.gov.au/publication/schedule/2023/07/2023-07-01-general-schedule-volume-2.pdf?variant=3,au_pbs_archive_2023_07_01_706f2e214fef,cached,data/derived/processes/historical_source_transformation.bpmn
https://www.pbs.gov.au/info/publication/schedule/2018,643284,data/raw_live/historical_sources/pbs_archive/au_pbs_archive_70a82c79371fcb46.pdf,54aef55d8c4a22957a744125bb4ffc65444706f73acf3738e08909e617904d57,reimbursement_atlas:au_pbs_archive_2018_05_01_70a82c79371f,Existing local cache retained; use --force to replace it.,pdf,2018-05-01-general-soc.pdf,au_pbs_archive_70a82c79371fcb46,public_reuse_review,pending_human_review,au_pbs,https://www.pbs.gov.au/publication/schedule/2018/05/2018-05-01-general-soc.pdf?variant=3,au_pbs_archive_2018_05_01_70a82c79371f,cached,data/derived/processes/historical_source_transformation.bpmn
https://www.pbs.gov.au/info/publication/schedule/2011,3650520,data/raw_live/historical_sources/pbs_archive/au_pbs_archive_70bcc8299b86d024.pdf,15f07fed32c461dc405848c77e80dc7cbf9d8ee7b165d6956d3e33c88f83a94e,reimbursement_atlas:au_pbs_archive_2011_12_01_70bcc8299b86,Existing local cache retained; use --force to replace it.,pdf,2011-12-01-chemotherapy-booklet.pdf,au_pbs_archive_70bcc8299b86d024,public_reuse_review,pending_human_review,au_pbs,https://www.pbs.gov.au/publication/schedule/2011/12/2011-12-01-chemotherapy-booklet.pdf?variant=3,au_pbs_archive_2011_12_01_70bcc8299b86,cached,data/derived/processes/historical_source_transformation.bpmn
https://www.pbs.gov.au/info/publication/schedule/2012,83048,data/raw_live/historical_sources/pbs_archive/au_pbs_archive_715075f1bc08e193.pdf,e17e80d42beb074a582eafa3068707f0741d5df77678129778e7a56859c98b41,reimbursement_atlas:au_pbs_archive_2012_12_01_715075f1bc08,Existing local cache retained; use --force to replace it.,pdf,2012-12-01-general-schedule-erratum-risedronate.pdf,au_pbs_archive_715075f1bc08e193,public_reuse_review,pending_human_review,au_pbs,https://www.pbs.gov.au/publication/schedule/2012/12/2012-12-01-general-schedule-erratum-risedronate.pdf?variant=3,au_pbs_archive_2012_12_01_715075f1bc08,cached,data/derived/processes/historical_source_transformation.bpmn
https://www.pbs.gov.au/info/publication/schedule/2021,25268903,data/raw_live/historical_sources/pbs_archive/au_pbs_archive_71acb0ce05d4e278.pdf,2f4dfc3e74888540bdee3207730dae56ccebef8747d9ec72f4b603719cf02fd1,reimbursement_atlas:au_pbs_archive_2021_10_01_71acb0ce05d4,Existing local cache retained; use --force to replace it.,pdf,2021-10-01-general-schedule-volume-1.pdf,au_pbs_archive_71acb0ce05d4e278,public_reuse_review,pending_human_review,au_pbs,https://www.pbs.gov.au/publication/schedule/2021/10/2021-10-01-general-schedule-volume-1.pdf?variant=3,au_pbs_archive_2021_10_01_71acb0ce05d4,cached,data/derived/processes/historical_source_transformation.bpmn
https://www.pbs.gov.au/info/publication/schedule/2022,12923046,data/raw_live/historical_sources/pbs_archive/au_pbs_archive_71ec0aa44494b7df.pdf,9efe6fc9970910b821281024f5a8a3b7e71525964fa2f885455bc0191d075cc7,reimbursement_atlas:au_pbs_archive_2022_03_01_71ec0aa44494,Existing local cache retained; use --force to replace it.,pdf,2022-03-01-general-schedule-volume-2.pdf,au_pbs_archive_71ec0aa44494b7df,public_reuse_review,pending_human_review,au_pbs,https://www.pbs.gov.au/publication/schedule/2022/03/2022-03-01-general-schedule-volume-2.pdf?variant=3,au_pbs_archive_2022_03_01_71ec0aa44494,cached,data/derived/processes/historical_source_transformation.bpmn
https://www.pbs.gov.au/info/publication/schedule/2017,3833373,data/raw_live/historical_sources/pbs_archive/au_pbs_archive_724063d0ec50654f.pdf,494b51caaa766e3e439e8c2fcf7104b05370a7e30adb14032da480f8cbd1d83e,reimbursement_atlas:au_pbs_archive_2017_12_01_724063d0ec50,Existing local cache retained; use --force to replace it.,pdf,2017-12-01-efc-schedule.pdf,au_pbs_archive_724063d0ec50654f,public_reuse_review,pending_human_review,au_pbs,https://www.pbs.gov.au/publication/schedule/2017/12/2017-12-01-efc-schedule.pdf?variant=3,au_pbs_archive_2017_12_01_724063d0ec50,cached,data/derived/processes/historical_source_transformation.bpmn
https://www.pbs.gov.au/info/publication/schedule/2026,33650291,data/raw_live/historical_sources/pbs_archive/au_pbs_archive_724897e38eaac68c.pdf,561573510a661dc3c5fcdeb97d28caf5e15e995aec29b72ded7637e94c2438e4,reimbursement_atlas:au_pbs_archive_2026_02_01_724897e38eaa,Existing local cache retained; use --force to replace it.,pdf,2026-02-01-general-schedule-volume-1.pdf,au_pbs_archive_724897e38eaac68c,public_reuse_review,pending_human_review,au_pbs,https://www.pbs.gov.au/publication/schedule/2026/02/2026-02-01-general-schedule-volume-1.pdf?variant=3,au_pbs_archive_2026_02_01_724897e38eaa,cached,data/derived/processes/historical_source_transformation.bpmn
https://www.pbs.gov.au/info/publication/schedule/2020,22191604,data/raw_live/historical_sources/pbs_archive/au_pbs_archive_726a6e8c6bb3f542.pdf,ba65eea38fd2d80c82550732120bb4c9af8847cba8383c2f88f6429e860599c4,reimbursement_atlas:au_pbs_archive_2020_10_01_726a6e8c6bb3,Existing local cache retained; use --force to replace it.,pdf,2020-10-01-general-schedule-volume-1.pdf,au_pbs_archive_726a6e8c6bb3f542,public_reuse_review,pending_human_review,au_pbs,https://www.pbs.gov.au/publication/schedule/2020/10/2020-10-01-general-schedule-volume-1.pdf?variant=3,au_pbs_archive_2020_10_01_726a6e8c6bb3,cached,data/derived/processes/historical_source_transformation.bpmn
https://www.pbs.gov.au/info/publication/schedule/2023,546688,data/raw_live/historical_sources/pbs_archive/au_pbs_archive_7289b9fa6dc41c94.pdf,864bc34382e026f680ba6cee905724dc77335476ace5409a4036d239ef1ca666,reimbursement_atlas:au_pbs_archive_2023_01_01_7289b9fa6dc4,Existing local cache retained; use --force to replace it.,pdf,2023-01-01-general-soc.pdf,au_pbs_archive_7289b9fa6dc41c94,public_reuse_review,pending_human_review,au_pbs,https://www.pbs.gov.au/publication/schedule/2023/01/2023-01-01-general-soc.pdf?variant=3,au_pbs_archive_2023_01_01_7289b9fa6dc4,cached,data/derived/processes/historical_source_transformation.bpmn
https://www.pbs.gov.au/info/publication/schedule/2013,743531,data/raw_live/historical_sources/pbs_archive/au_pbs_archive_72910cb419c2dcd6.pdf,3374c33d2b6362c2b363457556d0b3dc48a70d7a914a3fabc675c8a59d818081,reimbursement_atlas:au_pbs_archive_2013_10_01_72910cb419c2,Existing local cache retained; use --force to replace it.,pdf,2013-10-01-general-schedule-soc.pdf,au_pbs_archive_72910cb419c2dcd6,public_reuse_review,pending_human_review,au_pbs,https://www.pbs.gov.au/publication/schedule/2013/10/2013-10-01-general-schedule-soc.pdf?variant=3,au_pbs_archive_2013_10_01_72910cb419c2,cached,data/derived/processes/historical_source_transformation.bpmn
https://www.pbs.gov.au/info/publication/schedule/2015,96419,data/raw_live/historical_sources/pbs_archive/au_pbs_archive_729fc47c00c6b5a0.pdf,1ca5da4899975173667480f4113303632ca2960b4884395a933f780419597b79,reimbursement_atlas:au_pbs_archive_2015_12_01_729fc47c00c6,Existing local cache retained; use --force to replace it.,pdf,2015-12-01-errata.pdf,au_pbs_archive_729fc47c00c6b5a0,public_reuse_review,pending_human_review,au_pbs,https://www.pbs.gov.au/publication/schedule/2015/12/2015-12-01-errata.pdf?variant=3,au_pbs_archive_2015_12_01_729fc47c00c6,cached,data/derived/processes/historical_source_transformation.bpmn
https://www.pbs.gov.au/info/publication/schedule/2011,375986,data/raw_live/historical_sources/pbs_archive/au_pbs_archive_72a6154ecc228ab3.pdf,49239df373b2459ee2cdf609054952f58e6abd19b23a61de2ec72359ebdaae58,reimbursement_atlas:au_pbs_archive_2011_07_01_72a6154ecc22,Existing local cache retained; use --force to replace it.,pdf,2011-07-01-dental-book-SOC.pdf,au_pbs_archive_72a6154ecc228ab3,public_reuse_review,pending_human_review,au_pbs,https://www.pbs.gov.au/publication/schedule/2011/07/2011-07-01-dental-book-SOC.pdf?variant=3,au_pbs_archive_2011_07_01_72a6154ecc22,cached,data/derived/processes/historical_source_transformation.bpmn
https://www.pbs.gov.au/info/publication/schedule/2012,5504791,data/raw_live/historical_sources/pbs_archive/au_pbs_archive_72f1845441400f89.pdf,9e43c72d19438cc850bfc8e8c4cd5af80a52d37e413effd7e3aa61c11346a294,reimbursement_atlas:au_pbs_archive_2012_04_01_72f184544140,Existing local cache retained; use --force to replace it.,pdf,2012-04-01-general-schedule.pdf,au_pbs_archive_72f1845441400f89,public_reuse_review,pending_human_review,au_pbs,https://www.pbs.gov.au/publication/schedule/2012/04/2012-04-01-general-schedule.pdf?variant=3,au_pbs_archive_2012_04_01_72f184544140,cached,data/derived/processes/historical_source_transformation.bpmn
https://www.pbs.gov.au/info/publication/schedule/2020,1978011,data/raw_live/historical_sources/pbs_archive/au_pbs_archive_7312fddc8cf00362.pdf,ae9c1c5fa5b20a6ab5ec150685aeaff60ebba7b3cd3acea15c2c4d82352fc868,reimbursement_atlas:au_pbs_archive_2020_02_01_7312fddc8cf0,Existing local cache retained; use --force to replace it.,pdf,2020-02-01-efc-schedule.pdf,au_pbs_archive_7312fddc8cf00362,public_reuse_review,pending_human_review,au_pbs,https://www.pbs.gov.au/publication/schedule/2020/02/2020-02-01-efc-schedule.pdf?variant=3,au_pbs_archive_2020_02_01_7312fddc8cf0,cached,data/derived/processes/historical_source_transformation.bpmn
https://www.pbs.gov.au/info/publication/schedule/2023,13284628,data/raw_live/historical_sources/pbs_archive/au_pbs_archive_73642267c9478d32.pdf,26e4bfcb45a1a33917ad4f300b4748001c7cbdd8a6848feacdc6ae65349e2e39,reimbursement_atlas:au_pbs_archive_2023_05_01_73642267c947,Existing local cache retained; use --force to replace it.,pdf,2023-05-01-general-schedule-volume-2.pdf,au_pbs_archive_73642267c9478d32,public_reuse_review,pending_human_review,au_pbs,https://www.pbs.gov.au/publication/schedule/2023/05/2023-05-01-general-schedule-volume-2.pdf?variant=3,au_pbs_archive_2023_05_01_73642267c947,cached,data/derived/processes/historical_source_transformation.bpmn
https://www.pbs.gov.au/info/publication/schedule/2010,1089439,data/raw_live/historical_sources/pbs_archive/au_pbs_archive_73af48a20f106a94.pdf,02e554fda6d72c7e8eedd831197291a9edac10767f93a442c14f2f67343fa3b0,reimbursement_atlas:au_pbs_archive_2010_01_01_73af48a20f10,Existing local cache retained; use --force to replace it.,pdf,2010-01-01-dental-book.pdf,au_pbs_archive_73af48a20f106a94,public_reuse_review,pending_human_review,au_pbs,https://www.pbs.gov.au/publication/schedule/2010/2010-01-01-dental-book.pdf?variant=3,au_pbs_archive_2010_01_01_73af48a20f10,cached,data/derived/processes/historical_source_transformation.bpmn
https://www.pbs.gov.au/info/publication/schedule/2012,11899,data/raw_live/historical_sources/pbs_archive/au_pbs_archive_740256fa92f18359.pdf,483b14148c055d9844b92583a8deb7fd81a40eec0928ebabbdef69be0ee1bc2f,reimbursement_atlas:au_pbs_archive_2012_08_01_740256fa92f1,Existing local cache retained; use --force to replace it.,pdf,2012-08-01-general-schedule-errata.pdf,au_pbs_archive_740256fa92f18359,public_reuse_review,pending_human_review,au_pbs,https://www.pbs.gov.au/publication/schedule/2012/08/2012-08-01-general-schedule-errata.pdf?variant=3,au_pbs_archive_2012_08_01_740256fa92f1,cached,data/derived/processes/historical_source_transformation.bpmn
https://www.pbs.gov.au/info/publication/schedule/2007,449592,data/raw_live/historical_sources/pbs_archive/au_pbs_archive_7407ced2b5f4b603.pdf,4eba251bffb1a22e8a54fe6a58df3c37676501f80479743e60578c6b0b1a5824,reimbursement_atlas:au_pbs_archive_2007_06_01_7407ced2b5f4,Existing local cache retained; use --force to replace it.,pdf,2007-06-01-dental-book.pdf,au_pbs_archive_7407ced2b5f4b603,public_reuse_review,pending_human_review,au_pbs,https://www.pbs.gov.au/publication/schedule/2007/2007-06-01-dental-book.pdf?variant=3,au_pbs_archive_2007_06_01_7407ced2b5f4,cached,data/derived/processes/historical_source_transformation.bpmn
https://www.pbs.gov.au/info/publication/schedule/2013,6753556,data/raw_live/historical_sources/pbs_archive/au_pbs_archive_74263323e87ef6c5.pdf,f872440b0845f84ee2e0073e7428c259916508604166a78c583f2eff03af31a7,reimbursement_atlas:au_pbs_archive_2013_02_01_74263323e87e,Existing local cache retained; use --force to replace it.,pdf,2013-02-01-general-schedule.pdf,au_pbs_archive_74263323e87ef6c5,public_reuse_review,pending_human_review,au_pbs,https://www.pbs.gov.au/publication/schedule/2013/02/2013-02-01-general-schedule.pdf?variant=3,au_pbs_archive_2013_02_01_74263323e87e,cached,data/derived/processes/historical_source_transformation.bpmn
https://www.pbs.gov.au/info/publication/schedule/2007,802771,data/raw_live/historical_sources/pbs_archive/au_pbs_archive_7452642b04f020e9.pdf,10f0daa517fb5369df9a921da5e50ea42ab3822f921bbaab325b9e1bc09e194d,reimbursement_atlas:au_pbs_archive_2007_12_01_7452642b04f0,Existing local cache retained; use --force to replace it.,pdf,2007-12-01-dental-book.pdf,au_pbs_archive_7452642b04f020e9,public_reuse_review,pending_human_review,au_pbs,https://www.pbs.gov.au/publication/schedule/2007/2007-12-01-dental-book.pdf?variant=3,au_pbs_archive_2007_12_01_7452642b04f0,cached,data/derived/processes/historical_source_transformation.bpmn
https://www.pbs.gov.au/info/publication/schedule/2011,70934,data/raw_live/historical_sources/pbs_archive/au_pbs_archive_74ab5bd37a660f01.pdf,47652585d8df6f8084347be0f25c6b4add08b7128c2fa6adb9c3f0c132ea2d31,reimbursement_atlas:au_pbs_archive_2011_12_01_74ab5bd37a66,Existing local cache retained; use --force to replace it.,pdf,2011-12-01-chemotherapy-booklet-erratum.pdf,au_pbs_archive_74ab5bd37a660f01,public_reuse_review,pending_human_review,au_pbs,https://www.pbs.gov.au/publication/schedule/2011/12/2011-12-01-chemotherapy-booklet-erratum.pdf?variant=3,au_pbs_archive_2011_12_01_74ab5bd37a66,cached,data/derived/processes/historical_source_transformation.bpmn
https://www.pbs.gov.au/info/publication/schedule/2016,17946770,data/raw_live/historical_sources/pbs_archive/au_pbs_archive_74b5e877c0981499.pdf,e46895cca7d876207911fb6ec6b21a5e241a248951eeb26cb5e91c6e35837b9f,reimbursement_atlas:au_pbs_archive_2016_03_01_74b5e877c098,Existing local cache retained; use --force to replace it.,pdf,2016-03-01-general-schedule.pdf,au_pbs_archive_74b5e877c0981499,public_reuse_review,pending_human_review,au_pbs,https://www.pbs.gov.au/publication/schedule/2016/03/2016-03-01-general-schedule.pdf?variant=3,au_pbs_archive_2016_03_01_74b5e877c098,cached,data/derived/processes/historical_source_transformation.bpmn
https://www.pbs.gov.au/info/publication/schedule/2013,157862,data/raw_live/historical_sources/pbs_archive/au_pbs_archive_74d1beeba06e80d9.pdf,b9b02ec1ceec9346ffd06823dbce45da3f9850004de54d55a9bf37fd8021347d,reimbursement_atlas:au_pbs_archive_2013_03_01_74d1beeba06e,Existing local cache retained; use --force to replace it.,pdf,2013-03-01-errata.pdf,au_pbs_archive_74d1beeba06e80d9,public_reuse_review,pending_human_review,au_pbs,https://www.pbs.gov.au/publication/schedule/2013/03/2013-03-01-errata.pdf?variant=3,au_pbs_archive_2013_03_01_74d1beeba06e,cached,data/derived/processes/historical_source_transformation.bpmn
https://www.pbs.gov.au/info/publication/schedule/2025,32690401,data/raw_live/historical_sources/pbs_archive/au_pbs_archive_75100c07ba252c58.pdf,4aba0501b8006c264be4a73da64c6c80c7915deebdbab1c2a8274a8d8528f45c,reimbursement_atlas:au_pbs_archive_2025_06_01_75100c07ba25,Existing local cache retained; use --force to replace it.,pdf,2025-06-01-general-schedule-volume-1.pdf,au_pbs_archive_75100c07ba252c58,public_reuse_review,pending_human_review,au_pbs,https://www.pbs.gov.au/publication/schedule/2025/06/2025-06-01-general-schedule-volume-1.pdf?variant=3,au_pbs_archive_2025_06_01_75100c07ba25,cached,data/derived/processes/historical_source_transformation.bpmn
https://www.pbs.gov.au/info/publication/schedule/2024,2513927,data/raw_live/historical_sources/pbs_archive/au_pbs_archive_7570594bd4a474f0.pdf,4188b1231afcacb810976533021eba5384645d47fbdf7164cad9fefaddb175e7,reimbursement_atlas:au_pbs_archive_2024_10_01_7570594bd4a4,Existing local cache retained; use --force to replace it.,pdf,2024-10-01-efc-schedule.pdf,au_pbs_archive_7570594bd4a474f0,public_reuse_review,pending_human_review,au_pbs,https://www.pbs.gov.au/publication/schedule/2024/10/2024-10-01-efc-schedule.pdf?variant=3,au_pbs_archive_2024_10_01_7570594bd4a4,cached,data/derived/processes/historical_source_transformation.bpmn
https://www.pbs.gov.au/info/publication/schedule/2015,1083223,data/raw_live/historical_sources/pbs_archive/au_pbs_archive_75818b84064dcc98.pdf,abae6937190188a3e3370e9e7f466169583de64f8922299cfd19de17aefd04dc,reimbursement_atlas:au_pbs_archive_2015_10_01_75818b84064d,Existing local cache retained; use --force to replace it.,pdf,2015-10-01-efc-schedule.pdf,au_pbs_archive_75818b84064dcc98,public_reuse_review,pending_human_review,au_pbs,https://www.pbs.gov.au/publication/schedule/2015/10/2015-10-01-efc-schedule.pdf?variant=3,au_pbs_archive_2015_10_01_75818b84064d,cached,data/derived/processes/historical_source_transformation.bpmn
https://www.pbs.gov.au/info/publication/schedule/2020,15022739,data/raw_live/historical_sources/pbs_archive/au_pbs_archive_76bf8c2dad4e6dd7.pdf,81aa04545178807fa26dae1f691080b776589ca3ce9d135c481d1f1ef9738365,reimbursement_atlas:au_pbs_archive_2020_03_01_76bf8c2dad4e,Existing local cache retained; use --force to replace it.,pdf,2020-03-01-general-schedule-volume-1.pdf,au_pbs_archive_76bf8c2dad4e6dd7,public_reuse_review,pending_human_review,au_pbs,https://www.pbs.gov.au/publication/schedule/2020/03/2020-03-01-general-schedule-volume-1.pdf?variant=3,au_pbs_archive_2020_03_01_76bf8c2dad4e,cached,data/derived/processes/historical_source_transformation.bpmn
https://www.pbs.gov.au/info/publication/schedule/2013,2827727,data/raw_live/historical_sources/pbs_archive/au_pbs_archive_7714195ff1dc13f8.pdf,323b9e6d0727c6081d51097702f6f23a1cfa09e6aefc9ada9017a0e7873bec2b,reimbursement_atlas:au_pbs_archive_2013_01_01_7714195ff1dc,Existing local cache retained; use --force to replace it.,pdf,2013-01-01-efc-schedule.pdf,au_pbs_archive_7714195ff1dc13f8,public_reuse_review,pending_human_review,au_pbs,https://www.pbs.gov.au/publication/schedule/2013/01/2013-01-01-efc-schedule.pdf?variant=3,au_pbs_archive_2013_01_01_7714195ff1dc,cached,data/derived/processes/historical_source_transformation.bpmn
https://www.pbs.gov.au/info/publication/schedule/2017,2023938,data/raw_live/historical_sources/pbs_archive/au_pbs_archive_77192ef0e24f8e29.pdf,e4afd116acb36a4b9d275a2232b098890b17799fb8ed7bae7bd968fc81fe19b6,reimbursement_atlas:au_pbs_archive_2017_02_01_77192ef0e24f,Existing local cache retained; use --force to replace it.,pdf,2017-02-01-general-soc.pdf,au_pbs_archive_77192ef0e24f8e29,public_reuse_review,pending_human_review,au_pbs,https://www.pbs.gov.au/publication/schedule/2017/02/2017-02-01-general-soc.pdf?variant=3,au_pbs_archive_2017_02_01_77192ef0e24f,cached,data/derived/processes/historical_source_transformation.bpmn
https://www.pbs.gov.au/info/publication/schedule/2018,41859,data/raw_live/historical_sources/pbs_archive/au_pbs_archive_772d8cfea87329ec.pdf,7b89cb55d4249b9d812b430c68b8f59e9fb325080b83ef85e2593faa473d2b43,reimbursement_atlas:au_pbs_archive_2018_01_01_772d8cfea873,Existing local cache retained; use --force to replace it.,pdf,2018-01-01-erratum.pdf,au_pbs_archive_772d8cfea87329ec,public_reuse_review,pending_human_review,au_pbs,https://www.pbs.gov.au/publication/schedule/2018/01/2018-01-01-erratum.pdf?variant=3,au_pbs_archive_2018_01_01_772d8cfea873,cached,data/derived/processes/historical_source_transformation.bpmn
https://www.pbs.gov.au/info/publication/schedule/2008,445212,data/raw_live/historical_sources/pbs_archive/au_pbs_archive_7737bfdf204ad47a.pdf,7e76489a8ee440e4c57f3243eb63316970bc125a857ae7b1acd900f4e4b4fa46,reimbursement_atlas:au_pbs_archive_2008_10_01_7737bfdf204a,Existing local cache retained; use --force to replace it.,pdf,2008-10-01-dental-book.pdf,au_pbs_archive_7737bfdf204ad47a,public_reuse_review,pending_human_review,au_pbs,https://www.pbs.gov.au/publication/schedule/2008/2008-10-01-dental-book.pdf?variant=3,au_pbs_archive_2008_10_01_7737bfdf204a,cached,data/derived/processes/historical_source_transformation.bpmn
https://www.pbs.gov.au/info/publication/schedule/2011,151071,data/raw_live/historical_sources/pbs_archive/au_pbs_archive_775adb9a25393ef6.pdf,8cd281b6b8c89ae1dd041f89a4d09ed16ae65db8a61a2d25cb175fc72dd803a9,reimbursement_atlas:au_pbs_archive_2011_09_01_775adb9a2539,Existing local cache retained; use --force to replace it.,pdf,2011-09-01-dental-book-SOC.pdf,au_pbs_archive_775adb9a25393ef6,public_reuse_review,pending_human_review,au_pbs,https://www.pbs.gov.au/publication/schedule/2011/09/2011-09-01-dental-book-SOC.pdf?variant=3,au_pbs_archive_2011_09_01_775adb9a2539,cached,data/derived/processes/historical_source_transformation.bpmn
https://www.pbs.gov.au/info/publication/schedule/2008,55128,data/raw_live/historical_sources/pbs_archive/au_pbs_archive_77900e787db5e3e2.pdf,82ba5c5844ad835e8a5425d18cd38e9829d6eef9388545d035cf1c370078b915,reimbursement_atlas:au_pbs_archive_2008_05_01_77900e787db5,Existing local cache retained; use --force to replace it.,pdf,2008-05-01-general-schedule-soc.pdf,au_pbs_archive_77900e787db5e3e2,public_reuse_review,pending_human_review,au_pbs,https://www.pbs.gov.au/publication/schedule/2008/2008-05-01-general-schedule-soc.pdf?variant=3,au_pbs_archive_2008_05_01_77900e787db5,cached,data/derived/processes/historical_source_transformation.bpmn
https://www.pbs.gov.au/info/publication/schedule/2012,388307,data/raw_live/historical_sources/pbs_archive/au_pbs_archive_77a946b5472ac6c6.pdf,d6f9352b900287e8e7ce3d938397cfb8ae34442d7e28a72255478a82acc11ce8,reimbursement_atlas:au_pbs_archive_2012_06_01_77a946b5472a,Existing local cache retained; use --force to replace it.,pdf,2012-06-01-general-schedule-SOC.pdf,au_pbs_archive_77a946b5472ac6c6,public_reuse_review,pending_human_review,au_pbs,https://www.pbs.gov.au/publication/schedule/2012/06/2012-06-01-general-schedule-SOC.pdf?variant=3,au_pbs_archive_2012_06_01_77a946b5472a,cached,data/derived/processes/historical_source_transformation.bpmn
https://www.pbs.gov.au/info/publication/schedule/2021,7389437,data/raw_live/historical_sources/pbs_archive/au_pbs_archive_77cb21c878a127eb.pdf,ea88c149533e14de3726ad656d3fcbe6927364fa3565594893286d8898314383,reimbursement_atlas:au_pbs_archive_2021_01_01_77cb21c878a1,Existing local cache retained; use --force to replace it.,pdf,2021-01-01-general-schedule-volume-2.pdf,au_pbs_archive_77cb21c878a127eb,public_reuse_review,pending_human_review,au_pbs,https://www.pbs.gov.au/publication/schedule/2021/01/2021-01-01-general-schedule-volume-2.pdf?variant=3,au_pbs_archive_2021_01_01_77cb21c878a1,cached,data/derived/processes/historical_source_transformation.bpmn
https://www.pbs.gov.au/info/publication/schedule/2015,802562,data/raw_live/historical_sources/pbs_archive/au_pbs_archive_78213638041e8baf.pdf,c5f565349d7105fea5076d5613269942fe6206d95f4e79d48ee460c8129d17c7,reimbursement_atlas:au_pbs_archive_2015_04_01_78213638041e,Existing local cache retained; use --force to replace it.,pdf,2015-04-01-general-schedule-soc.pdf,au_pbs_archive_78213638041e8baf,public_reuse_review,pending_human_review,au_pbs,https://www.pbs.gov.au/publication/schedule/2015/04/2015-04-01-general-schedule-soc.pdf?variant=3,au_pbs_archive_2015_04_01_78213638041e,cached,data/derived/processes/historical_source_transformation.bpmn
https://www.pbs.gov.au/info/publication/schedule/2018,1906677,data/raw_live/historical_sources/pbs_archive/au_pbs_archive_7883df4cccbe247b.pdf,81671b45ad41b7ec3c59fcdc17f34b7ea93943a276c4d8e472982b048b901a61,reimbursement_atlas:au_pbs_archive_2018_06_01_7883df4cccbe,Existing local cache retained; use --force to replace it.,pdf,2018-06-01-general-soc.pdf,au_pbs_archive_7883df4cccbe247b,public_reuse_review,pending_human_review,au_pbs,https://www.pbs.gov.au/publication/schedule/2018/06/2018-06-01-general-soc.pdf?variant=3,au_pbs_archive_2018_06_01_7883df4cccbe,cached,data/derived/processes/historical_source_transformation.bpmn
https://www.pbs.gov.au/info/publication/schedule/2016,18833140,data/raw_live/historical_sources/pbs_archive/au_pbs_archive_789835f4ef4fa03b.pdf,811a04caa96db32d4ce2c0baad6b9302ffde680232a0076dc08bb18668e5766f,reimbursement_atlas:au_pbs_archive_2016_10_01_789835f4ef4f,Existing local cache retained; use --force to replace it.,pdf,2016-10-01-general-schedule.pdf,au_pbs_archive_789835f4ef4fa03b,public_reuse_review,pending_human_review,au_pbs,https://www.pbs.gov.au/publication/schedule/2016/10/2016-10-01-general-schedule.pdf?variant=3,au_pbs_archive_2016_10_01_789835f4ef4f,cached,data/derived/processes/historical_source_transformation.bpmn
https://www.pbs.gov.au/info/publication/schedule/2009,102902,data/raw_live/historical_sources/pbs_archive/au_pbs_archive_78ce5450b0ecea05.pdf,f9f9f1cbd69ad1f9a780730ebbd4500bee76ca1936e78b432c131a4b007fc2fe,reimbursement_atlas:au_pbs_archive_2009_05_01_78ce5450b0ec,Existing local cache retained; use --force to replace it.,pdf,2009-05-01-general-schedule-soc.pdf,au_pbs_archive_78ce5450b0ecea05,public_reuse_review,pending_human_review,au_pbs,https://www.pbs.gov.au/publication/schedule/2009/2009-05-01-general-schedule-soc.pdf?variant=3,au_pbs_archive_2009_05_01_78ce5450b0ec,cached,data/derived/processes/historical_source_transformation.bpmn
https://www.pbs.gov.au/info/publication/schedule/2018,1403777,data/raw_live/historical_sources/pbs_archive/au_pbs_archive_78f52f99ef358685.pdf,38f4b8954dbcc6bc52ac70cccde142ee353b93a40bc21984f2eb16aa97903b6e,reimbursement_atlas:au_pbs_archive_2018_09_01_78f52f99ef35,Existing local cache retained; use --force to replace it.,pdf,2018-09-01-general-soc.pdf,au_pbs_archive_78f52f99ef358685,public_reuse_review,pending_human_review,au_pbs,https://www.pbs.gov.au/publication/schedule/2018/09/2018-09-01-general-soc.pdf?variant=3,au_pbs_archive_2018_09_01_78f52f99ef35,cached,data/derived/processes/historical_source_transformation.bpmn
https://www.pbs.gov.au/info/publication/schedule/2012,150837,data/raw_live/historical_sources/pbs_archive/au_pbs_archive_78f6f7da0fa7e4f4.pdf,1da5df0f2e493b6810bb0c73aa177384dc5e8da62ec2bbd15539b5cea5c2f911,reimbursement_atlas:au_pbs_archive_2012_09_01_78f6f7da0fa7,Existing local cache retained; use --force to replace it.,pdf,2012-09-01-dental-book-SOC.pdf,au_pbs_archive_78f6f7da0fa7e4f4,public_reuse_review,pending_human_review,au_pbs,https://www.pbs.gov.au/publication/schedule/2012/09/2012-09-01-dental-book-SOC.pdf?variant=3,au_pbs_archive_2012_09_01_78f6f7da0fa7,cached,data/derived/processes/historical_source_transformation.bpmn
https://www.pbs.gov.au/info/publication/schedule/2012,109770,data/raw_live/historical_sources/pbs_archive/au_pbs_archive_797468150a23ca9f.pdf,43b59ba90dac1f80b521d974993cb238fc9e5edcc04110ad2d1f4a887e673f4d,reimbursement_atlas:au_pbs_archive_2012_08_01_797468150a23,Existing local cache retained; use --force to replace it.,pdf,2012-08-01-efc-schedule-addendum.pdf,au_pbs_archive_797468150a23ca9f,public_reuse_review,pending_human_review,au_pbs,https://www.pbs.gov.au/publication/schedule/2012/08/2012-08-01-efc-schedule-addendum.pdf?variant=3,au_pbs_archive_2012_08_01_797468150a23,cached,data/derived/processes/historical_source_transformation.bpmn
https://www.pbs.gov.au/info/publication/schedule/2020,11228990,data/raw_live/historical_sources/pbs_archive/au_pbs_archive_79a2bb1d2ca7c4d2.pdf,602acf9b8a5531484d0c2614cea2c7104e5cc7eeeca1ea7ddd8c1e639402b911,reimbursement_atlas:au_pbs_archive_2020_08_01_79a2bb1d2ca7,Existing local cache retained; use --force to replace it.,pdf,2020-08-01-general-schedule-volume-2.pdf,au_pbs_archive_79a2bb1d2ca7c4d2,public_reuse_review,pending_human_review,au_pbs,https://www.pbs.gov.au/publication/schedule/2020/08/2020-08-01-general-schedule-volume-2.pdf?variant=3,au_pbs_archive_2020_08_01_79a2bb1d2ca7,cached,data/derived/processes/historical_source_transformation.bpmn
https://www.pbs.gov.au/info/publication/schedule/2018,1675606,data/raw_live/historical_sources/pbs_archive/au_pbs_archive_79af9137368d3e60.pdf,0bc0621d46a6b5f0e45952003ddd3c1659d023674f813d1e24668710c0b81938,reimbursement_atlas:au_pbs_archive_2018_07_01_79af9137368d,Existing local cache retained; use --force to replace it.,pdf,2018-07-01-general-soc.pdf,au_pbs_archive_79af9137368d3e60,public_reuse_review,pending_human_review,au_pbs,https://www.pbs.gov.au/publication/schedule/2018/07/2018-07-01-general-soc.pdf?variant=3,au_pbs_archive_2018_07_01_79af9137368d,cached,data/derived/processes/historical_source_transformation.bpmn
https://www.pbs.gov.au/info/publication/schedule/2011,7776137,data/raw_live/historical_sources/pbs_archive/au_pbs_archive_79c48762ce044ed3.pdf,bb871e80928f7fac9fee8a17c5b4de986bb376d227a6b8de3e1f13334b261ea4,reimbursement_atlas:au_pbs_archive_2011_04_01_79c48762ce04,Existing local cache retained; use --force to replace it.,pdf,2011-04-01-general-schedule.pdf,au_pbs_archive_79c48762ce044ed3,public_reuse_review,pending_human_review,au_pbs,https://www.pbs.gov.au/publication/schedule/2011/04/2011-04-01-general-schedule.pdf?variant=3,au_pbs_archive_2011_04_01_79c48762ce04,cached,data/derived/processes/historical_source_transformation.bpmn
https://www.pbs.gov.au/info/publication/schedule/2022,13756194,data/raw_live/historical_sources/pbs_archive/au_pbs_archive_79c83f4b2fffdec5.pdf,b0fe7c6e4d107451ff6b94f2de89dd9f55f00779a6547f8657c4ae26ef64bb1e,reimbursement_atlas:au_pbs_archive_2022_08_01_79c83f4b2fff,Existing local cache retained; use --force to replace it.,pdf,2022-08-01-general-schedule-volume-2.pdf,au_pbs_archive_79c83f4b2fffdec5,public_reuse_review,pending_human_review,au_pbs,https://www.pbs.gov.au/publication/schedule/2022/08/2022-08-01-general-schedule-volume-2.pdf?variant=3,au_pbs_archive_2022_08_01_79c83f4b2fff,cached,data/derived/processes/historical_source_transformation.bpmn
https://www.pbs.gov.au/info/publication/schedule/2022,4754673,data/raw_live/historical_sources/pbs_archive/au_pbs_archive_7a1ff2fd667a2f66.pdf,32202f49049e70c386c36d1e13065c53fd27639911c58040bbf8ed341f94f9a7,reimbursement_atlas:au_pbs_archive_2022_07_01_7a1ff2fd667a,Existing local cache retained; use --force to replace it.,pdf,2022-07-01-efc-schedule.pdf,au_pbs_archive_7a1ff2fd667a2f66,public_reuse_review,pending_human_review,au_pbs,https://www.pbs.gov.au/publication/schedule/2022/07/2022-07-01-efc-schedule.pdf?variant=3,au_pbs_archive_2022_07_01_7a1ff2fd667a,cached,data/derived/processes/historical_source_transformation.bpmn
https://www.pbs.gov.au/info/publication/schedule/2013,388743,data/raw_live/historical_sources/pbs_archive/au_pbs_archive_7a20ef0b32794da7.pdf,8a8faf89ad374af79b3a9c2ab60251a811b9679b4dccd795a301defdfb794708,reimbursement_atlas:au_pbs_archive_2013_08_01_7a20ef0b3279,Existing local cache retained; use --force to replace it.,pdf,2013-08-01-general-schedule-soc.pdf,au_pbs_archive_7a20ef0b32794da7,public_reuse_review,pending_human_review,au_pbs,https://www.pbs.gov.au/publication/schedule/2013/08/2013-08-01-general-schedule-soc.pdf?variant=3,au_pbs_archive_2013_08_01_7a20ef0b3279,cached,data/derived/processes/historical_source_transformation.bpmn
https://www.pbs.gov.au/info/publication/schedule/2014,1442285,data/raw_live/historical_sources/pbs_archive/au_pbs_archive_7a32ef0bc37ba59a.pdf,2c3b855620bd9cdf4060c98b7cfdd9fba2a846b8813981e5c0ae893976b3e513,reimbursement_atlas:au_pbs_archive_2014_01_01_7a32ef0bc37b,Existing local cache retained; use --force to replace it.,pdf,2014-01-01-general-schedule-soc.pdf,au_pbs_archive_7a32ef0bc37ba59a,public_reuse_review,pending_human_review,au_pbs,https://www.pbs.gov.au/publication/schedule/2014/01/2014-01-01-general-schedule-soc.pdf?variant=3,au_pbs_archive_2014_01_01_7a32ef0bc37b,cached,data/derived/processes/historical_source_transformation.bpmn
https://www.pbs.gov.au/info/publication/schedule/2013,165575,data/raw_live/historical_sources/pbs_archive/au_pbs_archive_7a64b98f98063c6c.pdf,72c6e5997be6990e834100aa75f5efd337538384648e7e48d654eedb4d9e97e4,reimbursement_atlas:au_pbs_archive_unknown_7a64b98f9806,Existing local cache retained; use --force to replace it.,pdf,20120401-efc-soc.pdf,au_pbs_archive_7a64b98f98063c6c,public_reuse_review,pending_human_review,au_pbs,https://www.pbs.gov.au/publication/schedule/2013/04/20120401-efc-soc.pdf?variant=3,au_pbs_archive_unknown_7a64b98f9806,cached,data/derived/processes/historical_source_transformation.bpmn
https://www.pbs.gov.au/info/publication/schedule/2025,3098093,data/raw_live/historical_sources/pbs_archive/au_pbs_archive_7a6c509b434ce4a7.pdf,a2322f83957a39648bf9d8a92048ebc96f577f569fb0daaa9dcd20f1d17525f9,reimbursement_atlas:au_pbs_archive_2025_09_01_7a6c509b434c,Existing local cache retained; use --force to replace it.,pdf,2025-09-01-efc-schedule.pdf,au_pbs_archive_7a6c509b434ce4a7,public_reuse_review,pending_human_review,au_pbs,https://www.pbs.gov.au/publication/schedule/2025/09/2025-09-01-efc-schedule.pdf?variant=3,au_pbs_archive_2025_09_01_7a6c509b434c,cached,data/derived/processes/historical_source_transformation.bpmn
https://www.pbs.gov.au/info/publication/schedule/2014,549194,data/raw_live/historical_sources/pbs_archive/au_pbs_archive_7a9c0d1732350d22.pdf,770d9e7fae74691b207977e67664312c673de3124afb1728fd4f25bdeef2044e,reimbursement_atlas:au_pbs_archive_2014_01_01_7a9c0d173235,Existing local cache retained; use --force to replace it.,pdf,2014-01-01-efc-schedule-soc.pdf,au_pbs_archive_7a9c0d1732350d22,public_reuse_review,pending_human_review,au_pbs,https://www.pbs.gov.au/publication/schedule/2014/01/2014-01-01-efc-schedule-soc.pdf?variant=3,au_pbs_archive_2014_01_01_7a9c0d173235,cached,data/derived/processes/historical_source_transformation.bpmn
https://www.pbs.gov.au/info/publication/schedule/2014,701304,data/raw_live/historical_sources/pbs_archive/au_pbs_archive_7ac6ddaf39b7782f.pdf,0ae226e97c36cf53bc60fb2f817e5719384cb03c25c9ed9bfeb2d2e1e78273ca,reimbursement_atlas:au_pbs_archive_2014_08_01_7ac6ddaf39b7,Existing local cache retained; use --force to replace it.,pdf,2014-08-01-efc-schedule.pdf,au_pbs_archive_7ac6ddaf39b7782f,public_reuse_review,pending_human_review,au_pbs,https://www.pbs.gov.au/publication/schedule/2014/08/2014-08-01-efc-schedule.pdf?variant=3,au_pbs_archive_2014_08_01_7ac6ddaf39b7,cached,data/derived/processes/historical_source_transformation.bpmn
https://www.pbs.gov.au/info/publication/schedule/2026,33537659,data/raw_live/historical_sources/pbs_archive/au_pbs_archive_7b0fbc1e053ea968.pdf,ff4998fc6eb4a7582502baeecb31c5ae01356f767a436ae34f96f15941404481,reimbursement_atlas:au_pbs_archive_2026_06_01_7b0fbc1e053e,Existing local cache retained; use --force to replace it.,pdf,2026-06-01-general-schedule-Volume-1.pdf,au_pbs_archive_7b0fbc1e053ea968,public_reuse_review,pending_human_review,au_pbs,https://www.pbs.gov.au/publication/schedule/2026/06/2026-06-01-general-schedule-Volume-1.pdf?variant=3,au_pbs_archive_2026_06_01_7b0fbc1e053e,cached,data/derived/processes/historical_source_transformation.bpmn
https://www.pbs.gov.au/info/publication/schedule/2020,2706030,data/raw_live/historical_sources/pbs_archive/au_pbs_archive_7b93b755df45f9d5.pdf,8eb13c53c44ad392ab6e8db8f1951d5c1e56d0f6ab04ec5fed148e46309768a2,reimbursement_atlas:au_pbs_archive_2020_07_01_7b93b755df45,Existing local cache retained; use --force to replace it.,pdf,2020-07-01-efc-schedule.pdf,au_pbs_archive_7b93b755df45f9d5,public_reuse_review,pending_human_review,au_pbs,https://www.pbs.gov.au/publication/schedule/2020/07/2020-07-01-efc-schedule.pdf?variant=3,au_pbs_archive_2020_07_01_7b93b755df45,cached,data/derived/processes/historical_source_transformation.bpmn
https://www.pbs.gov.au/info/publication/schedule/2017,3757328,data/raw_live/historical_sources/pbs_archive/au_pbs_archive_7bc1bf4a479d29f6.pdf,8eb0267b2d02e170ad2921ed331dd5062c2c646b1e51bb23594fb8aa848fbf53,reimbursement_atlas:au_pbs_archive_2017_09_01_7bc1bf4a479d,Existing local cache retained; use --force to replace it.,pdf,2017-09-01-efc-schedule.pdf,au_pbs_archive_7bc1bf4a479d29f6,public_reuse_review,pending_human_review,au_pbs,https://www.pbs.gov.au/publication/schedule/2017/09/2017-09-01-efc-schedule.pdf?variant=3,au_pbs_archive_2017_09_01_7bc1bf4a479d,cached,data/derived/processes/historical_source_transformation.bpmn
https://www.pbs.gov.au/info/publication/schedule/2022,4792027,data/raw_live/historical_sources/pbs_archive/au_pbs_archive_7be99823e0fe6452.pdf,8b2c0a8e045c1e68feae00e4c9f3b87cd1f2276018f6cb4fc05299e8b2281b4c,reimbursement_atlas:au_pbs_archive_2022_06_01_7be99823e0fe,Existing local cache retained; use --force to replace it.,pdf,2022-06-01-efc-schedule.pdf,au_pbs_archive_7be99823e0fe6452,public_reuse_review,pending_human_review,au_pbs,https://www.pbs.gov.au/publication/schedule/2022/06/2022-06-01-efc-schedule.pdf?variant=3,au_pbs_archive_2022_06_01_7be99823e0fe,cached,data/derived/processes/historical_source_transformation.bpmn
https://www.pbs.gov.au/info/publication/schedule/2018,2047199,data/raw_live/historical_sources/pbs_archive/au_pbs_archive_7bf55bbeb72e9ba1.pdf,c6a33c3d89a695bb1508f775b6d9c7561209c658625d514b7b81fe88379910a7,reimbursement_atlas:au_pbs_archive_2018_04_01_7bf55bbeb72e,Existing local cache retained; use --force to replace it.,pdf,2018-04-01-general-soc.pdf,au_pbs_archive_7bf55bbeb72e9ba1,public_reuse_review,pending_human_review,au_pbs,https://www.pbs.gov.au/publication/schedule/2018/04/2018-04-01-general-soc.pdf?variant=3,au_pbs_archive_2018_04_01_7bf55bbeb72e,cached,data/derived/processes/historical_source_transformation.bpmn
https://www.pbs.gov.au/info/publication/schedule/2004,3052881,data/raw_live/historical_sources/pbs_archive/au_pbs_archive_7c68eafb3de615a6.pdf,b71ce200ae53948e2ef109d0e18986732d02ad091587f60131182a1b132e891f,reimbursement_atlas:au_pbs_archive_2004_02_01_7c68eafb3de6,Existing local cache retained; use --force to replace it.,pdf,2004-02-01-general-schedule.pdf,au_pbs_archive_7c68eafb3de615a6,public_reuse_review,pending_human_review,au_pbs,https://www.pbs.gov.au/publication/schedule/2004/2004-02-01-general-schedule.pdf?variant=3,au_pbs_archive_2004_02_01_7c68eafb3de6,cached,data/derived/processes/historical_source_transformation.bpmn
https://www.pbs.gov.au/info/publication/schedule/2019,1786549,data/raw_live/historical_sources/pbs_archive/au_pbs_archive_7ca48d655f148bd5.pdf,341b9f4b2bd2949c96cbe8c76b52bb4098989f34eab27aeb3cfec3d3a3aa47b2,reimbursement_atlas:au_pbs_archive_2019_06_01_7ca48d655f14,Existing local cache retained; use --force to replace it.,pdf,2019-06-01-efc.pdf,au_pbs_archive_7ca48d655f148bd5,public_reuse_review,pending_human_review,au_pbs,https://www.pbs.gov.au/publication/schedule/2019/06/2019-06-01-efc.pdf?variant=3,au_pbs_archive_2019_06_01_7ca48d655f14,cached,data/derived/processes/historical_source_transformation.bpmn
https://www.pbs.gov.au/info/publication/schedule/2010,4618331,data/raw_live/historical_sources/pbs_archive/au_pbs_archive_7dba4c7daf730b6b.pdf,85625019e6ae0d845907b3348b1094c296fd160b902471e91435209b40487453,reimbursement_atlas:au_pbs_archive_2010_09_01_7dba4c7daf73,Existing local cache retained; use --force to replace it.,pdf,2010-09-01-HSD-Schedule.pdf,au_pbs_archive_7dba4c7daf730b6b,public_reuse_review,pending_human_review,au_pbs,https://www.pbs.gov.au/publication/schedule/2010/2010-09-01-HSD-Schedule.pdf?variant=3,au_pbs_archive_2010_09_01_7dba4c7daf73,cached,data/derived/processes/historical_source_transformation.bpmn
https://www.pbs.gov.au/info/publication/schedule/2025,32437549,data/raw_live/historical_sources/pbs_archive/au_pbs_archive_7e089d1dec3becef.pdf,10c017e5e620e863c28a52524d43691e3194c7dde92927795e713125fc897a36,reimbursement_atlas:au_pbs_archive_2025_07_01_7e089d1dec3b,Existing local cache retained; use --force to replace it.,pdf,2025-07-01-general-schedule-volume-1.pdf,au_pbs_archive_7e089d1dec3becef,public_reuse_review,pending_human_review,au_pbs,https://www.pbs.gov.au/publication/schedule/2025/07/2025-07-01-general-schedule-volume-1.pdf?variant=3,au_pbs_archive_2025_07_01_7e089d1dec3b,cached,data/derived/processes/historical_source_transformation.bpmn
https://www.pbs.gov.au/info/publication/schedule/2008,71153,data/raw_live/historical_sources/pbs_archive/au_pbs_archive_7e1ca4045f714051.pdf,5d6cfff09e625ff60f2a0558f25d9464f30e95f8ac7e7b4fbea53bdf9ccb6050,reimbursement_atlas:au_pbs_archive_2008_02_01_7e1ca4045f71,Existing local cache retained; use --force to replace it.,pdf,2008-02-01-general-schedule-soc.pdf,au_pbs_archive_7e1ca4045f714051,public_reuse_review,pending_human_review,au_pbs,https://www.pbs.gov.au/publication/schedule/2008/2008-02-01-general-schedule-soc.pdf?variant=3,au_pbs_archive_2008_02_01_7e1ca4045f71,cached,data/derived/processes/historical_source_transformation.bpmn
https://www.pbs.gov.au/info/publication/schedule/2014,6362289,data/raw_live/historical_sources/pbs_archive/au_pbs_archive_7e2109cbccb4a4fa.pdf,97c6af3a9e27718ead67bf091308fc2cb3a7008d0135dc45032a885d636688a0,reimbursement_atlas:au_pbs_archive_2014_05_01_7e2109cbccb4,Existing local cache retained; use --force to replace it.,pdf,2014-05-01-general-schedule.pdf,au_pbs_archive_7e2109cbccb4a4fa,public_reuse_review,pending_human_review,au_pbs,https://www.pbs.gov.au/publication/schedule/2014/05/2014-05-01-general-schedule.pdf?variant=3,au_pbs_archive_2014_05_01_7e2109cbccb4,cached,data/derived/processes/historical_source_transformation.bpmn
https://www.pbs.gov.au/info/publication/schedule/2013,569868,data/raw_live/historical_sources/pbs_archive/au_pbs_archive_7e45af8eb91ab350.pdf,d00c83e623b7e912fb44fe31343e26daf78f9c9fafe72caec27d757403f0add3,reimbursement_atlas:au_pbs_archive_2013_07_01_7e45af8eb91a,Existing local cache retained; use --force to replace it.,pdf,2013-07-01-errata.pdf,au_pbs_archive_7e45af8eb91ab350,public_reuse_review,pending_human_review,au_pbs,https://www.pbs.gov.au/publication/schedule/2013/07/2013-07-01-errata.pdf?variant=3,au_pbs_archive_2013_07_01_7e45af8eb91a,cached,data/derived/processes/historical_source_transformation.bpmn
https://www.pbs.gov.au/info/publication/schedule/2012,5528423,data/raw_live/historical_sources/pbs_archive/au_pbs_archive_7e4df6a98ff68905.pdf,b4e968ac3031b308708d86de358662429240a9d54014df4a8851fdc24bb0e732,reimbursement_atlas:au_pbs_archive_2012_03_01_7e4df6a98ff6,Existing local cache retained; use --force to replace it.,pdf,2012-03-01-general-schedule.pdf,au_pbs_archive_7e4df6a98ff68905,public_reuse_review,pending_human_review,au_pbs,https://www.pbs.gov.au/publication/schedule/2012/03/2012-03-01-general-schedule.pdf?variant=3,au_pbs_archive_2012_03_01_7e4df6a98ff6,cached,data/derived/processes/historical_source_transformation.bpmn
https://www.pbs.gov.au/info/publication/schedule/2025,2990006,data/raw_live/historical_sources/pbs_archive/au_pbs_archive_7e8d3d04062e6637.pdf,965da45f38c0c95b771e5397681aab11203af035f2f2b0fbe46fd99cd3380fbe,reimbursement_atlas:au_pbs_archive_2025_06_01_7e8d3d04062e,Existing local cache retained; use --force to replace it.,pdf,2025-06-01-efc-schedule.pdf,au_pbs_archive_7e8d3d04062e6637,public_reuse_review,pending_human_review,au_pbs,https://www.pbs.gov.au/publication/schedule/2025/06/2025-06-01-efc-schedule.pdf?variant=3,au_pbs_archive_2025_06_01_7e8d3d04062e,cached,data/derived/processes/historical_source_transformation.bpmn
https://www.pbs.gov.au/info/publication/schedule/2019,1642277,data/raw_live/historical_sources/pbs_archive/au_pbs_archive_7ec3cd46e39c7687.pdf,339ba48f5cda9066cbbd036d6247d478206ac8f10743f09cef75df370244b012,reimbursement_atlas:au_pbs_archive_2019_04_01_7ec3cd46e39c,Existing local cache retained; use --force to replace it.,pdf,2019-04-01-general-soc.pdf,au_pbs_archive_7ec3cd46e39c7687,public_reuse_review,pending_human_review,au_pbs,https://www.pbs.gov.au/publication/schedule/2019/04/2019-04-01-general-soc.pdf?variant=3,au_pbs_archive_2019_04_01_7ec3cd46e39c,cached,data/derived/processes/historical_source_transformation.bpmn
https://www.pbs.gov.au/info/publication/schedule/2007,3643130,data/raw_live/historical_sources/pbs_archive/au_pbs_archive_7ec4a4a49329234d.pdf,77614e427b645dbae34dbdcbd4543a963883ab89944cc7e5fc1b3a32c40869bb,reimbursement_atlas:au_pbs_archive_2007_07_01_7ec4a4a49329,Existing local cache retained; use --force to replace it.,pdf,2007-07-01-general-schedule.pdf,au_pbs_archive_7ec4a4a49329234d,public_reuse_review,pending_human_review,au_pbs,https://www.pbs.gov.au/publication/schedule/2007/2007-07-01-general-schedule.pdf?variant=3,au_pbs_archive_2007_07_01_7ec4a4a49329,cached,data/derived/processes/historical_source_transformation.bpmn
https://www.pbs.gov.au/info/publication/schedule/2010,466276,data/raw_live/historical_sources/pbs_archive/au_pbs_archive_7f46e8302eb03b0f.pdf,12db4d60ba890783e5a75405053a9ac69270ce7e9accfab553a5287838ee640c,reimbursement_atlas:au_pbs_archive_2010_10_01_7f46e8302eb0,Existing local cache retained; use --force to replace it.,pdf,2010-10-01-chemotherapy-booklet.pdf,au_pbs_archive_7f46e8302eb03b0f,public_reuse_review,pending_human_review,au_pbs,https://www.pbs.gov.au/publication/schedule/2010/2010-10-01-chemotherapy-booklet.pdf?variant=3,au_pbs_archive_2010_10_01_7f46e8302eb0,cached,data/derived/processes/historical_source_transformation.bpmn
https://www.pbs.gov.au/info/publication/schedule/2007,94307,data/raw_live/historical_sources/pbs_archive/au_pbs_archive_7f65138feb94eb6f.pdf,33c6dea2bf50f38af3e8c0bb337ad2c4a1f295d189942ef808923241d1aadac1,reimbursement_atlas:au_pbs_archive_2007_03_01_7f65138feb94,Existing local cache retained; use --force to replace it.,pdf,2007-03-01-dental-book-soc.pdf,au_pbs_archive_7f65138feb94eb6f,public_reuse_review,pending_human_review,au_pbs,https://www.pbs.gov.au/publication/schedule/2007/2007-03-01-dental-book-soc.pdf?variant=3,au_pbs_archive_2007_03_01_7f65138feb94,cached,data/derived/processes/historical_source_transformation.bpmn
https://www.pbs.gov.au/info/publication/schedule/2010,26369,data/raw_live/historical_sources/pbs_archive/au_pbs_archive_7f66d7bccaf1879d.pdf,6d4ec1fe940c87e7906280ff8728271240b32f605651b7e80cfade7c44613f4e,reimbursement_atlas:au_pbs_archive_2010_06_01_7f66d7bccaf1,Existing local cache retained; use --force to replace it.,pdf,2010-06-01-general-schedule-SOC.pdf,au_pbs_archive_7f66d7bccaf1879d,public_reuse_review,pending_human_review,au_pbs,https://www.pbs.gov.au/publication/schedule/2010/2010-06-01-general-schedule-SOC.pdf?variant=3,au_pbs_archive_2010_06_01_7f66d7bccaf1,cached,data/derived/processes/historical_source_transformation.bpmn
https://www.pbs.gov.au/info/publication/schedule/2024,11076219,data/raw_live/historical_sources/pbs_archive/au_pbs_archive_807428b219720534.pdf,3f5e7e33ec986771a969c59576d7f847019af790d9186089daea17aeb9ef1e05,reimbursement_atlas:au_pbs_archive_2024_03_01_807428b21972,Existing local cache retained; use --force to replace it.,pdf,2024-03-01-general-volume-2.pdf,au_pbs_archive_807428b219720534,public_reuse_review,pending_human_review,au_pbs,https://www.pbs.gov.au/publication/schedule/2024/03/2024-03-01-general-volume-2.pdf?variant=3,au_pbs_archive_2024_03_01_807428b21972,cached,data/derived/processes/historical_source_transformation.bpmn
https://www.pbs.gov.au/info/publication/schedule/2010,11989,data/raw_live/historical_sources/pbs_archive/au_pbs_archive_807d44a521ce6e3f.pdf,7d9f351c6ceefdf381e4261083a0aee26be631be5f31b11efc80096c87c1aaa3,reimbursement_atlas:au_pbs_archive_2010_12_01_807d44a521ce,Existing local cache retained; use --force to replace it.,pdf,2010-12-01-general-schedule-erratum.pdf,au_pbs_archive_807d44a521ce6e3f,public_reuse_review,pending_human_review,au_pbs,https://www.pbs.gov.au/publication/schedule/2010/2010-12-01-general-schedule-erratum.pdf?variant=3,au_pbs_archive_2010_12_01_807d44a521ce,cached,data/derived/processes/historical_source_transformation.bpmn
https://www.pbs.gov.au/info/publication/schedule/2017,1498863,data/raw_live/historical_sources/pbs_archive/au_pbs_archive_80e85d857918dae9.pdf,c71d103349ee72bcc64d944da2e5961530702395fa380605f4ab34a83391ccb9,reimbursement_atlas:au_pbs_archive_2017_09_01_80e85d857918,Existing local cache retained; use --force to replace it.,pdf,2017-09-01-general-soc.pdf,au_pbs_archive_80e85d857918dae9,public_reuse_review,pending_human_review,au_pbs,https://www.pbs.gov.au/publication/schedule/2017/09/2017-09-01-general-soc.pdf?variant=3,au_pbs_archive_2017_09_01_80e85d857918,cached,data/derived/processes/historical_source_transformation.bpmn
https://www.pbs.gov.au/info/publication/schedule/2014,333562,data/raw_live/historical_sources/pbs_archive/au_pbs_archive_80fef65ce8669f9e.pdf,56831b384e2c4c9d88e57e6fe4cdf15840f6aeebdd4f63fc87a450cba391df2f,reimbursement_atlas:au_pbs_archive_2014_04_01_80fef65ce866,Existing local cache retained; use --force to replace it.,pdf,2014-04-01-errata.pdf,au_pbs_archive_80fef65ce8669f9e,public_reuse_review,pending_human_review,au_pbs,https://www.pbs.gov.au/publication/schedule/2014/04/2014-04-01-errata.pdf?variant=3,au_pbs_archive_2014_04_01_80fef65ce866,cached,data/derived/processes/historical_source_transformation.bpmn
https://www.pbs.gov.au/info/publication/schedule/2021,10578241,data/raw_live/historical_sources/pbs_archive/au_pbs_archive_815e54e0e43beacf.pdf,106d6c831ea6bc81b6d031653c08779c0b9c7b4bc75cea49d869b62acb75aa10,reimbursement_atlas:au_pbs_archive_2021_04_01_815e54e0e43b,Existing local cache retained; use --force to replace it.,pdf,2021-04-01-general-volume-1.pdf,au_pbs_archive_815e54e0e43beacf,public_reuse_review,pending_human_review,au_pbs,https://www.pbs.gov.au/publication/schedule/2021/04/2021-04-01-general-volume-1.pdf?variant=3,au_pbs_archive_2021_04_01_815e54e0e43b,cached,data/derived/processes/historical_source_transformation.bpmn
https://www.pbs.gov.au/info/publication/schedule/2021,4812171,data/raw_live/historical_sources/pbs_archive/au_pbs_archive_820c94477e7830cf.pdf,c013b85835befa31565773571ffe83cd46a34b7a68502cf88ff8cbfe5f13c1f6,reimbursement_atlas:au_pbs_archive_2021_04_01_820c94477e78,Existing local cache retained; use --force to replace it.,pdf,Addendum-for-2021-04-01.pdf,au_pbs_archive_820c94477e7830cf,public_reuse_review,pending_human_review,au_pbs,https://www.pbs.gov.au/publication/schedule/2021/04/Addendum-for-2021-04-01.pdf?variant=3,au_pbs_archive_2021_04_01_820c94477e78,cached,data/derived/processes/historical_source_transformation.bpmn
https://www.pbs.gov.au/info/publication/schedule/2025,18422731,data/raw_live/historical_sources/pbs_archive/au_pbs_archive_8224fcbab5acf038.pdf,c8752b8d2faef80caa749d643f2a50c886650b93a4835fb41352aa091387ef7e,reimbursement_atlas:au_pbs_archive_2025_09_01_8224fcbab5ac,Existing local cache retained; use --force to replace it.,pdf,2025-09-01-general-schedule-volume-1.pdf,au_pbs_archive_8224fcbab5acf038,public_reuse_review,pending_human_review,au_pbs,https://www.pbs.gov.au/publication/schedule/2025/09/2025-09-01-general-schedule-volume-1.pdf?variant=3,au_pbs_archive_2025_09_01_8224fcbab5ac,cached,data/derived/processes/historical_source_transformation.bpmn
https://www.pbs.gov.au/info/publication/schedule/2016,979908,data/raw_live/historical_sources/pbs_archive/au_pbs_archive_825da772fee300c7.pdf,2e0578156239835b49fa8de86877354752cee89e6d65bd64307330b456f37513,reimbursement_atlas:au_pbs_archive_2016_04_01_825da772fee3,Existing local cache retained; use --force to replace it.,pdf,2016-04-01-general-schedule-soc.pdf,au_pbs_archive_825da772fee300c7,public_reuse_review,pending_human_review,au_pbs,https://www.pbs.gov.au/publication/schedule/2016/04/2016-04-01-general-schedule-soc.pdf?variant=3,au_pbs_archive_2016_04_01_825da772fee3,cached,data/derived/processes/historical_source_transformation.bpmn
https://www.pbs.gov.au/info/publication/schedule/2008,55747,data/raw_live/historical_sources/pbs_archive/au_pbs_archive_82d15d22a43105a5.pdf,3f12ce5245a0d749f57fe55c6fd438b13ab1e135aa075c850ba8922b815ebe8e,reimbursement_atlas:au_pbs_archive_2008_10_01_82d15d22a431,Existing local cache retained; use --force to replace it.,pdf,2008-10-01-dental-book-soc.pdf,au_pbs_archive_82d15d22a43105a5,public_reuse_review,pending_human_review,au_pbs,https://www.pbs.gov.au/publication/schedule/2008/2008-10-01-dental-book-soc.pdf?variant=3,au_pbs_archive_2008_10_01_82d15d22a431,cached,data/derived/processes/historical_source_transformation.bpmn
https://www.pbs.gov.au/info/publication/schedule/historical-archive,17342137,data/raw_live/historical_sources/pbs_archive/au_pbs_archive_831e4c059bc30c23.pdf,2079dd51299cdec2593f232da332d7a99394e96ab116aad2c5de996f39cd59d2,reimbursement_atlas:au_pbs_archive_1970_12_01_831e4c059bc3,Existing local cache retained; use --force to replace it.,pdf,1970-12-01-consolidated-schedules.pdf,au_pbs_archive_831e4c059bc30c23,public_reuse_review,pending_human_review,au_pbs,https://www.pbs.gov.au/publication/schedule/1951-2002/1970-12-01-consolidated-schedules.pdf?variant=3,au_pbs_archive_1970_12_01_831e4c059bc3,cached,data/derived/processes/historical_source_transformation.bpmn
https://www.pbs.gov.au/info/publication/schedule/2025,9516277,data/raw_live/historical_sources/pbs_archive/au_pbs_archive_8332b809da3f5ee7.pdf,9eb03da094e1b99c8517a1d75fcada84e62586b0cdfb7b454cc3684d19dd9c50,reimbursement_atlas:au_pbs_archive_2025_11_01_8332b809da3f,Existing local cache retained; use --force to replace it.,pdf,2025-11-01-general-schedule-volume-2.pdf,au_pbs_archive_8332b809da3f5ee7,public_reuse_review,pending_human_review,au_pbs,https://www.pbs.gov.au/publication/schedule/2025/11/2025-11-01-general-schedule-volume-2.pdf?variant=3,au_pbs_archive_2025_11_01_8332b809da3f,cached,data/derived/processes/historical_source_transformation.bpmn
https://www.pbs.gov.au/info/publication/schedule/2019,1217836,data/raw_live/historical_sources/pbs_archive/au_pbs_archive_83497393f46dde59.pdf,0cfc957130df144314407669f7ea8e39f2b416f0802c3dcfa983871aa95389dc,reimbursement_atlas:au_pbs_archive_2019_01_01_83497393f46d,Existing local cache retained; use --force to replace it.,pdf,2019-01-01-general-soc.pdf,au_pbs_archive_83497393f46dde59,public_reuse_review,pending_human_review,au_pbs,https://www.pbs.gov.au/publication/schedule/2019/01/2019-01-01-general-soc.pdf?variant=3,au_pbs_archive_2019_01_01_83497393f46d,cached,data/derived/processes/historical_source_transformation.bpmn
https://www.pbs.gov.au/info/publication/schedule/2023,10647702,data/raw_live/historical_sources/pbs_archive/au_pbs_archive_83761d50b1e68029.pdf,16d35d070eb400844c2ea41d922796db6883b5eb977138fe5ec141e3f8603498,reimbursement_atlas:au_pbs_archive_2023_04_01_83761d50b1e6,Existing local cache retained; use --force to replace it.,pdf,2023-04-01-general-schedule-volume-2.pdf,au_pbs_archive_83761d50b1e68029,public_reuse_review,pending_human_review,au_pbs,https://www.pbs.gov.au/publication/schedule/2023/04/2023-04-01-general-schedule-volume-2.pdf?variant=3,au_pbs_archive_2023_04_01_83761d50b1e6,cached,data/derived/processes/historical_source_transformation.bpmn
https://www.pbs.gov.au/info/publication/schedule/2011,920243,data/raw_live/historical_sources/pbs_archive/au_pbs_archive_838c26b810c7b418.pdf,8111600540aea569faca0c56951c71637abb1be68eb43d769df2afa01d6676fc,reimbursement_atlas:au_pbs_archive_2011_11_01_838c26b810c7,Existing local cache retained; use --force to replace it.,pdf,2011-11-01-general-schedule-SOC.pdf,au_pbs_archive_838c26b810c7b418,public_reuse_review,pending_human_review,au_pbs,https://www.pbs.gov.au/publication/schedule/2011/11/2011-11-01-general-schedule-SOC.pdf?variant=3,au_pbs_archive_2011_11_01_838c26b810c7,cached,data/derived/processes/historical_source_transformation.bpmn
https://www.pbs.gov.au/info/publication/schedule/2012,329052,data/raw_live/historical_sources/pbs_archive/au_pbs_archive_8412ea33cafa756b.pdf,6bbc39ba497a08db6f4e8ea6aadbb42543b8f4a0186c6420194591d4aedb64a5,reimbursement_atlas:au_pbs_archive_2012_07_01_8412ea33cafa,Existing local cache retained; use --force to replace it.,pdf,2012-07-01-general-schedule-SOC.pdf,au_pbs_archive_8412ea33cafa756b,public_reuse_review,pending_human_review,au_pbs,https://www.pbs.gov.au/publication/schedule/2012/07/2012-07-01-general-schedule-SOC.pdf?variant=3,au_pbs_archive_2012_07_01_8412ea33cafa,cached,data/derived/processes/historical_source_transformation.bpmn
https://www.pbs.gov.au/info/publication/schedule/2014,162089,data/raw_live/historical_sources/pbs_archive/au_pbs_archive_8457fecc49303e8b.pdf,9a0b1958c5238b9f839a7c338ccfd7ae8573e6179d84c0addae29d59ce7c5c86,reimbursement_atlas:au_pbs_archive_2014_07_01_8457fecc4930,Existing local cache retained; use --force to replace it.,pdf,2014-07-01-general-schedule-soc.pdf,au_pbs_archive_8457fecc49303e8b,public_reuse_review,pending_human_review,au_pbs,https://www.pbs.gov.au/publication/schedule/2014/07/2014-07-01-general-schedule-soc.pdf?variant=3,au_pbs_archive_2014_07_01_8457fecc4930,cached,data/derived/processes/historical_source_transformation.bpmn
https://www.pbs.gov.au/info/publication/schedule/2016,1251432,data/raw_live/historical_sources/pbs_archive/au_pbs_archive_84693bb9e30d05ec.pdf,47aab14b889c999aa546538331a28042d71bc043bb628b4448bd0e5e193068c4,reimbursement_atlas:au_pbs_archive_2016_10_01_84693bb9e30d,Existing local cache retained; use --force to replace it.,pdf,2016-10-01-efc-schedule.pdf,au_pbs_archive_84693bb9e30d05ec,public_reuse_review,pending_human_review,au_pbs,https://www.pbs.gov.au/publication/schedule/2016/10/2016-10-01-efc-schedule.pdf?variant=3,au_pbs_archive_2016_10_01_84693bb9e30d,cached,data/derived/processes/historical_source_transformation.bpmn
https://www.pbs.gov.au/info/publication/schedule/2018,840860,data/raw_live/historical_sources/pbs_archive/au_pbs_archive_84b9af0a544c2689.pdf,5c965029fcedab47f1f88892377496dbb398b6116144145610d0cfd789f52ffb,reimbursement_atlas:au_pbs_archive_2018_02_01_84b9af0a544c,Existing local cache retained; use --force to replace it.,pdf,2018-02-01-general-soc.pdf,au_pbs_archive_84b9af0a544c2689,public_reuse_review,pending_human_review,au_pbs,https://www.pbs.gov.au/publication/schedule/2018/02/2018-02-01-general-soc.pdf?variant=3,au_pbs_archive_2018_02_01_84b9af0a544c,cached,data/derived/processes/historical_source_transformation.bpmn
https://www.pbs.gov.au/info/publication/schedule/2022,466027,data/raw_live/historical_sources/pbs_archive/au_pbs_archive_8507d5a032ba4d49.pdf,008d4e845aa3e10f90f2ba7c031f64bea0fea3ab3aab5afbe8a237c4ade44785,reimbursement_atlas:au_pbs_archive_2022_02_01_8507d5a032ba,Existing local cache retained; use --force to replace it.,pdf,2022-02-01-general-soc.pdf,au_pbs_archive_8507d5a032ba4d49,public_reuse_review,pending_human_review,au_pbs,https://www.pbs.gov.au/publication/schedule/2022/02/2022-02-01-general-soc.pdf?variant=3,au_pbs_archive_2022_02_01_8507d5a032ba,cached,data/derived/processes/historical_source_transformation.bpmn
https://www.pbs.gov.au/info/publication/schedule/2013,512996,data/raw_live/historical_sources/pbs_archive/au_pbs_archive_850e5348884ac28f.pdf,0f1fe526b5f74266b95e240a96e457fd4d3f03688bd679284f987c3268b0e790,reimbursement_atlas:au_pbs_archive_2013_10_01_850e5348884a,Existing local cache retained; use --force to replace it.,pdf,2013-10-01-efc-schedule-soc.pdf,au_pbs_archive_850e5348884ac28f,public_reuse_review,pending_human_review,au_pbs,https://www.pbs.gov.au/publication/schedule/2013/10/2013-10-01-efc-schedule-soc.pdf?variant=3,au_pbs_archive_2013_10_01_850e5348884a,cached,data/derived/processes/historical_source_transformation.bpmn
https://www.pbs.gov.au/info/publication/schedule/2009,50705,data/raw_live/historical_sources/pbs_archive/au_pbs_archive_853c401ed0843b67.pdf,d1f7f57c8bbec8e89fa9460f8c7a40df6cc5bfdd979f6efd4c2147ee553ddd00,reimbursement_atlas:au_pbs_archive_2009_12_01_853c401ed084,Existing local cache retained; use --force to replace it.,pdf,2009-12-01-dental-book-soc.pdf,au_pbs_archive_853c401ed0843b67,public_reuse_review,pending_human_review,au_pbs,https://www.pbs.gov.au/publication/schedule/2009/2009-12-01-dental-book-soc.pdf?variant=3,au_pbs_archive_2009_12_01_853c401ed084,cached,data/derived/processes/historical_source_transformation.bpmn
https://www.pbs.gov.au/info/publication/schedule/2024,267622,data/raw_live/historical_sources/pbs_archive/au_pbs_archive_8565496720f98d0a.pdf,bed0cc5dbe60fedfc0035d0748f32634cfbcdd9af9ec9d6fa58c90aa07ab4a8f,reimbursement_atlas:au_pbs_archive_2024_03_01_8565496720f9,Existing local cache retained; use --force to replace it.,pdf,2024-03-01-Errata.pdf,au_pbs_archive_8565496720f98d0a,public_reuse_review,pending_human_review,au_pbs,https://www.pbs.gov.au/publication/schedule/2024/03/2024-03-01-Errata.pdf?variant=3,au_pbs_archive_2024_03_01_8565496720f9,cached,data/derived/processes/historical_source_transformation.bpmn
https://www.pbs.gov.au/info/publication/schedule/2012,7793759,data/raw_live/historical_sources/pbs_archive/au_pbs_archive_86267c77d903a118.pdf,c7105450c0d1019bc031f850316787fac21cd884b52827b8c5a34627948a8a37,reimbursement_atlas:au_pbs_archive_2012_08_01_86267c77d903,Existing local cache retained; use --force to replace it.,pdf,2012-08-01-general-schedule.pdf,au_pbs_archive_86267c77d903a118,public_reuse_review,pending_human_review,au_pbs,https://www.pbs.gov.au/publication/schedule/2012/08/2012-08-01-general-schedule.pdf?variant=3,au_pbs_archive_2012_08_01_86267c77d903,cached,data/derived/processes/historical_source_transformation.bpmn
https://www.pbs.gov.au/info/publication/schedule/2011,2768977,data/raw_live/historical_sources/pbs_archive/au_pbs_archive_862fc7f2aa74796c.pdf,c79f0a6830262f37fa20e7da1d4ff81494524fc5a85b80a399bfee3edab6b721,reimbursement_atlas:au_pbs_archive_2011_11_01_862fc7f2aa74,Existing local cache retained; use --force to replace it.,pdf,2011-11-01-chemotherapy-booklet.pdf,au_pbs_archive_862fc7f2aa74796c,public_reuse_review,pending_human_review,au_pbs,https://www.pbs.gov.au/publication/schedule/2011/11/2011-11-01-chemotherapy-booklet.pdf?variant=3,au_pbs_archive_2011_11_01_862fc7f2aa74,cached,data/derived/processes/historical_source_transformation.bpmn
https://www.pbs.gov.au/info/publication/schedule/2024,30629142,data/raw_live/historical_sources/pbs_archive/au_pbs_archive_863f79f419386e16.pdf,2fd101dd4e25ee4527f3454a93f32a2c051ccb815334ab3809c4fe7ea2cc8964,reimbursement_atlas:au_pbs_archive_2024_05_01_863f79f41938,Existing local cache retained; use --force to replace it.,pdf,2024-05-01-general-schedule-volume-1.pdf,au_pbs_archive_863f79f419386e16,public_reuse_review,pending_human_review,au_pbs,https://www.pbs.gov.au/publication/schedule/2024/05/2024-05-01-general-schedule-volume-1.pdf?variant=3,au_pbs_archive_2024_05_01_863f79f41938,cached,data/derived/processes/historical_source_transformation.bpmn
https://www.pbs.gov.au/info/publication/schedule/2021,13215801,data/raw_live/historical_sources/pbs_archive/au_pbs_archive_8695ec033072020f.pdf,56cb506a1c24b22d3cbc9a6861fe6168759858e6a552d9bd7b106bd38ec6badd,reimbursement_atlas:au_pbs_archive_2021_11_01_8695ec033072,Existing local cache retained; use --force to replace it.,pdf,2021-11-01-general-schedule-volume-2.pdf,au_pbs_archive_8695ec033072020f,public_reuse_review,pending_human_review,au_pbs,https://www.pbs.gov.au/publication/schedule/2021/11/2021-11-01-general-schedule-volume-2.pdf?variant=3,au_pbs_archive_2021_11_01_8695ec033072,cached,data/derived/processes/historical_source_transformation.bpmn
https://www.pbs.gov.au/info/publication/schedule/2016,605069,data/raw_live/historical_sources/pbs_archive/au_pbs_archive_87497eeb9e0d5b0b.pdf,83734403a8dbb5238f2921ec6b1983f1d4ca0675ab703e4c388d4906951a649f,reimbursement_atlas:au_pbs_archive_2016_01_01_87497eeb9e0d,Existing local cache retained; use --force to replace it.,pdf,2016-01-01-general-schedule-soc.pdf,au_pbs_archive_87497eeb9e0d5b0b,public_reuse_review,pending_human_review,au_pbs,https://www.pbs.gov.au/publication/schedule/2016/01/2016-01-01-general-schedule-soc.pdf?variant=3,au_pbs_archive_2016_01_01_87497eeb9e0d,cached,data/derived/processes/historical_source_transformation.bpmn
https://www.pbs.gov.au/info/publication/schedule/2017,730604,data/raw_live/historical_sources/pbs_archive/au_pbs_archive_87522ee061cf3708.pdf,ede2320807ddc80fc9a36620f622e25a28a384eb87a9b8aa59fe1044457d58b6,reimbursement_atlas:au_pbs_archive_2017_06_01_87522ee061cf,Existing local cache retained; use --force to replace it.,pdf,2017-06-01-general-soc.pdf,au_pbs_archive_87522ee061cf3708,public_reuse_review,pending_human_review,au_pbs,https://www.pbs.gov.au/publication/schedule/2017/06/2017-06-01-general-soc.pdf?variant=3,au_pbs_archive_2017_06_01_87522ee061cf,cached,data/derived/processes/historical_source_transformation.bpmn
https://www.pbs.gov.au/info/publication/schedule/2007,98916,data/raw_live/historical_sources/pbs_archive/au_pbs_archive_8765a09d13218ca9.pdf,1eceea2f6d5f9368ead0a7df55ffd39761cbaf1a01ab41284a66e5a9c56d85e6,reimbursement_atlas:au_pbs_archive_2007_02_01_8765a09d1321,Existing local cache retained; use --force to replace it.,pdf,2007-02-01-general-schedule-soc.pdf,au_pbs_archive_8765a09d13218ca9,public_reuse_review,pending_human_review,au_pbs,https://www.pbs.gov.au/publication/schedule/2007/2007-02-01-general-schedule-soc.pdf?variant=3,au_pbs_archive_2007_02_01_8765a09d1321,cached,data/derived/processes/historical_source_transformation.bpmn
https://www.pbs.gov.au/info/publication/schedule/2025,13832073,data/raw_live/historical_sources/pbs_archive/au_pbs_archive_879b68cdca17f652.pdf,c723cdc2cbb431babb3054bfc6af2a37dfe029fa6bd85f730abb8fde58c9b11a,reimbursement_atlas:au_pbs_archive_2025_10_01_879b68cdca17,Existing local cache retained; use --force to replace it.,pdf,2025-10-01-general-schedule-volume-1.pdf,au_pbs_archive_879b68cdca17f652,public_reuse_review,pending_human_review,au_pbs,https://www.pbs.gov.au/publication/schedule/2025/10/2025-10-01-general-schedule-volume-1.pdf?variant=3,au_pbs_archive_2025_10_01_879b68cdca17,cached,data/derived/processes/historical_source_transformation.bpmn
https://www.pbs.gov.au/info/publication/schedule/2024,5730808,data/raw_live/historical_sources/pbs_archive/au_pbs_archive_87a9a5bf2f04a566.pdf,5168740cd1c777357ca07a391b86b6393b505038642c7aa311f8741274a77856,reimbursement_atlas:au_pbs_archive_2024_10_01_87a9a5bf2f04,Existing local cache retained; use --force to replace it.,pdf,2024-10-01-general-soc.pdf,au_pbs_archive_87a9a5bf2f04a566,public_reuse_review,pending_human_review,au_pbs,https://www.pbs.gov.au/publication/schedule/2024/10/2024-10-01-general-soc.pdf?variant=3,au_pbs_archive_2024_10_01_87a9a5bf2f04,cached,data/derived/processes/historical_source_transformation.bpmn
https://www.pbs.gov.au/info/publication/schedule/2014,977890,data/raw_live/historical_sources/pbs_archive/au_pbs_archive_8889a35d274b9f96.pdf,5846c10cf0bc93bf65f0a6fa012ae6a58a34c14ddd47abb4b5f7a5a667ba88e1,reimbursement_atlas:au_pbs_archive_2014_09_01_8889a35d274b,Existing local cache retained; use --force to replace it.,pdf,2014-09-01-general-schedule-soc.pdf,au_pbs_archive_8889a35d274b9f96,public_reuse_review,pending_human_review,au_pbs,https://www.pbs.gov.au/publication/schedule/2014/09/2014-09-01-general-schedule-soc.pdf?variant=3,au_pbs_archive_2014_09_01_8889a35d274b,cached,data/derived/processes/historical_source_transformation.bpmn
https://www.pbs.gov.au/info/publication/schedule/2017,1497334,data/raw_live/historical_sources/pbs_archive/au_pbs_archive_8896002eab332147.pdf,bd879b88712853e48d898a9237e9cc6c126ad576566f49435326dbe2662d98e5,reimbursement_atlas:au_pbs_archive_2017_10_01_8896002eab33,Existing local cache retained; use --force to replace it.,pdf,2017-10-01-general-soc.pdf,au_pbs_archive_8896002eab332147,public_reuse_review,pending_human_review,au_pbs,https://www.pbs.gov.au/publication/schedule/2017/10/2017-10-01-general-soc.pdf?variant=3,au_pbs_archive_2017_10_01_8896002eab33,cached,data/derived/processes/historical_source_transformation.bpmn
https://www.pbs.gov.au/info/publication/schedule/2011,406913,data/raw_live/historical_sources/pbs_archive/au_pbs_archive_88ac430401ed20ec.pdf,f65fdfa5470b8c95f704feff4cad6dd11fa4ad044682e539871fb6ebf7c5e3dd,reimbursement_atlas:au_pbs_archive_2011_06_01_88ac430401ed,Existing local cache retained; use --force to replace it.,pdf,2011-06-01-dental-book-SOC.pdf,au_pbs_archive_88ac430401ed20ec,public_reuse_review,pending_human_review,au_pbs,https://www.pbs.gov.au/publication/schedule/2011/06/2011-06-01-dental-book-SOC.pdf?variant=3,au_pbs_archive_2011_06_01_88ac430401ed,cached,data/derived/processes/historical_source_transformation.bpmn
https://www.pbs.gov.au/info/publication/schedule/2015,1673038,data/raw_live/historical_sources/pbs_archive/au_pbs_archive_88dd6fcec312b952.pdf,12d3cf6e7f36854faa25429fc8a6cd17207a4fa0116f3a9b834a0a461cdca7a4,reimbursement_atlas:au_pbs_archive_2015_08_01_88dd6fcec312,Existing local cache retained; use --force to replace it.,pdf,2015-08-01-general-schedule-soc.pdf,au_pbs_archive_88dd6fcec312b952,public_reuse_review,pending_human_review,au_pbs,https://www.pbs.gov.au/publication/schedule/2015/08/2015-08-01-general-schedule-soc.pdf?variant=3,au_pbs_archive_2015_08_01_88dd6fcec312,cached,data/derived/processes/historical_source_transformation.bpmn
https://www.pbs.gov.au/info/publication/schedule/2007,3573551,data/raw_live/historical_sources/pbs_archive/au_pbs_archive_89700835effd15c0.pdf,7c8ed91a3bef7dc49280aa975ed4f8db83d29c83b70ff4864f6485c349645e59,reimbursement_atlas:au_pbs_archive_2007_06_01_89700835effd,Existing local cache retained; use --force to replace it.,pdf,2007-06-01-general-schedule.pdf,au_pbs_archive_89700835effd15c0,public_reuse_review,pending_human_review,au_pbs,https://www.pbs.gov.au/publication/schedule/2007/2007-06-01-general-schedule.pdf?variant=3,au_pbs_archive_2007_06_01_89700835effd,cached,data/derived/processes/historical_source_transformation.bpmn
https://www.pbs.gov.au/info/publication/schedule/2025,14201546,data/raw_live/historical_sources/pbs_archive/au_pbs_archive_8a151e07ae49394a.pdf,8da2c6bfcabd0ac3a91615b9b124407fc7f1692a0a470c912559f130f87f9c46,reimbursement_atlas:au_pbs_archive_2025_11_01_8a151e07ae49,Existing local cache retained; use --force to replace it.,pdf,2025-11-01-general-schedule-volume-1.pdf,au_pbs_archive_8a151e07ae49394a,public_reuse_review,pending_human_review,au_pbs,https://www.pbs.gov.au/publication/schedule/2025/11/2025-11-01-general-schedule-volume-1.pdf?variant=3,au_pbs_archive_2025_11_01_8a151e07ae49,cached,data/derived/processes/historical_source_transformation.bpmn
https://www.pbs.gov.au/info/publication/schedule/2018,3912921,data/raw_live/historical_sources/pbs_archive/au_pbs_archive_8a1c748d2004cfff.pdf,2bda48d09905602bade20d1b02a5a4ee484892998ee38b7e95bae3397626bcad,reimbursement_atlas:au_pbs_archive_2018_08_01_8a1c748d2004,Existing local cache retained; use --force to replace it.,pdf,2018-08-01-efc-schedule.pdf,au_pbs_archive_8a1c748d2004cfff,public_reuse_review,pending_human_review,au_pbs,https://www.pbs.gov.au/publication/schedule/2018/08/2018-08-01-efc-schedule.pdf?variant=3,au_pbs_archive_2018_08_01_8a1c748d2004,cached,data/derived/processes/historical_source_transformation.bpmn
https://www.pbs.gov.au/info/publication/schedule/2023,12656220,data/raw_live/historical_sources/pbs_archive/au_pbs_archive_8a438dc0f57fa3df.pdf,8cbffc24510433453a7c97633f434d1c83395a005b5bece76cde9fbb264ca417,reimbursement_atlas:au_pbs_archive_2023_03_01_8a438dc0f57f,Existing local cache retained; use --force to replace it.,pdf,2023-03-01-general-schedule-volume-2.pdf,au_pbs_archive_8a438dc0f57fa3df,public_reuse_review,pending_human_review,au_pbs,https://www.pbs.gov.au/publication/schedule/2023/03/2023-03-01-general-schedule-volume-2.pdf?variant=3,au_pbs_archive_2023_03_01_8a438dc0f57f,cached,data/derived/processes/historical_source_transformation.bpmn
https://www.pbs.gov.au/info/publication/schedule/2019,1807171,data/raw_live/historical_sources/pbs_archive/au_pbs_archive_8a779a650c82b370.pdf,333123b3a716d567969bc19e9375eb9457b0869b7619fecd70b32c30ffee05bd,reimbursement_atlas:au_pbs_archive_2019_09_01_8a779a650c82,Existing local cache retained; use --force to replace it.,pdf,2019-09-01-efc-schedule.pdf,au_pbs_archive_8a779a650c82b370,public_reuse_review,pending_human_review,au_pbs,https://www.pbs.gov.au/publication/schedule/2019/09/2019-09-01-efc-schedule.pdf?variant=3,au_pbs_archive_2019_09_01_8a779a650c82,cached,data/derived/processes/historical_source_transformation.bpmn
https://www.pbs.gov.au/info/publication/schedule/2015,422062,data/raw_live/historical_sources/pbs_archive/au_pbs_archive_8a78017448e2438e.pdf,54bf072682c30263c7fc10a6c62d53960f3a95589fea650801ec8fad82da4f64,reimbursement_atlas:au_pbs_archive_2015_08_01_8a78017448e2,Existing local cache retained; use --force to replace it.,pdf,2015-08-01-errata.pdf,au_pbs_archive_8a78017448e2438e,public_reuse_review,pending_human_review,au_pbs,https://www.pbs.gov.au/publication/schedule/2015/08/2015-08-01-errata.pdf?variant=3,au_pbs_archive_2015_08_01_8a78017448e2,cached,data/derived/processes/historical_source_transformation.bpmn
https://www.pbs.gov.au/info/publication/schedule/2008,486966,data/raw_live/historical_sources/pbs_archive/au_pbs_archive_8a79bd8794e86417.pdf,a792ad8d0012c24d7ba6c801e44203557f1cc9becb57a3062274d10eee58f61e,reimbursement_atlas:au_pbs_archive_2008_08_01_8a79bd8794e8,Existing local cache retained; use --force to replace it.,pdf,2008-08-01-general-schedule-soc.pdf,au_pbs_archive_8a79bd8794e86417,public_reuse_review,pending_human_review,au_pbs,https://www.pbs.gov.au/publication/schedule/2008/2008-08-01-general-schedule-soc.pdf?variant=3,au_pbs_archive_2008_08_01_8a79bd8794e8,cached,data/derived/processes/historical_source_transformation.bpmn
https://www.pbs.gov.au/info/publication/schedule/2022,26286673,data/raw_live/historical_sources/pbs_archive/au_pbs_archive_8a7c3f1ecf8cfc19.pdf,3887d14ca384bdfd146f2c68ed23957dde68e89993d91b751810fcccc2ce0d5e,reimbursement_atlas:au_pbs_archive_2022_11_01_8a7c3f1ecf8c,Existing local cache retained; use --force to replace it.,pdf,2022-11-01-general-schedule-volume-1.pdf,au_pbs_archive_8a7c3f1ecf8cfc19,public_reuse_review,pending_human_review,au_pbs,https://www.pbs.gov.au/publication/schedule/2022/11/2022-11-01-general-schedule-volume-1.pdf?variant=3,au_pbs_archive_2022_11_01_8a7c3f1ecf8c,cached,data/derived/processes/historical_source_transformation.bpmn
https://www.pbs.gov.au/info/publication/schedule/2008,443609,data/raw_live/historical_sources/pbs_archive/au_pbs_archive_8adbcea0e7190c7b.pdf,23ddf29fb5e7336f8f4190fca1e7f9a38cdf362b8e26929033ff888cf402450b,reimbursement_atlas:au_pbs_archive_2008_07_01_8adbcea0e719,Existing local cache retained; use --force to replace it.,pdf,2008-07-01-dental-book.pdf,au_pbs_archive_8adbcea0e7190c7b,public_reuse_review,pending_human_review,au_pbs,https://www.pbs.gov.au/publication/schedule/2008/2008-07-01-dental-book.pdf?variant=3,au_pbs_archive_2008_07_01_8adbcea0e719,cached,data/derived/processes/historical_source_transformation.bpmn
https://www.pbs.gov.au/info/publication/schedule/2015,414389,data/raw_live/historical_sources/pbs_archive/au_pbs_archive_8af726fffc390bec.pdf,388529ecf6111342a5774deae6a1b606a628ea40e780025cdad239117eb7d737,reimbursement_atlas:au_pbs_archive_2015_05_01_8af726fffc39,Existing local cache retained; use --force to replace it.,pdf,2015-05-01-general-schedule-soc.pdf,au_pbs_archive_8af726fffc390bec,public_reuse_review,pending_human_review,au_pbs,https://www.pbs.gov.au/publication/schedule/2015/05/2015-05-01-general-schedule-soc.pdf?variant=3,au_pbs_archive_2015_05_01_8af726fffc39,cached,data/derived/processes/historical_source_transformation.bpmn
https://www.pbs.gov.au/info/publication/schedule/historical-archive,,data/raw_live/historical_sources/pbs_archive/au_pbs_archive_8aff4321b12f7aa4.pdf,,reimbursement_atlas:au_pbs_archive_1987_12_01_8aff4321b12f,curl: (56) The requested URL returned error: 403,pdf,1987-12-01-RPBS-Schedule.PDF,au_pbs_archive_8aff4321b12f7aa4,public_reuse_review,pending_human_review,au_pbs,https://www.pbs.gov.au/publication/schedule/1951-2002/1987-12-01-RPBS-Schedule.PDF?variant=3,au_pbs_archive_1987_12_01_8aff4321b12f,download_failed,data/derived/processes/historical_source_transformation.bpmn
https://www.pbs.gov.au/info/publication/schedule/2018,20425630,data/raw_live/historical_sources/pbs_archive/au_pbs_archive_8b3bb64c3cfaf016.pdf,7569109fc8ef4a5890c8dac74c0e3e427b8799c2568d37934bdda6f31e57aa82,reimbursement_atlas:au_pbs_archive_2018_03_01_8b3bb64c3cfa,Existing local cache retained; use --force to replace it.,pdf,2018-03-01-general-schedule.pdf,au_pbs_archive_8b3bb64c3cfaf016,public_reuse_review,pending_human_review,au_pbs,https://www.pbs.gov.au/publication/schedule/2018/03/2018-03-01-general-schedule.pdf?variant=3,au_pbs_archive_2018_03_01_8b3bb64c3cfa,cached,data/derived/processes/historical_source_transformation.bpmn
https://www.pbs.gov.au/info/publication/schedule/historical-archive,2937670,data/raw_live/historical_sources/pbs_archive/au_pbs_archive_8b60f9e96b811097.pdf,b8e0f6ed780ee71f269721b1aebadaceb801085811ad1097981c2f63562e9b7c,reimbursement_atlas:au_pbs_archive_1955_05_01_8b60f9e96b81,Existing local cache retained; use --force to replace it.,pdf,1955-05-01-PBS-Schedule-Medical-Practitioners.pdf,au_pbs_archive_8b60f9e96b811097,public_reuse_review,pending_human_review,au_pbs,https://www.pbs.gov.au/publication/schedule/1951-2002/1955-05-01-PBS-Schedule-Medical-Practitioners.pdf?variant=3,au_pbs_archive_1955_05_01_8b60f9e96b81,cached,data/derived/processes/historical_source_transformation.bpmn
https://www.pbs.gov.au/info/publication/schedule/2026,14515306,data/raw_live/historical_sources/pbs_archive/au_pbs_archive_8b7bfc3c1e366d36.pdf,a7872d73a6983112b943a9fc4dce19b7be6f93ef75bf838f0e1917fb72b9c07d,reimbursement_atlas:au_pbs_archive_2026_06_01_8b7bfc3c1e36,Existing local cache retained; use --force to replace it.,pdf,2026-06-01-general-schedule-Volume-2.pdf,au_pbs_archive_8b7bfc3c1e366d36,public_reuse_review,pending_human_review,au_pbs,https://www.pbs.gov.au/publication/schedule/2026/06/2026-06-01-general-schedule-Volume-2.pdf?variant=3,au_pbs_archive_2026_06_01_8b7bfc3c1e36,cached,data/derived/processes/historical_source_transformation.bpmn
https://www.pbs.gov.au/info/publication/schedule/2011,3692198,data/raw_live/historical_sources/pbs_archive/au_pbs_archive_8c10ed2496084edf.pdf,dea4232587eab58a9181e7ff6de11aa1a3127f64dc2320ad6be809caa82eb2f1,reimbursement_atlas:au_pbs_archive_2011_05_01_8c10ed249608,Existing local cache retained; use --force to replace it.,pdf,2011-05-01-chemotherapy-booklet.pdf,au_pbs_archive_8c10ed2496084edf,public_reuse_review,pending_human_review,au_pbs,https://www.pbs.gov.au/publication/schedule/2011/05/2011-05-01-chemotherapy-booklet.pdf?variant=3,au_pbs_archive_2011_05_01_8c10ed249608,cached,data/derived/processes/historical_source_transformation.bpmn
https://www.pbs.gov.au/info/publication/schedule/2026,28587481,data/raw_live/historical_sources/pbs_archive/au_pbs_archive_8c522c24d493b66d.pdf,46929dd96b5c9832bce61c441d8560cc45fb21bb8c035bfb73bf04d859183d93,reimbursement_atlas:au_pbs_archive_2026_04_01_8c522c24d493,Existing local cache retained; use --force to replace it.,pdf,2026-04-01-general-schedule-Volume-1.pdf,au_pbs_archive_8c522c24d493b66d,public_reuse_review,pending_human_review,au_pbs,https://www.pbs.gov.au/publication/schedule/2026/04/2026-04-01-general-schedule-Volume-1.pdf?variant=3,au_pbs_archive_2026_04_01_8c522c24d493,cached,data/derived/processes/historical_source_transformation.bpmn
https://www.pbs.gov.au/info/publication/schedule/2008,447702,data/raw_live/historical_sources/pbs_archive/au_pbs_archive_8c812ec99201f6c8.pdf,8811c7da098e45da94b26e2c9b3ebe69995c7a0fa89b021b78d117e0f193759f,reimbursement_atlas:au_pbs_archive_2008_04_01_8c812ec99201,Existing local cache retained; use --force to replace it.,pdf,2008-04-01-dental-book.pdf,au_pbs_archive_8c812ec99201f6c8,public_reuse_review,pending_human_review,au_pbs,https://www.pbs.gov.au/publication/schedule/2008/2008-04-01-dental-book.pdf?variant=3,au_pbs_archive_2008_04_01_8c812ec99201,cached,data/derived/processes/historical_source_transformation.bpmn
https://www.pbs.gov.au/info/publication/schedule/2011,10345408,data/raw_live/historical_sources/pbs_archive/au_pbs_archive_8ca65756863d60b7.pdf,96c20e99f8acd56dca5d41781233ffd746195f87a2ccdf123de02e8f547b27f1,reimbursement_atlas:au_pbs_archive_2011_01_01_8ca65756863d,Existing local cache retained; use --force to replace it.,pdf,2011-01-01-general-schedule.pdf,au_pbs_archive_8ca65756863d60b7,public_reuse_review,pending_human_review,au_pbs,https://www.pbs.gov.au/publication/schedule/2011/01/2011-01-01-general-schedule.pdf?variant=3,au_pbs_archive_2011_01_01_8ca65756863d,cached,data/derived/processes/historical_source_transformation.bpmn
https://www.pbs.gov.au/info/publication/schedule/2015,1366039,data/raw_live/historical_sources/pbs_archive/au_pbs_archive_8caaeb0ca46dd2f4.pdf,1565efe0d4ed5916fb86aa62faaea1a92939e44439550cfa10e973f263542294,reimbursement_atlas:au_pbs_archive_2015_01_01_8caaeb0ca46d,Existing local cache retained; use --force to replace it.,pdf,2015-01-01-efc-schedule.pdf,au_pbs_archive_8caaeb0ca46dd2f4,public_reuse_review,pending_human_review,au_pbs,https://www.pbs.gov.au/publication/schedule/2015/01/2015-01-01-efc-schedule.pdf?variant=3,au_pbs_archive_2015_01_01_8caaeb0ca46d,cached,data/derived/processes/historical_source_transformation.bpmn
https://www.pbs.gov.au/info/publication/schedule/2020,15397505,data/raw_live/historical_sources/pbs_archive/au_pbs_archive_8cab3e8c708d8b20.pdf,a9ba7a7a4d5d4599643bf99ed2018394846db6f2ad27e28aa84d3710f84abbf4,reimbursement_atlas:au_pbs_archive_2020_05_01_8cab3e8c708d,Existing local cache retained; use --force to replace it.,pdf,2020-05-01-general-schedule-volume-1.pdf,au_pbs_archive_8cab3e8c708d8b20,public_reuse_review,pending_human_review,au_pbs,https://www.pbs.gov.au/publication/schedule/2020/05/2020-05-01-general-schedule-volume-1.pdf?variant=3,au_pbs_archive_2020_05_01_8cab3e8c708d,cached,data/derived/processes/historical_source_transformation.bpmn
https://www.pbs.gov.au/info/publication/schedule/2007,63183,data/raw_live/historical_sources/pbs_archive/au_pbs_archive_8cf22e7b23e7f789.pdf,71aa82d9032c6fef57304ebecef0595df606a32e9c2821931088766e7c67bf9a,reimbursement_atlas:au_pbs_archive_2007_10_01_8cf22e7b23e7,Existing local cache retained; use --force to replace it.,pdf,2007-10-01-dental-book-soc.pdf,au_pbs_archive_8cf22e7b23e7f789,public_reuse_review,pending_human_review,au_pbs,https://www.pbs.gov.au/publication/schedule/2007/2007-10-01-dental-book-soc.pdf?variant=3,au_pbs_archive_2007_10_01_8cf22e7b23e7,cached,data/derived/processes/historical_source_transformation.bpmn
https://www.pbs.gov.au/info/publication/schedule/2023,3024835,data/raw_live/historical_sources/pbs_archive/au_pbs_archive_8cfc32deb4914010.pdf,846ee321f23f2c176a4cb1587fe8ceb23a1deff8db59f05e33f93dcd59bffde1,reimbursement_atlas:au_pbs_archive_2023_11_01_8cfc32deb491,Existing local cache retained; use --force to replace it.,pdf,2023-11-01-general-soc.pdf,au_pbs_archive_8cfc32deb4914010,public_reuse_review,pending_human_review,au_pbs,https://www.pbs.gov.au/publication/schedule/2023/11/2023-11-01-general-soc.pdf?variant=3,au_pbs_archive_2023_11_01_8cfc32deb491,cached,data/derived/processes/historical_source_transformation.bpmn
https://www.pbs.gov.au/info/publication/schedule/2019,20851069,data/raw_live/historical_sources/pbs_archive/au_pbs_archive_8d00e66d2b642995.pdf,83978997ca0cf6f672452e7d413cc2a8dd32c350c29076ab62fa83f5631d7227,reimbursement_atlas:au_pbs_archive_2019_08_01_8d00e66d2b64,Existing local cache retained; use --force to replace it.,pdf,2019-08-01-general-schedule-vol-1.pdf,au_pbs_archive_8d00e66d2b642995,public_reuse_review,pending_human_review,au_pbs,https://www.pbs.gov.au/publication/schedule/2019/08/2019-08-01-general-schedule-vol-1.pdf?variant=3,au_pbs_archive_2019_08_01_8d00e66d2b64,cached,data/derived/processes/historical_source_transformation.bpmn
https://www.pbs.gov.au/info/publication/schedule/2013,787168,data/raw_live/historical_sources/pbs_archive/au_pbs_archive_8d3c48c58c6f4d7b.pdf,c7583b56f6583d8ddf4134e3edd34bc3bc8bbfffc069c16b29d517b5d2ec6193,reimbursement_atlas:au_pbs_archive_2013_01_01_8d3c48c58c6f,Existing local cache retained; use --force to replace it.,pdf,2013-01-01-pbs-summary-of-changes.pdf,au_pbs_archive_8d3c48c58c6f4d7b,public_reuse_review,pending_human_review,au_pbs,https://www.pbs.gov.au/publication/schedule/2013/01/2013-01-01-pbs-summary-of-changes.pdf?variant=3,au_pbs_archive_2013_01_01_8d3c48c58c6f,cached,data/derived/processes/historical_source_transformation.bpmn
https://www.pbs.gov.au/info/publication/schedule/2024,32231413,data/raw_live/historical_sources/pbs_archive/au_pbs_archive_8d48aedfb4ec2874.pdf,2c7903433a547289978f737f06f8a29cb8f122b77319b183cf16065f0477b05d,reimbursement_atlas:au_pbs_archive_2024_11_01_8d48aedfb4ec,Existing local cache retained; use --force to replace it.,pdf,2024-11-01-general-schedule-volume-1.pdf,au_pbs_archive_8d48aedfb4ec2874,public_reuse_review,pending_human_review,au_pbs,https://www.pbs.gov.au/publication/schedule/2024/11/2024-11-01-general-schedule-volume-1.pdf?variant=3,au_pbs_archive_2024_11_01_8d48aedfb4ec,cached,data/derived/processes/historical_source_transformation.bpmn
https://www.pbs.gov.au/info/publication/schedule/2025,32293966,data/raw_live/historical_sources/pbs_archive/au_pbs_archive_8dd6c055d1175e01.pdf,47d404170bff7f39351c4cf7365cbe22a624ed2c2971f6822798c9ac52b5c0fa,reimbursement_atlas:au_pbs_archive_2025_03_01_8dd6c055d117,Retrieved into ignored local cache.,pdf,2025-03-01-general-schedule-volume-1.pdf,au_pbs_archive_8dd6c055d1175e01,public_reuse_review,pending_human_review,au_pbs,https://www.pbs.gov.au/publication/schedule/2025/03/2025-03-01-general-schedule-volume-1.pdf?variant=3,au_pbs_archive_2025_03_01_8dd6c055d117,downloaded,data/derived/processes/historical_source_transformation.bpmn
https://www.pbs.gov.au/info/publication/schedule/2011,1734310,data/raw_live/historical_sources/pbs_archive/au_pbs_archive_8e43085ccf52f531.pdf,f0aadc49b78cc6cce9fd57f0f6803e72cff82fbeee67d98b53250b5d0c895380,reimbursement_atlas:au_pbs_archive_2011_01_01_8e43085ccf52,Existing local cache retained; use --force to replace it.,pdf,2011-01-01-chemotherapy-booklet.pdf,au_pbs_archive_8e43085ccf52f531,public_reuse_review,pending_human_review,au_pbs,https://www.pbs.gov.au/publication/schedule/2011/01/2011-01-01-chemotherapy-booklet.pdf?variant=3,au_pbs_archive_2011_01_01_8e43085ccf52,cached,data/derived/processes/historical_source_transformation.bpmn
https://www.pbs.gov.au/info/publication/schedule/2008,51982,data/raw_live/historical_sources/pbs_archive/au_pbs_archive_8e4770605cd40328.pdf,f3fdc620e2a986ac636551af5d6129dca00d12c05407fd731843bcb85fd24b25,reimbursement_atlas:au_pbs_archive_2008_03_01_8e4770605cd4,Existing local cache retained; use --force to replace it.,pdf,2008-03-01-dental-book-soc.pdf,au_pbs_archive_8e4770605cd40328,public_reuse_review,pending_human_review,au_pbs,https://www.pbs.gov.au/publication/schedule/2008/2008-03-01-dental-book-soc.pdf?variant=3,au_pbs_archive_2008_03_01_8e4770605cd4,cached,data/derived/processes/historical_source_transformation.bpmn
https://www.pbs.gov.au/info/publication/schedule/2024,9889519,data/raw_live/historical_sources/pbs_archive/au_pbs_archive_8ea7889cdb9bc360.pdf,48dd602ce204d7e773919e20b25cce133125da940193039bcf4eb956802dd691,reimbursement_atlas:au_pbs_archive_2024_12_01_8ea7889cdb9b,Existing local cache retained; use --force to replace it.,pdf,2024-12-01-general-schedule-volume-1.pdf,au_pbs_archive_8ea7889cdb9bc360,public_reuse_review,pending_human_review,au_pbs,https://www.pbs.gov.au/publication/schedule/2024/12/2024-12-01-general-schedule-volume-1.pdf?variant=3,au_pbs_archive_2024_12_01_8ea7889cdb9b,cached,data/derived/processes/historical_source_transformation.bpmn
https://www.pbs.gov.au/info/publication/schedule/2013,1005965,data/raw_live/historical_sources/pbs_archive/au_pbs_archive_8f01b4ecf07fda10.pdf,69708ab3566c5583cc76b5329be39ae1dbad246770345a2edf97b105a1ed8dba,reimbursement_atlas:au_pbs_archive_2013_04_01_8f01b4ecf07f,Existing local cache retained; use --force to replace it.,pdf,2013-04-01-errata.pdf,au_pbs_archive_8f01b4ecf07fda10,public_reuse_review,pending_human_review,au_pbs,https://www.pbs.gov.au/publication/schedule/2013/04/2013-04-01-errata.pdf?variant=3,au_pbs_archive_2013_04_01_8f01b4ecf07f,cached,data/derived/processes/historical_source_transformation.bpmn
https://www.pbs.gov.au/info/publication/schedule/2022,11036408,data/raw_live/historical_sources/pbs_archive/au_pbs_archive_8f05093a384d9f7c.pdf,6c8ffdc9fe1611591e8bb74b90cea16c6fb28fd7002467e99fb269e0c30e6c0a,reimbursement_atlas:au_pbs_archive_2022_09_01_8f05093a384d,Existing local cache retained; use --force to replace it.,pdf,2022-09-01-general-schedule-volume-2.pdf,au_pbs_archive_8f05093a384d9f7c,public_reuse_review,pending_human_review,au_pbs,https://www.pbs.gov.au/publication/schedule/2022/09/2022-09-01-general-schedule-volume-2.pdf?variant=3,au_pbs_archive_2022_09_01_8f05093a384d,cached,data/derived/processes/historical_source_transformation.bpmn
https://www.pbs.gov.au/info/publication/schedule/2018,1706799,data/raw_live/historical_sources/pbs_archive/au_pbs_archive_8f0c27821f9cb6fe.pdf,4a445eb78dae3cfe0f068820ad6bc4993bc0dfd99bda49fd5ff31503e914845b,reimbursement_atlas:au_pbs_archive_2018_10_01_8f0c27821f9c,Existing local cache retained; use --force to replace it.,pdf,2018-10-01-general-soc.pdf,au_pbs_archive_8f0c27821f9cb6fe,public_reuse_review,pending_human_review,au_pbs,https://www.pbs.gov.au/publication/schedule/2018/10/2018-10-01-general-soc.pdf?variant=3,au_pbs_archive_2018_10_01_8f0c27821f9c,cached,data/derived/processes/historical_source_transformation.bpmn
https://www.pbs.gov.au/info/publication/schedule/2015,1372339,data/raw_live/historical_sources/pbs_archive/au_pbs_archive_8f2c98c4b8339852.pdf,a44f79d5a0877b90e0c5b29c030decaa8e83f2cfe0ebf837828d153c1027e750,reimbursement_atlas:au_pbs_archive_2015_02_01_8f2c98c4b833,Existing local cache retained; use --force to replace it.,pdf,2015-02-01-efc-schedule.pdf,au_pbs_archive_8f2c98c4b8339852,public_reuse_review,pending_human_review,au_pbs,https://www.pbs.gov.au/publication/schedule/2015/02/2015-02-01-efc-schedule.pdf?variant=3,au_pbs_archive_2015_02_01_8f2c98c4b833,cached,data/derived/processes/historical_source_transformation.bpmn
https://www.pbs.gov.au/info/publication/schedule/2011,2935026,data/raw_live/historical_sources/pbs_archive/au_pbs_archive_8f3a5d0d05caf83c.pdf,fb6888fa9ab1251fec2e42a7ca4fe98e8e8d0b496ababe4a0f8d62e577577278,reimbursement_atlas:au_pbs_archive_2011_07_01_8f3a5d0d05ca,Existing local cache retained; use --force to replace it.,pdf,2011-07-01-chemotherapy-booklet.pdf,au_pbs_archive_8f3a5d0d05caf83c,public_reuse_review,pending_human_review,au_pbs,https://www.pbs.gov.au/publication/schedule/2011/07/2011-07-01-chemotherapy-booklet.pdf?variant=3,au_pbs_archive_2011_07_01_8f3a5d0d05ca,cached,data/derived/processes/historical_source_transformation.bpmn
https://www.pbs.gov.au/info/publication/schedule/2012,84058,data/raw_live/historical_sources/pbs_archive/au_pbs_archive_8f59c5382ed0e9c1.pdf,a3e173b9bb7b86342d87a11d4583079d04918f12a2240062158117ad1e315915,reimbursement_atlas:au_pbs_archive_2012_12_01_8f59c5382ed0,Existing local cache retained; use --force to replace it.,pdf,2012-12-01-efc-erratum-docetaxel.pdf,au_pbs_archive_8f59c5382ed0e9c1,public_reuse_review,pending_human_review,au_pbs,https://www.pbs.gov.au/publication/schedule/2012/12/2012-12-01-efc-erratum-docetaxel.pdf?variant=3,au_pbs_archive_2012_12_01_8f59c5382ed0,cached,data/derived/processes/historical_source_transformation.bpmn
https://www.pbs.gov.au/info/publication/schedule/2007,1366169,data/raw_live/historical_sources/pbs_archive/au_pbs_archive_8f963e58b76ce21b.pdf,4a58c17b8d8315edb97f954ee61d21afb95f9fb4087f41d4143dc78d5bcf19f2,reimbursement_atlas:au_pbs_archive_2007_04_01_8f963e58b76c,Existing local cache retained; use --force to replace it.,pdf,2007-04-01-dental-book.pdf,au_pbs_archive_8f963e58b76ce21b,public_reuse_review,pending_human_review,au_pbs,https://www.pbs.gov.au/publication/schedule/2007/2007-04-01-dental-book.pdf?variant=3,au_pbs_archive_2007_04_01_8f963e58b76c,cached,data/derived/processes/historical_source_transformation.bpmn
https://www.pbs.gov.au/info/publication/schedule/2015,14984054,data/raw_live/historical_sources/pbs_archive/au_pbs_archive_8fbd1c523b07dc5a.pdf,82743c067401b018f8efd3155a7d64f79022c821fd462994c797980245aaf547,reimbursement_atlas:au_pbs_archive_2015_07_01_8fbd1c523b07,Existing local cache retained; use --force to replace it.,pdf,2015-07-01-general-schedule.pdf,au_pbs_archive_8fbd1c523b07dc5a,public_reuse_review,pending_human_review,au_pbs,https://www.pbs.gov.au/publication/schedule/2015/07/2015-07-01-general-schedule.pdf?variant=3,au_pbs_archive_2015_07_01_8fbd1c523b07,cached,data/derived/processes/historical_source_transformation.bpmn
https://www.pbs.gov.au/info/publication/schedule/2006,4582917,data/raw_live/historical_sources/pbs_archive/au_pbs_archive_8ff82142ef50bd9a.pdf,25d17f489b96b9379e87df908a4272dee10f57ad17b927b3576a549ed3a32d44,reimbursement_atlas:au_pbs_archive_2006_04_01_8ff82142ef50,Existing local cache retained; use --force to replace it.,pdf,2006-04-01-general-schedule.pdf,au_pbs_archive_8ff82142ef50bd9a,public_reuse_review,pending_human_review,au_pbs,https://www.pbs.gov.au/publication/schedule/2006/2006-04-01-general-schedule.pdf?variant=3,au_pbs_archive_2006_04_01_8ff82142ef50,cached,data/derived/processes/historical_source_transformation.bpmn
https://www.pbs.gov.au/info/publication/schedule/2011,315920,data/raw_live/historical_sources/pbs_archive/au_pbs_archive_8fffb4ca66610022.pdf,d38b9c08e1f40fc6f3063ce2a3108a45489b583d13617b0eb5598343c2c0c6e3,reimbursement_atlas:au_pbs_archive_2011_03_01_8fffb4ca6661,Existing local cache retained; use --force to replace it.,pdf,2011-03-01-dental-book-SOC.pdf,au_pbs_archive_8fffb4ca66610022,public_reuse_review,pending_human_review,au_pbs,https://www.pbs.gov.au/publication/schedule/2011/03/2011-03-01-dental-book-SOC.pdf?variant=3,au_pbs_archive_2011_03_01_8fffb4ca6661,cached,data/derived/processes/historical_source_transformation.bpmn
https://www.pbs.gov.au/info/publication/schedule/2008,50601,data/raw_live/historical_sources/pbs_archive/au_pbs_archive_902ec3817b54201b.pdf,c5215ea2af00d65e66714a11fa730db4184cdc961841eec708e19a87593d551d,reimbursement_atlas:au_pbs_archive_2008_12_01_902ec3817b54,Existing local cache retained; use --force to replace it.,pdf,2008-12-01-dental-book-soc.pdf,au_pbs_archive_902ec3817b54201b,public_reuse_review,pending_human_review,au_pbs,https://www.pbs.gov.au/publication/schedule/2008/2008-12-01-dental-book-soc.pdf?variant=3,au_pbs_archive_2008_12_01_902ec3817b54,cached,data/derived/processes/historical_source_transformation.bpmn
https://www.pbs.gov.au/info/publication/schedule/2012,3230310,data/raw_live/historical_sources/pbs_archive/au_pbs_archive_909071a59b65996f.pdf,0a83d2e8f001fba53e3141c3d54aa734cc8e3258c388b9925271f46827824ce4,reimbursement_atlas:au_pbs_archive_2012_04_01_909071a59b65,Existing local cache retained; use --force to replace it.,pdf,2012-04-01-efc-schedule.pdf,au_pbs_archive_909071a59b65996f,public_reuse_review,pending_human_review,au_pbs,https://www.pbs.gov.au/publication/schedule/2012/04/2012-04-01-efc-schedule.pdf?variant=3,au_pbs_archive_2012_04_01_909071a59b65,cached,data/derived/processes/historical_source_transformation.bpmn
https://www.pbs.gov.au/info/publication/schedule/historical-archive,11557831,data/raw_live/historical_sources/pbs_archive/au_pbs_archive_90bed4d14f21a148.pdf,a53064fea1f02dd5067fdf77e2306962ca1d1056d04c27cc976da24dbcbb55bb,reimbursement_atlas:au_pbs_archive_1993_12_01_90bed4d14f21,Existing local cache retained; use --force to replace it.,pdf,1993-12-01-PBS-Schedule.pdf,au_pbs_archive_90bed4d14f21a148,public_reuse_review,pending_human_review,au_pbs,https://www.pbs.gov.au/publication/schedule/1951-2002/1993-12-01-PBS-Schedule.pdf?variant=3,au_pbs_archive_1993_12_01_90bed4d14f21,cached,data/derived/processes/historical_source_transformation.bpmn
https://www.pbs.gov.au/info/publication/schedule/2022,4620000,data/raw_live/historical_sources/pbs_archive/au_pbs_archive_91173a5fff8601b5.pdf,4c37674f082a6df83b61e97bf4540fb9f835b9795cbb4845c63d0c639f6fb466,reimbursement_atlas:au_pbs_archive_2022_04_01_91173a5fff86,Existing local cache retained; use --force to replace it.,pdf,2022-04-01-efc-schedule.pdf,au_pbs_archive_91173a5fff8601b5,public_reuse_review,pending_human_review,au_pbs,https://www.pbs.gov.au/publication/schedule/2022/04/2022-04-01-efc-schedule.pdf?variant=3,au_pbs_archive_2022_04_01_91173a5fff86,cached,data/derived/processes/historical_source_transformation.bpmn
https://www.pbs.gov.au/info/publication/schedule/2023,12653781,data/raw_live/historical_sources/pbs_archive/au_pbs_archive_9187a5197940e3db.pdf,4670a75ea06d9e02ff4d87bfb269493d56feac2f4419d06fec367fa9733f3fda,reimbursement_atlas:au_pbs_archive_2023_11_01_9187a5197940,Retrieved into ignored local cache.,pdf,2023-11-01-general-schedule-volume-2.pdf,au_pbs_archive_9187a5197940e3db,public_reuse_review,pending_human_review,au_pbs,https://www.pbs.gov.au/publication/schedule/2023/11/2023-11-01-general-schedule-volume-2.pdf?variant=3,au_pbs_archive_2023_11_01_9187a5197940,downloaded,data/derived/processes/historical_source_transformation.bpmn
https://www.pbs.gov.au/info/publication/schedule/historical-archive,15862453,data/raw_live/historical_sources/pbs_archive/au_pbs_archive_91f5c9b86b97d1e6.pdf,79b30c6811e8160c870357cfc28caa7eeb1a72f8dbe56484b0f9dcde92ac945a,reimbursement_atlas:au_pbs_archive_1972_08_01_91f5c9b86b97,Retrieved into ignored local cache.,pdf,1972-08-01-consolidated-schedules.pdf,au_pbs_archive_91f5c9b86b97d1e6,public_reuse_review,pending_human_review,au_pbs,https://www.pbs.gov.au/publication/schedule/1951-2002/1972-08-01-consolidated-schedules.pdf?variant=3,au_pbs_archive_1972_08_01_91f5c9b86b97,downloaded,data/derived/processes/historical_source_transformation.bpmn
https://www.pbs.gov.au/info/publication/schedule/2012,3737974,data/raw_live/historical_sources/pbs_archive/au_pbs_archive_92045a4d2ef55c21.pdf,dd85b0324ffb0b000205ffd8ad8208637a4fa7a166dcde06eeb3e11157aa6aa1,reimbursement_atlas:au_pbs_archive_2012_12_01_92045a4d2ef5,Existing local cache retained; use --force to replace it.,pdf,2012-12-01-efc-schedule.pdf,au_pbs_archive_92045a4d2ef55c21,public_reuse_review,pending_human_review,au_pbs,https://www.pbs.gov.au/publication/schedule/2012/12/2012-12-01-efc-schedule.pdf?variant=3,au_pbs_archive_2012_12_01_92045a4d2ef5,cached,data/derived/processes/historical_source_transformation.bpmn
https://www.pbs.gov.au/info/publication/schedule/2021,10303530,data/raw_live/historical_sources/pbs_archive/au_pbs_archive_923d05ba810ae5bc.pdf,e4f73228afa682c8bb752ab786b3946296e5639bfa4591ccf7a20854bbb4842d,reimbursement_atlas:au_pbs_archive_2021_01_01_923d05ba810a,Retrieved into ignored local cache.,pdf,2021-01-01-general-schedule-volume-1.pdf,au_pbs_archive_923d05ba810ae5bc,public_reuse_review,pending_human_review,au_pbs,https://www.pbs.gov.au/publication/schedule/2021/01/2021-01-01-general-schedule-volume-1.pdf?variant=3,au_pbs_archive_2021_01_01_923d05ba810a,downloaded,data/derived/processes/historical_source_transformation.bpmn
https://www.pbs.gov.au/info/publication/schedule/2021,25094685,data/raw_live/historical_sources/pbs_archive/au_pbs_archive_9245ca379ac10c6d.pdf,4ae40b998307e178b0ba2905380e491fe611562ff0ac6345749470ce0e5df79b,reimbursement_atlas:au_pbs_archive_2021_07_01_9245ca379ac1,Retrieved into ignored local cache.,pdf,2021-07-01-general-schedule-volume-1.pdf,au_pbs_archive_9245ca379ac10c6d,public_reuse_review,pending_human_review,au_pbs,https://www.pbs.gov.au/publication/schedule/2021/07/2021-07-01-general-schedule-volume-1.pdf?variant=3,au_pbs_archive_2021_07_01_9245ca379ac1,downloaded,data/derived/processes/historical_source_transformation.bpmn
https://www.pbs.gov.au/info/publication/schedule/2007,549011,data/raw_live/historical_sources/pbs_archive/au_pbs_archive_9271ce415dc3d910.pdf,12eda6d9147c928a9f2fc65b37e58390f8a9cf913a52a6ee9520a6dc4e6872e6,reimbursement_atlas:au_pbs_archive_2007_03_01_9271ce415dc3,Existing local cache retained; use --force to replace it.,pdf,2007-03-01-general-schedule-soc.pdf,au_pbs_archive_9271ce415dc3d910,public_reuse_review,pending_human_review,au_pbs,https://www.pbs.gov.au/publication/schedule/2007/2007-03-01-general-schedule-soc.pdf?variant=3,au_pbs_archive_2007_03_01_9271ce415dc3,cached,data/derived/processes/historical_source_transformation.bpmn
https://www.pbs.gov.au/info/publication/schedule/historical-archive,10276429,data/raw_live/historical_sources/pbs_archive/au_pbs_archive_935646d1c51c3f72.pdf,b6c6394a7ce621dbf5d68ff14fe0fe6a49fd4daf1e55e38c0d787c78b4d2a047,reimbursement_atlas:au_pbs_archive_1961_05_01_935646d1c51c,Retrieved into ignored local cache.,pdf,1961-05-01-consolidated-schedules.pdf,au_pbs_archive_935646d1c51c3f72,public_reuse_review,pending_human_review,au_pbs,https://www.pbs.gov.au/publication/schedule/1951-2002/1961-05-01-consolidated-schedules.pdf?variant=3,au_pbs_archive_1961_05_01_935646d1c51c,downloaded,data/derived/processes/historical_source_transformation.bpmn
https://www.pbs.gov.au/info/publication/schedule/2024,2504951,data/raw_live/historical_sources/pbs_archive/au_pbs_archive_93581bf0b5bb6189.pdf,aabc818c5ff0c4a3fb3528e9d548669e30c33effbe02c7bc350ea8cd880e676f,reimbursement_atlas:au_pbs_archive_2024_08_01_93581bf0b5bb,Existing local cache retained; use --force to replace it.,pdf,2024-08-01-efc-schedule.pdf,au_pbs_archive_93581bf0b5bb6189,public_reuse_review,pending_human_review,au_pbs,https://www.pbs.gov.au/publication/schedule/2024/08/2024-08-01-efc-schedule.pdf?variant=3,au_pbs_archive_2024_08_01_93581bf0b5bb,cached,data/derived/processes/historical_source_transformation.bpmn
https://www.pbs.gov.au/info/publication/schedule/2022,13903939,data/raw_live/historical_sources/pbs_archive/au_pbs_archive_93b3d7d1db57ccc2.pdf,1968870ee0e074ba1c5531b61d7489a24934c9d52d9a4ea908db2a1028d96b5c,reimbursement_atlas:au_pbs_archive_2022_12_01_93b3d7d1db57,Retrieved into ignored local cache.,pdf,2022-12-01-general-schedule-volume-2.pdf,au_pbs_archive_93b3d7d1db57ccc2,public_reuse_review,pending_human_review,au_pbs,https://www.pbs.gov.au/publication/schedule/2022/12/2022-12-01-general-schedule-volume-2.pdf?variant=3,au_pbs_archive_2022_12_01_93b3d7d1db57,downloaded,data/derived/processes/historical_source_transformation.bpmn
https://www.pbs.gov.au/info/publication/schedule/2007,248345,data/raw_live/historical_sources/pbs_archive/au_pbs_archive_93c894c0b497a858.pdf,aa78a8d9b61d871efb76b3c37f92ae2c60d48b0a273d9ce78f2d11a1a05bcb20,reimbursement_atlas:au_pbs_archive_2007_11_01_93c894c0b497,Existing local cache retained; use --force to replace it.,pdf,2007-11-01-general-schedule-soc.pdf,au_pbs_archive_93c894c0b497a858,public_reuse_review,pending_human_review,au_pbs,https://www.pbs.gov.au/publication/schedule/2007/2007-11-01-general-schedule-soc.pdf?variant=3,au_pbs_archive_2007_11_01_93c894c0b497,cached,data/derived/processes/historical_source_transformation.bpmn
https://www.pbs.gov.au/info/publication/schedule/2018,4085392,data/raw_live/historical_sources/pbs_archive/au_pbs_archive_93eb419e46b63478.pdf,d936c6fd1320f1800789cfa566f2927790f99a63c3b7fcf12696b35c6b210e50,reimbursement_atlas:au_pbs_archive_2018_10_01_93eb419e46b6,Retrieved into ignored local cache.,pdf,2018-10-01-efc-schedule.pdf,au_pbs_archive_93eb419e46b63478,public_reuse_review,pending_human_review,au_pbs,https://www.pbs.gov.au/publication/schedule/2018/10/2018-10-01-efc-schedule.pdf?variant=3,au_pbs_archive_2018_10_01_93eb419e46b6,downloaded,data/derived/processes/historical_source_transformation.bpmn
https://www.pbs.gov.au/info/publication/schedule/2019,21018188,data/raw_live/historical_sources/pbs_archive/au_pbs_archive_94136820b2658c92.pdf,de421f93931da32310a2c4bf73f309d0c6ba4af25ea5fc2d9a11e870d25b3171,reimbursement_atlas:au_pbs_archive_2019_01_01_94136820b265,Retrieved into ignored local cache.,pdf,2019-01-01-general-schedule.pdf,au_pbs_archive_94136820b2658c92,public_reuse_review,pending_human_review,au_pbs,https://www.pbs.gov.au/publication/schedule/2019/01/2019-01-01-general-schedule.pdf?variant=3,au_pbs_archive_2019_01_01_94136820b265,downloaded,data/derived/processes/historical_source_transformation.bpmn
https://www.pbs.gov.au/info/publication/schedule/2012,2601775,data/raw_live/historical_sources/pbs_archive/au_pbs_archive_9414644caa73b4dc.pdf,de6d301965bf3affc8e80623d710036e2afc0ba4128195503bc650ebcafeba0f,reimbursement_atlas:au_pbs_archive_2012_06_01_9414644caa73,Existing local cache retained; use --force to replace it.,pdf,2012-06-01-dental-book.pdf,au_pbs_archive_9414644caa73b4dc,public_reuse_review,pending_human_review,au_pbs,https://www.pbs.gov.au/publication/schedule/2012/06/2012-06-01-dental-book.pdf?variant=3,au_pbs_archive_2012_06_01_9414644caa73,cached,data/derived/processes/historical_source_transformation.bpmn
https://www.pbs.gov.au/info/publication/schedule/2017,20026742,data/raw_live/historical_sources/pbs_archive/au_pbs_archive_946a55226006799b.pdf,7172576a1474adfbf08de73356050e11aaec3edaf5fe621b1bf4eb1f973f0109,reimbursement_atlas:au_pbs_archive_2017_01_01_946a55226006,Retrieved into ignored local cache.,pdf,2017-01-01-general-schedule.pdf,au_pbs_archive_946a55226006799b,public_reuse_review,pending_human_review,au_pbs,https://www.pbs.gov.au/publication/schedule/2017/01/2017-01-01-general-schedule.pdf?variant=3,au_pbs_archive_2017_01_01_946a55226006,downloaded,data/derived/processes/historical_source_transformation.bpmn
https://www.pbs.gov.au/info/publication/schedule/2021,1893318,data/raw_live/historical_sources/pbs_archive/au_pbs_archive_9515fa055e11bcf6.pdf,0158e656415e572d7014397d16af1bd7fad487546d6faac4a7b7011ccc5dd9c4,reimbursement_atlas:au_pbs_archive_2021_06_01_9515fa055e11,Existing local cache retained; use --force to replace it.,pdf,2021-06-01-general-soc.pdf,au_pbs_archive_9515fa055e11bcf6,public_reuse_review,pending_human_review,au_pbs,https://www.pbs.gov.au/publication/schedule/2021/06/2021-06-01-general-soc.pdf?variant=3,au_pbs_archive_2021_06_01_9515fa055e11,cached,data/derived/processes/historical_source_transformation.bpmn
https://www.pbs.gov.au/info/publication/schedule/2014,137633,data/raw_live/historical_sources/pbs_archive/au_pbs_archive_9530ccde14fbe9bd.pdf,3dd24bab1cfa164b8d091203a50b0b23353ed748a809e9f6d4980b39c9972514,reimbursement_atlas:au_pbs_archive_2014_10_01_9530ccde14fb,Existing local cache retained; use --force to replace it.,pdf,2014-10-01-general-schedule-soc.pdf,au_pbs_archive_9530ccde14fbe9bd,public_reuse_review,pending_human_review,au_pbs,https://www.pbs.gov.au/publication/schedule/2014/10/2014-10-01-general-schedule-soc.pdf?variant=3,au_pbs_archive_2014_10_01_9530ccde14fb,cached,data/derived/processes/historical_source_transformation.bpmn
https://www.pbs.gov.au/info/publication/schedule/2011,3909638,data/raw_live/historical_sources/pbs_archive/au_pbs_archive_95325f419807d23c.pdf,19d636fbaa7de89484178c3eb51b2524ec0bc2adfdb77234a2a130e4c42e799e,reimbursement_atlas:au_pbs_archive_2011_05_01_95325f419807,Existing local cache retained; use --force to replace it.,pdf,2011-05-01-general-schedule.pdf,au_pbs_archive_95325f419807d23c,public_reuse_review,pending_human_review,au_pbs,https://www.pbs.gov.au/publication/schedule/2011/05/2011-05-01-general-schedule.pdf?variant=3,au_pbs_archive_2011_05_01_95325f419807,cached,data/derived/processes/historical_source_transformation.bpmn
https://www.pbs.gov.au/info/publication/schedule/2025,2420657,data/raw_live/historical_sources/pbs_archive/au_pbs_archive_95f5e03d092d620f.pdf,5d737fcfe40858cb1bc4e9489fcac108d23c3eb5005c38c1da720d3362edfce0,reimbursement_atlas:au_pbs_archive_2025_06_01_95f5e03d092d,Existing local cache retained; use --force to replace it.,pdf,2025-06-01-general-soc.pdf,au_pbs_archive_95f5e03d092d620f,public_reuse_review,pending_human_review,au_pbs,https://www.pbs.gov.au/publication/schedule/2025/06/2025-06-01-general-soc.pdf?variant=3,au_pbs_archive_2025_06_01_95f5e03d092d,cached,data/derived/processes/historical_source_transformation.bpmn
https://www.pbs.gov.au/info/publication/schedule/2016,18142160,data/raw_live/historical_sources/pbs_archive/au_pbs_archive_9684b4f77048b198.pdf,c23c5f41e59933496449e43064d52ac9bcaeffe2aafec73f0f9a17949f8affcc,reimbursement_atlas:au_pbs_archive_2016_04_01_9684b4f77048,Retrieved into ignored local cache.,pdf,2016-04-01-general-schedule.pdf,au_pbs_archive_9684b4f77048b198,public_reuse_review,pending_human_review,au_pbs,https://www.pbs.gov.au/publication/schedule/2016/04/2016-04-01-general-schedule.pdf?variant=3,au_pbs_archive_2016_04_01_9684b4f77048,downloaded,data/derived/processes/historical_source_transformation.bpmn
https://www.pbs.gov.au/info/publication/schedule/2011,2935837,data/raw_live/historical_sources/pbs_archive/au_pbs_archive_968600824677409b.pdf,48af0aa64c0da8379b2126f1dddf5f5ce0a07d0a9bc46f677cede02907aaa958,reimbursement_atlas:au_pbs_archive_2011_03_01_968600824677,Existing local cache retained; use --force to replace it.,pdf,2011-03-01-chemotherapy-booklet.pdf,au_pbs_archive_968600824677409b,public_reuse_review,pending_human_review,au_pbs,https://www.pbs.gov.au/publication/schedule/2011/03/2011-03-01-chemotherapy-booklet.pdf?variant=3,au_pbs_archive_2011_03_01_968600824677,cached,data/derived/processes/historical_source_transformation.bpmn
https://www.pbs.gov.au/info/publication/schedule/2014,725407,data/raw_live/historical_sources/pbs_archive/au_pbs_archive_9737eef4be953d5d.pdf,1f7a29021bbd2fef78bed1dc882275cc39151dc5a0344580a920900049c1563b,reimbursement_atlas:au_pbs_archive_2014_04_01_9737eef4be95,Existing local cache retained; use --force to replace it.,pdf,2014-04-01-general-schedule-soc.pdf,au_pbs_archive_9737eef4be953d5d,public_reuse_review,pending_human_review,au_pbs,https://www.pbs.gov.au/publication/schedule/2014/04/2014-04-01-general-schedule-soc.pdf?variant=3,au_pbs_archive_2014_04_01_9737eef4be95,cached,data/derived/processes/historical_source_transformation.bpmn
https://www.pbs.gov.au/info/publication/schedule/2008,49091,data/raw_live/historical_sources/pbs_archive/au_pbs_archive_974ab19f344c8e29.pdf,b3e01e4b70f7b7ac6ac583353a2bf1ba1865cdcc17cbe1972a4f771f54700980,reimbursement_atlas:au_pbs_archive_2008_10_01_974ab19f344c,Existing local cache retained; use --force to replace it.,pdf,2008-10-01-general-schedule-soc.pdf,au_pbs_archive_974ab19f344c8e29,public_reuse_review,pending_human_review,au_pbs,https://www.pbs.gov.au/publication/schedule/2008/2008-10-01-general-schedule-soc.pdf?variant=3,au_pbs_archive_2008_10_01_974ab19f344c,cached,data/derived/processes/historical_source_transformation.bpmn
https://www.pbs.gov.au/info/publication/schedule/2022,300337,data/raw_live/historical_sources/pbs_archive/au_pbs_archive_974bc0d792cc71e3.pdf,1732bbd5c7ab4bbc06f7313fb1821cf895d7e2392543546a2b506ea4a78f9461,reimbursement_atlas:au_pbs_archive_2022_04_01_974bc0d792cc,Existing local cache retained; use --force to replace it.,pdf,2022-04-01-errata.pdf,au_pbs_archive_974bc0d792cc71e3,public_reuse_review,pending_human_review,au_pbs,https://www.pbs.gov.au/publication/schedule/2022/04/2022-04-01-errata.pdf?variant=3,au_pbs_archive_2022_04_01_974bc0d792cc,cached,data/derived/processes/historical_source_transformation.bpmn
https://www.pbs.gov.au/info/publication/schedule/2023,2710747,data/raw_live/historical_sources/pbs_archive/au_pbs_archive_974cd1e10bc8f3ee.pdf,bf42c115a86ee68fdbe0ff593c9694169a1b55e3c635994baa60523740d22d10,reimbursement_atlas:au_pbs_archive_2023_10_01_974cd1e10bc8,Existing local cache retained; use --force to replace it.,pdf,2023-10-01-general-soc.pdf,au_pbs_archive_974cd1e10bc8f3ee,public_reuse_review,pending_human_review,au_pbs,https://www.pbs.gov.au/publication/schedule/2023/10/2023-10-01-general-soc.pdf?variant=3,au_pbs_archive_2023_10_01_974cd1e10bc8,cached,data/derived/processes/historical_source_transformation.bpmn
https://www.pbs.gov.au/info/publication/schedule/2014,518816,data/raw_live/historical_sources/pbs_archive/au_pbs_archive_97a637d7b0f0006f.pdf,20fc8aebdc0f9e7a7a45733241c5beaf82155e9aeeeb25e96333515fe68ea17f,reimbursement_atlas:au_pbs_archive_2014_03_01_97a637d7b0f0,Existing local cache retained; use --force to replace it.,pdf,2014-03-01-efc-schedule-soc.pdf,au_pbs_archive_97a637d7b0f0006f,public_reuse_review,pending_human_review,au_pbs,https://www.pbs.gov.au/publication/schedule/2014/03/2014-03-01-efc-schedule-soc.pdf?variant=3,au_pbs_archive_2014_03_01_97a637d7b0f0,cached,data/derived/processes/historical_source_transformation.bpmn
https://www.pbs.gov.au/info/publication/schedule/2008,262028,data/raw_live/historical_sources/pbs_archive/au_pbs_archive_98116a37f32f2024.pdf,698662573d9d4a883e05a2351f78f9fe19641d61fe3311908417c389d57c9a85,reimbursement_atlas:au_pbs_archive_2008_11_01_98116a37f32f,Existing local cache retained; use --force to replace it.,pdf,2008-11-01-dental-book-soc.pdf,au_pbs_archive_98116a37f32f2024,public_reuse_review,pending_human_review,au_pbs,https://www.pbs.gov.au/publication/schedule/2008/2008-11-01-dental-book-soc.pdf?variant=3,au_pbs_archive_2008_11_01_98116a37f32f,cached,data/derived/processes/historical_source_transformation.bpmn
https://www.pbs.gov.au/info/publication/schedule/2015,16438033,data/raw_live/historical_sources/pbs_archive/au_pbs_archive_981fd8d9aa8371b4.pdf,bde251c786bb2650e5ab0cfb6fd040be898bf89d14586a6ef2277ae172207411,reimbursement_atlas:au_pbs_archive_2015_08_01_981fd8d9aa83,Retrieved into ignored local cache.,pdf,2015-08-01-general-schedule.pdf,au_pbs_archive_981fd8d9aa8371b4,public_reuse_review,pending_human_review,au_pbs,https://www.pbs.gov.au/publication/schedule/2015/08/2015-08-01-general-schedule.pdf?variant=3,au_pbs_archive_2015_08_01_981fd8d9aa83,downloaded,data/derived/processes/historical_source_transformation.bpmn
https://www.pbs.gov.au/info/publication/schedule/2010,334526,data/raw_live/historical_sources/pbs_archive/au_pbs_archive_9846570f1d719efe.pdf,b3237640ffc52572f1a4533ed61e18d6251d8d793affe7ef857e8df711c885ec,reimbursement_atlas:au_pbs_archive_2010_05_01_9846570f1d71,Existing local cache retained; use --force to replace it.,pdf,2010-05-01-chemotherapy-booklet.pdf,au_pbs_archive_9846570f1d719efe,public_reuse_review,pending_human_review,au_pbs,https://www.pbs.gov.au/publication/schedule/2010/2010-05-01-chemotherapy-booklet.pdf?variant=3,au_pbs_archive_2010_05_01_9846570f1d71,cached,data/derived/processes/historical_source_transformation.bpmn
https://www.pbs.gov.au/info/publication/schedule/2007,3757338,data/raw_live/historical_sources/pbs_archive/au_pbs_archive_99203586b22a5606.pdf,9d523566b593380de64b0892cdc8f78f12d9f90ec6e348b0bf5024939833f0e5,reimbursement_atlas:au_pbs_archive_2007_10_01_99203586b22a,Existing local cache retained; use --force to replace it.,pdf,2007-10-01-general-schedule.pdf,au_pbs_archive_99203586b22a5606,public_reuse_review,pending_human_review,au_pbs,https://www.pbs.gov.au/publication/schedule/2007/2007-10-01-general-schedule.pdf?variant=3,au_pbs_archive_2007_10_01_99203586b22a,cached,data/derived/processes/historical_source_transformation.bpmn
https://www.pbs.gov.au/info/publication/schedule/historical-archive,1310720,data/raw_live/historical_sources/pbs_archive/au_pbs_archive_993cfd0366598348.pdf,34b19d942c49a8c48bae157629184111b596244bbcbc520ec5e6866e3eab488e,reimbursement_atlas:au_pbs_archive_1951_03_01_993cfd036659,Existing local cache retained; use --force to replace it.,pdf,1951-03-01-PBS-Schedule-Medical-Practitioners.pdf,au_pbs_archive_993cfd0366598348,public_reuse_review,pending_human_review,au_pbs,https://www.pbs.gov.au/publication/schedule/1951-2002/1951-03-01-PBS-Schedule-Medical-Practitioners.pdf?variant=3,au_pbs_archive_1951_03_01_993cfd036659,cached,data/derived/processes/historical_source_transformation.bpmn
https://www.pbs.gov.au/info/publication/schedule/2016,1236151,data/raw_live/historical_sources/pbs_archive/au_pbs_archive_99742a89590570cd.pdf,59c2dce4f10adff9d2cc2f038a5143743753e95cf755fffc305d82bf250cfa9a,reimbursement_atlas:au_pbs_archive_2016_08_01_99742a895905,Existing local cache retained; use --force to replace it.,pdf,2016-08-01-efc-schedule.pdf,au_pbs_archive_99742a89590570cd,public_reuse_review,pending_human_review,au_pbs,https://www.pbs.gov.au/publication/schedule/2016/08/2016-08-01-efc-schedule.pdf?variant=3,au_pbs_archive_2016_08_01_99742a895905,cached,data/derived/processes/historical_source_transformation.bpmn
https://www.pbs.gov.au/info/publication/schedule/2018,20329583,data/raw_live/historical_sources/pbs_archive/au_pbs_archive_997d8dc7d3cc919e.pdf,950fe2455d00e71d8d8fe46e743fee9605489260b668157f1982fabb12d6d30e,reimbursement_atlas:au_pbs_archive_2018_05_01_997d8dc7d3cc,Retrieved into ignored local cache.,pdf,2018-05-01-general-schedule.pdf,au_pbs_archive_997d8dc7d3cc919e,public_reuse_review,pending_human_review,au_pbs,https://www.pbs.gov.au/publication/schedule/2018/05/2018-05-01-general-schedule.pdf?variant=3,au_pbs_archive_2018_05_01_997d8dc7d3cc,downloaded,data/derived/processes/historical_source_transformation.bpmn
https://www.pbs.gov.au/info/publication/schedule/2026,2381919,data/raw_live/historical_sources/pbs_archive/au_pbs_archive_997e91cf054d2511.pdf,cc5f92a34f0eb823ad5b61fc7ca95460c06eac52ea153fcae5adadeabcc9de1f,reimbursement_atlas:au_pbs_archive_2026_01_01_997e91cf054d,Existing local cache retained; use --force to replace it.,pdf,2026-01-01-efc-schedule.pdf,au_pbs_archive_997e91cf054d2511,public_reuse_review,pending_human_review,au_pbs,https://www.pbs.gov.au/publication/schedule/2026/01/2026-01-01-efc-schedule.pdf?variant=3,au_pbs_archive_2026_01_01_997e91cf054d,cached,data/derived/processes/historical_source_transformation.bpmn
https://www.pbs.gov.au/info/publication/schedule/2021,25754779,data/raw_live/historical_sources/pbs_archive/au_pbs_archive_99b0fa072737aea5.pdf,6412e140065766443caceb39d5d640cd879845e36cdcecab40275ed138eed96d,reimbursement_atlas:au_pbs_archive_2021_12_01_99b0fa072737,Retrieved into ignored local cache.,pdf,2021-12-01-general-schedule-volume-1.pdf,au_pbs_archive_99b0fa072737aea5,public_reuse_review,pending_human_review,au_pbs,https://www.pbs.gov.au/publication/schedule/2021/12/2021-12-01-general-schedule-volume-1.pdf?variant=3,au_pbs_archive_2021_12_01_99b0fa072737,downloaded,data/derived/processes/historical_source_transformation.bpmn
https://www.pbs.gov.au/info/publication/schedule/2012,158464,data/raw_live/historical_sources/pbs_archive/au_pbs_archive_99d87a5e86fe3999.pdf,a5c5c969224fb35d7bd581a9094232132ee540cc99e4868e7e6836a0f8d34575,reimbursement_atlas:au_pbs_archive_2012_10_01_99d87a5e86fe,Existing local cache retained; use --force to replace it.,pdf,2012-10-01-dental-book-SOC.pdf,au_pbs_archive_99d87a5e86fe3999,public_reuse_review,pending_human_review,au_pbs,https://www.pbs.gov.au/publication/schedule/2012/10/2012-10-01-dental-book-SOC.pdf?variant=3,au_pbs_archive_2012_10_01_99d87a5e86fe,cached,data/derived/processes/historical_source_transformation.bpmn
https://www.pbs.gov.au/info/publication/schedule/2007,443209,data/raw_live/historical_sources/pbs_archive/au_pbs_archive_9a0c769afd2ab415.pdf,3434b5abfb2aba89038cb73c18d9ae1dfddf3111596bed163c66ec4ae2cd9966,reimbursement_atlas:au_pbs_archive_2007_11_01_9a0c769afd2a,Existing local cache retained; use --force to replace it.,pdf,2007-11-01-dental-book.pdf,au_pbs_archive_9a0c769afd2ab415,public_reuse_review,pending_human_review,au_pbs,https://www.pbs.gov.au/publication/schedule/2007/2007-11-01-dental-book.pdf?variant=3,au_pbs_archive_2007_11_01_9a0c769afd2a,cached,data/derived/processes/historical_source_transformation.bpmn
https://www.pbs.gov.au/info/publication/schedule/2012,3310909,data/raw_live/historical_sources/pbs_archive/au_pbs_archive_9a165d5056f347b8.pdf,b48934165d597c0cefb40abdc67e09e333efc53ef60ae8cc76c2fbfde16e3d31,reimbursement_atlas:au_pbs_archive_2012_07_01_9a165d5056f3,Existing local cache retained; use --force to replace it.,pdf,2012-07-01-dental-book.pdf,au_pbs_archive_9a165d5056f347b8,public_reuse_review,pending_human_review,au_pbs,https://www.pbs.gov.au/publication/schedule/2012/07/2012-07-01-dental-book.pdf?variant=3,au_pbs_archive_2012_07_01_9a165d5056f3,cached,data/derived/processes/historical_source_transformation.bpmn
https://www.pbs.gov.au/info/publication/schedule/2011,11293,data/raw_live/historical_sources/pbs_archive/au_pbs_archive_9a4ff82ad7ea4f42.pdf,4a7dac78ee12d400442fc2a8e35b00dedf06c84bb800ddbc61b061fece693671,reimbursement_atlas:au_pbs_archive_2011_04_01_9a4ff82ad7ea,Existing local cache retained; use --force to replace it.,pdf,2011-04-01-chemotherapy-erratum.pdf,au_pbs_archive_9a4ff82ad7ea4f42,public_reuse_review,pending_human_review,au_pbs,https://www.pbs.gov.au/publication/schedule/2011/04/2011-04-01-chemotherapy-erratum.pdf?variant=3,au_pbs_archive_2011_04_01_9a4ff82ad7ea,cached,data/derived/processes/historical_source_transformation.bpmn
https://www.pbs.gov.au/info/publication/schedule/2013,7133690,data/raw_live/historical_sources/pbs_archive/au_pbs_archive_9acbc34e7c25fba9.pdf,393e96b127c5e6d801d9fc775c4c3d2fa07a32901154a6d7437d8c3cb02e2fe3,reimbursement_atlas:au_pbs_archive_2013_11_01_9acbc34e7c25,Retrieved into ignored local cache.,pdf,2013-11-01-general-schedule.pdf,au_pbs_archive_9acbc34e7c25fba9,public_reuse_review,pending_human_review,au_pbs,https://www.pbs.gov.au/publication/schedule/2013/11/2013-11-01-general-schedule.pdf?variant=3,au_pbs_archive_2013_11_01_9acbc34e7c25,downloaded,data/derived/processes/historical_source_transformation.bpmn
https://www.pbs.gov.au/info/publication/schedule/2026,2177577,data/raw_live/historical_sources/pbs_archive/au_pbs_archive_9b3a8667c0d0edb0.pdf,b9e5b0cd3a91ee74ef284ce0a524d2e718cb86aadbb84ad9b8bb83e8169851ec,reimbursement_atlas:au_pbs_archive_2026_01_01_9b3a8667c0d0,Existing local cache retained; use --force to replace it.,pdf,2026-01-01-general-soc.pdf,au_pbs_archive_9b3a8667c0d0edb0,public_reuse_review,pending_human_review,au_pbs,https://www.pbs.gov.au/publication/schedule/2026/01/2026-01-01-general-soc.pdf?variant=3,au_pbs_archive_2026_01_01_9b3a8667c0d0,cached,data/derived/processes/historical_source_transformation.bpmn
https://www.pbs.gov.au/info/publication/schedule/2016,53003902,data/raw_live/historical_sources/pbs_archive/au_pbs_archive_9b49c82bf2c470e1.pdf,5f26bc84c690e834cd736e1ae428def9db8a1af5ec85b4965d8458427e5d0700,reimbursement_atlas:au_pbs_archive_2016_11_01_9b49c82bf2c4,Retrieved into ignored local cache.,pdf,2016-11-01-general-schedule.pdf,au_pbs_archive_9b49c82bf2c470e1,public_reuse_review,pending_human_review,au_pbs,https://www.pbs.gov.au/publication/schedule/2016/11/2016-11-01-general-schedule.pdf?variant=3,au_pbs_archive_2016_11_01_9b49c82bf2c4,downloaded,data/derived/processes/historical_source_transformation.bpmn
https://www.pbs.gov.au/info/publication/schedule/2012,85574,data/raw_live/historical_sources/pbs_archive/au_pbs_archive_9b5641cf76434e52.pdf,9f884d25b7199024b64d2b42b6f5e749434903b192317b04e7b0e91b8dfc0c1a,reimbursement_atlas:au_pbs_archive_2012_04_01_9b5641cf7643,Existing local cache retained; use --force to replace it.,pdf,2012-04-01-efc-erratum.pdf,au_pbs_archive_9b5641cf76434e52,public_reuse_review,pending_human_review,au_pbs,https://www.pbs.gov.au/publication/schedule/2012/04/2012-04-01-efc-erratum.pdf?variant=3,au_pbs_archive_2012_04_01_9b5641cf7643,cached,data/derived/processes/historical_source_transformation.bpmn
https://www.pbs.gov.au/info/publication/schedule/2011,5529151,data/raw_live/historical_sources/pbs_archive/au_pbs_archive_9b94f809c858c39c.pdf,c67a6e8d440d4d1ab96861d9eff306d76a30cffd25137ad35f711f9d97eb6a91,reimbursement_atlas:au_pbs_archive_2011_09_01_9b94f809c858,Existing local cache retained; use --force to replace it.,pdf,2011-09-01-general-schedule.pdf,au_pbs_archive_9b94f809c858c39c,public_reuse_review,pending_human_review,au_pbs,https://www.pbs.gov.au/publication/schedule/2011/09/2011-09-01-general-schedule.pdf?variant=3,au_pbs_archive_2011_09_01_9b94f809c858,cached,data/derived/processes/historical_source_transformation.bpmn
https://www.pbs.gov.au/info/publication/schedule/2021,1780150,data/raw_live/historical_sources/pbs_archive/au_pbs_archive_9bbb4f7ea91cb2fb.pdf,89d96487329b81f46f0d59621e28bf5b8f5cc036f16bae322cca9c9605728524,reimbursement_atlas:au_pbs_archive_2021_11_01_9bbb4f7ea91c,Existing local cache retained; use --force to replace it.,pdf,2021-11-01-general-soc.pdf,au_pbs_archive_9bbb4f7ea91cb2fb,public_reuse_review,pending_human_review,au_pbs,https://www.pbs.gov.au/publication/schedule/2021/11/2021-11-01-general-soc.pdf?variant=3,au_pbs_archive_2021_11_01_9bbb4f7ea91c,cached,data/derived/processes/historical_source_transformation.bpmn
https://www.pbs.gov.au/info/publication/schedule/2021,15437300,data/raw_live/historical_sources/pbs_archive/au_pbs_archive_9bde0653505e80f8.pdf,0ec5ebfb25e634b5354c99e9b0d1647742142ad0112b9daf878632ad408d0a32,reimbursement_atlas:au_pbs_archive_2021_03_01_9bde0653505e,Retrieved into ignored local cache.,pdf,2021-03-01-general-schedule-volume-1.pdf,au_pbs_archive_9bde0653505e80f8,public_reuse_review,pending_human_review,au_pbs,https://www.pbs.gov.au/publication/schedule/2021/03/2021-03-01-general-schedule-volume-1.pdf?variant=3,au_pbs_archive_2021_03_01_9bde0653505e,downloaded,data/derived/processes/historical_source_transformation.bpmn
https://www.pbs.gov.au/info/publication/schedule/2025,264808,data/raw_live/historical_sources/pbs_archive/au_pbs_archive_9be293e6a80e8812.pdf,bf2c09cdae1fc015d774d3322724da6c335adc7246209ee2b78862fe951211a5,reimbursement_atlas:au_pbs_archive_2025_07_01_9be293e6a80e,Existing local cache retained; use --force to replace it.,pdf,errata-for-2025-07-01-abemaciclib.pdf,au_pbs_archive_9be293e6a80e8812,public_reuse_review,pending_human_review,au_pbs,https://www.pbs.gov.au/publication/schedule/2025/07/errata-for-2025-07-01-abemaciclib.pdf?variant=3,au_pbs_archive_2025_07_01_9be293e6a80e,cached,data/derived/processes/historical_source_transformation.bpmn
https://www.pbs.gov.au/info/publication/schedule/2009,51973,data/raw_live/historical_sources/pbs_archive/au_pbs_archive_9be647f11be9a222.pdf,c105108e441c40d2a15ae2de378c73f02981853140ba8bf2ca090ac3250c77d1,reimbursement_atlas:au_pbs_archive_2009_10_01_9be647f11be9,Existing local cache retained; use --force to replace it.,pdf,2009-10-01-dental-book-soc.pdf,au_pbs_archive_9be647f11be9a222,public_reuse_review,pending_human_review,au_pbs,https://www.pbs.gov.au/publication/schedule/2009/2009-10-01-dental-book-soc.pdf?variant=3,au_pbs_archive_2009_10_01_9be647f11be9,cached,data/derived/processes/historical_source_transformation.bpmn
https://www.pbs.gov.au/info/publication/schedule/2022,1240600,data/raw_live/historical_sources/pbs_archive/au_pbs_archive_9c3c6fba4c8747ce.pdf,aa8635c1abdf218edfd0c99a8fb574de580e3011ac9e0c2b208601f5a7c26f29,reimbursement_atlas:au_pbs_archive_2022_02_01_9c3c6fba4c87,Existing local cache retained; use --force to replace it.,pdf,2022-02-01-efc-schedule.pdf,au_pbs_archive_9c3c6fba4c8747ce,public_reuse_review,pending_human_review,au_pbs,https://www.pbs.gov.au/publication/schedule/2022/02/2022-02-01-efc-schedule.pdf?variant=3,au_pbs_archive_2022_02_01_9c3c6fba4c87,cached,data/derived/processes/historical_source_transformation.bpmn
https://www.pbs.gov.au/info/publication/schedule/2021,885573,data/raw_live/historical_sources/pbs_archive/au_pbs_archive_9c42618dd7e5b8ef.pdf,27515aecde835513f7f502b19291b5dffc131e9886e68770b03964b15de78a88,reimbursement_atlas:au_pbs_archive_2021_01_01_9c42618dd7e5,Existing local cache retained; use --force to replace it.,pdf,2021-01-01-main-soc.pdf,au_pbs_archive_9c42618dd7e5b8ef,public_reuse_review,pending_human_review,au_pbs,https://www.pbs.gov.au/publication/schedule/2021/01/2021-01-01-main-soc.pdf?variant=3,au_pbs_archive_2021_01_01_9c42618dd7e5,cached,data/derived/processes/historical_source_transformation.bpmn
https://www.pbs.gov.au/info/publication/schedule/2011,654254,data/raw_live/historical_sources/pbs_archive/au_pbs_archive_9ca35d151e65c893.pdf,d33cf63f95504a5d46a3904be37f85f2be350d3dbaaf6bfc42ebd8c3a0f1cd7d,reimbursement_atlas:au_pbs_archive_2011_04_01_9ca35d151e65,Existing local cache retained; use --force to replace it.,pdf,2011-04-01-general-schedule-SOC.pdf,au_pbs_archive_9ca35d151e65c893,public_reuse_review,pending_human_review,au_pbs,https://www.pbs.gov.au/publication/schedule/2011/04/2011-04-01-general-schedule-SOC.pdf?variant=3,au_pbs_archive_2011_04_01_9ca35d151e65,cached,data/derived/processes/historical_source_transformation.bpmn
https://www.pbs.gov.au/info/publication/schedule/2016,18567883,data/raw_live/historical_sources/pbs_archive/au_pbs_archive_9cd70ce1fa6e2fe0.pdf,f4a6d4c499fca23103999200565500d32c29e834e4b26531807b4acd7277a761,reimbursement_atlas:au_pbs_archive_2016_07_01_9cd70ce1fa6e,Retrieved into ignored local cache.,pdf,2016-07-01-general-schedule.pdf,au_pbs_archive_9cd70ce1fa6e2fe0,public_reuse_review,pending_human_review,au_pbs,https://www.pbs.gov.au/publication/schedule/2016/07/2016-07-01-general-schedule.pdf?variant=3,au_pbs_archive_2016_07_01_9cd70ce1fa6e,downloaded,data/derived/processes/historical_source_transformation.bpmn
https://www.pbs.gov.au/info/publication/schedule/2011,2618883,data/raw_live/historical_sources/pbs_archive/au_pbs_archive_9cdb78337fb695b5.pdf,39413677d2437ad37bf862e6b86131ebd5f13ec0b319a40036fba09d2f0f0f06,reimbursement_atlas:au_pbs_archive_2011_03_01_9cdb78337fb6,Existing local cache retained; use --force to replace it.,pdf,2011-03-01-dental-book.pdf,au_pbs_archive_9cdb78337fb695b5,public_reuse_review,pending_human_review,au_pbs,https://www.pbs.gov.au/publication/schedule/2011/03/2011-03-01-dental-book.pdf?variant=3,au_pbs_archive_2011_03_01_9cdb78337fb6,cached,data/derived/processes/historical_source_transformation.bpmn
https://www.pbs.gov.au/info/publication/schedule/2025,32382748,data/raw_live/historical_sources/pbs_archive/au_pbs_archive_9d67eca21b3f7ab5.pdf,cc6ac71d0bebce084f0b97e0a4df20fa6074992e0fcfcf326c8a288c54206228,reimbursement_atlas:au_pbs_archive_2025_05_01_9d67eca21b3f,Retrieved into ignored local cache.,pdf,2025-05-01-general-schedule-volume-1.pdf,au_pbs_archive_9d67eca21b3f7ab5,public_reuse_review,pending_human_review,au_pbs,https://www.pbs.gov.au/publication/schedule/2025/05/2025-05-01-general-schedule-volume-1.pdf?variant=3,au_pbs_archive_2025_05_01_9d67eca21b3f,downloaded,data/derived/processes/historical_source_transformation.bpmn
https://www.pbs.gov.au/info/publication/schedule/2025,1484784,data/raw_live/historical_sources/pbs_archive/au_pbs_archive_9d8ca9f4d451e0c5.pdf,bad781b0c393e401c77a3c804b2e165b50619f0c2f77128e4679933a6cab43e9,reimbursement_atlas:au_pbs_archive_2025_11_01_9d8ca9f4d451,Existing local cache retained; use --force to replace it.,pdf,2025-11-01-efc-schedule.pdf,au_pbs_archive_9d8ca9f4d451e0c5,public_reuse_review,pending_human_review,au_pbs,https://www.pbs.gov.au/publication/schedule/2025/11/2025-11-01-efc-schedule.pdf?variant=3,au_pbs_archive_2025_11_01_9d8ca9f4d451,cached,data/derived/processes/historical_source_transformation.bpmn
https://www.pbs.gov.au/info/publication/schedule/2009,452232,data/raw_live/historical_sources/pbs_archive/au_pbs_archive_9d9765afbb9c389b.pdf,44ef3f42bf8af482935cdaa95fd23b88299d45c652ef0d3faa871fe3fa1294ad,reimbursement_atlas:au_pbs_archive_2009_08_01_9d9765afbb9c,Existing local cache retained; use --force to replace it.,pdf,2009-08-01-dental-book.pdf,au_pbs_archive_9d9765afbb9c389b,public_reuse_review,pending_human_review,au_pbs,https://www.pbs.gov.au/publication/schedule/2009/2009-08-01-dental-book.pdf?variant=3,au_pbs_archive_2009_08_01_9d9765afbb9c,cached,data/derived/processes/historical_source_transformation.bpmn
https://www.pbs.gov.au/info/publication/schedule/2026,2765669,data/raw_live/historical_sources/pbs_archive/au_pbs_archive_9e262d63ea878bb4.pdf,eb2332f7c2daf769cf0b28c64d869a5c66e1a3646d4448b37be71778fd84cc6a,reimbursement_atlas:au_pbs_archive_2026_07_01_9e262d63ea87,Existing local cache retained; use --force to replace it.,pdf,2026-07-01-efc-schedule.pdf,au_pbs_archive_9e262d63ea878bb4,public_reuse_review,pending_human_review,au_pbs,https://www.pbs.gov.au/publication/schedule/2026/07/2026-07-01-efc-schedule.pdf?variant=3,au_pbs_archive_2026_07_01_9e262d63ea87,cached,data/derived/processes/historical_source_transformation.bpmn
https://www.pbs.gov.au/info/publication/schedule/2019,1635961,data/raw_live/historical_sources/pbs_archive/au_pbs_archive_9eef332773f1b801.pdf,65af1e5609dafcce336a48e4806a54dd1c161db38af845b769c0a196ebd68786,reimbursement_atlas:au_pbs_archive_2019_07_01_9eef332773f1,Existing local cache retained; use --force to replace it.,pdf,2019-07-01-efc.pdf,au_pbs_archive_9eef332773f1b801,public_reuse_review,pending_human_review,au_pbs,https://www.pbs.gov.au/publication/schedule/2019/07/2019-07-01-efc.pdf?variant=3,au_pbs_archive_2019_07_01_9eef332773f1,cached,data/derived/processes/historical_source_transformation.bpmn
https://www.pbs.gov.au/info/publication/schedule/2015,1360977,data/raw_live/historical_sources/pbs_archive/au_pbs_archive_9ef9d38a7a3bd551.pdf,306bad3787f6b1ebc2f29cb6809e3d13b44d41dc599bc58ad4e101fee03f033d,reimbursement_atlas:au_pbs_archive_2015_11_01_9ef9d38a7a3b,Existing local cache retained; use --force to replace it.,pdf,2015-11-01-general-schedule-soc.pdf,au_pbs_archive_9ef9d38a7a3bd551,public_reuse_review,pending_human_review,au_pbs,https://www.pbs.gov.au/publication/schedule/2015/11/2015-11-01-general-schedule-soc.pdf?variant=3,au_pbs_archive_2015_11_01_9ef9d38a7a3b,cached,data/derived/processes/historical_source_transformation.bpmn
https://www.pbs.gov.au/info/publication/schedule/2011,3024351,data/raw_live/historical_sources/pbs_archive/au_pbs_archive_9f306e1500117188.pdf,32f8a8216204faa8c231b1ee7ea9287dc5f3c337bb7541a9441cc7e187efc815,reimbursement_atlas:au_pbs_archive_2011_10_01_9f306e150011,Existing local cache retained; use --force to replace it.,pdf,2011-10-01-dental-book.pdf,au_pbs_archive_9f306e1500117188,public_reuse_review,pending_human_review,au_pbs,https://www.pbs.gov.au/publication/schedule/2011/10/2011-10-01-dental-book.pdf?variant=3,au_pbs_archive_2011_10_01_9f306e150011,cached,data/derived/processes/historical_source_transformation.bpmn
https://www.pbs.gov.au/info/publication/schedule/2025,923109,data/raw_live/historical_sources/pbs_archive/au_pbs_archive_9f74ef4dfc1d9d26.pdf,932baf725fd01519eecffba0a49d5ea5a7bcc2c5e7af33d0df4ed52284ab4a61,reimbursement_atlas:au_pbs_archive_2025_03_01_9f74ef4dfc1d,Existing local cache retained; use --force to replace it.,pdf,2025-03-01-general-soc.pdf,au_pbs_archive_9f74ef4dfc1d9d26,public_reuse_review,pending_human_review,au_pbs,https://www.pbs.gov.au/publication/schedule/2025/03/2025-03-01-general-soc.pdf?variant=3,au_pbs_archive_2025_03_01_9f74ef4dfc1d,cached,data/derived/processes/historical_source_transformation.bpmn
https://www.pbs.gov.au/info/publication/schedule/2020,2000276,data/raw_live/historical_sources/pbs_archive/au_pbs_archive_9fd11d5cb6b8ebbb.pdf,707b2ab5b5a514c987de199b38cbbfa3d4d446f0fed3e03fbf71fa1354b30278,reimbursement_atlas:au_pbs_archive_2020_03_01_9fd11d5cb6b8,Existing local cache retained; use --force to replace it.,pdf,2020-03-01-efc-schedule.pdf,au_pbs_archive_9fd11d5cb6b8ebbb,public_reuse_review,pending_human_review,au_pbs,https://www.pbs.gov.au/publication/schedule/2020/03/2020-03-01-efc-schedule.pdf?variant=3,au_pbs_archive_2020_03_01_9fd11d5cb6b8,cached,data/derived/processes/historical_source_transformation.bpmn
https://www.pbs.gov.au/info/publication/schedule/2016,1456575,data/raw_live/historical_sources/pbs_archive/au_pbs_archive_a07ff19a8f6dc483.pdf,883b07133f8a499efb1e74a7465723f370f698d120ffe4a66c46f9b5a66fa2d2,reimbursement_atlas:au_pbs_archive_2016_12_01_a07ff19a8f6d,Existing local cache retained; use --force to replace it.,pdf,2016-12-01-efc-schedule.pdf,au_pbs_archive_a07ff19a8f6dc483,public_reuse_review,pending_human_review,au_pbs,https://www.pbs.gov.au/publication/schedule/2016/12/2016-12-01-efc-schedule.pdf?variant=3,au_pbs_archive_2016_12_01_a07ff19a8f6d,cached,data/derived/processes/historical_source_transformation.bpmn
https://www.pbs.gov.au/info/publication/schedule/2022,2610181,data/raw_live/historical_sources/pbs_archive/au_pbs_archive_a0885368161237a7.pdf,04f6036e651ef4747b83f6304b843f769c1e5b728be75524aa67f8a1e88e3ad8,reimbursement_atlas:au_pbs_archive_2022_08_01_a08853681612,Existing local cache retained; use --force to replace it.,pdf,2022-08-01-general-soc.pdf,au_pbs_archive_a0885368161237a7,public_reuse_review,pending_human_review,au_pbs,https://www.pbs.gov.au/publication/schedule/2022/08/2022-08-01-general-soc.pdf?variant=3,au_pbs_archive_2022_08_01_a08853681612,cached,data/derived/processes/historical_source_transformation.bpmn
https://www.pbs.gov.au/info/publication/schedule/2023,1917569,data/raw_live/historical_sources/pbs_archive/au_pbs_archive_a0b464a1b812877d.pdf,fdf4e5842dfd39c25ed675a42d505ce240697ac866b1334d5e7e109d35385ac2,reimbursement_atlas:au_pbs_archive_2023_08_01_a0b464a1b812,Existing local cache retained; use --force to replace it.,pdf,2023-08-01-general-soc.pdf,au_pbs_archive_a0b464a1b812877d,public_reuse_review,pending_human_review,au_pbs,https://www.pbs.gov.au/publication/schedule/2023/08/2023-08-01-general-soc.pdf?variant=3,au_pbs_archive_2023_08_01_a0b464a1b812,cached,data/derived/processes/historical_source_transformation.bpmn
https://www.pbs.gov.au/info/publication/schedule/2014,334355,data/raw_live/historical_sources/pbs_archive/au_pbs_archive_a0d2672094211eaf.pdf,56daa0ff5624ba455b931f878ca9026a0c4c60a023c1096b69c5f96f8fbe8d8b,reimbursement_atlas:au_pbs_archive_2014_01_01_a0d267209421,Existing local cache retained; use --force to replace it.,pdf,2014-01-01-errata.pdf,au_pbs_archive_a0d2672094211eaf,public_reuse_review,pending_human_review,au_pbs,https://www.pbs.gov.au/publication/schedule/2014/01/2014-01-01-errata.pdf?variant=3,au_pbs_archive_2014_01_01_a0d267209421,cached,data/derived/processes/historical_source_transformation.bpmn
https://www.pbs.gov.au/info/publication/schedule/2009,58779,data/raw_live/historical_sources/pbs_archive/au_pbs_archive_a12ba4c001b62afa.pdf,22cb27c515bc5e2da9448b90ca18b3216c5eb85626caa33a37aa6dd01364aab7,reimbursement_atlas:au_pbs_archive_2009_03_01_a12ba4c001b6,Existing local cache retained; use --force to replace it.,pdf,2009-03-01-dental-book-soc.pdf,au_pbs_archive_a12ba4c001b62afa,public_reuse_review,pending_human_review,au_pbs,https://www.pbs.gov.au/publication/schedule/2009/2009-03-01-dental-book-soc.pdf?variant=3,au_pbs_archive_2009_03_01_a12ba4c001b6,cached,data/derived/processes/historical_source_transformation.bpmn
https://www.pbs.gov.au/info/publication/schedule/2024,281154,data/raw_live/historical_sources/pbs_archive/au_pbs_archive_a12ea270c5d14d7a.pdf,ac4f829cef985d49df0c2ab40edf97bd11e21c3baf04323d542bc3bcfdf5b87c,reimbursement_atlas:au_pbs_archive_2024_02_01_a12ea270c5d1,Existing local cache retained; use --force to replace it.,pdf,2024-02-01-Errata.pdf,au_pbs_archive_a12ea270c5d14d7a,public_reuse_review,pending_human_review,au_pbs,https://www.pbs.gov.au/publication/schedule/2024/02/2024-02-01-Errata.pdf?variant=3,au_pbs_archive_2024_02_01_a12ea270c5d1,cached,data/derived/processes/historical_source_transformation.bpmn
https://www.pbs.gov.au/info/publication/schedule/2010,457274,data/raw_live/historical_sources/pbs_archive/au_pbs_archive_a164a55629c42ccb.pdf,7562b69d7b9e1ea36c4e8ab988b005b72719cc97adb0bd6b78d0a58309a50142,reimbursement_atlas:au_pbs_archive_2010_05_01_a164a55629c4,Existing local cache retained; use --force to replace it.,pdf,2010-05-01-dental-book.pdf,au_pbs_archive_a164a55629c42ccb,public_reuse_review,pending_human_review,au_pbs,https://www.pbs.gov.au/publication/schedule/2010/2010-05-01-dental-book.pdf?variant=3,au_pbs_archive_2010_05_01_a164a55629c4,cached,data/derived/processes/historical_source_transformation.bpmn
https://www.pbs.gov.au/info/publication/schedule/2011,2144970,data/raw_live/historical_sources/pbs_archive/au_pbs_archive_a1fbd5ba1e5fe19f.pdf,5bce343dd27ab0965c1cb75ff3ab402d9aadd65c15918c1d60b1566bb49ebd88,reimbursement_atlas:au_pbs_archive_2011_12_01_a1fbd5ba1e5f,Retrieved into ignored local cache.,pdf,2011-12-01-efficient-funding-of-chemotherapy.pdf,au_pbs_archive_a1fbd5ba1e5fe19f,public_reuse_review,pending_human_review,au_pbs,https://www.pbs.gov.au/publication/schedule/2011/12/2011-12-01-efficient-funding-of-chemotherapy.pdf?variant=3,au_pbs_archive_2011_12_01_a1fbd5ba1e5f,downloaded,data/derived/processes/historical_source_transformation.bpmn
https://www.pbs.gov.au/info/publication/schedule/2010,2817214,data/raw_live/historical_sources/pbs_archive/au_pbs_archive_a20c0387be927727.pdf,529d8cb7fb69e4eb084baa44234f4f70762672216665b3d408b7e2aa8f5c66c4,reimbursement_atlas:au_pbs_archive_2010_08_01_a20c0387be92,Retrieved into ignored local cache.,pdf,2010-08-01-general-schedule.pdf,au_pbs_archive_a20c0387be927727,public_reuse_review,pending_human_review,au_pbs,https://www.pbs.gov.au/publication/schedule/2010/2010-08-01-general-schedule.pdf?variant=3,au_pbs_archive_2010_08_01_a20c0387be92,downloaded,data/derived/processes/historical_source_transformation.bpmn
https://www.pbs.gov.au/info/publication/schedule/2025,14376096,data/raw_live/historical_sources/pbs_archive/au_pbs_archive_a223328da80f252d.pdf,858230d79dffae435224902c99027f20fbef714549b33b0cb8525596c8164926,reimbursement_atlas:au_pbs_archive_2025_04_01_a223328da80f,Retrieved into ignored local cache.,pdf,2025-04-01-general-schedule-volume-2.pdf,au_pbs_archive_a223328da80f252d,public_reuse_review,pending_human_review,au_pbs,https://www.pbs.gov.au/publication/schedule/2025/04/2025-04-01-general-schedule-volume-2.pdf?variant=3,au_pbs_archive_2025_04_01_a223328da80f,downloaded,data/derived/processes/historical_source_transformation.bpmn
https://www.pbs.gov.au/info/publication/schedule/2009,50319,data/raw_live/historical_sources/pbs_archive/au_pbs_archive_a2d9e17cd521055e.pdf,7e4a7d48564d0c6f0d10f6ded8eaf831d82e9e2c3380fa013ecf5ee975ab490e,reimbursement_atlas:au_pbs_archive_2009_09_01_a2d9e17cd521,Existing local cache retained; use --force to replace it.,pdf,2009-09-01-dental-book-soc.pdf,au_pbs_archive_a2d9e17cd521055e,public_reuse_review,pending_human_review,au_pbs,https://www.pbs.gov.au/publication/schedule/2009/2009-09-01-dental-book-soc.pdf?variant=3,au_pbs_archive_2009_09_01_a2d9e17cd521,cached,data/derived/processes/historical_source_transformation.bpmn
https://www.pbs.gov.au/info/publication/schedule/2017,964411,data/raw_live/historical_sources/pbs_archive/au_pbs_archive_a2f7183ca93de484.pdf,d4897f7f4d687b08436d5918b001e3950ad9adb6727e017c1baf2397610a3e39,reimbursement_atlas:au_pbs_archive_2017_04_01_a2f7183ca93d,Existing local cache retained; use --force to replace it.,pdf,2017-04-01-general-soc.pdf,au_pbs_archive_a2f7183ca93de484,public_reuse_review,pending_human_review,au_pbs,https://www.pbs.gov.au/publication/schedule/2017/04/2017-04-01-general-soc.pdf?variant=3,au_pbs_archive_2017_04_01_a2f7183ca93d,cached,data/derived/processes/historical_source_transformation.bpmn
https://www.pbs.gov.au/info/publication/schedule/2010,63358,data/raw_live/historical_sources/pbs_archive/au_pbs_archive_a306ccf4d2a05fed.pdf,ac96deb0068a9e5657f30952d41bb5afdf0203daa1cad027a8bed52bf5b17384,reimbursement_atlas:au_pbs_archive_2010_09_01_a306ccf4d2a0,Existing local cache retained; use --force to replace it.,pdf,2010-09-01-dental-book-SOC.pdf,au_pbs_archive_a306ccf4d2a05fed,public_reuse_review,pending_human_review,au_pbs,https://www.pbs.gov.au/publication/schedule/2010/2010-09-01-dental-book-SOC.pdf?variant=3,au_pbs_archive_2010_09_01_a306ccf4d2a0,cached,data/derived/processes/historical_source_transformation.bpmn
https://www.pbs.gov.au/info/publication/schedule/2015,514906,data/raw_live/historical_sources/pbs_archive/au_pbs_archive_a33212ba15a39e5f.pdf,6520bd084cd09927e9fbff10c53e84727707ad1b03678b196d8f00b0c68cb18c,reimbursement_atlas:au_pbs_archive_2015_05_01_a33212ba15a3,Existing local cache retained; use --force to replace it.,pdf,2015-05-01-efc-schedule.pdf,au_pbs_archive_a33212ba15a39e5f,public_reuse_review,pending_human_review,au_pbs,https://www.pbs.gov.au/publication/schedule/2015/05/2015-05-01-efc-schedule.pdf?variant=3,au_pbs_archive_2015_05_01_a33212ba15a3,cached,data/derived/processes/historical_source_transformation.bpmn
https://www.pbs.gov.au/info/publication/schedule/2019,21123862,data/raw_live/historical_sources/pbs_archive/au_pbs_archive_a343be1c3728a693.pdf,1d5dd26e2a7ba8e0c6aa640a99ca8b5c8fa295e597d481a11a1233b865aafec1,reimbursement_atlas:au_pbs_archive_2019_02_01_a343be1c3728,Retrieved into ignored local cache.,pdf,2019-02-01-general-schedule.pdf,au_pbs_archive_a343be1c3728a693,public_reuse_review,pending_human_review,au_pbs,https://www.pbs.gov.au/publication/schedule/2019/02/2019-02-01-general-schedule.pdf?variant=3,au_pbs_archive_2019_02_01_a343be1c3728,downloaded,data/derived/processes/historical_source_transformation.bpmn
https://www.pbs.gov.au/info/publication/schedule/2014,671178,data/raw_live/historical_sources/pbs_archive/au_pbs_archive_a360da3c393e061f.pdf,ca82da602ad96bdcce7a7806559b253c227319417b2ea5cc27b47a69c1fc3ff3,reimbursement_atlas:au_pbs_archive_2014_11_01_a360da3c393e,Existing local cache retained; use --force to replace it.,pdf,2014-11-01-general-schedule-soc.pdf,au_pbs_archive_a360da3c393e061f,public_reuse_review,pending_human_review,au_pbs,https://www.pbs.gov.au/publication/schedule/2014/11/2014-11-01-general-schedule-soc.pdf?variant=3,au_pbs_archive_2014_11_01_a360da3c393e,cached,data/derived/processes/historical_source_transformation.bpmn
https://www.pbs.gov.au/info/publication/schedule/2024,3214304,data/raw_live/historical_sources/pbs_archive/au_pbs_archive_a39c814b53fef210.pdf,93b54e98664371cd5512e2e6dd91a003db2f7ed283c1f28436069d322663ff4f,reimbursement_atlas:au_pbs_archive_2024_08_01_a39c814b53fe,Retrieved into ignored local cache.,pdf,2024-08-01-general-soc.pdf,au_pbs_archive_a39c814b53fef210,public_reuse_review,pending_human_review,au_pbs,https://www.pbs.gov.au/publication/schedule/2024/08/2024-08-01-general-soc.pdf?variant=3,au_pbs_archive_2024_08_01_a39c814b53fe,downloaded,data/derived/processes/historical_source_transformation.bpmn
https://www.pbs.gov.au/info/publication/schedule/2021,11486272,data/raw_live/historical_sources/pbs_archive/au_pbs_archive_a4072dab877c658c.pdf,c142875c4c19a3987d9dbbec4ff8a10538aa423d3eaed595fc06a7a156599c8b,reimbursement_atlas:au_pbs_archive_2021_05_01_a4072dab877c,Retrieved into ignored local cache.,pdf,2021-05-01-general-schedule-volume-1.pdf,au_pbs_archive_a4072dab877c658c,public_reuse_review,pending_human_review,au_pbs,https://www.pbs.gov.au/publication/schedule/2021/05/2021-05-01-general-schedule-volume-1.pdf?variant=3,au_pbs_archive_2021_05_01_a4072dab877c,downloaded,data/derived/processes/historical_source_transformation.bpmn
https://www.pbs.gov.au/info/publication/schedule/2024,1468546,data/raw_live/historical_sources/pbs_archive/au_pbs_archive_a417da8ab6bf64ad.pdf,d4e2b4f570befc15bc75baf0c279937e236dd5a3326063620b6d593659778a61,reimbursement_atlas:au_pbs_archive_2024_06_01_a417da8ab6bf,Retrieved into ignored local cache.,pdf,2024-06-01-general-soc.pdf,au_pbs_archive_a417da8ab6bf64ad,public_reuse_review,pending_human_review,au_pbs,https://www.pbs.gov.au/publication/schedule/2024/06/2024-06-01-general-soc.pdf?variant=3,au_pbs_archive_2024_06_01_a417da8ab6bf,downloaded,data/derived/processes/historical_source_transformation.bpmn
https://www.pbs.gov.au/info/publication/schedule/2009,452065,data/raw_live/historical_sources/pbs_archive/au_pbs_archive_a4a3c213f2a0dd86.pdf,098540727a104c1e7ff901059b59232a8bd444c7bd08c3354ab0062b8a0e57b3,reimbursement_atlas:au_pbs_archive_2009_09_01_a4a3c213f2a0,Existing local cache retained; use --force to replace it.,pdf,2009-09-01-dental-book.pdf,au_pbs_archive_a4a3c213f2a0dd86,public_reuse_review,pending_human_review,au_pbs,https://www.pbs.gov.au/publication/schedule/2009/2009-09-01-dental-book.pdf?variant=3,au_pbs_archive_2009_09_01_a4a3c213f2a0,cached,data/derived/processes/historical_source_transformation.bpmn
https://www.pbs.gov.au/info/publication/schedule/2025,14350161,data/raw_live/historical_sources/pbs_archive/au_pbs_archive_a4efcf03e348d8de.pdf,f4586aa82a55017d2fb52be701ebfee2eab80b81ada573ce8ccd0dabaf46b5a6,reimbursement_atlas:au_pbs_archive_2025_12_01_a4efcf03e348,Retrieved into ignored local cache.,pdf,2025-12-01-general-schedule-volume-2.pdf,au_pbs_archive_a4efcf03e348d8de,public_reuse_review,pending_human_review,au_pbs,https://www.pbs.gov.au/publication/schedule/2025/12/2025-12-01-general-schedule-volume-2.pdf?variant=3,au_pbs_archive_2025_12_01_a4efcf03e348,downloaded,data/derived/processes/historical_source_transformation.bpmn
https://www.pbs.gov.au/info/publication/schedule/2022,25615429,data/raw_live/historical_sources/pbs_archive/au_pbs_archive_a5055240c456348d.pdf,8a55128aece49f036d558400a5d875230b1d2dbc27af56e594adf51360825831,reimbursement_atlas:au_pbs_archive_2022_01_01_a5055240c456,Retrieved into ignored local cache.,pdf,2022-01-01-general-schedule-volume-1.pdf,au_pbs_archive_a5055240c456348d,public_reuse_review,pending_human_review,au_pbs,https://www.pbs.gov.au/publication/schedule/2022/01/2022-01-01-general-schedule-volume-1.pdf?variant=3,au_pbs_archive_2022_01_01_a5055240c456,downloaded,data/derived/processes/historical_source_transformation.bpmn
https://www.pbs.gov.au/info/publication/schedule/2012,478159,data/raw_live/historical_sources/pbs_archive/au_pbs_archive_a512785c2a9dfe72.pdf,29bd3420a777ef1eb2fa73e8abfa1df6085a3ac48f4dc5ac4cc000f692eb661d,reimbursement_atlas:au_pbs_archive_2012_10_01_a512785c2a9d,Existing local cache retained; use --force to replace it.,pdf,2012-10-01-general-schedule-SOC.pdf,au_pbs_archive_a512785c2a9dfe72,public_reuse_review,pending_human_review,au_pbs,https://www.pbs.gov.au/publication/schedule/2012/10/2012-10-01-general-schedule-SOC.pdf?variant=3,au_pbs_archive_2012_10_01_a512785c2a9d,cached,data/derived/processes/historical_source_transformation.bpmn
https://www.pbs.gov.au/info/publication/schedule/2024,2019316,data/raw_live/historical_sources/pbs_archive/au_pbs_archive_a54ef100946ea643.pdf,a207174c692a7fb14585e6d515716183099692ae765262773b4c77127fe1d3ce,reimbursement_atlas:au_pbs_archive_2024_11_01_a54ef100946e,Retrieved into ignored local cache.,pdf,2024-11-01-general-soc.pdf,au_pbs_archive_a54ef100946ea643,public_reuse_review,pending_human_review,au_pbs,https://www.pbs.gov.au/publication/schedule/2024/11/2024-11-01-general-soc.pdf?variant=3,au_pbs_archive_2024_11_01_a54ef100946e,downloaded,data/derived/processes/historical_source_transformation.bpmn
https://www.pbs.gov.au/info/publication/schedule/2022,2543430,data/raw_live/historical_sources/pbs_archive/au_pbs_archive_a5a9588a9cf38df4.pdf,99b3937cccb1de4e692acede25e58b99f279448e5d829ba07e599ef651f86978,reimbursement_atlas:au_pbs_archive_2022_11_01_a5a9588a9cf3,Retrieved into ignored local cache.,pdf,2022-11-01-efc-schedule.pdf,au_pbs_archive_a5a9588a9cf38df4,public_reuse_review,pending_human_review,au_pbs,https://www.pbs.gov.au/publication/schedule/2022/11/2022-11-01-efc-schedule.pdf?variant=3,au_pbs_archive_2022_11_01_a5a9588a9cf3,downloaded,data/derived/processes/historical_source_transformation.bpmn
https://www.pbs.gov.au/info/publication/schedule/2007,58700,data/raw_live/historical_sources/pbs_archive/au_pbs_archive_a5b067a977611ca2.pdf,f97f7d6b46d85cad203609d4f5eec90a37bf96eea3bb4b3cbacea0d844fd7b99,reimbursement_atlas:au_pbs_archive_2007_11_01_a5b067a97761,Existing local cache retained; use --force to replace it.,pdf,2007-11-01-dental-book-soc.pdf,au_pbs_archive_a5b067a977611ca2,public_reuse_review,pending_human_review,au_pbs,https://www.pbs.gov.au/publication/schedule/2007/2007-11-01-dental-book-soc.pdf?variant=3,au_pbs_archive_2007_11_01_a5b067a97761,cached,data/derived/processes/historical_source_transformation.bpmn
https://www.pbs.gov.au/info/publication/schedule/2011,1979697,data/raw_live/historical_sources/pbs_archive/au_pbs_archive_a607513674ee7642.pdf,d6929ef9e016671d0e0eed5ff3fcfd6eca220bbc3573a9c5f12f11e7c8ee132f,reimbursement_atlas:au_pbs_archive_2011_03_01_a607513674ee,Retrieved into ignored local cache.,pdf,2011-03-01-general-schedule-SOC.pdf,au_pbs_archive_a607513674ee7642,public_reuse_review,pending_human_review,au_pbs,https://www.pbs.gov.au/publication/schedule/2011/03/2011-03-01-general-schedule-SOC.pdf?variant=3,au_pbs_archive_2011_03_01_a607513674ee,downloaded,data/derived/processes/historical_source_transformation.bpmn
https://www.pbs.gov.au/info/publication/schedule/2009,50007,data/raw_live/historical_sources/pbs_archive/au_pbs_archive_a63c2ff0953d17b8.pdf,0c5e9317c0f911066b04b9e606a897054012d87607f25a777c7e1f219998a191,reimbursement_atlas:au_pbs_archive_2009_01_01_a63c2ff0953d,Existing local cache retained; use --force to replace it.,pdf,2009-01-01-dental-book-soc.pdf,au_pbs_archive_a63c2ff0953d17b8,public_reuse_review,pending_human_review,au_pbs,https://www.pbs.gov.au/publication/schedule/2009/2009-01-01-dental-book-soc.pdf?variant=3,au_pbs_archive_2009_01_01_a63c2ff0953d,cached,data/derived/processes/historical_source_transformation.bpmn
https://www.pbs.gov.au/info/publication/schedule/2025,2996855,data/raw_live/historical_sources/pbs_archive/au_pbs_archive_a668ce3f489edf75.pdf,7dea08c142cbc13a019f535c7581f553aa6857d2cd92f9316251f1294142a315,reimbursement_atlas:au_pbs_archive_2025_05_01_a668ce3f489e,Retrieved into ignored local cache.,pdf,2025-05-01-efc-schedule.pdf,au_pbs_archive_a668ce3f489edf75,public_reuse_review,pending_human_review,au_pbs,https://www.pbs.gov.au/publication/schedule/2025/05/2025-05-01-efc-schedule.pdf?variant=3,au_pbs_archive_2025_05_01_a668ce3f489e,downloaded,data/derived/processes/historical_source_transformation.bpmn
https://www.pbs.gov.au/info/publication/schedule/2008,3852259,data/raw_live/historical_sources/pbs_archive/au_pbs_archive_a69e55bd13a3b846.pdf,eb10e6ad610f0900964cbe954a7215a61943767554167d84c6b90a4b14b9d609,reimbursement_atlas:au_pbs_archive_2008_03_01_a69e55bd13a3,Retrieved into ignored local cache.,pdf,2008-03-01-general-schedule.pdf,au_pbs_archive_a69e55bd13a3b846,public_reuse_review,pending_human_review,au_pbs,https://www.pbs.gov.au/publication/schedule/2008/2008-03-01-general-schedule.pdf?variant=3,au_pbs_archive_2008_03_01_a69e55bd13a3,downloaded,data/derived/processes/historical_source_transformation.bpmn
https://www.pbs.gov.au/info/publication/schedule/2020,2420828,data/raw_live/historical_sources/pbs_archive/au_pbs_archive_a6e8bbacc42b5542.pdf,2edf35b15a470ab26d762868e38bc1a80dcc19ee9fffc566ab84b5d373bf48d9,reimbursement_atlas:au_pbs_archive_2020_10_01_a6e8bbacc42b,Retrieved into ignored local cache.,pdf,2020-10-01-general-soc.pdf,au_pbs_archive_a6e8bbacc42b5542,public_reuse_review,pending_human_review,au_pbs,https://www.pbs.gov.au/publication/schedule/2020/10/2020-10-01-general-soc.pdf?variant=3,au_pbs_archive_2020_10_01_a6e8bbacc42b,downloaded,data/derived/processes/historical_source_transformation.bpmn
https://www.pbs.gov.au/info/publication/schedule/2012,2896040,data/raw_live/historical_sources/pbs_archive/au_pbs_archive_a716ab939e5595b2.pdf,0963a6a230190298aeb5b6f51b549ac3aaac5fc50f662a78c4fa24ed0275e1bb,reimbursement_atlas:au_pbs_archive_2012_10_01_a716ab939e55,Retrieved into ignored local cache.,pdf,2012-10-01-efc-schedule.pdf,au_pbs_archive_a716ab939e5595b2,public_reuse_review,pending_human_review,au_pbs,https://www.pbs.gov.au/publication/schedule/2012/10/2012-10-01-efc-schedule.pdf?variant=3,au_pbs_archive_2012_10_01_a716ab939e55,downloaded,data/derived/processes/historical_source_transformation.bpmn
https://www.pbs.gov.au/info/publication/schedule/historical-archive,1247581,data/raw_live/historical_sources/pbs_archive/au_pbs_archive_a77cd77601061a52.pdf,8489b7bb3c701e1f59f74958fc700b463cb7edc3688a10df68ac530465b47c5e,reimbursement_atlas:au_pbs_archive_1984_11_01_a77cd7760106,Existing local cache retained; use --force to replace it.,pdf,1984-11-01-RPBS-Schedule.pdf,au_pbs_archive_a77cd77601061a52,public_reuse_review,pending_human_review,au_pbs,https://www.pbs.gov.au/publication/schedule/1951-2002/1984-11-01-RPBS-Schedule.pdf?variant=3,au_pbs_archive_1984_11_01_a77cd7760106,cached,data/derived/processes/historical_source_transformation.bpmn
https://www.pbs.gov.au/info/publication/schedule/2016,1200087,data/raw_live/historical_sources/pbs_archive/au_pbs_archive_a7b40e473223a592.pdf,452bde0dd3c27b8d66b914238121724617a81d4abdfcf0a3ae947d361d25399a,reimbursement_atlas:au_pbs_archive_2016_08_01_a7b40e473223,Retrieved into ignored local cache.,pdf,2016-08-01-general-soc.pdf,au_pbs_archive_a7b40e473223a592,public_reuse_review,pending_human_review,au_pbs,https://www.pbs.gov.au/publication/schedule/2016/08/2016-08-01-general-soc.pdf?variant=3,au_pbs_archive_2016_08_01_a7b40e473223,downloaded,data/derived/processes/historical_source_transformation.bpmn
https://www.pbs.gov.au/info/publication/schedule/2009,268915,data/raw_live/historical_sources/pbs_archive/au_pbs_archive_a82c37f571df3ea9.pdf,a79034e892f20c812d8f63e18ae74e3a4fd9bb7ef05b54a22a56a1adc15b9703,reimbursement_atlas:au_pbs_archive_2009_05_01_a82c37f571df,Existing local cache retained; use --force to replace it.,pdf,2009-05-01-dental-book-soc.pdf,au_pbs_archive_a82c37f571df3ea9,public_reuse_review,pending_human_review,au_pbs,https://www.pbs.gov.au/publication/schedule/2009/2009-05-01-dental-book-soc.pdf?variant=3,au_pbs_archive_2009_05_01_a82c37f571df,cached,data/derived/processes/historical_source_transformation.bpmn
https://www.pbs.gov.au/info/publication/schedule/2013,865497,data/raw_live/historical_sources/pbs_archive/au_pbs_archive_a88b04cd8b572832.pdf,b5cf5cfca8103baea92010fc40281f292aff5c8de67fcf16960ed608f5e3ae7f,reimbursement_atlas:au_pbs_archive_2013_11_01_a88b04cd8b57,Existing local cache retained; use --force to replace it.,pdf,2013-11-01-general-schedule-soc.pdf,au_pbs_archive_a88b04cd8b572832,public_reuse_review,pending_human_review,au_pbs,https://www.pbs.gov.au/publication/schedule/2013/11/2013-11-01-general-schedule-soc.pdf?variant=3,au_pbs_archive_2013_11_01_a88b04cd8b57,cached,data/derived/processes/historical_source_transformation.bpmn
https://www.pbs.gov.au/info/publication/schedule/2024,30949966,data/raw_live/historical_sources/pbs_archive/au_pbs_archive_a94716aaa0966478.pdf,aeb672ca2ebd270ee9ea2bf711ba9842dcbe337e6f0681ee902330f4cab7b1e4,reimbursement_atlas:au_pbs_archive_2024_07_01_a94716aaa096,Retrieved into ignored local cache.,pdf,2024-07-01-general-schedule-volume-1.pdf,au_pbs_archive_a94716aaa0966478,public_reuse_review,pending_human_review,au_pbs,https://www.pbs.gov.au/publication/schedule/2024/07/2024-07-01-general-schedule-volume-1.pdf?variant=3,au_pbs_archive_2024_07_01_a94716aaa096,downloaded,data/derived/processes/historical_source_transformation.bpmn
https://www.pbs.gov.au/info/publication/schedule/2015,1781948,data/raw_live/historical_sources/pbs_archive/au_pbs_archive_a96e9ac786d1ebce.pdf,eb29e192587e80c9c58bcb4283ec61d348eeff76bb7be5dfeeb5812d832dfa69,reimbursement_atlas:au_pbs_archive_2015_10_01_a96e9ac786d1,Existing local cache retained; use --force to replace it.,pdf,2015-10-01-general-schedule-soc.pdf,au_pbs_archive_a96e9ac786d1ebce,public_reuse_review,pending_human_review,au_pbs,https://www.pbs.gov.au/publication/schedule/2015/10/2015-10-01-general-schedule-soc.pdf?variant=3,au_pbs_archive_2015_10_01_a96e9ac786d1,cached,data/derived/processes/historical_source_transformation.bpmn
https://www.pbs.gov.au/info/publication/schedule/2011,2932686,data/raw_live/historical_sources/pbs_archive/au_pbs_archive_a990e446712c0687.pdf,bb21578eb12c36c6f2d93bc0ef62e6dc0561d274185a606b96ec07815b3e4d33,reimbursement_atlas:au_pbs_archive_2011_04_01_a990e446712c,Existing local cache retained; use --force to replace it.,pdf,2011-04-01-dental-book.pdf,au_pbs_archive_a990e446712c0687,public_reuse_review,pending_human_review,au_pbs,https://www.pbs.gov.au/publication/schedule/2011/04/2011-04-01-dental-book.pdf?variant=3,au_pbs_archive_2011_04_01_a990e446712c,cached,data/derived/processes/historical_source_transformation.bpmn
https://www.pbs.gov.au/info/publication/schedule/2022,22457493,data/raw_live/historical_sources/pbs_archive/au_pbs_archive_a9a919633fb0f627.pdf,2fb28e9dbcbbff42490a5e357f8688d3159186eaff0f0f3bfd338af91f269e50,reimbursement_atlas:au_pbs_archive_2022_07_01_a9a919633fb0,Retrieved into ignored local cache.,pdf,2022-07-01-general-schedule-volume-1.pdf,au_pbs_archive_a9a919633fb0f627,public_reuse_review,pending_human_review,au_pbs,https://www.pbs.gov.au/publication/schedule/2022/07/2022-07-01-general-schedule-volume-1.pdf?variant=3,au_pbs_archive_2022_07_01_a9a919633fb0,downloaded,data/derived/processes/historical_source_transformation.bpmn
https://www.pbs.gov.au/info/publication/schedule/historical-archive,3676333,data/raw_live/historical_sources/pbs_archive/au_pbs_archive_a9c60b72da98ace5.pdf,bba881b207ff6da838b4592a18b0be1053a15266d1854bb4d27a58064ba2e850,reimbursement_atlas:au_pbs_archive_1955_01_01_a9c60b72da98,Retrieved into ignored local cache.,pdf,1955-01-01-PBS-Schedule-Medical-Practitioners.pdf,au_pbs_archive_a9c60b72da98ace5,public_reuse_review,pending_human_review,au_pbs,https://www.pbs.gov.au/publication/schedule/1951-2002/1955-01-01-PBS-Schedule-Medical-Practitioners.pdf?variant=3,au_pbs_archive_1955_01_01_a9c60b72da98,downloaded,data/derived/processes/historical_source_transformation.bpmn
https://www.pbs.gov.au/info/publication/schedule/2022,3373406,data/raw_live/historical_sources/pbs_archive/au_pbs_archive_a9d9582adfb5391f.pdf,d9e80b9852fcfe30ca75dcb02a1caddb1863f3acdd26036457a24a6c2851075e,reimbursement_atlas:au_pbs_archive_2022_11_01_a9d9582adfb5,Retrieved into ignored local cache.,pdf,2022-11-01-general-soc.pdf,au_pbs_archive_a9d9582adfb5391f,public_reuse_review,pending_human_review,au_pbs,https://www.pbs.gov.au/publication/schedule/2022/11/2022-11-01-general-soc.pdf?variant=3,au_pbs_archive_2022_11_01_a9d9582adfb5,downloaded,data/derived/processes/historical_source_transformation.bpmn
https://www.pbs.gov.au/info/publication/schedule/2014,342144,data/raw_live/historical_sources/pbs_archive/au_pbs_archive_a9ec7e420eab41d0.pdf,16ddc38cd21614c957dfc5b45f9a7ebe243cffcf2b62913e36ce16f82a688c6e,reimbursement_atlas:au_pbs_archive_2014_06_01_a9ec7e420eab,Existing local cache retained; use --force to replace it.,pdf,2014-06-01-errata.pdf,au_pbs_archive_a9ec7e420eab41d0,public_reuse_review,pending_human_review,au_pbs,https://www.pbs.gov.au/publication/schedule/2014/06/2014-06-01-errata.pdf?variant=3,au_pbs_archive_2014_06_01_a9ec7e420eab,cached,data/derived/processes/historical_source_transformation.bpmn
https://www.pbs.gov.au/info/publication/schedule/2022,2209024,data/raw_live/historical_sources/pbs_archive/au_pbs_archive_a9f40bce48981e56.pdf,3e97db7b9c47e89fcf3788a3ac22af2b1d23f0706eacd24a0ae069106f7c33a9,reimbursement_atlas:au_pbs_archive_2022_09_01_a9f40bce4898,Existing local cache retained; use --force to replace it.,pdf,2022-09-01-efc-schedule.pdf,au_pbs_archive_a9f40bce48981e56,public_reuse_review,pending_human_review,au_pbs,https://www.pbs.gov.au/publication/schedule/2022/09/2022-09-01-efc-schedule.pdf?variant=3,au_pbs_archive_2022_09_01_a9f40bce4898,cached,data/derived/processes/historical_source_transformation.bpmn
https://www.pbs.gov.au/info/publication/schedule/2024,2604899,data/raw_live/historical_sources/pbs_archive/au_pbs_archive_aa8138a0adeb951b.pdf,aca11ccf7235beb50a1fef07b00abe83d7bf0b685353dd7e12c97c3fcd16e4bb,reimbursement_atlas:au_pbs_archive_2024_02_01_aa8138a0adeb,Retrieved into ignored local cache.,pdf,2024-02-01-efc-schedule.pdf,au_pbs_archive_aa8138a0adeb951b,public_reuse_review,pending_human_review,au_pbs,https://www.pbs.gov.au/publication/schedule/2024/02/2024-02-01-efc-schedule.pdf?variant=3,au_pbs_archive_2024_02_01_aa8138a0adeb,downloaded,data/derived/processes/historical_source_transformation.bpmn
https://www.pbs.gov.au/info/publication/schedule/2023,1004139,data/raw_live/historical_sources/pbs_archive/au_pbs_archive_aa83c713aac79a0f.pdf,e8e7837914c721ca8341a8d77c7327bc29524e0073ef49b1209a50f6b48d4e22,reimbursement_atlas:au_pbs_archive_2023_06_01_aa83c713aac7,Existing local cache retained; use --force to replace it.,pdf,2023-06-01-general-soc.pdf,au_pbs_archive_aa83c713aac79a0f,public_reuse_review,pending_human_review,au_pbs,https://www.pbs.gov.au/publication/schedule/2023/06/2023-06-01-general-soc.pdf?variant=3,au_pbs_archive_2023_06_01_aa83c713aac7,cached,data/derived/processes/historical_source_transformation.bpmn
https://www.pbs.gov.au/info/publication/schedule/2012,148802,data/raw_live/historical_sources/pbs_archive/au_pbs_archive_aab935296b2cb829.pdf,7580cda477df9a748b86364568df4d3c65b439b5240c9e276ff7f97c5dde1260,reimbursement_atlas:au_pbs_archive_2012_05_01_aab935296b2c,Existing local cache retained; use --force to replace it.,pdf,2012-05-01-dental-book-SOC.pdf,au_pbs_archive_aab935296b2cb829,public_reuse_review,pending_human_review,au_pbs,https://www.pbs.gov.au/publication/schedule/2012/05/2012-05-01-dental-book-SOC.pdf?variant=3,au_pbs_archive_2012_05_01_aab935296b2c,cached,data/derived/processes/historical_source_transformation.bpmn
https://www.pbs.gov.au/info/publication/schedule/2009,67635,data/raw_live/historical_sources/pbs_archive/au_pbs_archive_aac18ebb109f811c.pdf,dbf0444396e4399684263c2e6751e7863fec25b8a71bb1d09465f99781763f9e,reimbursement_atlas:au_pbs_archive_2009_07_01_aac18ebb109f,Existing local cache retained; use --force to replace it.,pdf,2009-07-01-general-schedule-soc.pdf,au_pbs_archive_aac18ebb109f811c,public_reuse_review,pending_human_review,au_pbs,https://www.pbs.gov.au/publication/schedule/2009/2009-07-01-general-schedule-soc.pdf?variant=3,au_pbs_archive_2009_07_01_aac18ebb109f,cached,data/derived/processes/historical_source_transformation.bpmn
https://www.pbs.gov.au/info/publication/schedule/2012,2729248,data/raw_live/historical_sources/pbs_archive/au_pbs_archive_aaf2331ac3f32798.pdf,b521270a13d728d4076efeba0c7ab1c3f3052d766e08e1ee17ac21e5846a33eb,reimbursement_atlas:au_pbs_archive_2012_08_01_aaf2331ac3f3,Retrieved into ignored local cache.,pdf,2012-08-01-efc-schedule.pdf,au_pbs_archive_aaf2331ac3f32798,public_reuse_review,pending_human_review,au_pbs,https://www.pbs.gov.au/publication/schedule/2012/08/2012-08-01-efc-schedule.pdf?variant=3,au_pbs_archive_2012_08_01_aaf2331ac3f3,downloaded,data/derived/processes/historical_source_transformation.bpmn
https://www.pbs.gov.au/info/publication/schedule/2018,21726248,data/raw_live/historical_sources/pbs_archive/au_pbs_archive_ab16e4f92ea252fe.pdf,5d126cf28789c76d98f204a581b6c6d76061a570e321c9059c2d91a7c4bc409a,reimbursement_atlas:au_pbs_archive_2018_12_01_ab16e4f92ea2,Retrieved into ignored local cache.,pdf,2018-12-01-general-schedule.pdf,au_pbs_archive_ab16e4f92ea252fe,public_reuse_review,pending_human_review,au_pbs,https://www.pbs.gov.au/publication/schedule/2018/12/2018-12-01-general-schedule.pdf?variant=3,au_pbs_archive_2018_12_01_ab16e4f92ea2,downloaded,data/derived/processes/historical_source_transformation.bpmn
https://www.pbs.gov.au/info/publication/schedule/2011,7632,data/raw_live/historical_sources/pbs_archive/au_pbs_archive_ab2c8a6608dff927.pdf,5d349e74c8e42a3c58ba72162b1fa7b8f909c0f35ca5cbb93b9ebacbff1b7108,reimbursement_atlas:au_pbs_archive_2011_03_01_ab2c8a6608df,Existing local cache retained; use --force to replace it.,pdf,2011-03-01-erratum.pdf,au_pbs_archive_ab2c8a6608dff927,public_reuse_review,pending_human_review,au_pbs,https://www.pbs.gov.au/publication/schedule/2011/03/2011-03-01-erratum.pdf?variant=3,au_pbs_archive_2011_03_01_ab2c8a6608df,cached,data/derived/processes/historical_source_transformation.bpmn
https://www.pbs.gov.au/info/publication/schedule/2025,14343074,data/raw_live/historical_sources/pbs_archive/au_pbs_archive_ab8b754711530c88.pdf,f69ae65610af71440747ca18bc429ed76c4af5402a2e829ceeddd451bee6d6a7,reimbursement_atlas:au_pbs_archive_2025_03_01_ab8b75471153,Retrieved into ignored local cache.,pdf,2025-03-01-general-schedule-volume-2.pdf,au_pbs_archive_ab8b754711530c88,public_reuse_review,pending_human_review,au_pbs,https://www.pbs.gov.au/publication/schedule/2025/03/2025-03-01-general-schedule-volume-2.pdf?variant=3,au_pbs_archive_2025_03_01_ab8b75471153,downloaded,data/derived/processes/historical_source_transformation.bpmn
https://www.pbs.gov.au/info/publication/schedule/2012,2782806,data/raw_live/historical_sources/pbs_archive/au_pbs_archive_aba3b16663ee8e6e.pdf,7460245de99aa92e0c230be71702b80e30f3839344489e4768b9946bf0449035,reimbursement_atlas:au_pbs_archive_2012_08_01_aba3b16663ee,Existing local cache retained; use --force to replace it.,pdf,2012-08-01-dental-book.pdf,au_pbs_archive_aba3b16663ee8e6e,public_reuse_review,pending_human_review,au_pbs,https://www.pbs.gov.au/publication/schedule/2012/08/2012-08-01-dental-book.pdf?variant=3,au_pbs_archive_2012_08_01_aba3b16663ee,cached,data/derived/processes/historical_source_transformation.bpmn
https://www.pbs.gov.au/info/publication/schedule/historical-archive,12213207,data/raw_live/historical_sources/pbs_archive/au_pbs_archive_abe4795053e0c3dc.pdf,ed54a02f07248d33fc2b44ddba62b8900d22e7a570806325aecbcb7e3eb4b826,reimbursement_atlas:au_pbs_archive_1992_12_01_abe4795053e0,Retrieved into ignored local cache.,pdf,1992-12-01-PBS-Schedule.pdf,au_pbs_archive_abe4795053e0c3dc,public_reuse_review,pending_human_review,au_pbs,https://www.pbs.gov.au/publication/schedule/1951-2002/1992-12-01-PBS-Schedule.pdf?variant=3,au_pbs_archive_1992_12_01_abe4795053e0,downloaded,data/derived/processes/historical_source_transformation.bpmn
https://www.pbs.gov.au/info/publication/schedule/2020,11726540,data/raw_live/historical_sources/pbs_archive/au_pbs_archive_abe7a5a91e96f168.pdf,6bc10a43139abb6c01e34f9aac36cf76cca2c7910cc76e2dc2175f0f981d4d36,reimbursement_atlas:au_pbs_archive_2020_12_01_abe7a5a91e96,Retrieved into ignored local cache.,pdf,2020-12-01-general-schedule-volume-2.pdf,au_pbs_archive_abe7a5a91e96f168,public_reuse_review,pending_human_review,au_pbs,https://www.pbs.gov.au/publication/schedule/2020/12/2020-12-01-general-schedule-volume-2.pdf?variant=3,au_pbs_archive_2020_12_01_abe7a5a91e96,downloaded,data/derived/processes/historical_source_transformation.bpmn
https://www.pbs.gov.au/info/publication/schedule/2023,2376956,data/raw_live/historical_sources/pbs_archive/au_pbs_archive_ac0755a84448d6df.pdf,670e3d9a1570b150533a9f5c6a29ffb342495f8ffb3cc241f99124a419ef2c7a,reimbursement_atlas:au_pbs_archive_2023_04_01_ac0755a84448,Existing local cache retained; use --force to replace it.,pdf,2023-04-01-efc-schedule.pdf,au_pbs_archive_ac0755a84448d6df,public_reuse_review,pending_human_review,au_pbs,https://www.pbs.gov.au/publication/schedule/2023/04/2023-04-01-efc-schedule.pdf?variant=3,au_pbs_archive_2023_04_01_ac0755a84448,cached,data/derived/processes/historical_source_transformation.bpmn
https://www.pbs.gov.au/info/publication/schedule/2009,50428,data/raw_live/historical_sources/pbs_archive/au_pbs_archive_ac262032c3de4f97.pdf,cb955b46370ecea34a82a41c93ba006e7988bbb5b1cbfdf953afe4e1792cfb54,reimbursement_atlas:au_pbs_archive_2009_11_01_ac262032c3de,Existing local cache retained; use --force to replace it.,pdf,2009-11-01-dental-book-soc.pdf,au_pbs_archive_ac262032c3de4f97,public_reuse_review,pending_human_review,au_pbs,https://www.pbs.gov.au/publication/schedule/2009/2009-11-01-dental-book-soc.pdf?variant=3,au_pbs_archive_2009_11_01_ac262032c3de,cached,data/derived/processes/historical_source_transformation.bpmn
https://www.pbs.gov.au/info/publication/schedule/2025,12435573,data/raw_live/historical_sources/pbs_archive/au_pbs_archive_ac5c9cc2c99a62f7.pdf,8ace2492d6b5651d96ad65461a6dfb54468373aa44605d871e99ce816a99739a,reimbursement_atlas:au_pbs_archive_2025_09_01_ac5c9cc2c99a,Retrieved into ignored local cache.,pdf,2025-09-01-general-schedule-volume-2.pdf,au_pbs_archive_ac5c9cc2c99a62f7,public_reuse_review,pending_human_review,au_pbs,https://www.pbs.gov.au/publication/schedule/2025/09/2025-09-01-general-schedule-volume-2.pdf?variant=3,au_pbs_archive_2025_09_01_ac5c9cc2c99a,downloaded,data/derived/processes/historical_source_transformation.bpmn
https://www.pbs.gov.au/info/publication/schedule/2009,181928,data/raw_live/historical_sources/pbs_archive/au_pbs_archive_ac909a644abd9b02.pdf,761ba00a7d93966463b980f43a521bf044af79e45d7e162db1092d41a29a293c,reimbursement_atlas:au_pbs_archive_2009_08_01_ac909a644abd,Existing local cache retained; use --force to replace it.,pdf,2009-08-01-general-schedule-soc.pdf,au_pbs_archive_ac909a644abd9b02,public_reuse_review,pending_human_review,au_pbs,https://www.pbs.gov.au/publication/schedule/2009/2009-08-01-general-schedule-soc.pdf?variant=3,au_pbs_archive_2009_08_01_ac909a644abd,cached,data/derived/processes/historical_source_transformation.bpmn
https://www.pbs.gov.au/info/publication/schedule/historical-archive,6270551,data/raw_live/historical_sources/pbs_archive/au_pbs_archive_ad5f8f183cdea169.pdf,c637b9489623b03158cd32c9f75940dc843949cb642d4c9909766011371bc604,reimbursement_atlas:au_pbs_archive_1960_11_01_ad5f8f183cde,Retrieved into ignored local cache.,pdf,1960-11-01-PBS-Schedule-Medical-Practitioners.pdf,au_pbs_archive_ad5f8f183cdea169,public_reuse_review,pending_human_review,au_pbs,https://www.pbs.gov.au/publication/schedule/1951-2002/1960-11-01-PBS-Schedule-Medical-Practitioners.pdf?variant=3,au_pbs_archive_1960_11_01_ad5f8f183cde,downloaded,data/derived/processes/historical_source_transformation.bpmn
https://www.pbs.gov.au/info/publication/schedule/2020,1102925,data/raw_live/historical_sources/pbs_archive/au_pbs_archive_add41ce57a064c94.pdf,963e9463688da9f2320648b1473073102b3322583375d3eba453dd4c2703df58,reimbursement_atlas:au_pbs_archive_2020_04_01_add41ce57a06,Existing local cache retained; use --force to replace it.,pdf,2020-04-01-general-soc.pdf,au_pbs_archive_add41ce57a064c94,public_reuse_review,pending_human_review,au_pbs,https://www.pbs.gov.au/publication/schedule/2020/04/2020-04-01-general-soc.pdf?variant=3,au_pbs_archive_2020_04_01_add41ce57a06,cached,data/derived/processes/historical_source_transformation.bpmn
https://www.pbs.gov.au/info/publication/schedule/2007,155182,data/raw_live/historical_sources/pbs_archive/au_pbs_archive_ae4425d55fac693c.pdf,fc964c39d8ffd762194644656a5e789ac02491b0896a9533254776da27ec8249,reimbursement_atlas:au_pbs_archive_2007_12_01_ae4425d55fac,Existing local cache retained; use --force to replace it.,pdf,2007-12-01-general-schedule-soc.pdf,au_pbs_archive_ae4425d55fac693c,public_reuse_review,pending_human_review,au_pbs,https://www.pbs.gov.au/publication/schedule/2007/2007-12-01-general-schedule-soc.pdf?variant=3,au_pbs_archive_2007_12_01_ae4425d55fac,cached,data/derived/processes/historical_source_transformation.bpmn
https://www.pbs.gov.au/info/publication/schedule/2010,4141369,data/raw_live/historical_sources/pbs_archive/au_pbs_archive_ae46c03553f3e882.pdf,d607c936e1020060e4f2bc21a8d0fe509daaa7cd42e1c317e90c088c3e46c48c,reimbursement_atlas:au_pbs_archive_2010_10_01_ae46c03553f3,Retrieved into ignored local cache.,pdf,2010-10-01-general-schedule.pdf,au_pbs_archive_ae46c03553f3e882,public_reuse_review,pending_human_review,au_pbs,https://www.pbs.gov.au/publication/schedule/2010/2010-10-01-general-schedule.pdf?variant=3,au_pbs_archive_2010_10_01_ae46c03553f3,downloaded,data/derived/processes/historical_source_transformation.bpmn
https://www.pbs.gov.au/info/publication/schedule/2016,615190,data/raw_live/historical_sources/pbs_archive/au_pbs_archive_ae59b5dc97dd29bb.pdf,4a778b5e015182eea88f15fd0d45be5645cba8a44bae16d67a618dd000db15fa,reimbursement_atlas:au_pbs_archive_2016_12_01_ae59b5dc97dd,Existing local cache retained; use --force to replace it.,pdf,2016-12-01-general-soc.pdf,au_pbs_archive_ae59b5dc97dd29bb,public_reuse_review,pending_human_review,au_pbs,https://www.pbs.gov.au/publication/schedule/2016/12/2016-12-01-general-soc.pdf?variant=3,au_pbs_archive_2016_12_01_ae59b5dc97dd,cached,data/derived/processes/historical_source_transformation.bpmn
https://www.pbs.gov.au/info/publication/schedule/2010,279257,data/raw_live/historical_sources/pbs_archive/au_pbs_archive_ae91a365479665cb.pdf,279be6e49f24d8f1b83833549995d8d91a51a78e3093ac3f86d57a1158cabf49,reimbursement_atlas:au_pbs_archive_2010_07_01_ae91a3654796,Existing local cache retained; use --force to replace it.,pdf,2010-07-01-chemotherapy-booklet.pdf,au_pbs_archive_ae91a365479665cb,public_reuse_review,pending_human_review,au_pbs,https://www.pbs.gov.au/publication/schedule/2010/2010-07-01-chemotherapy-booklet.pdf?variant=3,au_pbs_archive_2010_07_01_ae91a3654796,cached,data/derived/processes/historical_source_transformation.bpmn
https://www.pbs.gov.au/info/publication/schedule/2010,460455,data/raw_live/historical_sources/pbs_archive/au_pbs_archive_aeb231097b3b4f14.pdf,6d73ac791a54e9720386c56855f627b39605beb3d1cad0ea35973169d601ce9b,reimbursement_atlas:au_pbs_archive_2010_06_01_aeb231097b3b,Existing local cache retained; use --force to replace it.,pdf,2010-06-01-dental-book.pdf,au_pbs_archive_aeb231097b3b4f14,public_reuse_review,pending_human_review,au_pbs,https://www.pbs.gov.au/publication/schedule/2010/2010-06-01-dental-book.pdf?variant=3,au_pbs_archive_2010_06_01_aeb231097b3b,cached,data/derived/processes/historical_source_transformation.bpmn
https://www.pbs.gov.au/info/publication/schedule/2021,2340482,data/raw_live/historical_sources/pbs_archive/au_pbs_archive_aed8a9eda4f214cb.pdf,af17c194d7cbf31dc0ae28ca3eac9e6d297257e6b5a05c280a816529703dd6ef,reimbursement_atlas:au_pbs_archive_2021_12_01_aed8a9eda4f2,Existing local cache retained; use --force to replace it.,pdf,2021-12-01-efc-schedule.pdf,au_pbs_archive_aed8a9eda4f214cb,public_reuse_review,pending_human_review,au_pbs,https://www.pbs.gov.au/publication/schedule/2021/12/2021-12-01-efc-schedule.pdf?variant=3,au_pbs_archive_2021_12_01_aed8a9eda4f2,cached,data/derived/processes/historical_source_transformation.bpmn
https://www.pbs.gov.au/info/publication/schedule/2020,2824778,data/raw_live/historical_sources/pbs_archive/au_pbs_archive_aee1b58384cde490.pdf,6594736d13ab213628f2f97745877e356e3abf4f3ceee79331f4962fcfbb1100,reimbursement_atlas:au_pbs_archive_2020_12_01_aee1b58384cd,Retrieved into ignored local cache.,pdf,2020-12-01-efc-schedule.pdf,au_pbs_archive_aee1b58384cde490,public_reuse_review,pending_human_review,au_pbs,https://www.pbs.gov.au/publication/schedule/2020/12/2020-12-01-efc-schedule.pdf?variant=3,au_pbs_archive_2020_12_01_aee1b58384cd,downloaded,data/derived/processes/historical_source_transformation.bpmn
https://www.pbs.gov.au/info/publication/schedule/2020,1232946,data/raw_live/historical_sources/pbs_archive/au_pbs_archive_aef2424ccba4eb86.pdf,8efa22b4bb99dfe0d9c34a1a3c65ab4989fdbc2c4ddd4a1565599d3e7f81329a,reimbursement_atlas:au_pbs_archive_2020_06_01_aef2424ccba4,Existing local cache retained; use --force to replace it.,pdf,2020-06-01-general-soc.pdf,au_pbs_archive_aef2424ccba4eb86,public_reuse_review,pending_human_review,au_pbs,https://www.pbs.gov.au/publication/schedule/2020/06/2020-06-01-general-soc.pdf?variant=3,au_pbs_archive_2020_06_01_aef2424ccba4,cached,data/derived/processes/historical_source_transformation.bpmn
https://www.pbs.gov.au/info/publication/schedule/2014,736872,data/raw_live/historical_sources/pbs_archive/au_pbs_archive_af0473f838ff13bc.pdf,4ec5b367cfa633743a9b1b3a820f640373f48d5e7d0ae5171facb89ddbf93618,reimbursement_atlas:au_pbs_archive_2014_04_01_af0473f838ff,Existing local cache retained; use --force to replace it.,pdf,2014-04-01-efc-schedule-soc.pdf,au_pbs_archive_af0473f838ff13bc,public_reuse_review,pending_human_review,au_pbs,https://www.pbs.gov.au/publication/schedule/2014/04/2014-04-01-efc-schedule-soc.pdf?variant=3,au_pbs_archive_2014_04_01_af0473f838ff,cached,data/derived/processes/historical_source_transformation.bpmn
https://www.pbs.gov.au/info/publication/schedule/2021,6512604,data/raw_live/historical_sources/pbs_archive/au_pbs_archive_af11d69ad56feb8f.pdf,77bd26d37625a0193dcd7d3db8f07b42ec30472c491702f21db2debcd4c3351d,reimbursement_atlas:au_pbs_archive_2021_09_01_af11d69ad56f,Retrieved into ignored local cache.,pdf,2021-09-01-general-soc.pdf,au_pbs_archive_af11d69ad56feb8f,public_reuse_review,pending_human_review,au_pbs,https://www.pbs.gov.au/publication/schedule/2021/09/2021-09-01-general-soc.pdf?variant=3,au_pbs_archive_2021_09_01_af11d69ad56f,downloaded,data/derived/processes/historical_source_transformation.bpmn
https://www.pbs.gov.au/info/publication/schedule/2010,402001,data/raw_live/historical_sources/pbs_archive/au_pbs_archive_af17fecc2b98f07e.pdf,67052e289f27cf96ec993232595181b30890b45ea8398b72843f3f6990da23d5,reimbursement_atlas:au_pbs_archive_2010_03_01_af17fecc2b98,Existing local cache retained; use --force to replace it.,pdf,2010-03-01-chemotherapy-book.pdf,au_pbs_archive_af17fecc2b98f07e,public_reuse_review,pending_human_review,au_pbs,https://www.pbs.gov.au/publication/schedule/2010/2010-03-01-chemotherapy-book.pdf?variant=3,au_pbs_archive_2010_03_01_af17fecc2b98,cached,data/derived/processes/historical_source_transformation.bpmn
https://www.pbs.gov.au/info/publication/schedule/2018,55195902,data/raw_live/historical_sources/pbs_archive/au_pbs_archive_af57afbbad860d34.pdf,d44ba5ebe744c8a9753077e71934229e2cbf75dbb71b60f08a06dcc10e50e4f9,reimbursement_atlas:au_pbs_archive_2018_07_01_af57afbbad86,Retrieved into ignored local cache.,pdf,2018-07-01-general-schedule.pdf,au_pbs_archive_af57afbbad860d34,public_reuse_review,pending_human_review,au_pbs,https://www.pbs.gov.au/publication/schedule/2018/07/2018-07-01-general-schedule.pdf?variant=3,au_pbs_archive_2018_07_01_af57afbbad86,downloaded,data/derived/processes/historical_source_transformation.bpmn
https://www.pbs.gov.au/info/publication/schedule/2020,730711,data/raw_live/historical_sources/pbs_archive/au_pbs_archive_af5cfb4277c6125b.pdf,71a784797b5bdcea2341448cad1054f2b5abbfb0be053483029c1d5541c18657,reimbursement_atlas:au_pbs_archive_2020_01_01_af5cfb4277c6,Existing local cache retained; use --force to replace it.,pdf,2020-01-01-general-soc.pdf,au_pbs_archive_af5cfb4277c6125b,public_reuse_review,pending_human_review,au_pbs,https://www.pbs.gov.au/publication/schedule/2020/01/2020-01-01-general-soc.pdf?variant=3,au_pbs_archive_2020_01_01_af5cfb4277c6,cached,data/derived/processes/historical_source_transformation.bpmn
https://www.pbs.gov.au/info/publication/schedule/2014,7240828,data/raw_live/historical_sources/pbs_archive/au_pbs_archive_af92f6f88de0d2b3.pdf,b6505e4d1e844580e70b95a879ba389cc96bc0d6fd5c7b87b6ffe1a9dcbefc0b,reimbursement_atlas:au_pbs_archive_2014_03_01_af92f6f88de0,Retrieved into ignored local cache.,pdf,2014-03-01-general-schedule.pdf,au_pbs_archive_af92f6f88de0d2b3,public_reuse_review,pending_human_review,au_pbs,https://www.pbs.gov.au/publication/schedule/2014/03/2014-03-01-general-schedule.pdf?variant=3,au_pbs_archive_2014_03_01_af92f6f88de0,downloaded,data/derived/processes/historical_source_transformation.bpmn
https://www.pbs.gov.au/info/publication/schedule/2013,805088,data/raw_live/historical_sources/pbs_archive/au_pbs_archive_afecddba8bd0fd2f.pdf,4558c423be02b62e6bc2974a9a2b9c005e8f311d8460c468a8b8d404fdfe7d03,reimbursement_atlas:au_pbs_archive_2013_08_01_afecddba8bd0,Existing local cache retained; use --force to replace it.,pdf,2013-08-01-efc-schedule-soc.pdf,au_pbs_archive_afecddba8bd0fd2f,public_reuse_review,pending_human_review,au_pbs,https://www.pbs.gov.au/publication/schedule/2013/08/2013-08-01-efc-schedule-soc.pdf?variant=3,au_pbs_archive_2013_08_01_afecddba8bd0,cached,data/derived/processes/historical_source_transformation.bpmn
https://www.pbs.gov.au/info/publication/schedule/2007,90486,data/raw_live/historical_sources/pbs_archive/au_pbs_archive_b031b204cad96519.pdf,92b69267fa75e08c8908caf63879958cec0006ef03573830d964889962e4a8da,reimbursement_atlas:au_pbs_archive_2007_09_01_b031b204cad9,Existing local cache retained; use --force to replace it.,pdf,2007-09-01-general-schedule-soc.pdf,au_pbs_archive_b031b204cad96519,public_reuse_review,pending_human_review,au_pbs,https://www.pbs.gov.au/publication/schedule/2007/2007-09-01-general-schedule-soc.pdf?variant=3,au_pbs_archive_2007_09_01_b031b204cad9,cached,data/derived/processes/historical_source_transformation.bpmn
https://www.pbs.gov.au/info/publication/schedule/2011,211144,data/raw_live/historical_sources/pbs_archive/au_pbs_archive_b0ff17f9f096fc53.pdf,00e6b75b9d4a43b2570855dee06720933869fadaae01877e7e4fe19d2cc9b1e6,reimbursement_atlas:au_pbs_archive_2011_11_01_b0ff17f9f096,Existing local cache retained; use --force to replace it.,pdf,2011-11-01-dental-book-SOC.pdf,au_pbs_archive_b0ff17f9f096fc53,public_reuse_review,pending_human_review,au_pbs,https://www.pbs.gov.au/publication/schedule/2011/11/2011-11-01-dental-book-SOC.pdf?variant=3,au_pbs_archive_2011_11_01_b0ff17f9f096,cached,data/derived/processes/historical_source_transformation.bpmn
https://www.pbs.gov.au/info/publication/schedule/historical-archive,15365993,data/raw_live/historical_sources/pbs_archive/au_pbs_archive_b11a9849d9d30efd.pdf,d803a9e8554110d24bee9ff9f58d9ab230fcd4cf5a866c0479503672b328a5ea,reimbursement_atlas:au_pbs_archive_1975_12_01_b11a9849d9d3,Retrieved into ignored local cache.,pdf,1975-12-01-consolidated-schedules.pdf,au_pbs_archive_b11a9849d9d30efd,public_reuse_review,pending_human_review,au_pbs,https://www.pbs.gov.au/publication/schedule/1951-2002/1975-12-01-consolidated-schedules.pdf?variant=3,au_pbs_archive_1975_12_01_b11a9849d9d3,downloaded,data/derived/processes/historical_source_transformation.bpmn
https://www.pbs.gov.au/info/publication/schedule/2023,2465679,data/raw_live/historical_sources/pbs_archive/au_pbs_archive_b14172d6a2b1f61d.pdf,fad2a1ed1d06a0d24af355a22cefb198faf1eea5d696b038b8d4d6de7cb5d2e4,reimbursement_atlas:au_pbs_archive_2023_11_01_b14172d6a2b1,Existing local cache retained; use --force to replace it.,pdf,2023-11-01-efc-schedule.pdf,au_pbs_archive_b14172d6a2b1f61d,public_reuse_review,pending_human_review,au_pbs,https://www.pbs.gov.au/publication/schedule/2023/11/2023-11-01-efc-schedule.pdf?variant=3,au_pbs_archive_2023_11_01_b14172d6a2b1,cached,data/derived/processes/historical_source_transformation.bpmn
https://www.pbs.gov.au/info/publication/schedule/2017,3828035,data/raw_live/historical_sources/pbs_archive/au_pbs_archive_b14b62e065c7a204.pdf,6e56be707210a7eb0d487879916335ce63f880a3e8e7ac32fb9f498faf6ef49a,reimbursement_atlas:au_pbs_archive_2017_10_01_b14b62e065c7,Existing local cache retained; use --force to replace it.,pdf,2017-10-01-efc-schedule.pdf,au_pbs_archive_b14b62e065c7a204,public_reuse_review,pending_human_review,au_pbs,https://www.pbs.gov.au/publication/schedule/2017/10/2017-10-01-efc-schedule.pdf?variant=3,au_pbs_archive_2017_10_01_b14b62e065c7,cached,data/derived/processes/historical_source_transformation.bpmn
https://www.pbs.gov.au/info/publication/schedule/2026,3232985,data/raw_live/historical_sources/pbs_archive/au_pbs_archive_b1a799abe41b4404.pdf,8e20d0397247aae7c52da4d0ce36cf37f04b48f5bd68304ffbbd145b1677a6ca,reimbursement_atlas:au_pbs_archive_2026_04_01_b1a799abe41b,Existing local cache retained; use --force to replace it.,pdf,2026-04-01-efc-schedule.pdf,au_pbs_archive_b1a799abe41b4404,public_reuse_review,pending_human_review,au_pbs,https://www.pbs.gov.au/publication/schedule/2026/04/2026-04-01-efc-schedule.pdf?variant=3,au_pbs_archive_2026_04_01_b1a799abe41b,cached,data/derived/processes/historical_source_transformation.bpmn
https://www.pbs.gov.au/info/publication/schedule/2010,3046854,data/raw_live/historical_sources/pbs_archive/au_pbs_archive_b20bf3dcd9363298.pdf,156e6e7d4c27ff3696ee819325ba9009408628c58372b0f8fa56639a8e6c4c34,reimbursement_atlas:au_pbs_archive_2010_03_01_b20bf3dcd936,Retrieved into ignored local cache.,pdf,2010-03-01-general-schedule.pdf,au_pbs_archive_b20bf3dcd9363298,public_reuse_review,pending_human_review,au_pbs,https://www.pbs.gov.au/publication/schedule/2010/2010-03-01-general-schedule.pdf?variant=3,au_pbs_archive_2010_03_01_b20bf3dcd936,downloaded,data/derived/processes/historical_source_transformation.bpmn
https://www.pbs.gov.au/info/publication/schedule/2021,7878650,data/raw_live/historical_sources/pbs_archive/au_pbs_archive_b231d133c6914379.pdf,ed9b8f84fd23cc80dea944a8428ccc282bdcafc31325a614abbc469b690c5457,reimbursement_atlas:au_pbs_archive_2021_04_01_b231d133c691,Retrieved into ignored local cache.,pdf,2021-04-01-general-volume-2.pdf,au_pbs_archive_b231d133c6914379,public_reuse_review,pending_human_review,au_pbs,https://www.pbs.gov.au/publication/schedule/2021/04/2021-04-01-general-volume-2.pdf?variant=3,au_pbs_archive_2021_04_01_b231d133c691,downloaded,data/derived/processes/historical_source_transformation.bpmn
https://www.pbs.gov.au/info/publication/schedule/2011,2238637,data/raw_live/historical_sources/pbs_archive/au_pbs_archive_b2825a373788f1dc.pdf,28ecb8f629b829fb9691a34a27f4bab58438830275b87ef032dd351d9ee7a945,reimbursement_atlas:au_pbs_archive_2011_09_01_b2825a373788,Existing local cache retained; use --force to replace it.,pdf,2011-09-01-chemotherapy-booklet.pdf,au_pbs_archive_b2825a373788f1dc,public_reuse_review,pending_human_review,au_pbs,https://www.pbs.gov.au/publication/schedule/2011/09/2011-09-01-chemotherapy-booklet.pdf?variant=3,au_pbs_archive_2011_09_01_b2825a373788,cached,data/derived/processes/historical_source_transformation.bpmn
https://www.pbs.gov.au/info/publication/schedule/2012,2837122,data/raw_live/historical_sources/pbs_archive/au_pbs_archive_b2d137b930753152.pdf,d8d2a07532566340174bc4832dec6a7df4206427a8711bb6e083c934819bd444,reimbursement_atlas:au_pbs_archive_2012_03_01_b2d137b93075,Existing local cache retained; use --force to replace it.,pdf,2012-03-01-chemotherapy-booklet.pdf,au_pbs_archive_b2d137b930753152,public_reuse_review,pending_human_review,au_pbs,https://www.pbs.gov.au/publication/schedule/2012/03/2012-03-01-chemotherapy-booklet.pdf?variant=3,au_pbs_archive_2012_03_01_b2d137b93075,cached,data/derived/processes/historical_source_transformation.bpmn
https://www.pbs.gov.au/info/publication/schedule/2022,2572799,data/raw_live/historical_sources/pbs_archive/au_pbs_archive_b34ac600353d34f9.pdf,337fe15b51fc999c6e34d34c6851d5dac5f74e824b2c3ec47432c2cc92bbe0d5,reimbursement_atlas:au_pbs_archive_2022_12_01_b34ac600353d,Existing local cache retained; use --force to replace it.,pdf,2022-12-01-efc-schedule.pdf,au_pbs_archive_b34ac600353d34f9,public_reuse_review,pending_human_review,au_pbs,https://www.pbs.gov.au/publication/schedule/2022/12/2022-12-01-efc-schedule.pdf?variant=3,au_pbs_archive_2022_12_01_b34ac600353d,cached,data/derived/processes/historical_source_transformation.bpmn
https://www.pbs.gov.au/info/publication/schedule/2023,1785904,data/raw_live/historical_sources/pbs_archive/au_pbs_archive_b34f91b2f6930fb0.pdf,78e64496bd6b4abfbe0ee0fe67d1e1780fa721e3f306f2c2cb5d810cfb4b585e,reimbursement_atlas:au_pbs_archive_2023_05_01_b34f91b2f693,Existing local cache retained; use --force to replace it.,pdf,2023-05-01-general-soc.pdf,au_pbs_archive_b34f91b2f6930fb0,public_reuse_review,pending_human_review,au_pbs,https://www.pbs.gov.au/publication/schedule/2023/05/2023-05-01-general-soc.pdf?variant=3,au_pbs_archive_2023_05_01_b34f91b2f693,cached,data/derived/processes/historical_source_transformation.bpmn
https://www.pbs.gov.au/info/publication/schedule/2024,10187636,data/raw_live/historical_sources/pbs_archive/au_pbs_archive_b3826380a427af7f.pdf,2debbcc1c14f567b996fd4bd3283691fe3907637fbaafbc679b4b041d385cd70,reimbursement_atlas:au_pbs_archive_2024_10_01_b3826380a427,Retrieved into ignored local cache.,pdf,2024-10-01-general-schedule-volume-1.pdf,au_pbs_archive_b3826380a427af7f,public_reuse_review,pending_human_review,au_pbs,https://www.pbs.gov.au/publication/schedule/2024/10/2024-10-01-general-schedule-volume-1.pdf?variant=3,au_pbs_archive_2024_10_01_b3826380a427,downloaded,data/derived/processes/historical_source_transformation.bpmn
https://www.pbs.gov.au/info/publication/schedule/historical-archive,35503409,data/raw_live/historical_sources/pbs_archive/au_pbs_archive_b3889fb8c7a700fe.pdf,85247f0616e97c3a641974d3f7d775184f910178a23dafe22820a91bf32b1f87,reimbursement_atlas:au_pbs_archive_2001_11_01_b3889fb8c7a7,Retrieved into ignored local cache.,pdf,2001-11-01-PBS-Schedule.pdf,au_pbs_archive_b3889fb8c7a700fe,public_reuse_review,pending_human_review,au_pbs,https://www.pbs.gov.au/publication/schedule/1951-2002/2001-11-01-PBS-Schedule.pdf?variant=3,au_pbs_archive_2001_11_01_b3889fb8c7a7,downloaded,data/derived/processes/historical_source_transformation.bpmn
https://www.pbs.gov.au/info/publication/schedule/2023,19280623,data/raw_live/historical_sources/pbs_archive/au_pbs_archive_b3a7978a62567c35.pdf,2fe6026828c2edcfbc631f1e8e85759246f8c5c29bfaeef4f9bda0d38c8d645a,reimbursement_atlas:au_pbs_archive_2023_04_01_b3a7978a6256,Retrieved into ignored local cache.,pdf,2023-04-01-general-schedule-volume-1.pdf,au_pbs_archive_b3a7978a62567c35,public_reuse_review,pending_human_review,au_pbs,https://www.pbs.gov.au/publication/schedule/2023/04/2023-04-01-general-schedule-volume-1.pdf?variant=3,au_pbs_archive_2023_04_01_b3a7978a6256,downloaded,data/derived/processes/historical_source_transformation.bpmn
https://www.pbs.gov.au/info/publication/schedule/2009,444753,data/raw_live/historical_sources/pbs_archive/au_pbs_archive_b43bf7a4bde2b729.pdf,e3a722e153e00b3760a85fac0de28c0ea790e7fc2af18dbf8835753174bc620b,reimbursement_atlas:au_pbs_archive_2009_06_01_b43bf7a4bde2,Existing local cache retained; use --force to replace it.,pdf,2009-06-01-dental-book.pdf,au_pbs_archive_b43bf7a4bde2b729,public_reuse_review,pending_human_review,au_pbs,https://www.pbs.gov.au/publication/schedule/2009/2009-06-01-dental-book.pdf?variant=3,au_pbs_archive_2009_06_01_b43bf7a4bde2,cached,data/derived/processes/historical_source_transformation.bpmn
https://www.pbs.gov.au/info/publication/schedule/2016,1849465,data/raw_live/historical_sources/pbs_archive/au_pbs_archive_b4ec0e4b2e6c00d9.pdf,a9d025098704f1c61d6a137645c5c8b75cdebedc1bb96177564cd1fe78796448,reimbursement_atlas:au_pbs_archive_2016_10_01_b4ec0e4b2e6c,Existing local cache retained; use --force to replace it.,pdf,2016-10-01-general-soc.pdf,au_pbs_archive_b4ec0e4b2e6c00d9,public_reuse_review,pending_human_review,au_pbs,https://www.pbs.gov.au/publication/schedule/2016/10/2016-10-01-general-soc.pdf?variant=3,au_pbs_archive_2016_10_01_b4ec0e4b2e6c,cached,data/derived/processes/historical_source_transformation.bpmn
https://www.pbs.gov.au/info/publication/schedule/2012,136790,data/raw_live/historical_sources/pbs_archive/au_pbs_archive_b51531de6cb5a9c9.pdf,6d79a9502451dccf0184b881148817bf6e8d784e9f4bc2029ac09b36fab8052c,reimbursement_atlas:au_pbs_archive_2012_12_01_b51531de6cb5,Existing local cache retained; use --force to replace it.,pdf,2012-12-01-errata.pdf,au_pbs_archive_b51531de6cb5a9c9,public_reuse_review,pending_human_review,au_pbs,https://www.pbs.gov.au/publication/schedule/2012/12/2012-12-01-errata.pdf?variant=3,au_pbs_archive_2012_12_01_b51531de6cb5,cached,data/derived/processes/historical_source_transformation.bpmn
https://www.pbs.gov.au/info/publication/schedule/2012,1799734,data/raw_live/historical_sources/pbs_archive/au_pbs_archive_b52130f9d5f3c180.pdf,fb303ced81072df66f1a2e3c5a502a7de0f77740857eb9232b4968c70de5b4ee,reimbursement_atlas:au_pbs_archive_2012_01_01_b52130f9d5f3,Existing local cache retained; use --force to replace it.,pdf,2012-01-01-chemotherapy-booklet.pdf,au_pbs_archive_b52130f9d5f3c180,public_reuse_review,pending_human_review,au_pbs,https://www.pbs.gov.au/publication/schedule/2012/01/2012-01-01-chemotherapy-booklet.pdf?variant=3,au_pbs_archive_2012_01_01_b52130f9d5f3,cached,data/derived/processes/historical_source_transformation.bpmn
https://www.pbs.gov.au/info/publication/schedule/2012,669845,data/raw_live/historical_sources/pbs_archive/au_pbs_archive_b5306c451b8179be.pdf,cc14b56fa08023960bd3f523e26f56f8afbb7f81f89ed833cd07225db0eb5efa,reimbursement_atlas:au_pbs_archive_2012_08_01_b5306c451b81,Existing local cache retained; use --force to replace it.,pdf,2012-08-01-general-schedule-SOC.pdf,au_pbs_archive_b5306c451b8179be,public_reuse_review,pending_human_review,au_pbs,https://www.pbs.gov.au/publication/schedule/2012/08/2012-08-01-general-schedule-SOC.pdf?variant=3,au_pbs_archive_2012_08_01_b5306c451b81,cached,data/derived/processes/historical_source_transformation.bpmn
https://www.pbs.gov.au/info/publication/schedule/2023,19467663,data/raw_live/historical_sources/pbs_archive/au_pbs_archive_b5d9ebb73274258d.pdf,01ef32e5839531b635098bbffaabaa8811b9969fdd3185060bf089838ff41819,reimbursement_atlas:au_pbs_archive_2023_07_01_b5d9ebb73274,Retrieved into ignored local cache.,pdf,2023-07-01-general-schedule-volume-1.pdf,au_pbs_archive_b5d9ebb73274258d,public_reuse_review,pending_human_review,au_pbs,https://www.pbs.gov.au/publication/schedule/2023/07/2023-07-01-general-schedule-volume-1.pdf?variant=3,au_pbs_archive_2023_07_01_b5d9ebb73274,downloaded,data/derived/processes/historical_source_transformation.bpmn
https://www.pbs.gov.au/info/publication/schedule/2015,1038569,data/raw_live/historical_sources/pbs_archive/au_pbs_archive_b5da3e74eedb2016.pdf,534e1a58e4309e0ce747d6fc4972f3a20786597c682a30b5146c5d48c9f24d9c,reimbursement_atlas:au_pbs_archive_2015_03_01_b5da3e74eedb,Existing local cache retained; use --force to replace it.,pdf,2015-03-01-general-schedule-soc.pdf,au_pbs_archive_b5da3e74eedb2016,public_reuse_review,pending_human_review,au_pbs,https://www.pbs.gov.au/publication/schedule/2015/03/2015-03-01-general-schedule-soc.pdf?variant=3,au_pbs_archive_2015_03_01_b5da3e74eedb,cached,data/derived/processes/historical_source_transformation.bpmn
https://www.pbs.gov.au/info/publication/schedule/2025,2794470,data/raw_live/historical_sources/pbs_archive/au_pbs_archive_b5ea7afa77c73779.pdf,2cc016cc6f4134f57d6bf58967c36618f2a31a7bdd5c6b0abde5cd4aafbad406,reimbursement_atlas:au_pbs_archive_2025_12_01_b5ea7afa77c7,Existing local cache retained; use --force to replace it.,pdf,2025-12-01-efc-schedule.pdf,au_pbs_archive_b5ea7afa77c73779,public_reuse_review,pending_human_review,au_pbs,https://www.pbs.gov.au/publication/schedule/2025/12/2025-12-01-efc-schedule.pdf?variant=3,au_pbs_archive_2025_12_01_b5ea7afa77c7,cached,data/derived/processes/historical_source_transformation.bpmn
https://www.pbs.gov.au/info/publication/schedule/2018,1488623,data/raw_live/historical_sources/pbs_archive/au_pbs_archive_b617b068526ef5a4.pdf,e861dc130847f5ae68ad638dc8ef80c4587d5c45d2257e7a0c3cc4506dd0a016,reimbursement_atlas:au_pbs_archive_2018_12_01_b617b068526e,Retrieved into ignored local cache.,pdf,2018-12-01-general-soc.pdf,au_pbs_archive_b617b068526ef5a4,public_reuse_review,pending_human_review,au_pbs,https://www.pbs.gov.au/publication/schedule/2018/12/2018-12-01-general-soc.pdf?variant=3,au_pbs_archive_2018_12_01_b617b068526e,downloaded,data/derived/processes/historical_source_transformation.bpmn
https://www.pbs.gov.au/info/publication/schedule/2017,20578050,data/raw_live/historical_sources/pbs_archive/au_pbs_archive_b63687d09f2fef1b.pdf,cc10aa32b943e108988305ced0dfdd721c9b35955884611360347be493e6641a,reimbursement_atlas:au_pbs_archive_2017_10_01_b63687d09f2f,Existing local cache retained; use --force to replace it.,pdf,2017-10-01-general-schedule.pdf,au_pbs_archive_b63687d09f2fef1b,public_reuse_review,pending_human_review,au_pbs,https://www.pbs.gov.au/publication/schedule/2017/10/2017-10-01-general-schedule.pdf?variant=3,au_pbs_archive_2017_10_01_b63687d09f2f,cached,data/derived/processes/historical_source_transformation.bpmn
https://www.pbs.gov.au/info/publication/schedule/2017,19041091,data/raw_live/historical_sources/pbs_archive/au_pbs_archive_b68526a89bd59033.pdf,219f59a1ec49ff4d72daa0885a5f544dffe9d96ad7f5ba8a5d6394bef1a043ab,reimbursement_atlas:au_pbs_archive_2017_02_01_b68526a89bd5,Existing local cache retained; use --force to replace it.,pdf,2017-02-01-general-schedule.pdf,au_pbs_archive_b68526a89bd59033,public_reuse_review,pending_human_review,au_pbs,https://www.pbs.gov.au/publication/schedule/2017/02/2017-02-01-general-schedule.pdf?variant=3,au_pbs_archive_2017_02_01_b68526a89bd5,cached,data/derived/processes/historical_source_transformation.bpmn
https://www.pbs.gov.au/info/publication/schedule/historical-archive,3827478,data/raw_live/historical_sources/pbs_archive/au_pbs_archive_b692cd6fe1c63fea.pdf,f64524e052de14d099a1103fad269507bd7c304509fbeed27ffb6f4bab56e85c,reimbursement_atlas:au_pbs_archive_1953_08_01_b692cd6fe1c6,Existing local cache retained; use --force to replace it.,pdf,1953-08-01-PBS-Schedule-Medical-Practitioners.pdf,au_pbs_archive_b692cd6fe1c63fea,public_reuse_review,pending_human_review,au_pbs,https://www.pbs.gov.au/publication/schedule/1951-2002/1953-08-01-PBS-Schedule-Medical-Practitioners.pdf?variant=3,au_pbs_archive_1953_08_01_b692cd6fe1c6,cached,data/derived/processes/historical_source_transformation.bpmn
https://www.pbs.gov.au/info/publication/schedule/2021,2787610,data/raw_live/historical_sources/pbs_archive/au_pbs_archive_b6d5a57f06c2a327.pdf,79ca11f11023a92f1bebe48a1e1d3b9a2b6748a6af416a71ed0de8d4542f5d05,reimbursement_atlas:au_pbs_archive_2021_05_01_b6d5a57f06c2,Existing local cache retained; use --force to replace it.,pdf,2021-05-01-efc-schedule.pdf,au_pbs_archive_b6d5a57f06c2a327,public_reuse_review,pending_human_review,au_pbs,https://www.pbs.gov.au/publication/schedule/2021/05/2021-05-01-efc-schedule.pdf?variant=3,au_pbs_archive_2021_05_01_b6d5a57f06c2,cached,data/derived/processes/historical_source_transformation.bpmn
https://www.pbs.gov.au/info/publication/schedule/2014,541118,data/raw_live/historical_sources/pbs_archive/au_pbs_archive_b6dc0e0b7b918c75.pdf,026046861e25306d498d793c08639620a48a9b519d3b15a79174543dbc3a06b9,reimbursement_atlas:au_pbs_archive_2014_09_01_b6dc0e0b7b91,Existing local cache retained; use --force to replace it.,pdf,2014-09-01-efc-schedule.pdf,au_pbs_archive_b6dc0e0b7b918c75,public_reuse_review,pending_human_review,au_pbs,https://www.pbs.gov.au/publication/schedule/2014/09/2014-09-01-efc-schedule.pdf?variant=3,au_pbs_archive_2014_09_01_b6dc0e0b7b91,cached,data/derived/processes/historical_source_transformation.bpmn
https://www.pbs.gov.au/info/publication/schedule/2023,24054025,data/raw_live/historical_sources/pbs_archive/au_pbs_archive_b6f7202f59655f3c.pdf,c1647314cc30d177b4b6be6fa417f39e452328bf4762f74254240fc705942d2e,reimbursement_atlas:au_pbs_archive_2023_10_01_b6f7202f5965,Existing local cache retained; use --force to replace it.,pdf,2023-10-01-general-schedule-volume-1.pdf,au_pbs_archive_b6f7202f59655f3c,public_reuse_review,pending_human_review,au_pbs,https://www.pbs.gov.au/publication/schedule/2023/10/2023-10-01-general-schedule-volume-1.pdf?variant=3,au_pbs_archive_2023_10_01_b6f7202f5965,cached,data/derived/processes/historical_source_transformation.bpmn
https://www.pbs.gov.au/info/publication/schedule/2023,241591,data/raw_live/historical_sources/pbs_archive/au_pbs_archive_b7386d404d86575a.pdf,7f10b0ffadf3a112972595e7c3a3d1279a23922de1788df394f4544102627d97,reimbursement_atlas:au_pbs_archive_2023_04_01_b7386d404d86,Existing local cache retained; use --force to replace it.,pdf,2023-04-01-errata-2-pricing-of-fluticasone-propionate-with-formoterol.pdf,au_pbs_archive_b7386d404d86575a,public_reuse_review,pending_human_review,au_pbs,https://www.pbs.gov.au/publication/schedule/2023/04/2023-04-01-errata-2-pricing-of-fluticasone-propionate-with-formoterol.pdf?variant=3,au_pbs_archive_2023_04_01_b7386d404d86,cached,data/derived/processes/historical_source_transformation.bpmn
https://www.pbs.gov.au/info/publication/schedule/2014,1356755,data/raw_live/historical_sources/pbs_archive/au_pbs_archive_b75e85c0c6a7cbcf.pdf,0998a91ed7b5651228d1f2b56a85c786317fb77a978290156c2d8075668195e4,reimbursement_atlas:au_pbs_archive_2014_12_01_b75e85c0c6a7,Existing local cache retained; use --force to replace it.,pdf,2014-12-01-efc-schedule.pdf,au_pbs_archive_b75e85c0c6a7cbcf,public_reuse_review,pending_human_review,au_pbs,https://www.pbs.gov.au/publication/schedule/2014/12/2014-12-01-efc-schedule.pdf?variant=3,au_pbs_archive_2014_12_01_b75e85c0c6a7,cached,data/derived/processes/historical_source_transformation.bpmn
https://www.pbs.gov.au/info/publication/schedule/historical-archive,20209512,data/raw_live/historical_sources/pbs_archive/au_pbs_archive_b776ffb13bb1f89a.pdf,c03119ae4f4b339785cb26b69703a32df11e781029d65ecd6d450e529fab830e,reimbursement_atlas:au_pbs_archive_1998_11_01_b776ffb13bb1,Existing local cache retained; use --force to replace it.,pdf,1998-11-01-consolidated-schedules.pdf,au_pbs_archive_b776ffb13bb1f89a,public_reuse_review,pending_human_review,au_pbs,https://www.pbs.gov.au/publication/schedule/1951-2002/1998-11-01-consolidated-schedules.pdf?variant=3,au_pbs_archive_1998_11_01_b776ffb13bb1,cached,data/derived/processes/historical_source_transformation.bpmn
https://www.pbs.gov.au/info/publication/schedule/historical-archive,10817247,data/raw_live/historical_sources/pbs_archive/au_pbs_archive_b7d9970f7d995e2f.pdf,76dc15792150f1b2279ecbdc003f5df8d4f90ca5350dd66b0ca0133117fec4a1,reimbursement_atlas:au_pbs_archive_1981_12_01_b7d9970f7d99,Existing local cache retained; use --force to replace it.,pdf,1981-12-01-consolidated-schedules.pdf,au_pbs_archive_b7d9970f7d995e2f,public_reuse_review,pending_human_review,au_pbs,https://www.pbs.gov.au/publication/schedule/1951-2002/1981-12-01-consolidated-schedules.pdf?variant=3,au_pbs_archive_1981_12_01_b7d9970f7d99,cached,data/derived/processes/historical_source_transformation.bpmn
https://www.pbs.gov.au/info/publication/schedule/2024,2548735,data/raw_live/historical_sources/pbs_archive/au_pbs_archive_b800fe38a6fbe553.pdf,3de8ab3b6f1c76a19cfd5ca29944eaa9ca791396833be677b3ae2356409dff22,reimbursement_atlas:au_pbs_archive_2024_05_01_b800fe38a6fb,Existing local cache retained; use --force to replace it.,pdf,2024-05-01-efc-schedule.pdf,au_pbs_archive_b800fe38a6fbe553,public_reuse_review,pending_human_review,au_pbs,https://www.pbs.gov.au/publication/schedule/2024/05/2024-05-01-efc-schedule.pdf?variant=3,au_pbs_archive_2024_05_01_b800fe38a6fb,cached,data/derived/processes/historical_source_transformation.bpmn
https://www.pbs.gov.au/info/publication/schedule/2007,6680327,data/raw_live/historical_sources/pbs_archive/au_pbs_archive_b821d8cc2d588ebb.pdf,e58778b7626eec383c2a9c9fac138a10aff0e159ea7ec0a1f0419a09d46d4960,reimbursement_atlas:au_pbs_archive_2007_09_01_b821d8cc2d58,Existing local cache retained; use --force to replace it.,pdf,2007-09-01-general-schedule.pdf,au_pbs_archive_b821d8cc2d588ebb,public_reuse_review,pending_human_review,au_pbs,https://www.pbs.gov.au/publication/schedule/2007/2007-09-01-general-schedule.pdf?variant=3,au_pbs_archive_2007_09_01_b821d8cc2d58,cached,data/derived/processes/historical_source_transformation.bpmn
https://www.pbs.gov.au/info/publication/schedule/2012,115852,data/raw_live/historical_sources/pbs_archive/au_pbs_archive_b8a907b3bb724aa8.pdf,5fc161cf8cf5d5ffa4053fad188326242da68c5c3628bc996a42e16a910faf4f,reimbursement_atlas:au_pbs_archive_2012_04_01_b8a907b3bb72,Existing local cache retained; use --force to replace it.,pdf,2012-04-01-errata.pdf,au_pbs_archive_b8a907b3bb724aa8,public_reuse_review,pending_human_review,au_pbs,https://www.pbs.gov.au/publication/schedule/2012/04/2012-04-01-errata.pdf?variant=3,au_pbs_archive_2012_04_01_b8a907b3bb72,cached,data/derived/processes/historical_source_transformation.bpmn
https://www.pbs.gov.au/info/publication/schedule/2017,1435443,data/raw_live/historical_sources/pbs_archive/au_pbs_archive_b8d9e191fb0fb123.pdf,a08693d02e7acaaee8ca4a5206985fff3aac581c266499fcdcbf57c3babe3785,reimbursement_atlas:au_pbs_archive_2017_05_01_b8d9e191fb0f,Existing local cache retained; use --force to replace it.,pdf,2017-05-01-general-soc.pdf,au_pbs_archive_b8d9e191fb0fb123,public_reuse_review,pending_human_review,au_pbs,https://www.pbs.gov.au/publication/schedule/2017/05/2017-05-01-general-soc.pdf?variant=3,au_pbs_archive_2017_05_01_b8d9e191fb0f,cached,data/derived/processes/historical_source_transformation.bpmn
https://www.pbs.gov.au/info/publication/schedule/2020,15135722,data/raw_live/historical_sources/pbs_archive/au_pbs_archive_b8ec0871f4fed760.pdf,843ee21e577d791eda82414e20398d85bf5063b3715be2e32622639f80f2ddd6,reimbursement_atlas:au_pbs_archive_2020_04_01_b8ec0871f4fe,Retrieved into ignored local cache.,pdf,2020-04-01-general-schedule-volume-1.pdf,au_pbs_archive_b8ec0871f4fed760,public_reuse_review,pending_human_review,au_pbs,https://www.pbs.gov.au/publication/schedule/2020/04/2020-04-01-general-schedule-volume-1.pdf?variant=3,au_pbs_archive_2020_04_01_b8ec0871f4fe,downloaded,data/derived/processes/historical_source_transformation.bpmn
https://www.pbs.gov.au/info/publication/schedule/2023,13990531,data/raw_live/historical_sources/pbs_archive/au_pbs_archive_b9256d677fbd9c55.pdf,6538ee97369999f3e785921d490dbf4e0265d3d05f6f5eff1a85d37adff3a426,reimbursement_atlas:au_pbs_archive_2023_02_01_b9256d677fbd,Existing local cache retained; use --force to replace it.,pdf,2023-02-01-general-schedule-volume-2.pdf,au_pbs_archive_b9256d677fbd9c55,public_reuse_review,pending_human_review,au_pbs,https://www.pbs.gov.au/publication/schedule/2023/02/2023-02-01-general-schedule-volume-2.pdf?variant=3,au_pbs_archive_2023_02_01_b9256d677fbd,cached,data/derived/processes/historical_source_transformation.bpmn
https://www.pbs.gov.au/info/publication/schedule/2010,146061,data/raw_live/historical_sources/pbs_archive/au_pbs_archive_b936af2a3f3ef0b4.pdf,e6631bdff0e8c9c45f0046c12dc9f5f5002b65a7a38515fc5a4c54194481568f,reimbursement_atlas:au_pbs_archive_2010_03_01_b936af2a3f3e,Existing local cache retained; use --force to replace it.,pdf,2010-03-01-dental-book-soc.pdf,au_pbs_archive_b936af2a3f3ef0b4,public_reuse_review,pending_human_review,au_pbs,https://www.pbs.gov.au/publication/schedule/2010/2010-03-01-dental-book-soc.pdf?variant=3,au_pbs_archive_2010_03_01_b936af2a3f3e,cached,data/derived/processes/historical_source_transformation.bpmn
https://www.pbs.gov.au/info/publication/schedule/2008,446804,data/raw_live/historical_sources/pbs_archive/au_pbs_archive_b97274951a48e5b4.pdf,d45bfb0635318a8d07ed6ddfb004cfaf000edc30ef3d94527b9fa827ecf7fbf9,reimbursement_atlas:au_pbs_archive_2008_05_01_b97274951a48,Existing local cache retained; use --force to replace it.,pdf,2008-05-01-dental-book.pdf,au_pbs_archive_b97274951a48e5b4,public_reuse_review,pending_human_review,au_pbs,https://www.pbs.gov.au/publication/schedule/2008/2008-05-01-dental-book.pdf?variant=3,au_pbs_archive_2008_05_01_b97274951a48,cached,data/derived/processes/historical_source_transformation.bpmn
https://www.pbs.gov.au/info/publication/schedule/2010,331882,data/raw_live/historical_sources/pbs_archive/au_pbs_archive_ba33a594cbb9e07a.pdf,c15e10f1107900323697e7c11f3c17e0b6824c73f188872376097ffea9be242a,reimbursement_atlas:au_pbs_archive_2010_07_01_ba33a594cbb9,Existing local cache retained; use --force to replace it.,pdf,2010-07-01-general-schedule-SOC.pdf,au_pbs_archive_ba33a594cbb9e07a,public_reuse_review,pending_human_review,au_pbs,https://www.pbs.gov.au/publication/schedule/2010/2010-07-01-general-schedule-SOC.pdf?variant=3,au_pbs_archive_2010_07_01_ba33a594cbb9,cached,data/derived/processes/historical_source_transformation.bpmn
https://www.pbs.gov.au/info/publication/schedule/2016,18572940,data/raw_live/historical_sources/pbs_archive/au_pbs_archive_ba395eeb1e1f1612.pdf,7a07c3321dd40ee1a6907b556211f48536f4e986198b3570d036db70b40ce4a5,reimbursement_atlas:au_pbs_archive_2016_08_01_ba395eeb1e1f,Retrieved into ignored local cache.,pdf,2016-08-01-general-schedule.pdf,au_pbs_archive_ba395eeb1e1f1612,public_reuse_review,pending_human_review,au_pbs,https://www.pbs.gov.au/publication/schedule/2016/08/2016-08-01-general-schedule.pdf?variant=3,au_pbs_archive_2016_08_01_ba395eeb1e1f,downloaded,data/derived/processes/historical_source_transformation.bpmn
https://www.pbs.gov.au/info/publication/schedule/2015,5239152,data/raw_live/historical_sources/pbs_archive/au_pbs_archive_bae818cc25a96cdf.pdf,948a410cb7708132313b893303efa8437879bbb869315a520f8b860ed96ea69d,reimbursement_atlas:au_pbs_archive_2015_06_01_bae818cc25a9,Existing local cache retained; use --force to replace it.,pdf,2015-06-01-efc-schedule.pdf,au_pbs_archive_bae818cc25a96cdf,public_reuse_review,pending_human_review,au_pbs,https://www.pbs.gov.au/publication/schedule/2015/06/2015-06-01-efc-schedule.pdf?variant=3,au_pbs_archive_2015_06_01_bae818cc25a9,cached,data/derived/processes/historical_source_transformation.bpmn
https://www.pbs.gov.au/info/publication/schedule/historical-archive,16631812,data/raw_live/historical_sources/pbs_archive/au_pbs_archive_bafe912a7bc7a9e1.pdf,d779919bc93e84f0a089ccadd75ad33567bc8b78d9a58ed39e81c0e61cdafbe4,reimbursement_atlas:au_pbs_archive_1974_12_01_bafe912a7bc7,Retrieved into ignored local cache.,pdf,1974-12-01-consolidated-schedules.pdf,au_pbs_archive_bafe912a7bc7a9e1,public_reuse_review,pending_human_review,au_pbs,https://www.pbs.gov.au/publication/schedule/1951-2002/1974-12-01-consolidated-schedules.pdf?variant=3,au_pbs_archive_1974_12_01_bafe912a7bc7,downloaded,data/derived/processes/historical_source_transformation.bpmn
https://www.pbs.gov.au/info/publication/schedule/2015,94878,data/raw_live/historical_sources/pbs_archive/au_pbs_archive_bb3ddce78da9dbcd.pdf,f4fb9bbdd2bba5e514a2650c40c3951a422661fdfb47c42fd5ee112c701e5f8d,reimbursement_atlas:au_pbs_archive_2015_07_01_bb3ddce78da9,Existing local cache retained; use --force to replace it.,pdf,2015-07-01-errata.pdf,au_pbs_archive_bb3ddce78da9dbcd,public_reuse_review,pending_human_review,au_pbs,https://www.pbs.gov.au/publication/schedule/2015/07/2015-07-01-errata.pdf?variant=3,au_pbs_archive_2015_07_01_bb3ddce78da9,cached,data/derived/processes/historical_source_transformation.bpmn
https://www.pbs.gov.au/info/publication/schedule/2011,558111,data/raw_live/historical_sources/pbs_archive/au_pbs_archive_bb820c5baa79633b.pdf,c6fc252d5245ab396824a5ac30e832b21ca26f368f7a3a8d889fd61f4a141a60,reimbursement_atlas:au_pbs_archive_2011_06_01_bb820c5baa79,Existing local cache retained; use --force to replace it.,pdf,2011-06-01-chemotherapy-booklet.pdf,au_pbs_archive_bb820c5baa79633b,public_reuse_review,pending_human_review,au_pbs,https://www.pbs.gov.au/publication/schedule/2011/06/2011-06-01-chemotherapy-booklet.pdf?variant=3,au_pbs_archive_2011_06_01_bb820c5baa79,cached,data/derived/processes/historical_source_transformation.bpmn
https://www.pbs.gov.au/info/publication/schedule/2019,20545238,data/raw_live/historical_sources/pbs_archive/au_pbs_archive_bbbd6f7c35698354.pdf,bbf664c1d14a86491c89ed98c6ae3aecc268ad93032ba6ecef768c186b6f6424,reimbursement_atlas:au_pbs_archive_2019_06_01_bbbd6f7c3569,Retrieved into ignored local cache.,pdf,2019-06-01-general-schedule-volume-1.pdf,au_pbs_archive_bbbd6f7c35698354,public_reuse_review,pending_human_review,au_pbs,https://www.pbs.gov.au/publication/schedule/2019/06/2019-06-01-general-schedule-volume-1.pdf?variant=3,au_pbs_archive_2019_06_01_bbbd6f7c3569,downloaded,data/derived/processes/historical_source_transformation.bpmn
https://www.pbs.gov.au/info/publication/schedule/2012,115941,data/raw_live/historical_sources/pbs_archive/au_pbs_archive_bc68dcbe2fcc611d.pdf,8f096273108b2d1c2b21e036f2e9bf10317580f2003aa5f64b7029077146c597,reimbursement_atlas:au_pbs_archive_2012_06_01_bc68dcbe2fcc,Existing local cache retained; use --force to replace it.,pdf,2012-06-01-dental-book-SOC.pdf,au_pbs_archive_bc68dcbe2fcc611d,public_reuse_review,pending_human_review,au_pbs,https://www.pbs.gov.au/publication/schedule/2012/06/2012-06-01-dental-book-SOC.pdf?variant=3,au_pbs_archive_2012_06_01_bc68dcbe2fcc,cached,data/derived/processes/historical_source_transformation.bpmn
https://www.pbs.gov.au/info/publication/schedule/2011,2427104,data/raw_live/historical_sources/pbs_archive/au_pbs_archive_bcc9d921d3eafee7.pdf,7abea6be06ddaca5b17bab436ad35e8ae2b414a6f1870548d581eac4d6d69e7b,reimbursement_atlas:au_pbs_archive_2011_04_01_bcc9d921d3ea,Existing local cache retained; use --force to replace it.,pdf,2011-04-01-chemotherapy-booklet.pdf,au_pbs_archive_bcc9d921d3eafee7,public_reuse_review,pending_human_review,au_pbs,https://www.pbs.gov.au/publication/schedule/2011/04/2011-04-01-chemotherapy-booklet.pdf?variant=3,au_pbs_archive_2011_04_01_bcc9d921d3ea,cached,data/derived/processes/historical_source_transformation.bpmn
https://www.pbs.gov.au/info/publication/schedule/2015,64056,data/raw_live/historical_sources/pbs_archive/au_pbs_archive_bcdb020a5a96f60b.pdf,4d9c36fba15db748191b2cf0a762a1fd32a8b309855be5d618a2ec254435c88b,reimbursement_atlas:au_pbs_archive_2015_05_01_bcdb020a5a96,Existing local cache retained; use --force to replace it.,pdf,2015-05-01-errata.pdf,au_pbs_archive_bcdb020a5a96f60b,public_reuse_review,pending_human_review,au_pbs,https://www.pbs.gov.au/publication/schedule/2015/05/2015-05-01-errata.pdf?variant=3,au_pbs_archive_2015_05_01_bcdb020a5a96,cached,data/derived/processes/historical_source_transformation.bpmn
https://www.pbs.gov.au/info/publication/schedule/historical-archive,16053842,data/raw_live/historical_sources/pbs_archive/au_pbs_archive_bce2b6915670a74d.pdf,46d1e616071aa1b981f81e44eaa72ca7adb0f026529769bbecd90228f36f6300,reimbursement_atlas:au_pbs_archive_1973_12_01_bce2b6915670,Existing local cache retained; use --force to replace it.,pdf,1973-12-01-consolidated-schedules.pdf,au_pbs_archive_bce2b6915670a74d,public_reuse_review,pending_human_review,au_pbs,https://www.pbs.gov.au/publication/schedule/1951-2002/1973-12-01-consolidated-schedules.pdf?variant=3,au_pbs_archive_1973_12_01_bce2b6915670,cached,data/derived/processes/historical_source_transformation.bpmn
https://www.pbs.gov.au/info/publication/schedule/2012,2343328,data/raw_live/historical_sources/pbs_archive/au_pbs_archive_bce582eb64ab965c.pdf,a28c10788d6b7123068873ea48cfaa0748dc87829b783482df63eab948c85991,reimbursement_atlas:au_pbs_archive_2012_03_01_bce582eb64ab,Existing local cache retained; use --force to replace it.,pdf,2012-03-01-efficient-funding-of-chemotherapy.pdf,au_pbs_archive_bce582eb64ab965c,public_reuse_review,pending_human_review,au_pbs,https://www.pbs.gov.au/publication/schedule/2012/03/2012-03-01-efficient-funding-of-chemotherapy.pdf?variant=3,au_pbs_archive_2012_03_01_bce582eb64ab,cached,data/derived/processes/historical_source_transformation.bpmn
https://www.pbs.gov.au/info/publication/schedule/2026,33634916,data/raw_live/historical_sources/pbs_archive/au_pbs_archive_bced51df62074c70.pdf,7990d3e5736984343754cab2a5c02a0f693299423eb09541b2e30dee9650704f,reimbursement_atlas:au_pbs_archive_2026_07_01_bced51df6207,Retrieved into ignored local cache.,pdf,2026-07-01-general-schedule-r1-Volume-1.pdf,au_pbs_archive_bced51df62074c70,public_reuse_review,pending_human_review,au_pbs,https://www.pbs.gov.au/publication/schedule/2026/07/2026-07-01-general-schedule-r1-Volume-1.pdf?variant=3,au_pbs_archive_2026_07_01_bced51df6207,downloaded,data/derived/processes/historical_source_transformation.bpmn
https://www.pbs.gov.au/info/publication/schedule/2022,26299364,data/raw_live/historical_sources/pbs_archive/au_pbs_archive_bd19bf69c8df137b.pdf,0e128372bdf43009acaca3235f325bcd3f2ef569578e75d775f0641816bd1685,reimbursement_atlas:au_pbs_archive_2022_09_01_bd19bf69c8df,Existing local cache retained; use --force to replace it.,pdf,2022-09-01-general-schedule-volume-1.pdf,au_pbs_archive_bd19bf69c8df137b,public_reuse_review,pending_human_review,au_pbs,https://www.pbs.gov.au/publication/schedule/2022/09/2022-09-01-general-schedule-volume-1.pdf?variant=3,au_pbs_archive_2022_09_01_bd19bf69c8df,cached,data/derived/processes/historical_source_transformation.bpmn
https://www.pbs.gov.au/info/publication/schedule/2013,7176419,data/raw_live/historical_sources/pbs_archive/au_pbs_archive_bd737ca002fb5a9a.pdf,276ea7f636904ad79fc8c5205ba97341349dea9a49cf4a0554722a74c6822911,reimbursement_atlas:au_pbs_archive_2013_10_01_bd737ca002fb,Existing local cache retained; use --force to replace it.,pdf,2013-10-01-general-schedule.pdf,au_pbs_archive_bd737ca002fb5a9a,public_reuse_review,pending_human_review,au_pbs,https://www.pbs.gov.au/publication/schedule/2013/10/2013-10-01-general-schedule.pdf?variant=3,au_pbs_archive_2013_10_01_bd737ca002fb,cached,data/derived/processes/historical_source_transformation.bpmn
https://www.pbs.gov.au/info/publication/schedule/2009,4214602,data/raw_live/historical_sources/pbs_archive/au_pbs_archive_bd9cdb42ab233563.pdf,c4c07cbd94aa52aed3771e88d14abfe2858580edeee5da2407aedab040e5ce36,reimbursement_atlas:au_pbs_archive_2009_08_01_bd9cdb42ab23,Existing local cache retained; use --force to replace it.,pdf,2009-08-01-general-schedule.pdf,au_pbs_archive_bd9cdb42ab233563,public_reuse_review,pending_human_review,au_pbs,https://www.pbs.gov.au/publication/schedule/2009/2009-08-01-general-schedule.pdf?variant=3,au_pbs_archive_2009_08_01_bd9cdb42ab23,cached,data/derived/processes/historical_source_transformation.bpmn
https://www.pbs.gov.au/info/publication/schedule/2010,129409,data/raw_live/historical_sources/pbs_archive/au_pbs_archive_beb626e2c46ac031.pdf,d51cec8038d882ba884359e5d49855dd3e023c831ae3c082a0a03fa1dfd6f857,reimbursement_atlas:au_pbs_archive_2010_01_01_beb626e2c46a,Existing local cache retained; use --force to replace it.,pdf,2010-01-01-dental-book-soc.pdf,au_pbs_archive_beb626e2c46ac031,public_reuse_review,pending_human_review,au_pbs,https://www.pbs.gov.au/publication/schedule/2010/2010-01-01-dental-book-soc.pdf?variant=3,au_pbs_archive_2010_01_01_beb626e2c46a,cached,data/derived/processes/historical_source_transformation.bpmn
https://www.pbs.gov.au/info/publication/schedule/2014,713937,data/raw_live/historical_sources/pbs_archive/au_pbs_archive_beddfeafe32bbcfd.pdf,0c9458d84eba3f7ce27f9078718142a2d288195f2230bf702071aa5bfba0d5b4,reimbursement_atlas:au_pbs_archive_2014_02_01_beddfeafe32b,Existing local cache retained; use --force to replace it.,pdf,2014-02-01-general-schedule-soc.pdf,au_pbs_archive_beddfeafe32bbcfd,public_reuse_review,pending_human_review,au_pbs,https://www.pbs.gov.au/publication/schedule/2014/02/2014-02-01-general-schedule-soc.pdf?variant=3,au_pbs_archive_2014_02_01_beddfeafe32b,cached,data/derived/processes/historical_source_transformation.bpmn
https://www.pbs.gov.au/info/publication/schedule/2004,6078100,data/raw_live/historical_sources/pbs_archive/au_pbs_archive_beeae929627c0bc5.pdf,158af9bb308927089c1e3a38c7ebbf5816579fd6df1a4288b28e8a0566842351,reimbursement_atlas:au_pbs_archive_2004_12_01_beeae929627c,Existing local cache retained; use --force to replace it.,pdf,2004-12-01-general-schedule.pdf,au_pbs_archive_beeae929627c0bc5,public_reuse_review,pending_human_review,au_pbs,https://www.pbs.gov.au/publication/schedule/2004/2004-12-01-general-schedule.pdf?variant=3,au_pbs_archive_2004_12_01_beeae929627c,cached,data/derived/processes/historical_source_transformation.bpmn
https://www.pbs.gov.au/info/publication/schedule/2024,2942931,data/raw_live/historical_sources/pbs_archive/au_pbs_archive_bf29944f8111714b.pdf,cd2de4a1f01a78d6ac6cd4ded72abb9267ffe2e641bb1e58e4ab194ab5b68061,reimbursement_atlas:au_pbs_archive_2024_12_01_bf29944f8111,Existing local cache retained; use --force to replace it.,pdf,2024-12-01-efc-schedule.pdf,au_pbs_archive_bf29944f8111714b,public_reuse_review,pending_human_review,au_pbs,https://www.pbs.gov.au/publication/schedule/2024/12/2024-12-01-efc-schedule.pdf?variant=3,au_pbs_archive_2024_12_01_bf29944f8111,cached,data/derived/processes/historical_source_transformation.bpmn
https://www.pbs.gov.au/info/publication/schedule/2010,39277,data/raw_live/historical_sources/pbs_archive/au_pbs_archive_bf795143db30cc3a.pdf,b4f5a3cbbbc409fd0266b19b6cb3b90d873a3d04becf63e1542db827f3c6a2ec,reimbursement_atlas:au_pbs_archive_2010_06_01_bf795143db30,Existing local cache retained; use --force to replace it.,pdf,2010-06-01-dental-book-SOC.pdf,au_pbs_archive_bf795143db30cc3a,public_reuse_review,pending_human_review,au_pbs,https://www.pbs.gov.au/publication/schedule/2010/2010-06-01-dental-book-SOC.pdf?variant=3,au_pbs_archive_2010_06_01_bf795143db30,cached,data/derived/processes/historical_source_transformation.bpmn
https://www.pbs.gov.au/info/publication/schedule/2022,230968,data/raw_live/historical_sources/pbs_archive/au_pbs_archive_bf7b5048fc1cc7b8.pdf,f260b520de9b0635190c2c515f550b52756e58493fda47db55b8e41a4901e11f,reimbursement_atlas:au_pbs_archive_2022_07_08_bf7b5048fc1c,Existing local cache retained; use --force to replace it.,pdf,2022-07-08-addendum.pdf,au_pbs_archive_bf7b5048fc1cc7b8,public_reuse_review,pending_human_review,au_pbs,https://www.pbs.gov.au/publication/schedule/2022/07/2022-07-08-addendum.pdf?variant=3,au_pbs_archive_2022_07_08_bf7b5048fc1c,cached,data/derived/processes/historical_source_transformation.bpmn
https://www.pbs.gov.au/info/publication/schedule/2011,6187193,data/raw_live/historical_sources/pbs_archive/au_pbs_archive_bf85529530be3103.pdf,6c6207867e35b2dde028f808a03bdb2c71bb194dcc358363b65e4f273961e41d,reimbursement_atlas:au_pbs_archive_2011_12_01_bf85529530be,Existing local cache retained; use --force to replace it.,pdf,2011-12-01-general-schedule.pdf,au_pbs_archive_bf85529530be3103,public_reuse_review,pending_human_review,au_pbs,https://www.pbs.gov.au/publication/schedule/2011/12/2011-12-01-general-schedule.pdf?variant=3,au_pbs_archive_2011_12_01_bf85529530be,cached,data/derived/processes/historical_source_transformation.bpmn
https://www.pbs.gov.au/info/publication/schedule/2010,322635,data/raw_live/historical_sources/pbs_archive/au_pbs_archive_bf85c7de180a9699.pdf,34241b1b6069383d2266052d3bdc84d070792300edc0388dde4077bdfeef768f,reimbursement_atlas:au_pbs_archive_2010_09_01_bf85c7de180a,Existing local cache retained; use --force to replace it.,pdf,2010-09-01-chemotherapy-booklet.pdf,au_pbs_archive_bf85c7de180a9699,public_reuse_review,pending_human_review,au_pbs,https://www.pbs.gov.au/publication/schedule/2010/2010-09-01-chemotherapy-booklet.pdf?variant=3,au_pbs_archive_2010_09_01_bf85c7de180a,cached,data/derived/processes/historical_source_transformation.bpmn
https://www.pbs.gov.au/info/publication/schedule/2015,542984,data/raw_live/historical_sources/pbs_archive/au_pbs_archive_c087688104b13599.pdf,9d8977953b6ed5f1cee61b85a67a896b3a94f32e940d2943af8a21f52e151a03,reimbursement_atlas:au_pbs_archive_2015_04_01_c087688104b1,Existing local cache retained; use --force to replace it.,pdf,2015-04-01-efc-schedule.pdf,au_pbs_archive_c087688104b13599,public_reuse_review,pending_human_review,au_pbs,https://www.pbs.gov.au/publication/schedule/2015/04/2015-04-01-efc-schedule.pdf?variant=3,au_pbs_archive_2015_04_01_c087688104b1,cached,data/derived/processes/historical_source_transformation.bpmn
https://www.pbs.gov.au/info/publication/schedule/2010,285427,data/raw_live/historical_sources/pbs_archive/au_pbs_archive_c0f5a406180c1f8c.pdf,a9f1ad587f86b075959fb2be91d564f4e61804305d3d2382768a5acd02d29f6a,reimbursement_atlas:au_pbs_archive_2010_04_01_c0f5a406180c,Existing local cache retained; use --force to replace it.,pdf,2010-04-01-chemotherapy-booklet.pdf,au_pbs_archive_c0f5a406180c1f8c,public_reuse_review,pending_human_review,au_pbs,https://www.pbs.gov.au/publication/schedule/2010/2010-04-01-chemotherapy-booklet.pdf?variant=3,au_pbs_archive_2010_04_01_c0f5a406180c,cached,data/derived/processes/historical_source_transformation.bpmn
https://www.pbs.gov.au/info/publication/schedule/2026,2812967,data/raw_live/historical_sources/pbs_archive/au_pbs_archive_c0fd828bdce7ae7a.pdf,b9cb96d5f4d7836831094ca64889911bcef50eaf470864857aafc21bf3d2dea0,reimbursement_atlas:au_pbs_archive_2026_02_01_c0fd828bdce7,Existing local cache retained; use --force to replace it.,pdf,2026-02-01-efc-schedule.pdf,au_pbs_archive_c0fd828bdce7ae7a,public_reuse_review,pending_human_review,au_pbs,https://www.pbs.gov.au/publication/schedule/2026/02/2026-02-01-efc-schedule.pdf?variant=3,au_pbs_archive_2026_02_01_c0fd828bdce7,cached,data/derived/processes/historical_source_transformation.bpmn
https://www.pbs.gov.au/info/publication/schedule/2023,2582552,data/raw_live/historical_sources/pbs_archive/au_pbs_archive_c1156c4ad6b98a6b.pdf,bbce36b44f1e5f094219bd87bd83e6f1f33c5da232d8f48f3073151b111fd79f,reimbursement_atlas:au_pbs_archive_2023_03_01_c1156c4ad6b9,Existing local cache retained; use --force to replace it.,pdf,2023-03-01-efc-schedule.pdf,au_pbs_archive_c1156c4ad6b98a6b,public_reuse_review,pending_human_review,au_pbs,https://www.pbs.gov.au/publication/schedule/2023/03/2023-03-01-efc-schedule.pdf?variant=3,au_pbs_archive_2023_03_01_c1156c4ad6b9,cached,data/derived/processes/historical_source_transformation.bpmn
https://www.pbs.gov.au/info/publication/schedule/2012,3638626,data/raw_live/historical_sources/pbs_archive/au_pbs_archive_c1555f400c00d08d.pdf,131d5ca84ca63adcdb45a1d6fbb0bc687c6fbb3b4c54638370e46bbb5445fb81,reimbursement_atlas:au_pbs_archive_2012_04_01_c1555f400c00,Existing local cache retained; use --force to replace it.,pdf,2012-04-01-general-schedule-SOC.pdf,au_pbs_archive_c1555f400c00d08d,public_reuse_review,pending_human_review,au_pbs,https://www.pbs.gov.au/publication/schedule/2012/04/2012-04-01-general-schedule-SOC.pdf?variant=3,au_pbs_archive_2012_04_01_c1555f400c00,cached,data/derived/processes/historical_source_transformation.bpmn
https://www.pbs.gov.au/info/publication/schedule/2007,4669277,data/raw_live/historical_sources/pbs_archive/au_pbs_archive_c1773f80c4e001c9.pdf,b92c2e8d50c52217519cfc56747a38a8ec9405fc512ec697f4b56ebd78d4553f,reimbursement_atlas:au_pbs_archive_2007_03_01_c1773f80c4e0,Existing local cache retained; use --force to replace it.,pdf,2007-03-01-general-schedule.pdf,au_pbs_archive_c1773f80c4e001c9,public_reuse_review,pending_human_review,au_pbs,https://www.pbs.gov.au/publication/schedule/2007/2007-03-01-general-schedule.pdf?variant=3,au_pbs_archive_2007_03_01_c1773f80c4e0,cached,data/derived/processes/historical_source_transformation.bpmn
https://www.pbs.gov.au/info/publication/schedule/2024,2883706,data/raw_live/historical_sources/pbs_archive/au_pbs_archive_c25cd5d641e544d6.pdf,898b2632ce77239c5771f937f5b9e441c9c8a971bec81b12bac5fff887fe8940,reimbursement_atlas:au_pbs_archive_2024_11_01_c25cd5d641e5,Existing local cache retained; use --force to replace it.,pdf,2024-11-01-efc-schedule.pdf,au_pbs_archive_c25cd5d641e544d6,public_reuse_review,pending_human_review,au_pbs,https://www.pbs.gov.au/publication/schedule/2024/11/2024-11-01-efc-schedule.pdf?variant=3,au_pbs_archive_2024_11_01_c25cd5d641e5,cached,data/derived/processes/historical_source_transformation.bpmn
https://www.pbs.gov.au/info/publication/schedule/2023,11006319,data/raw_live/historical_sources/pbs_archive/au_pbs_archive_c3dabc548614979d.pdf,d7e3fb26a7b86bc8506298bb72484829452df418d593fb8fb677712b32140479,reimbursement_atlas:au_pbs_archive_2023_12_01_c3dabc548614,Existing local cache retained; use --force to replace it.,pdf,2023-12-01-general-schedule-volume-2.pdf,au_pbs_archive_c3dabc548614979d,public_reuse_review,pending_human_review,au_pbs,https://www.pbs.gov.au/publication/schedule/2023/12/2023-12-01-general-schedule-volume-2.pdf?variant=3,au_pbs_archive_2023_12_01_c3dabc548614,cached,data/derived/processes/historical_source_transformation.bpmn
https://www.pbs.gov.au/info/publication/schedule/2007,3706674,data/raw_live/historical_sources/pbs_archive/au_pbs_archive_c4228fcaf2cdaa52.pdf,f6c8a718ac9dd185b73129bb1f88ad3ee849feaf49456bc63d84ceaa2f8cc5a4,reimbursement_atlas:au_pbs_archive_2007_08_01_c4228fcaf2cd,Existing local cache retained; use --force to replace it.,pdf,2007-08-01-general-schedule.pdf,au_pbs_archive_c4228fcaf2cdaa52,public_reuse_review,pending_human_review,au_pbs,https://www.pbs.gov.au/publication/schedule/2007/2007-08-01-general-schedule.pdf?variant=3,au_pbs_archive_2007_08_01_c4228fcaf2cd,cached,data/derived/processes/historical_source_transformation.bpmn
https://www.pbs.gov.au/info/publication/schedule/2026,371591,data/raw_live/historical_sources/pbs_archive/au_pbs_archive_c43ee18b9324553f.pdf,3cabb6ee5303dbca6bb5a5060bb15d94583e6754505316d1072a649ec7bb5651,reimbursement_atlas:au_pbs_archive_2026_05_01_c43ee18b9324,Existing local cache retained; use --force to replace it.,pdf,2026-05-01-general-soc.pdf,au_pbs_archive_c43ee18b9324553f,public_reuse_review,pending_human_review,au_pbs,https://www.pbs.gov.au/publication/schedule/2026/05/2026-05-01-general-soc.pdf?variant=3,au_pbs_archive_2026_05_01_c43ee18b9324,cached,data/derived/processes/historical_source_transformation.bpmn
https://www.pbs.gov.au/info/publication/schedule/2021,1634354,data/raw_live/historical_sources/pbs_archive/au_pbs_archive_c471385f0c559b79.pdf,714fd98415cd588ed960a378ab5317601ac7dab836474d7d0183dd0f1ee7b483,reimbursement_atlas:au_pbs_archive_2021_03_01_c471385f0c55,Existing local cache retained; use --force to replace it.,pdf,2021-03-01-general-soc.pdf,au_pbs_archive_c471385f0c559b79,public_reuse_review,pending_human_review,au_pbs,https://www.pbs.gov.au/publication/schedule/2021/03/2021-03-01-general-soc.pdf?variant=3,au_pbs_archive_2021_03_01_c471385f0c55,cached,data/derived/processes/historical_source_transformation.bpmn
https://www.pbs.gov.au/info/publication/schedule/2025,711699,data/raw_live/historical_sources/pbs_archive/au_pbs_archive_c47c93752c41fab5.pdf,fdfce9dac88aa18d024d49ff3f54128af9b25537fd1594c153547a2f5f4cbddb,reimbursement_atlas:au_pbs_archive_2025_02_01_c47c93752c41,Existing local cache retained; use --force to replace it.,pdf,2025-02-01-general-soc.pdf,au_pbs_archive_c47c93752c41fab5,public_reuse_review,pending_human_review,au_pbs,https://www.pbs.gov.au/publication/schedule/2025/02/2025-02-01-general-soc.pdf?variant=3,au_pbs_archive_2025_02_01_c47c93752c41,cached,data/derived/processes/historical_source_transformation.bpmn
https://www.pbs.gov.au/info/publication/schedule/2009,374222,data/raw_live/historical_sources/pbs_archive/au_pbs_archive_c4d6dd9d3354c658.pdf,57f5c73b35f3c57f19debc3f47f5e993ada78fc7102e8a96883aeb4e495c2f4f,reimbursement_atlas:au_pbs_archive_2009_11_01_c4d6dd9d3354,Existing local cache retained; use --force to replace it.,pdf,2009-11-01-chemotherapy-book.pdf,au_pbs_archive_c4d6dd9d3354c658,public_reuse_review,pending_human_review,au_pbs,https://www.pbs.gov.au/publication/schedule/2009/2009-11-01-chemotherapy-book.pdf?variant=3,au_pbs_archive_2009_11_01_c4d6dd9d3354,cached,data/derived/processes/historical_source_transformation.bpmn
https://www.pbs.gov.au/info/publication/schedule/2007,86704,data/raw_live/historical_sources/pbs_archive/au_pbs_archive_c560927b245eb8d2.pdf,8d1da46a3094a2dfb37d714e86687ade66edef1f448fe9f5954232a943973e4c,reimbursement_atlas:au_pbs_archive_2007_01_01_c560927b245e,Existing local cache retained; use --force to replace it.,pdf,2007-01-01-general-schedule-soc.pdf,au_pbs_archive_c560927b245eb8d2,public_reuse_review,pending_human_review,au_pbs,https://www.pbs.gov.au/publication/schedule/2007/2007-01-01-general-schedule-soc.pdf?variant=3,au_pbs_archive_2007_01_01_c560927b245e,cached,data/derived/processes/historical_source_transformation.bpmn
https://www.pbs.gov.au/info/publication/schedule/2016,1204349,data/raw_live/historical_sources/pbs_archive/au_pbs_archive_c5afaca0912e9d5e.pdf,940797002c687ac0b1c03a5b685676740b46de2895773dfdee8353f6ec7f5663,reimbursement_atlas:au_pbs_archive_2016_06_01_c5afaca0912e,Existing local cache retained; use --force to replace it.,pdf,2016-06-01-efc-schedule.pdf,au_pbs_archive_c5afaca0912e9d5e,public_reuse_review,pending_human_review,au_pbs,https://www.pbs.gov.au/publication/schedule/2016/06/2016-06-01-efc-schedule.pdf?variant=3,au_pbs_archive_2016_06_01_c5afaca0912e,cached,data/derived/processes/historical_source_transformation.bpmn
https://www.pbs.gov.au/info/publication/schedule/historical-archive,11200047,data/raw_live/historical_sources/pbs_archive/au_pbs_archive_c5b0b95d82bb0e76.pdf,09ad40e2aa3b57a338effe8a581066478d47093670bfc0ae4fdb18bcec9b35eb,reimbursement_atlas:au_pbs_archive_1980_12_01_c5b0b95d82bb,Existing local cache retained; use --force to replace it.,pdf,1980-12-01-consolidated-schedules.pdf,au_pbs_archive_c5b0b95d82bb0e76,public_reuse_review,pending_human_review,au_pbs,https://www.pbs.gov.au/publication/schedule/1951-2002/1980-12-01-consolidated-schedules.pdf?variant=3,au_pbs_archive_1980_12_01_c5b0b95d82bb,cached,data/derived/processes/historical_source_transformation.bpmn
https://www.pbs.gov.au/info/publication/schedule/2011,647014,data/raw_live/historical_sources/pbs_archive/au_pbs_archive_c5c2969e6deebca5.pdf,5c3aed063509a7d9b19445fe351018f21a7416a7c932a791a8d4cc96f2c00d12,reimbursement_atlas:au_pbs_archive_2011_10_01_c5c2969e6dee,Existing local cache retained; use --force to replace it.,pdf,2011-10-01-general-schedule-SOC.pdf,au_pbs_archive_c5c2969e6deebca5,public_reuse_review,pending_human_review,au_pbs,https://www.pbs.gov.au/publication/schedule/2011/10/2011-10-01-general-schedule-SOC.pdf?variant=3,au_pbs_archive_2011_10_01_c5c2969e6dee,cached,data/derived/processes/historical_source_transformation.bpmn
https://www.pbs.gov.au/info/publication/schedule/2015,1067883,data/raw_live/historical_sources/pbs_archive/au_pbs_archive_c612fe52ee2a5bf9.pdf,338fe670e309b0a08c0c63dfec7e174d98e0fd9a54384b0b59073691922d504d,reimbursement_atlas:au_pbs_archive_2015_11_01_c612fe52ee2a,Existing local cache retained; use --force to replace it.,pdf,2015-11-01-efc-schedule.pdf,au_pbs_archive_c612fe52ee2a5bf9,public_reuse_review,pending_human_review,au_pbs,https://www.pbs.gov.au/publication/schedule/2015/11/2015-11-01-efc-schedule.pdf?variant=3,au_pbs_archive_2015_11_01_c612fe52ee2a,cached,data/derived/processes/historical_source_transformation.bpmn
https://www.pbs.gov.au/info/publication/schedule/2014,6205208,data/raw_live/historical_sources/pbs_archive/au_pbs_archive_c640c34fa4f9d368.pdf,8f051095b6efe757450e7410443f9d99939dab115f417dddf2998e293f29f043,reimbursement_atlas:au_pbs_archive_2014_08_01_c640c34fa4f9,Existing local cache retained; use --force to replace it.,pdf,2014-08-01-general-schedule.pdf,au_pbs_archive_c640c34fa4f9d368,public_reuse_review,pending_human_review,au_pbs,https://www.pbs.gov.au/publication/schedule/2014/08/2014-08-01-general-schedule.pdf?variant=3,au_pbs_archive_2014_08_01_c640c34fa4f9,cached,data/derived/processes/historical_source_transformation.bpmn
https://www.pbs.gov.au/info/publication/schedule/2005,4513307,data/raw_live/historical_sources/pbs_archive/au_pbs_archive_c6a8c327874d2686.pdf,897a8f64f43952ff44a44ce3e1f0c56817c6721e72881259b74c1e058b256bed,reimbursement_atlas:au_pbs_archive_2005_08_01_c6a8c327874d,Existing local cache retained; use --force to replace it.,pdf,2005-08-01-general-schedule.pdf,au_pbs_archive_c6a8c327874d2686,public_reuse_review,pending_human_review,au_pbs,https://www.pbs.gov.au/publication/schedule/2005/2005-08-01-general-schedule.pdf?variant=3,au_pbs_archive_2005_08_01_c6a8c327874d,cached,data/derived/processes/historical_source_transformation.bpmn
https://www.pbs.gov.au/info/publication/schedule/2011,142960,data/raw_live/historical_sources/pbs_archive/au_pbs_archive_c6e95e599aa0b222.pdf,2b448ec98c33fb4e0a91b55b65726fd735bc56c168b78f322060833ea178c28f,reimbursement_atlas:au_pbs_archive_2011_12_01_c6e95e599aa0,Existing local cache retained; use --force to replace it.,pdf,2011-12-01-dental-book-SOC.pdf,au_pbs_archive_c6e95e599aa0b222,public_reuse_review,pending_human_review,au_pbs,https://www.pbs.gov.au/publication/schedule/2011/12/2011-12-01-dental-book-SOC.pdf?variant=3,au_pbs_archive_2011_12_01_c6e95e599aa0,cached,data/derived/processes/historical_source_transformation.bpmn
https://www.pbs.gov.au/info/publication/schedule/2022,26527991,data/raw_live/historical_sources/pbs_archive/au_pbs_archive_c7284dfecaf8c48d.pdf,a550f5d62a200df73ea7860450c5110db17a189159e86bb78685d76f6dcc64da,reimbursement_atlas:au_pbs_archive_2022_10_01_c7284dfecaf8,Retrieved into ignored local cache.,pdf,2022-10-01-general-schedule-volume-1.pdf,au_pbs_archive_c7284dfecaf8c48d,public_reuse_review,pending_human_review,au_pbs,https://www.pbs.gov.au/publication/schedule/2022/10/2022-10-01-general-schedule-volume-1.pdf?variant=3,au_pbs_archive_2022_10_01_c7284dfecaf8,downloaded,data/derived/processes/historical_source_transformation.bpmn
https://www.pbs.gov.au/info/publication/schedule/2008,3895111,data/raw_live/historical_sources/pbs_archive/au_pbs_archive_c788085e1a814b47.pdf,18e21ce23bfabed924dc81c8d5202ea40de25178017d2725e8259f75ce9298bc,reimbursement_atlas:au_pbs_archive_2008_11_01_c788085e1a81,Existing local cache retained; use --force to replace it.,pdf,2008-11-01-general-schedule.pdf,au_pbs_archive_c788085e1a814b47,public_reuse_review,pending_human_review,au_pbs,https://www.pbs.gov.au/publication/schedule/2008/2008-11-01-general-schedule.pdf?variant=3,au_pbs_archive_2008_11_01_c788085e1a81,cached,data/derived/processes/historical_source_transformation.bpmn
https://www.pbs.gov.au/info/publication/schedule/2019,1756271,data/raw_live/historical_sources/pbs_archive/au_pbs_archive_c877ddd458cc48a0.pdf,cb66434761db9b20d71a5adfad867ba8cbbbf7b53610c18906378a6f3433f6c1,reimbursement_atlas:au_pbs_archive_2019_08_01_c877ddd458cc,Existing local cache retained; use --force to replace it.,pdf,2019-08-01-general-soc.pdf,au_pbs_archive_c877ddd458cc48a0,public_reuse_review,pending_human_review,au_pbs,https://www.pbs.gov.au/publication/schedule/2019/08/2019-08-01-general-soc.pdf?variant=3,au_pbs_archive_2019_08_01_c877ddd458cc,cached,data/derived/processes/historical_source_transformation.bpmn
https://www.pbs.gov.au/info/publication/schedule/2019,3998747,data/raw_live/historical_sources/pbs_archive/au_pbs_archive_c8a2a47202cb2552.pdf,d157d4eb39edef63f9f37e996947f23f5e23fd0e7308f905d89402b819300f00,reimbursement_atlas:au_pbs_archive_2019_02_01_c8a2a47202cb,Existing local cache retained; use --force to replace it.,pdf,2019-02-01-efc-schedule.pdf,au_pbs_archive_c8a2a47202cb2552,public_reuse_review,pending_human_review,au_pbs,https://www.pbs.gov.au/publication/schedule/2019/02/2019-02-01-efc-schedule.pdf?variant=3,au_pbs_archive_2019_02_01_c8a2a47202cb,cached,data/derived/processes/historical_source_transformation.bpmn
https://www.pbs.gov.au/info/publication/schedule/2026,2511588,data/raw_live/historical_sources/pbs_archive/au_pbs_archive_c8e251def5ffa887.pdf,97bcaa3581358521dd6a167260bc2f0f53dc3736e7a27b25ee9428ab4e0a84d1,reimbursement_atlas:au_pbs_archive_2026_02_01_c8e251def5ff,Existing local cache retained; use --force to replace it.,pdf,2026-02-01-general-soc.pdf,au_pbs_archive_c8e251def5ffa887,public_reuse_review,pending_human_review,au_pbs,https://www.pbs.gov.au/publication/schedule/2026/02/2026-02-01-general-soc.pdf?variant=3,au_pbs_archive_2026_02_01_c8e251def5ff,cached,data/derived/processes/historical_source_transformation.bpmn
https://www.pbs.gov.au/info/publication/schedule/2026,192513,data/raw_live/historical_sources/pbs_archive/au_pbs_archive_c8fad00547723beb.pdf,95f0d7a98867dfe4fd65e59199a616b609dca59e99e72e3da0fb80cbf3c6cecc,reimbursement_atlas:au_pbs_archive_2026_06_01_c8fad0054772,Existing local cache retained; use --force to replace it.,pdf,2026-06-01-erratum-blinatumomab-restriction.pdf,au_pbs_archive_c8fad00547723beb,public_reuse_review,pending_human_review,au_pbs,https://www.pbs.gov.au/publication/schedule/2026/06/2026-06-01-erratum-blinatumomab-restriction.pdf?variant=3,au_pbs_archive_2026_06_01_c8fad0054772,cached,data/derived/processes/historical_source_transformation.bpmn
https://www.pbs.gov.au/info/publication/schedule/historical-archive,18865631,data/raw_live/historical_sources/pbs_archive/au_pbs_archive_c93e238785de9be9.pdf,db5446d0917eae7b188c3da5558ed1518cda9f2c978263e5f7e15f28015e0baf,reimbursement_atlas:au_pbs_archive_1969_08_01_c93e238785de,Retrieved into ignored local cache.,pdf,1969-08-01-consolidated-schedules.pdf,au_pbs_archive_c93e238785de9be9,public_reuse_review,pending_human_review,au_pbs,https://www.pbs.gov.au/publication/schedule/1951-2002/1969-08-01-consolidated-schedules.pdf?variant=3,au_pbs_archive_1969_08_01_c93e238785de,downloaded,data/derived/processes/historical_source_transformation.bpmn
https://www.pbs.gov.au/info/publication/schedule/historical-archive,12288481,data/raw_live/historical_sources/pbs_archive/au_pbs_archive_c940379a132313dd.pdf,4f6badd5a9e7cc5327b870ff33fc8ee3ed543f608ccc41d5aa15613413734729,reimbursement_atlas:au_pbs_archive_1991_12_01_c940379a1323,Existing local cache retained; use --force to replace it.,pdf,1991-12-01-consolidated-schedules.pdf,au_pbs_archive_c940379a132313dd,public_reuse_review,pending_human_review,au_pbs,https://www.pbs.gov.au/publication/schedule/1951-2002/1991-12-01-consolidated-schedules.pdf?variant=3,au_pbs_archive_1991_12_01_c940379a1323,cached,data/derived/processes/historical_source_transformation.bpmn
https://www.pbs.gov.au/info/publication/schedule/2016,277960,data/raw_live/historical_sources/pbs_archive/au_pbs_archive_c96c73eb1aa173d5.pdf,07b1c0e424ec7f602361ebbf233c637a2f67313fc14453b9302388bf70c2cc83,reimbursement_atlas:au_pbs_archive_2016_05_01_c96c73eb1aa1,Existing local cache retained; use --force to replace it.,pdf,2016-05-01-erratum.pdf,au_pbs_archive_c96c73eb1aa173d5,public_reuse_review,pending_human_review,au_pbs,https://www.pbs.gov.au/publication/schedule/2016/05/2016-05-01-erratum.pdf?variant=3,au_pbs_archive_2016_05_01_c96c73eb1aa1,cached,data/derived/processes/historical_source_transformation.bpmn
https://www.pbs.gov.au/info/publication/schedule/2008,3749535,data/raw_live/historical_sources/pbs_archive/au_pbs_archive_c99b3859343338e6.pdf,b866e26b94e74cc514be5227a0ec8808d9c38a052ee4d124da68e317b943115c,reimbursement_atlas:au_pbs_archive_2008_04_01_c99b38593433,Existing local cache retained; use --force to replace it.,pdf,2008-04-01-general-schedule.pdf,au_pbs_archive_c99b3859343338e6,public_reuse_review,pending_human_review,au_pbs,https://www.pbs.gov.au/publication/schedule/2008/2008-04-01-general-schedule.pdf?variant=3,au_pbs_archive_2008_04_01_c99b38593433,cached,data/derived/processes/historical_source_transformation.bpmn
https://www.pbs.gov.au/info/publication/schedule/2017,20167421,data/raw_live/historical_sources/pbs_archive/au_pbs_archive_c9cd12059f9833be.pdf,6eab0483f19c8692b76946140de004cbecba2eded550ce71ccf0bcb1e5549d36,reimbursement_atlas:au_pbs_archive_2017_05_01_c9cd12059f98,Existing local cache retained; use --force to replace it.,pdf,2017-05-01-general-schedule.pdf,au_pbs_archive_c9cd12059f9833be,public_reuse_review,pending_human_review,au_pbs,https://www.pbs.gov.au/publication/schedule/2017/05/2017-05-01-general-schedule.pdf?variant=3,au_pbs_archive_2017_05_01_c9cd12059f98,cached,data/derived/processes/historical_source_transformation.bpmn
https://www.pbs.gov.au/info/publication/schedule/2010,14169,data/raw_live/historical_sources/pbs_archive/au_pbs_archive_ca0082bbfb98fb96.pdf,02032b339b09929c6f96c265f7d33662f51796d3d697e28f4e96f6eb64af0b25,reimbursement_atlas:au_pbs_archive_2010_04_01_ca0082bbfb98,Existing local cache retained; use --force to replace it.,pdf,2010-04-01-general-schedule-erratum.pdf,au_pbs_archive_ca0082bbfb98fb96,public_reuse_review,pending_human_review,au_pbs,https://www.pbs.gov.au/publication/schedule/2010/2010-04-01-general-schedule-erratum.pdf?variant=3,au_pbs_archive_2010_04_01_ca0082bbfb98,cached,data/derived/processes/historical_source_transformation.bpmn
https://www.pbs.gov.au/info/publication/schedule/2015,335504,data/raw_live/historical_sources/pbs_archive/au_pbs_archive_ca1b49bf9cc1f7c9.pdf,f1cf5c44b9f36c9e42eeb84db223a718f95173567f20f99a7b9ed4aa1f466590,reimbursement_atlas:au_pbs_archive_2015_09_01_ca1b49bf9cc1,Existing local cache retained; use --force to replace it.,pdf,2015-09-01-errata.pdf,au_pbs_archive_ca1b49bf9cc1f7c9,public_reuse_review,pending_human_review,au_pbs,https://www.pbs.gov.au/publication/schedule/2015/09/2015-09-01-errata.pdf?variant=3,au_pbs_archive_2015_09_01_ca1b49bf9cc1,cached,data/derived/processes/historical_source_transformation.bpmn
https://www.pbs.gov.au/info/publication/schedule/2026,2368224,data/raw_live/historical_sources/pbs_archive/au_pbs_archive_ca369273b52abd23.pdf,456b587dc9f7b6c28deb061342a3556d1cfa0e37caadc362c21b89f003d7589a,reimbursement_atlas:au_pbs_archive_2026_06_01_ca369273b52a,Existing local cache retained; use --force to replace it.,pdf,2026-06-01-general-soc.pdf,au_pbs_archive_ca369273b52abd23,public_reuse_review,pending_human_review,au_pbs,https://www.pbs.gov.au/publication/schedule/2026/06/2026-06-01-general-soc.pdf?variant=3,au_pbs_archive_2026_06_01_ca369273b52a,cached,data/derived/processes/historical_source_transformation.bpmn
https://www.pbs.gov.au/info/publication/schedule/2021,1839332,data/raw_live/historical_sources/pbs_archive/au_pbs_archive_ca4f6c24a4b617ed.pdf,913a2a48d3f0c5781399caed1f5b398f1170ea48c367370d722c571972d73e7f,reimbursement_atlas:au_pbs_archive_2021_12_01_ca4f6c24a4b6,Existing local cache retained; use --force to replace it.,pdf,2021-12-01-general-soc.pdf,au_pbs_archive_ca4f6c24a4b617ed,public_reuse_review,pending_human_review,au_pbs,https://www.pbs.gov.au/publication/schedule/2021/12/2021-12-01-general-soc.pdf?variant=3,au_pbs_archive_2021_12_01_ca4f6c24a4b6,cached,data/derived/processes/historical_source_transformation.bpmn
https://www.pbs.gov.au/info/publication/schedule/2024,11388074,data/raw_live/historical_sources/pbs_archive/au_pbs_archive_ca7bba174a0aa116.pdf,0c5e3e82f62186391e8600e342c84d7a9a6b6196857061cae24dfd68ecb352a8,reimbursement_atlas:au_pbs_archive_2024_01_01_ca7bba174a0a,Existing local cache retained; use --force to replace it.,pdf,2024-01-01-general-volume-2.pdf,au_pbs_archive_ca7bba174a0aa116,public_reuse_review,pending_human_review,au_pbs,https://www.pbs.gov.au/publication/schedule/2024/01/2024-01-01-general-volume-2.pdf?variant=3,au_pbs_archive_2024_01_01_ca7bba174a0a,cached,data/derived/processes/historical_source_transformation.bpmn
https://www.pbs.gov.au/info/publication/schedule/2021,2739773,data/raw_live/historical_sources/pbs_archive/au_pbs_archive_caa87a83077df2f1.pdf,a44adb6ca465a1a97bf1d1655fe3028ae50160c8fa9fa78d46dd0a209d2c87f2,reimbursement_atlas:au_pbs_archive_2021_01_01_caa87a83077d,Existing local cache retained; use --force to replace it.,pdf,2021-01-01-efc-schedule.pdf,au_pbs_archive_caa87a83077df2f1,public_reuse_review,pending_human_review,au_pbs,https://www.pbs.gov.au/publication/schedule/2021/01/2021-01-01-efc-schedule.pdf?variant=3,au_pbs_archive_2021_01_01_caa87a83077d,cached,data/derived/processes/historical_source_transformation.bpmn
https://www.pbs.gov.au/info/publication/schedule/2019,14852352,data/raw_live/historical_sources/pbs_archive/au_pbs_archive_cb19ff5af842a3c2.pdf,148456159ae7ecf1e6062cc25f29e00afa2d76aaab3bc239c0a0433a6817201c,reimbursement_atlas:au_pbs_archive_2019_11_01_cb19ff5af842,Retrieved into ignored local cache.,pdf,2019-11-01-general-schedule-volume-1.pdf,au_pbs_archive_cb19ff5af842a3c2,public_reuse_review,pending_human_review,au_pbs,https://www.pbs.gov.au/publication/schedule/2019/11/2019-11-01-general-schedule-volume-1.pdf?variant=3,au_pbs_archive_2019_11_01_cb19ff5af842,downloaded,data/derived/processes/historical_source_transformation.bpmn
https://www.pbs.gov.au/info/publication/schedule/2007,443990,data/raw_live/historical_sources/pbs_archive/au_pbs_archive_cb2baba1f755b23d.pdf,36b3d08896ed4623c278b109eaa62c6fb77597645893e74b57d3c69406989961,reimbursement_atlas:au_pbs_archive_2007_10_01_cb2baba1f755,Existing local cache retained; use --force to replace it.,pdf,2007-10-01-dental-book.pdf,au_pbs_archive_cb2baba1f755b23d,public_reuse_review,pending_human_review,au_pbs,https://www.pbs.gov.au/publication/schedule/2007/2007-10-01-dental-book.pdf?variant=3,au_pbs_archive_2007_10_01_cb2baba1f755,cached,data/derived/processes/historical_source_transformation.bpmn
https://www.pbs.gov.au/info/publication/schedule/2020,11307646,data/raw_live/historical_sources/pbs_archive/au_pbs_archive_cbc69ff32e30de50.pdf,e62369e023bf714bc0c057fac15f07b43136e2075e87cda0e1f4ba4146e4d2d0,reimbursement_atlas:au_pbs_archive_2020_01_01_cbc69ff32e30,Existing local cache retained; use --force to replace it.,pdf,2020-01-01-general-schedule-volume-2.pdf,au_pbs_archive_cbc69ff32e30de50,public_reuse_review,pending_human_review,au_pbs,https://www.pbs.gov.au/publication/schedule/2020/01/2020-01-01-general-schedule-volume-2.pdf?variant=3,au_pbs_archive_2020_01_01_cbc69ff32e30,cached,data/derived/processes/historical_source_transformation.bpmn
https://www.pbs.gov.au/info/publication/schedule/2018,21136589,data/raw_live/historical_sources/pbs_archive/au_pbs_archive_cbd2693cba4f2b00.pdf,622e6be31de0ab9cc3a97954d250d8100b4bce01d93821e51fd7045b5ab19831,reimbursement_atlas:au_pbs_archive_2018_11_01_cbd2693cba4f,Retrieved into ignored local cache.,pdf,2018-11-01-general-schedule.pdf,au_pbs_archive_cbd2693cba4f2b00,public_reuse_review,pending_human_review,au_pbs,https://www.pbs.gov.au/publication/schedule/2018/11/2018-11-01-general-schedule.pdf?variant=3,au_pbs_archive_2018_11_01_cbd2693cba4f,downloaded,data/derived/processes/historical_source_transformation.bpmn
https://www.pbs.gov.au/info/publication/schedule/2023,2780960,data/raw_live/historical_sources/pbs_archive/au_pbs_archive_cc09c691792e6cdd.pdf,d7c2006557a552503c5d6da96fa7a5e22ce9fa81a185850ba7fc5963e7bbc6b6,reimbursement_atlas:au_pbs_archive_2023_03_01_cc09c691792e,Existing local cache retained; use --force to replace it.,pdf,2023-03-01-general-soc.pdf,au_pbs_archive_cc09c691792e6cdd,public_reuse_review,pending_human_review,au_pbs,https://www.pbs.gov.au/publication/schedule/2023/03/2023-03-01-general-soc.pdf?variant=3,au_pbs_archive_2023_03_01_cc09c691792e,cached,data/derived/processes/historical_source_transformation.bpmn
https://www.pbs.gov.au/info/publication/schedule/2009,446446,data/raw_live/historical_sources/pbs_archive/au_pbs_archive_cd749e8c6d358603.pdf,f855358d74f00ba4bf848b914d20d99c57237a786679bbea7696f96227436627,reimbursement_atlas:au_pbs_archive_2009_07_01_cd749e8c6d35,Existing local cache retained; use --force to replace it.,pdf,2009-07-01-dental-book.pdf,au_pbs_archive_cd749e8c6d358603,public_reuse_review,pending_human_review,au_pbs,https://www.pbs.gov.au/publication/schedule/2009/2009-07-01-dental-book.pdf?variant=3,au_pbs_archive_2009_07_01_cd749e8c6d35,cached,data/derived/processes/historical_source_transformation.bpmn
https://www.pbs.gov.au/info/publication/schedule/2025,2472434,data/raw_live/historical_sources/pbs_archive/au_pbs_archive_cdc19ca83cb99e6d.pdf,05d91412adeaa42ff022f433cc9e283f938b186e822009cb208ea4569ceca6cc,reimbursement_atlas:au_pbs_archive_2025_10_01_cdc19ca83cb9,Existing local cache retained; use --force to replace it.,pdf,2025-10-01-general-soc.pdf,au_pbs_archive_cdc19ca83cb99e6d,public_reuse_review,pending_human_review,au_pbs,https://www.pbs.gov.au/publication/schedule/2025/10/2025-10-01-general-soc.pdf?variant=3,au_pbs_archive_2025_10_01_cdc19ca83cb9,cached,data/derived/processes/historical_source_transformation.bpmn
https://www.pbs.gov.au/info/publication/schedule/2022,2120523,data/raw_live/historical_sources/pbs_archive/au_pbs_archive_ce4191cb641c8ed8.pdf,5e4ae653aa2a5cbdd24bf95fcf9518ef39d58bcb66793fa81331cb73ab03456e,reimbursement_atlas:au_pbs_archive_2022_01_01_ce4191cb641c,Existing local cache retained; use --force to replace it.,pdf,2022-01-01-efc-schedule.pdf,au_pbs_archive_ce4191cb641c8ed8,public_reuse_review,pending_human_review,au_pbs,https://www.pbs.gov.au/publication/schedule/2022/01/2022-01-01-efc-schedule.pdf?variant=3,au_pbs_archive_2022_01_01_ce4191cb641c,cached,data/derived/processes/historical_source_transformation.bpmn
https://www.pbs.gov.au/info/publication/schedule/2015,7591215,data/raw_live/historical_sources/pbs_archive/au_pbs_archive_ced267dd21c9d80e.pdf,adc57a3ffb5f9fda7e316be3a9dcaa74deada252195d5d11752900b24320d906,reimbursement_atlas:au_pbs_archive_2015_05_01_ced267dd21c9,Retrieved into ignored local cache.,pdf,2015-05-01-general-schedule.pdf,au_pbs_archive_ced267dd21c9d80e,public_reuse_review,pending_human_review,au_pbs,https://www.pbs.gov.au/publication/schedule/2015/05/2015-05-01-general-schedule.pdf?variant=3,au_pbs_archive_2015_05_01_ced267dd21c9,downloaded,data/derived/processes/historical_source_transformation.bpmn
https://www.pbs.gov.au/info/publication/schedule/2024,896355,data/raw_live/historical_sources/pbs_archive/au_pbs_archive_ced94d4e30acecef.pdf,e6bfc3f4a0ffaf425a85741124a36c53bbe59b3c18bcab01c6505fa390cc2037,reimbursement_atlas:au_pbs_archive_2024_04_01_ced94d4e30ac,Existing local cache retained; use --force to replace it.,pdf,2024-04-01-general-soc.pdf,au_pbs_archive_ced94d4e30acecef,public_reuse_review,pending_human_review,au_pbs,https://www.pbs.gov.au/publication/schedule/2024/04/2024-04-01-general-soc.pdf?variant=3,au_pbs_archive_2024_04_01_ced94d4e30ac,cached,data/derived/processes/historical_source_transformation.bpmn
https://www.pbs.gov.au/info/publication/schedule/2010,325853,data/raw_live/historical_sources/pbs_archive/au_pbs_archive_cee93206098e9017.pdf,4c38661a9e5fbc9e58b4329691c1a48926924ddd7b0175e3f53eca9f0582de05,reimbursement_atlas:au_pbs_archive_2010_12_01_cee93206098e,Existing local cache retained; use --force to replace it.,pdf,2010-12-01-chemotherapy-booklet.pdf,au_pbs_archive_cee93206098e9017,public_reuse_review,pending_human_review,au_pbs,https://www.pbs.gov.au/publication/schedule/2010/2010-12-01-chemotherapy-booklet.pdf?variant=3,au_pbs_archive_2010_12_01_cee93206098e,cached,data/derived/processes/historical_source_transformation.bpmn
https://www.pbs.gov.au/info/publication/schedule/2007,1367382,data/raw_live/historical_sources/pbs_archive/au_pbs_archive_cf8651b4883b7e91.pdf,5dadb92b01d982d5b696452f7e92a857dc3102b59cf8122744684d6e9235d699,reimbursement_atlas:au_pbs_archive_2007_01_01_cf8651b4883b,Existing local cache retained; use --force to replace it.,pdf,2007-01-01-dental-book.pdf,au_pbs_archive_cf8651b4883b7e91,public_reuse_review,pending_human_review,au_pbs,https://www.pbs.gov.au/publication/schedule/2007/2007-01-01-dental-book.pdf?variant=3,au_pbs_archive_2007_01_01_cf8651b4883b,cached,data/derived/processes/historical_source_transformation.bpmn
https://www.pbs.gov.au/info/publication/schedule/historical-archive,5566179,data/raw_live/historical_sources/pbs_archive/au_pbs_archive_cf9885fcc72c328f.pdf,7047538266dc59b27400fa4bacf8a02eafb161b6400312793b2e7017eb56518f,reimbursement_atlas:au_pbs_archive_1965_08_01_cf9885fcc72c,Retrieved into ignored local cache.,pdf,1965-08-01-PBS-Schedule-Medical-Practitioners.pdf,au_pbs_archive_cf9885fcc72c328f,public_reuse_review,pending_human_review,au_pbs,https://www.pbs.gov.au/publication/schedule/1951-2002/1965-08-01-PBS-Schedule-Medical-Practitioners.pdf?variant=3,au_pbs_archive_1965_08_01_cf9885fcc72c,downloaded,data/derived/processes/historical_source_transformation.bpmn
https://www.pbs.gov.au/info/publication/schedule/2011,5340891,data/raw_live/historical_sources/pbs_archive/au_pbs_archive_cfb1657516d7e337.pdf,0b1eed01932ff1ffcc48e59005fa475b80322b6e0c2654739d9b5fc11f8ad821,reimbursement_atlas:au_pbs_archive_2011_08_01_cfb1657516d7,Retrieved into ignored local cache.,pdf,2011-08-01-general-schedule.pdf,au_pbs_archive_cfb1657516d7e337,public_reuse_review,pending_human_review,au_pbs,https://www.pbs.gov.au/publication/schedule/2011/08/2011-08-01-general-schedule.pdf?variant=3,au_pbs_archive_2011_08_01_cfb1657516d7,downloaded,data/derived/processes/historical_source_transformation.bpmn
https://www.pbs.gov.au/info/publication/schedule/2015,304965,data/raw_live/historical_sources/pbs_archive/au_pbs_archive_cfbac0280f0e7d01.pdf,a742fc244f0d22292e7054cb8cc6bedc36fd694f80f584089749c3782beb6670,reimbursement_atlas:au_pbs_archive_2015_07_01_cfbac0280f0e,Existing local cache retained; use --force to replace it.,pdf,2015-07-01-general-schedule-soc.pdf,au_pbs_archive_cfbac0280f0e7d01,public_reuse_review,pending_human_review,au_pbs,https://www.pbs.gov.au/publication/schedule/2015/07/2015-07-01-general-schedule-soc.pdf?variant=3,au_pbs_archive_2015_07_01_cfbac0280f0e,cached,data/derived/processes/historical_source_transformation.bpmn
https://www.pbs.gov.au/info/publication/schedule/historical-archive,18593482,data/raw_live/historical_sources/pbs_archive/au_pbs_archive_cff4babe95c87c18.pdf,aeabf5377ebf02a9bdc3279feed690ffb84311edd17cbd76cfea60f72060bc33,reimbursement_atlas:au_pbs_archive_2000_11_01_cff4babe95c8,Retrieved into ignored local cache.,pdf,2000-11-01-PBS-Schedule.pdf,au_pbs_archive_cff4babe95c87c18,public_reuse_review,pending_human_review,au_pbs,https://www.pbs.gov.au/publication/schedule/1951-2002/2000-11-01-PBS-Schedule.pdf?variant=3,au_pbs_archive_2000_11_01_cff4babe95c8,downloaded,data/derived/processes/historical_source_transformation.bpmn
https://www.pbs.gov.au/info/publication/schedule/2021,12623615,data/raw_live/historical_sources/pbs_archive/au_pbs_archive_d0102271a3bc7be3.pdf,dc37e3ead16c1043a1ea639f71fd84cd738c987152fbdba9deed9b37118686b5,reimbursement_atlas:au_pbs_archive_2021_10_01_d0102271a3bc,Retrieved into ignored local cache.,pdf,2021-10-01-general-schedule-volume-2.pdf,au_pbs_archive_d0102271a3bc7be3,public_reuse_review,pending_human_review,au_pbs,https://www.pbs.gov.au/publication/schedule/2021/10/2021-10-01-general-schedule-volume-2.pdf?variant=3,au_pbs_archive_2021_10_01_d0102271a3bc,downloaded,data/derived/processes/historical_source_transformation.bpmn
https://www.pbs.gov.au/info/publication/schedule/2019,1519106,data/raw_live/historical_sources/pbs_archive/au_pbs_archive_d02d09adc683e2d8.pdf,807d9d49d1150498dd2fa92af37d4b457cebac05e0e140173793c22dbebb8f81,reimbursement_atlas:au_pbs_archive_2019_01_01_d02d09adc683,Existing local cache retained; use --force to replace it.,pdf,2019-01-01-efc-schedule.pdf,au_pbs_archive_d02d09adc683e2d8,public_reuse_review,pending_human_review,au_pbs,https://www.pbs.gov.au/publication/schedule/2019/01/2019-01-01-efc-schedule.pdf?variant=3,au_pbs_archive_2019_01_01_d02d09adc683,cached,data/derived/processes/historical_source_transformation.bpmn
https://www.pbs.gov.au/info/publication/schedule/2012,5546789,data/raw_live/historical_sources/pbs_archive/au_pbs_archive_d0444b2758d1d27a.pdf,26131ec1849a9186c010953c52077d0a21a074963327785e7fc01dec33bda29c,reimbursement_atlas:au_pbs_archive_2012_05_01_d0444b2758d1,Retrieved into ignored local cache.,pdf,2012-05-01-general-schedule.pdf,au_pbs_archive_d0444b2758d1d27a,public_reuse_review,pending_human_review,au_pbs,https://www.pbs.gov.au/publication/schedule/2012/05/2012-05-01-general-schedule.pdf?variant=3,au_pbs_archive_2012_05_01_d0444b2758d1,downloaded,data/derived/processes/historical_source_transformation.bpmn
https://www.pbs.gov.au/info/publication/schedule/2011,8968093,data/raw_live/historical_sources/pbs_archive/au_pbs_archive_d0643fe3d1aba407.pdf,cdc744e14134013fb8069e4775a4cac2878fb7b24b7a25d0ab1f5ff846d6c3c9,reimbursement_atlas:au_pbs_archive_2011_07_01_d0643fe3d1ab,Retrieved into ignored local cache.,pdf,2011-07-01-general-schedule.pdf,au_pbs_archive_d0643fe3d1aba407,public_reuse_review,pending_human_review,au_pbs,https://www.pbs.gov.au/publication/schedule/2011/07/2011-07-01-general-schedule.pdf?variant=3,au_pbs_archive_2011_07_01_d0643fe3d1ab,downloaded,data/derived/processes/historical_source_transformation.bpmn
https://www.pbs.gov.au/info/publication/schedule/2026,12313166,data/raw_live/historical_sources/pbs_archive/au_pbs_archive_d0ba8155cc7a79f7.pdf,ff676b8145f41fad4c0093025dcafb76b654c64a4fa11f21e44220746697de12,reimbursement_atlas:au_pbs_archive_2026_01_01_d0ba8155cc7a,Retrieved into ignored local cache.,pdf,2026-01-01-general-schedule-volume-2.pdf,au_pbs_archive_d0ba8155cc7a79f7,public_reuse_review,pending_human_review,au_pbs,https://www.pbs.gov.au/publication/schedule/2026/01/2026-01-01-general-schedule-volume-2.pdf?variant=3,au_pbs_archive_2026_01_01_d0ba8155cc7a,downloaded,data/derived/processes/historical_source_transformation.bpmn
https://www.pbs.gov.au/info/publication/schedule/2014,6670423,data/raw_live/historical_sources/pbs_archive/au_pbs_archive_d0d59fd31ff5bae7.pdf,588d60e170552c3b5ebd8736e206386fb8c0509c88b05b483033af6e9e1eb088,reimbursement_atlas:au_pbs_archive_2014_09_01_d0d59fd31ff5,Retrieved into ignored local cache.,pdf,2014-09-01-general-schedule.pdf,au_pbs_archive_d0d59fd31ff5bae7,public_reuse_review,pending_human_review,au_pbs,https://www.pbs.gov.au/publication/schedule/2014/09/2014-09-01-general-schedule.pdf?variant=3,au_pbs_archive_2014_09_01_d0d59fd31ff5,downloaded,data/derived/processes/historical_source_transformation.bpmn
https://www.pbs.gov.au/info/publication/schedule/2014,558797,data/raw_live/historical_sources/pbs_archive/au_pbs_archive_d12d113b0903b439.pdf,d4671a1023cb65ea144d69cedad024e4e87b8ce5fe50796024b4b2c1df789447,reimbursement_atlas:au_pbs_archive_2014_02_01_d12d113b0903,Existing local cache retained; use --force to replace it.,pdf,2014-02-01-efc-schedule-soc.pdf,au_pbs_archive_d12d113b0903b439,public_reuse_review,pending_human_review,au_pbs,https://www.pbs.gov.au/publication/schedule/2014/02/2014-02-01-efc-schedule-soc.pdf?variant=3,au_pbs_archive_2014_02_01_d12d113b0903,cached,data/derived/processes/historical_source_transformation.bpmn
https://www.pbs.gov.au/info/publication/schedule/2012,232760,data/raw_live/historical_sources/pbs_archive/au_pbs_archive_d134489f0e05f144.pdf,e1f99fd16f4cc109f5f09c4173bd56854cac147a1336726e763ee7fd782578f4,reimbursement_atlas:au_pbs_archive_2012_08_01_d134489f0e05,Existing local cache retained; use --force to replace it.,pdf,2012-08-01-dental-book-SOC.pdf,au_pbs_archive_d134489f0e05f144,public_reuse_review,pending_human_review,au_pbs,https://www.pbs.gov.au/publication/schedule/2012/08/2012-08-01-dental-book-SOC.pdf?variant=3,au_pbs_archive_2012_08_01_d134489f0e05,cached,data/derived/processes/historical_source_transformation.bpmn
https://www.pbs.gov.au/info/publication/schedule/2022,4995550,data/raw_live/historical_sources/pbs_archive/au_pbs_archive_d1a84ba8f88499b9.pdf,2ec7b970680ca05dc170997bd00ac10935f391d98aae6fcf11cc61203acac733,reimbursement_atlas:au_pbs_archive_2022_12_01_d1a84ba8f884,Retrieved into ignored local cache.,pdf,2022-12-01-general-soc.pdf,au_pbs_archive_d1a84ba8f88499b9,public_reuse_review,pending_human_review,au_pbs,https://www.pbs.gov.au/publication/schedule/2022/12/2022-12-01-general-soc.pdf?variant=3,au_pbs_archive_2022_12_01_d1a84ba8f884,downloaded,data/derived/processes/historical_source_transformation.bpmn
https://www.pbs.gov.au/info/publication/schedule/2023,26400718,data/raw_live/historical_sources/pbs_archive/au_pbs_archive_d1f4cc30128f1749.pdf,0fd52fec955c1d12a7d2885afd22a644c44eee9d2c37ebe83310e49ba8eab7ab,reimbursement_atlas:au_pbs_archive_2023_06_01_d1f4cc30128f,Retrieved into ignored local cache.,pdf,2023-06-01-general-schedule-volume-1.pdf,au_pbs_archive_d1f4cc30128f1749,public_reuse_review,pending_human_review,au_pbs,https://www.pbs.gov.au/publication/schedule/2023/06/2023-06-01-general-schedule-volume-1.pdf?variant=3,au_pbs_archive_2023_06_01_d1f4cc30128f,downloaded,data/derived/processes/historical_source_transformation.bpmn
https://www.pbs.gov.au/info/publication/schedule/2010,769910,data/raw_live/historical_sources/pbs_archive/au_pbs_archive_d22d5cbda95c98bb.pdf,02089568c0097e53f6afb8b427868718589de87d4da33af6c5604df880a364dc,reimbursement_atlas:au_pbs_archive_2010_07_01_d22d5cbda95c,Existing local cache retained; use --force to replace it.,pdf,2010-07-01-dental-book.pdf,au_pbs_archive_d22d5cbda95c98bb,public_reuse_review,pending_human_review,au_pbs,https://www.pbs.gov.au/publication/schedule/2010/2010-07-01-dental-book.pdf?variant=3,au_pbs_archive_2010_07_01_d22d5cbda95c,cached,data/derived/processes/historical_source_transformation.bpmn
https://www.pbs.gov.au/info/publication/schedule/2019,937130,data/raw_live/historical_sources/pbs_archive/au_pbs_archive_d2ae57edab445f55.pdf,3b70a35337e3984b9fc4433219107155d4072c92b460af2a55c6dfc43f385b48,reimbursement_atlas:au_pbs_archive_2019_06_01_d2ae57edab44,Existing local cache retained; use --force to replace it.,pdf,2019-06-01-general-soc.pdf,au_pbs_archive_d2ae57edab445f55,public_reuse_review,pending_human_review,au_pbs,https://www.pbs.gov.au/publication/schedule/2019/06/2019-06-01-general-soc.pdf?variant=3,au_pbs_archive_2019_06_01_d2ae57edab44,cached,data/derived/processes/historical_source_transformation.bpmn
https://www.pbs.gov.au/info/publication/schedule/2017,877100,data/raw_live/historical_sources/pbs_archive/au_pbs_archive_d2bda38de8574ca1.pdf,5b35805c3e71a02b3c5dff6e118c2cb7fe4786db39ee37df8462974d5e32bd81,reimbursement_atlas:au_pbs_archive_2017_12_01_d2bda38de857,Existing local cache retained; use --force to replace it.,pdf,2017-12-01-errata.pdf,au_pbs_archive_d2bda38de8574ca1,public_reuse_review,pending_human_review,au_pbs,https://www.pbs.gov.au/publication/schedule/2017/12/2017-12-01-errata.pdf?variant=3,au_pbs_archive_2017_12_01_d2bda38de857,cached,data/derived/processes/historical_source_transformation.bpmn
https://www.pbs.gov.au/info/publication/schedule/historical-archive,13774831,data/raw_live/historical_sources/pbs_archive/au_pbs_archive_d2cea428088d05cf.pdf,1d399ba9f1a2d11e7d79aff22c20b62f9e05b162d202289b768b51d98a03f58f,reimbursement_atlas:au_pbs_archive_1979_12_01_d2cea428088d,Existing local cache retained; use --force to replace it.,pdf,1979-12-01-consolidated-schedules.pdf,au_pbs_archive_d2cea428088d05cf,public_reuse_review,pending_human_review,au_pbs,https://www.pbs.gov.au/publication/schedule/1951-2002/1979-12-01-consolidated-schedules.pdf?variant=3,au_pbs_archive_1979_12_01_d2cea428088d,cached,data/derived/processes/historical_source_transformation.bpmn
https://www.pbs.gov.au/info/publication/schedule/2023,20105613,data/raw_live/historical_sources/pbs_archive/au_pbs_archive_d2ef690c2f1a66b7.pdf,e3f8bb789c4f16abd02b8b6de2246f80ed42a1c468048c158dea9848785233cc,reimbursement_atlas:au_pbs_archive_2023_09_01_d2ef690c2f1a,Existing local cache retained; use --force to replace it.,pdf,2023-09-01-general-schedule-volume-1.pdf,au_pbs_archive_d2ef690c2f1a66b7,public_reuse_review,pending_human_review,au_pbs,https://www.pbs.gov.au/publication/schedule/2023/09/2023-09-01-general-schedule-volume-1.pdf?variant=3,au_pbs_archive_2023_09_01_d2ef690c2f1a,cached,data/derived/processes/historical_source_transformation.bpmn
https://www.pbs.gov.au/info/publication/schedule/2007,6907461,data/raw_live/historical_sources/pbs_archive/au_pbs_archive_d31ab1b6b90b754d.pdf,40832851aae3dc3d3a0eac7b80b7f242c4fd7fc4c8902863b2a9d274ae50c0e9,reimbursement_atlas:au_pbs_archive_2007_12_01_d31ab1b6b90b,Existing local cache retained; use --force to replace it.,pdf,2007-12-01-general-schedule.pdf,au_pbs_archive_d31ab1b6b90b754d,public_reuse_review,pending_human_review,au_pbs,https://www.pbs.gov.au/publication/schedule/2007/2007-12-01-general-schedule.pdf?variant=3,au_pbs_archive_2007_12_01_d31ab1b6b90b,cached,data/derived/processes/historical_source_transformation.bpmn
https://www.pbs.gov.au/info/publication/schedule/2025,2968364,data/raw_live/historical_sources/pbs_archive/au_pbs_archive_d3424181bb70197f.pdf,b97b8b0311b2f272c689dcf91f904c2ecbe35cf845e380bfe8028e251df06514,reimbursement_atlas:au_pbs_archive_2025_03_01_d3424181bb70,Existing local cache retained; use --force to replace it.,pdf,2025-03-01-efc-schedule.pdf,au_pbs_archive_d3424181bb70197f,public_reuse_review,pending_human_review,au_pbs,https://www.pbs.gov.au/publication/schedule/2025/03/2025-03-01-efc-schedule.pdf?variant=3,au_pbs_archive_2025_03_01_d3424181bb70,cached,data/derived/processes/historical_source_transformation.bpmn
https://www.pbs.gov.au/info/publication/schedule/historical-archive,15316530,data/raw_live/historical_sources/pbs_archive/au_pbs_archive_d3961c1474b21ba4.pdf,ded60545c6079c144e55c9f5505a7ae87610178226c35994bfca5972a93938fa,reimbursement_atlas:au_pbs_archive_1989_12_01_d3961c1474b2,Existing local cache retained; use --force to replace it.,pdf,1989-12-01-consolidated-schedules.pdf,au_pbs_archive_d3961c1474b21ba4,public_reuse_review,pending_human_review,au_pbs,https://www.pbs.gov.au/publication/schedule/1951-2002/1989-12-01-consolidated-schedules.pdf?variant=3,au_pbs_archive_1989_12_01_d3961c1474b2,cached,data/derived/processes/historical_source_transformation.bpmn
https://www.pbs.gov.au/info/publication/schedule/2024,2769033,data/raw_live/historical_sources/pbs_archive/au_pbs_archive_d3a40e8f28a9c947.pdf,03658490de41abcfcc5740dd9058c1c8db6379b17ef33ede2125a1bb7fafab82,reimbursement_atlas:au_pbs_archive_2024_01_01_d3a40e8f28a9,Existing local cache retained; use --force to replace it.,pdf,2024-01-01-efc-schedule.pdf,au_pbs_archive_d3a40e8f28a9c947,public_reuse_review,pending_human_review,au_pbs,https://www.pbs.gov.au/publication/schedule/2024/01/2024-01-01-efc-schedule.pdf?variant=3,au_pbs_archive_2024_01_01_d3a40e8f28a9,cached,data/derived/processes/historical_source_transformation.bpmn
https://www.pbs.gov.au/info/publication/schedule/2010,75263,data/raw_live/historical_sources/pbs_archive/au_pbs_archive_d3e11a9d076adc82.pdf,9a3f41ee0f773a6aa386d4927290a6a70749b17038a9909bb00e5fab1e52a3c7,reimbursement_atlas:au_pbs_archive_2010_02_01_d3e11a9d076a,Existing local cache retained; use --force to replace it.,pdf,2010-02-01-general-schedule-soc.pdf,au_pbs_archive_d3e11a9d076adc82,public_reuse_review,pending_human_review,au_pbs,https://www.pbs.gov.au/publication/schedule/2010/2010-02-01-general-schedule-soc.pdf?variant=3,au_pbs_archive_2010_02_01_d3e11a9d076a,cached,data/derived/processes/historical_source_transformation.bpmn
https://www.pbs.gov.au/info/publication/schedule/2011,7200,data/raw_live/historical_sources/pbs_archive/au_pbs_archive_d488f255256d3162.pdf,5304268fe8431de62161913caecf9fcc0d0836bff1af44744e5688df48563c46,reimbursement_atlas:au_pbs_archive_2011_02_01_d488f255256d,Existing local cache retained; use --force to replace it.,pdf,2011-02-01-addendum.pdf,au_pbs_archive_d488f255256d3162,public_reuse_review,pending_human_review,au_pbs,https://www.pbs.gov.au/publication/schedule/2011/02/2011-02-01-addendum.pdf?variant=3,au_pbs_archive_2011_02_01_d488f255256d,cached,data/derived/processes/historical_source_transformation.bpmn
https://www.pbs.gov.au/info/publication/schedule/2022,1468131,data/raw_live/historical_sources/pbs_archive/au_pbs_archive_d48aa79e17a903fb.pdf,79540ddec8a2e00bc53c8e0dff2bc2eb9a0f480cd419ac542c37a13e9835ad65,reimbursement_atlas:au_pbs_archive_2022_10_01_d48aa79e17a9,Existing local cache retained; use --force to replace it.,pdf,2022-10-01-general-soc.pdf,au_pbs_archive_d48aa79e17a903fb,public_reuse_review,pending_human_review,au_pbs,https://www.pbs.gov.au/publication/schedule/2022/10/2022-10-01-general-soc.pdf?variant=3,au_pbs_archive_2022_10_01_d48aa79e17a9,cached,data/derived/processes/historical_source_transformation.bpmn
https://www.pbs.gov.au/info/publication/schedule/2022,740070,data/raw_live/historical_sources/pbs_archive/au_pbs_archive_d4bb054a7a0cc2d8.pdf,b14fb36acbed088accacd3b0b9ffe70e4395d326b1422c58c20b7268cbfac506,reimbursement_atlas:au_pbs_archive_2022_06_01_d4bb054a7a0c,Existing local cache retained; use --force to replace it.,pdf,2022-06-01-general-soc.pdf,au_pbs_archive_d4bb054a7a0cc2d8,public_reuse_review,pending_human_review,au_pbs,https://www.pbs.gov.au/publication/schedule/2022/06/2022-06-01-general-soc.pdf?variant=3,au_pbs_archive_2022_06_01_d4bb054a7a0c,cached,data/derived/processes/historical_source_transformation.bpmn
https://www.pbs.gov.au/info/publication/schedule/2007,141270,data/raw_live/historical_sources/pbs_archive/au_pbs_archive_d4de6681c5d2e58e.pdf,64c8839538c9115b8763162044b6a88131814744bca8f8275002a88f69ada971,reimbursement_atlas:au_pbs_archive_2007_08_01_d4de6681c5d2,Existing local cache retained; use --force to replace it.,pdf,2007-08-01-general-schedule-soc.pdf,au_pbs_archive_d4de6681c5d2e58e,public_reuse_review,pending_human_review,au_pbs,https://www.pbs.gov.au/publication/schedule/2007/2007-08-01-general-schedule-soc.pdf?variant=3,au_pbs_archive_2007_08_01_d4de6681c5d2,cached,data/derived/processes/historical_source_transformation.bpmn
https://www.pbs.gov.au/info/publication/schedule/2016,2709389,data/raw_live/historical_sources/pbs_archive/au_pbs_archive_d52e805d91db5ec5.pdf,07de620129f883fdc2cba69084c4b157a5073392991928337473086d736a0f77,reimbursement_atlas:au_pbs_archive_2016_05_01_d52e805d91db,Existing local cache retained; use --force to replace it.,pdf,2016-05-01-general-schedule-soc.pdf,au_pbs_archive_d52e805d91db5ec5,public_reuse_review,pending_human_review,au_pbs,https://www.pbs.gov.au/publication/schedule/2016/05/2016-05-01-general-schedule-soc.pdf?variant=3,au_pbs_archive_2016_05_01_d52e805d91db,cached,data/derived/processes/historical_source_transformation.bpmn
https://www.pbs.gov.au/info/publication/schedule/2011,52103,data/raw_live/historical_sources/pbs_archive/au_pbs_archive_d5a2746a0c7df491.pdf,333c1b02535358c33a6f5eac78f76e6abb31cf6cbff904c15f9397c806ad6206,reimbursement_atlas:au_pbs_archive_2011_04_01_d5a2746a0c7d,Existing local cache retained; use --force to replace it.,pdf,2011-04-01-erratum.pdf,au_pbs_archive_d5a2746a0c7df491,public_reuse_review,pending_human_review,au_pbs,https://www.pbs.gov.au/publication/schedule/2011/04/2011-04-01-erratum.pdf?variant=3,au_pbs_archive_2011_04_01_d5a2746a0c7d,cached,data/derived/processes/historical_source_transformation.bpmn
https://www.pbs.gov.au/info/publication/schedule/2022,2797801,data/raw_live/historical_sources/pbs_archive/au_pbs_archive_d610a0fae9f95ec3.pdf,b1e680541dce4171093d85680c8af08f6a916d2e9fe9a143006562ed990e863d,reimbursement_atlas:au_pbs_archive_2022_09_01_d610a0fae9f9,Existing local cache retained; use --force to replace it.,pdf,2022-09-01-general-soc.pdf,au_pbs_archive_d610a0fae9f95ec3,public_reuse_review,pending_human_review,au_pbs,https://www.pbs.gov.au/publication/schedule/2022/09/2022-09-01-general-soc.pdf?variant=3,au_pbs_archive_2022_09_01_d610a0fae9f9,cached,data/derived/processes/historical_source_transformation.bpmn
https://www.pbs.gov.au/info/publication/schedule/2011,967947,data/raw_live/historical_sources/pbs_archive/au_pbs_archive_d66d1552b2315cc6.pdf,036be06629e7fc1947fe3af5e5cc6670adc15d64635fd288a19a7150a9cf77eb,reimbursement_atlas:au_pbs_archive_2011_06_01_d66d1552b231,Existing local cache retained; use --force to replace it.,pdf,2011-06-01-dental-book.pdf,au_pbs_archive_d66d1552b2315cc6,public_reuse_review,pending_human_review,au_pbs,https://www.pbs.gov.au/publication/schedule/2011/06/2011-06-01-dental-book.pdf?variant=3,au_pbs_archive_2011_06_01_d66d1552b231,cached,data/derived/processes/historical_source_transformation.bpmn
https://www.pbs.gov.au/info/publication/schedule/2012,3048140,data/raw_live/historical_sources/pbs_archive/au_pbs_archive_d6964c0d21332af6.pdf,b9e0afbe177e10192cbf952b3065f3f08e4565aed5b9596b9be1788624caaae4,reimbursement_atlas:au_pbs_archive_2012_04_01_d6964c0d2133,Existing local cache retained; use --force to replace it.,pdf,2012-04-01-dental-book.pdf,au_pbs_archive_d6964c0d21332af6,public_reuse_review,pending_human_review,au_pbs,https://www.pbs.gov.au/publication/schedule/2012/04/2012-04-01-dental-book.pdf?variant=3,au_pbs_archive_2012_04_01_d6964c0d2133,cached,data/derived/processes/historical_source_transformation.bpmn
https://www.pbs.gov.au/info/publication/schedule/2018,1316602,data/raw_live/historical_sources/pbs_archive/au_pbs_archive_d6986127fd6bf1df.pdf,4cfc57865f5f9c6981f5ecae8983b591fd56edb4a3eceae30b87037700d2150a,reimbursement_atlas:au_pbs_archive_2018_03_01_d6986127fd6b,Existing local cache retained; use --force to replace it.,pdf,2018-03-01-efc-schedule.pdf,au_pbs_archive_d6986127fd6bf1df,public_reuse_review,pending_human_review,au_pbs,https://www.pbs.gov.au/publication/schedule/2018/03/2018-03-01-efc-schedule.pdf?variant=3,au_pbs_archive_2018_03_01_d6986127fd6b,cached,data/derived/processes/historical_source_transformation.bpmn
https://www.pbs.gov.au/info/publication/schedule/2013,1345289,data/raw_live/historical_sources/pbs_archive/au_pbs_archive_d6b665f10ce6e5eb.pdf,5fc1760580a02390afb774efb5ef8de6f9928caff8bcb826147dc7a504109dfe,reimbursement_atlas:au_pbs_archive_2013_12_01_d6b665f10ce6,Existing local cache retained; use --force to replace it.,pdf,2013-12-01-general-schedule-soc.pdf,au_pbs_archive_d6b665f10ce6e5eb,public_reuse_review,pending_human_review,au_pbs,https://www.pbs.gov.au/publication/schedule/2013/12/2013-12-01-general-schedule-soc.pdf?variant=3,au_pbs_archive_2013_12_01_d6b665f10ce6,cached,data/derived/processes/historical_source_transformation.bpmn
https://www.pbs.gov.au/info/publication/schedule/2010,73626,data/raw_live/historical_sources/pbs_archive/au_pbs_archive_d6f0dca0c785d77a.pdf,819430b53e3c39c3b2b1be07833562e680d9a28761347797dbabfa6d67b08852,reimbursement_atlas:au_pbs_archive_2010_05_01_d6f0dca0c785,Existing local cache retained; use --force to replace it.,pdf,2010-05-01-dental-book-SOC.pdf,au_pbs_archive_d6f0dca0c785d77a,public_reuse_review,pending_human_review,au_pbs,https://www.pbs.gov.au/publication/schedule/2010/2010-05-01-dental-book-SOC.pdf?variant=3,au_pbs_archive_2010_05_01_d6f0dca0c785,cached,data/derived/processes/historical_source_transformation.bpmn
https://www.pbs.gov.au/info/publication/schedule/2024,2027210,data/raw_live/historical_sources/pbs_archive/au_pbs_archive_d788a9f8d6a134dc.pdf,a8649458f94cd64d16883bf9a304c07fac5d2c2cadbef5d0156ca77972290e2f,reimbursement_atlas:au_pbs_archive_2024_07_01_d788a9f8d6a1,Existing local cache retained; use --force to replace it.,pdf,2024-07-01-general-soc.pdf,au_pbs_archive_d788a9f8d6a134dc,public_reuse_review,pending_human_review,au_pbs,https://www.pbs.gov.au/publication/schedule/2024/07/2024-07-01-general-soc.pdf?variant=3,au_pbs_archive_2024_07_01_d788a9f8d6a1,cached,data/derived/processes/historical_source_transformation.bpmn
https://www.pbs.gov.au/info/publication/schedule/2017,958913,data/raw_live/historical_sources/pbs_archive/au_pbs_archive_d790b2fd3b744123.pdf,c03c1e528f7e679d7cd09bd42226d7d6d5e996f5711508b42611b5203d515ae8,reimbursement_atlas:au_pbs_archive_2017_07_01_d790b2fd3b74,Existing local cache retained; use --force to replace it.,pdf,2017-07-01-general-soc.pdf,au_pbs_archive_d790b2fd3b744123,public_reuse_review,pending_human_review,au_pbs,https://www.pbs.gov.au/publication/schedule/2017/07/2017-07-01-general-soc.pdf?variant=3,au_pbs_archive_2017_07_01_d790b2fd3b74,cached,data/derived/processes/historical_source_transformation.bpmn
https://www.pbs.gov.au/info/publication/schedule/2018,56461680,data/raw_live/historical_sources/pbs_archive/au_pbs_archive_d7de8e832d0faadd.pdf,13545ca521b9a19e86c1d5cfcadc4ffb98e978002c4dac83c6f99a325d2fdaf0,reimbursement_atlas:au_pbs_archive_2018_01_01_d7de8e832d0f,Retrieved into ignored local cache.,pdf,2018-01-01-general-schedule.pdf,au_pbs_archive_d7de8e832d0faadd,public_reuse_review,pending_human_review,au_pbs,https://www.pbs.gov.au/publication/schedule/2018/01/2018-01-01-general-schedule.pdf?variant=3,au_pbs_archive_2018_01_01_d7de8e832d0f,downloaded,data/derived/processes/historical_source_transformation.bpmn
https://www.pbs.gov.au/info/publication/schedule/2007,472725,data/raw_live/historical_sources/pbs_archive/au_pbs_archive_d8ac7c8eaf4d3308.pdf,2e7f2f81f8aac99ededc26b9ad71a93749b5b1570b0aa8300618986046819d87,reimbursement_atlas:au_pbs_archive_2007_07_01_d8ac7c8eaf4d,Existing local cache retained; use --force to replace it.,pdf,2007-07-01-general-schedule-soc.pdf,au_pbs_archive_d8ac7c8eaf4d3308,public_reuse_review,pending_human_review,au_pbs,https://www.pbs.gov.au/publication/schedule/2007/2007-07-01-general-schedule-soc.pdf?variant=3,au_pbs_archive_2007_07_01_d8ac7c8eaf4d,cached,data/derived/processes/historical_source_transformation.bpmn
https://www.pbs.gov.au/info/publication/schedule/2014,622251,data/raw_live/historical_sources/pbs_archive/au_pbs_archive_d8d4eb3b5a9514a3.pdf,9df6d829825e470b040428261c368a9d779fd90dc83dec4b7a7329130fc89e36,reimbursement_atlas:au_pbs_archive_2014_12_01_d8d4eb3b5a95,Existing local cache retained; use --force to replace it.,pdf,2014-12-01-errata.pdf,au_pbs_archive_d8d4eb3b5a9514a3,public_reuse_review,pending_human_review,au_pbs,https://www.pbs.gov.au/publication/schedule/2014/12/2014-12-01-errata.pdf?variant=3,au_pbs_archive_2014_12_01_d8d4eb3b5a95,cached,data/derived/processes/historical_source_transformation.bpmn
https://www.pbs.gov.au/info/publication/schedule/2020,11506189,data/raw_live/historical_sources/pbs_archive/au_pbs_archive_d8e9b847b26b95ea.pdf,2196f94b4b64e016c18abf815347a1ec5862ff48556611efdfa878d3ed0cf7a8,reimbursement_atlas:au_pbs_archive_2020_11_01_d8e9b847b26b,Existing local cache retained; use --force to replace it.,pdf,2020-11-01-general-schedule-volume-2.pdf,au_pbs_archive_d8e9b847b26b95ea,public_reuse_review,pending_human_review,au_pbs,https://www.pbs.gov.au/publication/schedule/2020/11/2020-11-01-general-schedule-volume-2.pdf?variant=3,au_pbs_archive_2020_11_01_d8e9b847b26b,cached,data/derived/processes/historical_source_transformation.bpmn
https://www.pbs.gov.au/info/publication/schedule/2008,504373,data/raw_live/historical_sources/pbs_archive/au_pbs_archive_d9152e3298a33d7b.pdf,2f3f2b551de2a72dec2555ef615c1fb9addf878110d74fff9fe60e904d3f0198,reimbursement_atlas:au_pbs_archive_2008_12_01_d9152e3298a3,Existing local cache retained; use --force to replace it.,pdf,2008-12-01-dental-book.pdf,au_pbs_archive_d9152e3298a33d7b,public_reuse_review,pending_human_review,au_pbs,https://www.pbs.gov.au/publication/schedule/2008/2008-12-01-dental-book.pdf?variant=3,au_pbs_archive_2008_12_01_d9152e3298a3,cached,data/derived/processes/historical_source_transformation.bpmn
https://www.pbs.gov.au/info/publication/schedule/2021,486831,data/raw_live/historical_sources/pbs_archive/au_pbs_archive_d9b5f4f6f3966884.pdf,2a8ca78a6f7394becddc19bdacd22fb7a000814c5953b1deaf409e449a4b6aee,reimbursement_atlas:au_pbs_archive_2021_04_01_d9b5f4f6f396,Existing local cache retained; use --force to replace it.,pdf,2021-04-01-general-soc.pdf,au_pbs_archive_d9b5f4f6f3966884,public_reuse_review,pending_human_review,au_pbs,https://www.pbs.gov.au/publication/schedule/2021/04/2021-04-01-general-soc.pdf?variant=3,au_pbs_archive_2021_04_01_d9b5f4f6f396,cached,data/derived/processes/historical_source_transformation.bpmn
https://www.pbs.gov.au/info/publication/schedule/2014,340104,data/raw_live/historical_sources/pbs_archive/au_pbs_archive_d9c707e3c7110289.pdf,0ec1c95753e404175d13dc3795c61f3fff28b40acc9efe625afa787b166d071c,reimbursement_atlas:au_pbs_archive_2014_05_01_d9c707e3c711,Existing local cache retained; use --force to replace it.,pdf,2014-05-01-errata.pdf,au_pbs_archive_d9c707e3c7110289,public_reuse_review,pending_human_review,au_pbs,https://www.pbs.gov.au/publication/schedule/2014/05/2014-05-01-errata.pdf?variant=3,au_pbs_archive_2014_05_01_d9c707e3c711,cached,data/derived/processes/historical_source_transformation.bpmn
https://www.pbs.gov.au/info/publication/schedule/2011,5331711,data/raw_live/historical_sources/pbs_archive/au_pbs_archive_da33099bfb183852.pdf,2d3e52553da6913e22f01f790726eb55d354e0f622d12b969288057a44ee8a9a,reimbursement_atlas:au_pbs_archive_2011_10_01_da33099bfb18,Existing local cache retained; use --force to replace it.,pdf,2011-10-01-chemotherapy-booklet.pdf,au_pbs_archive_da33099bfb183852,public_reuse_review,pending_human_review,au_pbs,https://www.pbs.gov.au/publication/schedule/2011/10/2011-10-01-chemotherapy-booklet.pdf?variant=3,au_pbs_archive_2011_10_01_da33099bfb18,cached,data/derived/processes/historical_source_transformation.bpmn
https://www.pbs.gov.au/info/publication/schedule/2013,182110,data/raw_live/historical_sources/pbs_archive/au_pbs_archive_da3ec30983067748.pdf,d8cea11fb24d76644ef3f744550b3bc4c29c35e802f29de6f5af9f122a11511c,reimbursement_atlas:au_pbs_archive_2013_06_01_da3ec3098306,Existing local cache retained; use --force to replace it.,pdf,2013-06-01-efc-schedule-soc.pdf,au_pbs_archive_da3ec30983067748,public_reuse_review,pending_human_review,au_pbs,https://www.pbs.gov.au/publication/schedule/2013/06/2013-06-01-efc-schedule-soc.pdf?variant=3,au_pbs_archive_2013_06_01_da3ec3098306,cached,data/derived/processes/historical_source_transformation.bpmn
https://www.pbs.gov.au/info/publication/schedule/2012,5505177,data/raw_live/historical_sources/pbs_archive/au_pbs_archive_da8c94df49600618.pdf,c9acaacda76772193c0bd74d211730d297220c7c3212a1dc12332ef70d93d828,reimbursement_atlas:au_pbs_archive_2012_01_01_da8c94df4960,Existing local cache retained; use --force to replace it.,pdf,2012-01-01-general-schedule.pdf,au_pbs_archive_da8c94df49600618,public_reuse_review,pending_human_review,au_pbs,https://www.pbs.gov.au/publication/schedule/2012/01/2012-01-01-general-schedule.pdf?variant=3,au_pbs_archive_2012_01_01_da8c94df4960,cached,data/derived/processes/historical_source_transformation.bpmn
https://www.pbs.gov.au/info/publication/schedule/2007,226256,data/raw_live/historical_sources/pbs_archive/au_pbs_archive_dab14645f6582dd5.pdf,afc59110a5f3ec1bc498740607b744d8f314050e5345b956857ff2a93236881f,reimbursement_atlas:au_pbs_archive_2007_10_01_dab14645f658,Existing local cache retained; use --force to replace it.,pdf,2007-10-01-general-schedule-soc.pdf,au_pbs_archive_dab14645f6582dd5,public_reuse_review,pending_human_review,au_pbs,https://www.pbs.gov.au/publication/schedule/2007/2007-10-01-general-schedule-soc.pdf?variant=3,au_pbs_archive_2007_10_01_dab14645f658,cached,data/derived/processes/historical_source_transformation.bpmn
https://www.pbs.gov.au/info/publication/schedule/2016,1224773,data/raw_live/historical_sources/pbs_archive/au_pbs_archive_db588dfe6b7bae62.pdf,1db8e8a3b22cc3da637a2ec21a3313552136f9b32133a5e1bf2dd52a720b74a7,reimbursement_atlas:au_pbs_archive_2016_11_01_db588dfe6b7b,Existing local cache retained; use --force to replace it.,pdf,2016-11-01-efc-schedule.pdf,au_pbs_archive_db588dfe6b7bae62,public_reuse_review,pending_human_review,au_pbs,https://www.pbs.gov.au/publication/schedule/2016/11/2016-11-01-efc-schedule.pdf?variant=3,au_pbs_archive_2016_11_01_db588dfe6b7b,cached,data/derived/processes/historical_source_transformation.bpmn
https://www.pbs.gov.au/info/publication/schedule/2018,1360715,data/raw_live/historical_sources/pbs_archive/au_pbs_archive_db6290bea730859a.pdf,8961bc97f80387a7a1fff9b666d43a734fb9aec422449939cdbbe6451d7f5f4d,reimbursement_atlas:au_pbs_archive_2018_07_01_db6290bea730,Existing local cache retained; use --force to replace it.,pdf,2018-07-01-efc-schedule.pdf,au_pbs_archive_db6290bea730859a,public_reuse_review,pending_human_review,au_pbs,https://www.pbs.gov.au/publication/schedule/2018/07/2018-07-01-efc-schedule.pdf?variant=3,au_pbs_archive_2018_07_01_db6290bea730,cached,data/derived/processes/historical_source_transformation.bpmn
https://www.pbs.gov.au/info/publication/schedule/2021,2315111,data/raw_live/historical_sources/pbs_archive/au_pbs_archive_db67b544b0744cd5.pdf,66ee92cabea6c3f78a2a778c2229d39b308297d95b73171d8c585e8bdd2c8df9,reimbursement_atlas:au_pbs_archive_2021_10_01_db67b544b074,Existing local cache retained; use --force to replace it.,pdf,2021-10-01-efc-schedule.pdf,au_pbs_archive_db67b544b0744cd5,public_reuse_review,pending_human_review,au_pbs,https://www.pbs.gov.au/publication/schedule/2021/10/2021-10-01-efc-schedule.pdf?variant=3,au_pbs_archive_2021_10_01_db67b544b074,cached,data/derived/processes/historical_source_transformation.bpmn
https://www.pbs.gov.au/info/publication/schedule/2019,117852,data/raw_live/historical_sources/pbs_archive/au_pbs_archive_dba511f18cd7cde4.pdf,a32b53b4ae0caf7dad9bc1a459040bf1957c8e1ef587b80c65f6c98ffff49ad8,reimbursement_atlas:au_pbs_archive_2019_01_01_dba511f18cd7,Existing local cache retained; use --force to replace it.,pdf,2019-01-01-errata.pdf,au_pbs_archive_dba511f18cd7cde4,public_reuse_review,pending_human_review,au_pbs,https://www.pbs.gov.au/publication/schedule/2019/01/2019-01-01-errata.pdf?variant=3,au_pbs_archive_2019_01_01_dba511f18cd7,cached,data/derived/processes/historical_source_transformation.bpmn
https://www.pbs.gov.au/info/publication/schedule/2012,106560,data/raw_live/historical_sources/pbs_archive/au_pbs_archive_dbe6e801d54e1464.pdf,186d45309c8a55869edc031aae31243ea48dd25d4a035c226123881dc8861b23,reimbursement_atlas:au_pbs_archive_2012_01_01_dbe6e801d54e,Existing local cache retained; use --force to replace it.,pdf,2012-01-01-general-schedule-erratum.pdf,au_pbs_archive_dbe6e801d54e1464,public_reuse_review,pending_human_review,au_pbs,https://www.pbs.gov.au/publication/schedule/2012/01/2012-01-01-general-schedule-erratum.pdf?variant=3,au_pbs_archive_2012_01_01_dbe6e801d54e,cached,data/derived/processes/historical_source_transformation.bpmn
https://www.pbs.gov.au/info/publication/schedule/2013,423312,data/raw_live/historical_sources/pbs_archive/au_pbs_archive_dc74d504d22e745c.pdf,733f6a63d2179f9a199cab520c8bd42451e99ef731b08518516fb4fb7516189a,reimbursement_atlas:au_pbs_archive_2013_12_01_dc74d504d22e,Existing local cache retained; use --force to replace it.,pdf,2013-12-01-efc-schedule-soc.pdf,au_pbs_archive_dc74d504d22e745c,public_reuse_review,pending_human_review,au_pbs,https://www.pbs.gov.au/publication/schedule/2013/12/2013-12-01-efc-schedule-soc.pdf?variant=3,au_pbs_archive_2013_12_01_dc74d504d22e,cached,data/derived/processes/historical_source_transformation.bpmn
https://www.pbs.gov.au/info/publication/schedule/2013,1025119,data/raw_live/historical_sources/pbs_archive/au_pbs_archive_dc89b088f0ca4b4e.pdf,db5a572b3e8ccff655245088c4090e9284926ce28c9e59168b1b0cf703d01720,reimbursement_atlas:au_pbs_archive_2013_04_01_dc89b088f0ca,Existing local cache retained; use --force to replace it.,pdf,2013-04-01-general-schedule-soc.pdf,au_pbs_archive_dc89b088f0ca4b4e,public_reuse_review,pending_human_review,au_pbs,https://www.pbs.gov.au/publication/schedule/2013/04/2013-04-01-general-schedule-soc.pdf?variant=3,au_pbs_archive_2013_04_01_dc89b088f0ca,cached,data/derived/processes/historical_source_transformation.bpmn
https://www.pbs.gov.au/info/publication/schedule/2012,3347216,data/raw_live/historical_sources/pbs_archive/au_pbs_archive_dcdab5a4012118c6.pdf,517a88665cf34c2b352c9f3857defe83ced5bf20f7ec076913e8aee87c9690ae,reimbursement_atlas:au_pbs_archive_2012_05_01_dcdab5a40121,Existing local cache retained; use --force to replace it.,pdf,2012-05-01-efc-schedule.pdf,au_pbs_archive_dcdab5a4012118c6,public_reuse_review,pending_human_review,au_pbs,https://www.pbs.gov.au/publication/schedule/2012/05/2012-05-01-efc-schedule.pdf?variant=3,au_pbs_archive_2012_05_01_dcdab5a40121,cached,data/derived/processes/historical_source_transformation.bpmn
https://www.pbs.gov.au/info/publication/schedule/2015,63717,data/raw_live/historical_sources/pbs_archive/au_pbs_archive_dcdbd3a26c5513c6.pdf,4d87ac00a38c0541ec9486ed64f75bcee61fbea91d8fcf29fe926abe813645d7,reimbursement_atlas:au_pbs_archive_2015_09_01_dcdbd3a26c55,Existing local cache retained; use --force to replace it.,pdf,2015-09-01-efc-errata.pdf,au_pbs_archive_dcdbd3a26c5513c6,public_reuse_review,pending_human_review,au_pbs,https://www.pbs.gov.au/publication/schedule/2015/09/2015-09-01-efc-errata.pdf?variant=3,au_pbs_archive_2015_09_01_dcdbd3a26c55,cached,data/derived/processes/historical_source_transformation.bpmn
https://www.pbs.gov.au/info/publication/schedule/2011,2423574,data/raw_live/historical_sources/pbs_archive/au_pbs_archive_dd7e4f57237a1f7e.pdf,55ea9276a76614a1afbe6d38321bae0816c18cccc596da6b5cb9be23958760ef,reimbursement_atlas:au_pbs_archive_2011_07_01_dd7e4f57237a,Existing local cache retained; use --force to replace it.,pdf,2011-07-01-dental-book.pdf,au_pbs_archive_dd7e4f57237a1f7e,public_reuse_review,pending_human_review,au_pbs,https://www.pbs.gov.au/publication/schedule/2011/07/2011-07-01-dental-book.pdf?variant=3,au_pbs_archive_2011_07_01_dd7e4f57237a,cached,data/derived/processes/historical_source_transformation.bpmn
https://www.pbs.gov.au/info/publication/schedule/2009,3968204,data/raw_live/historical_sources/pbs_archive/au_pbs_archive_dd9465f5c8161604.pdf,9c017de811b2f61cf41ab668ad36d83f523ed6c62de824bcfae6a3319dae7d4a,reimbursement_atlas:au_pbs_archive_2009_04_01_dd9465f5c816,Existing local cache retained; use --force to replace it.,pdf,2009-04-01-general-schedule.pdf,au_pbs_archive_dd9465f5c8161604,public_reuse_review,pending_human_review,au_pbs,https://www.pbs.gov.au/publication/schedule/2009/2009-04-01-general-schedule.pdf?variant=3,au_pbs_archive_2009_04_01_dd9465f5c816,cached,data/derived/processes/historical_source_transformation.bpmn
https://www.pbs.gov.au/info/publication/schedule/historical-archive,12252852,data/raw_live/historical_sources/pbs_archive/au_pbs_archive_dda73c7aeeeec826.pdf,17fb6d7680ef60d27f2079eebc07a59356aec635aaf68ef3b58d37ad666a8cc7,reimbursement_atlas:au_pbs_archive_1983_12_01_dda73c7aeeee,Existing local cache retained; use --force to replace it.,pdf,1983-12-01-consolidated-schedules.pdf,au_pbs_archive_dda73c7aeeeec826,public_reuse_review,pending_human_review,au_pbs,https://www.pbs.gov.au/publication/schedule/1951-2002/1983-12-01-consolidated-schedules.pdf?variant=3,au_pbs_archive_1983_12_01_dda73c7aeeee,cached,data/derived/processes/historical_source_transformation.bpmn
https://www.pbs.gov.au/info/publication/schedule/2023,12943421,data/raw_live/historical_sources/pbs_archive/au_pbs_archive_ddc602e635244f70.pdf,ef0f40cb7b9cc55a17fec2090eeb7d2118bf8e9ae775c0e6d97136c7a8c3ce27,reimbursement_atlas:au_pbs_archive_2023_01_01_ddc602e63524,Existing local cache retained; use --force to replace it.,pdf,2023-01-01-general-schedule-volume-2.pdf,au_pbs_archive_ddc602e635244f70,public_reuse_review,pending_human_review,au_pbs,https://www.pbs.gov.au/publication/schedule/2023/01/2023-01-01-general-schedule-volume-2.pdf?variant=3,au_pbs_archive_2023_01_01_ddc602e63524,cached,data/derived/processes/historical_source_transformation.bpmn
https://www.pbs.gov.au/info/publication/schedule/2021,12606481,data/raw_live/historical_sources/pbs_archive/au_pbs_archive_ddfea1a0d3035c65.pdf,515107b215f15beaa1bf3e5e3f5e9a42e7731e37f07690bf2406a285de57a13d,reimbursement_atlas:au_pbs_archive_2021_09_01_ddfea1a0d303,Existing local cache retained; use --force to replace it.,pdf,2021-09-01-general-schedule-volume-2.pdf,au_pbs_archive_ddfea1a0d3035c65,public_reuse_review,pending_human_review,au_pbs,https://www.pbs.gov.au/publication/schedule/2021/09/2021-09-01-general-schedule-volume-2.pdf?variant=3,au_pbs_archive_2021_09_01_ddfea1a0d303,cached,data/derived/processes/historical_source_transformation.bpmn
https://www.pbs.gov.au/info/publication/schedule/2010,57694,data/raw_live/historical_sources/pbs_archive/au_pbs_archive_dea9fe30bf0cacd2.pdf,96b6609ef02ecb2ed8a1142ea1be82678d7067dcbdc268d504f959df69c85be6,reimbursement_atlas:au_pbs_archive_2010_08_01_dea9fe30bf0c,Existing local cache retained; use --force to replace it.,pdf,2010-08-01-dental-book-SOC.pdf,au_pbs_archive_dea9fe30bf0cacd2,public_reuse_review,pending_human_review,au_pbs,https://www.pbs.gov.au/publication/schedule/2010/2010-08-01-dental-book-SOC.pdf?variant=3,au_pbs_archive_2010_08_01_dea9fe30bf0c,cached,data/derived/processes/historical_source_transformation.bpmn
https://www.pbs.gov.au/info/publication/schedule/2022,22265607,data/raw_live/historical_sources/pbs_archive/au_pbs_archive_dedceef01a436894.pdf,59a24948f7273bf143c6a37efc3eae3fedb6a41b5a90804be3fe877ed4797fb8,reimbursement_atlas:au_pbs_archive_2022_06_01_dedceef01a43,Existing local cache retained; use --force to replace it.,pdf,2022-06-01-general-schedule-volume-1.pdf,au_pbs_archive_dedceef01a436894,public_reuse_review,pending_human_review,au_pbs,https://www.pbs.gov.au/publication/schedule/2022/06/2022-06-01-general-schedule-volume-1.pdf?variant=3,au_pbs_archive_2022_06_01_dedceef01a43,cached,data/derived/processes/historical_source_transformation.bpmn
https://www.pbs.gov.au/info/publication/schedule/historical-archive,19081846,data/raw_live/historical_sources/pbs_archive/au_pbs_archive_e003d5aa01eea340.pdf,25438b5cf2cf8b3d58370c6909cec65800bac7531f6f0240b7e45b2b179b428a,reimbursement_atlas:au_pbs_archive_1968_12_01_e003d5aa01ee,Existing local cache retained; use --force to replace it.,pdf,1968-12-01-consolidated-schedules.pdf,au_pbs_archive_e003d5aa01eea340,public_reuse_review,pending_human_review,au_pbs,https://www.pbs.gov.au/publication/schedule/1951-2002/1968-12-01-consolidated-schedules.pdf?variant=3,au_pbs_archive_1968_12_01_e003d5aa01ee,cached,data/derived/processes/historical_source_transformation.bpmn
https://www.pbs.gov.au/info/publication/schedule/2023,1845841,data/raw_live/historical_sources/pbs_archive/au_pbs_archive_e08d498c746b364b.pdf,4ab87f52900e0efc302d8318bbeef0796bf914bc8540867ed87acec2789ac9cc,reimbursement_atlas:au_pbs_archive_2023_09_01_e08d498c746b,Existing local cache retained; use --force to replace it.,pdf,2023-09-01-general-soc.pdf,au_pbs_archive_e08d498c746b364b,public_reuse_review,pending_human_review,au_pbs,https://www.pbs.gov.au/publication/schedule/2023/09/2023-09-01-general-soc.pdf?variant=3,au_pbs_archive_2023_09_01_e08d498c746b,cached,data/derived/processes/historical_source_transformation.bpmn
https://www.pbs.gov.au/info/publication/schedule/2022,12959297,data/raw_live/historical_sources/pbs_archive/au_pbs_archive_e091d4688f167e53.pdf,93741508381e847282bd81968a46eafd3f1c5112ade69b09d8b4a779f3768f44,reimbursement_atlas:au_pbs_archive_2022_05_01_e091d4688f16,Existing local cache retained; use --force to replace it.,pdf,2022-05-01-general-schedule-volume-2.pdf,au_pbs_archive_e091d4688f167e53,public_reuse_review,pending_human_review,au_pbs,https://www.pbs.gov.au/publication/schedule/2022/05/2022-05-01-general-schedule-volume-2.pdf?variant=3,au_pbs_archive_2022_05_01_e091d4688f16,cached,data/derived/processes/historical_source_transformation.bpmn
https://www.pbs.gov.au/info/publication/schedule/2020,2043406,data/raw_live/historical_sources/pbs_archive/au_pbs_archive_e0c849857e21afc0.pdf,342af9d63f2a4f91ddde2671aeeff0015b0cf2f752e930e3f5f0b6b3a858301b,reimbursement_atlas:au_pbs_archive_2020_11_01_e0c849857e21,Existing local cache retained; use --force to replace it.,pdf,2020-11-01-efc-schedule.pdf,au_pbs_archive_e0c849857e21afc0,public_reuse_review,pending_human_review,au_pbs,https://www.pbs.gov.au/publication/schedule/2020/11/2020-11-01-efc-schedule.pdf?variant=3,au_pbs_archive_2020_11_01_e0c849857e21,cached,data/derived/processes/historical_source_transformation.bpmn
https://www.pbs.gov.au/info/publication/schedule/2023,2769966,data/raw_live/historical_sources/pbs_archive/au_pbs_archive_e0f791472eb18909.pdf,5c1c9f5c66930624a5a2792e2903c7cbb3b351068fc4bcdb95f477201fd7709d,reimbursement_atlas:au_pbs_archive_2023_12_01_e0f791472eb1,Existing local cache retained; use --force to replace it.,pdf,2023-12-01-efc-schedule.pdf,au_pbs_archive_e0f791472eb18909,public_reuse_review,pending_human_review,au_pbs,https://www.pbs.gov.au/publication/schedule/2023/12/2023-12-01-efc-schedule.pdf?variant=3,au_pbs_archive_2023_12_01_e0f791472eb1,cached,data/derived/processes/historical_source_transformation.bpmn
https://www.pbs.gov.au/info/publication/schedule/2019,5838220,data/raw_live/historical_sources/pbs_archive/au_pbs_archive_e130668f23ac29dc.pdf,cb4bbccb04ff168a30f35e423d8ae6c37d2044c31f63c11645145cfe9d78ac26,reimbursement_atlas:au_pbs_archive_2019_02_01_e130668f23ac,Existing local cache retained; use --force to replace it.,pdf,2019-02-01-general-soc.pdf,au_pbs_archive_e130668f23ac29dc,public_reuse_review,pending_human_review,au_pbs,https://www.pbs.gov.au/publication/schedule/2019/02/2019-02-01-general-soc.pdf?variant=3,au_pbs_archive_2019_02_01_e130668f23ac,cached,data/derived/processes/historical_source_transformation.bpmn
https://www.pbs.gov.au/info/publication/schedule/2007,32844,data/raw_live/historical_sources/pbs_archive/au_pbs_archive_e1517f8dbb857d73.pdf,7ff7cc6bb90e97ca50ac4362f1817c9e6887b5ce5c1640e130ceac1181565282,reimbursement_atlas:au_pbs_archive_2007_04_01_e1517f8dbb85,Existing local cache retained; use --force to replace it.,pdf,2007-04-01-dental-book-soc.pdf,au_pbs_archive_e1517f8dbb857d73,public_reuse_review,pending_human_review,au_pbs,https://www.pbs.gov.au/publication/schedule/2007/2007-04-01-dental-book-soc.pdf?variant=3,au_pbs_archive_2007_04_01_e1517f8dbb85,cached,data/derived/processes/historical_source_transformation.bpmn
https://www.pbs.gov.au/info/publication/schedule/2010,4477949,data/raw_live/historical_sources/pbs_archive/au_pbs_archive_e17718f0f71bc8c5.pdf,b42d71fc98ea11d9c75315277f6fdec148298f9aadade5f568c9c54d29b0b940,reimbursement_atlas:au_pbs_archive_2010_04_01_e17718f0f71b,Existing local cache retained; use --force to replace it.,pdf,2010-04-01-general-schedule.pdf,au_pbs_archive_e17718f0f71bc8c5,public_reuse_review,pending_human_review,au_pbs,https://www.pbs.gov.au/publication/schedule/2010/2010-04-01-general-schedule.pdf?variant=3,au_pbs_archive_2010_04_01_e17718f0f71b,cached,data/derived/processes/historical_source_transformation.bpmn
https://www.pbs.gov.au/info/publication/schedule/2008,43251,data/raw_live/historical_sources/pbs_archive/au_pbs_archive_e17df634eb2423f7.pdf,8df3466c7f6686f57e88aee4860d4e7d611f3c11bee7ab0aa4d9172580bba23d,reimbursement_atlas:au_pbs_archive_2008_06_01_e17df634eb24,Existing local cache retained; use --force to replace it.,pdf,2008-06-01-dental-book-soc.pdf,au_pbs_archive_e17df634eb2423f7,public_reuse_review,pending_human_review,au_pbs,https://www.pbs.gov.au/publication/schedule/2008/2008-06-01-dental-book-soc.pdf?variant=3,au_pbs_archive_2008_06_01_e17df634eb24,cached,data/derived/processes/historical_source_transformation.bpmn
https://www.pbs.gov.au/info/publication/schedule/2007,191819,data/raw_live/historical_sources/pbs_archive/au_pbs_archive_e18ac06b4c3a5e00.pdf,d09fffda42d1d3bac22508b9a630c30cd6f7dac35fa85235a34ba67612c0f2fd,reimbursement_atlas:au_pbs_archive_2007_04_01_e18ac06b4c3a,Existing local cache retained; use --force to replace it.,pdf,2007-04-01-general-schedule-soc.pdf,au_pbs_archive_e18ac06b4c3a5e00,public_reuse_review,pending_human_review,au_pbs,https://www.pbs.gov.au/publication/schedule/2007/2007-04-01-general-schedule-soc.pdf?variant=3,au_pbs_archive_2007_04_01_e18ac06b4c3a,cached,data/derived/processes/historical_source_transformation.bpmn
https://www.pbs.gov.au/info/publication/schedule/2020,2039444,data/raw_live/historical_sources/pbs_archive/au_pbs_archive_e1a0fe04d1de59c0.pdf,06db83b67debbdfb7febf04ebbcbdea14c43d58ba7d0107707341faba4a1eee9,reimbursement_atlas:au_pbs_archive_2020_05_01_e1a0fe04d1de,Existing local cache retained; use --force to replace it.,pdf,2020-05-01-efc-schedule.pdf,au_pbs_archive_e1a0fe04d1de59c0,public_reuse_review,pending_human_review,au_pbs,https://www.pbs.gov.au/publication/schedule/2020/05/2020-05-01-efc-schedule.pdf?variant=3,au_pbs_archive_2020_05_01_e1a0fe04d1de,cached,data/derived/processes/historical_source_transformation.bpmn
https://www.pbs.gov.au/info/publication/schedule/2011,5754939,data/raw_live/historical_sources/pbs_archive/au_pbs_archive_e1fbf8dbcc640c65.pdf,7d19e721cca8f5fab67dc2429e05d1bb2cb409c24c72d8981a2df5ef6cdc9055,reimbursement_atlas:au_pbs_archive_2011_06_01_e1fbf8dbcc64,Existing local cache retained; use --force to replace it.,pdf,2011-06-01-general-schedule.pdf,au_pbs_archive_e1fbf8dbcc640c65,public_reuse_review,pending_human_review,au_pbs,https://www.pbs.gov.au/publication/schedule/2011/06/2011-06-01-general-schedule.pdf?variant=3,au_pbs_archive_2011_06_01_e1fbf8dbcc64,cached,data/derived/processes/historical_source_transformation.bpmn
https://www.pbs.gov.au/info/publication/schedule/2025,14452850,data/raw_live/historical_sources/pbs_archive/au_pbs_archive_e26ca385a35af82c.pdf,91b82578dc0d9f0cc5eeb061afe22f04bc11426a34cb0a9892989022d136c265,reimbursement_atlas:au_pbs_archive_2025_05_01_e26ca385a35a,Existing local cache retained; use --force to replace it.,pdf,2025-05-01-general-schedule-volume-2.pdf,au_pbs_archive_e26ca385a35af82c,public_reuse_review,pending_human_review,au_pbs,https://www.pbs.gov.au/publication/schedule/2025/05/2025-05-01-general-schedule-volume-2.pdf?variant=3,au_pbs_archive_2025_05_01_e26ca385a35a,cached,data/derived/processes/historical_source_transformation.bpmn
https://www.pbs.gov.au/info/publication/schedule/2018,1360847,data/raw_live/historical_sources/pbs_archive/au_pbs_archive_e3af7423268af2ff.pdf,5e97755f776627abe14e8cbebba4ad9f3f941be90cb8a85aaed95c8a9fba3d70,reimbursement_atlas:au_pbs_archive_2018_06_01_e3af7423268a,Existing local cache retained; use --force to replace it.,pdf,2018-06-01-efc-schedule.pdf,au_pbs_archive_e3af7423268af2ff,public_reuse_review,pending_human_review,au_pbs,https://www.pbs.gov.au/publication/schedule/2018/06/2018-06-01-efc-schedule.pdf?variant=3,au_pbs_archive_2018_06_01_e3af7423268a,cached,data/derived/processes/historical_source_transformation.bpmn
https://www.pbs.gov.au/info/publication/schedule/2018,2015358,data/raw_live/historical_sources/pbs_archive/au_pbs_archive_e3e1a69a070615e8.pdf,f45498b23141fc6f6c40dfc88d1ff1bf9cbc9bceff948b521d24856308d1e4e5,reimbursement_atlas:au_pbs_archive_2018_03_01_e3e1a69a0706,Existing local cache retained; use --force to replace it.,pdf,2018-03-01-general-soc.pdf,au_pbs_archive_e3e1a69a070615e8,public_reuse_review,pending_human_review,au_pbs,https://www.pbs.gov.au/publication/schedule/2018/03/2018-03-01-general-soc.pdf?variant=3,au_pbs_archive_2018_03_01_e3e1a69a0706,cached,data/derived/processes/historical_source_transformation.bpmn
https://www.pbs.gov.au/info/publication/schedule/2016,524050,data/raw_live/historical_sources/pbs_archive/au_pbs_archive_e43d2cec2caea4fb.pdf,0e84ab30ca18dfe4b1073782b2e9f9b55956995735584a90d23a1fd6a4d00c05,reimbursement_atlas:au_pbs_archive_2016_11_01_e43d2cec2cae,Existing local cache retained; use --force to replace it.,pdf,2016-11-01-general-soc.pdf,au_pbs_archive_e43d2cec2caea4fb,public_reuse_review,pending_human_review,au_pbs,https://www.pbs.gov.au/publication/schedule/2016/11/2016-11-01-general-soc.pdf?variant=3,au_pbs_archive_2016_11_01_e43d2cec2cae,cached,data/derived/processes/historical_source_transformation.bpmn
https://www.pbs.gov.au/info/publication/schedule/2009,4433819,data/raw_live/historical_sources/pbs_archive/au_pbs_archive_e43e8c5a99789462.pdf,3b422c398c2c0298982c25fa5447d55ee0071cbde700ee5de38602b3bbd23b77,reimbursement_atlas:au_pbs_archive_2009_12_01_e43e8c5a9978,Existing local cache retained; use --force to replace it.,pdf,2009-12-01-general-schedule.pdf,au_pbs_archive_e43e8c5a99789462,public_reuse_review,pending_human_review,au_pbs,https://www.pbs.gov.au/publication/schedule/2009/2009-12-01-general-schedule.pdf?variant=3,au_pbs_archive_2009_12_01_e43e8c5a9978,cached,data/derived/processes/historical_source_transformation.bpmn
https://www.pbs.gov.au/info/publication/schedule/historical-archive,7170262,data/raw_live/historical_sources/pbs_archive/au_pbs_archive_e4840afa13132779.pdf,f168b32a4dbf5434b95914b9bdb94facd0ecfffea09e5e30239564f5c869dec1,reimbursement_atlas:au_pbs_archive_1967_12_01_e4840afa1313,Existing local cache retained; use --force to replace it.,pdf,1967-12-01-PBS-Schedule-Medical-Practitioners.pdf,au_pbs_archive_e4840afa13132779,public_reuse_review,pending_human_review,au_pbs,https://www.pbs.gov.au/publication/schedule/1951-2002/1967-12-01-PBS-Schedule-Medical-Practitioners.pdf?variant=3,au_pbs_archive_1967_12_01_e4840afa1313,cached,data/derived/processes/historical_source_transformation.bpmn
https://www.pbs.gov.au/info/publication/schedule/2016,3644766,data/raw_live/historical_sources/pbs_archive/au_pbs_archive_e48b051de51dfb71.pdf,34de6041d0bf7b69407ed02b839c22150fad972bd4eba8ab83425ea91627d05e,reimbursement_atlas:au_pbs_archive_2016_09_01_e48b051de51d,Existing local cache retained; use --force to replace it.,pdf,2016-09-01-efc-schedule.pdf,au_pbs_archive_e48b051de51dfb71,public_reuse_review,pending_human_review,au_pbs,https://www.pbs.gov.au/publication/schedule/2016/09/2016-09-01-efc-schedule.pdf?variant=3,au_pbs_archive_2016_09_01_e48b051de51d,cached,data/derived/processes/historical_source_transformation.bpmn
https://www.pbs.gov.au/info/publication/schedule/historical-archive,12756165,data/raw_live/historical_sources/pbs_archive/au_pbs_archive_e4cb6a02dac00618.pdf,5184c04e43884d4c2895006ae54c7a70a099a1cfb7325dfdc5baed196a51d79d,reimbursement_atlas:au_pbs_archive_1977_12_01_e4cb6a02dac0,Existing local cache retained; use --force to replace it.,pdf,1977-12-01-consolidated-schedules.pdf,au_pbs_archive_e4cb6a02dac00618,public_reuse_review,pending_human_review,au_pbs,https://www.pbs.gov.au/publication/schedule/1951-2002/1977-12-01-consolidated-schedules.pdf?variant=3,au_pbs_archive_1977_12_01_e4cb6a02dac0,cached,data/derived/processes/historical_source_transformation.bpmn
https://www.pbs.gov.au/info/publication/schedule/2026,9898431,data/raw_live/historical_sources/pbs_archive/au_pbs_archive_e4eb86a7237b90ad.pdf,a5f7d2a125bd6cc7ab42caa3a2ca96a479ddad2a3fb90add44f4a41e04c0b8d5,reimbursement_atlas:au_pbs_archive_2026_05_01_e4eb86a7237b,Existing local cache retained; use --force to replace it.,pdf,2026-05-01-general-schedule-Volume-2.pdf,au_pbs_archive_e4eb86a7237b90ad,public_reuse_review,pending_human_review,au_pbs,https://www.pbs.gov.au/publication/schedule/2026/05/2026-05-01-general-schedule-Volume-2.pdf?variant=3,au_pbs_archive_2026_05_01_e4eb86a7237b,cached,data/derived/processes/historical_source_transformation.bpmn
https://www.pbs.gov.au/info/publication/schedule/2022,25911458,data/raw_live/historical_sources/pbs_archive/au_pbs_archive_e51cc2d2e412855d.pdf,846dbee85d20e587a1540787070192e7969f0bedde62d0dfa907b18e7162afec,reimbursement_atlas:au_pbs_archive_2022_12_01_e51cc2d2e412,Existing local cache retained; use --force to replace it.,pdf,2022-12-01-general-schedule-volume-1.pdf,au_pbs_archive_e51cc2d2e412855d,public_reuse_review,pending_human_review,au_pbs,https://www.pbs.gov.au/publication/schedule/2022/12/2022-12-01-general-schedule-volume-1.pdf?variant=3,au_pbs_archive_2022_12_01_e51cc2d2e412,cached,data/derived/processes/historical_source_transformation.bpmn
https://www.pbs.gov.au/info/publication/schedule/2009,3984935,data/raw_live/historical_sources/pbs_archive/au_pbs_archive_e574bf4ff38a0563.pdf,76fc1a22b7b69200947234960801bc4fb194df1004a6efea5329718b90d46b3a,reimbursement_atlas:au_pbs_archive_2009_03_01_e574bf4ff38a,Existing local cache retained; use --force to replace it.,pdf,2009-03-01-general-schedule.pdf,au_pbs_archive_e574bf4ff38a0563,public_reuse_review,pending_human_review,au_pbs,https://www.pbs.gov.au/publication/schedule/2009/2009-03-01-general-schedule.pdf?variant=3,au_pbs_archive_2009_03_01_e574bf4ff38a,cached,data/derived/processes/historical_source_transformation.bpmn
https://www.pbs.gov.au/info/publication/schedule/2015,335854,data/raw_live/historical_sources/pbs_archive/au_pbs_archive_e57f3a1c364284c6.pdf,b9d45f1a905b16652888dae9103fdfeb27574e8a575a4e360ccbf9f2fb371908,reimbursement_atlas:au_pbs_archive_2015_06_01_e57f3a1c3642,Existing local cache retained; use --force to replace it.,pdf,2015-06-01-errata.pdf,au_pbs_archive_e57f3a1c364284c6,public_reuse_review,pending_human_review,au_pbs,https://www.pbs.gov.au/publication/schedule/2015/06/2015-06-01-errata.pdf?variant=3,au_pbs_archive_2015_06_01_e57f3a1c3642,cached,data/derived/processes/historical_source_transformation.bpmn
https://www.pbs.gov.au/info/publication/schedule/2022,22482525,data/raw_live/historical_sources/pbs_archive/au_pbs_archive_e5914d69d4f3e653.pdf,7c29d678220485f39962b25327be668c45e681b7955a522e54215d7cb33e3a72,reimbursement_atlas:au_pbs_archive_2022_04_01_e5914d69d4f3,Existing local cache retained; use --force to replace it.,pdf,2022-04-01-general-schedule-volume-1.pdf,au_pbs_archive_e5914d69d4f3e653,public_reuse_review,pending_human_review,au_pbs,https://www.pbs.gov.au/publication/schedule/2022/04/2022-04-01-general-schedule-volume-1.pdf?variant=3,au_pbs_archive_2022_04_01_e5914d69d4f3,cached,data/derived/processes/historical_source_transformation.bpmn
https://www.pbs.gov.au/info/publication/schedule/2024,29114017,data/raw_live/historical_sources/pbs_archive/au_pbs_archive_e59ebca5cc2bdfc9.pdf,f11c5a637ebafdc2abaad188b0f597194c755ebb476d8f29612224123d2aeeed,reimbursement_atlas:au_pbs_archive_2024_02_01_e59ebca5cc2b,Existing local cache retained; use --force to replace it.,pdf,2024-02-01-general-volume-1.pdf,au_pbs_archive_e59ebca5cc2bdfc9,public_reuse_review,pending_human_review,au_pbs,https://www.pbs.gov.au/publication/schedule/2024/02/2024-02-01-general-volume-1.pdf?variant=3,au_pbs_archive_2024_02_01_e59ebca5cc2b,cached,data/derived/processes/historical_source_transformation.bpmn
https://www.pbs.gov.au/info/publication/schedule/2009,457896,data/raw_live/historical_sources/pbs_archive/au_pbs_archive_e5b0ac8a950d3fed.pdf,cca8da5aeb00ad71d27ad2c1bf57c61417ea5ad667d1d63805d60a098cf72f36,reimbursement_atlas:au_pbs_archive_2009_11_01_e5b0ac8a950d,Existing local cache retained; use --force to replace it.,pdf,2009-11-01-dental-book.pdf,au_pbs_archive_e5b0ac8a950d3fed,public_reuse_review,pending_human_review,au_pbs,https://www.pbs.gov.au/publication/schedule/2009/2009-11-01-dental-book.pdf?variant=3,au_pbs_archive_2009_11_01_e5b0ac8a950d,cached,data/derived/processes/historical_source_transformation.bpmn
https://www.pbs.gov.au/info/publication/schedule/2011,2399057,data/raw_live/historical_sources/pbs_archive/au_pbs_archive_e641d0253f10b212.pdf,e3461a78b0490407fa545e95f03c38ed39920e8c6e8d2dd2166f21e73c9cf34c,reimbursement_atlas:au_pbs_archive_2011_02_01_e641d0253f10,Existing local cache retained; use --force to replace it.,pdf,2011-02-01-dental-book.pdf,au_pbs_archive_e641d0253f10b212,public_reuse_review,pending_human_review,au_pbs,https://www.pbs.gov.au/publication/schedule/2011/02/2011-02-01-dental-book.pdf?variant=3,au_pbs_archive_2011_02_01_e641d0253f10,cached,data/derived/processes/historical_source_transformation.bpmn
https://www.pbs.gov.au/info/publication/schedule/2009,73344,data/raw_live/historical_sources/pbs_archive/au_pbs_archive_e67193edf26f4b33.pdf,00115ad88776a093c343843f84b0ba66561125d529a6d3b214052c2468dcc77f,reimbursement_atlas:au_pbs_archive_2009_02_01_e67193edf26f,Existing local cache retained; use --force to replace it.,pdf,2009-02-01-general-schedule-soc.pdf,au_pbs_archive_e67193edf26f4b33,public_reuse_review,pending_human_review,au_pbs,https://www.pbs.gov.au/publication/schedule/2009/2009-02-01-general-schedule-soc.pdf?variant=3,au_pbs_archive_2009_02_01_e67193edf26f,cached,data/derived/processes/historical_source_transformation.bpmn
https://www.pbs.gov.au/info/publication/schedule/2024,22176764,data/raw_live/historical_sources/pbs_archive/au_pbs_archive_e7321e628a34388f.pdf,da1401e3226a8a65ef7f3b2fb4076bb18aa8cb91591f42434f6a6263bdb1cf92,reimbursement_atlas:au_pbs_archive_2024_03_01_e7321e628a34,Existing local cache retained; use --force to replace it.,pdf,2024-03-01-general-volume-1.pdf,au_pbs_archive_e7321e628a34388f,public_reuse_review,pending_human_review,au_pbs,https://www.pbs.gov.au/publication/schedule/2024/03/2024-03-01-general-volume-1.pdf?variant=3,au_pbs_archive_2024_03_01_e7321e628a34,cached,data/derived/processes/historical_source_transformation.bpmn
https://www.pbs.gov.au/info/publication/schedule/2020,1956497,data/raw_live/historical_sources/pbs_archive/au_pbs_archive_e78b4e976a689969.pdf,02ee83a9fa85b47addb1edbf274e7eaa2320f867750de9cb0c9a3c27b2cd32e9,reimbursement_atlas:au_pbs_archive_2020_01_01_e78b4e976a68,Existing local cache retained; use --force to replace it.,pdf,2020-01-01-efc-schedule.pdf,au_pbs_archive_e78b4e976a689969,public_reuse_review,pending_human_review,au_pbs,https://www.pbs.gov.au/publication/schedule/2020/01/2020-01-01-efc-schedule.pdf?variant=3,au_pbs_archive_2020_01_01_e78b4e976a68,cached,data/derived/processes/historical_source_transformation.bpmn
https://www.pbs.gov.au/info/publication/schedule/historical-archive,3952602,data/raw_live/historical_sources/pbs_archive/au_pbs_archive_e7bc7aaa306c1717.pdf,20f81c6f87224db49e831d7bc2b2a71e80851c9d7aecb6b273556e695d17bc5f,reimbursement_atlas:au_pbs_archive_1959_11_01_e7bc7aaa306c,Existing local cache retained; use --force to replace it.,pdf,1959-11-01-PBS-Schedule-Medical-Practitioners.pdf,au_pbs_archive_e7bc7aaa306c1717,public_reuse_review,pending_human_review,au_pbs,https://www.pbs.gov.au/publication/schedule/1951-2002/1959-11-01-PBS-Schedule-Medical-Practitioners.pdf?variant=3,au_pbs_archive_1959_11_01_e7bc7aaa306c,cached,data/derived/processes/historical_source_transformation.bpmn
https://www.pbs.gov.au/info/publication/schedule/2015,336434,data/raw_live/historical_sources/pbs_archive/au_pbs_archive_e82b80dc18830035.pdf,4777547cc43575cce9177641850a85f429388aeeea368d9754910e7fc6d1fb93,reimbursement_atlas:au_pbs_archive_2015_02_01_e82b80dc1883,Existing local cache retained; use --force to replace it.,pdf,2015-02-01-errata.pdf,au_pbs_archive_e82b80dc18830035,public_reuse_review,pending_human_review,au_pbs,https://www.pbs.gov.au/publication/schedule/2015/02/2015-02-01-errata.pdf?variant=3,au_pbs_archive_2015_02_01_e82b80dc1883,cached,data/derived/processes/historical_source_transformation.bpmn
https://www.pbs.gov.au/info/publication/schedule/2011,188044,data/raw_live/historical_sources/pbs_archive/au_pbs_archive_e8ba408b81b194a6.pdf,438124ef98e6638be7acadf077dfb90ba681347477193b47313a213ef0107338,reimbursement_atlas:au_pbs_archive_2011_01_01_e8ba408b81b1,Existing local cache retained; use --force to replace it.,pdf,2011-01-01-general-schedule-SOC.pdf,au_pbs_archive_e8ba408b81b194a6,public_reuse_review,pending_human_review,au_pbs,https://www.pbs.gov.au/publication/schedule/2011/01/2011-01-01-general-schedule-SOC.pdf?variant=3,au_pbs_archive_2011_01_01_e8ba408b81b1,cached,data/derived/processes/historical_source_transformation.bpmn
https://www.pbs.gov.au/info/publication/schedule/2003,2855130,data/raw_live/historical_sources/pbs_archive/au_pbs_archive_e8bb3f3c725ae594.pdf,2b4ee22f2b22a85d1176b07189da5b1d48ae72976e5bfa453007aaa8108eadfe,reimbursement_atlas:au_pbs_archive_2003_11_01_e8bb3f3c725a,Existing local cache retained; use --force to replace it.,pdf,2003-11-01-general-schedule.pdf,au_pbs_archive_e8bb3f3c725ae594,public_reuse_review,pending_human_review,au_pbs,https://www.pbs.gov.au/publication/schedule/2003/2003-11-01-general-schedule.pdf?variant=3,au_pbs_archive_2003_11_01_e8bb3f3c725a,cached,data/derived/processes/historical_source_transformation.bpmn
https://www.pbs.gov.au/info/publication/schedule/2008,808045,data/raw_live/historical_sources/pbs_archive/au_pbs_archive_e8bb796d54eca7d8.pdf,096283997d24eeb3dbafe43978bf68aa4bb16d2d3be4aac01bd9d79ea73b6ba9,reimbursement_atlas:au_pbs_archive_2008_09_01_e8bb796d54ec,Existing local cache retained; use --force to replace it.,pdf,2008-09-01-dental-book.pdf,au_pbs_archive_e8bb796d54eca7d8,public_reuse_review,pending_human_review,au_pbs,https://www.pbs.gov.au/publication/schedule/2008/2008-09-01-dental-book.pdf?variant=3,au_pbs_archive_2008_09_01_e8bb796d54ec,cached,data/derived/processes/historical_source_transformation.bpmn
https://www.pbs.gov.au/info/publication/schedule/2021,1892791,data/raw_live/historical_sources/pbs_archive/au_pbs_archive_e8f74db6700f210c.pdf,4d612454013f43f45675d248b8782a0d169b2ab3f85f73238615625f69064c33,reimbursement_atlas:au_pbs_archive_2021_06_01_e8f74db6700f,Existing local cache retained; use --force to replace it.,pdf,2021-06-01-efc-schedule.pdf,au_pbs_archive_e8f74db6700f210c,public_reuse_review,pending_human_review,au_pbs,https://www.pbs.gov.au/publication/schedule/2021/06/2021-06-01-efc-schedule.pdf?variant=3,au_pbs_archive_2021_06_01_e8f74db6700f,cached,data/derived/processes/historical_source_transformation.bpmn
https://www.pbs.gov.au/info/publication/schedule/2010,422993,data/raw_live/historical_sources/pbs_archive/au_pbs_archive_ea3176600c4d74f9.pdf,76de3c9abcccd5879d1e55cdb2009e42ebcb612a188b202165d91723c6be8886,reimbursement_atlas:au_pbs_archive_2010_11_01_ea3176600c4d,Existing local cache retained; use --force to replace it.,pdf,2010-11-01-chemotherapy-booklet.pdf,au_pbs_archive_ea3176600c4d74f9,public_reuse_review,pending_human_review,au_pbs,https://www.pbs.gov.au/publication/schedule/2010/2010-11-01-chemotherapy-booklet.pdf?variant=3,au_pbs_archive_2010_11_01_ea3176600c4d,cached,data/derived/processes/historical_source_transformation.bpmn
https://www.pbs.gov.au/info/publication/schedule/2009,434792,data/raw_live/historical_sources/pbs_archive/au_pbs_archive_eb53b79a08fcca1a.pdf,8efa019177021114439dcfa8149acf3399b2e8f7b72cc6198daac317c0fd676d,reimbursement_atlas:au_pbs_archive_2009_04_01_eb53b79a08fc,Existing local cache retained; use --force to replace it.,pdf,2009-04-01-dental-book.pdf,au_pbs_archive_eb53b79a08fcca1a,public_reuse_review,pending_human_review,au_pbs,https://www.pbs.gov.au/publication/schedule/2009/2009-04-01-dental-book.pdf?variant=3,au_pbs_archive_2009_04_01_eb53b79a08fc,cached,data/derived/processes/historical_source_transformation.bpmn
https://www.pbs.gov.au/info/publication/schedule/2009,7485145,data/raw_live/historical_sources/pbs_archive/au_pbs_archive_eb783054dd625809.pdf,c015ee5f8a2db7456b6e30e858c67ac85d5b698307dc28914ee6d28bcc35b82d,reimbursement_atlas:au_pbs_archive_2009_01_01_eb783054dd62,Existing local cache retained; use --force to replace it.,pdf,2009-01-01-general-schedule.pdf,au_pbs_archive_eb783054dd625809,public_reuse_review,pending_human_review,au_pbs,https://www.pbs.gov.au/publication/schedule/2009/2009-01-01-general-schedule.pdf?variant=3,au_pbs_archive_2009_01_01_eb783054dd62,cached,data/derived/processes/historical_source_transformation.bpmn
https://www.pbs.gov.au/info/publication/schedule/2007,48982,data/raw_live/historical_sources/pbs_archive/au_pbs_archive_eba86c44c8445af2.pdf,1e02c08553bbd4ce4aa8c4b9a9e7b92048c58e2a0683a018486e4c645a991861,reimbursement_atlas:au_pbs_archive_2007_12_01_eba86c44c844,Existing local cache retained; use --force to replace it.,pdf,2007-12-01-dental-book-soc.pdf,au_pbs_archive_eba86c44c8445af2,public_reuse_review,pending_human_review,au_pbs,https://www.pbs.gov.au/publication/schedule/2007/2007-12-01-dental-book-soc.pdf?variant=3,au_pbs_archive_2007_12_01_eba86c44c844,cached,data/derived/processes/historical_source_transformation.bpmn
https://www.pbs.gov.au/info/publication/schedule/2013,886214,data/raw_live/historical_sources/pbs_archive/au_pbs_archive_ebffed89b08ac0a2.pdf,f8bbfb4a95b3d06a730fbeeca1bdd9d8d35452f74581ac0a53adc6d6ab9850b6,reimbursement_atlas:au_pbs_archive_2013_12_01_ebffed89b08a,Existing local cache retained; use --force to replace it.,pdf,2013-12-01-errata.pdf,au_pbs_archive_ebffed89b08ac0a2,public_reuse_review,pending_human_review,au_pbs,https://www.pbs.gov.au/publication/schedule/2013/12/2013-12-01-errata.pdf?variant=3,au_pbs_archive_2013_12_01_ebffed89b08a,cached,data/derived/processes/historical_source_transformation.bpmn
https://www.pbs.gov.au/info/publication/schedule/2025,277951,data/raw_live/historical_sources/pbs_archive/au_pbs_archive_ec59a8fe8b84cca7.pdf,bafacbbf3efa9253a85416ebfbb8c54a33fb2f29543124cb2375b0d6e3e84439,reimbursement_atlas:au_pbs_archive_unknown_ec59a8fe8b84,Existing local cache retained; use --force to replace it.,pdf,Errata-Error-in-methylphenidate-listings-1-January-2025.pdf,au_pbs_archive_ec59a8fe8b84cca7,public_reuse_review,pending_human_review,au_pbs,https://www.pbs.gov.au/publication/schedule/2025/01/Errata-Error-in-methylphenidate-listings-1-January-2025.pdf?variant=3,au_pbs_archive_unknown_ec59a8fe8b84,cached,data/derived/processes/historical_source_transformation.bpmn
https://www.pbs.gov.au/info/publication/schedule/2019,1557212,data/raw_live/historical_sources/pbs_archive/au_pbs_archive_ecc6c518167adbdc.pdf,80c10fc2980548849f703922e99885ab32e5f0ea0a2f965c38f4a233d9ef1aa8,reimbursement_atlas:au_pbs_archive_2019_03_01_ecc6c518167a,Existing local cache retained; use --force to replace it.,pdf,2019-03-01-efc-schedule.pdf,au_pbs_archive_ecc6c518167adbdc,public_reuse_review,pending_human_review,au_pbs,https://www.pbs.gov.au/publication/schedule/2019/03/2019-03-01-efc-schedule.pdf?variant=3,au_pbs_archive_2019_03_01_ecc6c518167a,cached,data/derived/processes/historical_source_transformation.bpmn
https://www.pbs.gov.au/info/publication/schedule/2022,2516041,data/raw_live/historical_sources/pbs_archive/au_pbs_archive_ed03e77aa3e4d10e.pdf,647bf9a26a96455532ed16e029bf5c5f971aca9980bd524d7773e49f5b5711a9,reimbursement_atlas:au_pbs_archive_2022_08_01_ed03e77aa3e4,Existing local cache retained; use --force to replace it.,pdf,2022-08-01-efc-schedule.pdf,au_pbs_archive_ed03e77aa3e4d10e,public_reuse_review,pending_human_review,au_pbs,https://www.pbs.gov.au/publication/schedule/2022/08/2022-08-01-efc-schedule.pdf?variant=3,au_pbs_archive_2022_08_01_ed03e77aa3e4,cached,data/derived/processes/historical_source_transformation.bpmn
https://www.pbs.gov.au/info/publication/schedule/2017,55634875,data/raw_live/historical_sources/pbs_archive/au_pbs_archive_ed3fd8983394fc9d.pdf,d9381fee07f55f2c15f4d47f1ac9aef427a48c016abee9d7671070c9f84a89a0,reimbursement_atlas:au_pbs_archive_2017_06_01_ed3fd8983394,Retrieved into ignored local cache.,pdf,2017-06-01-general-schedule.pdf,au_pbs_archive_ed3fd8983394fc9d,public_reuse_review,pending_human_review,au_pbs,https://www.pbs.gov.au/publication/schedule/2017/06/2017-06-01-general-schedule.pdf?variant=3,au_pbs_archive_2017_06_01_ed3fd8983394,downloaded,data/derived/processes/historical_source_transformation.bpmn
https://www.pbs.gov.au/info/publication/schedule/2022,2477141,data/raw_live/historical_sources/pbs_archive/au_pbs_archive_edd9f1ff56a1fa0a.pdf,18352d5fce1c2c295e80ef53a4445f84af967ef53b613fbb60874a7ba2d15033,reimbursement_atlas:au_pbs_archive_2022_10_01_edd9f1ff56a1,Existing local cache retained; use --force to replace it.,pdf,2022-10-01-efc-schedule.pdf,au_pbs_archive_edd9f1ff56a1fa0a,public_reuse_review,pending_human_review,au_pbs,https://www.pbs.gov.au/publication/schedule/2022/10/2022-10-01-efc-schedule.pdf?variant=3,au_pbs_archive_2022_10_01_edd9f1ff56a1,cached,data/derived/processes/historical_source_transformation.bpmn
https://www.pbs.gov.au/info/publication/schedule/2022,12310929,data/raw_live/historical_sources/pbs_archive/au_pbs_archive_ef1e435fe45b1e82.pdf,dc6c884de63ced2c950c75ba1f6642155a650f30c83c821d06cbff029dc6d7ba,reimbursement_atlas:au_pbs_archive_2022_01_01_ef1e435fe45b,Retrieved into ignored local cache.,pdf,2022-01-01-general-schedule-volume-2.pdf,au_pbs_archive_ef1e435fe45b1e82,public_reuse_review,pending_human_review,au_pbs,https://www.pbs.gov.au/publication/schedule/2022/01/2022-01-01-general-schedule-volume-2.pdf?variant=3,au_pbs_archive_2022_01_01_ef1e435fe45b,downloaded,data/derived/processes/historical_source_transformation.bpmn
https://www.pbs.gov.au/info/publication/schedule/2017,1153396,data/raw_live/historical_sources/pbs_archive/au_pbs_archive_ef3eee74abe82ce4.pdf,6c7bf4356a89bd26255cb2ef40529a20b78626ee56191b9fb615fbeb437a438b,reimbursement_atlas:au_pbs_archive_2017_01_01_ef3eee74abe8,Existing local cache retained; use --force to replace it.,pdf,2017-01-01-general-soc.pdf,au_pbs_archive_ef3eee74abe82ce4,public_reuse_review,pending_human_review,au_pbs,https://www.pbs.gov.au/publication/schedule/2017/01/2017-01-01-general-soc.pdf?variant=3,au_pbs_archive_2017_01_01_ef3eee74abe8,cached,data/derived/processes/historical_source_transformation.bpmn
https://www.pbs.gov.au/info/publication/schedule/2007,61706,data/raw_live/historical_sources/pbs_archive/au_pbs_archive_ef7d702a95fd75fa.pdf,13afbd9e7b62cf7d0dd62f71d670cdd7d9d6c1a13b59f2ad1126299350d900ba,reimbursement_atlas:au_pbs_archive_2007_06_01_ef7d702a95fd,Existing local cache retained; use --force to replace it.,pdf,2007-06-01-dental-book-soc.pdf,au_pbs_archive_ef7d702a95fd75fa,public_reuse_review,pending_human_review,au_pbs,https://www.pbs.gov.au/publication/schedule/2007/2007-06-01-dental-book-soc.pdf?variant=3,au_pbs_archive_2007_06_01_ef7d702a95fd,cached,data/derived/processes/historical_source_transformation.bpmn
https://www.pbs.gov.au/info/publication/schedule/2010,466601,data/raw_live/historical_sources/pbs_archive/au_pbs_archive_ef8a2d05008c3851.pdf,d23ced583df59bed29fd5c475921da7b05bd05c0be708e552774a06cc48aca37,reimbursement_atlas:au_pbs_archive_2010_11_01_ef8a2d05008c,Existing local cache retained; use --force to replace it.,pdf,2010-11-01-dental-book.pdf,au_pbs_archive_ef8a2d05008c3851,public_reuse_review,pending_human_review,au_pbs,https://www.pbs.gov.au/publication/schedule/2010/2010-11-01-dental-book.pdf?variant=3,au_pbs_archive_2010_11_01_ef8a2d05008c,cached,data/derived/processes/historical_source_transformation.bpmn
https://www.pbs.gov.au/info/publication/schedule/2025,32729635,data/raw_live/historical_sources/pbs_archive/au_pbs_archive_efe95d48cce22749.pdf,ab6d47664e57d394f45cdccd8a2b88a06ad5a522d705b80f0d8d1ba21bf8a44f,reimbursement_atlas:au_pbs_archive_2025_08_01_efe95d48cce2,Existing local cache retained; use --force to replace it.,pdf,2025-08-01-general-schedule-volume-1.pdf,au_pbs_archive_efe95d48cce22749,public_reuse_review,pending_human_review,au_pbs,https://www.pbs.gov.au/publication/schedule/2025/08/2025-08-01-general-schedule-volume-1.pdf?variant=3,au_pbs_archive_2025_08_01_efe95d48cce2,cached,data/derived/processes/historical_source_transformation.bpmn
https://www.pbs.gov.au/info/publication/schedule/2014,335982,data/raw_live/historical_sources/pbs_archive/au_pbs_archive_f05866a00017eba9.pdf,f9416500b8bce41d8124ac4e02bb02f1cff3218799de3974d8537e698cd44ad1,reimbursement_atlas:au_pbs_archive_2014_11_01_f05866a00017,Existing local cache retained; use --force to replace it.,pdf,2014-11-01-errata.pdf,au_pbs_archive_f05866a00017eba9,public_reuse_review,pending_human_review,au_pbs,https://www.pbs.gov.au/publication/schedule/2014/11/2014-11-01-errata.pdf?variant=3,au_pbs_archive_2014_11_01_f05866a00017,cached,data/derived/processes/historical_source_transformation.bpmn
https://www.pbs.gov.au/info/publication/schedule/2022,355873,data/raw_live/historical_sources/pbs_archive/au_pbs_archive_f07f539527ba83d0.pdf,fbe090be6660a051f0768dacfb5bc23a52132aca4d5505ede1f32954965302cd,reimbursement_atlas:au_pbs_archive_2022_01_01_f07f539527ba,Existing local cache retained; use --force to replace it.,pdf,2022-01-01-general-soc.pdf,au_pbs_archive_f07f539527ba83d0,public_reuse_review,pending_human_review,au_pbs,https://www.pbs.gov.au/publication/schedule/2022/01/2022-01-01-general-soc.pdf?variant=3,au_pbs_archive_2022_01_01_f07f539527ba,cached,data/derived/processes/historical_source_transformation.bpmn
https://www.pbs.gov.au/info/publication/schedule/2013,6482955,data/raw_live/historical_sources/pbs_archive/au_pbs_archive_f0a2a85042e63ec6.pdf,128fbe22acd847ae5b34da34b2f24b9cfc4aad9f5968426cd6e3ade9923de9d9,reimbursement_atlas:au_pbs_archive_2013_07_01_f0a2a85042e6,Existing local cache retained; use --force to replace it.,pdf,2013-07-01-general-schedule.pdf,au_pbs_archive_f0a2a85042e63ec6,public_reuse_review,pending_human_review,au_pbs,https://www.pbs.gov.au/publication/schedule/2013/07/2013-07-01-general-schedule.pdf?variant=3,au_pbs_archive_2013_07_01_f0a2a85042e6,cached,data/derived/processes/historical_source_transformation.bpmn
https://www.pbs.gov.au/info/publication/schedule/2012,579773,data/raw_live/historical_sources/pbs_archive/au_pbs_archive_f0fd437ec1f2c2db.pdf,58cb6976bad7b8ad9d990469d0f7d0490c89f5f3136366ae327a2b99d3c547e2,reimbursement_atlas:au_pbs_archive_2012_03_01_f0fd437ec1f2,Existing local cache retained; use --force to replace it.,pdf,2012-03-01-general-schedule-SOC.pdf,au_pbs_archive_f0fd437ec1f2c2db,public_reuse_review,pending_human_review,au_pbs,https://www.pbs.gov.au/publication/schedule/2012/03/2012-03-01-general-schedule-SOC.pdf?variant=3,au_pbs_archive_2012_03_01_f0fd437ec1f2,cached,data/derived/processes/historical_source_transformation.bpmn
https://www.pbs.gov.au/info/publication/schedule/2012,2664539,data/raw_live/historical_sources/pbs_archive/au_pbs_archive_f11c29d83445bc54.pdf,649da86d8a4dbe0cfa83bd6e9ef61576865eb59c356662ae7cbef5d5f209f1d5,reimbursement_atlas:au_pbs_archive_2012_09_01_f11c29d83445,Existing local cache retained; use --force to replace it.,pdf,2012-09-01-efc-schedule.pdf,au_pbs_archive_f11c29d83445bc54,public_reuse_review,pending_human_review,au_pbs,https://www.pbs.gov.au/publication/schedule/2012/09/2012-09-01-efc-schedule.pdf?variant=3,au_pbs_archive_2012_09_01_f11c29d83445,cached,data/derived/processes/historical_source_transformation.bpmn
https://www.pbs.gov.au/info/publication/schedule/historical-archive,6346295,data/raw_live/historical_sources/pbs_archive/au_pbs_archive_f1dd2de4c5613ad0.pdf,53fbb90db2584227865dca1381d8f45c6bd038f64dcf240359cbb34d1f629f4f,reimbursement_atlas:au_pbs_archive_1964_11_01_f1dd2de4c561,Existing local cache retained; use --force to replace it.,pdf,1964-11-01-PBS-Schedule-Medical-Practitioners.pdf,au_pbs_archive_f1dd2de4c5613ad0,public_reuse_review,pending_human_review,au_pbs,https://www.pbs.gov.au/publication/schedule/1951-2002/1964-11-01-PBS-Schedule-Medical-Practitioners.pdf?variant=3,au_pbs_archive_1964_11_01_f1dd2de4c561,cached,data/derived/processes/historical_source_transformation.bpmn
https://www.pbs.gov.au/info/publication/schedule/2012,8369978,data/raw_live/historical_sources/pbs_archive/au_pbs_archive_f21b40535ec454b6.pdf,ded0c4e3cf74ca92bdd59ee382bcaee761ebf16b1059140f90e01299aabb3b8b,reimbursement_atlas:au_pbs_archive_2012_07_01_f21b40535ec4,Existing local cache retained; use --force to replace it.,pdf,2012-07-01-general-schedule.pdf,au_pbs_archive_f21b40535ec454b6,public_reuse_review,pending_human_review,au_pbs,https://www.pbs.gov.au/publication/schedule/2012/07/2012-07-01-general-schedule.pdf?variant=3,au_pbs_archive_2012_07_01_f21b40535ec4,cached,data/derived/processes/historical_source_transformation.bpmn
https://www.pbs.gov.au/info/publication/schedule/2024,2750436,data/raw_live/historical_sources/pbs_archive/au_pbs_archive_f224275eb7a683c7.pdf,77400b85edce07cfca45a5141d0e21941bf26052c7b273b46f40586efa39ed6d,reimbursement_atlas:au_pbs_archive_2024_07_01_f224275eb7a6,Existing local cache retained; use --force to replace it.,pdf,2024-07-01-efc-schedule.pdf,au_pbs_archive_f224275eb7a683c7,public_reuse_review,pending_human_review,au_pbs,https://www.pbs.gov.au/publication/schedule/2024/07/2024-07-01-efc-schedule.pdf?variant=3,au_pbs_archive_2024_07_01_f224275eb7a6,cached,data/derived/processes/historical_source_transformation.bpmn
https://www.pbs.gov.au/info/publication/schedule/2008,3771390,data/raw_live/historical_sources/pbs_archive/au_pbs_archive_f25581b8a6529ce1.pdf,a0bf75ae4b74ce4f7acc90952499adb77706379cec4c4951d457328c5d3afda2,reimbursement_atlas:au_pbs_archive_2008_07_01_f25581b8a652,Existing local cache retained; use --force to replace it.,pdf,2008-07-01-general-schedule.pdf,au_pbs_archive_f25581b8a6529ce1,public_reuse_review,pending_human_review,au_pbs,https://www.pbs.gov.au/publication/schedule/2008/2008-07-01-general-schedule.pdf?variant=3,au_pbs_archive_2008_07_01_f25581b8a652,cached,data/derived/processes/historical_source_transformation.bpmn
https://www.pbs.gov.au/info/publication/schedule/2022,841350,data/raw_live/historical_sources/pbs_archive/au_pbs_archive_f29e8a16072f83d9.pdf,9fd6d01ac458b283fccd54e4d8dc44d9ff983f5609aeff5b762506d085b67065,reimbursement_atlas:au_pbs_archive_2022_04_01_f29e8a16072f,Existing local cache retained; use --force to replace it.,pdf,2022-04-01-general-soc.pdf,au_pbs_archive_f29e8a16072f83d9,public_reuse_review,pending_human_review,au_pbs,https://www.pbs.gov.au/publication/schedule/2022/04/2022-04-01-general-soc.pdf?variant=3,au_pbs_archive_2022_04_01_f29e8a16072f,cached,data/derived/processes/historical_source_transformation.bpmn
https://www.pbs.gov.au/info/publication/schedule/historical-archive,13226478,data/raw_live/historical_sources/pbs_archive/au_pbs_archive_f2be68e44b0f7b22.pdf,dbd6515949d9a1ed7e669a95b0da36a7ab6dcfac92ee041e2581a95338d2d927,reimbursement_atlas:au_pbs_archive_1978_12_01_f2be68e44b0f,Retrieved into ignored local cache.,pdf,1978-12-01-consolidated-schedules.pdf,au_pbs_archive_f2be68e44b0f7b22,public_reuse_review,pending_human_review,au_pbs,https://www.pbs.gov.au/publication/schedule/1951-2002/1978-12-01-consolidated-schedules.pdf?variant=3,au_pbs_archive_1978_12_01_f2be68e44b0f,downloaded,data/derived/processes/historical_source_transformation.bpmn
https://www.pbs.gov.au/info/publication/schedule/2015,1033612,data/raw_live/historical_sources/pbs_archive/au_pbs_archive_f2c47d329c571eb0.pdf,a264775620c7899a6dcf5d4022d5b310e47509b8718d167805613a22611c77ed,reimbursement_atlas:au_pbs_archive_2015_09_01_f2c47d329c57,Existing local cache retained; use --force to replace it.,pdf,2015-09-01-efc-schedule.pdf,au_pbs_archive_f2c47d329c571eb0,public_reuse_review,pending_human_review,au_pbs,https://www.pbs.gov.au/publication/schedule/2015/09/2015-09-01-efc-schedule.pdf?variant=3,au_pbs_archive_2015_09_01_f2c47d329c57,cached,data/derived/processes/historical_source_transformation.bpmn
https://www.pbs.gov.au/info/publication/schedule/2016,18055629,data/raw_live/historical_sources/pbs_archive/au_pbs_archive_f2df24afb897b6ea.pdf,304f6a2c28adfe1316e84df9ae0591e9dbc27fa4a3f57f74b2ab6bc56b674465,reimbursement_atlas:au_pbs_archive_2016_06_01_f2df24afb897,Existing local cache retained; use --force to replace it.,pdf,2016-06-01-general-schedule.pdf,au_pbs_archive_f2df24afb897b6ea,public_reuse_review,pending_human_review,au_pbs,https://www.pbs.gov.au/publication/schedule/2016/06/2016-06-01-general-schedule.pdf?variant=3,au_pbs_archive_2016_06_01_f2df24afb897,cached,data/derived/processes/historical_source_transformation.bpmn
https://www.pbs.gov.au/info/publication/schedule/2011,47027,data/raw_live/historical_sources/pbs_archive/au_pbs_archive_f2f4fc6c6b645244.pdf,df6bfd181dfec0dd53f0b945550cccf26345286520846c6b58e9a93d1eb620be,reimbursement_atlas:au_pbs_archive_2011_06_01_f2f4fc6c6b64,Existing local cache retained; use --force to replace it.,pdf,2011-06-01-errata.pdf,au_pbs_archive_f2f4fc6c6b645244,public_reuse_review,pending_human_review,au_pbs,https://www.pbs.gov.au/publication/schedule/2011/06/2011-06-01-errata.pdf?variant=3,au_pbs_archive_2011_06_01_f2f4fc6c6b64,cached,data/derived/processes/historical_source_transformation.bpmn
https://www.pbs.gov.au/info/publication/schedule/2021,9644649,data/raw_live/historical_sources/pbs_archive/au_pbs_archive_f306377aac1b4de3.pdf,da84ca8577b24a398927738627278d8332da9027996994ebbcee5662a45f6d8c,reimbursement_atlas:au_pbs_archive_2021_08_01_f306377aac1b,Retrieved into ignored local cache.,pdf,2021-08-01-general-schedule-volume-2.pdf,au_pbs_archive_f306377aac1b4de3,public_reuse_review,pending_human_review,au_pbs,https://www.pbs.gov.au/publication/schedule/2021/08/2021-08-01-general-schedule-volume-2.pdf?variant=3,au_pbs_archive_2021_08_01_f306377aac1b,downloaded,data/derived/processes/historical_source_transformation.bpmn
https://www.pbs.gov.au/info/publication/schedule/2024,776418,data/raw_live/historical_sources/pbs_archive/au_pbs_archive_f35d2aa9801571b0.pdf,aa6c68595b1e9677285a466e36a93cf3a31c10f000c516eaff089a22b06a92c1,reimbursement_atlas:au_pbs_archive_2024_12_01_f35d2aa98015,Existing local cache retained; use --force to replace it.,pdf,2024-12-01-general-soc.pdf,au_pbs_archive_f35d2aa9801571b0,public_reuse_review,pending_human_review,au_pbs,https://www.pbs.gov.au/publication/schedule/2024/12/2024-12-01-general-soc.pdf?variant=3,au_pbs_archive_2024_12_01_f35d2aa98015,cached,data/derived/processes/historical_source_transformation.bpmn
https://www.pbs.gov.au/info/publication/schedule/historical-archive,3343629,data/raw_live/historical_sources/pbs_archive/au_pbs_archive_f3f612bf0f65ab7d.pdf,b74ac868e9d963125b087153f580631ba63379a1fe9c6c865f8fde23b94f3289,reimbursement_atlas:au_pbs_archive_1954_05_01_f3f612bf0f65,Existing local cache retained; use --force to replace it.,pdf,1954-05-01-PBS-Schedule-Medical-Practitioners.pdf,au_pbs_archive_f3f612bf0f65ab7d,public_reuse_review,pending_human_review,au_pbs,https://www.pbs.gov.au/publication/schedule/1951-2002/1954-05-01-PBS-Schedule-Medical-Practitioners.pdf?variant=3,au_pbs_archive_1954_05_01_f3f612bf0f65,cached,data/derived/processes/historical_source_transformation.bpmn
https://www.pbs.gov.au/info/publication/schedule/2009,459057,data/raw_live/historical_sources/pbs_archive/au_pbs_archive_f40d07621b5138a8.pdf,89a2a24bb8efdc9a95c8e5ca76238aae74aafc18cdee1c186e06b86306d23bce,reimbursement_atlas:au_pbs_archive_2009_12_01_f40d07621b51,Existing local cache retained; use --force to replace it.,pdf,2009-12-01-dental-book.pdf,au_pbs_archive_f40d07621b5138a8,public_reuse_review,pending_human_review,au_pbs,https://www.pbs.gov.au/publication/schedule/2009/2009-12-01-dental-book.pdf?variant=3,au_pbs_archive_2009_12_01_f40d07621b51,cached,data/derived/processes/historical_source_transformation.bpmn
https://www.pbs.gov.au/info/publication/schedule/2009,4187188,data/raw_live/historical_sources/pbs_archive/au_pbs_archive_f4665e9f6a14c982.pdf,25e3a8d7174866b4d913a158cedf986e21b25ddf2475cf302667954aad33e2d2,reimbursement_atlas:au_pbs_archive_2009_09_01_f4665e9f6a14,Existing local cache retained; use --force to replace it.,pdf,2009-09-01-general-schedule.pdf,au_pbs_archive_f4665e9f6a14c982,public_reuse_review,pending_human_review,au_pbs,https://www.pbs.gov.au/publication/schedule/2009/2009-09-01-general-schedule.pdf?variant=3,au_pbs_archive_2009_09_01_f4665e9f6a14,cached,data/derived/processes/historical_source_transformation.bpmn
https://www.pbs.gov.au/info/publication/schedule/2013,378736,data/raw_live/historical_sources/pbs_archive/au_pbs_archive_f492b3aca391d51c.pdf,2eac8e15b624b1e0585de401e692e0824bc18d2fcdb96056eb5dbb6c9c76042d,reimbursement_atlas:au_pbs_archive_2013_07_01_f492b3aca391,Existing local cache retained; use --force to replace it.,pdf,2013-07-01-efc-schedule-soc.pdf,au_pbs_archive_f492b3aca391d51c,public_reuse_review,pending_human_review,au_pbs,https://www.pbs.gov.au/publication/schedule/2013/07/2013-07-01-efc-schedule-soc.pdf?variant=3,au_pbs_archive_2013_07_01_f492b3aca391,cached,data/derived/processes/historical_source_transformation.bpmn
https://www.pbs.gov.au/info/publication/schedule/2013,6861350,data/raw_live/historical_sources/pbs_archive/au_pbs_archive_f50ae7a01c30333b.pdf,2b8de7a0ffa862948df3df232f838f74ef10db6e4a98fc71f05aaacb2718118c,reimbursement_atlas:au_pbs_archive_2013_06_01_f50ae7a01c30,Retrieved into ignored local cache.,pdf,2013-06-01-general-schedule.pdf,au_pbs_archive_f50ae7a01c30333b,public_reuse_review,pending_human_review,au_pbs,https://www.pbs.gov.au/publication/schedule/2013/06/2013-06-01-general-schedule.pdf?variant=3,au_pbs_archive_2013_06_01_f50ae7a01c30,downloaded,data/derived/processes/historical_source_transformation.bpmn
https://www.pbs.gov.au/info/publication/schedule/2024,257450,data/raw_live/historical_sources/pbs_archive/au_pbs_archive_f5909c02107e2358.pdf,bf47f998767330d482e7b305493f11948bfe051b51e32d44dc5d4fcf09267875,reimbursement_atlas:au_pbs_archive_2024_08_01_f5909c02107e,Existing local cache retained; use --force to replace it.,pdf,2024-08-01-Errata.pdf,au_pbs_archive_f5909c02107e2358,public_reuse_review,pending_human_review,au_pbs,https://www.pbs.gov.au/publication/schedule/2024/08/2024-08-01-Errata.pdf?variant=3,au_pbs_archive_2024_08_01_f5909c02107e,cached,data/derived/processes/historical_source_transformation.bpmn
https://www.pbs.gov.au/info/publication/schedule/2012,125214,data/raw_live/historical_sources/pbs_archive/au_pbs_archive_f5abe7b44f3f06cc.pdf,2d20d935b6fb3128514620506465744d84ab34f0bbb4f62df14bbe3d274f3ed3,reimbursement_atlas:au_pbs_archive_2012_08_01_f5abe7b44f3f,Existing local cache retained; use --force to replace it.,pdf,2012-08-01-general-schedule-SOC-addendum.pdf,au_pbs_archive_f5abe7b44f3f06cc,public_reuse_review,pending_human_review,au_pbs,https://www.pbs.gov.au/publication/schedule/2012/08/2012-08-01-general-schedule-SOC-addendum.pdf?variant=3,au_pbs_archive_2012_08_01_f5abe7b44f3f,cached,data/derived/processes/historical_source_transformation.bpmn
https://www.pbs.gov.au/info/publication/schedule/2012,121619,data/raw_live/historical_sources/pbs_archive/au_pbs_archive_f5b7b1be926fb1ca.pdf,53fd5873a5c10b09e652a08a905492a7b0e8cd92f527756aaed5e08c8d1ca24e,reimbursement_atlas:au_pbs_archive_2012_07_01_f5b7b1be926f,Existing local cache retained; use --force to replace it.,pdf,2012-07-01-dental-book-SOC.pdf,au_pbs_archive_f5b7b1be926fb1ca,public_reuse_review,pending_human_review,au_pbs,https://www.pbs.gov.au/publication/schedule/2012/07/2012-07-01-dental-book-SOC.pdf?variant=3,au_pbs_archive_2012_07_01_f5b7b1be926f,cached,data/derived/processes/historical_source_transformation.bpmn
https://www.pbs.gov.au/info/publication/schedule/2023,647159,data/raw_live/historical_sources/pbs_archive/au_pbs_archive_f5da89c9e4fce2c4.pdf,285d496df53a39b9691219c68b08108809075f9158c3cb50e8d08bf841d71842,reimbursement_atlas:au_pbs_archive_2023_04_01_f5da89c9e4fc,Existing local cache retained; use --force to replace it.,pdf,2023-04-01-general-soc.pdf,au_pbs_archive_f5da89c9e4fce2c4,public_reuse_review,pending_human_review,au_pbs,https://www.pbs.gov.au/publication/schedule/2023/04/2023-04-01-general-soc.pdf?variant=3,au_pbs_archive_2023_04_01_f5da89c9e4fc,cached,data/derived/processes/historical_source_transformation.bpmn
https://www.pbs.gov.au/info/publication/schedule/2008,55382,data/raw_live/historical_sources/pbs_archive/au_pbs_archive_f5f601a03f5b8958.pdf,63aecbe9eefa88021af7954806ade88002963df39e76696f79e6dc31d1552efe,reimbursement_atlas:au_pbs_archive_2008_09_01_f5f601a03f5b,Existing local cache retained; use --force to replace it.,pdf,2008-09-01-dental-book-soc.pdf,au_pbs_archive_f5f601a03f5b8958,public_reuse_review,pending_human_review,au_pbs,https://www.pbs.gov.au/publication/schedule/2008/2008-09-01-dental-book-soc.pdf?variant=3,au_pbs_archive_2008_09_01_f5f601a03f5b,cached,data/derived/processes/historical_source_transformation.bpmn
https://www.pbs.gov.au/info/publication/schedule/2015,1779755,data/raw_live/historical_sources/pbs_archive/au_pbs_archive_f6498a8af3554907.pdf,03bea7c15f000a806bf20ff4cf07f45f7f0c29b9f4ed69c22e64a0e8cfffc4b8,reimbursement_atlas:au_pbs_archive_2015_12_01_f6498a8af355,Retrieved into ignored local cache.,pdf,2015-12-01-general-schedule-soc.pdf,au_pbs_archive_f6498a8af3554907,public_reuse_review,pending_human_review,au_pbs,https://www.pbs.gov.au/publication/schedule/2015/12/2015-12-01-general-schedule-soc.pdf?variant=3,au_pbs_archive_2015_12_01_f6498a8af355,downloaded,data/derived/processes/historical_source_transformation.bpmn
https://www.pbs.gov.au/info/publication/schedule/2025,27823496,data/raw_live/historical_sources/pbs_archive/au_pbs_archive_f7181f17acc18202.pdf,e307aee961d55ff3672a2b9665bc97786e7ba0464111f13d44bb6c65d2d87d1e,reimbursement_atlas:au_pbs_archive_2025_12_01_f7181f17acc1,Retrieved into ignored local cache.,pdf,2025-12-01-general-schedule-volume-1.pdf,au_pbs_archive_f7181f17acc18202,public_reuse_review,pending_human_review,au_pbs,https://www.pbs.gov.au/publication/schedule/2025/12/2025-12-01-general-schedule-volume-1.pdf?variant=3,au_pbs_archive_2025_12_01_f7181f17acc1,downloaded,data/derived/processes/historical_source_transformation.bpmn
https://www.pbs.gov.au/info/publication/schedule/2022,22420109,data/raw_live/historical_sources/pbs_archive/au_pbs_archive_f7732fdfdda85434.pdf,16a27c4b2122d66829f12c7afc1c3ea0cec1ec97539290d724905c67e20ca04f,reimbursement_atlas:au_pbs_archive_2022_03_01_f7732fdfdda8,Retrieved into ignored local cache.,pdf,2022-03-01-general-schedule-volume-1.pdf,au_pbs_archive_f7732fdfdda85434,public_reuse_review,pending_human_review,au_pbs,https://www.pbs.gov.au/publication/schedule/2022/03/2022-03-01-general-schedule-volume-1.pdf?variant=3,au_pbs_archive_2022_03_01_f7732fdfdda8,downloaded,data/derived/processes/historical_source_transformation.bpmn
https://www.pbs.gov.au/info/publication/schedule/2015,3057329,data/raw_live/historical_sources/pbs_archive/au_pbs_archive_f78be62741efef7f.pdf,88aaa6cb4b9b5dec443f1867de3129ede4551f13635af2ff58118c2dd0699a5c,reimbursement_atlas:au_pbs_archive_2015_07_01_f78be62741ef,Retrieved into ignored local cache.,pdf,2015-07-01-efc-schedule.pdf,au_pbs_archive_f78be62741efef7f,public_reuse_review,pending_human_review,au_pbs,https://www.pbs.gov.au/publication/schedule/2015/07/2015-07-01-efc-schedule.pdf?variant=3,au_pbs_archive_2015_07_01_f78be62741ef,downloaded,data/derived/processes/historical_source_transformation.bpmn
https://www.pbs.gov.au/info/publication/schedule/2014,8625141,data/raw_live/historical_sources/pbs_archive/au_pbs_archive_f79cfc24a90d5e2e.pdf,ea4ddfa19a1d9760ea2f7ccc4c80e7b86fca660f1c153c7cf6d7f3035b963850,reimbursement_atlas:au_pbs_archive_2014_11_01_f79cfc24a90d,Retrieved into ignored local cache.,pdf,2014-11-01-general-schedule.pdf,au_pbs_archive_f79cfc24a90d5e2e,public_reuse_review,pending_human_review,au_pbs,https://www.pbs.gov.au/publication/schedule/2014/11/2014-11-01-general-schedule.pdf?variant=3,au_pbs_archive_2014_11_01_f79cfc24a90d,downloaded,data/derived/processes/historical_source_transformation.bpmn
https://www.pbs.gov.au/info/publication/schedule/2018,1553944,data/raw_live/historical_sources/pbs_archive/au_pbs_archive_f81640f7b3ce0f8c.pdf,d58325621c1d11f094bfcaf56c460b6f724779166b42542ffa9628afc8c7812d,reimbursement_atlas:au_pbs_archive_2018_11_01_f81640f7b3ce,Existing local cache retained; use --force to replace it.,pdf,2018-11-01-general-soc.pdf,au_pbs_archive_f81640f7b3ce0f8c,public_reuse_review,pending_human_review,au_pbs,https://www.pbs.gov.au/publication/schedule/2018/11/2018-11-01-general-soc.pdf?variant=3,au_pbs_archive_2018_11_01_f81640f7b3ce,cached,data/derived/processes/historical_source_transformation.bpmn
https://www.pbs.gov.au/info/publication/schedule/2012,85221,data/raw_live/historical_sources/pbs_archive/au_pbs_archive_f817606907dd06ff.pdf,5d502ad25b01196b95a8fb6f06c1f518f092d8375f0d6fb250badd564563e94e,reimbursement_atlas:au_pbs_archive_2012_12_01_f817606907dd,Existing local cache retained; use --force to replace it.,pdf,2012-12-01-errata-notes.pdf,au_pbs_archive_f817606907dd06ff,public_reuse_review,pending_human_review,au_pbs,https://www.pbs.gov.au/publication/schedule/2012/12/2012-12-01-errata-notes.pdf?variant=3,au_pbs_archive_2012_12_01_f817606907dd,cached,data/derived/processes/historical_source_transformation.bpmn
https://www.pbs.gov.au/info/publication/schedule/2012,348272,data/raw_live/historical_sources/pbs_archive/au_pbs_archive_f8425b35c91a5154.pdf,1055768dda1687aff1133a87092ecb5fb0ad4f9784bcb5ff26183c5ec393c359,reimbursement_atlas:au_pbs_archive_2012_01_01_f8425b35c91a,Existing local cache retained; use --force to replace it.,pdf,2012-01-01-general-schedule-SOC.pdf,au_pbs_archive_f8425b35c91a5154,public_reuse_review,pending_human_review,au_pbs,https://www.pbs.gov.au/publication/schedule/2012/01/2012-01-01-general-schedule-SOC.pdf?variant=3,au_pbs_archive_2012_01_01_f8425b35c91a,cached,data/derived/processes/historical_source_transformation.bpmn
https://www.pbs.gov.au/info/publication/schedule/2020,2040584,data/raw_live/historical_sources/pbs_archive/au_pbs_archive_f8a6668bc9796676.pdf,62ffbb170b24dbdf95b72ec603f53f9f4eaf312c308b3452840fbf3ea625152f,reimbursement_atlas:au_pbs_archive_2020_04_01_f8a6668bc979,Retrieved into ignored local cache.,pdf,2020-04-01-efc-schedule.pdf,au_pbs_archive_f8a6668bc9796676,public_reuse_review,pending_human_review,au_pbs,https://www.pbs.gov.au/publication/schedule/2020/04/2020-04-01-efc-schedule.pdf?variant=3,au_pbs_archive_2020_04_01_f8a6668bc979,downloaded,data/derived/processes/historical_source_transformation.bpmn
https://www.pbs.gov.au/info/publication/schedule/2021,2371023,data/raw_live/historical_sources/pbs_archive/au_pbs_archive_f8cb67aa8fd1eec6.pdf,166b56bd06ca3915208cd45e5f297ff12f42af8692cf3c35cc3e5cd56efcbaf2,reimbursement_atlas:au_pbs_archive_2021_08_01_f8cb67aa8fd1,Retrieved into ignored local cache.,pdf,2021-08-01-efc-schedule.pdf,au_pbs_archive_f8cb67aa8fd1eec6,public_reuse_review,pending_human_review,au_pbs,https://www.pbs.gov.au/publication/schedule/2021/08/2021-08-01-efc-schedule.pdf?variant=3,au_pbs_archive_2021_08_01_f8cb67aa8fd1,downloaded,data/derived/processes/historical_source_transformation.bpmn
https://www.pbs.gov.au/info/publication/schedule/2020,1736826,data/raw_live/historical_sources/pbs_archive/au_pbs_archive_f944254ea93a39cf.pdf,dace7bda90ed966ef041590a98272415013f4f55a9dec8e47aa98291a261b9d2,reimbursement_atlas:au_pbs_archive_2020_12_01_f944254ea93a,Existing local cache retained; use --force to replace it.,pdf,2020-12-01-general-soc.pdf,au_pbs_archive_f944254ea93a39cf,public_reuse_review,pending_human_review,au_pbs,https://www.pbs.gov.au/publication/schedule/2020/12/2020-12-01-general-soc.pdf?variant=3,au_pbs_archive_2020_12_01_f944254ea93a,cached,data/derived/processes/historical_source_transformation.bpmn
https://www.pbs.gov.au/info/publication/schedule/2022,280613,data/raw_live/historical_sources/pbs_archive/au_pbs_archive_f96b051f66c7b9be.pdf,93eaf61cb99e96f04129cfc629b225b157d7742de8be26afbf7871656643f28c,reimbursement_atlas:au_pbs_archive_2022_07_01_f96b051f66c7,Existing local cache retained; use --force to replace it.,pdf,2022-07-01-erratum.pdf,au_pbs_archive_f96b051f66c7b9be,public_reuse_review,pending_human_review,au_pbs,https://www.pbs.gov.au/publication/schedule/2022/07/2022-07-01-erratum.pdf?variant=3,au_pbs_archive_2022_07_01_f96b051f66c7,cached,data/derived/processes/historical_source_transformation.bpmn
https://www.pbs.gov.au/info/publication/schedule/2015,508602,data/raw_live/historical_sources/pbs_archive/au_pbs_archive_f97478f893980d47.pdf,ff727fcc8eac02aa65e841b3b2662994fd26c3e8482d452888097f97e419dfb7,reimbursement_atlas:au_pbs_archive_2015_10_01_f97478f89398,Existing local cache retained; use --force to replace it.,pdf,2015-10-01-errata.pdf,au_pbs_archive_f97478f893980d47,public_reuse_review,pending_human_review,au_pbs,https://www.pbs.gov.au/publication/schedule/2015/10/2015-10-01-errata.pdf?variant=3,au_pbs_archive_2015_10_01_f97478f89398,cached,data/derived/processes/historical_source_transformation.bpmn
https://www.pbs.gov.au/info/publication/schedule/2022,832230,data/raw_live/historical_sources/pbs_archive/au_pbs_archive_f9833b15546c40ac.pdf,6c77041171076a1651b19c92640a9147c6a1495a3878675f88972a110dfae404,reimbursement_atlas:au_pbs_archive_2022_07_01_f9833b15546c,Existing local cache retained; use --force to replace it.,pdf,2022-07-01-general-soc.pdf,au_pbs_archive_f9833b15546c40ac,public_reuse_review,pending_human_review,au_pbs,https://www.pbs.gov.au/publication/schedule/2022/07/2022-07-01-general-soc.pdf?variant=3,au_pbs_archive_2022_07_01_f9833b15546c,cached,data/derived/processes/historical_source_transformation.bpmn
https://www.pbs.gov.au/info/publication/schedule/2023,13331966,data/raw_live/historical_sources/pbs_archive/au_pbs_archive_f9e89c06b6ffd203.pdf,69ea15eac16712a8935de45fd805d5d75949f7fa3e1215548829f537e84ccfb6,reimbursement_atlas:au_pbs_archive_2023_08_01_f9e89c06b6ff,Retrieved into ignored local cache.,pdf,2023-08-01-general-schedule-volume-2.pdf,au_pbs_archive_f9e89c06b6ffd203,public_reuse_review,pending_human_review,au_pbs,https://www.pbs.gov.au/publication/schedule/2023/08/2023-08-01-general-schedule-volume-2.pdf?variant=3,au_pbs_archive_2023_08_01_f9e89c06b6ff,downloaded,data/derived/processes/historical_source_transformation.bpmn
https://www.pbs.gov.au/info/publication/schedule/2009,174925,data/raw_live/historical_sources/pbs_archive/au_pbs_archive_f9ece69c9aae9c74.pdf,246fffdb4f26c709e4ec012281910097bf291b73bdf94913bbbcbe2cac7602fc,reimbursement_atlas:au_pbs_archive_2009_04_01_f9ece69c9aae,Existing local cache retained; use --force to replace it.,pdf,2009-04-01-general-schedule-soc.pdf,au_pbs_archive_f9ece69c9aae9c74,public_reuse_review,pending_human_review,au_pbs,https://www.pbs.gov.au/publication/schedule/2009/2009-04-01-general-schedule-soc.pdf?variant=3,au_pbs_archive_2009_04_01_f9ece69c9aae,cached,data/derived/processes/historical_source_transformation.bpmn
https://www.pbs.gov.au/info/publication/schedule/2016,1200330,data/raw_live/historical_sources/pbs_archive/au_pbs_archive_fa0864cef45973c0.pdf,b52ef24e162f0bad147b1bdcd739eb358c6ca4945bb3dbb8ce11e8aa2a2feaf7,reimbursement_atlas:au_pbs_archive_2016_05_01_fa0864cef459,Existing local cache retained; use --force to replace it.,pdf,2016-05-01-efc-schedule.pdf,au_pbs_archive_fa0864cef45973c0,public_reuse_review,pending_human_review,au_pbs,https://www.pbs.gov.au/publication/schedule/2016/05/2016-05-01-efc-schedule.pdf?variant=3,au_pbs_archive_2016_05_01_fa0864cef459,cached,data/derived/processes/historical_source_transformation.bpmn
https://www.pbs.gov.au/info/publication/schedule/2024,317162,data/raw_live/historical_sources/pbs_archive/au_pbs_archive_fa09847cce529809.pdf,986fbfc36fb8adaa23e393400533cbde813e9c464dbb3c395d3a248e26f7abe7,reimbursement_atlas:au_pbs_archive_2024_04_01_fa09847cce52,Existing local cache retained; use --force to replace it.,pdf,2024-04-01-Errata.pdf,au_pbs_archive_fa09847cce529809,public_reuse_review,pending_human_review,au_pbs,https://www.pbs.gov.au/publication/schedule/2024/04/2024-04-01-Errata.pdf?variant=3,au_pbs_archive_2024_04_01_fa09847cce52,cached,data/derived/processes/historical_source_transformation.bpmn
https://www.pbs.gov.au/info/publication/schedule/2025,31961504,data/raw_live/historical_sources/pbs_archive/au_pbs_archive_fa68e59505cbb2a0.pdf,f154a351ce7a1d03943cc6fde8f69489e1a210e970f6c2a3106d4a2ed2409978,reimbursement_atlas:au_pbs_archive_2025_01_01_fa68e59505cb,Retrieved into ignored local cache.,pdf,2025-01-01-general-schedule-volume-1.pdf,au_pbs_archive_fa68e59505cbb2a0,public_reuse_review,pending_human_review,au_pbs,https://www.pbs.gov.au/publication/schedule/2025/01/2025-01-01-general-schedule-volume-1.pdf?variant=3,au_pbs_archive_2025_01_01_fa68e59505cb,downloaded,data/derived/processes/historical_source_transformation.bpmn
https://www.pbs.gov.au/info/publication/schedule/2015,663549,data/raw_live/historical_sources/pbs_archive/au_pbs_archive_fadee5f1efbfcb89.pdf,cd1a01aa32e48950a445b22f5c73d82291a10493e0962fe4c03a22944476cae6,reimbursement_atlas:au_pbs_archive_2015_06_01_fadee5f1efbf,Existing local cache retained; use --force to replace it.,pdf,2015-06-01-general-schedule-soc.pdf,au_pbs_archive_fadee5f1efbfcb89,public_reuse_review,pending_human_review,au_pbs,https://www.pbs.gov.au/publication/schedule/2015/06/2015-06-01-general-schedule-soc.pdf?variant=3,au_pbs_archive_2015_06_01_fadee5f1efbf,cached,data/derived/processes/historical_source_transformation.bpmn
https://www.pbs.gov.au/info/publication/schedule/2010,2127327,data/raw_live/historical_sources/pbs_archive/au_pbs_archive_fb73215509e77025.pdf,14ce76906980d52d03caa9b95ca299b9f5367429a48820656f088c0a3aa4bb9a,reimbursement_atlas:au_pbs_archive_2010_10_01_fb73215509e7,Retrieved into ignored local cache.,pdf,2010-10-01-HSD-schedule.pdf,au_pbs_archive_fb73215509e77025,public_reuse_review,pending_human_review,au_pbs,https://www.pbs.gov.au/publication/schedule/2010/2010-10-01-HSD-schedule.pdf?variant=3,au_pbs_archive_2010_10_01_fb73215509e7,downloaded,data/derived/processes/historical_source_transformation.bpmn
https://www.pbs.gov.au/info/publication/schedule/2014,510707,data/raw_live/historical_sources/pbs_archive/au_pbs_archive_fb96e83bf0d22229.pdf,1e370b69db9ec76bce0f3d257f6e7dc64f93e46ae58696f4cd10546e27243375,reimbursement_atlas:au_pbs_archive_2014_07_01_fb96e83bf0d2,Existing local cache retained; use --force to replace it.,pdf,2014-07-01-efc-schedule.pdf,au_pbs_archive_fb96e83bf0d22229,public_reuse_review,pending_human_review,au_pbs,https://www.pbs.gov.au/publication/schedule/2014/07/2014-07-01-efc-schedule.pdf?variant=3,au_pbs_archive_2014_07_01_fb96e83bf0d2,cached,data/derived/processes/historical_source_transformation.bpmn
https://www.pbs.gov.au/info/publication/schedule/2009,458406,data/raw_live/historical_sources/pbs_archive/au_pbs_archive_fb9969e4157bc6f2.pdf,e66635ab87b13acd0facaf88de4bb4b4cf98927d01da5607ad69aba33349ceb1,reimbursement_atlas:au_pbs_archive_2009_10_01_fb9969e4157b,Existing local cache retained; use --force to replace it.,pdf,2009-10-01-dental-book.pdf,au_pbs_archive_fb9969e4157bc6f2,public_reuse_review,pending_human_review,au_pbs,https://www.pbs.gov.au/publication/schedule/2009/2009-10-01-dental-book.pdf?variant=3,au_pbs_archive_2009_10_01_fb9969e4157b,cached,data/derived/processes/historical_source_transformation.bpmn
https://www.pbs.gov.au/info/publication/schedule/2014,341684,data/raw_live/historical_sources/pbs_archive/au_pbs_archive_fba13ef37648dbb3.pdf,f632254038c7417a11cca9c3f8574b954eefbf8a935edb04d26336c675d83eaf,reimbursement_atlas:au_pbs_archive_2014_08_01_fba13ef37648,Existing local cache retained; use --force to replace it.,pdf,2014-08-01-general-schedule-soc.pdf,au_pbs_archive_fba13ef37648dbb3,public_reuse_review,pending_human_review,au_pbs,https://www.pbs.gov.au/publication/schedule/2014/08/2014-08-01-general-schedule-soc.pdf?variant=3,au_pbs_archive_2014_08_01_fba13ef37648,cached,data/derived/processes/historical_source_transformation.bpmn
https://www.pbs.gov.au/info/publication/schedule/2007,52019,data/raw_live/historical_sources/pbs_archive/au_pbs_archive_fba9518959cb85ca.pdf,0ae3a95cb515d9f16507a60faea7a5a07dc3ce659b86fc3ea5ab15ac83c1b8f1,reimbursement_atlas:au_pbs_archive_2007_02_01_fba9518959cb,Existing local cache retained; use --force to replace it.,pdf,2007-02-01-dental-book-soc.pdf,au_pbs_archive_fba9518959cb85ca,public_reuse_review,pending_human_review,au_pbs,https://www.pbs.gov.au/publication/schedule/2007/2007-02-01-dental-book-soc.pdf?variant=3,au_pbs_archive_2007_02_01_fba9518959cb,cached,data/derived/processes/historical_source_transformation.bpmn
https://www.pbs.gov.au/info/publication/schedule/2019,2467165,data/raw_live/historical_sources/pbs_archive/au_pbs_archive_fbb2cc8316ad164c.pdf,29a1c245f9abf820531c0ba6ebd342e6ba08667d4b2090b5b5c1b2255ac8dc63,reimbursement_atlas:au_pbs_archive_2019_05_01_fbb2cc8316ad,Retrieved into ignored local cache.,pdf,2019-05-01-efc-schedule.pdf,au_pbs_archive_fbb2cc8316ad164c,public_reuse_review,pending_human_review,au_pbs,https://www.pbs.gov.au/publication/schedule/2019/05/2019-05-01-efc-schedule.pdf?variant=3,au_pbs_archive_2019_05_01_fbb2cc8316ad,downloaded,data/derived/processes/historical_source_transformation.bpmn
https://www.pbs.gov.au/info/publication/schedule/2017,4347284,data/raw_live/historical_sources/pbs_archive/au_pbs_archive_fbc5d58cf7a5c4c3.pdf,5d705ead181349d2189d9b1d68ed4f03b2cef60cf8b5df098b96421c8c36a7b8,reimbursement_atlas:au_pbs_archive_2017_12_01_fbc5d58cf7a5,Retrieved into ignored local cache.,pdf,2017-12-01-general-soc.pdf,au_pbs_archive_fbc5d58cf7a5c4c3,public_reuse_review,pending_human_review,au_pbs,https://www.pbs.gov.au/publication/schedule/2017/12/2017-12-01-general-soc.pdf?variant=3,au_pbs_archive_2017_12_01_fbc5d58cf7a5,downloaded,data/derived/processes/historical_source_transformation.bpmn
https://www.pbs.gov.au/info/publication/schedule/2021,2370775,data/raw_live/historical_sources/pbs_archive/au_pbs_archive_fbd898755baaf72c.pdf,85456aacca4e351ed8704a8235a0bf845fc25f29e46f7ba47d75731c6108165f,reimbursement_atlas:au_pbs_archive_2021_11_01_fbd898755baa,Retrieved into ignored local cache.,pdf,2021-11-01-efc-schedule.pdf,au_pbs_archive_fbd898755baaf72c,public_reuse_review,pending_human_review,au_pbs,https://www.pbs.gov.au/publication/schedule/2021/11/2021-11-01-efc-schedule.pdf?variant=3,au_pbs_archive_2021_11_01_fbd898755baa,downloaded,data/derived/processes/historical_source_transformation.bpmn
https://www.pbs.gov.au/info/publication/schedule/2023,879058,data/raw_live/historical_sources/pbs_archive/au_pbs_archive_fc015666d4414946.pdf,037727cd2aa0207459e986b18f4cb99a5b3e5ccaecdeb24b29c5c3e423a06c9c,reimbursement_atlas:au_pbs_archive_2023_02_01_fc015666d441,Existing local cache retained; use --force to replace it.,pdf,2023-02-01-general-soc.pdf,au_pbs_archive_fc015666d4414946,public_reuse_review,pending_human_review,au_pbs,https://www.pbs.gov.au/publication/schedule/2023/02/2023-02-01-general-soc.pdf?variant=3,au_pbs_archive_2023_02_01_fc015666d441,cached,data/derived/processes/historical_source_transformation.bpmn
https://www.pbs.gov.au/info/publication/schedule/2022,13210229,data/raw_live/historical_sources/pbs_archive/au_pbs_archive_fc2c9a9ac539b4ef.pdf,f7f09dba1fee737cc3b4db24629ad660a05a8bc366755973693cf6fb4b32dfd9,reimbursement_atlas:au_pbs_archive_2022_02_01_fc2c9a9ac539,Retrieved into ignored local cache.,pdf,2022-02-01-general-schedule-volume-2.pdf,au_pbs_archive_fc2c9a9ac539b4ef,public_reuse_review,pending_human_review,au_pbs,https://www.pbs.gov.au/publication/schedule/2022/02/2022-02-01-general-schedule-volume-2.pdf?variant=3,au_pbs_archive_2022_02_01_fc2c9a9ac539,downloaded,data/derived/processes/historical_source_transformation.bpmn
https://www.pbs.gov.au/info/publication/schedule/2019,59751317,data/raw_live/historical_sources/pbs_archive/au_pbs_archive_fc3ad28583e11d95.pdf,3699c92191a203dffe7cdd284c0523eb6ef90ac376b5301341bd2277a5c94e51,reimbursement_atlas:au_pbs_archive_2019_05_01_fc3ad28583e1,Retrieved into ignored local cache.,pdf,2019-05-01-general-schedule.pdf,au_pbs_archive_fc3ad28583e11d95,public_reuse_review,pending_human_review,au_pbs,https://www.pbs.gov.au/publication/schedule/2019/05/2019-05-01-general-schedule.pdf?variant=3,au_pbs_archive_2019_05_01_fc3ad28583e1,downloaded,data/derived/processes/historical_source_transformation.bpmn
https://www.pbs.gov.au/info/publication/schedule/2012,2522562,data/raw_live/historical_sources/pbs_archive/au_pbs_archive_fd0fe84c40180683.pdf,d9dc82f805ff35f674269fe991367426009854be9e45e12d5d36290ae1de7b06,reimbursement_atlas:au_pbs_archive_2012_07_01_fd0fe84c4018,Retrieved into ignored local cache.,pdf,2012-07-01-efc-schedule.pdf,au_pbs_archive_fd0fe84c40180683,public_reuse_review,pending_human_review,au_pbs,https://www.pbs.gov.au/publication/schedule/2012/07/2012-07-01-efc-schedule.pdf?variant=3,au_pbs_archive_2012_07_01_fd0fe84c4018,downloaded,data/derived/processes/historical_source_transformation.bpmn
https://www.pbs.gov.au/info/publication/schedule/2015,8799221,data/raw_live/historical_sources/pbs_archive/au_pbs_archive_fd193e02828e7101.pdf,d922162e46b207ac07fb4c090bde3f57d68619508a70d934450606f87d8951bf,reimbursement_atlas:au_pbs_archive_2015_01_01_fd193e02828e,Retrieved into ignored local cache.,pdf,2015-01-01-general-schedule.pdf,au_pbs_archive_fd193e02828e7101,public_reuse_review,pending_human_review,au_pbs,https://www.pbs.gov.au/publication/schedule/2015/01/2015-01-01-general-schedule.pdf?variant=3,au_pbs_archive_2015_01_01_fd193e02828e,downloaded,data/derived/processes/historical_source_transformation.bpmn
https://www.pbs.gov.au/info/publication/schedule/2017,56211829,data/raw_live/historical_sources/pbs_archive/au_pbs_archive_fd263a900a910b84.pdf,bab66a6213b190f93f951d83d5f21c5051e513e8d662d33b9978e7d3b1c40bf2,reimbursement_atlas:au_pbs_archive_2017_12_01_fd263a900a91,Retrieved into ignored local cache.,pdf,2017-12-01-general-schedule.pdf,au_pbs_archive_fd263a900a910b84,public_reuse_review,pending_human_review,au_pbs,https://www.pbs.gov.au/publication/schedule/2017/12/2017-12-01-general-schedule.pdf?variant=3,au_pbs_archive_2017_12_01_fd263a900a91,downloaded,data/derived/processes/historical_source_transformation.bpmn
https://www.pbs.gov.au/info/publication/schedule/2010,187787,data/raw_live/historical_sources/pbs_archive/au_pbs_archive_fe0a9edfae95b526.pdf,e0b005c7b1f98efd8dbb14eb6280056ca70b0cd02f01bcb2c3821f9ea7564c9f,reimbursement_atlas:au_pbs_archive_2010_01_01_fe0a9edfae95,Existing local cache retained; use --force to replace it.,pdf,2010-01-01-general-schedule-soc.pdf,au_pbs_archive_fe0a9edfae95b526,public_reuse_review,pending_human_review,au_pbs,https://www.pbs.gov.au/publication/schedule/2010/2010-01-01-general-schedule-soc.pdf?variant=3,au_pbs_archive_2010_01_01_fe0a9edfae95,cached,data/derived/processes/historical_source_transformation.bpmn
https://www.pbs.gov.au/info/publication/schedule/2010,38871,data/raw_live/historical_sources/pbs_archive/au_pbs_archive_fe223acb1c9591c1.pdf,0190cdd4da0848449e44dc1a6f8a826d959655a8a6c81df81a865c29f688f17c,reimbursement_atlas:au_pbs_archive_2010_04_01_fe223acb1c95,Existing local cache retained; use --force to replace it.,pdf,2010-04-01-dental-book-SOC.pdf,au_pbs_archive_fe223acb1c9591c1,public_reuse_review,pending_human_review,au_pbs,https://www.pbs.gov.au/publication/schedule/2010/2010-04-01-dental-book-SOC.pdf?variant=3,au_pbs_archive_2010_04_01_fe223acb1c95,cached,data/derived/processes/historical_source_transformation.bpmn
https://www.pbs.gov.au/info/publication/schedule/2011,102769,data/raw_live/historical_sources/pbs_archive/au_pbs_archive_fee28320ee316ee4.pdf,757f574f04cec46dab2d233a049b9e14fca908276c2c948af6ffb28a5113f38e,reimbursement_atlas:au_pbs_archive_2011_12_01_fee28320ee31,Existing local cache retained; use --force to replace it.,pdf,2011-12-01-efficient-funding-of-chemotherapy-erratum.pdf,au_pbs_archive_fee28320ee316ee4,public_reuse_review,pending_human_review,au_pbs,https://www.pbs.gov.au/publication/schedule/2011/12/2011-12-01-efficient-funding-of-chemotherapy-erratum.pdf?variant=3,au_pbs_archive_2011_12_01_fee28320ee31,cached,data/derived/processes/historical_source_transformation.bpmn
https://www.pbs.gov.au/info/publication/schedule/2022,1923791,data/raw_live/historical_sources/pbs_archive/au_pbs_archive_fee4da9fdf4fba44.pdf,f01f62dc923d408d8963e838fca8f4190de63ed380013894f405b1892ccf3b3a,reimbursement_atlas:au_pbs_archive_2022_03_01_fee4da9fdf4f,Retrieved into ignored local cache.,pdf,2022-03-01-general-soc.pdf,au_pbs_archive_fee4da9fdf4fba44,public_reuse_review,pending_human_review,au_pbs,https://www.pbs.gov.au/publication/schedule/2022/03/2022-03-01-general-soc.pdf?variant=3,au_pbs_archive_2022_03_01_fee4da9fdf4f,downloaded,data/derived/processes/historical_source_transformation.bpmn
https://www.pbs.gov.au/info/publication/schedule/2023,10637550,data/raw_live/historical_sources/pbs_archive/au_pbs_archive_ff3a74f0211246f2.pdf,22962e5296c761f9fcf17030b3e996315c6e4146810a1aba7eebbe50b2be395b,reimbursement_atlas:au_pbs_archive_2023_09_01_ff3a74f02112,Retrieved into ignored local cache.,pdf,2023-09-01-general-schedule-volume-2.pdf,au_pbs_archive_ff3a74f0211246f2,public_reuse_review,pending_human_review,au_pbs,https://www.pbs.gov.au/publication/schedule/2023/09/2023-09-01-general-schedule-volume-2.pdf?variant=3,au_pbs_archive_2023_09_01_ff3a74f02112,downloaded,data/derived/processes/historical_source_transformation.bpmn
https://www.pbs.gov.au/info/publication/schedule/2017,20133884,data/raw_live/historical_sources/pbs_archive/au_pbs_archive_ff5c55474642b275.pdf,1169cfc3223780b545a72ee6653e87baea0a11b1a917e04b45d1a3a03807c047,reimbursement_atlas:au_pbs_archive_2017_11_01_ff5c55474642,Retrieved into ignored local cache.,pdf,2017-11-01-general-schedule.pdf,au_pbs_archive_ff5c55474642b275,public_reuse_review,pending_human_review,au_pbs,https://www.pbs.gov.au/publication/schedule/2017/11/2017-11-01-general-schedule.pdf?variant=3,au_pbs_archive_2017_11_01_ff5c55474642,downloaded,data/derived/processes/historical_source_transformation.bpmn
https://www.pbs.gov.au/info/publication/schedule/2023,3197920,data/raw_live/historical_sources/pbs_archive/au_pbs_archive_ff69747c945d500d.pdf,8ebd7fe33efda4901bae7a7e91fc41e7ad388162008d61448460af6e84ce4328,reimbursement_atlas:au_pbs_archive_2023_07_01_ff69747c945d,Retrieved into ignored local cache.,pdf,2023-07-01-general-soc.pdf,au_pbs_archive_ff69747c945d500d,public_reuse_review,pending_human_review,au_pbs,https://www.pbs.gov.au/publication/schedule/2023/07/2023-07-01-general-soc.pdf?variant=3,au_pbs_archive_2023_07_01_ff69747c945d,downloaded,data/derived/processes/historical_source_transformation.bpmn
https://www.pbs.gov.au/info/publication/schedule/2020,11179553,data/raw_live/historical_sources/pbs_archive/au_pbs_archive_ff7333b6011df005.pdf,67f9f4ee91a3a3652c7f6ebf784e49ec84b1e5813ebc11fc98adb97a34406871,reimbursement_atlas:au_pbs_archive_2020_07_01_ff7333b6011d,Retrieved into ignored local cache.,pdf,2020-07-01-general-schedule-volume-2.pdf,au_pbs_archive_ff7333b6011df005,public_reuse_review,pending_human_review,au_pbs,https://www.pbs.gov.au/publication/schedule/2020/07/2020-07-01-general-schedule-volume-2.pdf?variant=3,au_pbs_archive_2020_07_01_ff7333b6011d,downloaded,data/derived/processes/historical_source_transformation.bpmn
https://www.pbs.gov.au/info/publication/schedule/2026,5306732,data/raw_live/historical_sources/pbs_archive/au_pbs_archive_ff7f8a879e8a3a7d.pdf,c8de86f181f3fa10634df60a4f8a692e1703262bc68325188af834de5f8699e8,reimbursement_atlas:au_pbs_archive_2026_04_01_ff7f8a879e8a,Existing local cache retained; use --force to replace it.,pdf,2026-04-01-general-soc.pdf,au_pbs_archive_ff7f8a879e8a3a7d,public_reuse_review,pending_human_review,au_pbs,https://www.pbs.gov.au/publication/schedule/2026/04/2026-04-01-general-soc.pdf?variant=3,au_pbs_archive_2026_04_01_ff7f8a879e8a,cached,data/derived/processes/historical_source_transformation.bpmn
https://www.pbs.gov.au/info/publication/schedule/2020,1101805,data/raw_live/historical_sources/pbs_archive/au_pbs_archive_ffa4151125a2e710.pdf,d1452cd32cafd5616526251eafaf8f2efb7320a81524a9aa156b929f7d7c2b15,reimbursement_atlas:au_pbs_archive_2020_08_01_ffa4151125a2,Existing local cache retained; use --force to replace it.,pdf,2020-08-01-general-soc.pdf,au_pbs_archive_ffa4151125a2e710,public_reuse_review,pending_human_review,au_pbs,https://www.pbs.gov.au/publication/schedule/2020/08/2020-08-01-general-soc.pdf?variant=3,au_pbs_archive_2020_08_01_ffa4151125a2,cached,data/derived/processes/historical_source_transformation.bpmn
https://www.pbs.gov.au/info/publication/schedule/2011,333326,data/raw_live/historical_sources/pbs_archive/au_pbs_archive_ffab30a22e94c45a.pdf,5494856015689e0d330106960fe9f8495f457ed454667752e84df46a93faa531,reimbursement_atlas:au_pbs_archive_2011_05_01_ffab30a22e94,Existing local cache retained; use --force to replace it.,pdf,2011-05-01-general-schedule-SOC.pdf,au_pbs_archive_ffab30a22e94c45a,public_reuse_review,pending_human_review,au_pbs,https://www.pbs.gov.au/publication/schedule/2011/05/2011-05-01-general-schedule-SOC.pdf?variant=3,au_pbs_archive_2011_05_01_ffab30a22e94,cached,data/derived/processes/historical_source_transformation.bpmn
https://www.pbs.gov.au/info/publication/schedule/2018,3870094,data/raw_live/historical_sources/pbs_archive/au_pbs_archive_ffcce3e2fce4ef01.pdf,987b6c7862cc47e95266e09fca4a86d7a9a967e166d7eea4b92bf8cf0e415444,reimbursement_atlas:au_pbs_archive_2018_04_01_ffcce3e2fce4,Existing local cache retained; use --force to replace it.,pdf,2018-04-01-efc-schedule.pdf,au_pbs_archive_ffcce3e2fce4ef01,public_reuse_review,pending_human_review,au_pbs,https://www.pbs.gov.au/publication/schedule/2018/04/2018-04-01-efc-schedule.pdf?variant=3,au_pbs_archive_2018_04_01_ffcce3e2fce4,cached,data/derived/processes/historical_source_transformation.bpmn
