acquisition_id,admission_state,byte_size,event_id,evidence_disposition,media_type,notes,outcome,payload_sha256,predecessor_event_sha256,retrieved_at,rights_state,source_id,source_locator,source_published_at,source_version_id
sha256:2ba3a9d5eb5839a462d2df64709adda3ea85174f39f5967fa44b9aee8ce5e2b2,admitted,1730931,event:0008eb0ff5adce0a11995a355e4f00f11d1d37fdd80bb4f468d2de7e46c63eba,rights_constrained_reference,pdf,B1 historical acquisition receipt; ignored cache path and transfer diagnostics omitted.,acquired,2ba3a9d5eb5839a462d2df64709adda3ea85174f39f5967fa44b9aee8ce5e2b2,,2026-08-25T14:44:19.015313+00:00,public_reuse_review,au_mbs,https://www.mbsonline.gov.au/internet/mbsonline/publishing.nsf/Content/5DCECCA2E8B2062CCA2586F100070995/$File/202007-Cat6.pdf,,au_mbs_historical_0181
sha256:b3f5f8a57e9f7233aaa7ae1bc4d8890444b5bd8f41a11a82154dec9283a9b54a,admitted,900055,event:00912d12ddbfe1b5219ffe49a7654ddc689ec83d523c2efe35b707765fb31400,rights_constrained_reference,pdf,B1 historical acquisition receipt; ignored cache path and transfer diagnostics omitted.,acquired,b3f5f8a57e9f7233aaa7ae1bc4d8890444b5bd8f41a11a82154dec9283a9b54a,,2026-08-25T14:44:19.015313+00:00,public_reuse_review,au_mbs,https://www.mbsonline.gov.au/internet/mbsonline/publishing.nsf/Content/A7F6A9DA0E280DCCCA2586140008B368/$File/201509-Optom.pdf,,au_mbs_historical_0257
sha256:4c9a55085e9da6be21c286088fbcb8188f8a65dda0a334513e57d1bc0414cfac,admitted,547879,event:0198e51dae7b9b0f3537e4dc22130438a1048af6494abc6fed75b7679fd5a17a,rights_constrained_reference,pdf,B1 historical acquisition receipt; ignored cache path and transfer diagnostics omitted.,acquired,4c9a55085e9da6be21c286088fbcb8188f8a65dda0a334513e57d1bc0414cfac,,2026-08-25T14:44:19.015313+00:00,public_reuse_review,au_mbs,https://www.mbsonline.gov.au/internet/mbsonline/publishing.nsf/Content/B013E0789A07D708CA258B030013670A/$File/PDF%20Version%20-%201%20July%202024%20Category%207%20-%20Cleft%20and%20Craniofacial%20Services.pdf,,au_mbs_historical_0266
sha256:1a2ef43a4e129ac1827407f7f8adce7b437ae94ebcd5c5ad25ae793d08ab16bd,admitted,1259274,event:0359689d9dbc181ccc5a5aed6a7468b49fdba659affc1e6af767bfcea3b1d6f7,rights_constrained_reference,pdf,B1 historical acquisition receipt; ignored cache path and transfer diagnostics omitted.,acquired,1a2ef43a4e129ac1827407f7f8adce7b437ae94ebcd5c5ad25ae793d08ab16bd,,2026-08-25T14:44:19.015313+00:00,public_reuse_review,au_mbs,https://www.mbsonline.gov.au/internet/mbsonline/publishing.nsf/Content/4C767FC45843CB02CA25898500825ACA/$File/PDF%20version%20of%20the%20July%202023%20Category%206%20-%20Pathology%20Services%C2%A0.pdf,,au_mbs_historical_0058
sha256:c0abf948f08717d8bb3807af44f57342ff8cdf8da30905add7db8bf4a3e6310f,admitted,721083,event:037b1f7334d549501da00fbb1d61ee19b622b3a7bbe3bc98efa8ea7f4fb2e0fc,rights_constrained_reference,pdf,B1 historical acquisition receipt; ignored cache path and transfer diagnostics omitted.,acquired,c0abf948f08717d8bb3807af44f57342ff8cdf8da30905add7db8bf4a3e6310f,,2026-08-25T14:44:19.015313+00:00,public_reuse_review,au_mbs,https://www.mbsonline.gov.au/internet/mbsonline/publishing.nsf/Content/515793D58E889BD0CA257CD100033990/$File/2002-05-MBS.pdf,,au_mbs_historical_0123
sha256:ce40e229ab7306c55e3d397b64071d490d791ad5024034919423db880c57e1c6,admitted,1979845,event:03f8824559ef09194ea4b501c09b9d8a62585954195b46b25d1210bf88faa290,rights_constrained_reference,text/csv,B1 event projected from a reviewed source-bundle snapshot; local raw path omitted.,acquired,ce40e229ab7306c55e3d397b64071d490d791ad5024034919423db880c57e1c6,,2026-07-27T00:00:00+10:00,permissive,us_cms_mcd,https://downloads.cms.gov/medicare-coverage-database/downloads/exports/ncd.zip,,us_cms_mcd_ncd_2026_07_20
sha256:9ebe0d887babc8187eb3400c7797c8e987d46e2333be9ae59b0d31078dd9deb7,admitted,17130377,event:05141dc942ce9e8b4a20fe0f247cd06a67f63d880988b649774713b18ff435fc,rights_constrained_reference,pdf,B1 historical acquisition receipt; ignored cache path and transfer diagnostics omitted.,acquired,9ebe0d887babc8187eb3400c7797c8e987d46e2333be9ae59b0d31078dd9deb7,,2026-08-25T14:44:19.015313+00:00,public_reuse_review,au_mbs,https://www.mbsonline.gov.au/internet/mbsonline/publishing.nsf/Content/70CAF134CEE45219CA258614007874F8/$File/2015601-MBS.pdf,,au_mbs_historical_0188
sha256:4bfda922cfefa42e9ee076b34314df3d6c4cd1cd693ad19789ae4c19bba12ba7,admitted,876523,event:05ea1b7dff600d44a05404e0645c3d518eeb8e7f4143337a8577dbfd51e1213b,rights_constrained_reference,pdf,B1 historical acquisition receipt; ignored cache path and transfer diagnostics omitted.,acquired,4bfda922cfefa42e9ee076b34314df3d6c4cd1cd693ad19789ae4c19bba12ba7,,2026-08-25T14:44:19.015313+00:00,public_reuse_review,au_mbs,https://www.mbsonline.gov.au/internet/mbsonline/publishing.nsf/Content/515793D58E889BD0CA257CD100033990/$File/1997-11-CLaCP.pdf,,au_mbs_historical_0107
sha256:821f105ccd2704cb2b541ac7bff456d351547acd5c8c6ccd1ff764cf07d32f3c,admitted,11809705,event:071428cd0d9ad23eb0438880013bbd426676f3480af355055ee1754bcc8cd4e8,rights_constrained_reference,pdf,B1 historical acquisition receipt; ignored cache path and transfer diagnostics omitted.,acquired,821f105ccd2704cb2b541ac7bff456d351547acd5c8c6ccd1ff764cf07d32f3c,,2026-08-25T14:44:19.015313+00:00,public_reuse_review,au_mbs,https://www.mbsonline.gov.au/internet/mbsonline/publishing.nsf/Content/293EEBA9AB153C56CA2584EB001547AF/$File/MBSBookR1.pdf,,au_mbs_historical_0030
sha256:1d8a3c372439e1a4de0701623ccb12297745db24710503dcf30fefff8c9f8294,admitted,19188567,event:076fba50180c83b05ba6106c18b7fdd50de1ac390fa7f772f517aabe4204fcb2,rights_constrained_reference,pdf,B1 historical acquisition receipt; ignored cache path and transfer diagnostics omitted.,acquired,1d8a3c372439e1a4de0701623ccb12297745db24710503dcf30fefff8c9f8294,,2026-08-25T14:44:19.015313+00:00,public_reuse_review,au_mbs,https://www.mbsonline.gov.au/internet/mbsonline/publishing.nsf/Content/515793D58E889BD0CA257CD100033990/$File/1975-MBS.pdf,,au_mbs_historical_0073
sha256:c7a4bcd62783ab7347553a1425721b772598b446d347bc63fc06e005c498a010,admitted,356141,event:07a5ccfd132797a761d663d0c22cb53c7679cd902af6627ac1fdf94a26f1a497,rights_constrained_reference,pdf,B1 historical acquisition receipt; ignored cache path and transfer diagnostics omitted.,acquired,c7a4bcd62783ab7347553a1425721b772598b446d347bc63fc06e005c498a010,,2026-08-25T14:44:19.015313+00:00,public_reuse_review,au_mbs,https://www.mbsonline.gov.au/internet/mbsonline/publishing.nsf/Content/94D54B959677561ECA2585FF000015E3/$File/201301-Optom.pdf,,au_mbs_historical_0230
sha256:5ab0ef576d05d48fabd858df3d946e7777250310d1eef13d38d79b3138dd244d,admitted,18710493,event:080a2ce47401c5178f103c3474d8ac25c67ce6bbcb9b9f026938a3091c6daf62,rights_constrained_reference,pdf,B1 historical acquisition receipt; ignored cache path and transfer diagnostics omitted.,acquired,5ab0ef576d05d48fabd858df3d946e7777250310d1eef13d38d79b3138dd244d,,2026-08-25T14:44:19.015313+00:00,public_reuse_review,au_mbs,https://www.mbsonline.gov.au/internet/mbsonline/publishing.nsf/Content/515793D58E889BD0CA257CD100033990/$File/1994-11-MBS.pdf,,au_mbs_historical_0098
sha256:5baf4494a73026ef267e70974e0317469165aca8cfc869fb0e56fb3000d309e9,admitted,355940,event:0893a0268937ed5b4c80053b69b74cc202a23ff330b6714595e0f7cbe04e4907,rights_constrained_reference,pdf,B1 historical acquisition receipt; ignored cache path and transfer diagnostics omitted.,acquired,5baf4494a73026ef267e70974e0317469165aca8cfc869fb0e56fb3000d309e9,,2026-08-25T14:44:19.015313+00:00,public_reuse_review,au_mbs,https://www.mbsonline.gov.au/internet/mbsonline/publishing.nsf/Content/B900536D4B582E61CA2585FF0006926F/$File/201407-Optom.PDF,,au_mbs_historical_0278
sha256:b1d96bfc3384f87a6ae312e27ec41d4efd4e1e29beafca27f7b4c567d50fc2a9,admitted,201236,event:0a8b59c830b21adbb159fe08b25be451b9e2b0ee9d5074dc60667a215b652b58,rights_constrained_reference,pdf,B1 historical acquisition receipt; ignored cache path and transfer diagnostics omitted.,acquired,b1d96bfc3384f87a6ae312e27ec41d4efd4e1e29beafca27f7b4c567d50fc2a9,,2026-08-25T14:44:19.015313+00:00,public_reuse_review,au_mbs,https://www.mbsonline.gov.au/internet/mbsonline/publishing.nsf/Content/515793D58E889BD0CA257CD100033990/$File/2007-11-CLACP.pdf,,au_mbs_historical_0149
sha256:05c59665124fd5145ebd0702d8ac8f1baaa4efa02daaedc9ab899c87c5120095,admitted,801512,event:0ada0714e442c5c9becff9ab60f1d0dca360e6a620641d85f4a97d3a9d70d5dd,rights_constrained_reference,pdf,B1 historical acquisition receipt; ignored cache path and transfer diagnostics omitted.,acquired,05c59665124fd5145ebd0702d8ac8f1baaa4efa02daaedc9ab899c87c5120095,,2026-08-25T14:44:19.015313+00:00,public_reuse_review,au_mbs,https://www.mbsonline.gov.au/internet/mbsonline/publishing.nsf/Content/A7F6A9DA0E280DCCCA2586140008B368/$File/201501-Optom.pdf,,au_mbs_historical_0251
sha256:88f818a130faa0df9ff590ebe4c0fe881af8c409ed1f0d3aca2d911d1714fea3,admitted,11585789,event:0af2cef0b93307e3aabf1ad88f0f3a231cbda91cd92f1a5fedd98dc1d248da88,rights_constrained_reference,pdf,B1 historical acquisition receipt; ignored cache path and transfer diagnostics omitted.,acquired,88f818a130faa0df9ff590ebe4c0fe881af8c409ed1f0d3aca2d911d1714fea3,,2026-08-25T14:44:19.015313+00:00,public_reuse_review,au_mbs,https://www.mbsonline.gov.au/internet/mbsonline/publishing.nsf/Content/148049BCC6D57ED4CA25889F00110A8A/$File/1%20November%202022%20MBS%20Book.pdf,,au_mbs_historical_0012
sha256:8c8c2acd07c1eea3119d60ece574ea00fb899f65b217b1ce9065db4cb28f9538,admitted,16988274,event:0bc222e56b08d9206bde6e6d93ed0d53908ccf5a7476d5675d1a3c66afeb9461,rights_constrained_reference,pdf,B1 historical acquisition receipt; ignored cache path and transfer diagnostics omitted.,acquired,8c8c2acd07c1eea3119d60ece574ea00fb899f65b217b1ce9065db4cb28f9538,,2026-08-25T14:44:19.015313+00:00,public_reuse_review,au_mbs,https://www.mbsonline.gov.au/internet/mbsonline/publishing.nsf/Content/40901A5DCA1CD593CA258614007F45C1/$File/201712-MBS.pdf,,au_mbs_historical_0051
sha256:10a87cdbba38a5678a72aecab7f033085fde2af1f7c85cfa277e1e1680851c4a,admitted,16876913,event:0de918bfd373a04cdf22eff6b2e5c4e4af555e76f4e88c83db28bbc5ed0ffe33,rights_constrained_reference,pdf,B1 historical acquisition receipt; ignored cache path and transfer diagnostics omitted.,acquired,10a87cdbba38a5678a72aecab7f033085fde2af1f7c85cfa277e1e1680851c4a,,2026-08-25T14:44:19.015313+00:00,public_reuse_review,au_mbs,https://www.mbsonline.gov.au/internet/mbsonline/publishing.nsf/Content/70CAF134CEE45219CA258614007874F8/$File/201607-MBS.pdf,,au_mbs_historical_0194
sha256:bc01b69c1026f8d110ebcd1f29f17aa9f3a034fd6772a19a986be62d04725355,admitted,3175925,event:0e6ddb7440ec3febdbdb61cd418f0cbf62e1bccc6856569576f00c5d1f821a36,rights_constrained_reference,pdf,B1 historical acquisition receipt; ignored cache path and transfer diagnostics omitted.,acquired,bc01b69c1026f8d110ebcd1f29f17aa9f3a034fd6772a19a986be62d04725355,,2026-08-25T14:44:19.015313+00:00,public_reuse_review,au_mbs,https://www.mbsonline.gov.au/internet/mbsonline/publishing.nsf/Content/515793D58E889BD0CA257CD100033990/$File/1991-05-MBS.pdf,,au_mbs_historical_0088
sha256:d008d01c02c34beaa8383d506f713da762e90221b42104580ba50c3de7981759,admitted,1869833,event:0ea40e2b7cd1ba95e7264771f0ac452350f42f99e9233a7cb74949868734701b,rights_constrained_reference,pdf,B1 historical acquisition receipt; ignored cache path and transfer diagnostics omitted.,acquired,d008d01c02c34beaa8383d506f713da762e90221b42104580ba50c3de7981759,,2026-08-25T14:44:19.015313+00:00,public_reuse_review,au_mbs,https://www.mbsonline.gov.au/internet/mbsonline/publishing.nsf/Content/4C767FC45843CB02CA25898500825ACA/$File/PDF%20version%20of%20the%20July%202023%20Category%208%20-%20Miscellaneous%20Services.pdf,,au_mbs_historical_0060
sha256:01ad3ee276d2636280e50239db091f18696661c3d25db52078f3cf8e350f1e40,admitted,901703,event:104c42c5362587ee480368df13ec62f2ee151dda4c68ca44def3bf3b89177db8,rights_constrained_reference,pdf,B1 historical acquisition receipt; ignored cache path and transfer diagnostics omitted.,acquired,01ad3ee276d2636280e50239db091f18696661c3d25db52078f3cf8e350f1e40,,2026-08-25T14:44:19.015313+00:00,public_reuse_review,au_mbs,https://www.mbsonline.gov.au/internet/mbsonline/publishing.nsf/Content/70CAF134CEE45219CA258614007874F8/$File/201601-Optom.pdf,,au_mbs_historical_0189
sha256:4144f7bbde938eb9989a730cee4ca99c8cdb5de225fcb41a82624be79cabae2e,admitted,1330289,event:122d216f68c662c66c99b4545339dfc82ad4783de515584912b3f5b00615ab7d,rights_constrained_reference,pdf,B1 historical acquisition receipt; ignored cache path and transfer diagnostics omitted.,acquired,4144f7bbde938eb9989a730cee4ca99c8cdb5de225fcb41a82624be79cabae2e,,2026-08-25T14:44:19.015313+00:00,public_reuse_review,au_mbs,https://www.mbsonline.gov.au/internet/mbsonline/publishing.nsf/Content/FBE6CC5B217AC8DACA25859E0016F5A3/$File/202107-cat6f.pdf,,au_mbs_historical_0335
sha256:54bea214e2e98acc8dd273db65ca7e0e64e0ebb7454c0cebf83f8a28013dd38f,admitted,3991373,event:1269ad626180b5167586544f6f985ab84d16a7ccf0e6bb762302d0d560e2fa20,rights_constrained_reference,pdf,B1 historical acquisition receipt; ignored cache path and transfer diagnostics omitted.,acquired,54bea214e2e98acc8dd273db65ca7e0e64e0ebb7454c0cebf83f8a28013dd38f,,2026-08-25T14:44:19.015313+00:00,public_reuse_review,au_mbs,https://www.mbsonline.gov.au/internet/mbsonline/publishing.nsf/Content/515793D58E889BD0CA257CD100033990/$File/200911-MBS.pdf,,au_mbs_historical_0165
sha256:9cbf62467721f22c02fddae3de6597e5171272708c981bcb3c6608240956cb51,admitted,1263788,event:1338a340da35b9baecefc9aab45bc18d565125221fa3eb96a2bb9a5391c500b8,rights_constrained_reference,zip,B1 historical acquisition receipt; ignored cache path and transfer diagnostics omitted.,acquired,9cbf62467721f22c02fddae3de6597e5171272708c981bcb3c6608240956cb51,,2026-08-25T14:44:19.015313+00:00,public_reuse_review,au_mbs,https://www.mbsonline.gov.au/internet/mbsonline/publishing.nsf/Content/293EEBA9AB153C56CA2584EB001547AF/$File/202003-mbs.zip,,au_mbs_historical_0029
sha256:e490b7f1cd6dabb4c69d2f7f6d246757c9a49fc9cd3b76f9594f9350a1ecee19,admitted,1384781,event:13a6219c658cca859cdb8c5414901ddb95da92c75b164b058ac2e5e9339988b7,rights_constrained_reference,pdf,B1 historical acquisition receipt; ignored cache path and transfer diagnostics omitted.,acquired,e490b7f1cd6dabb4c69d2f7f6d246757c9a49fc9cd3b76f9594f9350a1ecee19,,2026-08-25T14:44:19.015313+00:00,public_reuse_review,au_mbs,https://www.mbsonline.gov.au/internet/mbsonline/publishing.nsf/Content/515793D58E889BD0CA257CD100033990/$File/1993-05-MBS.pdf,,au_mbs_historical_0094
sha256:1ba04e577235ff871c6836bbcc2adcdef247370772dd6558edebce9adf2df397,admitted,216131,event:14d980e257c6290b79e8804233d336a6ac5869adc16efa8e451ac395830da0af,rights_constrained_reference,text/csv,B1 event projected from a reviewed source-bundle snapshot; local raw path omitted.,acquired,1ba04e577235ff871c6836bbcc2adcdef247370772dd6558edebce9adf2df397,,2026-07-23T01:56:45.822205+00:00,public_reuse_review,us_cms_pfs,https://www.cms.gov/medicare/payment/physician-fee-schedule/search,,us_cms_pfs_2026_revision_c_carrier
sha256:f7debb6b3a71f83da20428366699b2c113d1641122e70e0092c507836a11c736,admitted,3675695,event:151453e41f7c3400bd3aa722c1d4dde1f83448e38a8279b77ec922ebd5bc34c2,rights_constrained_reference,pdf,B1 historical acquisition receipt; ignored cache path and transfer diagnostics omitted.,acquired,f7debb6b3a71f83da20428366699b2c113d1641122e70e0092c507836a11c736,,2026-08-25T14:44:19.015313+00:00,public_reuse_review,au_mbs,https://www.mbsonline.gov.au/internet/mbsonline/publishing.nsf/Content/8F3FA58ED97DCA35CA2584BE00111151/$File/202001-Cat1%2017Jan2020.pdf,,au_mbs_historical_0198
sha256:d18f8e881707f1b20b8372ec3396b9614cb8170d592814480934f327b282e63d,admitted,1043483,event:16858d077179bb2029d4c622ce8c659b9606283c2ff7591d8b2576bcdd25acc5,rights_constrained_reference,pdf,B1 historical acquisition receipt; ignored cache path and transfer diagnostics omitted.,acquired,d18f8e881707f1b20b8372ec3396b9614cb8170d592814480934f327b282e63d,,2026-08-25T14:44:19.015313+00:00,public_reuse_review,au_mbs,https://www.mbsonline.gov.au/internet/mbsonline/publishing.nsf/Content/DD4BF54A34D823FDCA25881700139AD5/$File/202207-Cat7d.pdf,,au_mbs_historical_0291
sha256:0913aa5f6ba9bcbb587f8ec39c1b35233b787b819c5e8ba3bf0a11d0d3b974e3,admitted,189071,event:1693ec36aefe884ee78c18dfd1a3613e1c545bbb5a06b76a5e51569cefcafe15,rights_constrained_reference,pdf,B1 historical acquisition receipt; ignored cache path and transfer diagnostics omitted.,acquired,0913aa5f6ba9bcbb587f8ec39c1b35233b787b819c5e8ba3bf0a11d0d3b974e3,,2026-08-25T14:44:19.015313+00:00,public_reuse_review,au_mbs,https://www.mbsonline.gov.au/internet/mbsonline/publishing.nsf/Content/E137A6BDE8494881CA2585FF000A72FF/$File/201201-Dental.pdf,,au_mbs_historical_0296
sha256:22510203966e992f7b05fa8b892b1b3846ef9425a033ab5f608745743e18d1fe,admitted,12281944,event:17c02440423437e6bb6c7729f2227ccb650427838313281e0a95ed1831eb5cb4,rights_constrained_reference,pdf,B1 historical acquisition receipt; ignored cache path and transfer diagnostics omitted.,acquired,22510203966e992f7b05fa8b892b1b3846ef9425a033ab5f608745743e18d1fe,,2026-08-25T14:44:19.015313+00:00,public_reuse_review,au_mbs,https://www.mbsonline.gov.au/internet/mbsonline/publishing.nsf/Content/F540E955EFE9BFD5CA25861500000C28/$File/201907-MBS.pdf,,au_mbs_historical_0325
sha256:19fb716788952deb1e36d524698e2c02fb328e33e87b15d418e6bc1df62e9a7c,admitted,1461136,event:17da2cefb5acbd54684f9e12ed5d3e4e67f7a7a15f607d9dd45ba01f1694997a,rights_constrained_reference,pdf,B1 historical acquisition receipt; ignored cache path and transfer diagnostics omitted.,acquired,19fb716788952deb1e36d524698e2c02fb328e33e87b15d418e6bc1df62e9a7c,,2026-08-25T14:44:19.015313+00:00,public_reuse_review,au_mbs,https://www.mbsonline.gov.au/internet/mbsonline/publishing.nsf/Content/B900536D4B582E61CA2585FF0006926F/$File/201403-Allied.PDF,,au_mbs_historical_0273
sha256:3662b4a0dc2169f3cce448803b26c8e11fc1fdea81bc23ad18a0674e9ad4fc4a,admitted,16714590,event:184a92e8d270617f6597b6fd063a12617010caa5915534051a34dad76797cb97,rights_constrained_reference,pdf,B1 historical acquisition receipt; ignored cache path and transfer diagnostics omitted.,acquired,3662b4a0dc2169f3cce448803b26c8e11fc1fdea81bc23ad18a0674e9ad4fc4a,,2026-08-25T14:44:19.015313+00:00,public_reuse_review,au_mbs,https://www.mbsonline.gov.au/internet/mbsonline/publishing.nsf/Content/A7F6A9DA0E280DCCCA2586140008B368/$File/201507-MBS.pdf,,au_mbs_historical_0254
sha256:90d7e6bef5630e4ce709fc7820e28184fa78149f45b9922b67e5554391c31857,admitted,13243692,event:18ef7c7af244f8d3045ff3fad4b77bd14a3b2860ad94f3117728e1a4df880881,rights_constrained_reference,pdf,B1 historical acquisition receipt; ignored cache path and transfer diagnostics omitted.,acquired,90d7e6bef5630e4ce709fc7820e28184fa78149f45b9922b67e5554391c31857,,2026-08-25T14:44:19.015313+00:00,public_reuse_review,au_mbs,https://www.mbsonline.gov.au/internet/mbsonline/publishing.nsf/Content/CAAE520031F2799DCA258AA5000C0848/$File/PDF%20Version%20of%20the%20MBSBook%20-%201%20March%202024.pdf,,au_mbs_historical_0283
sha256:01dda9146d51d1e465b86696535331cab76f3529662c1bfd000e8339f7090464,admitted,275532,event:18ffb64e0f639a6643e4cd2cca3352097535e6843e9acd114c61199029c24529,rights_constrained_reference,pdf,B1 historical acquisition receipt; ignored cache path and transfer diagnostics omitted.,acquired,01dda9146d51d1e465b86696535331cab76f3529662c1bfd000e8339f7090464,,2026-08-25T14:44:19.015313+00:00,public_reuse_review,au_mbs,https://www.mbsonline.gov.au/internet/mbsonline/publishing.nsf/Content/E137A6BDE8494881CA2585FF000A72FF/$File/201201-Allied.pdf,,au_mbs_historical_0295
sha256:5e0e74b09eb039382d2ca4e72a05bb89f5ceea501953a7cdd8b4ba980731010e,admitted,513150,event:1a0836f16b2e48c5df5f2de8f2d07c45fbfac351634fb1592b2a464eedbb089d,rights_constrained_reference,pdf,B1 historical acquisition receipt; ignored cache path and transfer diagnostics omitted.,acquired,5e0e74b09eb039382d2ca4e72a05bb89f5ceea501953a7cdd8b4ba980731010e,,2026-08-25T14:44:19.015313+00:00,public_reuse_review,au_mbs,https://www.mbsonline.gov.au/internet/mbsonline/publishing.nsf/Content/515793D58E889BD0CA257CD100033990/$File/2003-11-Optom.pdf,,au_mbs_historical_0130
sha256:1641701d0888230a0efae38763ba64b56693021f4a23f567366e86c9a92706b6,admitted,845332,event:1c1e64c503fc6bf2e94a46fc2e09d7dd9370b8173b2b976d5393a20bdb051325,rights_constrained_reference,pdf,B1 historical acquisition receipt; ignored cache path and transfer diagnostics omitted.,acquired,1641701d0888230a0efae38763ba64b56693021f4a23f567366e86c9a92706b6,,2026-08-25T14:44:19.015313+00:00,public_reuse_review,au_mbs,https://www.mbsonline.gov.au/internet/mbsonline/publishing.nsf/Content/4EFCF78281A91736CA258654001138AF/$File/202103-cat7.pdf,,au_mbs_historical_0068
sha256:992789042b4d491d0a3ecb4f36ab4067f038a38e6613a46028f91357391d9db5,admitted,355974,event:1c3a03142c6d6e3295b1ebbf073be9b816df02aca7cab4cc3b86288cc8c9f806,rights_constrained_reference,pdf,B1 historical acquisition receipt; ignored cache path and transfer diagnostics omitted.,acquired,992789042b4d491d0a3ecb4f36ab4067f038a38e6613a46028f91357391d9db5,,2026-08-25T14:44:19.015313+00:00,public_reuse_review,au_mbs,https://www.mbsonline.gov.au/internet/mbsonline/publishing.nsf/Content/94D54B959677561ECA2585FF000015E3/$File/201310-Optom.pdf,,au_mbs_historical_0242
sha256:3c517019655bcceff79d3c133c4947a9d1bc49de427c5a4e66391f4026227c14,admitted,18309269,event:1c5cbf3c7981f0e00b884434d4584a8be628aca4b89dc0e71bc6da17b1caae27,rights_constrained_reference,pdf,B1 historical acquisition receipt; ignored cache path and transfer diagnostics omitted.,acquired,3c517019655bcceff79d3c133c4947a9d1bc49de427c5a4e66391f4026227c14,,2026-08-25T14:44:19.015313+00:00,public_reuse_review,au_mbs,https://www.mbsonline.gov.au/internet/mbsonline/publishing.nsf/Content/F540E955EFE9BFD5CA25861500000C28/$File/201901-MBS.pdf,,au_mbs_historical_0320
sha256:98938dc1ae6fe291702643a7708abbb341247dbfa6dd6b59e684d28578213e46,admitted,489691,event:1d341eb7625a792ef8952c488d60a1c7d3f6c583e35e6772a112c9588201bdcc,rights_constrained_reference,pdf,B1 historical acquisition receipt; ignored cache path and transfer diagnostics omitted.,acquired,98938dc1ae6fe291702643a7708abbb341247dbfa6dd6b59e684d28578213e46,,2026-08-25T14:44:19.015313+00:00,public_reuse_review,au_mbs,https://www.mbsonline.gov.au/internet/mbsonline/publishing.nsf/Content/317ACF6351081DB5CA2585FF00086C40/$File/201107-Dental.pdf,,au_mbs_historical_0037
sha256:635ef79c39f8c43ce838554d641de8c03a90b5efc32c46fd5c453f52f0364fa1,admitted,244883,event:1ef912abb9cee546b54508de328e89a5a6b436a91376ac164208b4486419c5ea,rights_constrained_reference,pdf,B1 historical acquisition receipt; ignored cache path and transfer diagnostics omitted.,acquired,635ef79c39f8c43ce838554d641de8c03a90b5efc32c46fd5c453f52f0364fa1,,2026-08-25T14:44:19.015313+00:00,public_reuse_review,au_mbs,https://www.mbsonline.gov.au/internet/mbsonline/publishing.nsf/Content/515793D58E889BD0CA257CD100033990/$File/2002-11-CLACP.pdf,,au_mbs_historical_0124
sha256:b227defd1f54b7836558a92d875905f0fa4e7cb27951539d142ad36cc6712d0d,admitted,1123238,event:1f9c2d3d8bf835cbc19d5804f8797de7fffd8c0b6a1f41b05c162dbb0a268ea0,rights_constrained_reference,application/vnd.openxmlformats-officedocument.spreadsheetml.sheet,B1 event projected from a reviewed source-bundle snapshot; local raw path omitted.,acquired,b227defd1f54b7836558a92d875905f0fa4e7cb27951539d142ad36cc6712d0d,,2026-07-27T00:00:00+10:00,public_reuse_review,uk_nhs_payment_scheme,https://www.england.nhs.uk/wp-content/uploads/2026/03/26-27-NHSPS-Annex-A-Prices-workbook.xlsx,,uk_nhs_payment_scheme_2026_27_annex_a
sha256:5d1bb1fad4c464d7159b24b0bb2d159b83e56ddea8ca545d4dcd20f0694663ba,admitted,16675878,event:2036057e8a0fbf21d157b57c97b20a5e1221111dc71f53a2aee27e7a4b12935c,rights_constrained_reference,pdf,B1 historical acquisition receipt; ignored cache path and transfer diagnostics omitted.,acquired,5d1bb1fad4c464d7159b24b0bb2d159b83e56ddea8ca545d4dcd20f0694663ba,,2026-08-25T14:44:19.015313+00:00,public_reuse_review,au_mbs,https://www.mbsonline.gov.au/internet/mbsonline/publishing.nsf/Content/B900536D4B582E61CA2585FF0006926F/$File/201401-MBS.PDF,,au_mbs_historical_0272
sha256:1ebe79eac741dc755e3ca725fcef45c25ac9adc16f8cbc77b5fdd0f688011f1d,admitted,327674,event:20384fbc8a791d6d6c0bc5c047de8a80ce5a01117df973784f8697852de15518,rights_constrained_reference,pdf,B1 historical acquisition receipt; ignored cache path and transfer diagnostics omitted.,acquired,1ebe79eac741dc755e3ca725fcef45c25ac9adc16f8cbc77b5fdd0f688011f1d,,2026-08-25T14:44:19.015313+00:00,public_reuse_review,au_mbs,https://www.mbsonline.gov.au/internet/mbsonline/publishing.nsf/Content/515793D58E889BD0CA257CD100033990/$File/2004-11-Optom.pdf,,au_mbs_historical_0134
sha256:f78f0d382125533e414cbd8775c81427052d187f0c7aa1c5ac03d559ed4731bc,admitted,8010136,event:219b28e602ca2ac96847c0336594ba1b03cceebb5cf9c5e9262c70b38df610c8,rights_constrained_reference,pdf,B1 historical acquisition receipt; ignored cache path and transfer diagnostics omitted.,acquired,f78f0d382125533e414cbd8775c81427052d187f0c7aa1c5ac03d559ed4731bc,,2026-08-25T14:44:19.015313+00:00,public_reuse_review,au_mbs,https://www.mbsonline.gov.au/internet/mbsonline/publishing.nsf/Content/40901A5DCA1CD593CA258614007F45C1/$File/201702-MBS.pdf,,au_mbs_historical_0045
sha256:25fa7d0ce734c9c0c169f3aea433268018f6d5bedfb7058210817af236dd694d,admitted,4700351,event:219bfbddaf541e25ef4da23eca757f259d230d1216d0c0d49f8002498fa25e63,rights_constrained_reference,txt,B1 historical acquisition receipt; ignored cache path and transfer diagnostics omitted.,acquired,25fa7d0ce734c9c0c169f3aea433268018f6d5bedfb7058210817af236dd694d,,2026-08-25T14:44:19.015313+00:00,public_reuse_review,au_mbs,https://www.mbsonline.gov.au/internet/mbsonline/publishing.nsf/Content/FDC5220396350762CA25853D000487F9/$File/202005_MBSONLINE_IMAP%2005may20.TXT,,au_mbs_historical_0341
sha256:bfa5b3d3bdda0bcd285e8a240820f75625c14c212db01fdb8046a8bcc518e06f,admitted,676090,event:2253bb9242d932bed7deaa8c3995d6b9c4ad1564bf159efa5a2a750a14198a7d,rights_constrained_reference,pdf,B1 historical acquisition receipt; ignored cache path and transfer diagnostics omitted.,acquired,bfa5b3d3bdda0bcd285e8a240820f75625c14c212db01fdb8046a8bcc518e06f,,2026-08-25T14:44:19.015313+00:00,public_reuse_review,au_mbs,https://www.mbsonline.gov.au/internet/mbsonline/publishing.nsf/Content/FDC5220396350762CA25853D000487F9/$File/MBS%20Item%20Information.pdf,,au_mbs_historical_0342
sha256:0b492b656e822bbe544fdb7059028a71b9c4076f5eee9c09344713d6199730e1,admitted,11695838,event:25159e34d3cc090bfa2909c995da9d9f9af324c975304147dc069d79d039b1b0,rights_constrained_reference,pdf,B1 historical acquisition receipt; ignored cache path and transfer diagnostics omitted.,acquired,0b492b656e822bbe544fdb7059028a71b9c4076f5eee9c09344713d6199730e1,,2026-08-25T14:44:19.015313+00:00,public_reuse_review,au_mbs,https://www.mbsonline.gov.au/internet/mbsonline/publishing.nsf/Content/C73750F033F64E1CCA258C190017A963/$File/MBS%20Book%20-%201%20March%202025.pdf,,au_mbs_historical_0282
sha256:907fd2c5229128b57ebda87573208867310d76436e81244f320a55f782295763,admitted,189061,event:254a834b9c49f9604da84e62d5c2c2b6151651c1e3a9985d748e88803aaa1149,rights_constrained_reference,pdf,B1 historical acquisition receipt; ignored cache path and transfer diagnostics omitted.,acquired,907fd2c5229128b57ebda87573208867310d76436e81244f320a55f782295763,,2026-08-25T14:44:19.015313+00:00,public_reuse_review,au_mbs,https://www.mbsonline.gov.au/internet/mbsonline/publishing.nsf/Content/E137A6BDE8494881CA2585FF000A72FF/$File/201203-Dental.pdf,,au_mbs_historical_0300
sha256:efe26354758035f4c4d82aae30ec539eb90e6cd48dd6bdf9862a758ecce8f95c,admitted,589969,event:26a1169056efbe94d92e83e37500de7cea8f75be8950e2b1e150f40d046f8d88,rights_constrained_reference,pdf,B1 historical acquisition receipt; ignored cache path and transfer diagnostics omitted.,acquired,efe26354758035f4c4d82aae30ec539eb90e6cd48dd6bdf9862a758ecce8f95c,,2026-08-25T14:44:19.015313+00:00,public_reuse_review,au_mbs,https://www.mbsonline.gov.au/internet/mbsonline/publishing.nsf/Content/FBE6CC5B217AC8DACA25859E0016F5A3/$File/202107-cat4f.pdf,,au_mbs_historical_0333
sha256:da9bf6ed5616ca69bc4225234c569ec3e1b652fce9e7db21c1f13af5fd2804dc,admitted,887290,event:275b33ea3b3296725ff69bf5ca298f072c720b54922ee91b7a360d99620a9101,rights_constrained_reference,pdf,B1 historical acquisition receipt; ignored cache path and transfer diagnostics omitted.,acquired,da9bf6ed5616ca69bc4225234c569ec3e1b652fce9e7db21c1f13af5fd2804dc,,2026-08-25T14:44:19.015313+00:00,public_reuse_review,au_mbs,https://www.mbsonline.gov.au/internet/mbsonline/publishing.nsf/Content/515793D58E889BD0CA257CD100033990/$File/1996-11-CLaCP.pdf,,au_mbs_historical_0104
sha256:293987d4a9e7eae3a6c56be6caec032e0f8ec17da4809597e69af95cc2d90fc6,pending,,event:293987d4a9e7eae3a6c56be6caec032e0f8ec17da4809597e69af95cc2d90fc6,none,ZIP/XLSX/CSV manual extract,B1 event projected from checksum-bound source validation; raw path omitted.,blocked,,,1970-01-01T00:00:00Z,public_reuse_review,us_cms_asp,https://www.cms.gov/medicare/payment/part-b-drugs/asp-pricing-files,,us_cms_asp_july_2026_payment_limit
sha256:2168946df659b65dd4c8727e3006c6a7d9b1233bbbb93566fd23bf3b8e50135d,admitted,5256765,event:2a4f4b1188ae4658ab8e148ffba931ec331d52b5747960b9c78a245d3324f001,rights_constrained_reference,pdf,B1 historical acquisition receipt; ignored cache path and transfer diagnostics omitted.,acquired,2168946df659b65dd4c8727e3006c6a7d9b1233bbbb93566fd23bf3b8e50135d,,2026-08-25T14:44:19.015313+00:00,public_reuse_review,au_mbs,https://www.mbsonline.gov.au/internet/mbsonline/publishing.nsf/Content/B900536D4B582E61CA2585FF0006926F/$File/201407-MBS.PDF,,au_mbs_historical_0277
sha256:bfa5b3d3bdda0bcd285e8a240820f75625c14c212db01fdb8046a8bcc518e06f,admitted,676090,event:2a580473bf85d9500a585750c7cd6be8a16cd04f479a286e97001e96e7b1fe88,rights_constrained_reference,pdf,B1 historical acquisition receipt; ignored cache path and transfer diagnostics omitted.,acquired,bfa5b3d3bdda0bcd285e8a240820f75625c14c212db01fdb8046a8bcc518e06f,,2026-08-25T14:44:19.015313+00:00,public_reuse_review,au_mbs,https://www.mbsonline.gov.au/internet/mbsonline/publishing.nsf/Content/1BC94358D4F276D3CA257CCF0000AA73/$File/MBS%20Item%20Information.pdf,,au_mbs_historical_0013
sha256:a7541b5a89a79e5989b1b178e2a7274ad0c4973224aceb5c5937fad1be2bc92f,admitted,8292057,event:2bb9f87584343972135bde682d111f55a99b6ccd3a8a909b0c128e1a99ec93a3,rights_constrained_reference,pdf,B1 historical acquisition receipt; ignored cache path and transfer diagnostics omitted.,acquired,a7541b5a89a79e5989b1b178e2a7274ad0c4973224aceb5c5937fad1be2bc92f,,2026-08-25T14:44:19.015313+00:00,public_reuse_review,au_mbs,https://www.mbsonline.gov.au/internet/mbsonline/publishing.nsf/Content/90CB91EE0B6FB8A9CA2586140082584E/$File/201809-MBS.pdf,,au_mbs_historical_0226
sha256:1c037399320cdf4bfe3b823c21656959d73d42f1a5182c6263a5b6c540a7aa84,admitted,575011,event:2c548c15df099e45f08bbd7e6766c2e874e6136093f0cb1855b66557153bfd8d,rights_constrained_reference,pdf,B1 historical acquisition receipt; ignored cache path and transfer diagnostics omitted.,acquired,1c037399320cdf4bfe3b823c21656959d73d42f1a5182c6263a5b6c540a7aa84,,2026-08-25T14:44:19.015313+00:00,public_reuse_review,au_mbs,https://www.mbsonline.gov.au/internet/mbsonline/publishing.nsf/Content/515793D58E889BD0CA257CD100033990/$File/2007-05-MBS.pdf,,au_mbs_historical_0145
sha256:2d903280a5955985ecf7bc2e43fbef6c3c6110c66059a293994542e974c18ed3,pending,,event:2d903280a5955985ecf7bc2e43fbef6c3c6110c66059a293994542e974c18ed3,none,HTML metadata,B1 event projected from checksum-bound source validation; raw path omitted.,blocked,,,1970-01-01T00:00:00Z,metadata_only,us_cms_clfs,https://www.cms.gov/medicare/payment/fee-schedules/clinical-laboratory-fee-schedule-clfs/files/26clabq3,,us_cms_clfs_26clabq3_ama_zip
sha256:1e20c0ef4dfc9c1776c2de1a3124ae04bd645ab1898c9d9220d5039a95e71090,admitted,13171,event:2fcae4edce7dfe3676ae36dcfbc148e1c5600a76f04636652243463b631b2295,rights_constrained_reference,txt,B1 historical acquisition receipt; ignored cache path and transfer diagnostics omitted.,acquired,1e20c0ef4dfc9c1776c2de1a3124ae04bd645ab1898c9d9220d5039a95e71090,,2026-08-25T14:44:19.015313+00:00,public_reuse_review,au_mbs,https://www.mbsonline.gov.au/internet/mbsonline/publishing.nsf/Content/4C767FC45843CB02CA25898500825ACA/$File/RVG%20file%20-%202%20March%202023%20to%201%20July%202023%20(RVG%20file%2020230701).TXT,,au_mbs_historical_0061
sha256:028ace21535a617f6ea6a576991687274f75bdc937efce73bbb1094d9d170b05,admitted,355933,event:30c21509dca96011f70a31f6060bd536d76f61bd3c95f0d966fdfb5037e8a034,rights_constrained_reference,pdf,B1 historical acquisition receipt; ignored cache path and transfer diagnostics omitted.,acquired,028ace21535a617f6ea6a576991687274f75bdc937efce73bbb1094d9d170b05,,2026-08-25T14:44:19.015313+00:00,public_reuse_review,au_mbs,https://www.mbsonline.gov.au/internet/mbsonline/publishing.nsf/Content/94D54B959677561ECA2585FF000015E3/$File/201303-Optom.pdf,,au_mbs_historical_0233
sha256:96ee04702c76c68a121ebef295b6b80060b7c7cc8707090cc3f77970cb32fced,admitted,282368,event:32071de3f0e44d240848212b434c0caa0f2da3f04df6f185d0f3e6f30a99e2ef,rights_constrained_reference,pdf,B1 historical acquisition receipt; ignored cache path and transfer diagnostics omitted.,acquired,96ee04702c76c68a121ebef295b6b80060b7c7cc8707090cc3f77970cb32fced,,2026-08-25T14:44:19.015313+00:00,public_reuse_review,au_mbs,https://www.mbsonline.gov.au/internet/mbsonline/publishing.nsf/Content/E137A6BDE8494881CA2585FF000A72FF/$File/201203-Allied.pdf,,au_mbs_historical_0299
sha256:d14199a12789f91a904210fe948aaafe6c9febd731b11a5841b372441bc2c8ac,admitted,469320,event:32db55b7f2d7fc6b7754963463f810943bc4b96ec4a0452aff35f75c70c50f96,rights_constrained_reference,pdf,B1 historical acquisition receipt; ignored cache path and transfer diagnostics omitted.,acquired,d14199a12789f91a904210fe948aaafe6c9febd731b11a5841b372441bc2c8ac,,2026-08-25T14:44:19.015313+00:00,public_reuse_review,au_mbs,https://www.mbsonline.gov.au/internet/mbsonline/publishing.nsf/Content/E137A6BDE8494881CA2585FF000A72FF/$File/201211-Allied.pdf,,au_mbs_historical_0311
sha256:b8a36072a52a003cf9a786c89af289c4d9244fe9f7711dceef2a59b2c566d8e6,admitted,23979973,event:33534724313001d5f409babe11d92294c99994cf0336ea85bd6318965f21435e,rights_constrained_reference,pdf,B1 historical acquisition receipt; ignored cache path and transfer diagnostics omitted.,acquired,b8a36072a52a003cf9a786c89af289c4d9244fe9f7711dceef2a59b2c566d8e6,,2026-08-25T14:44:19.015313+00:00,public_reuse_review,au_mbs,https://www.mbsonline.gov.au/internet/mbsonline/publishing.nsf/Content/515793D58E889BD0CA257CD100033990/$File/1998-11-MBS.pdf,,au_mbs_historical_0112
sha256:0d12c761e132e8ed71619b106df756387112f727d539278409836f9da1719f37,admitted,187997,event:33cc8e47e6a3976f906f705016e983225f3cfda83e8a180abf2183a3e23ccd93,rights_constrained_reference,pdf,B1 historical acquisition receipt; ignored cache path and transfer diagnostics omitted.,acquired,0d12c761e132e8ed71619b106df756387112f727d539278409836f9da1719f37,,2026-08-25T14:44:19.015313+00:00,public_reuse_review,au_mbs,https://www.mbsonline.gov.au/internet/mbsonline/publishing.nsf/Content/515793D58E889BD0CA257CD100033990/$File/200811Dental.pdf,,au_mbs_historical_0156
sha256:52e0557b7ea8b58116f0623047d0d341266ea0f681bb9c014736580d9d043a5a,admitted,1237740,event:34319a47d223bbc5f67d632b2b237a95b140a44e82a905d6b60c6c2fc3225829,rights_constrained_reference,pdf,B1 historical acquisition receipt; ignored cache path and transfer diagnostics omitted.,acquired,52e0557b7ea8b58116f0623047d0d341266ea0f681bb9c014736580d9d043a5a,,2026-08-25T14:44:19.015313+00:00,public_reuse_review,au_mbs,https://www.mbsonline.gov.au/internet/mbsonline/publishing.nsf/Content/4FA5E1EF8E12C7ECCA25858200179B55/$File/202008-supplement1.pdf,,au_mbs_historical_0071
sha256:34320917b26e972d34b28469cd8454158db549c6c25364fc32fc1d806c16c311,pending,,event:34320917b26e972d34b28469cd8454158db549c6c25364fc32fc1d806c16c311,none,ZIP containing CLFS file,B1 event projected from checksum-bound source validation; raw path omitted.,blocked,,,1970-01-01T00:00:00Z,restricted_local_only,us_cms_clfs,https://www.cms.gov/license/ama?file=/files/zip/26clabq3.zip,,us_cms_clfs_26clabq3_ama_zip
sha256:8a5db4811115bd2d624957760b649d9414c714fd008f6c07999d1a3057481745,admitted,190297,event:343831ed9ab846620409744f99173c82869de629c67a5ca96c6deb7022d4999f,rights_constrained_reference,pdf,B1 historical acquisition receipt; ignored cache path and transfer diagnostics omitted.,acquired,8a5db4811115bd2d624957760b649d9414c714fd008f6c07999d1a3057481745,,2026-08-25T14:44:19.015313+00:00,public_reuse_review,au_mbs,https://www.mbsonline.gov.au/internet/mbsonline/publishing.nsf/Content/E137A6BDE8494881CA2585FF000A72FF/$File/201205-Optom.pdf,,au_mbs_historical_0306
sha256:a1e1bb3dd0d76c8b80764a659ffa217510471646fb0c1913912e2bcb732d351f,admitted,778725,event:34e6831ccd0cbc40d72cba2a4d00977033e7d8a05bdffc61cf5b0df304d87c6b,rights_constrained_reference,pdf,B1 historical acquisition receipt; ignored cache path and transfer diagnostics omitted.,acquired,a1e1bb3dd0d76c8b80764a659ffa217510471646fb0c1913912e2bcb732d351f,,2026-08-25T14:44:19.015313+00:00,public_reuse_review,au_mbs,https://www.mbsonline.gov.au/internet/mbsonline/publishing.nsf/Content/293EEBA9AB153C56CA2584EB001547AF/$File/202003-Cat7.pdf,,au_mbs_historical_0027
sha256:d18ac612a55dd53d49c49685017b0e5bd02f6cdc0e5c5c92ffcd0c4716c2afd1,admitted,157782,event:351e66e972936071ada201b8e59f8b73901d1b8554b53c59f1dc88cc6cff7d75,rights_constrained_reference,pdf,B1 historical acquisition receipt; ignored cache path and transfer diagnostics omitted.,acquired,d18ac612a55dd53d49c49685017b0e5bd02f6cdc0e5c5c92ffcd0c4716c2afd1,,2026-08-25T14:44:19.015313+00:00,public_reuse_review,au_mbs,https://www.mbsonline.gov.au/internet/mbsonline/publishing.nsf/Content/E137A6BDE8494881CA2585FF000A72FF/$File/201201-Optom.pdf,,au_mbs_historical_0298
sha256:808f61a83372defc9bc476a8c673e67e8fc29a8d8c22a558f5581bda3749ff4c,admitted,2356145,event:351ed16e69475a56e2e0ea54c73ff59efbf36075b5cb3b6a46ddff6479e7f6cf,rights_constrained_reference,pdf,B1 historical acquisition receipt; ignored cache path and transfer diagnostics omitted.,acquired,808f61a83372defc9bc476a8c673e67e8fc29a8d8c22a558f5581bda3749ff4c,,2026-08-25T14:44:19.015313+00:00,public_reuse_review,au_mbs,https://www.mbsonline.gov.au/internet/mbsonline/publishing.nsf/Content/515793D58E889BD0CA257CD100033990/$File/1995-07-Pathology.pdf,,au_mbs_historical_0100
sha256:609cc30e92f9db481ef61d3950829213ea0713e3dd680b9dd023a2bb5f1179b9,admitted,470137,event:376049c981c2be96bcc639706493f59f8ca1d0f5ca596d9a64164c45c54afa22,rights_constrained_reference,pdf,B1 historical acquisition receipt; ignored cache path and transfer diagnostics omitted.,acquired,609cc30e92f9db481ef61d3950829213ea0713e3dd680b9dd023a2bb5f1179b9,,2026-08-25T14:44:19.015313+00:00,public_reuse_review,au_mbs,https://www.mbsonline.gov.au/internet/mbsonline/publishing.nsf/Content/94D54B959677561ECA2585FF000015E3/$File/201310-Allied.pdf,,au_mbs_historical_0240
sha256:4b91466d7c6f0668b26327ccb0c3576776a6733da82a33ae6aabeef66a5767c7,admitted,17978,event:377a6cb40ac7a52eaccae4b6d4adaa1f25b50db04babfcc0c2756230e312f82f,rights_constrained_reference,txt,B1 historical acquisition receipt; ignored cache path and transfer diagnostics omitted.,acquired,4b91466d7c6f0668b26327ccb0c3576776a6733da82a33ae6aabeef66a5767c7,,2026-08-25T14:44:19.015313+00:00,public_reuse_review,au_mbs,https://www.mbsonline.gov.au/internet/mbsonline/publishing.nsf/Content/FDC5220396350762CA25853D000487F9/$File/MBSONLINE_REUSE_IMAP.TXT,,au_mbs_historical_0343
sha256:a94f6eeadcb408f9719558f937f7d308b290b30ef4f2b4b6f0d6aa96175c7769,admitted,213659,event:3828ebdc7c2c6a9ac56040301b47790233a92ba1c49af2a832b758d054cfdf6e,rights_constrained_reference,pdf,B1 historical acquisition receipt; ignored cache path and transfer diagnostics omitted.,acquired,a94f6eeadcb408f9719558f937f7d308b290b30ef4f2b4b6f0d6aa96175c7769,,2026-08-25T14:44:19.015313+00:00,public_reuse_review,au_mbs,https://www.mbsonline.gov.au/internet/mbsonline/publishing.nsf/Content/317ACF6351081DB5CA2585FF00086C40/$File/201107-Optom.pdf,,au_mbs_historical_0039
sha256:0f0696f0f97cc9999042aea36ba28507aa3ef746027933ad5df41356c1277d4f,admitted,805301,event:38dbbe58766aa8d47f714f837df037a23942693780d5a76d57439c8a46178886,rights_constrained_reference,pdf,B1 historical acquisition receipt; ignored cache path and transfer diagnostics omitted.,acquired,0f0696f0f97cc9999042aea36ba28507aa3ef746027933ad5df41356c1277d4f,,2026-08-25T14:44:19.015313+00:00,public_reuse_review,au_mbs,https://www.mbsonline.gov.au/internet/mbsonline/publishing.nsf/Content/4C767FC45843CB02CA25898500825ACA/$File/PDF%20version%20of%20the%20July%202023%20Category%202%20-%20Diagnostic%20Procedures.pdf,,au_mbs_historical_0054
sha256:460941ead58b20aac34eff9a749605aa88fffbecee8598c998eeb786b7637006,admitted,17179,event:392dee0234cb311a3a3a3c36f4adb7ad0fd43168069d9dab8df7ab2b7ae794e1,rights_constrained_reference,txt,B1 historical acquisition receipt; ignored cache path and transfer diagnostics omitted.,acquired,460941ead58b20aac34eff9a749605aa88fffbecee8598c998eeb786b7637006,,2026-08-25T14:44:19.015313+00:00,public_reuse_review,au_mbs,https://www.mbsonline.gov.au/internet/mbsonline/publishing.nsf/Content/8F3FA58ED97DCA35CA2584BE00111151/$File/201911-RVG.TXT,,au_mbs_historical_0197
sha256:aebdfd00230c3e107c08ec355460ff6fee7ff982d31634338991c3d91ee3cb9c,admitted,881941,event:399c16d996122adb3cefdb17939c81d2a5dff98cbfdb021cfe1405e2eb4b2d65,rights_constrained_reference,pdf,B1 historical acquisition receipt; ignored cache path and transfer diagnostics omitted.,acquired,aebdfd00230c3e107c08ec355460ff6fee7ff982d31634338991c3d91ee3cb9c,,2026-08-25T14:44:19.015313+00:00,public_reuse_review,au_mbs,https://www.mbsonline.gov.au/internet/mbsonline/publishing.nsf/Content/515793D58E889BD0CA257CD100033990/$File/1995-11-CLaCP.pdf,,au_mbs_historical_0101
sha256:b35212d703ca7d4c95259fbf46932db6ca8ded25ddee3a0837ffdcd98dd93041,admitted,11386255,event:39a5868c7195b129e206fec91e3d46eb9ee96a6533c3d207fa06b97a1407efe9,rights_constrained_reference,pdf,B1 historical acquisition receipt; ignored cache path and transfer diagnostics omitted.,acquired,b35212d703ca7d4c95259fbf46932db6ca8ded25ddee3a0837ffdcd98dd93041,,2026-08-25T14:44:19.015313+00:00,public_reuse_review,au_mbs,https://www.mbsonline.gov.au/internet/mbsonline/publishing.nsf/Content/CC83C55EC9A26D69CA258B800007C7CA/$File/PDF%20Version%20of%20the%20MBS%20Book%20-%201%20November%202024.pdf,,au_mbs_historical_0284
sha256:b178dc1c02ccffb16b9a27fd36ae2fd68010d6c331a915e753a7bab4a85cf2cd,admitted,1807522,event:3a0ff093c668919b30a1bfc43c79e01f16c08e4acf3c5a4f1bdac7798019df1a,rights_constrained_reference,pdf,B1 historical acquisition receipt; ignored cache path and transfer diagnostics omitted.,acquired,b178dc1c02ccffb16b9a27fd36ae2fd68010d6c331a915e753a7bab4a85cf2cd,,2026-08-25T14:44:19.015313+00:00,public_reuse_review,au_mbs,https://www.mbsonline.gov.au/internet/mbsonline/publishing.nsf/Content/DD4BF54A34D823FDCA25881700139AD5/$File/202207-Cat5d.pdf,,au_mbs_historical_0289
sha256:e91989b6cc5f5501f1850180ebcd74cb0a4c091e63385f271f8f8ee35bdd76c0,admitted,5005899,event:3b95eb8e5bbff1537cafe9ff45f509d239f229030db47230f495b184d689d7a4,rights_constrained_reference,pdf,B1 historical acquisition receipt; ignored cache path and transfer diagnostics omitted.,acquired,e91989b6cc5f5501f1850180ebcd74cb0a4c091e63385f271f8f8ee35bdd76c0,,2026-08-25T14:44:19.015313+00:00,public_reuse_review,au_mbs,https://www.mbsonline.gov.au/internet/mbsonline/publishing.nsf/Content/4C767FC45843CB02CA25898500825ACA/$File/PDF%20version%20of%20the%20July%202023%20Category%203%20-%20Therapeutic%20Procedures.pdf,,au_mbs_historical_0055
sha256:7486bf31f17276bf14d9f801abca65415046acec7a2e7e966391cc0db8029c14,admitted,168957,event:3cbf3c534d7d5366cba2769524f98e709641a7175c0f7ebd8e0ba645c0e0cc97,rights_constrained_reference,zip,B1 historical acquisition receipt; ignored cache path and transfer diagnostics omitted.,acquired,7486bf31f17276bf14d9f801abca65415046acec7a2e7e966391cc0db8029c14,,2026-08-25T14:44:19.015313+00:00,public_reuse_review,au_mbs,https://www.mbsonline.gov.au/internet/mbsonline/publishing.nsf/Content/8F3FA58ED97DCA35CA2584BE00111151/$File/202001-Cat6%2010Jan2020.zip,,au_mbs_historical_0209
sha256:607258315bdd7391c56446fee2d9c2adb787003ed424a1db6b762c53a8ea8a79,admitted,796966,event:3d186aba8dfc06170e0d3b6922b1c8263a0f495cb35662190f4bd9f5dca322a3,rights_constrained_reference,pdf,B1 historical acquisition receipt; ignored cache path and transfer diagnostics omitted.,acquired,607258315bdd7391c56446fee2d9c2adb787003ed424a1db6b762c53a8ea8a79,,2026-08-25T14:44:19.015313+00:00,public_reuse_review,au_mbs,https://www.mbsonline.gov.au/internet/mbsonline/publishing.nsf/Content/FBE6CC5B217AC8DACA25859E0016F5A3/$File/202107-cat2f.pdf,,au_mbs_historical_0331
sha256:01809c64f8f18462a87a96bef295196499f869ac3876c6fe58d43a9c3bedb175,admitted,5265397,event:3d5882aac227108ff75a90b978f79792cf4c1fca165421b3e0e0254da3076adf,rights_constrained_reference,pdf,B1 historical acquisition receipt; ignored cache path and transfer diagnostics omitted.,acquired,01809c64f8f18462a87a96bef295196499f869ac3876c6fe58d43a9c3bedb175,,2026-08-25T14:44:19.015313+00:00,public_reuse_review,au_mbs,https://www.mbsonline.gov.au/internet/mbsonline/publishing.nsf/Content/94D54B959677561ECA2585FF000015E3/$File/201305-MBS.pdf,,au_mbs_historical_0235
sha256:73be81cae1b734fe855544c3f92e2e6e772b017c179badc2decd8f75292c09c6,admitted,470190,event:3de22046d6d3a8222d3b25ae35cf69db9c85bcb1ed42686e67332ef3dedaa44b,rights_constrained_reference,pdf,B1 historical acquisition receipt; ignored cache path and transfer diagnostics omitted.,acquired,73be81cae1b734fe855544c3f92e2e6e772b017c179badc2decd8f75292c09c6,,2026-08-25T14:44:19.015313+00:00,public_reuse_review,au_mbs,https://www.mbsonline.gov.au/internet/mbsonline/publishing.nsf/Content/94D54B959677561ECA2585FF000015E3/$File/201307-Allied.pdf,,au_mbs_historical_0237
sha256:b79286c5c6256745ecb8d8b3690c7b9008d8fce1d8765fe11aa6081e918480d4,admitted,11216183,event:3e3d69650fd7d94014378b9bd82ddb39a6cfaa60895ae21abb9fa5b6903cb957,rights_constrained_reference,pdf,B1 historical acquisition receipt; ignored cache path and transfer diagnostics omitted.,acquired,b79286c5c6256745ecb8d8b3690c7b9008d8fce1d8765fe11aa6081e918480d4,,2026-08-25T14:44:19.015313+00:00,public_reuse_review,au_mbs,https://www.mbsonline.gov.au/internet/mbsonline/publishing.nsf/Content/F540E955EFE9BFD5CA25861500000C28/$File/201909-MBS.pdf,,au_mbs_historical_0327
sha256:98904f11da087b66ae7232756ce0709d53a73843cc009ddd49eb0c432934fc6b,admitted,829398,event:3e3df1a0cb7c0c892bba5675064a17317402a42699c6f1963282299eb7705684,rights_constrained_reference,pdf,B1 historical acquisition receipt; ignored cache path and transfer diagnostics omitted.,acquired,98904f11da087b66ae7232756ce0709d53a73843cc009ddd49eb0c432934fc6b,,2026-08-25T14:44:19.015313+00:00,public_reuse_review,au_mbs,https://www.mbsonline.gov.au/internet/mbsonline/publishing.nsf/Content/70CAF134CEE45219CA258614007874F8/$File/201604-Optom.pdf,,au_mbs_historical_0191
sha256:c2da82ca55a0dda7d1d5968f01691feff0fde1139424f08d4ad14c7f8dbb0ab3,admitted,319314,event:3f404c31530d90724da39802b0948196fdee4c0284c417407e9aeae912c52eab,rights_constrained_reference,pdf,B1 historical acquisition receipt; ignored cache path and transfer diagnostics omitted.,acquired,c2da82ca55a0dda7d1d5968f01691feff0fde1139424f08d4ad14c7f8dbb0ab3,,2026-08-25T14:44:19.015313+00:00,public_reuse_review,au_mbs,https://www.mbsonline.gov.au/internet/mbsonline/publishing.nsf/Content/E137A6BDE8494881CA2585FF000A72FF/$File/201207-Optom.pdf,,au_mbs_historical_0310
sha256:cea9a78a46bf69885d49de1fc3c740001a6570090130eaa445e31e522e7266df,admitted,1468943,event:3fd779a13e8b2c1dbb2f47069dbd200f26affc322251cbc88b280af775f4d0e8,rights_constrained_reference,pdf,B1 historical acquisition receipt; ignored cache path and transfer diagnostics omitted.,acquired,cea9a78a46bf69885d49de1fc3c740001a6570090130eaa445e31e522e7266df,,2026-08-25T14:44:19.015313+00:00,public_reuse_review,au_mbs,https://www.mbsonline.gov.au/internet/mbsonline/publishing.nsf/Content/515793D58E889BD0CA257CD100033990/$File/1998-11-Optometrists.pdf,,au_mbs_historical_0113
sha256:78b16ff8271184372cd550899b4c761bd1d356bee22ae5fd868b49b5e3ea5be5,admitted,10739135,event:402ecd4c2d3298fd10dd12f4caa1976c7d87ecc80b34e65668ce53926b51b4f2,rights_constrained_reference,pdf,B1 historical acquisition receipt; ignored cache path and transfer diagnostics omitted.,acquired,78b16ff8271184372cd550899b4c761bd1d356bee22ae5fd868b49b5e3ea5be5,,2026-08-25T14:44:19.015313+00:00,public_reuse_review,au_mbs,https://www.mbsonline.gov.au/internet/mbsonline/publishing.nsf/Content/DD4BF54A34D823FDCA25881700139AD5/$File/202207-MBS-Book.a.pdf,,au_mbs_historical_0293
sha256:a52a9841972a82a7cbdb626ea557899f08bf6a8c2de185edc8c7d8782f0bbf9e,admitted,467631,event:40d29d3afef1246f4892ac242a3a87b22f1fa817ce672a50cbeff1fffa4afc55,rights_constrained_reference,pdf,B1 historical acquisition receipt; ignored cache path and transfer diagnostics omitted.,acquired,a52a9841972a82a7cbdb626ea557899f08bf6a8c2de185edc8c7d8782f0bbf9e,,2026-08-25T14:44:19.015313+00:00,public_reuse_review,au_mbs,https://www.mbsonline.gov.au/internet/mbsonline/publishing.nsf/Content/B900536D4B582E61CA2585FF0006926F/$File/201407-Allied.PDF,,au_mbs_historical_0276
sha256:715cafc42061a59d1a291ec4b8477276f9b3c93e5481493facbdaa4cfacd13e9,admitted,412546,event:428ce642687fce00689c79137e68a38fe62e996f6558e28d955c64c8e81c78f0,rights_constrained_reference,pdf,B1 historical acquisition receipt; ignored cache path and transfer diagnostics omitted.,acquired,715cafc42061a59d1a291ec4b8477276f9b3c93e5481493facbdaa4cfacd13e9,,2026-08-25T14:44:19.015313+00:00,public_reuse_review,au_mbs,https://www.mbsonline.gov.au/internet/mbsonline/publishing.nsf/Content/E137A6BDE8494881CA2585FF000A72FF/$File/201207-Dental.pdf,,au_mbs_historical_0308
sha256:d30bc3efad7a729e2b268834e5b8c28b77b3b16c26169318b57d08fc7a2bee6d,admitted,1978304,event:435a2be9704ea1ad17aad5c7fe2e35dd0a1e486c09745da0cf7b06a483be09ad,rights_constrained_reference,pdf,B1 historical acquisition receipt; ignored cache path and transfer diagnostics omitted.,acquired,d30bc3efad7a729e2b268834e5b8c28b77b3b16c26169318b57d08fc7a2bee6d,,2026-08-25T14:44:19.015313+00:00,public_reuse_review,au_mbs,https://www.mbsonline.gov.au/internet/mbsonline/publishing.nsf/Content/515793D58E889BD0CA257CD100033990/$File/1998-09-MRI.pdf,,au_mbs_historical_0110
sha256:7ee34e12acaae27af1d8aa012b29a3a41b8c0cb3d6af6b67af8c632cad572a53,admitted,59580,event:4385f323134ad036ada7feae2fcbff0424f2f2621d1ace7b43eebf8a71e807b8,rights_constrained_reference,pdf,B1 historical acquisition receipt; ignored cache path and transfer diagnostics omitted.,acquired,7ee34e12acaae27af1d8aa012b29a3a41b8c0cb3d6af6b67af8c632cad572a53,,2026-08-25T14:44:19.015313+00:00,public_reuse_review,au_mbs,https://www.mbsonline.gov.au/internet/mbsonline/publishing.nsf/Content/515793D58E889BD0CA257CD100033990/$File/2006-11-CLACP.pdf,,au_mbs_historical_0142
sha256:0979fdc4bc9c268c8f86e69946636ca9c4adc994eb9e581ff172ce1afd279976,admitted,447992,event:4424da809166845d3c835ffb916873de4663e4e42275a68d0a2085e18a5f919c,rights_constrained_reference,pdf,B1 historical acquisition receipt; ignored cache path and transfer diagnostics omitted.,acquired,0979fdc4bc9c268c8f86e69946636ca9c4adc994eb9e581ff172ce1afd279976,,2026-08-25T14:44:19.015313+00:00,public_reuse_review,au_mbs,https://www.mbsonline.gov.au/internet/mbsonline/publishing.nsf/Content/515793D58E889BD0CA257CD100033990/$File/2007-05-Pathology.pdf,,au_mbs_historical_0146
sha256:4d33a10c475570e866ac75cdbd913e745fc5f81f242ea74c707a85bcaf9d0079,admitted,16711510,event:448284f3684adda44e5f2f687f3925cfff8ce24f4d7a8b55ef0febc7b9551800,rights_constrained_reference,pdf,B1 historical acquisition receipt; ignored cache path and transfer diagnostics omitted.,acquired,4d33a10c475570e866ac75cdbd913e745fc5f81f242ea74c707a85bcaf9d0079,,2026-08-25T14:44:19.015313+00:00,public_reuse_review,au_mbs,https://www.mbsonline.gov.au/internet/mbsonline/publishing.nsf/Content/A7F6A9DA0E280DCCCA2586140008B368/$File/201504-MBS.pdf,,au_mbs_historical_0252
sha256:2179e43b2b3414a341b478c1d384bad48beaec35da6ed29d4bcd56ba25146803,admitted,23190459,event:448a5175abe358895baaf53606fc8a42c52f6b2854deb0ab5c907d9cb689d1b9,rights_constrained_reference,pdf,B1 historical acquisition receipt; ignored cache path and transfer diagnostics omitted.,acquired,2179e43b2b3414a341b478c1d384bad48beaec35da6ed29d4bcd56ba25146803,,2026-08-25T14:44:19.015313+00:00,public_reuse_review,au_mbs,https://www.mbsonline.gov.au/internet/mbsonline/publishing.nsf/Content/515793D58E889BD0CA257CD100033990/$File/1996-11-MBS.pdf,,au_mbs_historical_0105
sha256:73715d0ca59ae8a90e56a97135a93b9dff445eea387d2e798db42a88bc29cf4f,admitted,2964447,event:45b61c30200287ad8de3eca1a9ffd19cdcff0c40372e7629744e7379e2a2d70d,rights_constrained_reference,pdf,B1 historical acquisition receipt; ignored cache path and transfer diagnostics omitted.,acquired,73715d0ca59ae8a90e56a97135a93b9dff445eea387d2e798db42a88bc29cf4f,,2026-08-25T14:44:19.015313+00:00,public_reuse_review,au_mbs,https://www.mbsonline.gov.au/internet/mbsonline/publishing.nsf/Content/4C767FC45843CB02CA25898500825ACA/$File/PDF%20version%20of%20the%20July%202023%20Category%201%20-%20Attendances.pdf,,au_mbs_historical_0053
sha256:5f371a31559695cccb7954f6e48ca5f5bf0b278dd5836d53ec1c94335a706d48,admitted,1181595,event:45ec5e0cfb40a6d2335e5223677d4d30af4e188eaf51f269d5157a1f4fec124f,rights_constrained_reference,pdf,B1 historical acquisition receipt; ignored cache path and transfer diagnostics omitted.,acquired,5f371a31559695cccb7954f6e48ca5f5bf0b278dd5836d53ec1c94335a706d48,,2026-08-25T14:44:19.015313+00:00,public_reuse_review,au_mbs,https://www.mbsonline.gov.au/internet/mbsonline/publishing.nsf/Content/5DCECCA2E8B2062CCA2586F100070995/$File/202007-Cat2.pdf,,au_mbs_historical_0177
sha256:2e46184ec2fea34b2c2d17bf29281af55ef4cc586e42f9a6153e44412a897e4c,admitted,3995380,event:4747dda388fe1294d7688cb918ef792ddcd8053e2f6067e5eaea3253911e9ef1,rights_constrained_reference,pdf,B1 historical acquisition receipt; ignored cache path and transfer diagnostics omitted.,acquired,2e46184ec2fea34b2c2d17bf29281af55ef4cc586e42f9a6153e44412a897e4c,,2026-08-25T14:44:19.015313+00:00,public_reuse_review,au_mbs,https://www.mbsonline.gov.au/internet/mbsonline/publishing.nsf/Content/515793D58E889BD0CA257CD100033990/$File/201001-MBS.pdf,,au_mbs_historical_0167
sha256:b75e2a9ba65e469fe4208ff7218a889bf21728105b384b5d6c9d4df4da7c09bc,admitted,5248546,event:47545f826388064e5fdb7481e72981c4a28a0ba6b2f51d0f67a080d41ee48cf6,rights_constrained_reference,pdf,B1 historical acquisition receipt; ignored cache path and transfer diagnostics omitted.,acquired,b75e2a9ba65e469fe4208ff7218a889bf21728105b384b5d6c9d4df4da7c09bc,,2026-08-25T14:44:19.015313+00:00,public_reuse_review,au_mbs,https://www.mbsonline.gov.au/internet/mbsonline/publishing.nsf/Content/B900536D4B582E61CA2585FF0006926F/$File/201404-MBS.PDF,,au_mbs_historical_0275
sha256:fd9b7d6862d35b8606ce547bde76f4f8e711f15b12a065f6d9db9d848082ebdf,admitted,306579,event:4820bf0c68505359d1bdb34e67732c72babcd2a5934857b4a033ab042195a0ef,rights_constrained_reference,pdf,B1 historical acquisition receipt; ignored cache path and transfer diagnostics omitted.,acquired,fd9b7d6862d35b8606ce547bde76f4f8e711f15b12a065f6d9db9d848082ebdf,,2026-08-25T14:44:19.015313+00:00,public_reuse_review,au_mbs,https://www.mbsonline.gov.au/internet/mbsonline/publishing.nsf/Content/515793D58E889BD0CA257CD100033990/$File/2007-11-Allied.pdf,,au_mbs_historical_0148
sha256:4833c583f6cf2913d39689868c3cadd5f3dae95638c298983c926002063d0f73,pending,,event:4833c583f6cf2913d39689868c3cadd5f3dae95638c298983c926002063d0f73,none,HTML metadata,B1 event projected from checksum-bound source validation; raw path omitted.,blocked,,,1970-01-01T00:00:00Z,metadata_only,au_mbs,https://www.mbsonline.gov.au/internet/mbsonline/publishing.nsf/Content/Prev-Downloads,,au_mbs_1989_2010_previous_downloads_page
sha256:5e3b62434170e4c80b16e3abe18f3a9024c01cce6f0070e9e2ec9deb9eed38a7,admitted,27451,event:4871c3402dda246d464ff04291bac449e941e5068860a074103b9439f984eeec,rights_constrained_reference,pdf,B1 historical acquisition receipt; ignored cache path and transfer diagnostics omitted.,acquired,5e3b62434170e4c80b16e3abe18f3a9024c01cce6f0070e9e2ec9deb9eed38a7,,2026-08-25T14:44:19.015313+00:00,public_reuse_review,au_mbs,https://www.mbsonline.gov.au/internet/mbsonline/publishing.nsf/Content/515793D58E889BD0CA257CD100033990/$File/2007-08-MBS.pdf,,au_mbs_historical_0147
sha256:2685f58d967beffad29bdeba7e9b98f52b9a0d49bb390e8bf52f0ac057076a74,admitted,2211964,event:48f47ebf7e30f7a05949f74ab722df9d7d1c6dd1f44e16e2e9a58dfd470f83fd,rights_constrained_reference,pdf,B1 historical acquisition receipt; ignored cache path and transfer diagnostics omitted.,acquired,2685f58d967beffad29bdeba7e9b98f52b9a0d49bb390e8bf52f0ac057076a74,,2026-08-25T14:44:19.015313+00:00,public_reuse_review,au_mbs,https://www.mbsonline.gov.au/internet/mbsonline/publishing.nsf/Content/293EEBA9AB153C56CA2584EB001547AF/$File/202003-Cat5.pdf,,au_mbs_historical_0023
sha256:0866134a406f823523d2a963108c61d86c4891881987d79b4d21f0c2de89293a,admitted,86281,event:492022e5d2a7b656b0d748b7d7b19d59460cc8d190b40e1736298ffb4c7600d8,rights_constrained_reference,zip,B1 historical acquisition receipt; ignored cache path and transfer diagnostics omitted.,acquired,0866134a406f823523d2a963108c61d86c4891881987d79b4d21f0c2de89293a,,2026-08-25T14:44:19.015313+00:00,public_reuse_review,au_mbs,https://www.mbsonline.gov.au/internet/mbsonline/publishing.nsf/Content/8F3FA58ED97DCA35CA2584BE00111151/$File/202001-Cat2.zip,,au_mbs_historical_0201
sha256:10d4a90537b250cf26260fdcdf47bcfb619f21e21700aaceffc046e4fc1efd9b,admitted,3982142,event:494496f416020e663bc9be55acb4521d419bf572b8828a6ec20a340d4673e19b,rights_constrained_reference,pdf,B1 historical acquisition receipt; ignored cache path and transfer diagnostics omitted.,acquired,10d4a90537b250cf26260fdcdf47bcfb619f21e21700aaceffc046e4fc1efd9b,,2026-08-25T14:44:19.015313+00:00,public_reuse_review,au_mbs,https://www.mbsonline.gov.au/internet/mbsonline/publishing.nsf/Content/E137A6BDE8494881CA2585FF000A72FF/$File/201203-MBS.pdf,,au_mbs_historical_0301
sha256:2530933abfd5886b4dd15197e4c7b069be46f0daa1eb898d46213af293e6b56b,admitted,8848644,event:4976139e2e20535713dbbdb57eb9633946fc4fa435afcf6feb8136c503f1b66d,rights_constrained_reference,pdf,B1 historical acquisition receipt; ignored cache path and transfer diagnostics omitted.,acquired,2530933abfd5886b4dd15197e4c7b069be46f0daa1eb898d46213af293e6b56b,,2026-08-25T14:44:19.015313+00:00,public_reuse_review,au_mbs,https://www.mbsonline.gov.au/internet/mbsonline/publishing.nsf/Content/90CB91EE0B6FB8A9CA2586140082584E/$File/201805-MBS.pdf,,au_mbs_historical_0224
sha256:6b74447b39c86854cdfbca2dabdabb46801c6ade0cee5415b7561922d4001a68,admitted,245498,event:4a1464daeea2a71fef3e7c3b136f786af4db8a0018024a60851f0cbd979155e6,rights_constrained_reference,pdf,B1 historical acquisition receipt; ignored cache path and transfer diagnostics omitted.,acquired,6b74447b39c86854cdfbca2dabdabb46801c6ade0cee5415b7561922d4001a68,,2026-08-25T14:44:19.015313+00:00,public_reuse_review,au_mbs,https://www.mbsonline.gov.au/internet/mbsonline/publishing.nsf/Content/E137A6BDE8494881CA2585FF000A72FF/$File/201205-Dental.pdf,,au_mbs_historical_0304
sha256:49e28165c7c47b767a8fd28edc8acc908050a362bd5ca8999832681897063c66,admitted,265225,event:4accbe19055d210b6dd9123bdb673be1dd74429e616bb00a0ea92782e93227c3,rights_constrained_reference,pdf,B1 historical acquisition receipt; ignored cache path and transfer diagnostics omitted.,acquired,49e28165c7c47b767a8fd28edc8acc908050a362bd5ca8999832681897063c66,,2026-08-25T14:44:19.015313+00:00,public_reuse_review,au_mbs,https://www.mbsonline.gov.au/internet/mbsonline/publishing.nsf/Content/317ACF6351081DB5CA2585FF00086C40/$File/201101-allied.pdf,,au_mbs_historical_0035
sha256:4b839d9aca5aec9ba5fd024a7d9f415131f1e3b1cca3a727697d96a20c492d2f,pending,,event:4b839d9aca5aec9ba5fd024a7d9f415131f1e3b1cca3a727697d96a20c492d2f,none,JSON or CSV,B1 event projected from checksum-bound source validation; raw path omitted.,blocked,,,1970-01-01T00:00:00Z,public_reuse_review,au_pbs,https://data-api.health.gov.au/pbs/api/v3/schedules,,au_pbs_api_v3_current_month
sha256:c73883dbddb5e5eb8397a2e5fa008e71760e81236c9ee5b5d92f4918daeead2e,admitted,62434,event:4d03226e641a14dc54cf6e66ca024c92782fe55bfb441eef501ff1d56815e6d1,rights_constrained_reference,text/csv,B1 event projected from a reviewed source-bundle snapshot; local raw path omitted.,acquired,c73883dbddb5e5eb8397a2e5fa008e71760e81236c9ee5b5d92f4918daeead2e,,2026-07-23T01:53:48.062162+00:00,public_reuse_review,us_cms_asp,https://www.cms.gov/medicare/payment/part-b-drugs/asp-pricing-files,,us_cms_asp_july_2026_payment_limit
sha256:9fe3bc53889ab35ebce768658b999cb3f6790d9cd7a78a7a52e838b08701438f,admitted,3423092,event:4d45e718806d0b1628a570e16c70f779792f44e5e3a7e2838d63c59c072c3b24,rights_constrained_reference,pdf,B1 historical acquisition receipt; ignored cache path and transfer diagnostics omitted.,acquired,9fe3bc53889ab35ebce768658b999cb3f6790d9cd7a78a7a52e838b08701438f,,2026-08-25T14:44:19.015313+00:00,public_reuse_review,au_mbs,https://www.mbsonline.gov.au/internet/mbsonline/publishing.nsf/Content/515793D58E889BD0CA257CD100033990/$File/2007-11-MBS.pdf,,au_mbs_historical_0151
sha256:e99701522aa901965e6bb8105710ca23661170ad3963aa84f73e4905ef5b280f,admitted,17787395,event:4d53db9e6eb0f8479e5cd6a903020772c4a7a464dc4ab79f4d23a19eded737fb,rights_constrained_reference,pdf,B1 historical acquisition receipt; ignored cache path and transfer diagnostics omitted.,acquired,e99701522aa901965e6bb8105710ca23661170ad3963aa84f73e4905ef5b280f,,2026-08-25T14:44:19.015313+00:00,public_reuse_review,au_mbs,https://www.mbsonline.gov.au/internet/mbsonline/publishing.nsf/Content/515793D58E889BD0CA257CD100033990/$File/1993-11-MBS.pdf,,au_mbs_historical_0096
sha256:b05cbcdbbf87a686d925e048c7c9e3067fda6a241828f41ade1299f38b9952e3,admitted,22657914,event:4e391e0ba6e2db64e36d5e320b093ad49ad639f8583331c7368ba793c2307e9f,rights_constrained_reference,pdf,B1 historical acquisition receipt; ignored cache path and transfer diagnostics omitted.,acquired,b05cbcdbbf87a686d925e048c7c9e3067fda6a241828f41ade1299f38b9952e3,,2026-08-25T14:44:19.015313+00:00,public_reuse_review,au_mbs,https://www.mbsonline.gov.au/internet/mbsonline/publishing.nsf/Content/515793D58E889BD0CA257CD100033990/$File/1997-11-MBS.pdf,,au_mbs_historical_0108
sha256:bf9c2a9132a6c9a5602f14592860b8d80c97e8fd57c29a26e5323b0a40ee0532,admitted,2350170,event:4eaa3db540411253fcf5d850a1be8026cde59e65b1b7220ac63ce139c5f9bca4,rights_constrained_reference,pdf,B1 historical acquisition receipt; ignored cache path and transfer diagnostics omitted.,acquired,bf9c2a9132a6c9a5602f14592860b8d80c97e8fd57c29a26e5323b0a40ee0532,,2026-08-25T14:44:19.015313+00:00,public_reuse_review,au_mbs,https://www.mbsonline.gov.au/internet/mbsonline/publishing.nsf/Content/515793D58E889BD0CA257CD100033990/$File/1997-05-MBS.pdf,,au_mbs_historical_0106
sha256:4f10b257ecd2e7a200d2b004530cb25bc7d0bf698cbae2f700eb2efe5de426c3,admitted,470135,event:4eb85d53c0bdded3901f7cacb2b3148ecf05050c63c566811f2a16f1074cabe1,rights_constrained_reference,pdf,B1 historical acquisition receipt; ignored cache path and transfer diagnostics omitted.,acquired,4f10b257ecd2e7a200d2b004530cb25bc7d0bf698cbae2f700eb2efe5de426c3,,2026-08-25T14:44:19.015313+00:00,public_reuse_review,au_mbs,https://www.mbsonline.gov.au/internet/mbsonline/publishing.nsf/Content/94D54B959677561ECA2585FF000015E3/$File/201305-Allied.pdf,,au_mbs_historical_0234
sha256:4959301e740d74fc0671f99f3c09b466b061f684cef605af223cae20e8094f2f,admitted,11234162,event:4ec1932cef86d4e3702a6b5870b34a0d7590f92affaa4ad9662248cd8e9f8a9d,rights_constrained_reference,pdf,B1 historical acquisition receipt; ignored cache path and transfer diagnostics omitted.,acquired,4959301e740d74fc0671f99f3c09b466b061f684cef605af223cae20e8094f2f,,2026-08-25T14:44:19.015313+00:00,public_reuse_review,au_mbs,https://www.mbsonline.gov.au/internet/mbsonline/publishing.nsf/Content/F540E955EFE9BFD5CA25861500000C28/$File/201904-MBS.pdf,,au_mbs_historical_0323
sha256:08aad0461198d78c4943e21fbe5f55af2a5945bee306e30f0bbc8401d8f173ea,admitted,16931231,event:4edcc2aab48e8a8c67136f5b9ca8c2165dbebf126101950504a5e7b38c17308d,rights_constrained_reference,pdf,B1 historical acquisition receipt; ignored cache path and transfer diagnostics omitted.,acquired,08aad0461198d78c4943e21fbe5f55af2a5945bee306e30f0bbc8401d8f173ea,,2026-08-25T14:44:19.015313+00:00,public_reuse_review,au_mbs,https://www.mbsonline.gov.au/internet/mbsonline/publishing.nsf/Content/90CB91EE0B6FB8A9CA2586140082584E/$File/201802-MBS.pdf,,au_mbs_historical_0222
sha256:1605e219583f08bc3008c81c89c94b4a90e67e377e74da6bab37929d1088534c,admitted,275655,event:4eeba1bc85dc443eb82155a501ccfda19ac4ff1c46bf2e19393b91e723173479,rights_constrained_reference,pdf,B1 historical acquisition receipt; ignored cache path and transfer diagnostics omitted.,acquired,1605e219583f08bc3008c81c89c94b4a90e67e377e74da6bab37929d1088534c,,2026-08-25T14:44:19.015313+00:00,public_reuse_review,au_mbs,https://www.mbsonline.gov.au/internet/mbsonline/publishing.nsf/Content/317ACF6351081DB5CA2585FF00086C40/$File/201111-Allied.pdf,,au_mbs_historical_0041
sha256:96f0769c9ed065e4efda8d618790c5116041f268b7330b4019128b3f58a44455,admitted,2214859,event:4f40003a44965a38b50325a7ec54811fde40b7443253a8430452d3f16e899eef,rights_constrained_reference,pdf,B1 historical acquisition receipt; ignored cache path and transfer diagnostics omitted.,acquired,96f0769c9ed065e4efda8d618790c5116041f268b7330b4019128b3f58a44455,,2026-08-25T14:44:19.015313+00:00,public_reuse_review,au_mbs,https://www.mbsonline.gov.au/internet/mbsonline/publishing.nsf/Content/515793D58E889BD0CA257CD100033990/$File/2000-02-DI.pdf,,au_mbs_historical_0118
sha256:b695ed7aca9589613668261daf85ebf4a8c5b7d2fdc1257f5a55873bbc90c13e,admitted,571583,event:50b80192443b658ffd4a5219bea9644b046bfbb3b6e6486f516e368c1015ec5b,rights_constrained_reference,pdf,B1 historical acquisition receipt; ignored cache path and transfer diagnostics omitted.,acquired,b695ed7aca9589613668261daf85ebf4a8c5b7d2fdc1257f5a55873bbc90c13e,,2026-08-25T14:44:19.015313+00:00,public_reuse_review,au_mbs,https://www.mbsonline.gov.au/internet/mbsonline/publishing.nsf/Content/317ACF6351081DB5CA2585FF00086C40/$File/201107-Summary.pdf,,au_mbs_historical_0040
sha256:bbc84d73aca4446da1e6db15fe2feb6cb997bc7a2f598c6eeffad4bafc4dc44c,admitted,12621787,event:50d05fa1f36e3d1ab6fd1731219f81cbee3e7c0f7a635efef8df8607552ad9a0,rights_constrained_reference,pdf,B1 historical acquisition receipt; ignored cache path and transfer diagnostics omitted.,acquired,bbc84d73aca4446da1e6db15fe2feb6cb997bc7a2f598c6eeffad4bafc4dc44c,,2026-08-25T14:44:19.015313+00:00,public_reuse_review,au_mbs,https://www.mbsonline.gov.au/internet/mbsonline/publishing.nsf/Content/4EFCF78281A91736CA258654001138AF/$File/mbsbook-march2021.pdf,,au_mbs_historical_0070
sha256:0e09a522b926b97998c4f011d0cc387488032b4e40df5329f330ac9a5243ad74,admitted,13088403,event:50e36a399053fd2bdf1f5e66ac1888be362291bc2421759050e83adeea6445f5,rights_constrained_reference,pdf,B1 historical acquisition receipt; ignored cache path and transfer diagnostics omitted.,acquired,0e09a522b926b97998c4f011d0cc387488032b4e40df5329f330ac9a5243ad74,,2026-08-25T14:44:19.015313+00:00,public_reuse_review,au_mbs,https://www.mbsonline.gov.au/internet/mbsonline/publishing.nsf/650f3eec0dfb990fca25692100069854/0b61e1e80b332754ca258c9e0000c7d8/$FILE/MBS%20Book%201%20July%202025.PDF,,au_mbs_historical_0002
sha256:4e4eb1507d7e33b95d327e8b81495b8eb1da6c744d57ed0d932c36c36974c6bc,admitted,976968,event:5160853bef8a03232f11c4a00ece86972779ab8d8c3c402c668f4c4e97a94ad5,rights_constrained_reference,pdf,B1 historical acquisition receipt; ignored cache path and transfer diagnostics omitted.,acquired,4e4eb1507d7e33b95d327e8b81495b8eb1da6c744d57ed0d932c36c36974c6bc,,2026-08-25T14:44:19.015313+00:00,public_reuse_review,au_mbs,https://www.mbsonline.gov.au/internet/mbsonline/publishing.nsf/Content/4EFCF78281A91736CA258654001138AF/$File/202103-cat4.pdf,,au_mbs_historical_0065
sha256:9bf97e3c02cc3fa75a1e7dde2f120340d661721166a385b06fb6c793b535223e,admitted,4701344,event:526ae610c4e8b5eea32d74f9ff9a8872bc338df63fb070ff23d603f35097430e,rights_constrained_reference,pdf,B1 historical acquisition receipt; ignored cache path and transfer diagnostics omitted.,acquired,9bf97e3c02cc3fa75a1e7dde2f120340d661721166a385b06fb6c793b535223e,,2026-08-25T14:44:19.015313+00:00,public_reuse_review,au_mbs,https://www.mbsonline.gov.au/internet/mbsonline/publishing.nsf/Content/DD4BF54A34D823FDCA25881700139AD5/$File/202207-Cat3d.pdf,,au_mbs_historical_0287
sha256:b830eefceec51efe7f6d1470e74ef3104063d991ffab903286a43fa9c537248c,admitted,23897323,event:529820d955802a350688520d19cb7375bf6bd49a374bca1ef83536b4c6a69f1c,rights_constrained_reference,pdf,B1 historical acquisition receipt; ignored cache path and transfer diagnostics omitted.,acquired,b830eefceec51efe7f6d1470e74ef3104063d991ffab903286a43fa9c537248c,,2026-08-25T14:44:19.015313+00:00,public_reuse_review,au_mbs,https://www.mbsonline.gov.au/internet/mbsonline/publishing.nsf/Content/515793D58E889BD0CA257CD100033990/$File/1985-MBS.pdf,,au_mbs_historical_0081
sha256:b0686443f5b9348c64423e96b87517a881522ba477670c887e96f84ec78af1b7,admitted,266395,event:53b9832816772200fb09eb3f3728d64760b47c890d0f576778b69fb448b439d9,rights_constrained_reference,pdf,B1 historical acquisition receipt; ignored cache path and transfer diagnostics omitted.,acquired,b0686443f5b9348c64423e96b87517a881522ba477670c887e96f84ec78af1b7,,2026-08-25T14:44:19.015313+00:00,public_reuse_review,au_mbs,https://www.mbsonline.gov.au/internet/mbsonline/publishing.nsf/Content/515793D58E889BD0CA257CD100033990/$File/201005-Summary.pdf,,au_mbs_historical_0170
sha256:45ed18f4838937299211955ac63b0cc39338306ef4094cc6c1ba08562075311c,admitted,13575,event:546b99093814c24c378542f3344eadd353633d85b9220121b94baccc64094f2d,rights_constrained_reference,txt,B1 historical acquisition receipt; ignored cache path and transfer diagnostics omitted.,acquired,45ed18f4838937299211955ac63b0cc39338306ef4094cc6c1ba08562075311c,,2026-08-25T14:44:19.015313+00:00,public_reuse_review,au_mbs,https://www.mbsonline.gov.au/internet/mbsonline/publishing.nsf/Content/DD4BF54A34D823FDCA25881700139AD5/$File/RVG%20file%2020220701.TXT,,au_mbs_historical_0294
sha256:66a5f2cbc0fae10fbefbaeea06889350372b14009b44ea49d43cc33cb764877a,admitted,26034,event:5496f0aeb615e1fc8d3f011f1eecc1eeb28374a2beb93cf1cf73b9f6c3c490f7,rights_constrained_reference,txt,B1 historical acquisition receipt; ignored cache path and transfer diagnostics omitted.,acquired,66a5f2cbc0fae10fbefbaeea06889350372b14009b44ea49d43cc33cb764877a,,2026-08-25T14:44:19.015313+00:00,public_reuse_review,au_mbs,https://www.mbsonline.gov.au/internet/mbsonline/publishing.nsf/Content/219B691F0B58B4C0CA258A4400037AA5/$File/RVG%20file%2020231101.TXT,,au_mbs_historical_0016
sha256:53754a7762fae7dd47340090061e948c8a541cdbc30fec1b4a77bc9482bc7d07,admitted,165202,event:55766bbf38d1703bee93b0f5bfa5e97fdb6cdd3c3c474ab8b840a42470dfcfb9,rights_constrained_reference,pdf,B1 historical acquisition receipt; ignored cache path and transfer diagnostics omitted.,acquired,53754a7762fae7dd47340090061e948c8a541cdbc30fec1b4a77bc9482bc7d07,,2026-08-25T14:44:19.015313+00:00,public_reuse_review,au_mbs,https://www.mbsonline.gov.au/internet/mbsonline/publishing.nsf/Content/515793D58E889BD0CA257CD100033990/$File/2007-11-Dental.pdf,,au_mbs_historical_0150
sha256:4fec193066506e04d1e1b4a17ce181429274a4a5b34564f9903caae5fb57bcfd,admitted,702428,event:572c04f8fd942b5c18ec9eee5b8cf2a877a1145ce853a52a28950d1d532473b4,rights_constrained_reference,pdf,B1 historical acquisition receipt; ignored cache path and transfer diagnostics omitted.,acquired,4fec193066506e04d1e1b4a17ce181429274a4a5b34564f9903caae5fb57bcfd,,2026-08-25T14:44:19.015313+00:00,public_reuse_review,au_mbs,https://www.mbsonline.gov.au/internet/mbsonline/publishing.nsf/Content/515793D58E889BD0CA257CD100033990/$File/2004-05-MBS.pdf,,au_mbs_historical_0131
sha256:eb66b3309efc74303018df0d09bc28df285d9aa895b83590e3eb8c28073f2cf7,admitted,20234596,event:57504f3307c728224853cccf1a3bf57643ff6c47aa23149f9e4bd8589c071a19,rights_constrained_reference,pdf,B1 historical acquisition receipt; ignored cache path and transfer diagnostics omitted.,acquired,eb66b3309efc74303018df0d09bc28df285d9aa895b83590e3eb8c28073f2cf7,,2026-08-25T14:44:19.015313+00:00,public_reuse_review,au_mbs,https://www.mbsonline.gov.au/internet/mbsonline/publishing.nsf/Content/515793D58E889BD0CA257CD100033990/$File/1995-11-MBS.pdf,,au_mbs_historical_0102
sha256:153107a7b9a1681a874994a8c417c65039374626b44e7c83075b80d02f497d44,admitted,1230077,event:5774ce154dece82c3c2cb5c76c005d6643a54e1f2696a8e6d44cacc8688b922e,rights_constrained_reference,pdf,B1 historical acquisition receipt; ignored cache path and transfer diagnostics omitted.,acquired,153107a7b9a1681a874994a8c417c65039374626b44e7c83075b80d02f497d44,,2026-08-25T14:44:19.015313+00:00,public_reuse_review,au_mbs,https://www.mbsonline.gov.au/internet/mbsonline/publishing.nsf/Content/515793D58E889BD0CA257CD100033990/$File/1992-02-Pathology.pdf,,au_mbs_historical_0092
sha256:d145e5cbd35df9c6458b6577ebd18a471d75b139fd3df9a611b62fca2a9c8b67,admitted,13897243,event:589566ea21aaba0830bafab644be63d0073ec971c83e1d822a1174518a468e76,rights_constrained_reference,pdf,B1 historical acquisition receipt; ignored cache path and transfer diagnostics omitted.,acquired,d145e5cbd35df9c6458b6577ebd18a471d75b139fd3df9a611b62fca2a9c8b67,,2026-08-25T14:44:19.015313+00:00,public_reuse_review,au_mbs,https://www.mbsonline.gov.au/internet/mbsonline/publishing.nsf/Content/515793D58E889BD0CA257CD100033990/$File/1986-MBS.pdf,,au_mbs_historical_0082
sha256:1656f7f353e81235ab22feff01ffb68a261a39de9be66483cf7b154da337098c,admitted,355778,event:58ee440360d8e774e60ac8d4f47dbc46cbdde8488b52b79ce8c26e58f8fdc4f5,rights_constrained_reference,pdf,B1 historical acquisition receipt; ignored cache path and transfer diagnostics omitted.,acquired,1656f7f353e81235ab22feff01ffb68a261a39de9be66483cf7b154da337098c,,2026-08-25T14:44:19.015313+00:00,public_reuse_review,au_mbs,https://www.mbsonline.gov.au/internet/mbsonline/publishing.nsf/Content/94D54B959677561ECA2585FF000015E3/$File/201312-Optom.pdf,,au_mbs_historical_0248
sha256:db5eb0d6467c0ac15bda3ba1a719c5d891b5cb2884273d2d1f8f73411637a6bd,admitted,18650797,event:59a3a5a8e4864df04292a8a6b85774204ababc6346f5a585b9aef66568c20f0f,rights_constrained_reference,pdf,B1 historical acquisition receipt; ignored cache path and transfer diagnostics omitted.,acquired,db5eb0d6467c0ac15bda3ba1a719c5d891b5cb2884273d2d1f8f73411637a6bd,,2026-08-25T14:44:19.015313+00:00,public_reuse_review,au_mbs,https://www.mbsonline.gov.au/internet/mbsonline/publishing.nsf/Content/90CB91EE0B6FB8A9CA2586140082584E/$File/201811-MBS.pdf,,au_mbs_historical_0227
sha256:46e48fed9fe85a57814332aa066744c6821d4096005924059435efeb66430442,admitted,120855,event:5a306b32ed256500370067e5ea0da339ad0a0ae8f0fa4ba23cba6b541abd7ee3,rights_constrained_reference,pdf,B1 historical acquisition receipt; ignored cache path and transfer diagnostics omitted.,acquired,46e48fed9fe85a57814332aa066744c6821d4096005924059435efeb66430442,,2026-08-25T14:44:19.015313+00:00,public_reuse_review,au_mbs,https://www.mbsonline.gov.au/internet/mbsonline/publishing.nsf/Content/515793D58E889BD0CA257CD100033990/$File/2005-11-Allied.pdf,,au_mbs_historical_0136
sha256:437fc4820375983ae649b93d7289704ea5e6d089beadfe499a60e4756e0ff206,admitted,1352935,event:5b0d487e5957bfb8b67d78dbb8ea9cdf6484eabd38816f101df0a6dc3eb79831,rights_constrained_reference,pdf,B1 historical acquisition receipt; ignored cache path and transfer diagnostics omitted.,acquired,437fc4820375983ae649b93d7289704ea5e6d089beadfe499a60e4756e0ff206,,2026-08-25T14:44:19.015313+00:00,public_reuse_review,au_mbs,https://www.mbsonline.gov.au/internet/mbsonline/publishing.nsf/Content/515793D58E889BD0CA257CD100033990/$File/1992-02-DI.pdf,,au_mbs_historical_0090
sha256:accd907d171de69a248b141fa55453b9b566c60a9e4321181b3d06ea661adab0,admitted,1272505,event:5b620a4688100e153c7e9a532723e0165eb76f10f704ca11d722325089066a33,rights_constrained_reference,zip,B1 historical acquisition receipt; ignored cache path and transfer diagnostics omitted.,acquired,accd907d171de69a248b141fa55453b9b566c60a9e4321181b3d06ea661adab0,,2026-08-25T14:44:19.015313+00:00,public_reuse_review,au_mbs,https://www.mbsonline.gov.au/internet/mbsonline/publishing.nsf/Content/8F3FA58ED97DCA35CA2584BE00111151/$File/202001-MBS%2017Jan2020.zip,,au_mbs_historical_0215
sha256:2bd3a3e75e30d3e8c6b6623824cc8018f65b0e7fc0e24ced15d02beba9b43bf1,admitted,209344,event:5bc1ec66f7a2d00171b5f255ebb2c359daccc5c303c665c5d51ad559159f89e6,rights_constrained_reference,application/vnd.openxmlformats-officedocument.spreadsheetml.sheet,B1 event projected from a reviewed source-bundle snapshot; local raw path omitted.,acquired,2bd3a3e75e30d3e8c6b6623824cc8018f65b0e7fc0e24ced15d02beba9b43bf1,,2026-07-27T00:00:00+10:00,public_reuse_review,uk_genomic_test_directory,https://www.england.nhs.uk/wp-content/uploads/2018/08/rare-and-inherited-disease-national-genomics-test-directory-v9.xlsx,,uk_genomic_test_directory_rare_v9
sha256:506cfe3cf3ad61e74a7a452f65b3ddb9d422432757c506e631b9ddd1258709f9,admitted,11281537,event:5bea412a526a4376ca6c8c5f9ec5098f091f0d9b182881b85cac394e8c1bcc9b,rights_constrained_reference,pdf,B1 historical acquisition receipt; ignored cache path and transfer diagnostics omitted.,acquired,506cfe3cf3ad61e74a7a452f65b3ddb9d422432757c506e631b9ddd1258709f9,,2026-08-25T14:44:19.015313+00:00,public_reuse_review,au_mbs,https://www.mbsonline.gov.au/internet/mbsonline/publishing.nsf/Content/F540E955EFE9BFD5CA25861500000C28/$File/201905-MBS.pdf,,au_mbs_historical_0324
sha256:8676fe1dfe139f5b9856cc9403f63a59895fd5f166bbf611a7664f9cbe7fc335,admitted,17903547,event:5c961ccb6f81ba1bc9073d2781d6f0cf97952701747f384eb69b01382534a225,rights_constrained_reference,pdf,B1 historical acquisition receipt; ignored cache path and transfer diagnostics omitted.,acquired,8676fe1dfe139f5b9856cc9403f63a59895fd5f166bbf611a7664f9cbe7fc335,,2026-08-25T14:44:19.015313+00:00,public_reuse_review,au_mbs,https://www.mbsonline.gov.au/internet/mbsonline/publishing.nsf/Content/515793D58E889BD0CA257CD100033990/$File/1984-MBS.pdf,,au_mbs_historical_0080
sha256:ac7548ce5e69fccb7d05f95cdaca355079863581f68e9b1c242706b3c265fd68,admitted,899026,event:5e06667f86bcc6eb787d7f3513b74524b837caf8f1a07c541296e3c07194c248,rights_constrained_reference,pdf,B1 historical acquisition receipt; ignored cache path and transfer diagnostics omitted.,acquired,ac7548ce5e69fccb7d05f95cdaca355079863581f68e9b1c242706b3c265fd68,,2026-08-25T14:44:19.015313+00:00,public_reuse_review,au_mbs,https://www.mbsonline.gov.au/internet/mbsonline/publishing.nsf/Content/8F3FA58ED97DCA35CA2584BE00111151/$File/202001-Cat4.pdf,,au_mbs_historical_0204
sha256:0a8f73832a220851ceb0bcbc0adbe76a07b9978f1dd8acc880b094ef51502b7f,admitted,5260125,event:5e2a92c884d1b012766da70d2111c0c7bcdbd23a37c2c0fefc53ac79e4d66515,rights_constrained_reference,pdf,B1 historical acquisition receipt; ignored cache path and transfer diagnostics omitted.,acquired,0a8f73832a220851ceb0bcbc0adbe76a07b9978f1dd8acc880b094ef51502b7f,,2026-08-25T14:44:19.015313+00:00,public_reuse_review,au_mbs,https://www.mbsonline.gov.au/internet/mbsonline/publishing.nsf/Content/E137A6BDE8494881CA2585FF000A72FF/$File/201201-MBS.pdf,,au_mbs_historical_0297
sha256:b2ec19a06c5460d5c474df3615fa7a53d28ea1445ce7285a1abc8f0050b0ba4e,admitted,355775,event:5ff7ffd0f327aba2425abd5b96a791230ca753d2a5b331b97979722a47b6541f,rights_constrained_reference,pdf,B1 historical acquisition receipt; ignored cache path and transfer diagnostics omitted.,acquired,b2ec19a06c5460d5c474df3615fa7a53d28ea1445ce7285a1abc8f0050b0ba4e,,2026-08-25T14:44:19.015313+00:00,public_reuse_review,au_mbs,https://www.mbsonline.gov.au/internet/mbsonline/publishing.nsf/Content/94D54B959677561ECA2585FF000015E3/$File/201311-Optom.pdf,,au_mbs_historical_0245
sha256:5834d849743a3eab2b8c03e826a5ed6a488a6f65cf4c4148da3ec227e5007805,admitted,8291891,event:609cc501218a784564202e32a60edda67708351ef38af14dd7aa5ba665757996,rights_constrained_reference,XML,B1 event projected from checksum-bound source validation; raw path omitted.,acquired,5834d849743a3eab2b8c03e826a5ed6a488a6f65cf4c4148da3ec227e5007805,,1970-01-01T00:00:00Z,public_reuse_review,au_mbs,https://www.mbsonline.gov.au/internet/mbsonline/publishing.nsf/650f3eec0dfb990d3ca25692100069854/d4bd04ca56657072ca258df70023b066/$FILE/MBS-XML-20260701.XML,,au_mbs_20260701_xml
sha256:6ab33ebf45fe2dcb3bef861b7d408aaa83269d8b89dd4f47bfbce59e9e403fa8,admitted,4411330,event:61d2aa5b483bb2c8e281f94f218b2a66c96edaa874fbf7d944db30e2c23c9a39,rights_constrained_reference,txt,B1 historical acquisition receipt; ignored cache path and transfer diagnostics omitted.,acquired,6ab33ebf45fe2dcb3bef861b7d408aaa83269d8b89dd4f47bfbce59e9e403fa8,,2026-08-25T14:44:19.015313+00:00,public_reuse_review,au_mbs,https://www.mbsonline.gov.au/internet/mbsonline/publishing.nsf/Content/8F3FA58ED97DCA35CA2584BE00111151/$File/202001_MBSONLINE_IMAP%2017Jan2020.TXT,,au_mbs_historical_0218
sha256:7a936917cfb61b0b4ed432c502c453c148bedca3897efa8546c3e476f2f6d11e,admitted,16808426,event:62171cce0ffcb34dc4b13dd5d7c531c7d2f19a572e1abb32185e62bcea5ed212,rights_constrained_reference,pdf,B1 historical acquisition receipt; ignored cache path and transfer diagnostics omitted.,acquired,7a936917cfb61b0b4ed432c502c453c148bedca3897efa8546c3e476f2f6d11e,,2026-08-25T14:44:19.015313+00:00,public_reuse_review,au_mbs,https://www.mbsonline.gov.au/internet/mbsonline/publishing.nsf/Content/40901A5DCA1CD593CA258614007F45C1/$File/201710-MBS.pdf,,au_mbs_historical_0049
sha256:bc198ebb8e67d8f5379bc3a9da04334152ce95a8086f769576ad7948c90da8db,admitted,5272977,event:6327decec280cfa4f645ccdfc374954817740d71a3c1d060e96d46461348ee49,rights_constrained_reference,pdf,B1 historical acquisition receipt; ignored cache path and transfer diagnostics omitted.,acquired,bc198ebb8e67d8f5379bc3a9da04334152ce95a8086f769576ad7948c90da8db,,2026-08-25T14:44:19.015313+00:00,public_reuse_review,au_mbs,https://www.mbsonline.gov.au/internet/mbsonline/publishing.nsf/Content/94D54B959677561ECA2585FF000015E3/$File/201307-MBS.pdf,,au_mbs_historical_0238
sha256:3b646565695329aa399e937883c68d5d424d0df5eaab2f22baa0e08d44fdbe87,admitted,23019454,event:636f51d1cd88a416af9d63213ef24dfcd5f96e369cf3e406ce91c832fd9d321e,rights_constrained_reference,application/json,B1 event projected from a reviewed source-bundle snapshot; local raw path omitted.,acquired,3b646565695329aa399e937883c68d5d424d0df5eaab2f22baa0e08d44fdbe87,,2026-07-23T01:58:45.970401+00:00,public_reuse_review,hpo,https://purl.obolibrary.org/obo/hp.json,,hpo_current_20260723
sha256:4aa1f75d2a3a915b0713ce95012699220b6b4c4e945d1f278e7a3ea63ed9a1e6,admitted,2630946,event:63b880f0acaa1ca7d7721a9aaa10ea7ae70ab80800c0f29c8b38420610136133,rights_constrained_reference,application/json,B1 event projected from a reviewed source-bundle snapshot; local raw path omitted.,acquired,4aa1f75d2a3a915b0713ce95012699220b6b4c4e945d1f278e7a3ea63ed9a1e6,,2026-07-23T02:02:41.604131+00:00,public_reuse_review,us_fda_device_classification,https://api.fda.gov/device/classification.json?limit=1000,,us_fda_device_classification_20260723_page1
sha256:499f49847c7d22966e14812a04f68862328fbeecd563c05b90dd8fd2a536c9d5,admitted,469262,event:6428aca2074063d0f647f0b4c473c59670c180926b4f54af47452299dae4da06,rights_constrained_reference,pdf,B1 historical acquisition receipt; ignored cache path and transfer diagnostics omitted.,acquired,499f49847c7d22966e14812a04f68862328fbeecd563c05b90dd8fd2a536c9d5,,2026-08-25T14:44:19.015313+00:00,public_reuse_review,au_mbs,https://www.mbsonline.gov.au/internet/mbsonline/publishing.nsf/Content/B900536D4B582E61CA2585FF0006926F/$File/201401-Allied.PDF,,au_mbs_historical_0271
sha256:646ae0b0c555b9ae02febfb08afc65f9f35624353ac72de34843828b1797fd85,pending,,event:646ae0b0c555b9ae02febfb08afc65f9f35624353ac72de34843828b1797fd85,none,ZIP/XLSX manual extract,B1 event projected from checksum-bound source validation; raw path omitted.,blocked,,,1970-01-01T00:00:00Z,restricted_local_only,us_cms_pfs,https://www.cms.gov/medicare/payment/fee-schedules/physician/pfs-relative-value-files,,us_cms_pfs_rvu26c
sha256:fcdcf239e47ac3d8e5d7202ac9234208a68ca3c50ffe12ccd5f85937d762bf1a,admitted,5267033,event:64cbf08b3b56d926884e43656a8ac0022fc9948178269348973649c6573a2d68,rights_constrained_reference,pdf,B1 historical acquisition receipt; ignored cache path and transfer diagnostics omitted.,acquired,fcdcf239e47ac3d8e5d7202ac9234208a68ca3c50ffe12ccd5f85937d762bf1a,,2026-08-25T14:44:19.015313+00:00,public_reuse_review,au_mbs,https://www.mbsonline.gov.au/internet/mbsonline/publishing.nsf/Content/94D54B959677561ECA2585FF000015E3/$File/201303-MBS.pdf,,au_mbs_historical_0232
sha256:3fd990fafa8a1094b2d38caf59e8f128c1108e30ff74c0fb59e49a8680c37ba2,admitted,1885953,event:6610d603888cd4749969856c57153f5121fad6e741d41d426e2f87da304d2131,rights_constrained_reference,pdf,B1 historical acquisition receipt; ignored cache path and transfer diagnostics omitted.,acquired,3fd990fafa8a1094b2d38caf59e8f128c1108e30ff74c0fb59e49a8680c37ba2,,2026-08-25T14:44:19.015313+00:00,public_reuse_review,au_mbs,https://www.mbsonline.gov.au/internet/mbsonline/publishing.nsf/Content/515793D58E889BD0CA257CD100033990/$File/1999-03-MBS.pdf,,au_mbs_historical_0114
sha256:8da8727c77b5821b4332588f1b0480bafdfd7eb14cdaf857e42e34265b91d726,admitted,1647828,event:66c785e6a4e17d3cf08d645860a1adc6b5b61b26e8eab0e8d1596142ce9cd93f,rights_constrained_reference,pdf,B1 historical acquisition receipt; ignored cache path and transfer diagnostics omitted.,acquired,8da8727c77b5821b4332588f1b0480bafdfd7eb14cdaf857e42e34265b91d726,,2026-08-25T14:44:19.015313+00:00,public_reuse_review,au_mbs,https://www.mbsonline.gov.au/internet/mbsonline/publishing.nsf/Content/4C767FC45843CB02CA25898500825ACA/$File/PDF%20version%20of%20the%20July%202023%20Category%205%20-%20Diagnostic%20Imaging%20Services.pdf,,au_mbs_historical_0057
sha256:ca0ae2ed67b3b502c20b3c7acb236160af3a5db8bb2439df62643eb086e04118,admitted,164444,event:66d5194661fe26e4b2f9dfa622dff090f248ad5da40f7c34185d9b10506cf04b,rights_constrained_reference,pdf,B1 historical acquisition receipt; ignored cache path and transfer diagnostics omitted.,acquired,ca0ae2ed67b3b502c20b3c7acb236160af3a5db8bb2439df62643eb086e04118,,2026-08-25T14:44:19.015313+00:00,public_reuse_review,au_mbs,https://www.mbsonline.gov.au/internet/mbsonline/publishing.nsf/Content/317ACF6351081DB5CA2585FF00086C40/$File/201111-Optom.pdf,,au_mbs_historical_0044
sha256:2b57cbc9b34754d13e0a88e30b6807493620a7cf5b09c28de741bd47ccf12458,admitted,555785,event:67de6733d08400aec823f76bd8aba0831bd410037b286bac10bf3ab7a50d4a57,rights_constrained_reference,pdf,B1 historical acquisition receipt; ignored cache path and transfer diagnostics omitted.,acquired,2b57cbc9b34754d13e0a88e30b6807493620a7cf5b09c28de741bd47ccf12458,,2026-08-25T14:44:19.015313+00:00,public_reuse_review,au_mbs,https://www.mbsonline.gov.au/internet/mbsonline/publishing.nsf/Content/515793D58E889BD0CA257CD100033990/$File/1992-02-MBS.pdf,,au_mbs_historical_0091
sha256:7765207ba2b33e0e54f838f6b290708c7647555109ad36219807e59ada3cb84f,admitted,5289689,event:699458b120abfd2a9c3c6dfa8c2a30638e217ef9ec3429f92a78c2cdede975a3,rights_constrained_reference,pdf,B1 historical acquisition receipt; ignored cache path and transfer diagnostics omitted.,acquired,7765207ba2b33e0e54f838f6b290708c7647555109ad36219807e59ada3cb84f,,2026-08-25T14:44:19.015313+00:00,public_reuse_review,au_mbs,https://www.mbsonline.gov.au/internet/mbsonline/publishing.nsf/Content/E137A6BDE8494881CA2585FF000A72FF/$File/201205-MBS.pdf,,au_mbs_historical_0305
sha256:0a179f9c622c9b842c37a6a557759ed523a7be1b053aafcb498864e7da8262df,admitted,3997414,event:6aeb102c81459bf6192b6814ff18ae0241c1754833c452e758919dc9531c93b8,rights_constrained_reference,pdf,B1 historical acquisition receipt; ignored cache path and transfer diagnostics omitted.,acquired,0a179f9c622c9b842c37a6a557759ed523a7be1b053aafcb498864e7da8262df,,2026-08-25T14:44:19.015313+00:00,public_reuse_review,au_mbs,https://www.mbsonline.gov.au/internet/mbsonline/publishing.nsf/Content/515793D58E889BD0CA257CD100033990/$File/201011-MBS.pdf,,au_mbs_historical_0175
sha256:b4709c1d13e52720936aedd5786f625cb68711bbde048b3984f63b27b8f6ee2a,admitted,591409,event:6d1385df6158ae4e9a2b54d73236b49a9127c4a98dc1d9b7f1628c182eed5934,rights_constrained_reference,pdf,B1 historical acquisition receipt; ignored cache path and transfer diagnostics omitted.,acquired,b4709c1d13e52720936aedd5786f625cb68711bbde048b3984f63b27b8f6ee2a,,2026-08-25T14:44:19.015313+00:00,public_reuse_review,au_mbs,https://www.mbsonline.gov.au/internet/mbsonline/publishing.nsf/Content/515793D58E889BD0CA257CD100033990/$File/1996-07-MBS.pdf,,au_mbs_historical_0103
sha256:4f8e31d2cb5a89953861ece277d0da8b06687ad14ae8b27d2401e6abffa5a363,admitted,19572070,event:6e0b99a72f5b32e684d516cd52055f520a2b79bff00ba213f41e04667da9f107,rights_constrained_reference,pdf,B1 historical acquisition receipt; ignored cache path and transfer diagnostics omitted.,acquired,4f8e31d2cb5a89953861ece277d0da8b06687ad14ae8b27d2401e6abffa5a363,,2026-08-25T14:44:19.015313+00:00,public_reuse_review,au_mbs,https://www.mbsonline.gov.au/internet/mbsonline/publishing.nsf/Content/515793D58E889BD0CA257CD100033990/$File/1991-11-MBS.pdf,,au_mbs_historical_0089
sha256:c5792ae8186de049c171468f47bc6c9c381a60c7e25287447e86f7ac710ab767,admitted,12092,event:6fad08c4db9f3755548fb56d89cf2e09d813df60d1a7f2624d61b21c47bd4a0c,rights_constrained_reference,txt,B1 historical acquisition receipt; ignored cache path and transfer diagnostics omitted.,acquired,c5792ae8186de049c171468f47bc6c9c381a60c7e25287447e86f7ac710ab767,,2026-08-25T14:44:19.015313+00:00,public_reuse_review,au_mbs,https://www.mbsonline.gov.au/internet/mbsonline/publishing.nsf/650f3eec0dfb990fca25692100069854/0b61e1e80b332754ca258c9e0000c7d8/$FILE/RVG%20file%2020250701.TXT,,au_mbs_historical_0003
sha256:07197f96afb15262bf03ddff42ce1325400d29b2f4e341a3cf21e5fbd605ee48,admitted,355951,event:6fe2582874fbfc1cef90babcc7ef07e68c11b8bb17574d6f7ce712c073289753,rights_constrained_reference,pdf,B1 historical acquisition receipt; ignored cache path and transfer diagnostics omitted.,acquired,07197f96afb15262bf03ddff42ce1325400d29b2f4e341a3cf21e5fbd605ee48,,2026-08-25T14:44:19.015313+00:00,public_reuse_review,au_mbs,https://www.mbsonline.gov.au/internet/mbsonline/publishing.nsf/Content/94D54B959677561ECA2585FF000015E3/$File/201305-Optom.pdf,,au_mbs_historical_0236
sha256:5463d8666108312a746c41a4c5e4eb58af5fcdc45c965326eecc88d7b3ff1e3f,admitted,125196,event:6ffd4ad4f1cdb03df9e0e3e83612fb4261727eaf1e87996e189e7d9b119e25bd,rights_constrained_reference,csv,B1 historical acquisition receipt; ignored cache path and transfer diagnostics omitted.,acquired,5463d8666108312a746c41a4c5e4eb58af5fcdc45c965326eecc88d7b3ff1e3f,,2026-08-25T14:44:19.015313+00:00,public_reuse_review,au_mbs,https://www.mbsonline.gov.au/internet/mbsonline/publishing.nsf/650f3eec0dfb990fca25692100069854/928fae91a23256aaca258d0d0007eede/$FILE/Health%20Insurance%20Regulations%202018%20-%20Basic%20Service%20Description%20for%20Assignment%20of%20Medicare%20Benefits.CSV,,au_mbs_historical_0006
sha256:2d527b19d53b42593b07ffa47580f18552ebb06854fe6c59917a056a054dda95,admitted,157798,event:717c9ae644d7091fecfb12010862c1d6a645d6b7c6d7568b43b0601324580999,rights_constrained_reference,pdf,B1 historical acquisition receipt; ignored cache path and transfer diagnostics omitted.,acquired,2d527b19d53b42593b07ffa47580f18552ebb06854fe6c59917a056a054dda95,,2026-08-25T14:44:19.015313+00:00,public_reuse_review,au_mbs,https://www.mbsonline.gov.au/internet/mbsonline/publishing.nsf/Content/E137A6BDE8494881CA2585FF000A72FF/$File/201203-Optom.pdf,,au_mbs_historical_0302
sha256:a75a3b48d4e49f5e082f6f7e9da63eec5546ad8412e511a53cb0cbcf9022bafb,admitted,214548,event:71d06aab1753a4a9172c86250b507dd21274050d72f6647e3d3146e82bb60c50,rights_constrained_reference,pdf,B1 historical acquisition receipt; ignored cache path and transfer diagnostics omitted.,acquired,a75a3b48d4e49f5e082f6f7e9da63eec5546ad8412e511a53cb0cbcf9022bafb,,2026-08-25T14:44:19.015313+00:00,public_reuse_review,au_mbs,https://www.mbsonline.gov.au/internet/mbsonline/publishing.nsf/Content/515793D58E889BD0CA257CD100033990/$File/200807.pdf,,au_mbs_historical_0153
sha256:7231c04abf62b44ddd6658425934a4eaf41a38523b069467af44abbf5bdcafa2,rejected,,event:7231c04abf62b44ddd6658425934a4eaf41a38523b069467af44abbf5bdcafa2,none,txt,B1 historical acquisition receipt; ignored cache path and transfer diagnostics omitted.,failed,,,2026-08-25T14:44:19.015313+00:00,public_reuse_review,au_mbs,https://www.mbsonline.gov.au/internet/mbsonline/publishing.nsf/650f3eec0dfb990fca25692100069854/d4bd04ca56657072ca258df70023b066/$FILE/RVG%20file%2020260701.TXT,,au_mbs_historical_0009
sha256:ac33346b9444211a050805b898920206c7d6aabc09d634f149ab8146c84ca846,admitted,20018551,event:72f1cd3ccfe14277908be4e48b39f0b6624afdbab8f605a7578e89f139a2d4c1,rights_constrained_reference,pdf,B1 historical acquisition receipt; ignored cache path and transfer diagnostics omitted.,acquired,ac33346b9444211a050805b898920206c7d6aabc09d634f149ab8146c84ca846,,2026-08-25T14:44:19.015313+00:00,public_reuse_review,au_mbs,https://www.mbsonline.gov.au/internet/mbsonline/publishing.nsf/Content/515793D58E889BD0CA257CD100033990/$File/1992-11-MBS.pdf,,au_mbs_historical_0093
sha256:6f7775b08eec8882bee5683c5538bbde3fdaa6289ed632f0064feaaaf1a37237,admitted,153534,event:730ad0d620dd89bc8537c7171a0b6dbdf0fe5326bf5c87966583bdd82559b40c,rights_constrained_reference,pdf,B1 historical acquisition receipt; ignored cache path and transfer diagnostics omitted.,acquired,6f7775b08eec8882bee5683c5538bbde3fdaa6289ed632f0064feaaaf1a37237,,2026-08-25T14:44:19.015313+00:00,public_reuse_review,au_mbs,https://www.mbsonline.gov.au/internet/mbsonline/publishing.nsf/Content/317ACF6351081DB5CA2585FF00086C40/$File/201101-Optom.pdf,,au_mbs_historical_0033
sha256:3a2809c75b0910f0f1c7dd925d70f9f2d9dc10121b8eeeef9889c932be17a8e3,admitted,355770,event:744bd7dbec521a8e12b84874c7005b8bd30e620fbe5a863e9c6ffd0aea30b0cb,rights_constrained_reference,pdf,B1 historical acquisition receipt; ignored cache path and transfer diagnostics omitted.,acquired,3a2809c75b0910f0f1c7dd925d70f9f2d9dc10121b8eeeef9889c932be17a8e3,,2026-08-25T14:44:19.015313+00:00,public_reuse_review,au_mbs,https://www.mbsonline.gov.au/internet/mbsonline/publishing.nsf/Content/B900536D4B582E61CA2585FF0006926F/$File/201408-Optom.PDF,,au_mbs_historical_0281
sha256:063186c99e597a60dc11b4aaf71d056eebaf2612061f637b1b52bab9e488a622,admitted,12986,event:7463b35192620dcb3912a06e5baad7fd8f74cc48c282ebd284a6925a469feeae,rights_constrained_reference,txt,B1 historical acquisition receipt; ignored cache path and transfer diagnostics omitted.,acquired,063186c99e597a60dc11b4aaf71d056eebaf2612061f637b1b52bab9e488a622,,2026-08-25T14:44:19.015313+00:00,public_reuse_review,au_mbs,https://www.mbsonline.gov.au/internet/mbsonline/publishing.nsf/Content/FBE6CC5B217AC8DACA25859E0016F5A3/$File/rvg210701.txt,,au_mbs_historical_0338
sha256:9be6c533f2065e8027053919e5dcf4df5fdbfe42bbdb314754cbebaa21a0ad79,admitted,5160851,event:752591c146a56ad8572d5da315e9533e0a933147e2944c508b3d25b746e5ab83,rights_constrained_reference,txt,B1 historical acquisition receipt; ignored cache path and transfer diagnostics omitted.,acquired,9be6c533f2065e8027053919e5dcf4df5fdbfe42bbdb314754cbebaa21a0ad79,,2026-08-25T14:44:19.015313+00:00,public_reuse_review,au_mbs,https://www.mbsonline.gov.au/internet/mbsonline/publishing.nsf/Content/FDC5220396350762CA25853D000487F9/$File/202005_MBSONLINE_DESC.TXT,,au_mbs_historical_0340
sha256:a78dd83694224d7b067907d3eba585902f6037a0804f126147a260fdb8e8514b,admitted,129392,event:769d13df010c82802abd86b764c535b57cdfb0b4b62f0ce5135b21207f6460c4,rights_constrained_reference,pdf,B1 historical acquisition receipt; ignored cache path and transfer diagnostics omitted.,acquired,a78dd83694224d7b067907d3eba585902f6037a0804f126147a260fdb8e8514b,,2026-08-25T14:44:19.015313+00:00,public_reuse_review,au_mbs,https://www.mbsonline.gov.au/internet/mbsonline/publishing.nsf/Content/515793D58E889BD0CA257CD100033990/$File/201001-Summary.pdf,,au_mbs_historical_0168
sha256:d910f107c128ea07534dbfd089b9c86f99c881bb36919726e37dcc2403b2359c,admitted,11399927,event:771f5eeb5ac0a5a6381ddda53759843bc18cab62289cdbf38ae634da4e2fb0da,rights_constrained_reference,application/json,B1 event projected from a reviewed source-bundle snapshot; local raw path omitted.,acquired,d910f107c128ea07534dbfd089b9c86f99c881bb36919726e37dcc2403b2359c,,2026-07-23T06:28:10.994108+00:00,public_reuse_review,us_fda_device_classification,https://api.fda.gov/device/classification.json,,us_fda_device_classification_20260723_complete
sha256:23a2edb0c69d6f4f0518a3de5ce06376eea8b8ef80dec52377a5f91a31ea677d,admitted,1500502,event:777cd968ecd45032094bf64e2696447909e2a3f6a529b29e3a6d07fc79172735,rights_constrained_reference,pdf,B1 historical acquisition receipt; ignored cache path and transfer diagnostics omitted.,acquired,23a2edb0c69d6f4f0518a3de5ce06376eea8b8ef80dec52377a5f91a31ea677d,,2026-08-25T14:44:19.015313+00:00,public_reuse_review,au_mbs,https://www.mbsonline.gov.au/internet/mbsonline/publishing.nsf/Content/B013E0789A07D708CA258B030013670A/$File/PDF%20Version%20-%201%20July%202024%20Category%206%20-%20Pathology%20Services.pdf,,au_mbs_historical_0265
sha256:23bc95436fd230fcdc9937456db85b19ab9f6cb82f3fb601e776b2db80a56f54,admitted,350555,event:7887b534af7e8b981b9014aa953ebed7fd1894c7429f456718d8792024230314,rights_constrained_reference,zip,B1 historical acquisition receipt; ignored cache path and transfer diagnostics omitted.,acquired,23bc95436fd230fcdc9937456db85b19ab9f6cb82f3fb601e776b2db80a56f54,,2026-08-25T14:44:19.015313+00:00,public_reuse_review,au_mbs,https://www.mbsonline.gov.au/internet/mbsonline/publishing.nsf/Content/8F3FA58ED97DCA35CA2584BE00111151/$File/202001-Cat1%2017Jan2020.zip,,au_mbs_historical_0199
sha256:289b383e5143e6375317d0f044a071559b4414efe2d193c50acdf47e1e4453f2,admitted,13290533,event:78e030931307ec6110bfa55be0e19f9fb421d23f43afc8d770d289d6f4f5a8c6,rights_constrained_reference,pdf,B1 historical acquisition receipt; ignored cache path and transfer diagnostics omitted.,acquired,289b383e5143e6375317d0f044a071559b4414efe2d193c50acdf47e1e4453f2,,2026-08-25T14:44:19.015313+00:00,public_reuse_review,au_mbs,https://www.mbsonline.gov.au/internet/mbsonline/publishing.nsf/Content/219B691F0B58B4C0CA258A4400037AA5/$File/1%20November%202023%20Complete%20MBS%20Book.pdf,,au_mbs_historical_0015
sha256:435ba58de881eaad86fa6b94e1835c0c444a2da62eb5b523c62891d7cccd5f0c,admitted,2947692,event:796416f91bc315104c99b7f778c4bd322d4f0ab34d258b6678caccbe878e6ec3,rights_constrained_reference,pdf,B1 historical acquisition receipt; ignored cache path and transfer diagnostics omitted.,acquired,435ba58de881eaad86fa6b94e1835c0c444a2da62eb5b523c62891d7cccd5f0c,,2026-08-25T14:44:19.015313+00:00,public_reuse_review,au_mbs,https://www.mbsonline.gov.au/internet/mbsonline/publishing.nsf/Content/515793D58E889BD0CA257CD100033990/$File/2002-11-MBS.pdf,,au_mbs_historical_0125
sha256:56b6e2031dab7fa80f7d215c9366905e1e5ea8c1b14541af1f6e10737f9bf24a,admitted,1943033,event:798ce7fe6ba718f3b447afdc6229cdbb9f243965bc4ce26d7b6d3766493b5f16,rights_constrained_reference,pdf,B1 historical acquisition receipt; ignored cache path and transfer diagnostics omitted.,acquired,56b6e2031dab7fa80f7d215c9366905e1e5ea8c1b14541af1f6e10737f9bf24a,,2026-08-25T14:44:19.015313+00:00,public_reuse_review,au_mbs,https://www.mbsonline.gov.au/internet/mbsonline/publishing.nsf/Content/B013E0789A07D708CA258B030013670A/$File/PDF%20Version%20-%201%20July%202024%20Category%208%20-%20Miscellaneous%20Services.pdf,,au_mbs_historical_0267
sha256:75431c798441cae8641ba8ab36659dfa2f56484ee6a6b1172b5e9183ca23571c,admitted,76639,event:79aedb7cfa53891e26e3ce075c32dd7b108c9e8d96362f9191931a17b87b0e90,rights_constrained_reference,zip,B1 historical acquisition receipt; ignored cache path and transfer diagnostics omitted.,acquired,75431c798441cae8641ba8ab36659dfa2f56484ee6a6b1172b5e9183ca23571c,,2026-08-25T14:44:19.015313+00:00,public_reuse_review,au_mbs,https://www.mbsonline.gov.au/internet/mbsonline/publishing.nsf/Content/8F3FA58ED97DCA35CA2584BE00111151/$File/202001-Cat4.zip,,au_mbs_historical_0205
sha256:0aafc9b9accb41c1e7600628d0ff8aac2e4a3a9c4dc47ed12bd39bd38d18ad3b,admitted,1662060,event:7ab59c4142564050bd3980c23f4d68b8e9aab7c59a060c5b91dafde17c0ee7fe,rights_constrained_reference,pdf,B1 historical acquisition receipt; ignored cache path and transfer diagnostics omitted.,acquired,0aafc9b9accb41c1e7600628d0ff8aac2e4a3a9c4dc47ed12bd39bd38d18ad3b,,2026-08-25T14:44:19.015313+00:00,public_reuse_review,au_mbs,https://www.mbsonline.gov.au/internet/mbsonline/publishing.nsf/Content/293EEBA9AB153C56CA2584EB001547AF/$File/202003-Cat6.pdf,,au_mbs_historical_0025
sha256:a3b45da42d56de3a6a4818a3367095aaf69f376480baaa1f22c6ee57d7745c30,admitted,17697926,event:7ae7ee4d51423996472fd3bd63b357f23f714f9fc84e04acfe024a2d6414c1ec,rights_constrained_reference,pdf,B1 historical acquisition receipt; ignored cache path and transfer diagnostics omitted.,acquired,a3b45da42d56de3a6a4818a3367095aaf69f376480baaa1f22c6ee57d7745c30,,2026-08-25T14:44:19.015313+00:00,public_reuse_review,au_mbs,https://www.mbsonline.gov.au/internet/mbsonline/publishing.nsf/Content/515793D58E889BD0CA257CD100033990/$File/1982-MBS.pdf,,au_mbs_historical_0078
sha256:56d73c4c10a5e0e16edc94bd39c06679c0e596aa3bd6fbd2ebaa748e63512697,admitted,413447,event:7c45e968dbd9b768c9641227800471d5933685a77050f600cc10ef0022baee69,rights_constrained_reference,pdf,B1 historical acquisition receipt; ignored cache path and transfer diagnostics omitted.,acquired,56d73c4c10a5e0e16edc94bd39c06679c0e596aa3bd6fbd2ebaa748e63512697,,2026-08-25T14:44:19.015313+00:00,public_reuse_review,au_mbs,https://www.mbsonline.gov.au/internet/mbsonline/publishing.nsf/Content/E137A6BDE8494881CA2585FF000A72FF/$File/201211-Dental.pdf,,au_mbs_historical_0312
sha256:1b77b9b92567df3c5361605880c9817804e061cd57c6e99be8a2679216ca5f6b,admitted,1836916,event:804fc0be86e4979646cece560681c52a1dd78ed2ecf4821859370f783f6c78e7,rights_constrained_reference,pdf,B1 historical acquisition receipt; ignored cache path and transfer diagnostics omitted.,acquired,1b77b9b92567df3c5361605880c9817804e061cd57c6e99be8a2679216ca5f6b,,2026-08-25T14:44:19.015313+00:00,public_reuse_review,au_mbs,https://www.mbsonline.gov.au/internet/mbsonline/publishing.nsf/Content/DD4BF54A34D823FDCA25881700139AD5/$File/202207-Cat6d.pdf,,au_mbs_historical_0290
sha256:421d75060bfcb1677819201e86f4c5f38e15c6e7507ec2c9d51a76fa7118ac95,admitted,2138966,event:81658d082ec114b49a9a2f648c3dc61f3c1fc638aa659c34d3b2121063e6ce02,rights_constrained_reference,pdf,B1 historical acquisition receipt; ignored cache path and transfer diagnostics omitted.,acquired,421d75060bfcb1677819201e86f4c5f38e15c6e7507ec2c9d51a76fa7118ac95,,2026-08-25T14:44:19.015313+00:00,public_reuse_review,au_mbs,https://www.mbsonline.gov.au/internet/mbsonline/publishing.nsf/Content/DD4BF54A34D823FDCA25881700139AD5/$File/202207-Cat8d.pdf,,au_mbs_historical_0292
sha256:e2554c8b86384831d9d055d5a4870c821b89ae65cb3dae48f31ddf76f70ac430,admitted,14329888,event:8175ebfc3f943b18835934b6d5705398add67b458f0b4526a769f0b5c2f2500c,rights_constrained_reference,pdf,B1 historical acquisition receipt; ignored cache path and transfer diagnostics omitted.,acquired,e2554c8b86384831d9d055d5a4870c821b89ae65cb3dae48f31ddf76f70ac430,,2026-08-25T14:44:19.015313+00:00,public_reuse_review,au_mbs,https://www.mbsonline.gov.au/internet/mbsonline/publishing.nsf/Content/515793D58E889BD0CA257CD100033990/$File/1990-05-MBS.pdf,,au_mbs_historical_0086
sha256:65f4e99b69016f34bbd537c2e6fd9a49d9e8f6c151bbf1fc537cfd2a246cdee9,admitted,17075733,event:818df433fe1605d8fca5bda733dd7563b6818a204684746bc42d4b5d05eeeac3,rights_constrained_reference,pdf,B1 historical acquisition receipt; ignored cache path and transfer diagnostics omitted.,acquired,65f4e99b69016f34bbd537c2e6fd9a49d9e8f6c151bbf1fc537cfd2a246cdee9,,2026-08-25T14:44:19.015313+00:00,public_reuse_review,au_mbs,https://www.mbsonline.gov.au/internet/mbsonline/publishing.nsf/Content/70CAF134CEE45219CA258614007874F8/$File/201604-MBS.pdf,,au_mbs_historical_0190
sha256:53c9ad1511d6bc1c9a163a736eacc32790f29d41cf1593db4af0ae23e38ef7a1,admitted,27273772,event:8190a3483f6c4c8a783f2ba2da2c63b238df2469bd906782affc899f1a51290a,rights_constrained_reference,pdf,B1 historical acquisition receipt; ignored cache path and transfer diagnostics omitted.,acquired,53c9ad1511d6bc1c9a163a736eacc32790f29d41cf1593db4af0ae23e38ef7a1,,2026-08-25T14:44:19.015313+00:00,public_reuse_review,au_mbs,https://www.mbsonline.gov.au/internet/mbsonline/publishing.nsf/Content/515793D58E889BD0CA257CD100033990/$File/2000-11-MBS.pdf,,au_mbs_historical_0120
sha256:0076c9c29ce377efc550e0c5346a2abe2cf1d2d834c6f5628eed226749bbf92c,admitted,469742,event:8233b84467f46044153353f4d22cc8031c5f70a9da62c2c468e1c64e1eecc906,rights_constrained_reference,pdf,B1 historical acquisition receipt; ignored cache path and transfer diagnostics omitted.,acquired,0076c9c29ce377efc550e0c5346a2abe2cf1d2d834c6f5628eed226749bbf92c,,2026-08-25T14:44:19.015313+00:00,public_reuse_review,au_mbs,https://www.mbsonline.gov.au/internet/mbsonline/publishing.nsf/Content/94D54B959677561ECA2585FF000015E3/$File/201312-Allied.pdf,,au_mbs_historical_0246
sha256:1fe830ae80bfcd55f5815029331b0a4e02f5c70232408ce1e8861e3606f3498b,admitted,8580935,event:82c205b92831d96395337507b2cf7a9728843cce0c6fe63424deb45fcb3609ec,rights_constrained_reference,text/plain,B1 event projected from a reviewed source-bundle snapshot; local raw path omitted.,acquired,1fe830ae80bfcd55f5815029331b0a4e02f5c70232408ce1e8861e3606f3498b,,2026-08-01T11:51:37.090185+00:00,public_reuse_review,au_mbs,https://www.mbsonline.gov.au/internet/mbsonline/publishing.nsf/Content/downloads,,au_mbs_20260701_txt_pair
sha256:d7ad0390e866fc6b8ff6e40fef1376f69293901b9c50a3848817c784af1aa923,admitted,21420455,event:834127fa0fb3307ef82e889e6a6a6eadecab8170e6f9f1655d10a0323d2bd3df,rights_constrained_reference,pdf,B1 historical acquisition receipt; ignored cache path and transfer diagnostics omitted.,acquired,d7ad0390e866fc6b8ff6e40fef1376f69293901b9c50a3848817c784af1aa923,,2026-08-25T14:44:19.015313+00:00,public_reuse_review,au_mbs,https://www.mbsonline.gov.au/internet/mbsonline/publishing.nsf/Content/515793D58E889BD0CA257CD100033990/$File/1987-Pathology.pdf,,au_mbs_historical_0084
sha256:a5082c4d6bc6c3a9a3229dceadaedc22c9a247cfa31a724f741544602717bb26,admitted,119168,event:836830a8b87827356f06d9c6438c4839370bc4a3001c93c8ac6e59caa578c618,rights_constrained_reference,pdf,B1 historical acquisition receipt; ignored cache path and transfer diagnostics omitted.,acquired,a5082c4d6bc6c3a9a3229dceadaedc22c9a247cfa31a724f741544602717bb26,,2026-08-25T14:44:19.015313+00:00,public_reuse_review,au_mbs,https://www.mbsonline.gov.au/internet/mbsonline/publishing.nsf/Content/515793D58E889BD0CA257CD100033990/$File/200908-Summary.pdf,,au_mbs_historical_0162
sha256:ca240ae73f6939fb3abe0abced4e2e8f757d36c58ed9951ec535c63f07e32fa7,admitted,482801,event:83e746a96f642717003a0fbc4a99c5841f6d5ebb57153e7268c8fc1ede04dbe4,rights_constrained_reference,pdf,B1 historical acquisition receipt; ignored cache path and transfer diagnostics omitted.,acquired,ca240ae73f6939fb3abe0abced4e2e8f757d36c58ed9951ec535c63f07e32fa7,,2026-08-25T14:44:19.015313+00:00,public_reuse_review,au_mbs,https://www.mbsonline.gov.au/internet/mbsonline/publishing.nsf/Content/5DCECCA2E8B2062CCA2586F100070995/$File/RR200701.pdf,,au_mbs_historical_0186
sha256:1ac39d0a7063fb41cc9f9916d6d4a6471a29c3b140ef34c20c2624b4bd5025fa,admitted,6873404,event:84419d0690add0785dcf0cdab9fa1b5cf075521d21fc356abb074be26cb4c63c,rights_constrained_reference,pdf,B1 historical acquisition receipt; ignored cache path and transfer diagnostics omitted.,acquired,1ac39d0a7063fb41cc9f9916d6d4a6471a29c3b140ef34c20c2624b4bd5025fa,,2026-08-25T14:44:19.015313+00:00,public_reuse_review,au_mbs,https://www.mbsonline.gov.au/internet/mbsonline/publishing.nsf/Content/515793D58E889BD0CA257CD100033990/$File/2006-11-MBS.pdf,,au_mbs_historical_0143
sha256:1fe830ae80bfcd55f5815029331b0a4e02f5c70232408ce1e8861e3606f3498b,admitted,8580935,event:86c53b7a603d6ea896e48eb8c18e826a01af3e50f0d2895187d78a2cfb20dbea,rights_constrained_reference,TXT,B1 event projected from checksum-bound source validation; raw path omitted.,acquired,1fe830ae80bfcd55f5815029331b0a4e02f5c70232408ce1e8861e3606f3498b,,1970-01-01T00:00:00Z,public_reuse_review,au_mbs,https://www.mbsonline.gov.au/internet/mbsonline/publishing.nsf/650f3eec0dfb990d3ca25692100069854/1bc94358d4f276d3ca257ccf0000aa73/%24FILE/20260701_MBSONLINE_DESC.TXT,,au_mbs_20260701_txt_pair
sha256:07618850aef7882653b00c21d0da3e9b00449fe905b03b407a169221649ceb88,admitted,22436229,event:870c8ff368632cac1442e3ca0b0e92cf90c660e3285e55b91719fa3ab8a12cd3,rights_constrained_reference,pdf,B1 historical acquisition receipt; ignored cache path and transfer diagnostics omitted.,acquired,07618850aef7882653b00c21d0da3e9b00449fe905b03b407a169221649ceb88,,2026-08-25T14:44:19.015313+00:00,public_reuse_review,au_mbs,https://www.mbsonline.gov.au/internet/mbsonline/publishing.nsf/Content/515793D58E889BD0CA257CD100033990/$File/1978-MBS.pdf,,au_mbs_historical_0075
sha256:305fb56e0982f604ef87a8bba8d81489ef39765213da2da7f881d7420cea0ae8,admitted,5256873,event:870e9f9f910bb03f9b824507ea92ac5d232aac6a737f36e7af7b2507295d64a6,rights_constrained_reference,pdf,B1 historical acquisition receipt; ignored cache path and transfer diagnostics omitted.,acquired,305fb56e0982f604ef87a8bba8d81489ef39765213da2da7f881d7420cea0ae8,,2026-08-25T14:44:19.015313+00:00,public_reuse_review,au_mbs,https://www.mbsonline.gov.au/internet/mbsonline/publishing.nsf/Content/94D54B959677561ECA2585FF000015E3/$File/201310-MBS.pdf,,au_mbs_historical_0241
sha256:88fafb0ae08d8292f6587334367226bbc4f1be64c45dc819555abfdf44fb0ce5,admitted,795839,event:8737868a0a689f1a30acc29b4103ef3a0da2afff350e1446e4df21a82490d7bb,rights_constrained_reference,pdf,B1 historical acquisition receipt; ignored cache path and transfer diagnostics omitted.,acquired,88fafb0ae08d8292f6587334367226bbc4f1be64c45dc819555abfdf44fb0ce5,,2026-08-25T14:44:19.015313+00:00,public_reuse_review,au_mbs,https://www.mbsonline.gov.au/internet/mbsonline/publishing.nsf/Content/A7F6A9DA0E280DCCCA2586140008B368/$File/201504-Optom.pdf,,au_mbs_historical_0253
sha256:5f192ed215f21a02a6b2b6db6d85376236f3bbac96882efb63c9be18b79d6517,admitted,5822242,event:874bee1529df0fe21f4757a0ea0a16cc1928557702ab6a04b4e324ddef6082df,rights_constrained_reference,pdf,B1 historical acquisition receipt; ignored cache path and transfer diagnostics omitted.,acquired,5f192ed215f21a02a6b2b6db6d85376236f3bbac96882efb63c9be18b79d6517,,2026-08-25T14:44:19.015313+00:00,public_reuse_review,au_mbs,https://www.mbsonline.gov.au/internet/mbsonline/publishing.nsf/Content/515793D58E889BD0CA257CD100033990/$File/1987-MBS.pdf,,au_mbs_historical_0083
sha256:c3e758749063e8bfc00e0f639470bb8533114836254ac2094439564740dab07d,admitted,469970,event:877af98343e67cf2a9fc6ee15f3cf4acabe457d386d8916a7425c7295964853d,rights_constrained_reference,pdf,B1 historical acquisition receipt; ignored cache path and transfer diagnostics omitted.,acquired,c3e758749063e8bfc00e0f639470bb8533114836254ac2094439564740dab07d,,2026-08-25T14:44:19.015313+00:00,public_reuse_review,au_mbs,https://www.mbsonline.gov.au/internet/mbsonline/publishing.nsf/Content/94D54B959677561ECA2585FF000015E3/$File/201303-Allied.pdf,,au_mbs_historical_0231
sha256:13ac56bc53c2207a7b357cb306293e7ec44c6ef298595ed6441d4814e3946897,admitted,189414,event:87b3f74140c64884645924340a0f0d47421547f894d26338201e312f97d068e9,rights_constrained_reference,pdf,B1 historical acquisition receipt; ignored cache path and transfer diagnostics omitted.,acquired,13ac56bc53c2207a7b357cb306293e7ec44c6ef298595ed6441d4814e3946897,,2026-08-25T14:44:19.015313+00:00,public_reuse_review,au_mbs,https://www.mbsonline.gov.au/internet/mbsonline/publishing.nsf/Content/515793D58E889BD0CA257CD100033990/$File/200911-Dental.pdf,,au_mbs_historical_0164
sha256:461dbdabe42e338088d454377f7d9a4c9c7f5a7777d4630d66b9b02266f033c4,admitted,469300,event:889a8f8128e7c2d37612164a8ea811c49217c9ed2c0aae09f5d43cdc00cf413a,rights_constrained_reference,pdf,B1 historical acquisition receipt; ignored cache path and transfer diagnostics omitted.,acquired,461dbdabe42e338088d454377f7d9a4c9c7f5a7777d4630d66b9b02266f033c4,,2026-08-25T14:44:19.015313+00:00,public_reuse_review,au_mbs,https://www.mbsonline.gov.au/internet/mbsonline/publishing.nsf/Content/E137A6BDE8494881CA2585FF000A72FF/$File/201212-Allied.pdf,,au_mbs_historical_0315
sha256:468d4baa2586cc4c8de1ef6b0543a0818ebd3c76e687a7ab3fb6e629f7f5f5d7,admitted,17021748,event:8937a36d337ba5b8244e697231e0c218fb02da838610ade175d88334b881f0eb,rights_constrained_reference,pdf,B1 historical acquisition receipt; ignored cache path and transfer diagnostics omitted.,acquired,468d4baa2586cc4c8de1ef6b0543a0818ebd3c76e687a7ab3fb6e629f7f5f5d7,,2026-08-25T14:44:19.015313+00:00,public_reuse_review,au_mbs,https://www.mbsonline.gov.au/internet/mbsonline/publishing.nsf/Content/70CAF134CEE45219CA258614007874F8/$File/201611-MBS.pdf,,au_mbs_historical_0195
sha256:3844faa965b7798f546bf77b3d9c526841785152721b4522400d63b896060861,admitted,1857251,event:8a0ec36cf23517aceb3ab28a639b70931867e93a4c3b026a93cef4d4e5985eb2,rights_constrained_reference,pdf,B1 historical acquisition receipt; ignored cache path and transfer diagnostics omitted.,acquired,3844faa965b7798f546bf77b3d9c526841785152721b4522400d63b896060861,,2026-08-25T14:44:19.015313+00:00,public_reuse_review,au_mbs,https://www.mbsonline.gov.au/internet/mbsonline/publishing.nsf/Content/293EEBA9AB153C56CA2584EB001547AF/$File/202003-Cat8.pdf,,au_mbs_historical_0028
sha256:87aa10f936f14e54e93f0b0c5063e1e1ad5489643e64bb4ce204220e9ddfd6fc,admitted,3106063,event:8c0e53a41ecdd2295b7e35df87f841633cbf5814af185c74098569e92c506e51,rights_constrained_reference,pdf,B1 historical acquisition receipt; ignored cache path and transfer diagnostics omitted.,acquired,87aa10f936f14e54e93f0b0c5063e1e1ad5489643e64bb4ce204220e9ddfd6fc,,2026-08-25T14:44:19.015313+00:00,public_reuse_review,au_mbs,https://www.mbsonline.gov.au/internet/mbsonline/publishing.nsf/Content/DD4BF54A34D823FDCA25881700139AD5/$File/202207-Cat1d.pdf,,au_mbs_historical_0285
sha256:f4ac1b6ef812af4d2613c639f532d1211a4d04599e2dcf54263438943a68ea95,admitted,355980,event:8c3e721697c713831e0b93d540b6912377c9ead2eda0d3aa375fb5ac4171607c,rights_constrained_reference,pdf,B1 historical acquisition receipt; ignored cache path and transfer diagnostics omitted.,acquired,f4ac1b6ef812af4d2613c639f532d1211a4d04599e2dcf54263438943a68ea95,,2026-08-25T14:44:19.015313+00:00,public_reuse_review,au_mbs,https://www.mbsonline.gov.au/internet/mbsonline/publishing.nsf/Content/E137A6BDE8494881CA2585FF000A72FF/$File/201212-Optom.pdf,,au_mbs_historical_0317
sha256:7c3a994f18e8dfae68e4976bf179526ca02a67614b4f3d9e8c0c5b68e7e853e4,admitted,63153,event:8c705482871872b84ea42a72b2abb2e1c9ba82aaa6db3bc38cea17d83bbc25db,rights_constrained_reference,zip,B1 historical acquisition receipt; ignored cache path and transfer diagnostics omitted.,acquired,7c3a994f18e8dfae68e4976bf179526ca02a67614b4f3d9e8c0c5b68e7e853e4,,2026-08-25T14:44:19.015313+00:00,public_reuse_review,au_mbs,https://www.mbsonline.gov.au/internet/mbsonline/publishing.nsf/Content/8F3FA58ED97DCA35CA2584BE00111151/$File/202001-Cat7.zip,,au_mbs_historical_0211
sha256:e25f74182e6b023ec0d07e7fdc62e7099d0ce17d80c58a23384f477709e47382,admitted,317343,event:8d1b75ac5f6a3f8c67fb84747f184606cd080e28cbeff53dfea5722f177e4cf7,rights_constrained_reference,pdf,B1 historical acquisition receipt; ignored cache path and transfer diagnostics omitted.,acquired,e25f74182e6b023ec0d07e7fdc62e7099d0ce17d80c58a23384f477709e47382,,2026-08-25T14:44:19.015313+00:00,public_reuse_review,au_mbs,https://www.mbsonline.gov.au/internet/mbsonline/publishing.nsf/Content/515793D58E889BD0CA257CD100033990/$File/200811Allied.pdf,,au_mbs_historical_0154
sha256:e5014ee23ee8a703f1c23a77b8da7d157ead27d8e0f63a3c83f09164679ace75,admitted,366097,event:8d7764121ec7ad6befcbd558682b2e47042de19977f1387ffb1b82740b6d98e5,rights_constrained_reference,pdf,B1 historical acquisition receipt; ignored cache path and transfer diagnostics omitted.,acquired,e5014ee23ee8a703f1c23a77b8da7d157ead27d8e0f63a3c83f09164679ace75,,2026-08-25T14:44:19.015313+00:00,public_reuse_review,au_mbs,https://www.mbsonline.gov.au/internet/mbsonline/publishing.nsf/Content/515793D58E889BD0CA257CD100033990/$File/2004-11-CLACP.pdf,,au_mbs_historical_0132
sha256:0a9b9ae01b38df3c2e5b7b9715d9e650dde144fdf285e697415be970d0065116,admitted,3077636,event:8f471f92cab9c8f5c87738ce5218d58f65f7db7cbdf1e14159f1a5372054215e,rights_constrained_reference,pdf,B1 historical acquisition receipt; ignored cache path and transfer diagnostics omitted.,acquired,0a9b9ae01b38df3c2e5b7b9715d9e650dde144fdf285e697415be970d0065116,,2026-08-25T14:44:19.015313+00:00,public_reuse_review,au_mbs,https://www.mbsonline.gov.au/internet/mbsonline/publishing.nsf/Content/B013E0789A07D708CA258B030013670A/$File/PDF%20Version%20-%201%20July%202024%20Category%201%20-%20Professional%20Attendances.pdf,,au_mbs_historical_0260
sha256:4b91466d7c6f0668b26327ccb0c3576776a6733da82a33ae6aabeef66a5767c7,admitted,17978,event:8f9018efbf37d04da7674581b35faebc62611b81e3ddec17e4577fff766e9240,rights_constrained_reference,txt,B1 historical acquisition receipt; ignored cache path and transfer diagnostics omitted.,acquired,4b91466d7c6f0668b26327ccb0c3576776a6733da82a33ae6aabeef66a5767c7,,2026-08-25T14:44:19.015313+00:00,public_reuse_review,au_mbs,https://www.mbsonline.gov.au/internet/mbsonline/publishing.nsf/Content/1BC94358D4F276D3CA257CCF0000AA73/$File/MBSONLINE_REUSE_IMAP.TXT,,au_mbs_historical_0014
sha256:b513a4b761098e909a4f1328c9faeec5a2167b0da1191a5785ef128375e1a017,admitted,189256,event:9013375e48606f1a547fbceb7c12c8035a5a5081eb10a63b5b9377def77853a1,rights_constrained_reference,pdf,B1 historical acquisition receipt; ignored cache path and transfer diagnostics omitted.,acquired,b513a4b761098e909a4f1328c9faeec5a2167b0da1191a5785ef128375e1a017,,2026-08-25T14:44:19.015313+00:00,public_reuse_review,au_mbs,https://www.mbsonline.gov.au/internet/mbsonline/publishing.nsf/Content/317ACF6351081DB5CA2585FF00086C40/$File/201101-Dental.pdf,,au_mbs_historical_0031
sha256:ee2e35293989546626b46aba8b128692a378a66faf5c324b8f8cf01575a73790,admitted,1095833,event:908f96cf89bb2bfa5540aebd9d0662872ccee3c5fbf01634db1c17a60e3fe747,rights_constrained_reference,pdf,B1 historical acquisition receipt; ignored cache path and transfer diagnostics omitted.,acquired,ee2e35293989546626b46aba8b128692a378a66faf5c324b8f8cf01575a73790,,2026-08-25T14:44:19.015313+00:00,public_reuse_review,au_mbs,https://www.mbsonline.gov.au/internet/mbsonline/publishing.nsf/Content/8F3FA58ED97DCA35CA2584BE00111151/$File/202001-Cat2.pdf,,au_mbs_historical_0200
sha256:7607f0bbb2c125da2d8ea453dd008737e0bfa6fca8aed4df6312996690022bb2,admitted,579271,event:9111edd63be6f8ea59d1031248da278ec8e205df9fd4f1379412d8f6cfbb3041,rights_constrained_reference,text/plain,B1 event projected from a reviewed source-bundle snapshot; local raw path omitted.,acquired,7607f0bbb2c125da2d8ea453dd008737e0bfa6fca8aed4df6312996690022bb2,,2026-07-27T00:00:00+10:00,permissive,ca_on_ohip,https://ontario.ca/files/2026-06/moh-ohip-fee-schedule-master-text-2026-06-02.zip,,ca_on_ohip_master_text_2026_06_02
sha256:42c2d73d0c74f790ba311678c541f3b9bb76a6bea4d0c4052cc95366d88a143d,admitted,12930941,event:9358ba3815e5eb5953d292d6cb82da7c4369bf1fc608232c00cc542720e6a70d,rights_constrained_reference,pdf,B1 historical acquisition receipt; ignored cache path and transfer diagnostics omitted.,acquired,42c2d73d0c74f790ba311678c541f3b9bb76a6bea4d0c4052cc95366d88a143d,,2026-08-25T14:44:19.015313+00:00,public_reuse_review,au_mbs,https://www.mbsonline.gov.au/internet/mbsonline/publishing.nsf/Content/B013E0789A07D708CA258B030013670A/$File/PDF%20Version%20of%20the%20MBSBook%20-%201%20July%202024.pdf,,au_mbs_historical_0268
sha256:7f3e1f7fafab3b683708b91d6bfc7e31448c730438824ba02d180ad1ad297dcd,admitted,17059387,event:94668fd096a05f260ed1b83ef51fa7b5a399464e1f633cd350958cbecd95ad0a,rights_constrained_reference,pdf,B1 historical acquisition receipt; ignored cache path and transfer diagnostics omitted.,acquired,7f3e1f7fafab3b683708b91d6bfc7e31448c730438824ba02d180ad1ad297dcd,,2026-08-25T14:44:19.015313+00:00,public_reuse_review,au_mbs,https://www.mbsonline.gov.au/internet/mbsonline/publishing.nsf/Content/A7F6A9DA0E280DCCCA2586140008B368/$File/201511-MBS.pdf,,au_mbs_historical_0258
sha256:d27a4d38872109694b71aca2b86bb4b8e8ddbd0ef7585bca81b3e835a0855696,admitted,828883,event:94c7ac3a6f53a9d6f4083f97d03ff84efb449f13b59250db2a8e14f3277e7429,rights_constrained_reference,pdf,B1 historical acquisition receipt; ignored cache path and transfer diagnostics omitted.,acquired,d27a4d38872109694b71aca2b86bb4b8e8ddbd0ef7585bca81b3e835a0855696,,2026-08-25T14:44:19.015313+00:00,public_reuse_review,au_mbs,https://www.mbsonline.gov.au/internet/mbsonline/publishing.nsf/Content/70CAF134CEE45219CA258614007874F8/$File/201605-Optom.pdf,,au_mbs_historical_0193
sha256:cbe95c8ab4247e2d157c6fc9361aeecaec6f818aa9f3c839164710d2a5304b82,admitted,379783,event:94c9d4f22bde52bd1b7cf3a804fed24d0be9603af23afc0ddb393be3769ff006,rights_constrained_reference,pdf,B1 historical acquisition receipt; ignored cache path and transfer diagnostics omitted.,acquired,cbe95c8ab4247e2d157c6fc9361aeecaec6f818aa9f3c839164710d2a5304b82,,2026-08-25T14:44:19.015313+00:00,public_reuse_review,au_mbs,https://www.mbsonline.gov.au/internet/mbsonline/publishing.nsf/Content/515793D58E889BD0CA257CD100033990/$File/2006-11-Allied.pdf,,au_mbs_historical_0141
sha256:652c34d2d53bf8086be8aef394cc09b4c515d5cb89488a98b2de614a2830a468,admitted,1928528,event:950419a9013623f6f6935e6dbac528615f4f7a61a7a5b8a5554d4160f3e9e98e,rights_constrained_reference,pdf,B1 historical acquisition receipt; ignored cache path and transfer diagnostics omitted.,acquired,652c34d2d53bf8086be8aef394cc09b4c515d5cb89488a98b2de614a2830a468,,2026-08-25T14:44:19.015313+00:00,public_reuse_review,au_mbs,https://www.mbsonline.gov.au/internet/mbsonline/publishing.nsf/Content/5DCECCA2E8B2062CCA2586F100070995/$File/202007-Cat5.pdf,,au_mbs_historical_0180
sha256:a1a6bbe49aa20adf6593b7bae440c64019bdd8db4fbce13e0ce34cfe06aa7b73,admitted,23274395,event:96a2768fd3b27be7c28a6dbda298172f9d25cf307df93d311a38b081ed1bfb47,rights_constrained_reference,pdf,B1 historical acquisition receipt; ignored cache path and transfer diagnostics omitted.,acquired,a1a6bbe49aa20adf6593b7bae440c64019bdd8db4fbce13e0ce34cfe06aa7b73,,2026-08-25T14:44:19.015313+00:00,public_reuse_review,au_mbs,https://www.mbsonline.gov.au/internet/mbsonline/publishing.nsf/Content/515793D58E889BD0CA257CD100033990/$File/1988-MBS.pdf,,au_mbs_historical_0085
sha256:b9575402a405076b9a0f85a2c88f9d4be4c72389088bbd7a90f1448eabcf431c,admitted,574540,event:972d3fe0e8270d3828cc971a789e5badab9bef88f1bc34fa07a509680d9fb2ff,rights_constrained_reference,pdf,B1 historical acquisition receipt; ignored cache path and transfer diagnostics omitted.,acquired,b9575402a405076b9a0f85a2c88f9d4be4c72389088bbd7a90f1448eabcf431c,,2026-08-25T14:44:19.015313+00:00,public_reuse_review,au_mbs,https://www.mbsonline.gov.au/internet/mbsonline/publishing.nsf/Content/4C767FC45843CB02CA25898500825ACA/$File/PDF%20version%20of%20the%20July%202023%20Category%204%20-%20Oral%20and%20Maxillofacial%20Services%C2%A0.pdf,,au_mbs_historical_0056
sha256:f3c1caae2bce9610a05dff435e27ec40c91e0a7d6b3adb2b8ca89929b62a5b36,admitted,5827871,event:9849345145fc720b7c6f8428a9d2dc14292b7f9754d0747dd993b2e9eec953da,rights_constrained_reference,text/plain,B1 event projected from a reviewed source-bundle snapshot; local raw path omitted.,acquired,f3c1caae2bce9610a05dff435e27ec40c91e0a7d6b3adb2b8ca89929b62a5b36,,2026-08-01T11:51:35.627165+00:00,public_reuse_review,au_mbs,https://www.mbsonline.gov.au/internet/mbsonline/publishing.nsf/Content/downloads,,au_mbs_20260701_txt_pair
sha256:d1d4a92fc6a6e74e1f31dd4eeb512119d7d5eee3402920c910b8f57eebab7402,admitted,195109,event:989f5be96a8713bead1fffd88f3fa37fcf70fdb0154ff951f2f5dde1d0858218,rights_constrained_reference,zip,B1 historical acquisition receipt; ignored cache path and transfer diagnostics omitted.,acquired,d1d4a92fc6a6e74e1f31dd4eeb512119d7d5eee3402920c910b8f57eebab7402,,2026-08-25T14:44:19.015313+00:00,public_reuse_review,au_mbs,https://www.mbsonline.gov.au/internet/mbsonline/publishing.nsf/Content/8F3FA58ED97DCA35CA2584BE00111151/$File/202001-Cat5%2010Jan2020.zip,,au_mbs_historical_0207
sha256:93bb974f643dda114cc49675b488c5baa506478c20d6dd8b1028b0f469ea56dc,admitted,1298362,event:9acdc75f9b99e5d86afc2a402f4517c3a6810fe85420634fa1deddbd711b4e10,rights_constrained_reference,pdf,B1 historical acquisition receipt; ignored cache path and transfer diagnostics omitted.,acquired,93bb974f643dda114cc49675b488c5baa506478c20d6dd8b1028b0f469ea56dc,,2026-08-25T14:44:19.015313+00:00,public_reuse_review,au_mbs,https://www.mbsonline.gov.au/internet/mbsonline/publishing.nsf/Content/515793D58E889BD0CA257CD100033990/$File/2000-11-Optometrists.pdf,,au_mbs_historical_0121
sha256:6789ee00b9060ef880d6de37848fa2ed93122d268a1381d6e3f28cbcf4373af0,admitted,11586463,event:9ae6305bfae9ada5d6332956570051639b9751ce66ee8f9d3972a4bdb6bfc781,rights_constrained_reference,pdf,B1 historical acquisition receipt; ignored cache path and transfer diagnostics omitted.,acquired,6789ee00b9060ef880d6de37848fa2ed93122d268a1381d6e3f28cbcf4373af0,,2026-08-25T14:44:19.015313+00:00,public_reuse_review,au_mbs,https://www.mbsonline.gov.au/internet/mbsonline/publishing.nsf/Content/996BD3401470EC7ACA2588FD00152EC2/$File/PDF%20Version%20-%20MBSBook%2001%20March%202023.pdf,,au_mbs_historical_0249
sha256:85982d4de9fbda7ce569bcd96890059a855ab873a5890a345f183da1848943e3,admitted,124817,event:9b2c2a5678e118c35efc3c66d6553e13288eb22f2e694254a31e51db6881635e,rights_constrained_reference,csv,B1 historical acquisition receipt; ignored cache path and transfer diagnostics omitted.,acquired,85982d4de9fbda7ce569bcd96890059a855ab873a5890a345f183da1848943e3,,2026-08-25T14:44:19.015313+00:00,public_reuse_review,au_mbs,https://www.mbsonline.gov.au/internet/mbsonline/publishing.nsf/650f3eec0dfb990fca25692100069854/0b61e1e80b332754ca258c9e0000c7d8/$FILE/Health%20Insurance%20Regulations%202018%20-%20Basic%20Service%20Description%20for%20Assignment%20of%20Medicare%20Benefits.002.002.CSV/Health%20Insurance%20Regulations%202018%20-%20Basic%20Service%20Description%20for%20Assignment%20of%20Medicare%20Benefits.CSV,,au_mbs_historical_0001
sha256:4202367619d50959d852968088e4a54bbceb1b33fdd5fa5c766a7997f4a63eb0,admitted,2182649,event:9b932ba15ae9e90d08fde733904fdc831e003c2186874f4069743cad9cd51f81,rights_constrained_reference,pdf,B1 historical acquisition receipt; ignored cache path and transfer diagnostics omitted.,acquired,4202367619d50959d852968088e4a54bbceb1b33fdd5fa5c766a7997f4a63eb0,,2026-08-25T14:44:19.015313+00:00,public_reuse_review,au_mbs,https://www.mbsonline.gov.au/internet/mbsonline/publishing.nsf/Content/FBE6CC5B217AC8DACA25859E0016F5A3/$File/202107-Cat8.pdf,,au_mbs_historical_0329
sha256:e0afd7ca50b5e335180f4fca6c2047b5b820eb2c5ead02dbd092d65a262a98d3,admitted,467570,event:9bee0a750b05c18e50536a0465bf010ff582c31b49cf4545aa62495ebaa9a85a,rights_constrained_reference,pdf,B1 historical acquisition receipt; ignored cache path and transfer diagnostics omitted.,acquired,e0afd7ca50b5e335180f4fca6c2047b5b820eb2c5ead02dbd092d65a262a98d3,,2026-08-25T14:44:19.015313+00:00,public_reuse_review,au_mbs,https://www.mbsonline.gov.au/internet/mbsonline/publishing.nsf/Content/B900536D4B582E61CA2585FF0006926F/$File/201408-Allied.PDF,,au_mbs_historical_0279
sha256:648b7b12160881125fed91925170469f9a44ecc680307cd67cbff2567b93646c,admitted,3154,event:9c48853c4f55e0687460f194fb5ede6b7a473eb2278b61057b8f6cf70941f8a2,rights_constrained_reference,application/json,B1 event projected from a reviewed source-bundle snapshot; local raw path omitted.,acquired,648b7b12160881125fed91925170469f9a44ecc680307cd67cbff2567b93646c,,2026-07-18T00:00:00+00:00,public_reuse_review,au_pbs,https://data.pbs.gov.au/document/91327.html,,au_pbs_api_v3_current_month
sha256:77c2175636eed74c24ff63c745898f388b1e6c748f71d3506b4c586e4b405f8e,admitted,3981113,event:9c703adb8266edcede3eef2796195a694281f495656fa404f751c6ba96e5e99a,rights_constrained_reference,pdf,B1 historical acquisition receipt; ignored cache path and transfer diagnostics omitted.,acquired,77c2175636eed74c24ff63c745898f388b1e6c748f71d3506b4c586e4b405f8e,,2026-08-25T14:44:19.015313+00:00,public_reuse_review,au_mbs,https://www.mbsonline.gov.au/internet/mbsonline/publishing.nsf/Content/FBE6CC5B217AC8DACA25859E0016F5A3/$File/202107-cat1z.pdf,,au_mbs_historical_0330
sha256:a71bd4d82b8f469d8923b53c5f66fa307d6e050f985e184cbb03c7517c9db484,admitted,586178,event:9c7ff059a69e43969a236bfafa8fb227a66c544a36194f475d005bde57e0fb6f,rights_constrained_reference,pdf,B1 historical acquisition receipt; ignored cache path and transfer diagnostics omitted.,acquired,a71bd4d82b8f469d8923b53c5f66fa307d6e050f985e184cbb03c7517c9db484,,2026-08-25T14:44:19.015313+00:00,public_reuse_review,au_mbs,https://www.mbsonline.gov.au/internet/mbsonline/publishing.nsf/Content/B013E0789A07D708CA258B030013670A/$File/PDF%20Version%20-%201%20July%202024%20Category%204%20-%20Oral%20and%20Maxillofacial%20Services.pdf,,au_mbs_historical_0263
sha256:62a19c2e01ddb9e530fa3ae6f23f2f4c086f49af2444c1a122674cd65f5eec50,admitted,323892,event:9d2b77c79426051ec5b99e12b6e580b253cf6a2a06cbfaf33f91b9cad57d7ef5,rights_constrained_reference,pdf,B1 historical acquisition receipt; ignored cache path and transfer diagnostics omitted.,acquired,62a19c2e01ddb9e530fa3ae6f23f2f4c086f49af2444c1a122674cd65f5eec50,,2026-08-25T14:44:19.015313+00:00,public_reuse_review,au_mbs,https://www.mbsonline.gov.au/internet/mbsonline/publishing.nsf/Content/515793D58E889BD0CA257CD100033990/$File/2002-11-Optom.pdf,,au_mbs_historical_0126
sha256:5f0c1eefc5008a1c5c3be55352ee82f8292d34a1d2e1bb4548da4a6170c2eaa7,admitted,2679224,event:9de03131ead4626bd272ae3f8710564a0c506c3850b96b698d0e94e4d7e8e0f3,rights_constrained_reference,pdf,B1 historical acquisition receipt; ignored cache path and transfer diagnostics omitted.,acquired,5f0c1eefc5008a1c5c3be55352ee82f8292d34a1d2e1bb4548da4a6170c2eaa7,,2026-08-25T14:44:19.015313+00:00,public_reuse_review,au_mbs,https://www.mbsonline.gov.au/internet/mbsonline/publishing.nsf/Content/4EFCF78281A91736CA258654001138AF/$File/202103-cat8.pdf,,au_mbs_historical_0069
sha256:f3c1caae2bce9610a05dff435e27ec40c91e0a7d6b3adb2b8ca89929b62a5b36,admitted,5827871,event:9e696fa8e8d9c0485d47842bb3a12d7730d3fe036fe4f9c5ce29a2c9dbda37a9,rights_constrained_reference,TXT,B1 event projected from checksum-bound source validation; raw path omitted.,acquired,f3c1caae2bce9610a05dff435e27ec40c91e0a7d6b3adb2b8ca89929b62a5b36,,1970-01-01T00:00:00Z,public_reuse_review,au_mbs,https://www.mbsonline.gov.au/internet/mbsonline/publishing.nsf/650f3eec0dfb990d3ca25692100069854/1bc94358d4f276d3ca257ccf0000aa73/%24FILE/20260701_MBSONLINE_IMAP.TXT,,au_mbs_20260701_txt_pair
sha256:4b91466d7c6f0668b26327ccb0c3576776a6733da82a33ae6aabeef66a5767c7,admitted,17978,event:9ef23a698515682fd9843862cb1bb27ce0b2bee56706182d105b1b46570aa1d2,rights_constrained_reference,txt,B1 historical acquisition receipt; ignored cache path and transfer diagnostics omitted.,acquired,4b91466d7c6f0668b26327ccb0c3576776a6733da82a33ae6aabeef66a5767c7,,2026-08-25T14:44:19.015313+00:00,public_reuse_review,au_mbs,https://www.mbsonline.gov.au/internet/mbsonline/publishing.nsf/Content/8F3FA58ED97DCA35CA2584BE00111151/$File/MBSONLINE_REUSE_IMAP.TXT,,au_mbs_historical_0220
sha256:8eac7f5f4b1673efef4974f2a2a6e469cb1b3d184bf8941cfb6845334f092748,admitted,5460718,event:9f9930141c509b9c2bbd9aed147212a673159d72c44e86b912c9be5b80c2bdae,rights_constrained_reference,pdf,B1 historical acquisition receipt; ignored cache path and transfer diagnostics omitted.,acquired,8eac7f5f4b1673efef4974f2a2a6e469cb1b3d184bf8941cfb6845334f092748,,2026-08-25T14:44:19.015313+00:00,public_reuse_review,au_mbs,https://www.mbsonline.gov.au/internet/mbsonline/publishing.nsf/Content/5DCECCA2E8B2062CCA2586F100070995/$File/202007-Cat3.pdf,,au_mbs_historical_0178
sha256:92bd48bab3fb8fe1380a1c7bda4f8f0c1aa5004a4323e1a5a07730daa81527ad,admitted,8007817,event:a0385a4bc880bc362412cd49a6d6df78b1147d52ee2d870543e752587c25b2e8,rights_constrained_reference,pdf,B1 historical acquisition receipt; ignored cache path and transfer diagnostics omitted.,acquired,92bd48bab3fb8fe1380a1c7bda4f8f0c1aa5004a4323e1a5a07730daa81527ad,,2026-08-25T14:44:19.015313+00:00,public_reuse_review,au_mbs,https://www.mbsonline.gov.au/internet/mbsonline/publishing.nsf/Content/70CAF134CEE45219CA258614007874F8/$File/201612-MBS.pdf,,au_mbs_historical_0196
sha256:6ab24c2668ff2e1b36bbb8cccf05f31dd006531e69d215169a3c7a47a80584e3,admitted,5239026,event:a072c7a715e793c50e183e14bc05463f803d8772292cbbeea00614fa5b4147f7,rights_constrained_reference,pdf,B1 historical acquisition receipt; ignored cache path and transfer diagnostics omitted.,acquired,6ab24c2668ff2e1b36bbb8cccf05f31dd006531e69d215169a3c7a47a80584e3,,2026-08-25T14:44:19.015313+00:00,public_reuse_review,au_mbs,https://www.mbsonline.gov.au/internet/mbsonline/publishing.nsf/Content/B900536D4B582E61CA2585FF0006926F/$File/201408-MBS.PDF,,au_mbs_historical_0280
sha256:1f20409187bbf8a0ed69637d64144fae7d3d9111acbe76a51253f71ac8a38956,admitted,16781655,event:a211f61138a1a88f81876e52f920ea369d081fbef590d1ac6cb2492e7d7c77b3,rights_constrained_reference,pdf,B1 historical acquisition receipt; ignored cache path and transfer diagnostics omitted.,acquired,1f20409187bbf8a0ed69637d64144fae7d3d9111acbe76a51253f71ac8a38956,,2026-08-25T14:44:19.015313+00:00,public_reuse_review,au_mbs,https://www.mbsonline.gov.au/internet/mbsonline/publishing.nsf/Content/A7F6A9DA0E280DCCCA2586140008B368/$File/201501-MBS.pdf,,au_mbs_historical_0250
sha256:ece25f89fb9d6a9d7c66f956ce3b2494be18693b75b49a355055232d5d4207c6,admitted,857988,event:a2389c3bda8cd77d5abbc1e084d677468b0f3ee045c48985f08b581dda505ade,rights_constrained_reference,pdf,B1 historical acquisition receipt; ignored cache path and transfer diagnostics omitted.,acquired,ece25f89fb9d6a9d7c66f956ce3b2494be18693b75b49a355055232d5d4207c6,,2026-08-25T14:44:19.015313+00:00,public_reuse_review,au_mbs,https://www.mbsonline.gov.au/internet/mbsonline/publishing.nsf/Content/5DCECCA2E8B2062CCA2586F100070995/$File/202007-Cat7.pdf,,au_mbs_historical_0182
sha256:3c226f57200552e53ca737550738bad4c2a9a00364fa98267f69caed334ac5e2,admitted,3136333,event:a25db71df6a62c146323822acc5765a4ce6475b7e2009e1f125a76d80a3f196d,rights_constrained_reference,pdf,B1 historical acquisition receipt; ignored cache path and transfer diagnostics omitted.,acquired,3c226f57200552e53ca737550738bad4c2a9a00364fa98267f69caed334ac5e2,,2026-08-25T14:44:19.015313+00:00,public_reuse_review,au_mbs,https://www.mbsonline.gov.au/internet/mbsonline/publishing.nsf/Content/515793D58E889BD0CA257CD100033990/$File/1990-11-MBS.pdf,,au_mbs_historical_0087
sha256:c6033d230a7ff10adca11f9018877e79a557d2cdb3b7a1ed533f846b5dbe8423,admitted,4022238,event:a4441ea6472ed2b6ca2bfe0ae3cc637d87053633411c9cf28bf8f908cb62b838,rights_constrained_reference,pdf,B1 historical acquisition receipt; ignored cache path and transfer diagnostics omitted.,acquired,c6033d230a7ff10adca11f9018877e79a557d2cdb3b7a1ed533f846b5dbe8423,,2026-08-25T14:44:19.015313+00:00,public_reuse_review,au_mbs,https://www.mbsonline.gov.au/internet/mbsonline/publishing.nsf/Content/317ACF6351081DB5CA2585FF00086C40/$File/201107-MBS.pdf,,au_mbs_historical_0038
sha256:056c8cb2a25849e5b95de97b7b2d0b797946a933e322388ae35ec8c44b4c8a99,admitted,3289372,event:a60ff4a31765b6cc0459d007e31ec57672c06f5eac998d9b61a21dbd9b810193,rights_constrained_reference,pdf,B1 historical acquisition receipt; ignored cache path and transfer diagnostics omitted.,acquired,056c8cb2a25849e5b95de97b7b2d0b797946a933e322388ae35ec8c44b4c8a99,,2026-08-25T14:44:19.015313+00:00,public_reuse_review,au_mbs,https://www.mbsonline.gov.au/internet/mbsonline/publishing.nsf/Content/515793D58E889BD0CA257CD100033990/$File/2004-11-MBS.pdf,,au_mbs_historical_0133
sha256:c09b7d2e219156bcfb2dd0c1a55ef13b2dd4972fe4ff739775ba21386fb67d4b,admitted,503543,event:a66947614c344c49097b0b945bc0b86e66bee9aa36ec0022a22ebf7c87577641,rights_constrained_reference,zip,B1 historical acquisition receipt; ignored cache path and transfer diagnostics omitted.,acquired,c09b7d2e219156bcfb2dd0c1a55ef13b2dd4972fe4ff739775ba21386fb67d4b,,2026-08-25T14:44:19.015313+00:00,public_reuse_review,au_mbs,https://www.mbsonline.gov.au/internet/mbsonline/publishing.nsf/Content/8F3FA58ED97DCA35CA2584BE00111151/$File/202001-Cat3%2018Dec2019.zip,,au_mbs_historical_0203
sha256:733e45690e00c945c4018ed96bb80c7503747c7428f3f3a26143bd8101c4633f,admitted,1416782,event:a6eb742c3867f973cda84d42f7cd1c68fdb68bc4183d9694ac653544c47b47b4,rights_constrained_reference,pdf,B1 historical acquisition receipt; ignored cache path and transfer diagnostics omitted.,acquired,733e45690e00c945c4018ed96bb80c7503747c7428f3f3a26143bd8101c4633f,,2026-08-25T14:44:19.015313+00:00,public_reuse_review,au_mbs,https://www.mbsonline.gov.au/internet/mbsonline/publishing.nsf/Content/515793D58E889BD0CA257CD100033990/$File/1993-11-CLaCP.pdf,,au_mbs_historical_0095
sha256:3d7877480b604176ad07163ec87333f8643e0c49c313260a4b5e902b05a4b6c8,admitted,1055327,event:a9df590245bcaedcc0097d5ad976a87fda006ede1a4d2b871fd41b3534829644,rights_constrained_reference,pdf,B1 historical acquisition receipt; ignored cache path and transfer diagnostics omitted.,acquired,3d7877480b604176ad07163ec87333f8643e0c49c313260a4b5e902b05a4b6c8,,2026-08-25T14:44:19.015313+00:00,public_reuse_review,au_mbs,https://www.mbsonline.gov.au/internet/mbsonline/publishing.nsf/Content/4EFCF78281A91736CA258654001138AF/$File/202103-cat2.pdf,,au_mbs_historical_0063
sha256:acb220df6d93c720b6c4302ed17451af3556521e46462c1995fba1edf09a6618,admitted,1667570,event:ab431176db602438b3b25c2534b95392121310011f8e344b319bb6776f0e268d,rights_constrained_reference,pdf,B1 historical acquisition receipt; ignored cache path and transfer diagnostics omitted.,acquired,acb220df6d93c720b6c4302ed17451af3556521e46462c1995fba1edf09a6618,,2026-08-25T14:44:19.015313+00:00,public_reuse_review,au_mbs,https://www.mbsonline.gov.au/internet/mbsonline/publishing.nsf/Content/515793D58E889BD0CA257CD100033990/$File/1997-11-Optometrists.pdf,,au_mbs_historical_0109
sha256:dfe3fddc70483a2b93ce46dd43327743dd81b4024151bfce895c2dd9db00c623,admitted,309224,event:aba47c291f032add171de4516493b3a119a7aefdeb4887a5d088c6f654a6d26d,rights_constrained_reference,pdf,B1 historical acquisition receipt; ignored cache path and transfer diagnostics omitted.,acquired,dfe3fddc70483a2b93ce46dd43327743dd81b4024151bfce895c2dd9db00c623,,2026-08-25T14:44:19.015313+00:00,public_reuse_review,au_mbs,https://www.mbsonline.gov.au/internet/mbsonline/publishing.nsf/Content/515793D58E889BD0CA257CD100033990/$File/200905-Summary.pdf,,au_mbs_historical_0160
sha256:4b6b26b852e0a2347b9eb6c6a1f79cd42cfc1f21642d3aef10c32bbfbc4e641b,admitted,4013725,event:abf16dbcd9428f7592ed328898903c10be1894de5389ea28fd02ec1ab50bb500,rights_constrained_reference,pdf,B1 historical acquisition receipt; ignored cache path and transfer diagnostics omitted.,acquired,4b6b26b852e0a2347b9eb6c6a1f79cd42cfc1f21642d3aef10c32bbfbc4e641b,,2026-08-25T14:44:19.015313+00:00,public_reuse_review,au_mbs,https://www.mbsonline.gov.au/internet/mbsonline/publishing.nsf/Content/317ACF6351081DB5CA2585FF00086C40/$File/201111-MBS.pdf,,au_mbs_historical_0043
sha256:a6ef073c9851c7c5a682e35f3ac1ec87c92af932482b1be3e4af43ef8a817b32,admitted,2685106,event:ac139960addd28d4328af12d2802b745e5c9c0e56661aa7097c7a853d7b25aaa,rights_constrained_reference,pdf,B1 historical acquisition receipt; ignored cache path and transfer diagnostics omitted.,acquired,a6ef073c9851c7c5a682e35f3ac1ec87c92af932482b1be3e4af43ef8a817b32,,2026-08-25T14:44:19.015313+00:00,public_reuse_review,au_mbs,https://www.mbsonline.gov.au/internet/mbsonline/publishing.nsf/Content/515793D58E889BD0CA257CD100033990/$File/2001-11-MBS.pdf,,au_mbs_historical_0122
sha256:ac5dce0a04dbbcf08124e9ac969e8d23352c437851d58eae39a90474850547f7,rejected,,event:ac5dce0a04dbbcf08124e9ac969e8d23352c437851d58eae39a90474850547f7,none,txt,B1 historical acquisition receipt; ignored cache path and transfer diagnostics omitted.,failed,,,2026-08-25T14:44:19.015313+00:00,public_reuse_review,au_mbs,https://www.mbsonline.gov.au/internet/mbsonline/publishing.nsf/650f3eec0dfb990fca25692100069854/1bc94358d4f276d3ca257ccf0000aa73/$FILE/20260701_MBSONLINE_IMAP.TXT,,au_mbs_historical_0005
sha256:8a3e95393f13ac6c6f5468cf037d8470f34fdbf2a8fc2db87f3cd9247ac878d8,admitted,1569639,event:acaac63842a93d2de5207c0dbd2512c9ed6110f9447b91efa7ca53711f428c6b,rights_constrained_reference,pdf,B1 historical acquisition receipt; ignored cache path and transfer diagnostics omitted.,acquired,8a3e95393f13ac6c6f5468cf037d8470f34fdbf2a8fc2db87f3cd9247ac878d8,,2026-08-25T14:44:19.015313+00:00,public_reuse_review,au_mbs,https://www.mbsonline.gov.au/internet/mbsonline/publishing.nsf/Content/4EFCF78281A91736CA258654001138AF/$File/202103-cat6.pdf,,au_mbs_historical_0067
sha256:e4d69ec16fc528121fa366009371e130774782d93ee4bcc78f2c2031a98790b6,admitted,1521676,event:acedcbb15a4f7b24ead4b8fb12dd8b938cddbfa456b4b75a684b8339a71e66fc,rights_constrained_reference,pdf,B1 historical acquisition receipt; ignored cache path and transfer diagnostics omitted.,acquired,e4d69ec16fc528121fa366009371e130774782d93ee4bcc78f2c2031a98790b6,,2026-08-25T14:44:19.015313+00:00,public_reuse_review,au_mbs,https://www.mbsonline.gov.au/internet/mbsonline/publishing.nsf/Content/B013E0789A07D708CA258B030013670A/$File/PDF%20Version%20-%201%20July%202024%20Category%205%20-%20Diagnostic%20Imagine%20Services.pdf,,au_mbs_historical_0264
sha256:65da188e7d7c387cd7b078a96669c8fc6bc3a2ebdeab1ba63968a8b0394125e6,admitted,1162228,event:ad2b7b685c0a333b87ec5a74e0e132f05921128ca3c2b75b77d777715da03336,rights_constrained_reference,pdf,B1 historical acquisition receipt; ignored cache path and transfer diagnostics omitted.,acquired,65da188e7d7c387cd7b078a96669c8fc6bc3a2ebdeab1ba63968a8b0394125e6,,2026-08-25T14:44:19.015313+00:00,public_reuse_review,au_mbs,https://www.mbsonline.gov.au/internet/mbsonline/publishing.nsf/Content/293EEBA9AB153C56CA2584EB001547AF/$File/202003-Cat2.pdf,,au_mbs_historical_0018
sha256:19f70a9beac6c64f709ffadcbdb08228cf60edd4d5eb810de086a15690b0a969,admitted,267636,event:ad6c1a8013df9c6f11d44cdb415fadc3337a7bdf851b709e00a65c1b58d5b44f,rights_constrained_reference,pdf,B1 historical acquisition receipt; ignored cache path and transfer diagnostics omitted.,acquired,19f70a9beac6c64f709ffadcbdb08228cf60edd4d5eb810de086a15690b0a969,,2026-08-25T14:44:19.015313+00:00,public_reuse_review,au_mbs,https://www.mbsonline.gov.au/internet/mbsonline/publishing.nsf/Content/515793D58E889BD0CA257CD100033990/$File/200907-Summary.pdf,,au_mbs_historical_0161
sha256:ee89830a2082a0aa9c5b68c8b8c92935bb6af6c89585f016677498878aef693d,admitted,110379,event:add164a329e2608a93497757f68f614f01b70aabeb413a41393e4d7cf998d59c,rights_constrained_reference,pdf,B1 historical acquisition receipt; ignored cache path and transfer diagnostics omitted.,acquired,ee89830a2082a0aa9c5b68c8b8c92935bb6af6c89585f016677498878aef693d,,2026-08-25T14:44:19.015313+00:00,public_reuse_review,au_mbs,https://www.mbsonline.gov.au/internet/mbsonline/publishing.nsf/Content/317ACF6351081DB5CA2585FF00086C40/$File/201101-Summary.pdf,,au_mbs_historical_0034
sha256:1343fbaf1cfe07a64fc8df98573f0fbfda882bfa52cb7fb74fe520f193b1a962,admitted,136796,event:ae8fcb00f906315715cda54404c3784ffc200fb4f6cf680e3d8e5748d0830e07,rights_constrained_reference,csv,B1 historical acquisition receipt; ignored cache path and transfer diagnostics omitted.,acquired,1343fbaf1cfe07a64fc8df98573f0fbfda882bfa52cb7fb74fe520f193b1a962,,2026-08-25T14:44:19.015313+00:00,public_reuse_review,au_mbs,https://www.mbsonline.gov.au/internet/mbsonline/publishing.nsf/650f3eec0dfb990fca25692100069854/dd6984c45a944962ca258d8600139d55/$FILE/Health%20Insurance%20Regulations%202018%20-%20Basic%20Service%20Description%20for%20Assignment%20of%20Medicare%20Benefits.csv,,au_mbs_historical_0010
sha256:57a61b6dc245384ece885bdc2939c01eb42167ade164086b3ea4561c7c69adf3,admitted,431669,event:aea0eec0ce83e6e5e29bd2dc212edc4ad5ee4de43cb7b751f89d2df96582d88b,rights_constrained_reference,pdf,B1 historical acquisition receipt; ignored cache path and transfer diagnostics omitted.,acquired,57a61b6dc245384ece885bdc2939c01eb42167ade164086b3ea4561c7c69adf3,,2026-08-25T14:44:19.015313+00:00,public_reuse_review,au_mbs,https://www.mbsonline.gov.au/internet/mbsonline/publishing.nsf/Content/E137A6BDE8494881CA2585FF000A72FF/$File/201207-Allied.pdf,,au_mbs_historical_0307
sha256:36f2adb4d604fcdbc3344b0ec2579d3ff11684ea60ca1f7f8e6dee4a0a982eb3,admitted,795114,event:aef09b68033ac27c05c86b9b6989392dc1c43e3188a425639e7311dfd56677b6,rights_constrained_reference,pdf,B1 historical acquisition receipt; ignored cache path and transfer diagnostics omitted.,acquired,36f2adb4d604fcdbc3344b0ec2579d3ff11684ea60ca1f7f8e6dee4a0a982eb3,,2026-08-25T14:44:19.015313+00:00,public_reuse_review,au_mbs,https://www.mbsonline.gov.au/internet/mbsonline/publishing.nsf/Content/515793D58E889BD0CA257CD100033990/$File/200811Optom.pdf,,au_mbs_historical_0157
sha256:ca2ac012cb32b651c9a164054c7df2885d853924da7c7500f083e1ce9ed14d86,admitted,5235171,event:af5c9a226ec4c142bf46a2ed3017e5d05aa57736712b8b7235591768c7515723,rights_constrained_reference,pdf,B1 historical acquisition receipt; ignored cache path and transfer diagnostics omitted.,acquired,ca2ac012cb32b651c9a164054c7df2885d853924da7c7500f083e1ce9ed14d86,,2026-08-25T14:44:19.015313+00:00,public_reuse_review,au_mbs,https://www.mbsonline.gov.au/internet/mbsonline/publishing.nsf/Content/E137A6BDE8494881CA2585FF000A72FF/$File/201211-MBS.pdf,,au_mbs_historical_0313
sha256:31c7331fa6bffc5c72fcd80e5239c3a809c001c86cf361afaf32aa10634a365d,admitted,195169,event:afcb2823ec3daebce320d8037ff69f73d629f39ea1a80122bb5f7bc722e9b8df,rights_constrained_reference,pdf,B1 historical acquisition receipt; ignored cache path and transfer diagnostics omitted.,acquired,31c7331fa6bffc5c72fcd80e5239c3a809c001c86cf361afaf32aa10634a365d,,2026-08-25T14:44:19.015313+00:00,public_reuse_review,au_mbs,https://www.mbsonline.gov.au/internet/mbsonline/publishing.nsf/Content/515793D58E889BD0CA257CD100033990/$File/200903-Summary.pdf,,au_mbs_historical_0159
sha256:90f0b9cb5dec6fe63ada25cfaf25533cfd2a5e0d7797768ae13f93d432607b05,admitted,356023,event:b189190e1a544196b2ab44a063c78b396dd6ad47b5d69d13fa191dc3c156ca3f,rights_constrained_reference,pdf,B1 historical acquisition receipt; ignored cache path and transfer diagnostics omitted.,acquired,90f0b9cb5dec6fe63ada25cfaf25533cfd2a5e0d7797768ae13f93d432607b05,,2026-08-25T14:44:19.015313+00:00,public_reuse_review,au_mbs,https://www.mbsonline.gov.au/internet/mbsonline/publishing.nsf/Content/E137A6BDE8494881CA2585FF000A72FF/$File/201211-Optom.pdf,,au_mbs_historical_0314
sha256:4e76ac9fed3a9134c1290ce916ff80aef9ced92b91629e15406d7bb9a4ed7b97,admitted,16963129,event:b469e22a007e66ee90f40cba60333ff3395350d4a93ad3f49a55cb282fbe4c4d,rights_constrained_reference,pdf,B1 historical acquisition receipt; ignored cache path and transfer diagnostics omitted.,acquired,4e76ac9fed3a9134c1290ce916ff80aef9ced92b91629e15406d7bb9a4ed7b97,,2026-08-25T14:44:19.015313+00:00,public_reuse_review,au_mbs,https://www.mbsonline.gov.au/internet/mbsonline/publishing.nsf/Content/90CB91EE0B6FB8A9CA2586140082584E/$File/201801-MBS.pdf,,au_mbs_historical_0221
sha256:bfa5b3d3bdda0bcd285e8a240820f75625c14c212db01fdb8046a8bcc518e06f,admitted,676090,event:b503fed1fc3cffe0ad6d9ae60eb9df66488d0bac49cf5ff9f7c6efa3a84ec32f,rights_constrained_reference,pdf,B1 historical acquisition receipt; ignored cache path and transfer diagnostics omitted.,acquired,bfa5b3d3bdda0bcd285e8a240820f75625c14c212db01fdb8046a8bcc518e06f,,2026-08-25T14:44:19.015313+00:00,public_reuse_review,au_mbs,https://www.mbsonline.gov.au/internet/mbsonline/publishing.nsf/Content/8F3FA58ED97DCA35CA2584BE00111151/$File/MBS%20Item%20Information.pdf,,au_mbs_historical_0219
sha256:71c859099e5acb24e6d5f2c3dcbde24a5ed043ba95c72281814917958ff67bef,admitted,1644931,event:b59c91da52b8f75bc01706582fa32b2b6ea4490b176402081c9fa818e9b9a3c7,rights_constrained_reference,pdf,B1 historical acquisition receipt; ignored cache path and transfer diagnostics omitted.,acquired,71c859099e5acb24e6d5f2c3dcbde24a5ed043ba95c72281814917958ff67bef,,2026-08-25T14:44:19.015313+00:00,public_reuse_review,au_mbs,https://www.mbsonline.gov.au/internet/mbsonline/publishing.nsf/Content/515793D58E889BD0CA257CD100033990/$File/1999-11-Optometrists.pdf,,au_mbs_historical_0117
sha256:d2e22b77d5b981113d4bbe97061db8079108887df80a4d347a3965d783335f1c,admitted,191620,event:b5aab7b0436dc8556ffa6cb97e7b46d05dda2c97d2556193c37663b1fd90b6ff,rights_constrained_reference,zip,B1 historical acquisition receipt; ignored cache path and transfer diagnostics omitted.,acquired,d2e22b77d5b981113d4bbe97061db8079108887df80a4d347a3965d783335f1c,,2026-08-25T14:44:19.015313+00:00,public_reuse_review,au_mbs,https://www.mbsonline.gov.au/internet/mbsonline/publishing.nsf/Content/293EEBA9AB153C56CA2584EB001547AF/$File/202003-Cat5.zip,,au_mbs_historical_0024
sha256:ef7219e3e6afe413bbda2f6abcb3fe3c43d50b686630318277927bf607f941ca,admitted,470075,event:b745093ab2efb57714bc385ee1ea088da86ca1c4f9fcb2727b5e8f772b109691,rights_constrained_reference,pdf,B1 historical acquisition receipt; ignored cache path and transfer diagnostics omitted.,acquired,ef7219e3e6afe413bbda2f6abcb3fe3c43d50b686630318277927bf607f941ca,,2026-08-25T14:44:19.015313+00:00,public_reuse_review,au_mbs,https://www.mbsonline.gov.au/internet/mbsonline/publishing.nsf/Content/94D54B959677561ECA2585FF000015E3/$File/201301-Allied.pdf,,au_mbs_historical_0228
sha256:0a480d3e7cede5cd4c72250939ebcfa76f8a8b9776fc6629158c4dfa57ae488f,admitted,1010374,event:b788198150220dd3acf9c288ac54716e952cdaa5580a3349615b9cef23fcb0d7,rights_constrained_reference,pdf,B1 historical acquisition receipt; ignored cache path and transfer diagnostics omitted.,acquired,0a480d3e7cede5cd4c72250939ebcfa76f8a8b9776fc6629158c4dfa57ae488f,,2026-08-25T14:44:19.015313+00:00,public_reuse_review,au_mbs,https://www.mbsonline.gov.au/internet/mbsonline/publishing.nsf/Content/5DCECCA2E8B2062CCA2586F100070995/$File/202007-Cat4.pdf,,au_mbs_historical_0179
sha256:d32f03fceed46bedeb9801696655f240fcca00f15eb17cf727b923932f36ac4b,admitted,128853,event:b997027e5928aa7ebd23f8e8a3ce99c8b786543c47e4c8d80a46e523c45f6407,rights_constrained_reference,pdf,B1 historical acquisition receipt; ignored cache path and transfer diagnostics omitted.,acquired,d32f03fceed46bedeb9801696655f240fcca00f15eb17cf727b923932f36ac4b,,2026-08-25T14:44:19.015313+00:00,public_reuse_review,au_mbs,https://www.mbsonline.gov.au/internet/mbsonline/publishing.nsf/Content/515793D58E889BD0CA257CD100033990/$File/2006-11-Optom.pdf,,au_mbs_historical_0144
sha256:e07a58b1ad24252bc2d690bacc13d6359283fe701d147a42405bb602a4d85b5b,admitted,5108763,event:b9fd8a1bd1d5f1b1d8ec22ff09b2895ced14f4a7a81728f3de74f3a220907906,rights_constrained_reference,pdf,B1 historical acquisition receipt; ignored cache path and transfer diagnostics omitted.,acquired,e07a58b1ad24252bc2d690bacc13d6359283fe701d147a42405bb602a4d85b5b,,2026-08-25T14:44:19.015313+00:00,public_reuse_review,au_mbs,https://www.mbsonline.gov.au/internet/mbsonline/publishing.nsf/Content/4EFCF78281A91736CA258654001138AF/$File/202103-cat3.pdf,,au_mbs_historical_0064
sha256:e370ccbbcf1bb3209ff9e77dd5e0b8d7044265cbb1c73723dd3fbb5e28a4e03e,admitted,12551,event:ba02ef355435b8598697fece4975e04aa7b2a87f8ab621ae922fc9cf30608cda,rights_constrained_reference,txt,B1 historical acquisition receipt; ignored cache path and transfer diagnostics omitted.,acquired,e370ccbbcf1bb3209ff9e77dd5e0b8d7044265cbb1c73723dd3fbb5e28a4e03e,,2026-08-25T14:44:19.015313+00:00,public_reuse_review,au_mbs,https://www.mbsonline.gov.au/internet/mbsonline/publishing.nsf/Content/5DCECCA2E8B2062CCA2586F100070995/$File/rvg200701.txt,,au_mbs_historical_0187
sha256:c2f3d479a5f8dde6b0436fc25308848289a9a6bdcfd60bb17cfdef9ea8d0ed3a,admitted,500930,event:bac47d7ce9cc78e992df4923f4ffb5c919e41f59aada44ae8b489fa8a005e2a0,rights_constrained_reference,pdf,B1 historical acquisition receipt; ignored cache path and transfer diagnostics omitted.,acquired,c2f3d479a5f8dde6b0436fc25308848289a9a6bdcfd60bb17cfdef9ea8d0ed3a,,2026-08-25T14:44:19.015313+00:00,public_reuse_review,au_mbs,https://www.mbsonline.gov.au/internet/mbsonline/publishing.nsf/Content/515793D58E889BD0CA257CD100033990/$File/200911-Optometrical.pdf,,au_mbs_historical_0166
sha256:0dddc38b9d2a47f313c1e6ce95ca9f34822e0800a73963308cd3f9de3262fc5e,admitted,17024985,event:bbc45ce72900d357c47863eeadec97238a82797914d819e3a77af7a3d7d6be35,rights_constrained_reference,pdf,B1 historical acquisition receipt; ignored cache path and transfer diagnostics omitted.,acquired,0dddc38b9d2a47f313c1e6ce95ca9f34822e0800a73963308cd3f9de3262fc5e,,2026-08-25T14:44:19.015313+00:00,public_reuse_review,au_mbs,https://www.mbsonline.gov.au/internet/mbsonline/publishing.nsf/Content/A7F6A9DA0E280DCCCA2586140008B368/$File/201512-MBS.pdf,,au_mbs_historical_0259
sha256:7b3eb16b81e4aee83b9178014ec598ec0b98edb0ae644aa626094dd207d58a9c,admitted,2218018,event:bbf947adbac7170a41671e043099cb611957316c59fbf3ac569e8b8baacbbd9f,rights_constrained_reference,pdf,B1 historical acquisition receipt; ignored cache path and transfer diagnostics omitted.,acquired,7b3eb16b81e4aee83b9178014ec598ec0b98edb0ae644aa626094dd207d58a9c,,2026-08-25T14:44:19.015313+00:00,public_reuse_review,au_mbs,https://www.mbsonline.gov.au/internet/mbsonline/publishing.nsf/Content/8F3FA58ED97DCA35CA2584BE00111151/$File/202001-Cat5%2010Jan2020.pdf,,au_mbs_historical_0206
sha256:924d734350d7aee63c6e8342f62266d50d59722d66771d67f5608ad0639db945,admitted,16592078,event:bcda111c7bb1ee80fd08c71617c3c02a846d7e835286ebb8efa71b81b6717390,rights_constrained_reference,pdf,B1 historical acquisition receipt; ignored cache path and transfer diagnostics omitted.,acquired,924d734350d7aee63c6e8342f62266d50d59722d66771d67f5608ad0639db945,,2026-08-25T14:44:19.015313+00:00,public_reuse_review,au_mbs,https://www.mbsonline.gov.au/internet/mbsonline/publishing.nsf/Content/B900536D4B582E61CA2585FF0006926F/$File/201403-MBS.PDF,,au_mbs_historical_0274
sha256:d91916ae813125b45a13ffbb325ecfec355290a9d53473553c69fe1f3634525c,admitted,17001730,event:bceffc3ba99a6e6eb77681dd56d0e3bdc4041c7b0f8a50a44324416dcc512fd4,rights_constrained_reference,pdf,B1 historical acquisition receipt; ignored cache path and transfer diagnostics omitted.,acquired,d91916ae813125b45a13ffbb325ecfec355290a9d53473553c69fe1f3634525c,,2026-08-25T14:44:19.015313+00:00,public_reuse_review,au_mbs,https://www.mbsonline.gov.au/internet/mbsonline/publishing.nsf/Content/90CB91EE0B6FB8A9CA2586140082584E/$File/201803-MBS.pdf,,au_mbs_historical_0223
sha256:d333d9e97d5b12615b7ab58d5df1107abe7b5c6a04e54ff400a62cdf579b8a1c,admitted,850894,event:bd40ebb1064c25a2af2d85f27c6ea0859610784364a62db5f187cae84522c35d,rights_constrained_reference,pdf,B1 historical acquisition receipt; ignored cache path and transfer diagnostics omitted.,acquired,d333d9e97d5b12615b7ab58d5df1107abe7b5c6a04e54ff400a62cdf579b8a1c,,2026-08-25T14:44:19.015313+00:00,public_reuse_review,au_mbs,https://www.mbsonline.gov.au/internet/mbsonline/publishing.nsf/Content/A7F6A9DA0E280DCCCA2586140008B368/$File/201507-Optom.pdf,,au_mbs_historical_0255
sha256:550bc9bae721d20d41f0e3becb6127fedd431522af7fc223a2f92ab46b5bc78a,admitted,5256045,event:bfb5dc1d27b56b1b8425e28405c2331ab6775614328645bcc5e0cdc6a9adce4c,rights_constrained_reference,pdf,B1 historical acquisition receipt; ignored cache path and transfer diagnostics omitted.,acquired,550bc9bae721d20d41f0e3becb6127fedd431522af7fc223a2f92ab46b5bc78a,,2026-08-25T14:44:19.015313+00:00,public_reuse_review,au_mbs,https://www.mbsonline.gov.au/internet/mbsonline/publishing.nsf/Content/94D54B959677561ECA2585FF000015E3/$File/201311-MBS.pdf,,au_mbs_historical_0244
sha256:b1c66217e8085c12ea364f9ed18d05602b2f328be14364e1021023fc3819ab40,admitted,1129559,event:c01f62217cb8379b3f8196b32e21de019acfe395d2df6ea435cf04e9376a7403,rights_constrained_reference,pdf,B1 historical acquisition receipt; ignored cache path and transfer diagnostics omitted.,acquired,b1c66217e8085c12ea364f9ed18d05602b2f328be14364e1021023fc3819ab40,,2026-08-25T14:44:19.015313+00:00,public_reuse_review,au_mbs,https://www.mbsonline.gov.au/internet/mbsonline/publishing.nsf/Content/515793D58E889BD0CA257CD100033990/$File/2003-05-MBS.pdf,,au_mbs_historical_0127
sha256:d0cc0beb382a61fe8c04bde4cf659109b8f052ccc4c4d7c7aabe56e903337371,admitted,4800991,event:c0cf78ab4b9c9992117c5365be2fc61498df61b0cdb573cdff93c0d5cc7cea13,rights_constrained_reference,pdf,B1 historical acquisition receipt; ignored cache path and transfer diagnostics omitted.,acquired,d0cc0beb382a61fe8c04bde4cf659109b8f052ccc4c4d7c7aabe56e903337371,,2026-08-25T14:44:19.015313+00:00,public_reuse_review,au_mbs,https://www.mbsonline.gov.au/internet/mbsonline/publishing.nsf/Content/293EEBA9AB153C56CA2584EB001547AF/$File/202003-Cat3.pdf,,au_mbs_historical_0020
sha256:b0e49fa5736cb1601bc426a48388883dd73c3e06811969141b888510ab87ceef,admitted,356134,event:c1a3a9d5568297662218f9585af48054fb87a668207a9f7e920a7c74230966f2,rights_constrained_reference,pdf,B1 historical acquisition receipt; ignored cache path and transfer diagnostics omitted.,acquired,b0e49fa5736cb1601bc426a48388883dd73c3e06811969141b888510ab87ceef,,2026-08-25T14:44:19.015313+00:00,public_reuse_review,au_mbs,https://www.mbsonline.gov.au/internet/mbsonline/publishing.nsf/Content/94D54B959677561ECA2585FF000015E3/$File/201307-Optom.pdf,,au_mbs_historical_0239
sha256:fcaab161ac5eb2089158e4b94463275b153fbe98a2d1a2ec139a218547c250b9,admitted,3747734,event:c1ef96e4d90eb139aa5fa094a9ea1cc5249c02f00b32f79d872f22f388a6132b,rights_constrained_reference,pdf,B1 historical acquisition receipt; ignored cache path and transfer diagnostics omitted.,acquired,fcaab161ac5eb2089158e4b94463275b153fbe98a2d1a2ec139a218547c250b9,,2026-08-25T14:44:19.015313+00:00,public_reuse_review,au_mbs,https://www.mbsonline.gov.au/internet/mbsonline/publishing.nsf/Content/515793D58E889BD0CA257CD100033990/$File/201007-MBS.pdf,,au_mbs_historical_0171
sha256:83cae64448826cae543ab0048ec2d363355b003a925bbc4a386b81698f7033a9,admitted,309670,event:c2cb39bf57b862e60f021df386f17c9fa141df648c691cfa0ec06fd09efb9883,rights_constrained_reference,pdf,B1 historical acquisition receipt; ignored cache path and transfer diagnostics omitted.,acquired,83cae64448826cae543ab0048ec2d363355b003a925bbc4a386b81698f7033a9,,2026-08-25T14:44:19.015313+00:00,public_reuse_review,au_mbs,https://www.mbsonline.gov.au/internet/mbsonline/publishing.nsf/Content/515793D58E889BD0CA257CD100033990/$File/201011-Allied.pdf,,au_mbs_historical_0173
sha256:3ec847d33cf61a684b39c274b0ca01c6309211d277e033f6742bd1de5e29f0a3,admitted,1187199,event:c43d20dc53a554bcde3a8bcc8998bd7fac4fe15894e36d5c0558d4963c0ce238,rights_constrained_reference,pdf,B1 historical acquisition receipt; ignored cache path and transfer diagnostics omitted.,acquired,3ec847d33cf61a684b39c274b0ca01c6309211d277e033f6742bd1de5e29f0a3,,2026-08-25T14:44:19.015313+00:00,public_reuse_review,au_mbs,https://www.mbsonline.gov.au/internet/mbsonline/publishing.nsf/Content/515793D58E889BD0CA257CD100033990/$File/2005-05-MBS.pdf,,au_mbs_historical_0135
sha256:5d842ad0c5337d6e2a437b9586c9911dcd97e2b7031169111885e46272746538,admitted,18317252,event:c4b3e85a9ba5de9d6def1c6e91ce9db9925ce927afd82b5502d9062a418f3e97,rights_constrained_reference,pdf,B1 historical acquisition receipt; ignored cache path and transfer diagnostics omitted.,acquired,5d842ad0c5337d6e2a437b9586c9911dcd97e2b7031169111885e46272746538,,2026-08-25T14:44:19.015313+00:00,public_reuse_review,au_mbs,https://www.mbsonline.gov.au/internet/mbsonline/publishing.nsf/Content/F540E955EFE9BFD5CA25861500000C28/$File/201903-MBS.pdf,,au_mbs_historical_0322
sha256:767ea3ee0de8f01adbbe15d8285aa63ac0b5e195dfffbb6c98c2ae9f7d236441,admitted,310082,event:c5d4b67a7ca82ecd4bdfa11a32990695579c8efd9976a2db31c65db225661aa4,rights_constrained_reference,pdf,B1 historical acquisition receipt; ignored cache path and transfer diagnostics omitted.,acquired,767ea3ee0de8f01adbbe15d8285aa63ac0b5e195dfffbb6c98c2ae9f7d236441,,2026-08-25T14:44:19.015313+00:00,public_reuse_review,au_mbs,https://www.mbsonline.gov.au/internet/mbsonline/publishing.nsf/Content/515793D58E889BD0CA257CD100033990/$File/200911-Allied.pdf,,au_mbs_historical_0163
sha256:88d62c159d36a3e6435f20e7ed1e1366a648c3402a6cc69a59ceeb6045d82f34,admitted,17041106,event:c72bd4014bff8ad41945a4f9e04b7f22597ca223ee922b031203fbaf80a00005,rights_constrained_reference,pdf,B1 historical acquisition receipt; ignored cache path and transfer diagnostics omitted.,acquired,88d62c159d36a3e6435f20e7ed1e1366a648c3402a6cc69a59ceeb6045d82f34,,2026-08-25T14:44:19.015313+00:00,public_reuse_review,au_mbs,https://www.mbsonline.gov.au/internet/mbsonline/publishing.nsf/Content/A7F6A9DA0E280DCCCA2586140008B368/$File/201509-MBS.pdf,,au_mbs_historical_0256
sha256:428f192b13e8b9f61331b03b83af1dd5a208d968cfca7c459ec69fc30d58ac81,admitted,17003961,event:c7d335f632b8c4ccadfdcde8a9ac000917ec8490d2797769b04d6cbcb5185855,rights_constrained_reference,pdf,B1 historical acquisition receipt; ignored cache path and transfer diagnostics omitted.,acquired,428f192b13e8b9f61331b03b83af1dd5a208d968cfca7c459ec69fc30d58ac81,,2026-08-25T14:44:19.015313+00:00,public_reuse_review,au_mbs,https://www.mbsonline.gov.au/internet/mbsonline/publishing.nsf/Content/40901A5DCA1CD593CA258614007F45C1/$File/201705-MBS.pdf,,au_mbs_historical_0046
sha256:efe4c263337a0ad12d92f5e5104ee1c3f16a69f3ba281c8a36a7a0c39c507065,admitted,11069316,event:c7ed44d9234b46f9ead0addf82f4d62cd3c3d743a7f10fd6f233026ee1b04731,rights_constrained_reference,pdf,B1 historical acquisition receipt; ignored cache path and transfer diagnostics omitted.,acquired,efe4c263337a0ad12d92f5e5104ee1c3f16a69f3ba281c8a36a7a0c39c507065,,2026-08-25T14:44:19.015313+00:00,public_reuse_review,au_mbs,https://www.mbsonline.gov.au/internet/mbsonline/publishing.nsf/650f3eec0dfb990fca25692100069854/dd6984c45a944962ca258d8600139d55/$FILE/PDF%20Version%20-%20MBS%20Book%20-%20March%202026.pdf,,au_mbs_historical_0011
sha256:5145fa19632ef454498bed0f7d94ff56543ddf93bdc9ece11bcaa024e145a600,admitted,778747,event:c7f05eb7eaa4baaae2d8c71dab07376144b002d50e66ac3ad4c7f318f3d8182e,rights_constrained_reference,pdf,B1 historical acquisition receipt; ignored cache path and transfer diagnostics omitted.,acquired,5145fa19632ef454498bed0f7d94ff56543ddf93bdc9ece11bcaa024e145a600,,2026-08-25T14:44:19.015313+00:00,public_reuse_review,au_mbs,https://www.mbsonline.gov.au/internet/mbsonline/publishing.nsf/Content/8F3FA58ED97DCA35CA2584BE00111151/$File/202001-Cat7.pdf,,au_mbs_historical_0210
sha256:460941ead58b20aac34eff9a749605aa88fffbecee8598c998eeb786b7637006,admitted,17179,event:cac57debd2951072e361f974f0c8caf6262470ee2c704ac96141944bcbcc9f6a,rights_constrained_reference,txt,B1 historical acquisition receipt; ignored cache path and transfer diagnostics omitted.,acquired,460941ead58b20aac34eff9a749605aa88fffbecee8598c998eeb786b7637006,,2026-08-25T14:44:19.015313+00:00,public_reuse_review,au_mbs,https://www.mbsonline.gov.au/internet/mbsonline/publishing.nsf/Content/FDC5220396350762CA25853D000487F9/$File/201911-RVG.TXT,,au_mbs_historical_0339
sha256:815df4a7ec345278cab9766cdbd8f6831ba93ebba407ed0068d664e7d601a487,admitted,16964384,event:cac9cc60c79ead8e8453a806e8ac052abebe6ea72fc56ab194950f335ecab863,rights_constrained_reference,pdf,B1 historical acquisition receipt; ignored cache path and transfer diagnostics omitted.,acquired,815df4a7ec345278cab9766cdbd8f6831ba93ebba407ed0068d664e7d601a487,,2026-08-25T14:44:19.015313+00:00,public_reuse_review,au_mbs,https://www.mbsonline.gov.au/internet/mbsonline/publishing.nsf/Content/40901A5DCA1CD593CA258614007F45C1/$File/201707-MBS.pdf,,au_mbs_historical_0047
sha256:304cb1f5a2e0008a2814da703dd1bab2233900d77ada3fe2e844adadef0c7d96,admitted,1112209,event:cb516a99bf57ada4374d8f50e4187ced6996ecba3ae0c41e479fa67f94e8d351,rights_constrained_reference,pdf,B1 historical acquisition receipt; ignored cache path and transfer diagnostics omitted.,acquired,304cb1f5a2e0008a2814da703dd1bab2233900d77ada3fe2e844adadef0c7d96,,2026-08-25T14:44:19.015313+00:00,public_reuse_review,au_mbs,https://www.mbsonline.gov.au/internet/mbsonline/publishing.nsf/Content/515793D58E889BD0CA257CD100033990/$File/2000-11-CLaCP.pdf,,au_mbs_historical_0119
sha256:bd9ec9f2b364b976e1716d44d908ee19c434a59fe4a8c1b41c66be83000dc6a7,admitted,498998,event:cb806b25c4d9ba5f1a8718998cbcaf628d5139bc7eeabc8aec55a1089d817ece,rights_constrained_reference,zip,B1 historical acquisition receipt; ignored cache path and transfer diagnostics omitted.,acquired,bd9ec9f2b364b976e1716d44d908ee19c434a59fe4a8c1b41c66be83000dc6a7,,2026-08-25T14:44:19.015313+00:00,public_reuse_review,au_mbs,https://www.mbsonline.gov.au/internet/mbsonline/publishing.nsf/Content/293EEBA9AB153C56CA2584EB001547AF/$File/202003-Cat3.zip,,au_mbs_historical_0021
sha256:35fca241ee6afab4d71d57884e59d5d282d98fcad4fbb7390fcfe924d1d3f4bc,admitted,1131034,event:cba85e2d0969765abe92111ae5ba89a991ddcf2764b8b742560f65a7ff007aa8,rights_constrained_reference,pdf,B1 historical acquisition receipt; ignored cache path and transfer diagnostics omitted.,acquired,35fca241ee6afab4d71d57884e59d5d282d98fcad4fbb7390fcfe924d1d3f4bc,,2026-08-25T14:44:19.015313+00:00,public_reuse_review,au_mbs,https://www.mbsonline.gov.au/internet/mbsonline/publishing.nsf/Content/DD4BF54A34D823FDCA25881700139AD5/$File/202207-Cat4d.pdf,,au_mbs_historical_0288
sha256:f2be1e80f0da3354667bc955ec543a9972cc3c4fe8b1459a4d70304d9a0c6388,admitted,5133179,event:cc3bb7b93e11792a61e2c978cab3727b66d8a3a730dab0f0ef2f98b189de028e,rights_constrained_reference,pdf,B1 historical acquisition receipt; ignored cache path and transfer diagnostics omitted.,acquired,f2be1e80f0da3354667bc955ec543a9972cc3c4fe8b1459a4d70304d9a0c6388,,2026-08-25T14:44:19.015313+00:00,public_reuse_review,au_mbs,https://www.mbsonline.gov.au/internet/mbsonline/publishing.nsf/Content/E137A6BDE8494881CA2585FF000A72FF/$File/201207-MBS.pdf,,au_mbs_historical_0309
sha256:4456a1bcb9b5006cc056d64e23c3d312ddb1de3fd00863ccc843a498704f867d,admitted,12268178,event:cc88a43a999ab0362442c9bda77dc9e57846a989b1d65e73f1406cd2c6ba82ea,rights_constrained_reference,pdf,B1 historical acquisition receipt; ignored cache path and transfer diagnostics omitted.,acquired,4456a1bcb9b5006cc056d64e23c3d312ddb1de3fd00863ccc843a498704f867d,,2026-08-25T14:44:19.015313+00:00,public_reuse_review,au_mbs,https://www.mbsonline.gov.au/internet/mbsonline/publishing.nsf/Content/E528C73047125137CA258797000C9597/$File/MBSBook%201%20March%202022-v2.pdf,,au_mbs_historical_0319
sha256:8f44907dc7642df5012ad8b80bc622c17298022bb645d7d3024bebdf773bbb1c,admitted,469736,event:ce3a20182be9a4078d4fb91ff62ce966821abd10500c053059b7604bd504ba37,rights_constrained_reference,pdf,B1 historical acquisition receipt; ignored cache path and transfer diagnostics omitted.,acquired,8f44907dc7642df5012ad8b80bc622c17298022bb645d7d3024bebdf773bbb1c,,2026-08-25T14:44:19.015313+00:00,public_reuse_review,au_mbs,https://www.mbsonline.gov.au/internet/mbsonline/publishing.nsf/Content/94D54B959677561ECA2585FF000015E3/$File/201311-Allied.pdf,,au_mbs_historical_0243
sha256:7a28a5e68c23309337e6da335727b1a785439b1f395936a52f388e2f1cf5b4a2,admitted,11256885,event:ce5b811c46044dc5e371d774ae8c73ee8c278dcec44fee446488ad28808f1b41,rights_constrained_reference,pdf,B1 historical acquisition receipt; ignored cache path and transfer diagnostics omitted.,acquired,7a28a5e68c23309337e6da335727b1a785439b1f395936a52f388e2f1cf5b4a2,,2026-08-25T14:44:19.015313+00:00,public_reuse_review,au_mbs,https://www.mbsonline.gov.au/internet/mbsonline/publishing.nsf/Content/F540E955EFE9BFD5CA25861500000C28/$File/201908-MBS.pdf,,au_mbs_historical_0326
sha256:23ded42d20413fb373becf8f21e7aa549438b16bb4db675201c91b3dc5e2cd3e,admitted,16262065,event:ce5c3b441a05e1495b3987d9e412132eebb6b1777c35d131104301e2211f9acc,rights_constrained_reference,pdf,B1 historical acquisition receipt; ignored cache path and transfer diagnostics omitted.,acquired,23ded42d20413fb373becf8f21e7aa549438b16bb4db675201c91b3dc5e2cd3e,,2026-08-25T14:44:19.015313+00:00,public_reuse_review,au_mbs,https://www.mbsonline.gov.au/internet/mbsonline/publishing.nsf/Content/FBE6CC5B217AC8DACA25859E0016F5A3/$File/mbsbook-july2021m.pdf,,au_mbs_historical_0337
sha256:b30d15d1974e1337052bea54eb850ed8d70b117ea68ab6d2b2d407e303c469e9,admitted,153549,event:cf0eedab1050c11790f0de2ccc3f3f4cf88817229b6bc9d7c2903d8e763a7068,rights_constrained_reference,pdf,B1 historical acquisition receipt; ignored cache path and transfer diagnostics omitted.,acquired,b30d15d1974e1337052bea54eb850ed8d70b117ea68ab6d2b2d407e303c469e9,,2026-08-25T14:44:19.015313+00:00,public_reuse_review,au_mbs,https://www.mbsonline.gov.au/internet/mbsonline/publishing.nsf/Content/515793D58E889BD0CA257CD100033990/$File/201011-Optom.pdf,,au_mbs_historical_0176
sha256:84fb57294dbbaae037bf2d28907a2730e19c50fdb47313db6c4f1d02e459b6cb,admitted,1294950,event:cf1a2055d329b8af8016fc5b51c6a4588a09390467e9b73cece3a138df2d0ec8,rights_constrained_reference,pdf,B1 historical acquisition receipt; ignored cache path and transfer diagnostics omitted.,acquired,84fb57294dbbaae037bf2d28907a2730e19c50fdb47313db6c4f1d02e459b6cb,,2026-08-25T14:44:19.015313+00:00,public_reuse_review,au_mbs,https://www.mbsonline.gov.au/internet/mbsonline/publishing.nsf/Content/515793D58E889BD0CA257CD100033990/$File/1999-11-CLaCP.pdf,,au_mbs_historical_0115
sha256:cd93ee80d0f0c67c3f8d97d26ebc081326b1a2b8b7165cdd0d27b9e4390df395,admitted,3709299,event:d08ab9fbbdc6526ded888f405fee2680b37c7a247640e5134773e4a0ed8bbd26,rights_constrained_reference,pdf,B1 historical acquisition receipt; ignored cache path and transfer diagnostics omitted.,acquired,cd93ee80d0f0c67c3f8d97d26ebc081326b1a2b8b7165cdd0d27b9e4390df395,,2026-08-25T14:44:19.015313+00:00,public_reuse_review,au_mbs,https://www.mbsonline.gov.au/internet/mbsonline/publishing.nsf/Content/293EEBA9AB153C56CA2584EB001547AF/$File/202003-Cat1.pdf,,au_mbs_historical_0017
sha256:313bbcec30028cf84e0554e4a1af940ae24ccba52ef286f8a0749f8f75d39576,admitted,2868831,event:d32dd6ffd2935abe06d3871a5e5a838b67032404088fefc47b77ad84c17e1518,rights_constrained_reference,application/xml,B1 event projected from a reviewed source-bundle snapshot; local raw path omitted.,acquired,313bbcec30028cf84e0554e4a1af940ae24ccba52ef286f8a0749f8f75d39576,,2026-07-27T00:00:00+10:00,permissive,nz_pharmac,https://schedule.pharmac.govt.nz/pub/schedule/archive/Schedule_2026-07.xml,,nz_pharmac_schedule_2026_07
sha256:d1e358d532b69b469ac7078a0b9b9f57de408b8a9ec0f5b6dd13ef01587b9b72,admitted,14366644,event:d39b43e1d371566d8b2d74dbc026d67e9eab3443566c9bdd25c489fb1fda0569,rights_constrained_reference,pdf,B1 historical acquisition receipt; ignored cache path and transfer diagnostics omitted.,acquired,d1e358d532b69b469ac7078a0b9b9f57de408b8a9ec0f5b6dd13ef01587b9b72,,2026-08-25T14:44:19.015313+00:00,public_reuse_review,au_mbs,https://www.mbsonline.gov.au/internet/mbsonline/publishing.nsf/Content/515793D58E889BD0CA257CD100033990/$File/1976-MBS.pdf,,au_mbs_historical_0074
sha256:91c1bfee72d556cd1316499683436c2c2cc126cefa1aff8e0ac4be2b7cc0fb13,admitted,42479628,event:d408d2becc87456ea18d45c881d1d4f407af1786d0cff8052ab43cb8d4c8baea,rights_constrained_reference,pdf,B1 historical acquisition receipt; ignored cache path and transfer diagnostics omitted.,acquired,91c1bfee72d556cd1316499683436c2c2cc126cefa1aff8e0ac4be2b7cc0fb13,,2026-08-25T14:44:19.015313+00:00,public_reuse_review,au_mbs,https://www.mbsonline.gov.au/internet/mbsonline/publishing.nsf/Content/515793D58E889BD0CA257CD100033990/$File/1983-MBS.pdf,,au_mbs_historical_0079
sha256:91cc41583ba34caab1d1f2f8e082ea850070a408bfd4d3d872cb6df20f7be5f2,admitted,836306,event:d420b866c345299a543853f6b237a441ae6c2b017076d895fbcc316e1821f390,rights_constrained_reference,pdf,B1 historical acquisition receipt; ignored cache path and transfer diagnostics omitted.,acquired,91cc41583ba34caab1d1f2f8e082ea850070a408bfd4d3d872cb6df20f7be5f2,,2026-08-25T14:44:19.015313+00:00,public_reuse_review,au_mbs,https://www.mbsonline.gov.au/internet/mbsonline/publishing.nsf/Content/B013E0789A07D708CA258B030013670A/$File/PDF%20Version%20-%201%20July%202024%20Category%202%20-%20Diagnostic%20Procedures%20and%20Investigations.pdf,,au_mbs_historical_0261
sha256:3b20fd8b972cca62efc60fe355f0839025d25d9480f41542fe3fdabf07d1323d,admitted,311667,event:d5e7ad8f9ed6578b874d2623a369f7210e8a8a82c6cdfe88ca8eb30faa0ff10b,rights_constrained_reference,pdf,B1 historical acquisition receipt; ignored cache path and transfer diagnostics omitted.,acquired,3b20fd8b972cca62efc60fe355f0839025d25d9480f41542fe3fdabf07d1323d,,2026-08-25T14:44:19.015313+00:00,public_reuse_review,au_mbs,https://www.mbsonline.gov.au/internet/mbsonline/publishing.nsf/Content/515793D58E889BD0CA257CD100033990/$File/2005-11-CLACP.pdf,,au_mbs_historical_0137
sha256:f5a090789c40fe791b478a735c7cf5399e86726adc788f11829435cb0ca4d7d5,admitted,599628,event:d642ec068272b65d36d59c7b18a47c0657b4673b5232670f7379a94c74f01daa,rights_constrained_reference,text/csv,B1 event projected from a reviewed source-bundle snapshot; local raw path omitted.,acquired,f5a090789c40fe791b478a735c7cf5399e86726adc788f11829435cb0ca4d7d5,,2026-07-27T02:42:00Z,restricted_local_only,us_cms_clfs,https://www.cms.gov/medicare/payment/fee-schedules/clinical-laboratory-fee-schedule-clfs/files/26clabq3,,us_cms_clfs_26clabq3_ama_zip
sha256:26a91a109da03f228dbabe2119afd00a3967bddcb0bf8fd14102682959741a6b,admitted,78509,event:d6b44518103e3c675d70f096b8f0d062b2cab1e75118de89f5471ac21696d363,rights_constrained_reference,pdf,B1 historical acquisition receipt; ignored cache path and transfer diagnostics omitted.,acquired,26a91a109da03f228dbabe2119afd00a3967bddcb0bf8fd14102682959741a6b,,2026-08-25T14:44:19.015313+00:00,public_reuse_review,au_mbs,https://www.mbsonline.gov.au/internet/mbsonline/publishing.nsf/Content/E137A6BDE8494881CA2585FF000A72FF/$File/MRI-SERVICES-FOR-PATIENTS-WITH-PIP-IMPLANTS.pdf,,au_mbs_historical_0318
sha256:1c03036f94d2d8d030c72213543fc274a3bc9ee314de3908376dc51b565e5037,admitted,17159971,event:d7290b347b17c8dbc7b5316dcadc248c7b57fe22e2c46628f344d5c913643bdd,rights_constrained_reference,pdf,B1 historical acquisition receipt; ignored cache path and transfer diagnostics omitted.,acquired,1c03036f94d2d8d030c72213543fc274a3bc9ee314de3908376dc51b565e5037,,2026-08-25T14:44:19.015313+00:00,public_reuse_review,au_mbs,https://www.mbsonline.gov.au/internet/mbsonline/publishing.nsf/Content/40901A5DCA1CD593CA258614007F45C1/$File/201711-MBS-16-Nov.pdf,,au_mbs_historical_0050
sha256:ebe7cb84a33e0614fc3d263d207b395344beb09594fe8e37732621d3e5f67005,admitted,5253760,event:d873be11e26b7c68cd4a2f4786175322d997158a83127146e889358937e7aa3a,rights_constrained_reference,pdf,B1 historical acquisition receipt; ignored cache path and transfer diagnostics omitted.,acquired,ebe7cb84a33e0614fc3d263d207b395344beb09594fe8e37732621d3e5f67005,,2026-08-25T14:44:19.015313+00:00,public_reuse_review,au_mbs,https://www.mbsonline.gov.au/internet/mbsonline/publishing.nsf/Content/94D54B959677561ECA2585FF000015E3/$File/201312-MBS.pdf,,au_mbs_historical_0247
sha256:202514d416c8074f937e52f6951c9f9d44c6af6c90c07006cb4ff3d421083e83,admitted,16989875,event:d8e789638a02465c818ac9e075ff61ad83fc7f33e61bfc274ccb2c61d079fa2c,rights_constrained_reference,pdf,B1 historical acquisition receipt; ignored cache path and transfer diagnostics omitted.,acquired,202514d416c8074f937e52f6951c9f9d44c6af6c90c07006cb4ff3d421083e83,,2026-08-25T14:44:19.015313+00:00,public_reuse_review,au_mbs,https://www.mbsonline.gov.au/internet/mbsonline/publishing.nsf/Content/515793D58E889BD0CA257CD100033990/$File/1974-MBS.pdf,,au_mbs_historical_0072
sha256:cacaae3678447a9f875cc76edefa50c86caa42baaa91c93ac7d3e445cb0018d7,admitted,18224826,event:d9020413beb24cdc3efd2b609307d66a2375b8752ed63030beb1bb86cc7419e6,rights_constrained_reference,pdf,B1 historical acquisition receipt; ignored cache path and transfer diagnostics omitted.,acquired,cacaae3678447a9f875cc76edefa50c86caa42baaa91c93ac7d3e445cb0018d7,,2026-08-25T14:44:19.015313+00:00,public_reuse_review,au_mbs,https://www.mbsonline.gov.au/internet/mbsonline/publishing.nsf/Content/90CB91EE0B6FB8A9CA2586140082584E/$File/201807-MBS.pdf,,au_mbs_historical_0225
sha256:ecf33377732459d1d089f8c64328def5d09ff7d9f45bc348fa4df71111fe0510,admitted,11869002,event:d95ea7470c4ff1952e4ea8786eaca6dcb6acf3d6415d1440db7225fe0467d141,rights_constrained_reference,pdf,B1 historical acquisition receipt; ignored cache path and transfer diagnostics omitted.,acquired,ecf33377732459d1d089f8c64328def5d09ff7d9f45bc348fa4df71111fe0510,,2026-08-25T14:44:19.015313+00:00,public_reuse_review,au_mbs,https://www.mbsonline.gov.au/internet/mbsonline/publishing.nsf/Content/8F3FA58ED97DCA35CA2584BE00111151/$File/202001-MBS%2017Jan2020.pdf,,au_mbs_historical_0214
sha256:804bc902fe21ce0e8452cf06a87a51431db31da65663139c9679e15fe636cac1,admitted,188978,event:da41e571c5cd0ea141b018f87049b9f60aafac66e0b00a128192701a028cd164,rights_constrained_reference,pdf,B1 historical acquisition receipt; ignored cache path and transfer diagnostics omitted.,acquired,804bc902fe21ce0e8452cf06a87a51431db31da65663139c9679e15fe636cac1,,2026-08-25T14:44:19.015313+00:00,public_reuse_review,au_mbs,https://www.mbsonline.gov.au/internet/mbsonline/publishing.nsf/Content/317ACF6351081DB5CA2585FF00086C40/$File/201111-Dental.pdf,,au_mbs_historical_0042
sha256:2ab0be791c44fe59cb7fc7ebc0b1782a284fb3cef2404786160c0b9485f477cc,admitted,151368,event:dae7575b8436e99f23304dc5eaa2cdc8bd610573db3750e16a93237305c9c3c1,rights_constrained_reference,zip,B1 historical acquisition receipt; ignored cache path and transfer diagnostics omitted.,acquired,2ab0be791c44fe59cb7fc7ebc0b1782a284fb3cef2404786160c0b9485f477cc,,2026-08-25T14:44:19.015313+00:00,public_reuse_review,au_mbs,https://www.mbsonline.gov.au/internet/mbsonline/publishing.nsf/Content/8F3FA58ED97DCA35CA2584BE00111151/$File/202001-Cat8%2017Jan2020.zip,,au_mbs_historical_0213
sha256:e2aa5f7cc9a1c642d483b5457e9f1086c650490d6dd47152e82eb54046866733,admitted,2385188,event:dbe2db7ad5202dea898cf855fd86d9473ffe4e105f26c9fe219da5f8e14f42a9,rights_constrained_reference,text/csv,B1 event projected from a reviewed source-bundle snapshot; local raw path omitted.,acquired,e2aa5f7cc9a1c642d483b5457e9f1086c650490d6dd47152e82eb54046866733,,2026-07-18T00:00:00+00:00,public_reuse_review,au_pbs,https://data.pbs.gov.au/document/91327.html,,au_pbs_api_v3_current_month
sha256:64e66eb7628982f506f933b70b06ad73a317c2b976da4fdda49b4cc47318ea1f,admitted,3265463,event:dd871d2016eb499e1fec0b9ac7d3f059916a9a1be8f4e0e556a6714e0ea794a6,rights_constrained_reference,pdf,B1 historical acquisition receipt; ignored cache path and transfer diagnostics omitted.,acquired,64e66eb7628982f506f933b70b06ad73a317c2b976da4fdda49b4cc47318ea1f,,2026-08-25T14:44:19.015313+00:00,public_reuse_review,au_mbs,https://www.mbsonline.gov.au/internet/mbsonline/publishing.nsf/Content/515793D58E889BD0CA257CD100033990/$File/2003-11-MBS.pdf,,au_mbs_historical_0129
sha256:ddb5f44e169b013bc37ffc1f171d5b98b109ae23181ca382c88a92a824ce901d,admitted,1287417,event:dd8a16937722a702d8f1074de70f557f9d08646e34ad0b1a38af1ae3ff5fcf48,rights_constrained_reference,pdf,B1 historical acquisition receipt; ignored cache path and transfer diagnostics omitted.,acquired,ddb5f44e169b013bc37ffc1f171d5b98b109ae23181ca382c88a92a824ce901d,,2026-08-25T14:44:19.015313+00:00,public_reuse_review,au_mbs,https://www.mbsonline.gov.au/internet/mbsonline/publishing.nsf/Content/DD4BF54A34D823FDCA25881700139AD5/$File/202207-Cat2d.pdf,,au_mbs_historical_0286
sha256:73c890ea9318bc735e5261b38e2b230512ddb3279a0156337a9c30e483778bad,admitted,27888,event:dfb24f406734451a6d53b83fc979a3b40db298174e1298c420c5d4ef2f591fa7,rights_constrained_reference,pdf,B1 historical acquisition receipt; ignored cache path and transfer diagnostics omitted.,acquired,73c890ea9318bc735e5261b38e2b230512ddb3279a0156337a9c30e483778bad,,2026-08-25T14:44:19.015313+00:00,public_reuse_review,au_mbs,https://www.mbsonline.gov.au/internet/mbsonline/publishing.nsf/Content/515793D58E889BD0CA257CD100033990/$File/201007-Summary.pdf,,au_mbs_historical_0172
sha256:28c0a49d0f19cf885cadd836f98f63961bb1cb115bf92bd6247db522e99733fd,admitted,1936259,event:dffee4c5b6133e7043ad593be6ac557851cbd4ba22c679f0a71417108b350d4b,rights_constrained_reference,pdf,B1 historical acquisition receipt; ignored cache path and transfer diagnostics omitted.,acquired,28c0a49d0f19cf885cadd836f98f63961bb1cb115bf92bd6247db522e99733fd,,2026-08-25T14:44:19.015313+00:00,public_reuse_review,au_mbs,https://www.mbsonline.gov.au/internet/mbsonline/publishing.nsf/Content/8F3FA58ED97DCA35CA2584BE00111151/$File/202001-Cat8%2017Jan2020.pdf,,au_mbs_historical_0212
sha256:b2b31bb47c261177f6168fbb2ca98d9fbdc879a92645b8c6c6bfdccc107a11f2,admitted,158881,event:dfff9d8e7dd3d7ba3a9ae0205f6e7fb432e37a79e3d0d4eb047b2997f3e8bf4a,rights_constrained_reference,zip,B1 historical acquisition receipt; ignored cache path and transfer diagnostics omitted.,acquired,b2b31bb47c261177f6168fbb2ca98d9fbdc879a92645b8c6c6bfdccc107a11f2,,2026-08-25T14:44:19.015313+00:00,public_reuse_review,au_mbs,https://www.mbsonline.gov.au/internet/mbsonline/publishing.nsf/Content/293EEBA9AB153C56CA2584EB001547AF/$File/202003-Cat6.zip,,au_mbs_historical_0026
sha256:2c973a08876674cff58455fcebcf6ccb143b47fceb6c986091fc0ec7b3f91239,admitted,5298348,event:e1521f40d017f33ee6971fb7dedc7e25b9bb3fbb5fbbd3953fe9914e46bbc682,rights_constrained_reference,pdf,B1 historical acquisition receipt; ignored cache path and transfer diagnostics omitted.,acquired,2c973a08876674cff58455fcebcf6ccb143b47fceb6c986091fc0ec7b3f91239,,2026-08-25T14:44:19.015313+00:00,public_reuse_review,au_mbs,https://www.mbsonline.gov.au/internet/mbsonline/publishing.nsf/Content/94D54B959677561ECA2585FF000015E3/$File/201301-MBS.pdf,,au_mbs_historical_0229
sha256:ff454d266a5537ac663bf5f20a934ad35822691f96474618f9f9920144f139e8,admitted,82020,event:e4993e0ed2062d73bf7a4bd13bfcfa107dcc6a6da8884a8a08e524f6c9dcfbbc,rights_constrained_reference,zip,B1 historical acquisition receipt; ignored cache path and transfer diagnostics omitted.,acquired,ff454d266a5537ac663bf5f20a934ad35822691f96474618f9f9920144f139e8,,2026-08-25T14:44:19.015313+00:00,public_reuse_review,au_mbs,https://www.mbsonline.gov.au/internet/mbsonline/publishing.nsf/Content/293EEBA9AB153C56CA2584EB001547AF/$File/202003-Cat2.zip,,au_mbs_historical_0019
sha256:86304e22cf1c24d95c0b855000df7e22ee53eaf61d3dbe5bd9ed329c1b36f5b6,admitted,899076,event:e4db0cd389958762d656da56547d84fa96631434108162cff73a1e132c9f3f56,rights_constrained_reference,pdf,B1 historical acquisition receipt; ignored cache path and transfer diagnostics omitted.,acquired,86304e22cf1c24d95c0b855000df7e22ee53eaf61d3dbe5bd9ed329c1b36f5b6,,2026-08-25T14:44:19.015313+00:00,public_reuse_review,au_mbs,https://www.mbsonline.gov.au/internet/mbsonline/publishing.nsf/Content/293EEBA9AB153C56CA2584EB001547AF/$File/202003-Cat4.pdf,,au_mbs_historical_0022
sha256:9b4ff824c0302302438ec55fc8151f1f62623a2ebc3e5461fd3772c9707482c0,admitted,38820309,event:e549310b8a1d0d0ef7bbbb7a0d4da4fd590d47b173da51f21c20b27013be3b83,rights_constrained_reference,pdf,B1 historical acquisition receipt; ignored cache path and transfer diagnostics omitted.,acquired,9b4ff824c0302302438ec55fc8151f1f62623a2ebc3e5461fd3772c9707482c0,,2026-08-25T14:44:19.015313+00:00,public_reuse_review,au_mbs,https://www.mbsonline.gov.au/internet/mbsonline/publishing.nsf/Content/515793D58E889BD0CA257CD100033990/$File/1980-MBS.pdf,,au_mbs_historical_0077
sha256:455775c46beeeec60169edf8dc71360f544e57a3e176d409159009d2bd85f40d,admitted,3856801,event:e683ffbb307be00935af59a89a85304da96479b7843bcbfce3ed5fc62b2c3ec8,rights_constrained_reference,pdf,B1 historical acquisition receipt; ignored cache path and transfer diagnostics omitted.,acquired,455775c46beeeec60169edf8dc71360f544e57a3e176d409159009d2bd85f40d,,2026-08-25T14:44:19.015313+00:00,public_reuse_review,au_mbs,https://www.mbsonline.gov.au/internet/mbsonline/publishing.nsf/Content/515793D58E889BD0CA257CD100033990/$File/201005-MBS.pdf,,au_mbs_historical_0169
sha256:b71418e0663b958d74c68ef22e561cdcd0a16486a7f0fc96c840d0f39243c3a5,admitted,2629097,event:e6d5ceae38ecb569c8daad8e4ce000a8a9188f068b1eb74b16ae312e01d47ab3,rights_constrained_reference,pdf,B1 historical acquisition receipt; ignored cache path and transfer diagnostics omitted.,acquired,b71418e0663b958d74c68ef22e561cdcd0a16486a7f0fc96c840d0f39243c3a5,,2026-08-25T14:44:19.015313+00:00,public_reuse_review,au_mbs,https://www.mbsonline.gov.au/internet/mbsonline/publishing.nsf/Content/515793D58E889BD0CA257CD100033990/$File/2005-11-MBS.pdf,,au_mbs_historical_0138
sha256:07ea7e7767619acea74dc6d82bfdbac8f5cd340130cd1811612d3ea340db413f,admitted,349707,event:e75ea568a6d7f67bc7addc92f37af4d9b69732409728a1517291cc38fb621731,rights_constrained_reference,pdf,B1 historical acquisition receipt; ignored cache path and transfer diagnostics omitted.,acquired,07ea7e7767619acea74dc6d82bfdbac8f5cd340130cd1811612d3ea340db413f,,2026-08-25T14:44:19.015313+00:00,public_reuse_review,au_mbs,https://www.mbsonline.gov.au/internet/mbsonline/publishing.nsf/Content/515793D58E889BD0CA257CD100033990/$File/2005-11-Optom.pdf,,au_mbs_historical_0139
sha256:a9d65a3fef600b11638243b17ac8d9b9ac13d2fa9b6126e4b536f9c0dceb0cbe,admitted,955001,event:e9de4c21baa5bc40e23f391868bc8b3e70acdda1461ee9453e78e8ad05228ed2,rights_constrained_reference,pdf,B1 historical acquisition receipt; ignored cache path and transfer diagnostics omitted.,acquired,a9d65a3fef600b11638243b17ac8d9b9ac13d2fa9b6126e4b536f9c0dceb0cbe,,2026-08-25T14:44:19.015313+00:00,public_reuse_review,au_mbs,https://www.mbsonline.gov.au/internet/mbsonline/publishing.nsf/Content/515793D58E889BD0CA257CD100033990/$File/2006-05-MBS.pdf,,au_mbs_historical_0140
sha256:9e9cc1cc3679693a6a2765a6048d6ab058a179b181e1f5b805e366a9b47daed7,admitted,27554,event:eaac3374c5d24e239baecf64b92d8b4a5137a12e777ea8ea7d310970b0c9084f,rights_constrained_reference,txt,B1 historical acquisition receipt; ignored cache path and transfer diagnostics omitted.,acquired,9e9cc1cc3679693a6a2765a6048d6ab058a179b181e1f5b805e366a9b47daed7,,2026-08-25T14:44:19.015313+00:00,public_reuse_review,au_mbs,https://www.mbsonline.gov.au/internet/mbsonline/publishing.nsf/Content/B013E0789A07D708CA258B030013670A/$File/RVG%20file%2020240701.txt,,au_mbs_historical_0269
sha256:112b94c3f445d1881c2a0fd26de727e95658627266f79610e34e71736337997a,admitted,18332287,event:eab7ef79547f9d3aa9fd7f49125b6c0ae84bec7440d6e7af535063c4f6788fae,rights_constrained_reference,pdf,B1 historical acquisition receipt; ignored cache path and transfer diagnostics omitted.,acquired,112b94c3f445d1881c2a0fd26de727e95658627266f79610e34e71736337997a,,2026-08-25T14:44:19.015313+00:00,public_reuse_review,au_mbs,https://www.mbsonline.gov.au/internet/mbsonline/publishing.nsf/Content/F540E955EFE9BFD5CA25861500000C28/$File/201902-MBS.pdf,,au_mbs_historical_0321
sha256:9fb340433d84932c17db84ddc57ecc6f02b511107b8589907633b5218d7ae1c6,admitted,1667827,event:eb6f5373177858ed8791542b8da87c442cd839a9ac5fc3e337ae3042f438bc68,rights_constrained_reference,pdf,B1 historical acquisition receipt; ignored cache path and transfer diagnostics omitted.,acquired,9fb340433d84932c17db84ddc57ecc6f02b511107b8589907633b5218d7ae1c6,,2026-08-25T14:44:19.015313+00:00,public_reuse_review,au_mbs,https://www.mbsonline.gov.au/internet/mbsonline/publishing.nsf/Content/8F3FA58ED97DCA35CA2584BE00111151/$File/202001-Cat6%2010Jan2020.pdf,,au_mbs_historical_0208
sha256:f2ea5c5ba1c0650b0bb7495d34977825579d4cc0d0af1bb049184ab37082b58d,admitted,2311095,event:eb9c351920f7485958f5ef802b6aca29412c6ea1092875005e0852978f2f6459,rights_constrained_reference,pdf,B1 historical acquisition receipt; ignored cache path and transfer diagnostics omitted.,acquired,f2ea5c5ba1c0650b0bb7495d34977825579d4cc0d0af1bb049184ab37082b58d,,2026-08-25T14:44:19.015313+00:00,public_reuse_review,au_mbs,https://www.mbsonline.gov.au/internet/mbsonline/publishing.nsf/Content/5DCECCA2E8B2062CCA2586F100070995/$File/202007-Cat8.pdf,,au_mbs_historical_0183
sha256:e6d2c66d646f0d9d66af18cd8bb0fed72f3c23f693d5d4a5af66391657e38587,admitted,16919876,event:eba9427b4d6aab02bd434038ad23699d81ba30c7699dbc407be86cc8a77f6215,rights_constrained_reference,pdf,B1 historical acquisition receipt; ignored cache path and transfer diagnostics omitted.,acquired,e6d2c66d646f0d9d66af18cd8bb0fed72f3c23f693d5d4a5af66391657e38587,,2026-08-25T14:44:19.015313+00:00,public_reuse_review,au_mbs,https://www.mbsonline.gov.au/internet/mbsonline/publishing.nsf/Content/70CAF134CEE45219CA258614007874F8/$File/201605-MBS.pdf,,au_mbs_historical_0192
sha256:6bae66c64df74086159a1a828cb0de3a0e2d7cfa2a10f2af9c2f0159ce82fc76,admitted,5489919,event:ebf58e6c1f634638991c19f8d59550fd7fcc4d812c5fede4cbc94c7b11c6383a,rights_constrained_reference,pdf,B1 historical acquisition receipt; ignored cache path and transfer diagnostics omitted.,acquired,6bae66c64df74086159a1a828cb0de3a0e2d7cfa2a10f2af9c2f0159ce82fc76,,2026-08-25T14:44:19.015313+00:00,public_reuse_review,au_mbs,https://www.mbsonline.gov.au/internet/mbsonline/publishing.nsf/Content/515793D58E889BD0CA257CD100033990/$File/200811Complete.pdf,,au_mbs_historical_0155
sha256:4fafc0c915ad47d5615c24199414f8485dd2601f8b3d360f67b81900f8dfc3b8,admitted,109513738,event:ec1e3b28930e8bba20f0d7f6a706feeb37cf633984c70af22d2eb3b38116ab2d,rights_constrained_reference,pdf,B1 historical acquisition receipt; ignored cache path and transfer diagnostics omitted.,acquired,4fafc0c915ad47d5615c24199414f8485dd2601f8b3d360f67b81900f8dfc3b8,,2026-08-25T14:44:19.015313+00:00,public_reuse_review,au_mbs,https://www.mbsonline.gov.au/internet/mbsonline/publishing.nsf/Content/515793D58E889BD0CA257CD100033990/$File/1979-MBS.pdf,,au_mbs_historical_0076
sha256:d1df736a8340dc3204fbeabcdb9a8b394449aef8ccaf28fb55cd3878f76e1856,admitted,25471494,event:ec8ae64b35de1e23336394816d17fb2513638d672d1f70ce4d8fb0bc6229aff6,rights_constrained_reference,pdf,B1 historical acquisition receipt; ignored cache path and transfer diagnostics omitted.,acquired,d1df736a8340dc3204fbeabcdb9a8b394449aef8ccaf28fb55cd3878f76e1856,,2026-08-25T14:44:19.015313+00:00,public_reuse_review,au_mbs,https://www.mbsonline.gov.au/internet/mbsonline/publishing.nsf/Content/515793D58E889BD0CA257CD100033990/$File/1999-11-MBS.pdf,,au_mbs_historical_0116
sha256:bcd81727dba45095787a4616b401255477d460e18955cc89d4adbc5a7cbeb686,admitted,5182681,event:ecb384956b99710f7d106fff9528d0a090b809598813e676dd87644441d34855,rights_constrained_reference,pdf,B1 historical acquisition receipt; ignored cache path and transfer diagnostics omitted.,acquired,bcd81727dba45095787a4616b401255477d460e18955cc89d4adbc5a7cbeb686,,2026-08-25T14:44:19.015313+00:00,public_reuse_review,au_mbs,https://www.mbsonline.gov.au/internet/mbsonline/publishing.nsf/Content/B013E0789A07D708CA258B030013670A/$File/PDF%20Version%20-%201%20July%202024%20Category%203%20-%20Therapeutic%20Procedures.pdf,,au_mbs_historical_0262
sha256:9df58e80c29524c82632d9cceaec22abf8cf41746e1fea2b10dafbd07e3ce7de,admitted,428630,event:edf10523cc48733967cb8d0e78fd9ca964cb0a08625f5408e3fd67f327924613,rights_constrained_reference,zip,B1 historical acquisition receipt; ignored cache path and transfer diagnostics omitted.,acquired,9df58e80c29524c82632d9cceaec22abf8cf41746e1fea2b10dafbd07e3ce7de,,2026-08-25T14:44:19.015313+00:00,public_reuse_review,au_mbs,https://www.mbsonline.gov.au/internet/mbsonline/publishing.nsf/Content/8F3FA58ED97DCA35CA2584BE00111151/$File/202001-XML%2017Jan2020.zip,,au_mbs_historical_0216
sha256:06c3361624709190f83391208842bbbcb8cf8b76796f79ec6d5633840aaf7f2d,admitted,1132894,event:ee1dc5fd7873e385f5ce9f7599e3f1cdcc54a33b6526bf50b3b5694bfc2f11c9,rights_constrained_reference,pdf,B1 historical acquisition receipt; ignored cache path and transfer diagnostics omitted.,acquired,06c3361624709190f83391208842bbbcb8cf8b76796f79ec6d5633840aaf7f2d,,2026-08-25T14:44:19.015313+00:00,public_reuse_review,au_mbs,https://www.mbsonline.gov.au/internet/mbsonline/publishing.nsf/Content/515793D58E889BD0CA257CD100033990/$File/1994-05-MBS.pdf,,au_mbs_historical_0097
sha256:1bd0e95f100c015f39ee8ef8ab006998a1f63f347b52bcd2aec32c7efb1f9223,admitted,5012331,event:ee362f76fb648085d6185484cbc9aa229c699e39e9129af44ab88951bd79e13e,rights_constrained_reference,text/csv,B1 event projected from a reviewed source-bundle snapshot; local raw path omitted.,acquired,1bd0e95f100c015f39ee8ef8ab006998a1f63f347b52bcd2aec32c7efb1f9223,,2026-07-18T00:00:00+00:00,public_reuse_review,au_pbs,https://data.pbs.gov.au/document/91327.html,,au_pbs_api_v3_current_month
sha256:37d6bd3fdcb46915f341604cd2dd83e86e7866ef6a1792c35527c8caeb4d0e28,admitted,626519,event:ee531b1d2014f16e97022ce8ff4f04175d3954cbe387ad60a60dc7ae4d6babc7,rights_constrained_reference,pdf,B1 historical acquisition receipt; ignored cache path and transfer diagnostics omitted.,acquired,37d6bd3fdcb46915f341604cd2dd83e86e7866ef6a1792c35527c8caeb4d0e28,,2026-08-25T14:44:19.015313+00:00,public_reuse_review,au_mbs,https://www.mbsonline.gov.au/internet/mbsonline/publishing.nsf/Content/515793D58E889BD0CA257CD100033990/$File/2003-11-CLACP.pdf,,au_mbs_historical_0128
sha256:ee58ee8b1abd6cd3937f51b82f6c9fe825d18d2af874347887f91b4dac6d6b72,rejected,,event:ee58ee8b1abd6cd3937f51b82f6c9fe825d18d2af874347887f91b4dac6d6b72,none,txt,B1 historical acquisition receipt; ignored cache path and transfer diagnostics omitted.,failed,,,2026-08-25T14:44:19.015313+00:00,public_reuse_review,au_mbs,https://www.mbsonline.gov.au/internet/mbsonline/publishing.nsf/650f3eec0dfb990fca25692100069854/1bc94358d4f276d3ca257ccf0000aa73/$FILE/20260701_MBSONLINE_DESC.TXT,,au_mbs_historical_0004
sha256:68b5974ad07d253aa4fa17e6f149ba7043420a1ccefe9ff23704305f643be014,admitted,4321794,event:ee8cbf2f2268d569afd2cec643cf54fffcab17a8677e95146d8870fd5ed2a4f4,rights_constrained_reference,pdf,B1 historical acquisition receipt; ignored cache path and transfer diagnostics omitted.,acquired,68b5974ad07d253aa4fa17e6f149ba7043420a1ccefe9ff23704305f643be014,,2026-08-25T14:44:19.015313+00:00,public_reuse_review,au_mbs,https://www.mbsonline.gov.au/internet/mbsonline/publishing.nsf/Content/4EFCF78281A91736CA258654001138AF/$File/202103-cat1.pdf,,au_mbs_historical_0062
sha256:6001c27b75a1a6c27e65e1f3616e311abad06c0635b0068c11909eb5c1d49d79,admitted,604351,event:f04f56ac8dcb646097cc59fc913481272f5ea1aba81e09905540f0c4afd5171c,rights_constrained_reference,pdf,B1 historical acquisition receipt; ignored cache path and transfer diagnostics omitted.,acquired,6001c27b75a1a6c27e65e1f3616e311abad06c0635b0068c11909eb5c1d49d79,,2026-08-25T14:44:19.015313+00:00,public_reuse_review,au_mbs,https://www.mbsonline.gov.au/internet/mbsonline/publishing.nsf/Content/317ACF6351081DB5CA2585FF00086C40/$File/201107-Allied.pdf,,au_mbs_historical_0036
sha256:07563bbba8bad0a8e5b51cf383edcf21f347b8dd3880757df6e19ef0ee3eb5b6,admitted,135983,event:f0910426c3164f9c3b6d7ff183bb7b713c44409016f016cfa1458304b4844ac9,rights_constrained_reference,csv,B1 historical acquisition receipt; ignored cache path and transfer diagnostics omitted.,acquired,07563bbba8bad0a8e5b51cf383edcf21f347b8dd3880757df6e19ef0ee3eb5b6,,2026-08-25T14:44:19.015313+00:00,public_reuse_review,au_mbs,https://www.mbsonline.gov.au/internet/mbsonline/publishing.nsf/650f3eec0dfb990fca25692100069854/d4bd04ca56657072ca258df70023b066/$FILE/54354662.csv/Health%20Insurance%20Regulations%202018%20-%20Basic%20Service%20Description%20for%20Assignment%20of%20Medicare%20Benefits.csv,,au_mbs_historical_0008
sha256:b28223f47297b37b622eab5ecb50f63bfa0022e1c1557194f1a33271d832afbc,admitted,78939,event:f1474530c4b4ede94de7e736f902b4bdd51e6b9e5274c5e5cb5fc675c873610a,rights_constrained_reference,pdf,B1 historical acquisition receipt; ignored cache path and transfer diagnostics omitted.,acquired,b28223f47297b37b622eab5ecb50f63bfa0022e1c1557194f1a33271d832afbc,,2026-08-25T14:44:19.015313+00:00,public_reuse_review,au_mbs,https://www.mbsonline.gov.au/internet/mbsonline/publishing.nsf/Content/515793D58E889BD0CA257CD100033990/$File/200805.pdf,,au_mbs_historical_0152
sha256:f18a299dd5e195a86e503a4594ce90617f0dcadfb1e05423beae1efe83fc0697,pending,,event:f18a299dd5e195a86e503a4594ce90617f0dcadfb1e05423beae1efe83fc0697,none,HTML metadata,B1 event projected from checksum-bound source validation; raw path omitted.,blocked,,,1970-01-01T00:00:00Z,metadata_only,au_mbs,https://www.mbsonline.gov.au/internet/mbsonline/publishing.nsf/Content/MBSOnline-2010,,au_mbs_2010_2019_downloads_page
sha256:8911fcdf48645c1ef43c1dd5e680dae287f43b5a6a81e374a51a1ba67d20b75a,admitted,1586627,event:f365e286d7afc87ca006aa60d9d83c50b00de5cda235b4b9bc8996d853443a16,rights_constrained_reference,pdf,B1 historical acquisition receipt; ignored cache path and transfer diagnostics omitted.,acquired,8911fcdf48645c1ef43c1dd5e680dae287f43b5a6a81e374a51a1ba67d20b75a,,2026-08-25T14:44:19.015313+00:00,public_reuse_review,au_mbs,https://www.mbsonline.gov.au/internet/mbsonline/publishing.nsf/Content/FBE6CC5B217AC8DACA25859E0016F5A3/$File/202107-cat5f(2).pdf,,au_mbs_historical_0334
sha256:bc8441576fef11516180473f995ac3ad0e2fa851f2855544ee2d5737d63ab807,admitted,5446757,event:f3940fbcfb7a99368d229a27721742965ca111ae71bdb5163b35f8e88bfddead,rights_constrained_reference,pdf,B1 historical acquisition receipt; ignored cache path and transfer diagnostics omitted.,acquired,bc8441576fef11516180473f995ac3ad0e2fa851f2855544ee2d5737d63ab807,,2026-08-25T14:44:19.015313+00:00,public_reuse_review,au_mbs,https://www.mbsonline.gov.au/internet/mbsonline/publishing.nsf/Content/FBE6CC5B217AC8DACA25859E0016F5A3/$File/202107-cat3z.pdf,,au_mbs_historical_0332
sha256:42c410fdd89df05cb88002e6ce424c7feeda21469ff3898a92bdb1618e99b89e,admitted,5219075,event:f3f7b08e5e5106aebd7c7ea82ecded5a76346bab93ed048224bef7956643cff3,rights_constrained_reference,pdf,B1 historical acquisition receipt; ignored cache path and transfer diagnostics omitted.,acquired,42c410fdd89df05cb88002e6ce424c7feeda21469ff3898a92bdb1618e99b89e,,2026-08-25T14:44:19.015313+00:00,public_reuse_review,au_mbs,https://www.mbsonline.gov.au/internet/mbsonline/publishing.nsf/Content/E137A6BDE8494881CA2585FF000A72FF/$File/201212-MBS.pdf,,au_mbs_historical_0316
sha256:f417afca6a3019b936f6fde515de9781c106107cb4c8fc542e4dcc5a71dbb6a7,pending,,event:f417afca6a3019b936f6fde515de9781c106107cb4c8fc542e4dcc5a71dbb6a7,none,API guidance and catalogue metadata,B1 event projected from checksum-bound source validation; raw path omitted.,blocked,,,1970-01-01T00:00:00Z,public_reuse_review,au_pbs,https://data.pbs.gov.au/api/pbs-api.html,,au_pbs_api_v3_current_month
sha256:c4cd9806a0d555253c54d65746c3c0ae6f05740b03bdb4a5ca41ea798f4d1038,admitted,463944,event:f4bbd0749c7d844e972497528a9eb95ac4a0a07328b09071e9e076b3fa429707,rights_constrained_reference,pdf,B1 historical acquisition receipt; ignored cache path and transfer diagnostics omitted.,acquired,c4cd9806a0d555253c54d65746c3c0ae6f05740b03bdb4a5ca41ea798f4d1038,,2026-08-25T14:44:19.015313+00:00,public_reuse_review,au_mbs,https://www.mbsonline.gov.au/internet/mbsonline/publishing.nsf/Content/4C767FC45843CB02CA25898500825ACA/$File/PDF%20version%20of%20the%20July%202023%20Category%207%20-%20Cleft%20Lip%20and%20Cleft%20Palate%20Services.pdf,,au_mbs_historical_0059
sha256:e49c8fec2626edfcf95ab964c5932767e417395ac6035c99b3e6d1d97bf9e2a0,admitted,12465689,event:f549bb321623e701afd90c1b309e624fb1b11d63fecffda4f4ba94f1089c45ec,rights_constrained_reference,pdf,B1 historical acquisition receipt; ignored cache path and transfer diagnostics omitted.,acquired,e49c8fec2626edfcf95ab964c5932767e417395ac6035c99b3e6d1d97bf9e2a0,,2026-08-25T14:44:19.015313+00:00,public_reuse_review,au_mbs,https://www.mbsonline.gov.au/internet/mbsonline/publishing.nsf/Content/4C767FC45843CB02CA25898500825ACA/$File/PDF%20version%20of%20the%201%20July%202023%20Complete%20MBS.pdf,,au_mbs_historical_0052
sha256:1e7904f12be213d84129265e80b63af8b801fc1cbfdcca93449f85ce3ab7b91b,admitted,2226790,event:f5ca98532cfcc0f760cbd8e101bf3d432f6ea90089817bfd98f28fc11a990563,rights_constrained_reference,pdf,B1 historical acquisition receipt; ignored cache path and transfer diagnostics omitted.,acquired,1e7904f12be213d84129265e80b63af8b801fc1cbfdcca93449f85ce3ab7b91b,,2026-08-25T14:44:19.015313+00:00,public_reuse_review,au_mbs,https://www.mbsonline.gov.au/internet/mbsonline/publishing.nsf/Content/4EFCF78281A91736CA258654001138AF/$File/202103-cat5.pdf,,au_mbs_historical_0066
sha256:efe504ef33bfd11c48069dc6f14ac55b29df456c6d33001b03013dda61fd4872,admitted,11319653,event:f5e30914ada368b0df555d17ef99601520d31aa844978b75eb87729aa7e7db18,rights_constrained_reference,pdf,B1 historical acquisition receipt; ignored cache path and transfer diagnostics omitted.,acquired,efe504ef33bfd11c48069dc6f14ac55b29df456c6d33001b03013dda61fd4872,,2026-08-25T14:44:19.015313+00:00,public_reuse_review,au_mbs,https://www.mbsonline.gov.au/internet/mbsonline/publishing.nsf/650f3eec0dfb990fca25692100069854/928fae91a23256aaca258d0d0007eede/$FILE/MBS%20Book%201%20November%202025.pdf,,au_mbs_historical_0007
sha256:676a37a32fd870bb001a90c92f65eb885c5611467efe0edfb7bc279a09997077,admitted,171258,event:f6ea25276a9ef63f988740d152f78614ac07324629a810854b46ee8d5ff1e897,rights_constrained_reference,pdf,B1 historical acquisition receipt; ignored cache path and transfer diagnostics omitted.,acquired,676a37a32fd870bb001a90c92f65eb885c5611467efe0edfb7bc279a09997077,,2026-08-25T14:44:19.015313+00:00,public_reuse_review,au_mbs,https://www.mbsonline.gov.au/internet/mbsonline/publishing.nsf/Content/515793D58E889BD0CA257CD100033990/$File/200902-Summary.pdf,,au_mbs_historical_0158
sha256:1656f7f353e81235ab22feff01ffb68a261a39de9be66483cf7b154da337098c,admitted,355778,event:fa0eb4d3375b529061d7ecb87d537ac3c7068fee0694d00b5877c505292c7086,rights_constrained_reference,pdf,B1 historical acquisition receipt; ignored cache path and transfer diagnostics omitted.,acquired,1656f7f353e81235ab22feff01ffb68a261a39de9be66483cf7b154da337098c,,2026-08-25T14:44:19.015313+00:00,public_reuse_review,au_mbs,https://www.mbsonline.gov.au/internet/mbsonline/publishing.nsf/Content/B900536D4B582E61CA2585FF0006926F/$File/201312-Optom.PDF,,au_mbs_historical_0270
sha256:89318ecd4e1c6d3c714f5a52e84de59db15ee62bdd7f8eafa7a6f1e80f6a32ca,admitted,404508,event:fa72bcd977a01600aded2bef1a10f2266aafc2f779f7890f329e8534c1c21934,rights_constrained_reference,pdf,B1 historical acquisition receipt; ignored cache path and transfer diagnostics omitted.,acquired,89318ecd4e1c6d3c714f5a52e84de59db15ee62bdd7f8eafa7a6f1e80f6a32ca,,2026-08-25T14:44:19.015313+00:00,public_reuse_review,au_mbs,https://www.mbsonline.gov.au/internet/mbsonline/publishing.nsf/Content/E137A6BDE8494881CA2585FF000A72FF/$File/201205-Allied.pdf,,au_mbs_historical_0303
sha256:59fecc0b8070b60b99ea6f155631514c5ea9f1ff5fe5fb5c26f358c4823af0d0,admitted,4773598,event:fac9fd967dec748b48dbc29ee5f9aab0df0f1e10f62a8c2a5f96ceb9b93c67b2,rights_constrained_reference,pdf,B1 historical acquisition receipt; ignored cache path and transfer diagnostics omitted.,acquired,59fecc0b8070b60b99ea6f155631514c5ea9f1ff5fe5fb5c26f358c4823af0d0,,2026-08-25T14:44:19.015313+00:00,public_reuse_review,au_mbs,https://www.mbsonline.gov.au/internet/mbsonline/publishing.nsf/Content/8F3FA58ED97DCA35CA2584BE00111151/$File/202001-Cat3%2018Dec2019.pdf,,au_mbs_historical_0202
sha256:7480489e0445f899140124f2ac5bb1818bf9736c73928ca92bf173feedb51e1b,admitted,4916615,event:fae1fce2739eae7ef322c5b8ed3e53837a3e7db967252bfbd9a49504f500735b,rights_constrained_reference,pdf,B1 historical acquisition receipt; ignored cache path and transfer diagnostics omitted.,acquired,7480489e0445f899140124f2ac5bb1818bf9736c73928ca92bf173feedb51e1b,,2026-08-25T14:44:19.015313+00:00,public_reuse_review,au_mbs,https://www.mbsonline.gov.au/internet/mbsonline/publishing.nsf/Content/317ACF6351081DB5CA2585FF00086C40/$File/201101-MBS2.pdf,,au_mbs_historical_0032
sha256:dbf1fc22899daa2c5fb1516d70b8b5993675030606e66734a3c8e19fd0fb1f2f,admitted,1315048,event:fc9dadd78fb47fa59c725b93764df309835d8f1e851ef22744c31f53ef01a40d,rights_constrained_reference,pdf,B1 historical acquisition receipt; ignored cache path and transfer diagnostics omitted.,acquired,dbf1fc22899daa2c5fb1516d70b8b5993675030606e66734a3c8e19fd0fb1f2f,,2026-08-25T14:44:19.015313+00:00,public_reuse_review,au_mbs,https://www.mbsonline.gov.au/internet/mbsonline/publishing.nsf/Content/515793D58E889BD0CA257CD100033990/$File/1995-07-MBS.pdf,,au_mbs_historical_0099
sha256:4dda3b83bb67af5f8349a5fd455a4c54b8290921cffecc362163cd00f27439a5,admitted,30506659,event:fcd94ce8caa82f8d099962d5fa0276cd190e8cebd7b63fd7ab5ff32fb15e23cf,rights_constrained_reference,text/plain,B1 event projected from a reviewed source-bundle snapshot; local raw path omitted.,acquired,4dda3b83bb67af5f8349a5fd455a4c54b8290921cffecc362163cd00f27439a5,,2026-07-23T02:23:26.646730+00:00,public_reuse_review,rxnorm,https://download.nlm.nih.gov/rxnorm/RxNorm_full_prescribe_07062026.zip,,rxnorm_cpc_20260706
sha256:a5744e159f199eced677843bccb354fc68faba0765580397cf592d908c35a7c8,admitted,16698937,event:fd33947eed0c07d10e737965ee5822575a5c95dce8472c8a3daac823417f1eef,rights_constrained_reference,pdf,B1 historical acquisition receipt; ignored cache path and transfer diagnostics omitted.,acquired,a5744e159f199eced677843bccb354fc68faba0765580397cf592d908c35a7c8,,2026-08-25T14:44:19.015313+00:00,public_reuse_review,au_mbs,https://www.mbsonline.gov.au/internet/mbsonline/publishing.nsf/Content/40901A5DCA1CD593CA258614007F45C1/$File/201709-MBS.pdf,,au_mbs_historical_0048
sha256:bd0224615f1a19d03f9e8282f539ed3553d8fde9d4b746ee1adf9a0502ca025b,admitted,433418,event:fd43436622773b179cea336a111139257cf6570c53039a2b13daccb2f39101b0,rights_constrained_reference,pdf,B1 historical acquisition receipt; ignored cache path and transfer diagnostics omitted.,acquired,bd0224615f1a19d03f9e8282f539ed3553d8fde9d4b746ee1adf9a0502ca025b,,2026-08-25T14:44:19.015313+00:00,public_reuse_review,au_mbs,https://www.mbsonline.gov.au/internet/mbsonline/publishing.nsf/Content/FBE6CC5B217AC8DACA25859E0016F5A3/$File/202107-cat7f.pdf,,au_mbs_historical_0336
sha256:6a76b1db37a285b4102512f0596212157736769f4232d408146e1102e57157bb,admitted,11884339,event:fda277898b4053c8278487eed1e6e2fcfe8c92913288b77c97a75888af0bd880,rights_constrained_reference,pdf,B1 historical acquisition receipt; ignored cache path and transfer diagnostics omitted.,acquired,6a76b1db37a285b4102512f0596212157736769f4232d408146e1102e57157bb,,2026-08-25T14:44:19.015313+00:00,public_reuse_review,au_mbs,https://www.mbsonline.gov.au/internet/mbsonline/publishing.nsf/Content/5DCECCA2E8B2062CCA2586F100070995/$File/July20_Complete%20MBS.pdf,,au_mbs_historical_0185
sha256:3a49bc7cfb4554060b2e9b0079c2293abc8d1d071a2de3cd3bf9c2c6061d4f8f,admitted,189250,event:fdb8793b8f9e3cfda6657a98cf618ce70b6fb64fb61a5efd7886dab66d830038,rights_constrained_reference,pdf,B1 historical acquisition receipt; ignored cache path and transfer diagnostics omitted.,acquired,3a49bc7cfb4554060b2e9b0079c2293abc8d1d071a2de3cd3bf9c2c6061d4f8f,,2026-08-25T14:44:19.015313+00:00,public_reuse_review,au_mbs,https://www.mbsonline.gov.au/internet/mbsonline/publishing.nsf/Content/515793D58E889BD0CA257CD100033990/$File/201011-Dental.pdf,,au_mbs_historical_0174
sha256:affab4dd6faf8c6120599b1554d9a57e5f4f32e988c0ce44166d0939b83a647f,admitted,4482713,event:fe738e6c1d09d89e6bd4c69cc0524fa3078ecf9a7f2397a9b70fbcdd1d5a6227,rights_constrained_reference,txt,B1 historical acquisition receipt; ignored cache path and transfer diagnostics omitted.,acquired,affab4dd6faf8c6120599b1554d9a57e5f4f32e988c0ce44166d0939b83a647f,,2026-08-25T14:44:19.015313+00:00,public_reuse_review,au_mbs,https://www.mbsonline.gov.au/internet/mbsonline/publishing.nsf/Content/8F3FA58ED97DCA35CA2584BE00111151/$File/202001_MBSONLINE_DESC%2017Jan2020.TXT,,au_mbs_historical_0217
sha256:e662bce2f16a85191240cdbcae960d884f178c5f6b3a9feb025a6e9251340d40,admitted,950357,event:feb342c72c3e17ebbe6ac7839fbc6448d3bb7f0f9a2d34dbcbc8157d6cc0a21c,rights_constrained_reference,pdf,B1 historical acquisition receipt; ignored cache path and transfer diagnostics omitted.,acquired,e662bce2f16a85191240cdbcae960d884f178c5f6b3a9feb025a6e9251340d40,,2026-08-25T14:44:19.015313+00:00,public_reuse_review,au_mbs,https://www.mbsonline.gov.au/internet/mbsonline/publishing.nsf/Content/515793D58E889BD0CA257CD100033990/$File/1998-11-CLaCP.pdf,,au_mbs_historical_0111
sha256:2482114323ef070928a0db74a146d387d5a17848c6ff4c8aa6fb891f7347234e,admitted,3924600,event:fecdcb7b35f3214df71678e425fe56dbf81f3c2fdb17181a30f83ad22ff9858c,rights_constrained_reference,pdf,B1 historical acquisition receipt; ignored cache path and transfer diagnostics omitted.,acquired,2482114323ef070928a0db74a146d387d5a17848c6ff4c8aa6fb891f7347234e,,2026-08-25T14:44:19.015313+00:00,public_reuse_review,au_mbs,https://www.mbsonline.gov.au/internet/mbsonline/publishing.nsf/Content/5DCECCA2E8B2062CCA2586F100070995/$File/July20_Category1-Attendances.pdf,,au_mbs_historical_0184
sha256:457b7f57c26a9312c6f2710e7aa0ab0d4c84e90efd760a20ad069f2902e665bc,admitted,11934065,event:ff3d0784c3b54a19872920cb181f4a31ad3f827b72e7daeb9e4c12ac9a76886e,rights_constrained_reference,pdf,B1 historical acquisition receipt; ignored cache path and transfer diagnostics omitted.,acquired,457b7f57c26a9312c6f2710e7aa0ab0d4c84e90efd760a20ad069f2902e665bc,,2026-08-25T14:44:19.015313+00:00,public_reuse_review,au_mbs,https://www.mbsonline.gov.au/internet/mbsonline/publishing.nsf/Content/F540E955EFE9BFD5CA25861500000C28/$File/201911-MBS.pdf,,au_mbs_historical_0328
