archive_page,archive_period,download_policy,file_kind,file_name,file_url,id,licence_gate,notes,source_id,source_version_id,status,structured_api_equivalence,structured_format
https://www.pbs.gov.au/info/publication/schedule/2020,2020-02-01,download_for_local_review,zip,2020-02-01-xml-V3.zip,https://www.pbs.gov.au/publication/schedule/2020/02/2020-02-01-xml-V3.zip?variant=3,au_pbs_structured_00a2f9d066af9715,public_reuse_review,Official machine-readable PBS publication package. Format and checksum evidence do not by themselves grant redistribution rights or establish cross-version field parity.,au_pbs,au_pbs_structured_2020_02_01_00a2f9d066af,planned,False,xml_zip
https://www.pbs.gov.au/info/publication/schedule/2016,2016-06-01,download_for_local_review,zip,2016-06-01-extracts.zip,https://www.pbs.gov.au/publication/schedule/2016/06/2016-06-01-extracts.zip?variant=3,au_pbs_structured_011a98fd7eaf6182,public_reuse_review,Official machine-readable PBS publication package. Format and checksum evidence do not by themselves grant redistribution rights or establish cross-version field parity.,au_pbs,au_pbs_structured_2016_06_01_011a98fd7eaf,planned,False,structured_extract_zip
https://www.pbs.gov.au/info/publication/schedule/2019,2019-10-01,download_for_local_review,zip,2019-10-01-V2-down-converted.zip,https://www.pbs.gov.au/publication/schedule/2019/10/2019-10-01-V2-down-converted.zip?variant=3,au_pbs_structured_016a7766bc044aa5,public_reuse_review,Official machine-readable PBS publication package. Format and checksum evidence do not by themselves grant redistribution rights or establish cross-version field parity.,au_pbs,au_pbs_structured_2019_10_01_016a7766bc04,planned,False,xml_zip
https://www.pbs.gov.au/info/publication/schedule/2020,2020-08-01,download_for_local_review,zip,2020-08-01-xml-V3.zip,https://www.pbs.gov.au/publication/schedule/2020/08/2020-08-01-xml-V3.zip?variant=3,au_pbs_structured_01b395764f65fd81,public_reuse_review,Official machine-readable PBS publication package. Format and checksum evidence do not by themselves grant redistribution rights or establish cross-version field parity.,au_pbs,au_pbs_structured_2020_08_01_01b395764f65,planned,False,xml_zip
https://www.pbs.gov.au/info/publication/schedule/2018,2018-09-01,download_for_local_review,zip,2018-09-01-extracts-down-converted.zip,https://www.pbs.gov.au/publication/schedule/2018/09/2018-09-01-extracts-down-converted.zip?variant=3,au_pbs_structured_0246cd33eab3396d,public_reuse_review,Official machine-readable PBS publication package. Format and checksum evidence do not by themselves grant redistribution rights or establish cross-version field parity.,au_pbs,au_pbs_structured_2018_09_01_0246cd33eab3,planned,False,structured_extract_zip
https://www.pbs.gov.au/info/publication/schedule/2013,2013-02-01,download_for_local_review,zip,2013-02-01-xml.zip,https://www.pbs.gov.au/publication/schedule/2013/02/2013-02-01-xml.zip?variant=3,au_pbs_structured_0288d49a9b5ee2d1,public_reuse_review,Official machine-readable PBS publication package. Format and checksum evidence do not by themselves grant redistribution rights or establish cross-version field parity.,au_pbs,au_pbs_structured_2013_02_01_0288d49a9b5e,planned,False,xml_zip
https://www.pbs.gov.au/info/publication/schedule/2024,2024-12-01,download_for_local_review,zip,2024-12-01-xml-V3.zip,https://www.pbs.gov.au/publication/schedule/2024/12/2024-12-01-xml-V3.zip?variant=3,au_pbs_structured_032f04500e8b2ba3,public_reuse_review,Official machine-readable PBS publication package. Format and checksum evidence do not by themselves grant redistribution rights or establish cross-version field parity.,au_pbs,au_pbs_structured_2024_12_01_032f04500e8b,planned,False,xml_zip
https://www.pbs.gov.au/info/publication/schedule/2016,2016-04-01,download_for_local_review,zip,2016-04-01-extracts.zip,https://www.pbs.gov.au/publication/schedule/2016/04/2016-04-01-extracts.zip?variant=3,au_pbs_structured_0351cae1eb4c9e67,public_reuse_review,Official machine-readable PBS publication package. Format and checksum evidence do not by themselves grant redistribution rights or establish cross-version field parity.,au_pbs,au_pbs_structured_2016_04_01_0351cae1eb4c,planned,False,structured_extract_zip
https://www.pbs.gov.au/info/publication/schedule/2009,2009-06-01,download_for_local_review,zip,2009-06-01-general-schedule-xml.zip,https://www.pbs.gov.au/publication/schedule/2009/2009-06-01-general-schedule-xml.zip?variant=3,au_pbs_structured_04e28e5c6bf1cf4f,public_reuse_review,Official machine-readable PBS publication package. Format and checksum evidence do not by themselves grant redistribution rights or establish cross-version field parity.,au_pbs,au_pbs_structured_2009_06_01_04e28e5c6bf1,planned,False,xml_zip
https://www.pbs.gov.au/info/publication/schedule/2025,2025-04-01,download_for_local_review,zip,2025-04-01-PBS-API-CSV-files.zip,https://www.pbs.gov.au/publication/schedule/2025/04/2025-04-01-PBS-API-CSV-files.zip?variant=3,au_pbs_structured_05626b764201258d,public_reuse_review,Official machine-readable PBS publication package. Format and checksum evidence do not by themselves grant redistribution rights or establish cross-version field parity.,au_pbs,au_pbs_structured_2025_04_01_05626b764201,planned,False,csv_zip
https://www.pbs.gov.au/info/publication/schedule/2025,2025-06-01,download_for_local_review,zip,2025-06-01-v2-down-converted.zip,https://www.pbs.gov.au/publication/schedule/2025/06/2025-06-01-v2-down-converted.zip?variant=3,au_pbs_structured_075af8a07d28a8c8,public_reuse_review,Official machine-readable PBS publication package. Format and checksum evidence do not by themselves grant redistribution rights or establish cross-version field parity.,au_pbs,au_pbs_structured_2025_06_01_075af8a07d28,planned,False,xml_zip
https://www.pbs.gov.au/info/publication/schedule/2018,2018-03-01,download_for_local_review,zip,2018-03-01-V2-down-converted.zip,https://www.pbs.gov.au/publication/schedule/2018/03/2018-03-01-V2-down-converted.zip?variant=3,au_pbs_structured_079045b997b5de8b,public_reuse_review,Official machine-readable PBS publication package. Format and checksum evidence do not by themselves grant redistribution rights or establish cross-version field parity.,au_pbs,au_pbs_structured_2018_03_01_079045b997b5,planned,False,xml_zip
https://www.pbs.gov.au/info/publication/schedule/2024,2024-07-01,download_for_local_review,zip,2024-07-01-v3extracts.zip,https://www.pbs.gov.au/publication/schedule/2024/07/2024-07-01-v3extracts.zip?variant=3,au_pbs_structured_07d627f4f6d19af4,public_reuse_review,Official machine-readable PBS publication package. Format and checksum evidence do not by themselves grant redistribution rights or establish cross-version field parity.,au_pbs,au_pbs_structured_2024_07_01_07d627f4f6d1,planned,False,xml_zip
https://www.pbs.gov.au/info/publication/schedule/2025,2025-04-01,download_for_local_review,zip,2025-04-01-v3soextracts.zip,https://www.pbs.gov.au/publication/schedule/2025/04/2025-04-01-v3soextracts.zip?variant=3,au_pbs_structured_0949326b4a696a25,public_reuse_review,Official machine-readable PBS publication package. Format and checksum evidence do not by themselves grant redistribution rights or establish cross-version field parity.,au_pbs,au_pbs_structured_2025_04_01_0949326b4a69,planned,False,xml_zip
https://www.pbs.gov.au/info/publication/schedule/2022,2022-03-01,download_for_local_review,zip,2022-03-01-xml-V3.zip,https://www.pbs.gov.au/publication/schedule/2022/03/2022-03-01-xml-V3.zip?variant=3,au_pbs_structured_0960627a170ad66a,public_reuse_review,Official machine-readable PBS publication package. Format and checksum evidence do not by themselves grant redistribution rights or establish cross-version field parity.,au_pbs,au_pbs_structured_2022_03_01_0960627a170a,planned,False,xml_zip
https://www.pbs.gov.au/info/publication/schedule/2022,2022-02-01,download_for_local_review,zip,2022-02-01-xml-V3.zip,https://www.pbs.gov.au/publication/schedule/2022/02/2022-02-01-xml-V3.zip?variant=3,au_pbs_structured_0a4cc213fe023197,public_reuse_review,Official machine-readable PBS publication package. Format and checksum evidence do not by themselves grant redistribution rights or establish cross-version field parity.,au_pbs,au_pbs_structured_2022_02_01_0a4cc213fe02,planned,False,xml_zip
https://www.pbs.gov.au/info/publication/schedule/2018,2018-11-01,download_for_local_review,zip,2018-11-01-V2-down-converted.zip,https://www.pbs.gov.au/publication/schedule/2018/11/2018-11-01-V2-down-converted.zip?variant=3,au_pbs_structured_0ac69330c3728c65,public_reuse_review,Official machine-readable PBS publication package. Format and checksum evidence do not by themselves grant redistribution rights or establish cross-version field parity.,au_pbs,au_pbs_structured_2018_11_01_0ac69330c372,planned,False,xml_zip
https://www.pbs.gov.au/info/publication/schedule/2010,2010-04-01,download_for_local_review,zip,2010-04-01-general-schedule-ascii.zip,https://www.pbs.gov.au/publication/schedule/2010/2010-04-01-general-schedule-ascii.zip?variant=3,au_pbs_structured_0adc89d9c6ecf1a4,public_reuse_review,Official machine-readable PBS publication package. Format and checksum evidence do not by themselves grant redistribution rights or establish cross-version field parity.,au_pbs,au_pbs_structured_2010_04_01_0adc89d9c6ec,planned,False,text_zip
https://www.pbs.gov.au/info/publication/schedule/2023,2023-05-01,download_for_local_review,zip,2023-05-01-xml-V3.zip,https://www.pbs.gov.au/publication/schedule/2023/05/2023-05-01-xml-V3.zip?variant=3,au_pbs_structured_0b6d91952a087746,public_reuse_review,Official machine-readable PBS publication package. Format and checksum evidence do not by themselves grant redistribution rights or establish cross-version field parity.,au_pbs,au_pbs_structured_2023_05_01_0b6d91952a08,planned,False,xml_zip
https://www.pbs.gov.au/info/publication/schedule/2007,2007-11-01,download_for_local_review,zip,2007-11-01-general-schedule-xml.zip,https://www.pbs.gov.au/publication/schedule/2007/2007-11-01-general-schedule-xml.zip?variant=3,au_pbs_structured_0b97a0f186c177b2,public_reuse_review,Official machine-readable PBS publication package. Format and checksum evidence do not by themselves grant redistribution rights or establish cross-version field parity.,au_pbs,au_pbs_structured_2007_11_01_0b97a0f186c1,planned,False,xml_zip
https://www.pbs.gov.au/info/publication/schedule/2008,2008-11-01,download_for_local_review,zip,2008-11-01-general-schedule-xml.zip,https://www.pbs.gov.au/publication/schedule/2008/2008-11-01-general-schedule-xml.zip?variant=3,au_pbs_structured_0c2200b1ac1ea424,public_reuse_review,Official machine-readable PBS publication package. Format and checksum evidence do not by themselves grant redistribution rights or establish cross-version field parity.,au_pbs,au_pbs_structured_2008_11_01_0c2200b1ac1e,planned,False,xml_zip
https://www.pbs.gov.au/info/publication/schedule/2026,2026-03-01,download_for_local_review,zip,2026-03-01-PBS-API-CSV-files.zip,https://www.pbs.gov.au/publication/schedule/2026/03/2026-03-01-PBS-API-CSV-files.zip?variant=3,au_pbs_structured_0c4047bf4290fb15,public_reuse_review,Official machine-readable PBS publication package. Format and checksum evidence do not by themselves grant redistribution rights or establish cross-version field parity.,au_pbs,au_pbs_structured_2026_03_01_0c4047bf4290,planned,False,csv_zip
https://www.pbs.gov.au/info/publication/schedule/2024,2024-05-01,download_for_local_review,zip,2024-05-01-v3extracts.zip,https://www.pbs.gov.au/publication/schedule/2024/05/2024-05-01-v3extracts.zip?variant=3,au_pbs_structured_0c567c9fb357fbf4,public_reuse_review,Official machine-readable PBS publication package. Format and checksum evidence do not by themselves grant redistribution rights or establish cross-version field parity.,au_pbs,au_pbs_structured_2024_05_01_0c567c9fb357,planned,False,xml_zip
https://www.pbs.gov.au/info/publication/schedule/2020,2020-07-01,download_for_local_review,zip,2020-07-01-xml-V3.zip,https://www.pbs.gov.au/publication/schedule/2020/07/2020-07-01-xml-V3.zip?variant=3,au_pbs_structured_0c9a68f890907076,public_reuse_review,Official machine-readable PBS publication package. Format and checksum evidence do not by themselves grant redistribution rights or establish cross-version field parity.,au_pbs,au_pbs_structured_2020_07_01_0c9a68f89090,planned,False,xml_zip
https://www.pbs.gov.au/info/publication/schedule/2023,2023-12-01,download_for_local_review,zip,2023-12-01-v3extracts.zip,https://www.pbs.gov.au/publication/schedule/2023/12/2023-12-01-v3extracts.zip?variant=3,au_pbs_structured_0ccdc41f94445785,public_reuse_review,Official machine-readable PBS publication package. Format and checksum evidence do not by themselves grant redistribution rights or establish cross-version field parity.,au_pbs,au_pbs_structured_2023_12_01_0ccdc41f9444,planned,False,xml_zip
https://www.pbs.gov.au/info/publication/schedule/2024,2024-03-01,download_for_local_review,zip,2024-03-01-v3soextracts.zip,https://www.pbs.gov.au/publication/schedule/2024/03/2024-03-01-v3soextracts.zip?variant=3,au_pbs_structured_0d35f1dbd7659232,public_reuse_review,Official machine-readable PBS publication package. Format and checksum evidence do not by themselves grant redistribution rights or establish cross-version field parity.,au_pbs,au_pbs_structured_2024_03_01_0d35f1dbd765,planned,False,xml_zip
https://www.pbs.gov.au/info/publication/schedule/2018,2018-12-01,download_for_local_review,zip,2018-12-01-V2-down-converted.zip,https://www.pbs.gov.au/publication/schedule/2018/12/2018-12-01-V2-down-converted.zip?variant=3,au_pbs_structured_0d413e6a93717e8a,public_reuse_review,Official machine-readable PBS publication package. Format and checksum evidence do not by themselves grant redistribution rights or establish cross-version field parity.,au_pbs,au_pbs_structured_2018_12_01_0d413e6a9371,planned,False,xml_zip
https://www.pbs.gov.au/info/publication/schedule/2021,2021-10-01,download_for_local_review,zip,2021-10-01-v3soextracts.zip,https://www.pbs.gov.au/publication/schedule/2021/10/2021-10-01-v3soextracts.zip?variant=3,au_pbs_structured_0e0a48377a249979,public_reuse_review,Official machine-readable PBS publication package. Format and checksum evidence do not by themselves grant redistribution rights or establish cross-version field parity.,au_pbs,au_pbs_structured_2021_10_01_0e0a48377a24,planned,False,xml_zip
https://www.pbs.gov.au/info/publication/schedule/2012,2012-05-01,download_for_local_review,zip,2012-05-01-efc-extracts.zip,https://www.pbs.gov.au/publication/schedule/2012/05/2012-05-01-efc-extracts.zip?variant=3,au_pbs_structured_0ee7cff2fd3eff04,public_reuse_review,Official machine-readable PBS publication package. Format and checksum evidence do not by themselves grant redistribution rights or establish cross-version field parity.,au_pbs,au_pbs_structured_2012_05_01_0ee7cff2fd3e,planned,False,structured_extract_zip
https://www.pbs.gov.au/info/publication/schedule/2025,2025-03-01,download_for_local_review,zip,2025-03-01-v3extracts.zip,https://www.pbs.gov.au/publication/schedule/2025/03/2025-03-01-v3extracts.zip?variant=3,au_pbs_structured_0f5cb9b31b527dff,public_reuse_review,Official machine-readable PBS publication package. Format and checksum evidence do not by themselves grant redistribution rights or establish cross-version field parity.,au_pbs,au_pbs_structured_2025_03_01_0f5cb9b31b52,planned,False,xml_zip
https://www.pbs.gov.au/info/publication/schedule/2008,2008-10-01,download_for_local_review,zip,2008-10-01-general-schedule-xml.zip,https://www.pbs.gov.au/publication/schedule/2008/2008-10-01-general-schedule-xml.zip?variant=3,au_pbs_structured_0f8dadec3e786e27,public_reuse_review,Official machine-readable PBS publication package. Format and checksum evidence do not by themselves grant redistribution rights or establish cross-version field parity.,au_pbs,au_pbs_structured_2008_10_01_0f8dadec3e78,planned,False,xml_zip
https://www.pbs.gov.au/info/publication/schedule/2020,2020-07-01,download_for_local_review,zip,2020-07-01-extracts-down-converted.zip,https://www.pbs.gov.au/publication/schedule/2020/07/2020-07-01-extracts-down-converted.zip?variant=3,au_pbs_structured_0fe2bb3f934f9ba8,public_reuse_review,Official machine-readable PBS publication package. Format and checksum evidence do not by themselves grant redistribution rights or establish cross-version field parity.,au_pbs,au_pbs_structured_2020_07_01_0fe2bb3f934f,planned,False,structured_extract_zip
https://www.pbs.gov.au/info/publication/schedule/2021,2021-08-01,download_for_local_review,zip,2021-08-01-v3extracts.zip,https://www.pbs.gov.au/publication/schedule/2021/08/2021-08-01-v3extracts.zip?variant=3,au_pbs_structured_0fe4547a0d0cab72,public_reuse_review,Official machine-readable PBS publication package. Format and checksum evidence do not by themselves grant redistribution rights or establish cross-version field parity.,au_pbs,au_pbs_structured_2021_08_01_0fe4547a0d0c,planned,False,xml_zip
https://www.pbs.gov.au/info/publication/schedule/2011,2011-04-01,download_for_local_review,zip,2011-04-01-general-schedule-ascii.zip,https://www.pbs.gov.au/publication/schedule/2011/04/2011-04-01-general-schedule-ascii.zip?variant=3,au_pbs_structured_105960785e0f20b0,public_reuse_review,Official machine-readable PBS publication package. Format and checksum evidence do not by themselves grant redistribution rights or establish cross-version field parity.,au_pbs,au_pbs_structured_2011_04_01_105960785e0f,planned,False,text_zip
https://www.pbs.gov.au/info/publication/schedule/2012,2012-03-01,download_for_local_review,zip,2012-03-01-efficient-funding-of-chemotherapy-extracts.zip,https://www.pbs.gov.au/publication/schedule/2012/03/2012-03-01-efficient-funding-of-chemotherapy-extracts.zip?variant=3,au_pbs_structured_111d49606269a855,public_reuse_review,Official machine-readable PBS publication package. Format and checksum evidence do not by themselves grant redistribution rights or establish cross-version field parity.,au_pbs,au_pbs_structured_2012_03_01_111d49606269,planned,False,structured_extract_zip
https://www.pbs.gov.au/info/publication/schedule/2021,2021-12-01,download_for_local_review,zip,2021-12-01-xml-V3.zip,https://www.pbs.gov.au/publication/schedule/2021/12/2021-12-01-xml-V3.zip?variant=3,au_pbs_structured_1122c73e6246b478,public_reuse_review,Official machine-readable PBS publication package. Format and checksum evidence do not by themselves grant redistribution rights or establish cross-version field parity.,au_pbs,au_pbs_structured_2021_12_01_1122c73e6246,planned,False,xml_zip
https://www.pbs.gov.au/info/publication/schedule/2024,2024-05-01,download_for_local_review,zip,2024-05-01-xml-V3.zip,https://www.pbs.gov.au/publication/schedule/2024/05/2024-05-01-xml-V3.zip?variant=3,au_pbs_structured_11321a926d1085ec,public_reuse_review,Official machine-readable PBS publication package. Format and checksum evidence do not by themselves grant redistribution rights or establish cross-version field parity.,au_pbs,au_pbs_structured_2024_05_01_11321a926d10,planned,False,xml_zip
https://www.pbs.gov.au/info/publication/schedule/2026,2026-02-01,download_for_local_review,zip,2026-02-01-PBS-API-CSV-files.zip,https://www.pbs.gov.au/publication/schedule/2026/02/2026-02-01-PBS-API-CSV-files.zip?variant=3,au_pbs_structured_11c04f1bd7020162,public_reuse_review,Official machine-readable PBS publication package. Format and checksum evidence do not by themselves grant redistribution rights or establish cross-version field parity.,au_pbs,au_pbs_structured_2026_02_01_11c04f1bd702,planned,False,csv_zip
https://www.pbs.gov.au/info/publication/schedule/2018,2018-03-01,download_for_local_review,zip,2018-03-01-xml-V3.zip,https://www.pbs.gov.au/publication/schedule/2018/03/2018-03-01-xml-V3.zip?variant=3,au_pbs_structured_12b39a569ef8c9ed,public_reuse_review,Official machine-readable PBS publication package. Format and checksum evidence do not by themselves grant redistribution rights or establish cross-version field parity.,au_pbs,au_pbs_structured_2018_03_01_12b39a569ef8,planned,False,xml_zip
https://www.pbs.gov.au/info/publication/schedule/2022,2022-06-01,download_for_local_review,zip,2022-06-01-V2-down-converted.zip,https://www.pbs.gov.au/publication/schedule/2022/06/2022-06-01-V2-down-converted.zip?variant=3,au_pbs_structured_12f705f4722dd634,public_reuse_review,Official machine-readable PBS publication package. Format and checksum evidence do not by themselves grant redistribution rights or establish cross-version field parity.,au_pbs,au_pbs_structured_2022_06_01_12f705f4722d,planned,False,xml_zip
https://www.pbs.gov.au/info/publication/schedule/2015,2015-09-01,download_for_local_review,zip,2015-09-01-xml.zip,https://www.pbs.gov.au/publication/schedule/2015/09/2015-09-01-xml.zip?variant=3,au_pbs_structured_13cdbc37e30ceac1,public_reuse_review,Official machine-readable PBS publication package. Format and checksum evidence do not by themselves grant redistribution rights or establish cross-version field parity.,au_pbs,au_pbs_structured_2015_09_01_13cdbc37e30c,planned,False,xml_zip
https://www.pbs.gov.au/info/publication/schedule/2018,2018-11-01,download_for_local_review,zip,2018-11-01-xml-V3.zip,https://www.pbs.gov.au/publication/schedule/2018/11/2018-11-01-xml-V3.zip?variant=3,au_pbs_structured_1415136dafbfebf4,public_reuse_review,Official machine-readable PBS publication package. Format and checksum evidence do not by themselves grant redistribution rights or establish cross-version field parity.,au_pbs,au_pbs_structured_2018_11_01_1415136dafbf,planned,False,xml_zip
https://www.pbs.gov.au/info/publication/schedule/2010,2010-05-01,download_for_local_review,zip,2010-05-01-general-schedule-ascii.zip,https://www.pbs.gov.au/publication/schedule/2010/2010-05-01-general-schedule-ascii.zip?variant=3,au_pbs_structured_1519712cf5ea6887,public_reuse_review,Official machine-readable PBS publication package. Format and checksum evidence do not by themselves grant redistribution rights or establish cross-version field parity.,au_pbs,au_pbs_structured_2010_05_01_1519712cf5ea,planned,False,text_zip
https://www.pbs.gov.au/info/publication/schedule/2017,2017-10-01,download_for_local_review,zip,2017-10-01-xml-V2-down-converted.zip,https://www.pbs.gov.au/publication/schedule/2017/10/2017-10-01-xml-V2-down-converted.zip?variant=3,au_pbs_structured_16021bab52d06b3f,public_reuse_review,Official machine-readable PBS publication package. Format and checksum evidence do not by themselves grant redistribution rights or establish cross-version field parity.,au_pbs,au_pbs_structured_2017_10_01_16021bab52d0,planned,False,xml_zip
https://www.pbs.gov.au/info/publication/schedule/2024,2024-09-01,download_for_local_review,zip,2024-09-01-v3extracts.zip,https://www.pbs.gov.au/publication/schedule/2024/09/2024-09-01-v3extracts.zip?variant=3,au_pbs_structured_16187cae1ba19ee9,public_reuse_review,Official machine-readable PBS publication package. Format and checksum evidence do not by themselves grant redistribution rights or establish cross-version field parity.,au_pbs,au_pbs_structured_2024_09_01_16187cae1ba1,planned,False,xml_zip
https://www.pbs.gov.au/info/publication/schedule/2016,2016-12-01,download_for_local_review,zip,2016-12-01-extracts.zip,https://www.pbs.gov.au/publication/schedule/2016/12/2016-12-01-extracts.zip?variant=3,au_pbs_structured_166a559ee8dcf24d,public_reuse_review,Official machine-readable PBS publication package. Format and checksum evidence do not by themselves grant redistribution rights or establish cross-version field parity.,au_pbs,au_pbs_structured_2016_12_01_166a559ee8dc,planned,False,structured_extract_zip
https://www.pbs.gov.au/info/publication/schedule/2024,2024-11-01,download_for_local_review,zip,2024-11-01-V2-down-converted.zip,https://www.pbs.gov.au/publication/schedule/2024/11/2024-11-01-V2-down-converted.zip?variant=3,au_pbs_structured_16e4ac47cbb15139,public_reuse_review,Official machine-readable PBS publication package. Format and checksum evidence do not by themselves grant redistribution rights or establish cross-version field parity.,au_pbs,au_pbs_structured_2024_11_01_16e4ac47cbb1,planned,False,xml_zip
https://www.pbs.gov.au/info/publication/schedule/2026,2026-02-01,download_for_local_review,zip,2026-02-01-V2-down-converted.zip,https://www.pbs.gov.au/publication/schedule/2026/02/2026-02-01-V2-down-converted.zip?variant=3,au_pbs_structured_170d9c4be1dc8339,public_reuse_review,Official machine-readable PBS publication package. Format and checksum evidence do not by themselves grant redistribution rights or establish cross-version field parity.,au_pbs,au_pbs_structured_2026_02_01_170d9c4be1dc,planned,False,xml_zip
https://www.pbs.gov.au/info/publication/schedule/2023,2023-03-01,download_for_local_review,zip,2023-03-01-v3soextracts.zip,https://www.pbs.gov.au/publication/schedule/2023/03/2023-03-01-v3soextracts.zip?variant=3,au_pbs_structured_175b4f9c12293847,public_reuse_review,Official machine-readable PBS publication package. Format and checksum evidence do not by themselves grant redistribution rights or establish cross-version field parity.,au_pbs,au_pbs_structured_2023_03_01_175b4f9c1229,planned,False,xml_zip
https://www.pbs.gov.au/info/publication/schedule/2019,2019-03-01,download_for_local_review,zip,2019-03-01-xml-V3.zip,https://www.pbs.gov.au/publication/schedule/2019/03/2019-03-01-xml-V3.zip?variant=3,au_pbs_structured_17661e33bdac82eb,public_reuse_review,Official machine-readable PBS publication package. Format and checksum evidence do not by themselves grant redistribution rights or establish cross-version field parity.,au_pbs,au_pbs_structured_2019_03_01_17661e33bdac,planned,False,xml_zip
https://www.pbs.gov.au/info/publication/schedule/2019,2019-11-01,download_for_local_review,zip,2019-11-01-xml-V3.zip,https://www.pbs.gov.au/publication/schedule/2019/11/2019-11-01-xml-V3.zip?variant=3,au_pbs_structured_17aa72d96c785bec,public_reuse_review,Official machine-readable PBS publication package. Format and checksum evidence do not by themselves grant redistribution rights or establish cross-version field parity.,au_pbs,au_pbs_structured_2019_11_01_17aa72d96c78,planned,False,xml_zip
https://www.pbs.gov.au/info/publication/schedule/2018,2018-08-01,download_for_local_review,zip,2018-08-01-extracts-down-converted.zip,https://www.pbs.gov.au/publication/schedule/2018/08/2018-08-01-extracts-down-converted.zip?variant=3,au_pbs_structured_1809e2692d12de88,public_reuse_review,Official machine-readable PBS publication package. Format and checksum evidence do not by themselves grant redistribution rights or establish cross-version field parity.,au_pbs,au_pbs_structured_2018_08_01_1809e2692d12,planned,False,structured_extract_zip
https://www.pbs.gov.au/info/publication/schedule/2014,2014-10-01,download_for_local_review,zip,2014-10-01-xml.zip,https://www.pbs.gov.au/publication/schedule/2014/10/2014-10-01-xml.zip?variant=3,au_pbs_structured_18111fa1fd8693f6,public_reuse_review,Official machine-readable PBS publication package. Format and checksum evidence do not by themselves grant redistribution rights or establish cross-version field parity.,au_pbs,au_pbs_structured_2014_10_01_18111fa1fd86,planned,False,xml_zip
https://www.pbs.gov.au/info/publication/schedule/2024,2024-07-01,download_for_local_review,zip,2024-07-01-v3soextracts.zip,https://www.pbs.gov.au/publication/schedule/2024/07/2024-07-01-v3soextracts.zip?variant=3,au_pbs_structured_1813d2efe4b70314,public_reuse_review,Official machine-readable PBS publication package. Format and checksum evidence do not by themselves grant redistribution rights or establish cross-version field parity.,au_pbs,au_pbs_structured_2024_07_01_1813d2efe4b7,planned,False,xml_zip
https://www.pbs.gov.au/info/publication/schedule/2023,2023-01-01,download_for_local_review,zip,2023-01-01-v3extracts.zip,https://www.pbs.gov.au/publication/schedule/2023/01/2023-01-01-v3extracts.zip?variant=3,au_pbs_structured_1838d4ab7f976843,public_reuse_review,Official machine-readable PBS publication package. Format and checksum evidence do not by themselves grant redistribution rights or establish cross-version field parity.,au_pbs,au_pbs_structured_2023_01_01_1838d4ab7f97,planned,False,xml_zip
https://www.pbs.gov.au/info/publication/schedule/2020,2020-03-01,download_for_local_review,zip,2020-03-01-V2-down-converted.zip,https://www.pbs.gov.au/publication/schedule/2020/03/2020-03-01-V2-down-converted.zip?variant=3,au_pbs_structured_189f2f23521bb3c9,public_reuse_review,Official machine-readable PBS publication package. Format and checksum evidence do not by themselves grant redistribution rights or establish cross-version field parity.,au_pbs,au_pbs_structured_2020_03_01_189f2f23521b,planned,False,xml_zip
https://www.pbs.gov.au/info/publication/schedule/2010,2010-09-01,download_for_local_review,zip,2010-09-01-general-schedule-ascii.zip,https://www.pbs.gov.au/publication/schedule/2010/2010-09-01-general-schedule-ascii.zip?variant=3,au_pbs_structured_18acff54c628c718,public_reuse_review,Official machine-readable PBS publication package. Format and checksum evidence do not by themselves grant redistribution rights or establish cross-version field parity.,au_pbs,au_pbs_structured_2010_09_01_18acff54c628,planned,False,text_zip
https://www.pbs.gov.au/info/publication/schedule/2023,2023-04-01,download_for_local_review,zip,2023-04-01-xml-V3.zip,https://www.pbs.gov.au/publication/schedule/2023/04/2023-04-01-xml-V3.zip?variant=3,au_pbs_structured_1980600a94324b1f,public_reuse_review,Official machine-readable PBS publication package. Format and checksum evidence do not by themselves grant redistribution rights or establish cross-version field parity.,au_pbs,au_pbs_structured_2023_04_01_1980600a9432,planned,False,xml_zip
https://www.pbs.gov.au/info/publication/schedule/2023,2023-10-01,download_for_local_review,zip,2023-10-01-xml-V3.zip,https://www.pbs.gov.au/publication/schedule/2023/10/2023-10-01-xml-V3.zip?variant=3,au_pbs_structured_1aaf8b406b10549e,public_reuse_review,Official machine-readable PBS publication package. Format and checksum evidence do not by themselves grant redistribution rights or establish cross-version field parity.,au_pbs,au_pbs_structured_2023_10_01_1aaf8b406b10,planned,False,xml_zip
https://www.pbs.gov.au/info/publication/schedule/2026,2026-02-01,download_for_local_review,zip,2026-02-01-v3extracts.zip,https://www.pbs.gov.au/publication/schedule/2026/02/2026-02-01-v3extracts.zip?variant=3,au_pbs_structured_1b0bc07bf390b7ec,public_reuse_review,Official machine-readable PBS publication package. Format and checksum evidence do not by themselves grant redistribution rights or establish cross-version field parity.,au_pbs,au_pbs_structured_2026_02_01_1b0bc07bf390,planned,False,xml_zip
https://www.pbs.gov.au/info/publication/schedule/2018,2018-10-01,download_for_local_review,zip,2018-10-01-V2-down-converted.zip,https://www.pbs.gov.au/publication/schedule/2018/10/2018-10-01-V2-down-converted.zip?variant=3,au_pbs_structured_1bd48d8957b6bb19,public_reuse_review,Official machine-readable PBS publication package. Format and checksum evidence do not by themselves grant redistribution rights or establish cross-version field parity.,au_pbs,au_pbs_structured_2018_10_01_1bd48d8957b6,planned,False,xml_zip
https://www.pbs.gov.au/info/publication/schedule/2019,2019-11-01,download_for_local_review,zip,2019-11-01-extracts-down-converted.zip,https://www.pbs.gov.au/publication/schedule/2019/11/2019-11-01-extracts-down-converted.zip?variant=3,au_pbs_structured_1c590e56f8a31e60,public_reuse_review,Official machine-readable PBS publication package. Format and checksum evidence do not by themselves grant redistribution rights or establish cross-version field parity.,au_pbs,au_pbs_structured_2019_11_01_1c590e56f8a3,planned,False,structured_extract_zip
https://www.pbs.gov.au/info/publication/schedule/2023,2023-12-01,download_for_local_review,zip,2023-12-01-v3soextracts.zip,https://www.pbs.gov.au/publication/schedule/2023/12/2023-12-01-v3soextracts.zip?variant=3,au_pbs_structured_1c5f76ccbe98f3fe,public_reuse_review,Official machine-readable PBS publication package. Format and checksum evidence do not by themselves grant redistribution rights or establish cross-version field parity.,au_pbs,au_pbs_structured_2023_12_01_1c5f76ccbe98,planned,False,xml_zip
https://www.pbs.gov.au/info/publication/schedule/2023,2023-10-01,download_for_local_review,zip,2023-10-01-v3soextracts.zip,https://www.pbs.gov.au/publication/schedule/2023/10/2023-10-01-v3soextracts.zip?variant=3,au_pbs_structured_1c842afe75a5fb73,public_reuse_review,Official machine-readable PBS publication package. Format and checksum evidence do not by themselves grant redistribution rights or establish cross-version field parity.,au_pbs,au_pbs_structured_2023_10_01_1c842afe75a5,planned,False,xml_zip
https://www.pbs.gov.au/info/publication/schedule/2014,2014-02-01,download_for_local_review,zip,2014-02-01-extracts.zip,https://www.pbs.gov.au/publication/schedule/2014/02/2014-02-01-extracts.zip?variant=3,au_pbs_structured_1d6e10ca35ddacd7,public_reuse_review,Official machine-readable PBS publication package. Format and checksum evidence do not by themselves grant redistribution rights or establish cross-version field parity.,au_pbs,au_pbs_structured_2014_02_01_1d6e10ca35dd,planned,False,structured_extract_zip
https://www.pbs.gov.au/info/publication/schedule/2023,2023-07-01,download_for_local_review,zip,2023-07-01-v3soextracts.zip,https://www.pbs.gov.au/publication/schedule/2023/07/2023-07-01-v3soextracts.zip?variant=3,au_pbs_structured_1d89e92e95ce5f10,public_reuse_review,Official machine-readable PBS publication package. Format and checksum evidence do not by themselves grant redistribution rights or establish cross-version field parity.,au_pbs,au_pbs_structured_2023_07_01_1d89e92e95ce,planned,False,xml_zip
https://www.pbs.gov.au/info/publication/schedule/2026,2026-01-01,download_for_local_review,zip,2026-01-01-v3extracts.zip,https://www.pbs.gov.au/publication/schedule/2026/01/2026-01-01-v3extracts.zip?variant=3,au_pbs_structured_1d8ab873d3724957,public_reuse_review,Official machine-readable PBS publication package. Format and checksum evidence do not by themselves grant redistribution rights or establish cross-version field parity.,au_pbs,au_pbs_structured_2026_01_01_1d8ab873d372,planned,False,xml_zip
https://www.pbs.gov.au/info/publication/schedule/2007,2007-07-01,download_for_local_review,zip,2007-07-01-general-schedule-ascii.zip,https://www.pbs.gov.au/publication/schedule/2007/2007-07-01-general-schedule-ascii.zip?variant=3,au_pbs_structured_1e09f7859ceeec65,public_reuse_review,Official machine-readable PBS publication package. Format and checksum evidence do not by themselves grant redistribution rights or establish cross-version field parity.,au_pbs,au_pbs_structured_2007_07_01_1e09f7859cee,planned,False,text_zip
https://www.pbs.gov.au/info/publication/schedule/2011,2011-06-01,download_for_local_review,zip,2011-06-01-general-schedule-ascii.zip,https://www.pbs.gov.au/publication/schedule/2011/06/2011-06-01-general-schedule-ascii.zip?variant=3,au_pbs_structured_1ec7c4732827cccd,public_reuse_review,Official machine-readable PBS publication package. Format and checksum evidence do not by themselves grant redistribution rights or establish cross-version field parity.,au_pbs,au_pbs_structured_2011_06_01_1ec7c4732827,planned,False,text_zip
https://www.pbs.gov.au/info/publication/schedule/2018,2018-08-01,download_for_local_review,zip,2018-08-01-V2-down-converted.zip,https://www.pbs.gov.au/publication/schedule/2018/08/2018-08-01-V2-down-converted.zip?variant=3,au_pbs_structured_1edba7524fb728c3,public_reuse_review,Official machine-readable PBS publication package. Format and checksum evidence do not by themselves grant redistribution rights or establish cross-version field parity.,au_pbs,au_pbs_structured_2018_08_01_1edba7524fb7,planned,False,xml_zip
https://www.pbs.gov.au/info/publication/schedule/2026,2026-03-01,download_for_local_review,zip,2026-03-01-v3extracts.zip,https://www.pbs.gov.au/publication/schedule/2026/03/2026-03-01-v3extracts.zip?variant=3,au_pbs_structured_1ee1291f9a34918e,public_reuse_review,Official machine-readable PBS publication package. Format and checksum evidence do not by themselves grant redistribution rights or establish cross-version field parity.,au_pbs,au_pbs_structured_2026_03_01_1ee1291f9a34,planned,False,xml_zip
https://www.pbs.gov.au/info/publication/schedule/2012,2012-08-01,download_for_local_review,zip,2012-08-01-efc-xml.zip,https://www.pbs.gov.au/publication/schedule/2012/08/2012-08-01-efc-xml.zip?variant=3,au_pbs_structured_1ee6c7be4ac6d7b8,public_reuse_review,Official machine-readable PBS publication package. Format and checksum evidence do not by themselves grant redistribution rights or establish cross-version field parity.,au_pbs,au_pbs_structured_2012_08_01_1ee6c7be4ac6,planned,False,xml_zip
https://www.pbs.gov.au/info/publication/schedule/2009,2009-02-01,download_for_local_review,zip,2009-02-01-general-schedule-ascii.zip,https://www.pbs.gov.au/publication/schedule/2009/2009-02-01-general-schedule-ascii.zip?variant=3,au_pbs_structured_1f2d94ecca191bce,public_reuse_review,Official machine-readable PBS publication package. Format and checksum evidence do not by themselves grant redistribution rights or establish cross-version field parity.,au_pbs,au_pbs_structured_2009_02_01_1f2d94ecca19,planned,False,text_zip
https://www.pbs.gov.au/info/publication/schedule/2011,2011-07-01,download_for_local_review,zip,2011-07-01-general-schedule-xml.zip,https://www.pbs.gov.au/publication/schedule/2011/07/2011-07-01-general-schedule-xml.zip?variant=3,au_pbs_structured_1f4559b0f64bd5e0,public_reuse_review,Official machine-readable PBS publication package. Format and checksum evidence do not by themselves grant redistribution rights or establish cross-version field parity.,au_pbs,au_pbs_structured_2011_07_01_1f4559b0f64b,planned,False,xml_zip
https://www.pbs.gov.au/info/publication/schedule/2023,2023-01-01,download_for_local_review,zip,2023-01-01-V2-down-converted.zip,https://www.pbs.gov.au/publication/schedule/2023/01/2023-01-01-V2-down-converted.zip?variant=3,au_pbs_structured_1f75c4c10832dd91,public_reuse_review,Official machine-readable PBS publication package. Format and checksum evidence do not by themselves grant redistribution rights or establish cross-version field parity.,au_pbs,au_pbs_structured_2023_01_01_1f75c4c10832,planned,False,xml_zip
https://www.pbs.gov.au/info/publication/schedule/2023,2023-02-01,download_for_local_review,zip,2023-02-01-v3soextracts.zip,https://www.pbs.gov.au/publication/schedule/2023/02/2023-02-01-v3soextracts.zip?variant=3,au_pbs_structured_1f92633bf3433801,public_reuse_review,Official machine-readable PBS publication package. Format and checksum evidence do not by themselves grant redistribution rights or establish cross-version field parity.,au_pbs,au_pbs_structured_2023_02_01_1f92633bf343,planned,False,xml_zip
https://www.pbs.gov.au/info/publication/schedule/2022,2022-06-01,download_for_local_review,zip,2022-06-01-v3soextracts.zip,https://www.pbs.gov.au/publication/schedule/2022/06/2022-06-01-v3soextracts.zip?variant=3,au_pbs_structured_211a0372c1bf431e,public_reuse_review,Official machine-readable PBS publication package. Format and checksum evidence do not by themselves grant redistribution rights or establish cross-version field parity.,au_pbs,au_pbs_structured_2022_06_01_211a0372c1bf,planned,False,xml_zip
https://www.pbs.gov.au/info/publication/schedule/2012,2012-01-01,download_for_local_review,zip,2012-01-01-chemotherapy-xml.zip,https://www.pbs.gov.au/publication/schedule/2012/01/2012-01-01-chemotherapy-xml.zip?variant=3,au_pbs_structured_2139c62dcaefe28c,public_reuse_review,Official machine-readable PBS publication package. Format and checksum evidence do not by themselves grant redistribution rights or establish cross-version field parity.,au_pbs,au_pbs_structured_2012_01_01_2139c62dcaef,planned,False,xml_zip
https://www.pbs.gov.au/info/publication/schedule/2024,2024-04-01,download_for_local_review,zip,2024-04-01-xml-V3.zip,https://www.pbs.gov.au/publication/schedule/2024/04/2024-04-01-xml-V3.zip?variant=3,au_pbs_structured_21d02e030e5137bb,public_reuse_review,Official machine-readable PBS publication package. Format and checksum evidence do not by themselves grant redistribution rights or establish cross-version field parity.,au_pbs,au_pbs_structured_2024_04_01_21d02e030e51,planned,False,xml_zip
https://www.pbs.gov.au/info/publication/schedule/2010,2010-12-01,download_for_local_review,zip,2010-12-01-general-schedule-ascii.zip,https://www.pbs.gov.au/publication/schedule/2010/2010-12-01-general-schedule-ascii.zip?variant=3,au_pbs_structured_21f669654f058bcb,public_reuse_review,Official machine-readable PBS publication package. Format and checksum evidence do not by themselves grant redistribution rights or establish cross-version field parity.,au_pbs,au_pbs_structured_2010_12_01_21f669654f05,planned,False,text_zip
https://www.pbs.gov.au/info/publication/schedule/2025,2025-01-01,download_for_local_review,zip,2025-01-01-v3soextracts.zip,https://www.pbs.gov.au/publication/schedule/2025/01/2025-01-01-v3soextracts.zip?variant=3,au_pbs_structured_221cde38468a4dc8,public_reuse_review,Official machine-readable PBS publication package. Format and checksum evidence do not by themselves grant redistribution rights or establish cross-version field parity.,au_pbs,au_pbs_structured_2025_01_01_221cde38468a,planned,False,xml_zip
https://www.pbs.gov.au/info/publication/schedule/2012,2012-08-01,download_for_local_review,zip,2012-08-01-efc-extracts.zip,https://www.pbs.gov.au/publication/schedule/2012/08/2012-08-01-efc-extracts.zip?variant=3,au_pbs_structured_233dc1755cbc162a,public_reuse_review,Official machine-readable PBS publication package. Format and checksum evidence do not by themselves grant redistribution rights or establish cross-version field parity.,au_pbs,au_pbs_structured_2012_08_01_233dc1755cbc,planned,False,structured_extract_zip
https://www.pbs.gov.au/info/publication/schedule/2013,2013-09-01,download_for_local_review,zip,2013-09-01-xml.zip,https://www.pbs.gov.au/publication/schedule/2013/09/2013-09-01-xml.zip?variant=3,au_pbs_structured_23677ee8ee07fd99,public_reuse_review,Official machine-readable PBS publication package. Format and checksum evidence do not by themselves grant redistribution rights or establish cross-version field parity.,au_pbs,au_pbs_structured_2013_09_01_23677ee8ee07,planned,False,xml_zip
https://www.pbs.gov.au/info/publication/schedule/2017,2017-07-01,download_for_local_review,zip,2017-07-01-xml.zip,https://www.pbs.gov.au/publication/schedule/2017/07/2017-07-01-xml.zip?variant=3,au_pbs_structured_23f3470a419b9f51,public_reuse_review,Official machine-readable PBS publication package. Format and checksum evidence do not by themselves grant redistribution rights or establish cross-version field parity.,au_pbs,au_pbs_structured_2017_07_01_23f3470a419b,planned,False,xml_zip
https://www.pbs.gov.au/info/publication/schedule/2023,2023-01-01,download_for_local_review,zip,2023-01-01-v3soextracts.zip,https://www.pbs.gov.au/publication/schedule/2023/01/2023-01-01-v3soextracts.zip?variant=3,au_pbs_structured_245fc3301c0add6c,public_reuse_review,Official machine-readable PBS publication package. Format and checksum evidence do not by themselves grant redistribution rights or establish cross-version field parity.,au_pbs,au_pbs_structured_2023_01_01_245fc3301c0a,planned,False,xml_zip
https://www.pbs.gov.au/info/publication/schedule/2026,2026-03-01,download_for_local_review,zip,2026-03-01-V2-down-converted.zip,https://www.pbs.gov.au/publication/schedule/2026/03/2026-03-01-V2-down-converted.zip?variant=3,au_pbs_structured_252bd4dd2651c357,public_reuse_review,Official machine-readable PBS publication package. Format and checksum evidence do not by themselves grant redistribution rights or establish cross-version field parity.,au_pbs,au_pbs_structured_2026_03_01_252bd4dd2651,planned,False,xml_zip
https://www.pbs.gov.au/info/publication/schedule/2012,2012-07-01,download_for_local_review,zip,2012-07-01-general-schedule-xml.zip,https://www.pbs.gov.au/publication/schedule/2012/07/2012-07-01-general-schedule-xml.zip?variant=3,au_pbs_structured_25a1233aa9cacef7,public_reuse_review,Official machine-readable PBS publication package. Format and checksum evidence do not by themselves grant redistribution rights or establish cross-version field parity.,au_pbs,au_pbs_structured_2012_07_01_25a1233aa9ca,planned,False,xml_zip
https://www.pbs.gov.au/info/publication/schedule/2014,2014-09-01,download_for_local_review,zip,2014-09-01-extracts.zip,https://www.pbs.gov.au/publication/schedule/2014/09/2014-09-01-extracts.zip?variant=3,au_pbs_structured_26814d0d0fdf2e78,public_reuse_review,Official machine-readable PBS publication package. Format and checksum evidence do not by themselves grant redistribution rights or establish cross-version field parity.,au_pbs,au_pbs_structured_2014_09_01_26814d0d0fdf,planned,False,structured_extract_zip
https://www.pbs.gov.au/info/publication/schedule/2023,2023-09-01,download_for_local_review,zip,2023-09-01-v3soextracts.zip,https://www.pbs.gov.au/publication/schedule/2023/09/2023-09-01-v3soextracts.zip?variant=3,au_pbs_structured_2754224c60bb9945,public_reuse_review,Official machine-readable PBS publication package. Format and checksum evidence do not by themselves grant redistribution rights or establish cross-version field parity.,au_pbs,au_pbs_structured_2023_09_01_2754224c60bb,planned,False,xml_zip
https://www.pbs.gov.au/info/publication/schedule/2008,2008-10-01,download_for_local_review,zip,2008-10-01-general-schedule-ascii.zip,https://www.pbs.gov.au/publication/schedule/2008/2008-10-01-general-schedule-ascii.zip?variant=3,au_pbs_structured_277c4cf56fcea45b,public_reuse_review,Official machine-readable PBS publication package. Format and checksum evidence do not by themselves grant redistribution rights or establish cross-version field parity.,au_pbs,au_pbs_structured_2008_10_01_277c4cf56fce,planned,False,text_zip
https://www.pbs.gov.au/info/publication/schedule/2021,2021-11-01,download_for_local_review,zip,2021-11-01-v3extracts.zip,https://www.pbs.gov.au/publication/schedule/2021/11/2021-11-01-v3extracts.zip?variant=3,au_pbs_structured_28177b9cd9f88d64,public_reuse_review,Official machine-readable PBS publication package. Format and checksum evidence do not by themselves grant redistribution rights or establish cross-version field parity.,au_pbs,au_pbs_structured_2021_11_01_28177b9cd9f8,planned,False,xml_zip
https://www.pbs.gov.au/info/publication/schedule/2020,2020-06-01,download_for_local_review,zip,2020-06-01-V2-down-converted.zip,https://www.pbs.gov.au/publication/schedule/2020/06/2020-06-01-V2-down-converted.zip?variant=3,au_pbs_structured_28c2825a6439f4c4,public_reuse_review,Official machine-readable PBS publication package. Format and checksum evidence do not by themselves grant redistribution rights or establish cross-version field parity.,au_pbs,au_pbs_structured_2020_06_01_28c2825a6439,planned,False,xml_zip
https://www.pbs.gov.au/info/publication/schedule/2025,2025-09-01,download_for_local_review,zip,2025-09-01-PBS-API-CSV-files.zip,https://www.pbs.gov.au/publication/schedule/2025/09/2025-09-01-PBS-API-CSV-files.zip?variant=3,au_pbs_structured_28ef7f6eefc6309f,public_reuse_review,Official machine-readable PBS publication package. Format and checksum evidence do not by themselves grant redistribution rights or establish cross-version field parity.,au_pbs,au_pbs_structured_2025_09_01_28ef7f6eefc6,planned,False,csv_zip
https://www.pbs.gov.au/info/publication/schedule/2022,2022-11-01,download_for_local_review,zip,2022-11-01-v3extracts.zip,https://www.pbs.gov.au/publication/schedule/2022/11/2022-11-01-v3extracts.zip?variant=3,au_pbs_structured_293f2b5c32878473,public_reuse_review,Official machine-readable PBS publication package. Format and checksum evidence do not by themselves grant redistribution rights or establish cross-version field parity.,au_pbs,au_pbs_structured_2022_11_01_293f2b5c3287,planned,False,xml_zip
https://www.pbs.gov.au/info/publication/schedule/2018,2018-01-01,download_for_local_review,zip,2018-01-01-xml-V3.zip,https://www.pbs.gov.au/publication/schedule/2018/01/2018-01-01-xml-V3.zip?variant=3,au_pbs_structured_2959c4c24ffc582f,public_reuse_review,Official machine-readable PBS publication package. Format and checksum evidence do not by themselves grant redistribution rights or establish cross-version field parity.,au_pbs,au_pbs_structured_2018_01_01_2959c4c24ffc,planned,False,xml_zip
https://www.pbs.gov.au/info/publication/schedule/2020,2020-09-01,download_for_local_review,zip,2020-09-01-xml-V3.zip,https://www.pbs.gov.au/publication/schedule/2020/09/2020-09-01-xml-V3.zip?variant=3,au_pbs_structured_2a8f5e1194462a1e,public_reuse_review,Official machine-readable PBS publication package. Format and checksum evidence do not by themselves grant redistribution rights or establish cross-version field parity.,au_pbs,au_pbs_structured_2020_09_01_2a8f5e119446,planned,False,xml_zip
https://www.pbs.gov.au/info/publication/schedule/2008,2008-01-01,download_for_local_review,zip,2008-01-01-general-schedule-xml.zip,https://www.pbs.gov.au/publication/schedule/2008/2008-01-01-general-schedule-xml.zip?variant=3,au_pbs_structured_2ac907283871777f,public_reuse_review,Official machine-readable PBS publication package. Format and checksum evidence do not by themselves grant redistribution rights or establish cross-version field parity.,au_pbs,au_pbs_structured_2008_01_01_2ac907283871,planned,False,xml_zip
https://www.pbs.gov.au/info/publication/schedule/2011,2011-02-01,download_for_local_review,zip,2011-02-01-general-schedule-ascii.zip,https://www.pbs.gov.au/publication/schedule/2011/01/2011-02-01-general-schedule-ascii.zip?variant=3,au_pbs_structured_2b092d33931f94cb,public_reuse_review,Official machine-readable PBS publication package. Format and checksum evidence do not by themselves grant redistribution rights or establish cross-version field parity.,au_pbs,au_pbs_structured_2011_02_01_2b092d33931f,planned,False,text_zip
https://www.pbs.gov.au/info/publication/schedule/2026,2026-05-01,download_for_local_review,zip,2026-05-01-XML-V3.zip,https://www.pbs.gov.au/publication/schedule/2026/05/2026-05-01-XML-V3.zip?variant=3,au_pbs_structured_2b63f17627297394,public_reuse_review,Official machine-readable PBS publication package. Format and checksum evidence do not by themselves grant redistribution rights or establish cross-version field parity.,au_pbs,au_pbs_structured_2026_05_01_2b63f1762729,planned,False,xml_zip
https://www.pbs.gov.au/info/publication/schedule/2016,2016-01-01,download_for_local_review,zip,2016-01-01-extracts.zip,https://www.pbs.gov.au/publication/schedule/2016/01/2016-01-01-extracts.zip?variant=3,au_pbs_structured_2c56eb7a1c58d74a,public_reuse_review,Official machine-readable PBS publication package. Format and checksum evidence do not by themselves grant redistribution rights or establish cross-version field parity.,au_pbs,au_pbs_structured_2016_01_01_2c56eb7a1c58,planned,False,structured_extract_zip
https://www.pbs.gov.au/info/publication/schedule/2022,2022-01-01,download_for_local_review,zip,2022-01-01-v3extracts.zip,https://www.pbs.gov.au/publication/schedule/2022/01/2022-01-01-v3extracts.zip?variant=3,au_pbs_structured_2c74c175290b20ab,public_reuse_review,Official machine-readable PBS publication package. Format and checksum evidence do not by themselves grant redistribution rights or establish cross-version field parity.,au_pbs,au_pbs_structured_2022_01_01_2c74c175290b,planned,False,xml_zip
https://www.pbs.gov.au/info/publication/schedule/2007,2007-08-01,download_for_local_review,zip,2007-08-01-general-schedule-xml.zip,https://www.pbs.gov.au/publication/schedule/2007/2007-08-01-general-schedule-xml.zip?variant=3,au_pbs_structured_2c79ec5d574523da,public_reuse_review,Official machine-readable PBS publication package. Format and checksum evidence do not by themselves grant redistribution rights or establish cross-version field parity.,au_pbs,au_pbs_structured_2007_08_01_2c79ec5d5745,planned,False,xml_zip
https://www.pbs.gov.au/info/publication/schedule/2024,2024-08-01,download_for_local_review,zip,2024-08-01-v3extracts.zip,https://www.pbs.gov.au/publication/schedule/2024/08/2024-08-01-v3extracts.zip?variant=3,au_pbs_structured_2cb9e856c5f5d43f,public_reuse_review,Official machine-readable PBS publication package. Format and checksum evidence do not by themselves grant redistribution rights or establish cross-version field parity.,au_pbs,au_pbs_structured_2024_08_01_2cb9e856c5f5,planned,False,xml_zip
https://www.pbs.gov.au/info/publication/schedule/2025,2025-05-01,download_for_local_review,zip,2025-05-01-v3soextracts.zip,https://www.pbs.gov.au/publication/schedule/2025/05/2025-05-01-v3soextracts.zip?variant=3,au_pbs_structured_2d2c06b15ba45d49,public_reuse_review,Official machine-readable PBS publication package. Format and checksum evidence do not by themselves grant redistribution rights or establish cross-version field parity.,au_pbs,au_pbs_structured_2025_05_01_2d2c06b15ba4,planned,False,xml_zip
https://www.pbs.gov.au/info/publication/schedule/2019,2019-03-01,download_for_local_review,zip,2019-03-01-extracts-down-converted.zip,https://www.pbs.gov.au/publication/schedule/2019/03/2019-03-01-extracts-down-converted.zip?variant=3,au_pbs_structured_2d3d568cf040371c,public_reuse_review,Official machine-readable PBS publication package. Format and checksum evidence do not by themselves grant redistribution rights or establish cross-version field parity.,au_pbs,au_pbs_structured_2019_03_01_2d3d568cf040,planned,False,structured_extract_zip
https://www.pbs.gov.au/info/publication/schedule/2023,2023-07-01,download_for_local_review,zip,2023-07-01-v3extracts.zip,https://www.pbs.gov.au/publication/schedule/2023/07/2023-07-01-v3extracts.zip?variant=3,au_pbs_structured_2d628af2f0a48528,public_reuse_review,Official machine-readable PBS publication package. Format and checksum evidence do not by themselves grant redistribution rights or establish cross-version field parity.,au_pbs,au_pbs_structured_2023_07_01_2d628af2f0a4,planned,False,xml_zip
https://www.pbs.gov.au/info/publication/schedule/2019,2019-07-01,download_for_local_review,zip,2019-07-01-V2-down-converted.zip,https://www.pbs.gov.au/publication/schedule/2019/07/2019-07-01-V2-down-converted.zip?variant=3,au_pbs_structured_2dcaadd95749cdcf,public_reuse_review,Official machine-readable PBS publication package. Format and checksum evidence do not by themselves grant redistribution rights or establish cross-version field parity.,au_pbs,au_pbs_structured_2019_07_01_2dcaadd95749,planned,False,xml_zip
https://www.pbs.gov.au/info/publication/schedule/2025,2025-08-01,download_for_local_review,zip,2025-08-01-v3soextracts.zip,https://www.pbs.gov.au/publication/schedule/2025/08/2025-08-01-v3soextracts.zip?variant=3,au_pbs_structured_2e0563c727b62963,public_reuse_review,Official machine-readable PBS publication package. Format and checksum evidence do not by themselves grant redistribution rights or establish cross-version field parity.,au_pbs,au_pbs_structured_2025_08_01_2e0563c727b6,planned,False,xml_zip
https://www.pbs.gov.au/info/publication/schedule/2025,2025-12-01,download_for_local_review,zip,2025-12-01-v3extracts.zip,https://www.pbs.gov.au/publication/schedule/2025/12/2025-12-01-v3extracts.zip?variant=3,au_pbs_structured_2eba682a44db236d,public_reuse_review,Official machine-readable PBS publication package. Format and checksum evidence do not by themselves grant redistribution rights or establish cross-version field parity.,au_pbs,au_pbs_structured_2025_12_01_2eba682a44db,planned,False,xml_zip
https://www.pbs.gov.au/info/publication/schedule/2022,2022-03-01,download_for_local_review,zip,2022-03-01-V2-down-converted.zip,https://www.pbs.gov.au/publication/schedule/2022/03/2022-03-01-V2-down-converted.zip?variant=3,au_pbs_structured_2f2259c5b1271f48,public_reuse_review,Official machine-readable PBS publication package. Format and checksum evidence do not by themselves grant redistribution rights or establish cross-version field parity.,au_pbs,au_pbs_structured_2022_03_01_2f2259c5b127,planned,False,xml_zip
https://www.pbs.gov.au/info/publication/schedule/2022,2022-09-01,download_for_local_review,zip,2022-09-01-V2-down-converted.zip,https://www.pbs.gov.au/publication/schedule/2022/09/2022-09-01-V2-down-converted.zip?variant=3,au_pbs_structured_2f46577595b43c1f,public_reuse_review,Official machine-readable PBS publication package. Format and checksum evidence do not by themselves grant redistribution rights or establish cross-version field parity.,au_pbs,au_pbs_structured_2022_09_01_2f46577595b4,planned,False,xml_zip
https://www.pbs.gov.au/info/publication/schedule/2010,2010-06-01,download_for_local_review,zip,2010-06-01-general-schedule-xml.zip,https://www.pbs.gov.au/publication/schedule/2010/2010-06-01-general-schedule-xml.zip?variant=3,au_pbs_structured_2fdf8a5a6e577b3b,public_reuse_review,Official machine-readable PBS publication package. Format and checksum evidence do not by themselves grant redistribution rights or establish cross-version field parity.,au_pbs,au_pbs_structured_2010_06_01_2fdf8a5a6e57,planned,False,xml_zip
https://www.pbs.gov.au/info/publication/schedule/2008,2008-08-01,download_for_local_review,zip,2008-08-01-general-schedule-xml.zip,https://www.pbs.gov.au/publication/schedule/2008/2008-08-01-general-schedule-xml.zip?variant=3,au_pbs_structured_305c4a67bc9c6ab2,public_reuse_review,Official machine-readable PBS publication package. Format and checksum evidence do not by themselves grant redistribution rights or establish cross-version field parity.,au_pbs,au_pbs_structured_2008_08_01_305c4a67bc9c,planned,False,xml_zip
https://www.pbs.gov.au/info/publication/schedule/2023,2023-02-01,download_for_local_review,zip,2023-02-01-xml-V3.zip,https://www.pbs.gov.au/publication/schedule/2023/02/2023-02-01-xml-V3.zip?variant=3,au_pbs_structured_31d11d20a19ecb63,public_reuse_review,Official machine-readable PBS publication package. Format and checksum evidence do not by themselves grant redistribution rights or establish cross-version field parity.,au_pbs,au_pbs_structured_2023_02_01_31d11d20a19e,planned,False,xml_zip
https://www.pbs.gov.au/info/publication/schedule/2015,2015-11-01,download_for_local_review,zip,2015-11-01-xml.zip,https://www.pbs.gov.au/publication/schedule/2015/11/2015-11-01-xml.zip?variant=3,au_pbs_structured_3229b70e186fc0c4,public_reuse_review,Official machine-readable PBS publication package. Format and checksum evidence do not by themselves grant redistribution rights or establish cross-version field parity.,au_pbs,au_pbs_structured_2015_11_01_3229b70e186f,planned,False,xml_zip
https://www.pbs.gov.au/info/publication/schedule/2011,2011-10-01,download_for_local_review,zip,2011-10-01-general-schedule-xml.zip,https://www.pbs.gov.au/publication/schedule/2011/10/2011-10-01-general-schedule-xml.zip?variant=3,au_pbs_structured_3430d876cbf6705e,public_reuse_review,Official machine-readable PBS publication package. Format and checksum evidence do not by themselves grant redistribution rights or establish cross-version field parity.,au_pbs,au_pbs_structured_2011_10_01_3430d876cbf6,planned,False,xml_zip
https://www.pbs.gov.au/info/publication/schedule/2018,2018-06-01,download_for_local_review,zip,2018-06-01-extracts-down-converted.zip,https://www.pbs.gov.au/publication/schedule/2018/06/2018-06-01-extracts-down-converted.zip?variant=3,au_pbs_structured_345740c2ea717732,public_reuse_review,Official machine-readable PBS publication package. Format and checksum evidence do not by themselves grant redistribution rights or establish cross-version field parity.,au_pbs,au_pbs_structured_2018_06_01_345740c2ea71,planned,False,structured_extract_zip
https://www.pbs.gov.au/info/publication/schedule/2011,2011-01-01,download_for_local_review,zip,2011-01-01-general-schedule-ascii.zip,https://www.pbs.gov.au/publication/schedule/2011/01/2011-01-01-general-schedule-ascii.zip?variant=3,au_pbs_structured_349b2cd6dfb434f3,public_reuse_review,Official machine-readable PBS publication package. Format and checksum evidence do not by themselves grant redistribution rights or establish cross-version field parity.,au_pbs,au_pbs_structured_2011_01_01_349b2cd6dfb4,planned,False,text_zip
https://www.pbs.gov.au/info/publication/schedule/2018,2018-10-01,download_for_local_review,zip,2018-10-01-xml-V3.zip,https://www.pbs.gov.au/publication/schedule/2018/10/2018-10-01-xml-V3.zip?variant=3,au_pbs_structured_34e2eb3369aa7e1d,public_reuse_review,Official machine-readable PBS publication package. Format and checksum evidence do not by themselves grant redistribution rights or establish cross-version field parity.,au_pbs,au_pbs_structured_2018_10_01_34e2eb3369aa,planned,False,xml_zip
https://www.pbs.gov.au/info/publication/schedule/2007,2007-07-01,download_for_local_review,zip,2007-07-01-general-schedule-xml.zip,https://www.pbs.gov.au/publication/schedule/2007/2007-07-01-general-schedule-xml.zip?variant=3,au_pbs_structured_34e76542b8f73231,public_reuse_review,Official machine-readable PBS publication package. Format and checksum evidence do not by themselves grant redistribution rights or establish cross-version field parity.,au_pbs,au_pbs_structured_2007_07_01_34e76542b8f7,planned,False,xml_zip
https://www.pbs.gov.au/info/publication/schedule/2013,2013-07-01,download_for_local_review,zip,2013-07-01-xml.zip,https://www.pbs.gov.au/publication/schedule/2013/07/2013-07-01-xml.zip?variant=3,au_pbs_structured_3540db37f0aeea48,public_reuse_review,Official machine-readable PBS publication package. Format and checksum evidence do not by themselves grant redistribution rights or establish cross-version field parity.,au_pbs,au_pbs_structured_2013_07_01_3540db37f0ae,planned,False,xml_zip
https://www.pbs.gov.au/info/publication/schedule/2023,2023-09-01,download_for_local_review,zip,2023-09-01-v3extracts.zip,https://www.pbs.gov.au/publication/schedule/2023/09/2023-09-01-v3extracts.zip?variant=3,au_pbs_structured_35dd7ad2d4ee6fe0,public_reuse_review,Official machine-readable PBS publication package. Format and checksum evidence do not by themselves grant redistribution rights or establish cross-version field parity.,au_pbs,au_pbs_structured_2023_09_01_35dd7ad2d4ee,planned,False,xml_zip
https://www.pbs.gov.au/info/publication/schedule/2010,2010-01-01,download_for_local_review,zip,2010-01-01-general-schedule-ascii.zip,https://www.pbs.gov.au/publication/schedule/2010/2010-01-01-general-schedule-ascii.zip?variant=3,au_pbs_structured_35faedd138bd42a0,public_reuse_review,Official machine-readable PBS publication package. Format and checksum evidence do not by themselves grant redistribution rights or establish cross-version field parity.,au_pbs,au_pbs_structured_2010_01_01_35faedd138bd,planned,False,text_zip
https://www.pbs.gov.au/info/publication/schedule/2024,2024-11-01,download_for_local_review,zip,2024-11-01-v3soextracts.zip,https://www.pbs.gov.au/publication/schedule/2024/11/2024-11-01-v3soextracts.zip?variant=3,au_pbs_structured_36f4605ed47c2f12,public_reuse_review,Official machine-readable PBS publication package. Format and checksum evidence do not by themselves grant redistribution rights or establish cross-version field parity.,au_pbs,au_pbs_structured_2024_11_01_36f4605ed47c,planned,False,xml_zip
https://www.pbs.gov.au/info/publication/schedule/2009,2009-11-01,download_for_local_review,zip,2009-11-01-general-schedule-ascii.zip,https://www.pbs.gov.au/publication/schedule/2009/2009-11-01-general-schedule-ascii.zip?variant=3,au_pbs_structured_370ffa1551de562e,public_reuse_review,Official machine-readable PBS publication package. Format and checksum evidence do not by themselves grant redistribution rights or establish cross-version field parity.,au_pbs,au_pbs_structured_2009_11_01_370ffa1551de,planned,False,text_zip
https://www.pbs.gov.au/info/publication/schedule/2013,2013-09-01,download_for_local_review,zip,2013-09-01-extracts.zip,https://www.pbs.gov.au/publication/schedule/2013/09/2013-09-01-extracts.zip?variant=3,au_pbs_structured_376b0f974ab3bec5,public_reuse_review,Official machine-readable PBS publication package. Format and checksum evidence do not by themselves grant redistribution rights or establish cross-version field parity.,au_pbs,au_pbs_structured_2013_09_01_376b0f974ab3,planned,False,structured_extract_zip
https://www.pbs.gov.au/info/publication/schedule/2021,2021-10-01,download_for_local_review,zip,2021-10-01-V2-down-converted.zip,https://www.pbs.gov.au/publication/schedule/2021/10/2021-10-01-V2-down-converted.zip?variant=3,au_pbs_structured_3797361b06a9e834,public_reuse_review,Official machine-readable PBS publication package. Format and checksum evidence do not by themselves grant redistribution rights or establish cross-version field parity.,au_pbs,au_pbs_structured_2021_10_01_3797361b06a9,planned,False,xml_zip
https://www.pbs.gov.au/info/publication/schedule/2022,2022-10-01,download_for_local_review,zip,2022-10-01-xml-V3.zip,https://www.pbs.gov.au/publication/schedule/2022/10/2022-10-01-xml-V3.zip?variant=3,au_pbs_structured_37f8fd8a8ecddb4a,public_reuse_review,Official machine-readable PBS publication package. Format and checksum evidence do not by themselves grant redistribution rights or establish cross-version field parity.,au_pbs,au_pbs_structured_2022_10_01_37f8fd8a8ecd,planned,False,xml_zip
https://www.pbs.gov.au/info/publication/schedule/2025,2025-04-01,download_for_local_review,zip,2025-04-01-xml-V3.zip,https://www.pbs.gov.au/publication/schedule/2025/04/2025-04-01-xml-V3.zip?variant=3,au_pbs_structured_38a5abafcc4f0e00,public_reuse_review,Official machine-readable PBS publication package. Format and checksum evidence do not by themselves grant redistribution rights or establish cross-version field parity.,au_pbs,au_pbs_structured_2025_04_01_38a5abafcc4f,planned,False,xml_zip
https://www.pbs.gov.au/info/publication/schedule/2008,2008-09-01,download_for_local_review,zip,2008-09-01-general-schedule-xml.zip,https://www.pbs.gov.au/publication/schedule/2008/2008-09-01-general-schedule-xml.zip?variant=3,au_pbs_structured_39035a4f760e5c5e,public_reuse_review,Official machine-readable PBS publication package. Format and checksum evidence do not by themselves grant redistribution rights or establish cross-version field parity.,au_pbs,au_pbs_structured_2008_09_01_39035a4f760e,planned,False,xml_zip
https://www.pbs.gov.au/info/publication/schedule/2025,2025-06-01,download_for_local_review,zip,2025-06-01-v3soextracts.zip,https://www.pbs.gov.au/publication/schedule/2025/06/2025-06-01-v3soextracts.zip?variant=3,au_pbs_structured_391225676b98f294,public_reuse_review,Official machine-readable PBS publication package. Format and checksum evidence do not by themselves grant redistribution rights or establish cross-version field parity.,au_pbs,au_pbs_structured_2025_06_01_391225676b98,planned,False,xml_zip
https://www.pbs.gov.au/info/publication/schedule/2020,2020-04-01,download_for_local_review,zip,2020-04-01-V2-down-converted.zip,https://www.pbs.gov.au/publication/schedule/2020/04/2020-04-01-V2-down-converted.zip?variant=3,au_pbs_structured_3918173c8453acbb,public_reuse_review,Official machine-readable PBS publication package. Format and checksum evidence do not by themselves grant redistribution rights or establish cross-version field parity.,au_pbs,au_pbs_structured_2020_04_01_3918173c8453,planned,False,xml_zip
https://www.pbs.gov.au/info/publication/schedule/2018,2018-01-01,download_for_local_review,zip,2018-01-01-V2-down-converted.zip,https://www.pbs.gov.au/publication/schedule/2018/01/2018-01-01-V2-down-converted.zip?variant=3,au_pbs_structured_3994f8c72e79c85b,public_reuse_review,Official machine-readable PBS publication package. Format and checksum evidence do not by themselves grant redistribution rights or establish cross-version field parity.,au_pbs,au_pbs_structured_2018_01_01_3994f8c72e79,planned,False,xml_zip
https://www.pbs.gov.au/info/publication/schedule/2025,2025-11-01,download_for_local_review,zip,2025-11-01-V2-down-converted.zip,https://www.pbs.gov.au/publication/schedule/2025/11/2025-11-01-V2-down-converted.zip?variant=3,au_pbs_structured_39bdfac34b30d54b,public_reuse_review,Official machine-readable PBS publication package. Format and checksum evidence do not by themselves grant redistribution rights or establish cross-version field parity.,au_pbs,au_pbs_structured_2025_11_01_39bdfac34b30,planned,False,xml_zip
https://www.pbs.gov.au/info/publication/schedule/2008,2008-08-01,download_for_local_review,zip,2008-08-01-general-schedule-ascii.zip,https://www.pbs.gov.au/publication/schedule/2008/2008-08-01-general-schedule-ascii.zip?variant=3,au_pbs_structured_39cbb701c5976ba1,public_reuse_review,Official machine-readable PBS publication package. Format and checksum evidence do not by themselves grant redistribution rights or establish cross-version field parity.,au_pbs,au_pbs_structured_2008_08_01_39cbb701c597,planned,False,text_zip
https://www.pbs.gov.au/info/publication/schedule/2013,2013-05-01,download_for_local_review,zip,2013-05-01-extracts.zip,https://www.pbs.gov.au/publication/schedule/2013/05/2013-05-01-extracts.zip?variant=3,au_pbs_structured_39d8c9a4711fcabf,public_reuse_review,Official machine-readable PBS publication package. Format and checksum evidence do not by themselves grant redistribution rights or establish cross-version field parity.,au_pbs,au_pbs_structured_2013_05_01_39d8c9a4711f,planned,False,structured_extract_zip
https://www.pbs.gov.au/info/publication/schedule/2026,2026-05-01,download_for_local_review,zip,2026-05-01-PBS-API-CSV-files.zip,https://www.pbs.gov.au/publication/schedule/2026/05/2026-05-01-PBS-API-CSV-files.zip?variant=3,au_pbs_structured_3a433351839d0c41,public_reuse_review,Official machine-readable PBS publication package. Format and checksum evidence do not by themselves grant redistribution rights or establish cross-version field parity.,au_pbs,au_pbs_structured_2026_05_01_3a433351839d,planned,False,csv_zip
https://www.pbs.gov.au/info/publication/schedule/2012,2012-01-01,download_for_local_review,zip,2012-01-01-general-schedule-ascii.zip,https://www.pbs.gov.au/publication/schedule/2012/01/2012-01-01-general-schedule-ascii.zip?variant=3,au_pbs_structured_3a77ed17996d4eca,public_reuse_review,Official machine-readable PBS publication package. Format and checksum evidence do not by themselves grant redistribution rights or establish cross-version field parity.,au_pbs,au_pbs_structured_2012_01_01_3a77ed17996d,planned,False,text_zip
https://www.pbs.gov.au/info/publication/schedule/2010,2010-05-01,download_for_local_review,zip,2010-05-01-general-schedule-xml.zip,https://www.pbs.gov.au/publication/schedule/2010/2010-05-01-general-schedule-xml.zip?variant=3,au_pbs_structured_3a92b7dc2e4464e0,public_reuse_review,Official machine-readable PBS publication package. Format and checksum evidence do not by themselves grant redistribution rights or establish cross-version field parity.,au_pbs,au_pbs_structured_2010_05_01_3a92b7dc2e44,planned,False,xml_zip
https://www.pbs.gov.au/info/publication/schedule/2007,2007-10-01,download_for_local_review,zip,2007-10-01-general-schedule-ascii.zip,https://www.pbs.gov.au/publication/schedule/2007/2007-10-01-general-schedule-ascii.zip?variant=3,au_pbs_structured_3b16465e6b71bfb6,public_reuse_review,Official machine-readable PBS publication package. Format and checksum evidence do not by themselves grant redistribution rights or establish cross-version field parity.,au_pbs,au_pbs_structured_2007_10_01_3b16465e6b71,planned,False,text_zip
https://www.pbs.gov.au/info/publication/schedule/2021,2021-11-01,download_for_local_review,zip,2021-11-01-v3soextracts.zip,https://www.pbs.gov.au/publication/schedule/2021/11/2021-11-01-v3soextracts.zip?variant=3,au_pbs_structured_3bb0968f70c807c6,public_reuse_review,Official machine-readable PBS publication package. Format and checksum evidence do not by themselves grant redistribution rights or establish cross-version field parity.,au_pbs,au_pbs_structured_2021_11_01_3bb0968f70c8,planned,False,xml_zip
https://www.pbs.gov.au/info/publication/schedule/2020,2020-12-01,download_for_local_review,zip,2020-12-01-v3extracts.zip,https://www.pbs.gov.au/publication/schedule/2020/12/2020-12-01-v3extracts.zip?variant=3,au_pbs_structured_3bebb905dc8f1d5b,public_reuse_review,Official machine-readable PBS publication package. Format and checksum evidence do not by themselves grant redistribution rights or establish cross-version field parity.,au_pbs,au_pbs_structured_2020_12_01_3bebb905dc8f,planned,False,xml_zip
https://www.pbs.gov.au/info/publication/schedule/2013,2013-06-01,download_for_local_review,zip,2013-06-01-xml.zip,https://www.pbs.gov.au/publication/schedule/2013/06/2013-06-01-xml.zip?variant=3,au_pbs_structured_3c0890d4eeea5253,public_reuse_review,Official machine-readable PBS publication package. Format and checksum evidence do not by themselves grant redistribution rights or establish cross-version field parity.,au_pbs,au_pbs_structured_2013_06_01_3c0890d4eeea,planned,False,xml_zip
https://www.pbs.gov.au/info/publication/schedule/2020,2020-05-01,download_for_local_review,zip,2020-05-01-extracts-down-converted.zip,https://www.pbs.gov.au/publication/schedule/2020/05/2020-05-01-extracts-down-converted.zip?variant=3,au_pbs_structured_3c09823e45299b10,public_reuse_review,Official machine-readable PBS publication package. Format and checksum evidence do not by themselves grant redistribution rights or establish cross-version field parity.,au_pbs,au_pbs_structured_2020_05_01_3c09823e4529,planned,False,structured_extract_zip
https://www.pbs.gov.au/info/publication/schedule/2019,2019-06-01,download_for_local_review,zip,2019-06-01-xml-V3.zip,https://www.pbs.gov.au/publication/schedule/2019/06/2019-06-01-xml-V3.zip?variant=3,au_pbs_structured_3c7f077ba9de1ae6,public_reuse_review,Official machine-readable PBS publication package. Format and checksum evidence do not by themselves grant redistribution rights or establish cross-version field parity.,au_pbs,au_pbs_structured_2019_06_01_3c7f077ba9de,planned,False,xml_zip
https://www.pbs.gov.au/info/publication/schedule/2011,2011-02-01,download_for_local_review,zip,2011-02-01-general-schedule-xml.zip,https://www.pbs.gov.au/publication/schedule/2011/01/2011-02-01-general-schedule-xml.zip?variant=3,au_pbs_structured_3c9ad7d46c349d4a,public_reuse_review,Official machine-readable PBS publication package. Format and checksum evidence do not by themselves grant redistribution rights or establish cross-version field parity.,au_pbs,au_pbs_structured_2011_02_01_3c9ad7d46c34,planned,False,xml_zip
https://www.pbs.gov.au/info/publication/schedule/2018,2018-04-01,download_for_local_review,zip,2018-04-01-V2-down-converted.zip,https://www.pbs.gov.au/publication/schedule/2018/04/2018-04-01-V2-down-converted.zip?variant=3,au_pbs_structured_3d732fa901f4895d,public_reuse_review,Official machine-readable PBS publication package. Format and checksum evidence do not by themselves grant redistribution rights or establish cross-version field parity.,au_pbs,au_pbs_structured_2018_04_01_3d732fa901f4,planned,False,xml_zip
https://www.pbs.gov.au/info/publication/schedule/2010,2010-10-01,download_for_local_review,zip,2010-10-01-general-schedule-ascii.zip,https://www.pbs.gov.au/publication/schedule/2010/2010-10-01-general-schedule-ascii.zip?variant=3,au_pbs_structured_3d852b8c017c16e3,public_reuse_review,Official machine-readable PBS publication package. Format and checksum evidence do not by themselves grant redistribution rights or establish cross-version field parity.,au_pbs,au_pbs_structured_2010_10_01_3d852b8c017c,planned,False,text_zip
https://www.pbs.gov.au/info/publication/schedule/2020,2020-11-01,download_for_local_review,zip,2020-11-01-V2-down-converted.zip,https://www.pbs.gov.au/publication/schedule/2020/11/2020-11-01-V2-down-converted.zip?variant=3,au_pbs_structured_3dade34faf031b8d,public_reuse_review,Official machine-readable PBS publication package. Format and checksum evidence do not by themselves grant redistribution rights or establish cross-version field parity.,au_pbs,au_pbs_structured_2020_11_01_3dade34faf03,planned,False,xml_zip
https://www.pbs.gov.au/info/publication/schedule/2022,2022-04-01,download_for_local_review,zip,2022-04-01-v3soextracts-release-2.zip,https://www.pbs.gov.au/publication/schedule/2022/04/2022-04-01-v3soextracts-release-2.zip?variant=3,au_pbs_structured_3de9b2913d057cf0,public_reuse_review,Official machine-readable PBS publication package. Format and checksum evidence do not by themselves grant redistribution rights or establish cross-version field parity.,au_pbs,au_pbs_structured_2022_04_01_3de9b2913d05,planned,False,xml_zip
https://www.pbs.gov.au/info/publication/schedule/2013,2013-01-01,download_for_local_review,zip,2013-01-01-xml.zip,https://www.pbs.gov.au/publication/schedule/2013/01/2013-01-01-xml.zip?variant=3,au_pbs_structured_3eda8df56a5b4b16,public_reuse_review,Official machine-readable PBS publication package. Format and checksum evidence do not by themselves grant redistribution rights or establish cross-version field parity.,au_pbs,au_pbs_structured_2013_01_01_3eda8df56a5b,planned,False,xml_zip
https://www.pbs.gov.au/info/publication/schedule/2022,2022-07-01,download_for_local_review,zip,2022-07-01-v3extracts.zip,https://www.pbs.gov.au/publication/schedule/2022/07/2022-07-01-v3extracts.zip?variant=3,au_pbs_structured_3f2cc495f4abecb6,public_reuse_review,Official machine-readable PBS publication package. Format and checksum evidence do not by themselves grant redistribution rights or establish cross-version field parity.,au_pbs,au_pbs_structured_2022_07_01_3f2cc495f4ab,planned,False,xml_zip
https://www.pbs.gov.au/info/publication/schedule/2026,2026-01-01,download_for_local_review,zip,2026-01-01-PBS-API-CSV-files.zip,https://www.pbs.gov.au/publication/schedule/2026/01/2026-01-01-PBS-API-CSV-files.zip?variant=3,au_pbs_structured_3f3e2cbfef7ceb72,public_reuse_review,Official machine-readable PBS publication package. Format and checksum evidence do not by themselves grant redistribution rights or establish cross-version field parity.,au_pbs,au_pbs_structured_2026_01_01_3f3e2cbfef7c,planned,False,csv_zip
https://www.pbs.gov.au/info/publication/schedule/2019,2019-12-01,download_for_local_review,zip,2019-12-01-V2-down-converted.zip,https://www.pbs.gov.au/publication/schedule/2019/12/2019-12-01-V2-down-converted.zip?variant=3,au_pbs_structured_3ff73af1bc75e57e,public_reuse_review,Official machine-readable PBS publication package. Format and checksum evidence do not by themselves grant redistribution rights or establish cross-version field parity.,au_pbs,au_pbs_structured_2019_12_01_3ff73af1bc75,planned,False,xml_zip
https://www.pbs.gov.au/info/publication/schedule/2021,2021-02-01,download_for_local_review,zip,2021-02-01-v3soextracts-r2.zip,https://www.pbs.gov.au/publication/schedule/2021/02/2021-02-01-v3soextracts-r2.zip?variant=3,au_pbs_structured_4079c0636a9084a1,public_reuse_review,Official machine-readable PBS publication package. Format and checksum evidence do not by themselves grant redistribution rights or establish cross-version field parity.,au_pbs,au_pbs_structured_2021_02_01_4079c0636a90,planned,False,xml_zip
https://www.pbs.gov.au/info/publication/schedule/2009,2009-12-01,download_for_local_review,zip,2009-12-01-general-schedule-ascii.zip,https://www.pbs.gov.au/publication/schedule/2009/2009-12-01-general-schedule-ascii.zip?variant=3,au_pbs_structured_408fd9a67c53bc48,public_reuse_review,Official machine-readable PBS publication package. Format and checksum evidence do not by themselves grant redistribution rights or establish cross-version field parity.,au_pbs,au_pbs_structured_2009_12_01_408fd9a67c53,planned,False,text_zip
https://www.pbs.gov.au/info/publication/schedule/2014,2014-01-01,download_for_local_review,zip,2014-01-01-xml.zip,https://www.pbs.gov.au/publication/schedule/2014/01/2014-01-01-xml.zip?variant=3,au_pbs_structured_41ef79f04f8c7a15,public_reuse_review,Official machine-readable PBS publication package. Format and checksum evidence do not by themselves grant redistribution rights or establish cross-version field parity.,au_pbs,au_pbs_structured_2014_01_01_41ef79f04f8c,planned,False,xml_zip
https://www.pbs.gov.au/info/publication/schedule/2014,2014-06-01,download_for_local_review,zip,2014-06-01-xml.zip,https://www.pbs.gov.au/publication/schedule/2014/06/2014-06-01-xml.zip?variant=3,au_pbs_structured_4232ff6f2ebda96a,public_reuse_review,Official machine-readable PBS publication package. Format and checksum evidence do not by themselves grant redistribution rights or establish cross-version field parity.,au_pbs,au_pbs_structured_2014_06_01_4232ff6f2ebd,planned,False,xml_zip
https://www.pbs.gov.au/info/publication/schedule/2018,2018-07-01,download_for_local_review,zip,2018-07-01-extracts-down-converted.zip,https://www.pbs.gov.au/publication/schedule/2018/07/2018-07-01-extracts-down-converted.zip?variant=3,au_pbs_structured_4308742961bc6d0a,public_reuse_review,Official machine-readable PBS publication package. Format and checksum evidence do not by themselves grant redistribution rights or establish cross-version field parity.,au_pbs,au_pbs_structured_2018_07_01_4308742961bc,planned,False,structured_extract_zip
https://www.pbs.gov.au/info/publication/schedule/2020,2020-04-01,download_for_local_review,zip,2020-04-01-extracts-down-converted.zip,https://www.pbs.gov.au/publication/schedule/2020/04/2020-04-01-extracts-down-converted.zip?variant=3,au_pbs_structured_4330d3595dadcb24,public_reuse_review,Official machine-readable PBS publication package. Format and checksum evidence do not by themselves grant redistribution rights or establish cross-version field parity.,au_pbs,au_pbs_structured_2020_04_01_4330d3595dad,planned,False,structured_extract_zip
https://www.pbs.gov.au/info/publication/schedule/2015,2015-01-01,download_for_local_review,zip,2015-01-01-xml.zip,https://www.pbs.gov.au/publication/schedule/2015/01/2015-01-01-xml.zip?variant=3,au_pbs_structured_434323cfbaa71c5b,public_reuse_review,Official machine-readable PBS publication package. Format and checksum evidence do not by themselves grant redistribution rights or establish cross-version field parity.,au_pbs,au_pbs_structured_2015_01_01_434323cfbaa7,planned,False,xml_zip
https://www.pbs.gov.au/info/publication/schedule/2012,2012-12-01,download_for_local_review,zip,2012-12-01-extracts.zip,https://www.pbs.gov.au/publication/schedule/2012/12/2012-12-01-extracts.zip?variant=3,au_pbs_structured_4358ace4c52afafc,public_reuse_review,Official machine-readable PBS publication package. Format and checksum evidence do not by themselves grant redistribution rights or establish cross-version field parity.,au_pbs,au_pbs_structured_2012_12_01_4358ace4c52a,planned,False,structured_extract_zip
https://www.pbs.gov.au/info/publication/schedule/2022,2022-03-01,download_for_local_review,zip,2022-03-01-v3extracts.zip,https://www.pbs.gov.au/publication/schedule/2022/03/2022-03-01-v3extracts.zip?variant=3,au_pbs_structured_43cd97d1b31cc0a5,public_reuse_review,Official machine-readable PBS publication package. Format and checksum evidence do not by themselves grant redistribution rights or establish cross-version field parity.,au_pbs,au_pbs_structured_2022_03_01_43cd97d1b31c,planned,False,xml_zip
https://www.pbs.gov.au/info/publication/schedule/2018,2018-02-01,download_for_local_review,zip,2018-02-01-xml-V3.zip,https://www.pbs.gov.au/publication/schedule/2018/02/2018-02-01-xml-V3.zip?variant=3,au_pbs_structured_4437ba611016e314,public_reuse_review,Official machine-readable PBS publication package. Format and checksum evidence do not by themselves grant redistribution rights or establish cross-version field parity.,au_pbs,au_pbs_structured_2018_02_01_4437ba611016,planned,False,xml_zip
https://www.pbs.gov.au/info/publication/schedule/2024,2024-06-01,download_for_local_review,zip,2024-06-01-v3extracts.zip,https://www.pbs.gov.au/publication/schedule/2024/06/2024-06-01-v3extracts.zip?variant=3,au_pbs_structured_4505cb246a7b6ce8,public_reuse_review,Official machine-readable PBS publication package. Format and checksum evidence do not by themselves grant redistribution rights or establish cross-version field parity.,au_pbs,au_pbs_structured_2024_06_01_4505cb246a7b,planned,False,xml_zip
https://www.pbs.gov.au/info/publication/schedule/2025,2025-01-01,download_for_local_review,zip,2025-01-01-v3extracts.zip,https://www.pbs.gov.au/publication/schedule/2025/01/2025-01-01-v3extracts.zip?variant=3,au_pbs_structured_4549b9317cfbc952,public_reuse_review,Official machine-readable PBS publication package. Format and checksum evidence do not by themselves grant redistribution rights or establish cross-version field parity.,au_pbs,au_pbs_structured_2025_01_01_4549b9317cfb,planned,False,xml_zip
https://www.pbs.gov.au/info/publication/schedule/2025,2025-09-01,download_for_local_review,zip,2025-09-01-v3extracts.zip,https://www.pbs.gov.au/publication/schedule/2025/09/2025-09-01-v3extracts.zip?variant=3,au_pbs_structured_4584801d590b163a,public_reuse_review,Official machine-readable PBS publication package. Format and checksum evidence do not by themselves grant redistribution rights or establish cross-version field parity.,au_pbs,au_pbs_structured_2025_09_01_4584801d590b,planned,False,xml_zip
https://www.pbs.gov.au/info/publication/schedule/2014,2014-01-01,download_for_local_review,zip,2014-01-01-extracts.zip,https://www.pbs.gov.au/publication/schedule/2014/01/2014-01-01-extracts.zip?variant=3,au_pbs_structured_45df26642f580a57,public_reuse_review,Official machine-readable PBS publication package. Format and checksum evidence do not by themselves grant redistribution rights or establish cross-version field parity.,au_pbs,au_pbs_structured_2014_01_01_45df26642f58,planned,False,structured_extract_zip
https://www.pbs.gov.au/info/publication/schedule/2012,2012-09-01,download_for_local_review,zip,2012-09-01-efc-extracts.zip,https://www.pbs.gov.au/publication/schedule/2012/09/2012-09-01-efc-extracts.zip?variant=3,au_pbs_structured_463bb0ef191e9e0b,public_reuse_review,Official machine-readable PBS publication package. Format and checksum evidence do not by themselves grant redistribution rights or establish cross-version field parity.,au_pbs,au_pbs_structured_2012_09_01_463bb0ef191e,planned,False,structured_extract_zip
https://www.pbs.gov.au/info/publication/schedule/2008,2008-03-01,download_for_local_review,zip,2008-03-01-general-schedule-ascii.zip,https://www.pbs.gov.au/publication/schedule/2008/2008-03-01-general-schedule-ascii.zip?variant=3,au_pbs_structured_4693b93ca6908f17,public_reuse_review,Official machine-readable PBS publication package. Format and checksum evidence do not by themselves grant redistribution rights or establish cross-version field parity.,au_pbs,au_pbs_structured_2008_03_01_4693b93ca690,planned,False,text_zip
https://www.pbs.gov.au/info/publication/schedule/2007,2007-05-01,download_for_local_review,zip,2007-05-01-general-schedule-ascii.zip,https://www.pbs.gov.au/publication/schedule/2007/2007-05-01-general-schedule-ascii.zip?variant=3,au_pbs_structured_46ddd1684ee5a1a9,public_reuse_review,Official machine-readable PBS publication package. Format and checksum evidence do not by themselves grant redistribution rights or establish cross-version field parity.,au_pbs,au_pbs_structured_2007_05_01_46ddd1684ee5,planned,False,text_zip
https://www.pbs.gov.au/info/publication/schedule/2011,2011-06-01,download_for_local_review,zip,2011-06-01-general-schedule-xml.zip,https://www.pbs.gov.au/publication/schedule/2011/06/2011-06-01-general-schedule-xml.zip?variant=3,au_pbs_structured_471512c107f3640e,public_reuse_review,Official machine-readable PBS publication package. Format and checksum evidence do not by themselves grant redistribution rights or establish cross-version field parity.,au_pbs,au_pbs_structured_2011_06_01_471512c107f3,planned,False,xml_zip
https://www.pbs.gov.au/info/publication/schedule/2009,2009-07-01,download_for_local_review,zip,2009-07-01-general-schedule-xml.zip,https://www.pbs.gov.au/publication/schedule/2009/2009-07-01-general-schedule-xml.zip?variant=3,au_pbs_structured_475ec0d9a4c1e01e,public_reuse_review,Official machine-readable PBS publication package. Format and checksum evidence do not by themselves grant redistribution rights or establish cross-version field parity.,au_pbs,au_pbs_structured_2009_07_01_475ec0d9a4c1,planned,False,xml_zip
https://www.pbs.gov.au/info/publication/schedule/2011,2011-03-01,download_for_local_review,zip,2011-03-01-general-schedule-xml.zip,https://www.pbs.gov.au/publication/schedule/2011/03/2011-03-01-general-schedule-xml.zip?variant=3,au_pbs_structured_47c71d73805381f6,public_reuse_review,Official machine-readable PBS publication package. Format and checksum evidence do not by themselves grant redistribution rights or establish cross-version field parity.,au_pbs,au_pbs_structured_2011_03_01_47c71d738053,planned,False,xml_zip
https://www.pbs.gov.au/info/publication/schedule/2012,2012-05-01,download_for_local_review,zip,2012-05-01-efc-xml.zip,https://www.pbs.gov.au/publication/schedule/2012/05/2012-05-01-efc-xml.zip?variant=3,au_pbs_structured_485b9e1e1cf52c29,public_reuse_review,Official machine-readable PBS publication package. Format and checksum evidence do not by themselves grant redistribution rights or establish cross-version field parity.,au_pbs,au_pbs_structured_2012_05_01_485b9e1e1cf5,planned,False,xml_zip
https://www.pbs.gov.au/info/publication/schedule/2015,2015-07-01,download_for_local_review,zip,2015-07-01-xml.zip,https://www.pbs.gov.au/publication/schedule/2015/07/2015-07-01-xml.zip?variant=3,au_pbs_structured_48759c04140e9d1e,public_reuse_review,Official machine-readable PBS publication package. Format and checksum evidence do not by themselves grant redistribution rights or establish cross-version field parity.,au_pbs,au_pbs_structured_2015_07_01_48759c04140e,planned,False,xml_zip
https://www.pbs.gov.au/info/publication/schedule/2025,2025-03-01,download_for_local_review,zip,2025-03-01-V2-down-converted.zip,https://www.pbs.gov.au/publication/schedule/2025/03/2025-03-01-V2-down-converted.zip?variant=3,au_pbs_structured_48d4bbce86fcfcd2,public_reuse_review,Official machine-readable PBS publication package. Format and checksum evidence do not by themselves grant redistribution rights or establish cross-version field parity.,au_pbs,au_pbs_structured_2025_03_01_48d4bbce86fc,planned,False,xml_zip
https://www.pbs.gov.au/info/publication/schedule/2019,2019-02-01,download_for_local_review,zip,2019-02-01-extracts-down-converted.zip,https://www.pbs.gov.au/publication/schedule/2019/02/2019-02-01-extracts-down-converted.zip?variant=3,au_pbs_structured_48e1301f0486e4a5,public_reuse_review,Official machine-readable PBS publication package. Format and checksum evidence do not by themselves grant redistribution rights or establish cross-version field parity.,au_pbs,au_pbs_structured_2019_02_01_48e1301f0486,planned,False,structured_extract_zip
https://www.pbs.gov.au/info/publication/schedule/2023,2023-08-01,download_for_local_review,zip,2023-08-01-xml-V3.zip,https://www.pbs.gov.au/publication/schedule/2023/08/2023-08-01-xml-V3.zip?variant=3,au_pbs_structured_49149126de0d156a,public_reuse_review,Official machine-readable PBS publication package. Format and checksum evidence do not by themselves grant redistribution rights or establish cross-version field parity.,au_pbs,au_pbs_structured_2023_08_01_49149126de0d,planned,False,xml_zip
https://www.pbs.gov.au/info/publication/schedule/2025,2025-08-01,download_for_local_review,zip,2025-08-01-PBS-API-CSV-files.zip,https://www.pbs.gov.au/publication/schedule/2025/08/2025-08-01-PBS-API-CSV-files.zip?variant=3,au_pbs_structured_49d24383b53bdf59,public_reuse_review,Official machine-readable PBS publication package. Format and checksum evidence do not by themselves grant redistribution rights or establish cross-version field parity.,au_pbs,au_pbs_structured_2025_08_01_49d24383b53b,planned,False,csv_zip
https://www.pbs.gov.au/info/publication/schedule/2007,2007-05-01,download_for_local_review,zip,2007-05-01-general-schedule-xml.zip,https://www.pbs.gov.au/publication/schedule/2007/2007-05-01-general-schedule-xml.zip?variant=3,au_pbs_structured_4a0c81b656408a33,public_reuse_review,Official machine-readable PBS publication package. Format and checksum evidence do not by themselves grant redistribution rights or establish cross-version field parity.,au_pbs,au_pbs_structured_2007_05_01_4a0c81b65640,planned,False,xml_zip
https://www.pbs.gov.au/info/publication/schedule/2022,2022-04-01,download_for_local_review,zip,2022-04-01-xml-V3-release-2.zip,https://www.pbs.gov.au/publication/schedule/2022/04/2022-04-01-xml-V3-release-2.zip?variant=3,au_pbs_structured_4a0ceca4b7f0cb29,public_reuse_review,Official machine-readable PBS publication package. Format and checksum evidence do not by themselves grant redistribution rights or establish cross-version field parity.,au_pbs,au_pbs_structured_2022_04_01_4a0ceca4b7f0,planned,False,xml_zip
https://www.pbs.gov.au/info/publication/schedule/2015,2015-02-01,download_for_local_review,zip,2015-02-01-extracts.zip,https://www.pbs.gov.au/publication/schedule/2015/02/2015-02-01-extracts.zip?variant=3,au_pbs_structured_4a4c5c96c2717ca4,public_reuse_review,Official machine-readable PBS publication package. Format and checksum evidence do not by themselves grant redistribution rights or establish cross-version field parity.,au_pbs,au_pbs_structured_2015_02_01_4a4c5c96c271,planned,False,structured_extract_zip
https://www.pbs.gov.au/info/publication/schedule/2012,2012-03-01,download_for_local_review,zip,2012-03-01-general-schedule-ascii.zip,https://www.pbs.gov.au/publication/schedule/2012/03/2012-03-01-general-schedule-ascii.zip?variant=3,au_pbs_structured_4b17fc16bc0d0a4a,public_reuse_review,Official machine-readable PBS publication package. Format and checksum evidence do not by themselves grant redistribution rights or establish cross-version field parity.,au_pbs,au_pbs_structured_2012_03_01_4b17fc16bc0d,planned,False,text_zip
https://www.pbs.gov.au/info/publication/schedule/2019,2019-04-01,download_for_local_review,zip,2019-04-01-V2-down-converted.zip,https://www.pbs.gov.au/publication/schedule/2019/04/2019-04-01-V2-down-converted.zip?variant=3,au_pbs_structured_4b3ddb40d7284515,public_reuse_review,Official machine-readable PBS publication package. Format and checksum evidence do not by themselves grant redistribution rights or establish cross-version field parity.,au_pbs,au_pbs_structured_2019_04_01_4b3ddb40d728,planned,False,xml_zip
https://www.pbs.gov.au/info/publication/schedule/2017,2017-12-01,download_for_local_review,zip,2017-12-01-V2-down-converted.zip,https://www.pbs.gov.au/publication/schedule/2017/12/2017-12-01-V2-down-converted.zip?variant=3,au_pbs_structured_4b9f990d87f696c2,public_reuse_review,Official machine-readable PBS publication package. Format and checksum evidence do not by themselves grant redistribution rights or establish cross-version field parity.,au_pbs,au_pbs_structured_2017_12_01_4b9f990d87f6,planned,False,xml_zip
https://www.pbs.gov.au/info/publication/schedule/2021,2021-05-01,download_for_local_review,zip,2021-05-01-xml-V3.zip,https://www.pbs.gov.au/publication/schedule/2021/05/2021-05-01-xml-V3.zip?variant=3,au_pbs_structured_4cbf39e42a472880,public_reuse_review,Official machine-readable PBS publication package. Format and checksum evidence do not by themselves grant redistribution rights or establish cross-version field parity.,au_pbs,au_pbs_structured_2021_05_01_4cbf39e42a47,planned,False,xml_zip
https://www.pbs.gov.au/info/publication/schedule/2013,2013-10-01,download_for_local_review,zip,2013-10-01-xml.zip,https://www.pbs.gov.au/publication/schedule/2013/10/2013-10-01-xml.zip?variant=3,au_pbs_structured_4d21d7f85ee90503,public_reuse_review,Official machine-readable PBS publication package. Format and checksum evidence do not by themselves grant redistribution rights or establish cross-version field parity.,au_pbs,au_pbs_structured_2013_10_01_4d21d7f85ee9,planned,False,xml_zip
https://www.pbs.gov.au/info/publication/schedule/2024,2024-12-01,download_for_local_review,zip,2024-12-01-v3extracts.zip,https://www.pbs.gov.au/publication/schedule/2024/12/2024-12-01-v3extracts.zip?variant=3,au_pbs_structured_4d514ea1ca68091e,public_reuse_review,Official machine-readable PBS publication package. Format and checksum evidence do not by themselves grant redistribution rights or establish cross-version field parity.,au_pbs,au_pbs_structured_2024_12_01_4d514ea1ca68,planned,False,xml_zip
https://www.pbs.gov.au/info/publication/schedule/2017,2017-01-01,download_for_local_review,zip,2017-01-01-xml.zip,https://www.pbs.gov.au/publication/schedule/2017/01/2017-01-01-xml.zip?variant=3,au_pbs_structured_4e6d790174e3b417,public_reuse_review,Official machine-readable PBS publication package. Format and checksum evidence do not by themselves grant redistribution rights or establish cross-version field parity.,au_pbs,au_pbs_structured_2017_01_01_4e6d790174e3,planned,False,xml_zip
https://www.pbs.gov.au/info/publication/schedule/2022,2022-05-01,download_for_local_review,zip,2022-05-01-V2-down-converted.zip,https://www.pbs.gov.au/publication/schedule/2022/05/2022-05-01-V2-down-converted.zip?variant=3,au_pbs_structured_4e86883a4597a021,public_reuse_review,Official machine-readable PBS publication package. Format and checksum evidence do not by themselves grant redistribution rights or establish cross-version field parity.,au_pbs,au_pbs_structured_2022_05_01_4e86883a4597,planned,False,xml_zip
https://www.pbs.gov.au/info/publication/schedule/2013,2013-11-01,download_for_local_review,zip,2013-11-01-xml.zip,https://www.pbs.gov.au/publication/schedule/2013/11/2013-11-01-xml.zip?variant=3,au_pbs_structured_4f3f5c0a5e9178c2,public_reuse_review,Official machine-readable PBS publication package. Format and checksum evidence do not by themselves grant redistribution rights or establish cross-version field parity.,au_pbs,au_pbs_structured_2013_11_01_4f3f5c0a5e91,planned,False,xml_zip
https://www.pbs.gov.au/info/publication/schedule/2012,2012-10-01,download_for_local_review,zip,2012-10-01-efc-xml.zip,https://www.pbs.gov.au/publication/schedule/2012/10/2012-10-01-efc-xml.zip?variant=3,au_pbs_structured_50310ed8468fbca8,public_reuse_review,Official machine-readable PBS publication package. Format and checksum evidence do not by themselves grant redistribution rights or establish cross-version field parity.,au_pbs,au_pbs_structured_2012_10_01_50310ed8468f,planned,False,xml_zip
https://www.pbs.gov.au/info/publication/schedule/2020,2020-12-01,download_for_local_review,zip,2020-12-01-v3soextracts-supply-only.zip,https://www.pbs.gov.au/publication/schedule/2020/12/2020-12-01-v3soextracts-supply-only.zip?variant=3,au_pbs_structured_5035b1ea24d215ca,public_reuse_review,Official machine-readable PBS publication package. Format and checksum evidence do not by themselves grant redistribution rights or establish cross-version field parity.,au_pbs,au_pbs_structured_2020_12_01_5035b1ea24d2,planned,False,xml_zip
https://www.pbs.gov.au/info/publication/schedule/2025,2025-03-01,download_for_local_review,zip,2025-03-01-v3soextracts.zip,https://www.pbs.gov.au/publication/schedule/2025/03/2025-03-01-v3soextracts.zip?variant=3,au_pbs_structured_505128a08768554a,public_reuse_review,Official machine-readable PBS publication package. Format and checksum evidence do not by themselves grant redistribution rights or establish cross-version field parity.,au_pbs,au_pbs_structured_2025_03_01_505128a08768,planned,False,xml_zip
https://www.pbs.gov.au/info/publication/schedule/2014,2014-12-01,download_for_local_review,zip,2014-12-01-extracts.zip,https://www.pbs.gov.au/publication/schedule/2014/12/2014-12-01-extracts.zip?variant=3,au_pbs_structured_510c2579ffcdc540,public_reuse_review,Official machine-readable PBS publication package. Format and checksum evidence do not by themselves grant redistribution rights or establish cross-version field parity.,au_pbs,au_pbs_structured_2014_12_01_510c2579ffcd,planned,False,structured_extract_zip
https://www.pbs.gov.au/info/publication/schedule/2024,2024-10-01,download_for_local_review,zip,2024-10-01-xml-V3.zip,https://www.pbs.gov.au/publication/schedule/2024/10/2024-10-01-xml-V3.zip?variant=3,au_pbs_structured_5171d93ad3bb3239,public_reuse_review,Official machine-readable PBS publication package. Format and checksum evidence do not by themselves grant redistribution rights or establish cross-version field parity.,au_pbs,au_pbs_structured_2024_10_01_5171d93ad3bb,planned,False,xml_zip
https://www.pbs.gov.au/info/publication/schedule/2015,2015-08-01,download_for_local_review,zip,2015-08-01-extracts.zip,https://www.pbs.gov.au/publication/schedule/2015/08/2015-08-01-extracts.zip?variant=3,au_pbs_structured_53df01d8c09a2491,public_reuse_review,Official machine-readable PBS publication package. Format and checksum evidence do not by themselves grant redistribution rights or establish cross-version field parity.,au_pbs,au_pbs_structured_2015_08_01_53df01d8c09a,planned,False,structured_extract_zip
https://www.pbs.gov.au/info/publication/schedule/2024,2024-04-01,download_for_local_review,zip,2024-04-01-v3extracts.zip,https://www.pbs.gov.au/publication/schedule/2024/04/2024-04-01-v3extracts.zip?variant=3,au_pbs_structured_54a3b90e42aa4950,public_reuse_review,Official machine-readable PBS publication package. Format and checksum evidence do not by themselves grant redistribution rights or establish cross-version field parity.,au_pbs,au_pbs_structured_2024_04_01_54a3b90e42aa,planned,False,xml_zip
https://www.pbs.gov.au/info/publication/schedule/2023,2023-09-01,download_for_local_review,zip,2023-09-01-xml-V3.zip,https://www.pbs.gov.au/publication/schedule/2023/09/2023-09-01-xml-V3.zip?variant=3,au_pbs_structured_54ba39f246db25b0,public_reuse_review,Official machine-readable PBS publication package. Format and checksum evidence do not by themselves grant redistribution rights or establish cross-version field parity.,au_pbs,au_pbs_structured_2023_09_01_54ba39f246db,planned,False,xml_zip
https://www.pbs.gov.au/info/publication/schedule/2021,2021-02-01,download_for_local_review,zip,2021-02-01-xml-V3.zip,https://www.pbs.gov.au/publication/schedule/2021/02/2021-02-01-xml-V3.zip?variant=3,au_pbs_structured_558364236e2d51ae,public_reuse_review,Official machine-readable PBS publication package. Format and checksum evidence do not by themselves grant redistribution rights or establish cross-version field parity.,au_pbs,au_pbs_structured_2021_02_01_558364236e2d,planned,False,xml_zip
https://www.pbs.gov.au/info/publication/schedule/2025,2025-01-01,download_for_local_review,zip,2025-01-01-V2-down-converted.zip,https://www.pbs.gov.au/publication/schedule/2025/01/2025-01-01-V2-down-converted.zip?variant=3,au_pbs_structured_57054729a02f980a,public_reuse_review,Official machine-readable PBS publication package. Format and checksum evidence do not by themselves grant redistribution rights or establish cross-version field parity.,au_pbs,au_pbs_structured_2025_01_01_57054729a02f,planned,False,xml_zip
https://www.pbs.gov.au/info/publication/schedule/2007,2007-09-01,download_for_local_review,zip,2007-09-01-general-schedule-ascii.zip,https://www.pbs.gov.au/publication/schedule/2007/2007-09-01-general-schedule-ascii.zip?variant=3,au_pbs_structured_5731f8e990da371b,public_reuse_review,Official machine-readable PBS publication package. Format and checksum evidence do not by themselves grant redistribution rights or establish cross-version field parity.,au_pbs,au_pbs_structured_2007_09_01_5731f8e990da,planned,False,text_zip
https://www.pbs.gov.au/info/publication/schedule/2025,2025-08-01,download_for_local_review,zip,2025-08-01-V2-down-converted.zip,https://www.pbs.gov.au/publication/schedule/2025/08/2025-08-01-V2-down-converted.zip?variant=3,au_pbs_structured_575b2cbeec9f22b6,public_reuse_review,Official machine-readable PBS publication package. Format and checksum evidence do not by themselves grant redistribution rights or establish cross-version field parity.,au_pbs,au_pbs_structured_2025_08_01_575b2cbeec9f,planned,False,xml_zip
https://www.pbs.gov.au/info/publication/schedule/2017,2017-05-01,download_for_local_review,zip,2017-05-01-xml.zip,https://www.pbs.gov.au/publication/schedule/2017/05/2017-05-01-xml.zip?variant=3,au_pbs_structured_578d258896785d9a,public_reuse_review,Official machine-readable PBS publication package. Format and checksum evidence do not by themselves grant redistribution rights or establish cross-version field parity.,au_pbs,au_pbs_structured_2017_05_01_578d25889678,planned,False,xml_zip
https://www.pbs.gov.au/info/publication/schedule/2009,2009-01-01,download_for_local_review,zip,2009-01-01-general-schedule-ascii.zip,https://www.pbs.gov.au/publication/schedule/2009/2009-01-01-general-schedule-ascii.zip?variant=3,au_pbs_structured_57a9d83612a7b30e,public_reuse_review,Official machine-readable PBS publication package. Format and checksum evidence do not by themselves grant redistribution rights or establish cross-version field parity.,au_pbs,au_pbs_structured_2009_01_01_57a9d83612a7,planned,False,text_zip
https://www.pbs.gov.au/info/publication/schedule/2012,2012-04-01,download_for_local_review,zip,2012-04-01-efc-xml.zip,https://www.pbs.gov.au/publication/schedule/2012/04/2012-04-01-efc-xml.zip?variant=3,au_pbs_structured_57ae8a19927a81b6,public_reuse_review,Official machine-readable PBS publication package. Format and checksum evidence do not by themselves grant redistribution rights or establish cross-version field parity.,au_pbs,au_pbs_structured_2012_04_01_57ae8a19927a,planned,False,xml_zip
https://www.pbs.gov.au/info/publication/schedule/2014,2014-11-01,download_for_local_review,zip,2014-11-01-xml.zip,https://www.pbs.gov.au/publication/schedule/2014/11/2014-11-01-xml.zip?variant=3,au_pbs_structured_57c7e4300d2dafff,public_reuse_review,Official machine-readable PBS publication package. Format and checksum evidence do not by themselves grant redistribution rights or establish cross-version field parity.,au_pbs,au_pbs_structured_2014_11_01_57c7e4300d2d,planned,False,xml_zip
https://www.pbs.gov.au/info/publication/schedule/2018,2018-06-01,download_for_local_review,zip,2018-06-01-xml-V3.zip,https://www.pbs.gov.au/publication/schedule/2018/06/2018-06-01-xml-V3.zip?variant=3,au_pbs_structured_59373422c96f416c,public_reuse_review,Official machine-readable PBS publication package. Format and checksum evidence do not by themselves grant redistribution rights or establish cross-version field parity.,au_pbs,au_pbs_structured_2018_06_01_59373422c96f,planned,False,xml_zip
https://www.pbs.gov.au/info/publication/schedule/2019,2019-12-01,download_for_local_review,zip,2019-12-01-extracts-down-converted.zip,https://www.pbs.gov.au/publication/schedule/2019/12/2019-12-01-extracts-down-converted.zip?variant=3,au_pbs_structured_5996cd1da9101afc,public_reuse_review,Official machine-readable PBS publication package. Format and checksum evidence do not by themselves grant redistribution rights or establish cross-version field parity.,au_pbs,au_pbs_structured_2019_12_01_5996cd1da910,planned,False,structured_extract_zip
https://www.pbs.gov.au/info/publication/schedule/2023,unknown,download_for_local_review,csv,Supply-Only-Listings-Nov-2023-Public.csv,https://www.pbs.gov.au/publication/schedule/2023/11/Supply-Only-Listings-Nov-2023-Public.csv?variant=3,au_pbs_structured_59ccd510180cbf39,public_reuse_review,Official machine-readable PBS publication package. Format and checksum evidence do not by themselves grant redistribution rights or establish cross-version field parity.,au_pbs,au_pbs_structured_unknown_59ccd510180c,planned,False,csv
https://www.pbs.gov.au/info/publication/schedule/2015,2015-01-01,download_for_local_review,zip,2015-01-01-extracts.zip,https://www.pbs.gov.au/publication/schedule/2015/01/2015-01-01-extracts.zip?variant=3,au_pbs_structured_59daf90c7b15bcc1,public_reuse_review,Official machine-readable PBS publication package. Format and checksum evidence do not by themselves grant redistribution rights or establish cross-version field parity.,au_pbs,au_pbs_structured_2015_01_01_59daf90c7b15,planned,False,structured_extract_zip
https://www.pbs.gov.au/info/publication/schedule/2025,2025-11-01,download_for_local_review,zip,2025-11-01-xml-V3.zip,https://www.pbs.gov.au/publication/schedule/2025/11/2025-11-01-xml-V3.zip?variant=3,au_pbs_structured_5a28c7bba5faf25f,public_reuse_review,Official machine-readable PBS publication package. Format and checksum evidence do not by themselves grant redistribution rights or establish cross-version field parity.,au_pbs,au_pbs_structured_2025_11_01_5a28c7bba5fa,planned,False,xml_zip
https://www.pbs.gov.au/info/publication/schedule/2018,2018-05-01,download_for_local_review,zip,2018-05-01-extracts-down-converted.zip,https://www.pbs.gov.au/publication/schedule/2018/05/2018-05-01-extracts-down-converted.zip?variant=3,au_pbs_structured_5c0244c02c930485,public_reuse_review,Official machine-readable PBS publication package. Format and checksum evidence do not by themselves grant redistribution rights or establish cross-version field parity.,au_pbs,au_pbs_structured_2018_05_01_5c0244c02c93,planned,False,structured_extract_zip
https://www.pbs.gov.au/info/publication/schedule/2014,2014-03-01,download_for_local_review,zip,2014-03-01-extracts.zip,https://www.pbs.gov.au/publication/schedule/2014/03/2014-03-01-extracts.zip?variant=3,au_pbs_structured_5c9a983c11a5cd0b,public_reuse_review,Official machine-readable PBS publication package. Format and checksum evidence do not by themselves grant redistribution rights or establish cross-version field parity.,au_pbs,au_pbs_structured_2014_03_01_5c9a983c11a5,planned,False,structured_extract_zip
https://www.pbs.gov.au/info/publication/schedule/2022,2022-10-01,download_for_local_review,zip,2022-10-01-v3soextracts.zip,https://www.pbs.gov.au/publication/schedule/2022/10/2022-10-01-v3soextracts.zip?variant=3,au_pbs_structured_5caa3ddbd1fc6594,public_reuse_review,Official machine-readable PBS publication package. Format and checksum evidence do not by themselves grant redistribution rights or establish cross-version field parity.,au_pbs,au_pbs_structured_2022_10_01_5caa3ddbd1fc,planned,False,xml_zip
https://www.pbs.gov.au/info/publication/schedule/2016,2016-04-01,download_for_local_review,zip,2016-04-01-xml.zip,https://www.pbs.gov.au/publication/schedule/2016/04/2016-04-01-xml.zip?variant=3,au_pbs_structured_5d27ad185816808c,public_reuse_review,Official machine-readable PBS publication package. Format and checksum evidence do not by themselves grant redistribution rights or establish cross-version field parity.,au_pbs,au_pbs_structured_2016_04_01_5d27ad185816,planned,False,xml_zip
https://www.pbs.gov.au/info/publication/schedule/2007,2007-10-01,download_for_local_review,zip,2007-10-01-general-schedule-xml.zip,https://www.pbs.gov.au/publication/schedule/2007/2007-10-01-general-schedule-xml.zip?variant=3,au_pbs_structured_5dbf07d3579e74a8,public_reuse_review,Official machine-readable PBS publication package. Format and checksum evidence do not by themselves grant redistribution rights or establish cross-version field parity.,au_pbs,au_pbs_structured_2007_10_01_5dbf07d3579e,planned,False,xml_zip
https://www.pbs.gov.au/info/publication/schedule/2017,2017-06-01,download_for_local_review,zip,2017-06-01-xml.zip,https://www.pbs.gov.au/publication/schedule/2017/06/2017-06-01-xml.zip?variant=3,au_pbs_structured_5dc917ee79deb3cb,public_reuse_review,Official machine-readable PBS publication package. Format and checksum evidence do not by themselves grant redistribution rights or establish cross-version field parity.,au_pbs,au_pbs_structured_2017_06_01_5dc917ee79de,planned,False,xml_zip
https://www.pbs.gov.au/info/publication/schedule/2019,2019-05-01,download_for_local_review,zip,2019-05-01-xml-V3.zip,https://www.pbs.gov.au/publication/schedule/2019/05/2019-05-01-xml-V3.zip?variant=3,au_pbs_structured_5dcc53cf93a2c9f0,public_reuse_review,Official machine-readable PBS publication package. Format and checksum evidence do not by themselves grant redistribution rights or establish cross-version field parity.,au_pbs,au_pbs_structured_2019_05_01_5dcc53cf93a2,planned,False,xml_zip
https://www.pbs.gov.au/info/publication/schedule/2024,2024-02-01,download_for_local_review,zip,2024-02-01-V2-down-converted.zip,https://www.pbs.gov.au/publication/schedule/2024/02/2024-02-01-V2-down-converted.zip?variant=3,au_pbs_structured_5ef154f8c832a49a,public_reuse_review,Official machine-readable PBS publication package. Format and checksum evidence do not by themselves grant redistribution rights or establish cross-version field parity.,au_pbs,au_pbs_structured_2024_02_01_5ef154f8c832,planned,False,xml_zip
https://www.pbs.gov.au/info/publication/schedule/2012,2012-09-01,download_for_local_review,zip,2012-09-01-general-schedule-xml.zip,https://www.pbs.gov.au/publication/schedule/2012/09/2012-09-01-general-schedule-xml.zip?variant=3,au_pbs_structured_5f00a10bf6bf56e1,public_reuse_review,Official machine-readable PBS publication package. Format and checksum evidence do not by themselves grant redistribution rights or establish cross-version field parity.,au_pbs,au_pbs_structured_2012_09_01_5f00a10bf6bf,planned,False,xml_zip
https://www.pbs.gov.au/info/publication/schedule/2025,2025-05-01,download_for_local_review,zip,2025-05-01-PBS-API-CSV-files.zip,https://www.pbs.gov.au/publication/schedule/2025/05/2025-05-01-PBS-API-CSV-files.zip?variant=3,au_pbs_structured_607c89cfdaad45c6,public_reuse_review,Official machine-readable PBS publication package. Format and checksum evidence do not by themselves grant redistribution rights or establish cross-version field parity.,au_pbs,au_pbs_structured_2025_05_01_607c89cfdaad,planned,False,csv_zip
https://www.pbs.gov.au/info/publication/schedule/2010,2010-02-01,download_for_local_review,zip,2010-02-01-general-schedule-ascii.zip,https://www.pbs.gov.au/publication/schedule/2010/2010-02-01-general-schedule-ascii.zip?variant=3,au_pbs_structured_609e847d6b5809b2,public_reuse_review,Official machine-readable PBS publication package. Format and checksum evidence do not by themselves grant redistribution rights or establish cross-version field parity.,au_pbs,au_pbs_structured_2010_02_01_609e847d6b58,planned,False,text_zip
https://www.pbs.gov.au/info/publication/schedule/2018,2018-07-01,download_for_local_review,zip,2018-07-01-xml-V3.zip,https://www.pbs.gov.au/publication/schedule/2018/07/2018-07-01-xml-V3.zip?variant=3,au_pbs_structured_60fec89a37bbdda9,public_reuse_review,Official machine-readable PBS publication package. Format and checksum evidence do not by themselves grant redistribution rights or establish cross-version field parity.,au_pbs,au_pbs_structured_2018_07_01_60fec89a37bb,planned,False,xml_zip
https://www.pbs.gov.au/info/publication/schedule/2021,2021-07-01,download_for_local_review,zip,2021-07-01-v3extracts.zip,https://www.pbs.gov.au/publication/schedule/2021/07/2021-07-01-v3extracts.zip?variant=3,au_pbs_structured_61066847c82bb8dd,public_reuse_review,Official machine-readable PBS publication package. Format and checksum evidence do not by themselves grant redistribution rights or establish cross-version field parity.,au_pbs,au_pbs_structured_2021_07_01_61066847c82b,planned,False,xml_zip
https://www.pbs.gov.au/info/publication/schedule/2012,2012-01-01,download_for_local_review,zip,2012-01-01-chemotherapy-extracts.zip,https://www.pbs.gov.au/publication/schedule/2012/01/2012-01-01-chemotherapy-extracts.zip?variant=3,au_pbs_structured_613be758035dce57,public_reuse_review,Official machine-readable PBS publication package. Format and checksum evidence do not by themselves grant redistribution rights or establish cross-version field parity.,au_pbs,au_pbs_structured_2012_01_01_613be758035d,planned,False,structured_extract_zip
https://www.pbs.gov.au/info/publication/schedule/2021,2021-04-01,download_for_local_review,zip,2021-04-01-v3soextracts.zip,https://www.pbs.gov.au/publication/schedule/2021/04/2021-04-01-v3soextracts.zip?variant=3,au_pbs_structured_614371372d70a564,public_reuse_review,Official machine-readable PBS publication package. Format and checksum evidence do not by themselves grant redistribution rights or establish cross-version field parity.,au_pbs,au_pbs_structured_2021_04_01_614371372d70,planned,False,xml_zip
https://www.pbs.gov.au/info/publication/schedule/2007,2007-04-01,download_for_local_review,zip,2007-04-01-general-schedule-xml.zip,https://www.pbs.gov.au/publication/schedule/2007/2007-04-01-general-schedule-xml.zip?variant=3,au_pbs_structured_61ec0fd5efbcef8c,public_reuse_review,Official machine-readable PBS publication package. Format and checksum evidence do not by themselves grant redistribution rights or establish cross-version field parity.,au_pbs,au_pbs_structured_2007_04_01_61ec0fd5efbc,planned,False,xml_zip
https://www.pbs.gov.au/info/publication/schedule/2025,2025-06-01,download_for_local_review,zip,2025-06-01-v3extracts.zip,https://www.pbs.gov.au/publication/schedule/2025/06/2025-06-01-v3extracts.zip?variant=3,au_pbs_structured_6252446f4fba873a,public_reuse_review,Official machine-readable PBS publication package. Format and checksum evidence do not by themselves grant redistribution rights or establish cross-version field parity.,au_pbs,au_pbs_structured_2025_06_01_6252446f4fba,planned,False,xml_zip
https://www.pbs.gov.au/info/publication/schedule/2014,2014-10-01,download_for_local_review,zip,2014-10-01-extracts.zip,https://www.pbs.gov.au/publication/schedule/2014/10/2014-10-01-extracts.zip?variant=3,au_pbs_structured_626848a5316ea3e3,public_reuse_review,Official machine-readable PBS publication package. Format and checksum evidence do not by themselves grant redistribution rights or establish cross-version field parity.,au_pbs,au_pbs_structured_2014_10_01_626848a5316e,planned,False,structured_extract_zip
https://www.pbs.gov.au/info/publication/schedule/2019,2019-07-01,download_for_local_review,zip,2019-07-01-extracts-down-converted.zip,https://www.pbs.gov.au/publication/schedule/2019/07/2019-07-01-extracts-down-converted.zip?variant=3,au_pbs_structured_62a4512d6d6094da,public_reuse_review,Official machine-readable PBS publication package. Format and checksum evidence do not by themselves grant redistribution rights or establish cross-version field parity.,au_pbs,au_pbs_structured_2019_07_01_62a4512d6d60,planned,False,structured_extract_zip
https://www.pbs.gov.au/info/publication/schedule/2026,2026-05-01,download_for_local_review,zip,2026-05-01-v3soextracts.zip,https://www.pbs.gov.au/publication/schedule/2026/05/2026-05-01-v3soextracts.zip?variant=3,au_pbs_structured_62c52afccc87e42e,public_reuse_review,Official machine-readable PBS publication package. Format and checksum evidence do not by themselves grant redistribution rights or establish cross-version field parity.,au_pbs,au_pbs_structured_2026_05_01_62c52afccc87,planned,False,xml_zip
https://www.pbs.gov.au/info/publication/schedule/2020,2020-08-01,download_for_local_review,zip,2020-08-01-extracts-down-converted.zip,https://www.pbs.gov.au/publication/schedule/2020/08/2020-08-01-extracts-down-converted.zip?variant=3,au_pbs_structured_62d114f74834c4bf,public_reuse_review,Official machine-readable PBS publication package. Format and checksum evidence do not by themselves grant redistribution rights or establish cross-version field parity.,au_pbs,au_pbs_structured_2020_08_01_62d114f74834,planned,False,structured_extract_zip
https://www.pbs.gov.au/info/publication/schedule/2009,2009-07-01,download_for_local_review,zip,2009-07-01-general-schedule-ascii.zip,https://www.pbs.gov.au/publication/schedule/2009/2009-07-01-general-schedule-ascii.zip?variant=3,au_pbs_structured_62f1d7cc5fee6277,public_reuse_review,Official machine-readable PBS publication package. Format and checksum evidence do not by themselves grant redistribution rights or establish cross-version field parity.,au_pbs,au_pbs_structured_2009_07_01_62f1d7cc5fee,planned,False,text_zip
https://www.pbs.gov.au/info/publication/schedule/2016,2016-06-01,download_for_local_review,zip,2016-06-01-xml.zip,https://www.pbs.gov.au/publication/schedule/2016/06/2016-06-01-xml.zip?variant=3,au_pbs_structured_62f36bbcd9ec1572,public_reuse_review,Official machine-readable PBS publication package. Format and checksum evidence do not by themselves grant redistribution rights or establish cross-version field parity.,au_pbs,au_pbs_structured_2016_06_01_62f36bbcd9ec,planned,False,xml_zip
https://www.pbs.gov.au/info/publication/schedule/2024,2024-01-01,download_for_local_review,zip,2024-01-01-v3soextracts.zip,https://www.pbs.gov.au/publication/schedule/2024/01/2024-01-01-v3soextracts.zip?variant=3,au_pbs_structured_632274acccac15c5,public_reuse_review,Official machine-readable PBS publication package. Format and checksum evidence do not by themselves grant redistribution rights or establish cross-version field parity.,au_pbs,au_pbs_structured_2024_01_01_632274acccac,planned,False,xml_zip
https://www.pbs.gov.au/info/publication/schedule/2020,2020-12-01,download_for_local_review,zip,2020-12-01-xml-V3.zip,https://www.pbs.gov.au/publication/schedule/2020/12/2020-12-01-xml-V3.zip?variant=3,au_pbs_structured_635941ccfb913421,public_reuse_review,Official machine-readable PBS publication package. Format and checksum evidence do not by themselves grant redistribution rights or establish cross-version field parity.,au_pbs,au_pbs_structured_2020_12_01_635941ccfb91,planned,False,xml_zip
https://www.pbs.gov.au/info/publication/schedule/2013,2013-04-01,download_for_local_review,zip,2013-04-01-extracts.zip,https://www.pbs.gov.au/publication/schedule/2013/04/2013-04-01-extracts.zip?variant=3,au_pbs_structured_63842a3829119bc5,public_reuse_review,Official machine-readable PBS publication package. Format and checksum evidence do not by themselves grant redistribution rights or establish cross-version field parity.,au_pbs,au_pbs_structured_2013_04_01_63842a382911,planned,False,structured_extract_zip
https://www.pbs.gov.au/info/publication/schedule/2019,2019-01-01,download_for_local_review,zip,2019-01-01-extracts-down-converted.zip,https://www.pbs.gov.au/publication/schedule/2019/01/2019-01-01-extracts-down-converted.zip?variant=3,au_pbs_structured_638d74e9202e5729,public_reuse_review,Official machine-readable PBS publication package. Format and checksum evidence do not by themselves grant redistribution rights or establish cross-version field parity.,au_pbs,au_pbs_structured_2019_01_01_638d74e9202e,planned,False,structured_extract_zip
https://www.pbs.gov.au/info/publication/schedule/2023,2023-02-01,download_for_local_review,zip,2023-02-01-v3extracts.zip,https://www.pbs.gov.au/publication/schedule/2023/02/2023-02-01-v3extracts.zip?variant=3,au_pbs_structured_641c9cb45fb7ce83,public_reuse_review,Official machine-readable PBS publication package. Format and checksum evidence do not by themselves grant redistribution rights or establish cross-version field parity.,au_pbs,au_pbs_structured_2023_02_01_641c9cb45fb7,planned,False,xml_zip
https://www.pbs.gov.au/info/publication/schedule/2013,2013-01-01,download_for_local_review,zip,2013-01-01-extracts.zip,https://www.pbs.gov.au/publication/schedule/2013/01/2013-01-01-extracts.zip?variant=3,au_pbs_structured_646bc1df91ffc9c9,public_reuse_review,Official machine-readable PBS publication package. Format and checksum evidence do not by themselves grant redistribution rights or establish cross-version field parity.,au_pbs,au_pbs_structured_2013_01_01_646bc1df91ff,planned,False,structured_extract_zip
https://www.pbs.gov.au/info/publication/schedule/2020,2020-01-01,download_for_local_review,zip,2020-01-01-V2-down-converted.zip,https://www.pbs.gov.au/publication/schedule/2020/01/2020-01-01-V2-down-converted.zip?variant=3,au_pbs_structured_6526ff8049fa4575,public_reuse_review,Official machine-readable PBS publication package. Format and checksum evidence do not by themselves grant redistribution rights or establish cross-version field parity.,au_pbs,au_pbs_structured_2020_01_01_6526ff8049fa,planned,False,xml_zip
https://www.pbs.gov.au/info/publication/schedule/2022,2022-09-01,download_for_local_review,zip,2022-09-01-v3extracts.zip,https://www.pbs.gov.au/publication/schedule/2022/09/2022-09-01-v3extracts.zip?variant=3,au_pbs_structured_6548072299e13719,public_reuse_review,Official machine-readable PBS publication package. Format and checksum evidence do not by themselves grant redistribution rights or establish cross-version field parity.,au_pbs,au_pbs_structured_2022_09_01_6548072299e1,planned,False,xml_zip
https://www.pbs.gov.au/info/publication/schedule/2019,2019-09-01,download_for_local_review,zip,2019-09-01-extracts-down-converted.zip,https://www.pbs.gov.au/publication/schedule/2019/09/2019-09-01-extracts-down-converted.zip?variant=3,au_pbs_structured_65c354f0355e6f29,public_reuse_review,Official machine-readable PBS publication package. Format and checksum evidence do not by themselves grant redistribution rights or establish cross-version field parity.,au_pbs,au_pbs_structured_2019_09_01_65c354f0355e,planned,False,structured_extract_zip
https://www.pbs.gov.au/info/publication/schedule/2015,2015-06-01,download_for_local_review,zip,2015-06-01-extracts.zip,https://www.pbs.gov.au/publication/schedule/2015/06/2015-06-01-extracts.zip?variant=3,au_pbs_structured_65c6d0f3cfb1db4c,public_reuse_review,Official machine-readable PBS publication package. Format and checksum evidence do not by themselves grant redistribution rights or establish cross-version field parity.,au_pbs,au_pbs_structured_2015_06_01_65c6d0f3cfb1,planned,False,structured_extract_zip
https://www.pbs.gov.au/info/publication/schedule/2021,2021-12-01,download_for_local_review,zip,2021-12-01-V2-down-converted.zip,https://www.pbs.gov.au/publication/schedule/2021/12/2021-12-01-V2-down-converted.zip?variant=3,au_pbs_structured_66ded8b55bf339f4,public_reuse_review,Official machine-readable PBS publication package. Format and checksum evidence do not by themselves grant redistribution rights or establish cross-version field parity.,au_pbs,au_pbs_structured_2021_12_01_66ded8b55bf3,planned,False,xml_zip
https://www.pbs.gov.au/info/publication/schedule/2011,2011-10-01,download_for_local_review,zip,2011-10-01-general-schedule-ascii.zip,https://www.pbs.gov.au/publication/schedule/2011/10/2011-10-01-general-schedule-ascii.zip?variant=3,au_pbs_structured_66ecc3a06958265f,public_reuse_review,Official machine-readable PBS publication package. Format and checksum evidence do not by themselves grant redistribution rights or establish cross-version field parity.,au_pbs,au_pbs_structured_2011_10_01_66ecc3a06958,planned,False,text_zip
https://www.pbs.gov.au/info/publication/schedule/2023,2023-11-01,download_for_local_review,zip,2023-11-01-v3soextracts.zip,https://www.pbs.gov.au/publication/schedule/2023/11/2023-11-01-v3soextracts.zip?variant=3,au_pbs_structured_6725955cd557155a,public_reuse_review,Official machine-readable PBS publication package. Format and checksum evidence do not by themselves grant redistribution rights or establish cross-version field parity.,au_pbs,au_pbs_structured_2023_11_01_6725955cd557,planned,False,xml_zip
https://www.pbs.gov.au/info/publication/schedule/2015,2015-05-01,download_for_local_review,zip,2015-05-01-extracts.zip,https://www.pbs.gov.au/publication/schedule/2015/05/2015-05-01-extracts.zip?variant=3,au_pbs_structured_6732196b677a3b05,public_reuse_review,Official machine-readable PBS publication package. Format and checksum evidence do not by themselves grant redistribution rights or establish cross-version field parity.,au_pbs,au_pbs_structured_2015_05_01_6732196b677a,planned,False,structured_extract_zip
https://www.pbs.gov.au/info/publication/schedule/2023,2023-08-01,download_for_local_review,zip,2023-08-01-v3extracts.zip,https://www.pbs.gov.au/publication/schedule/2023/08/2023-08-01-v3extracts.zip?variant=3,au_pbs_structured_677a27473f6bb2b4,public_reuse_review,Official machine-readable PBS publication package. Format and checksum evidence do not by themselves grant redistribution rights or establish cross-version field parity.,au_pbs,au_pbs_structured_2023_08_01_677a27473f6b,planned,False,xml_zip
https://www.pbs.gov.au/info/publication/schedule/2010,2010-10-01,download_for_local_review,zip,2010-10-01-general-schedule-xml.zip,https://www.pbs.gov.au/publication/schedule/2010/2010-10-01-general-schedule-xml.zip?variant=3,au_pbs_structured_679ac97baad4f387,public_reuse_review,Official machine-readable PBS publication package. Format and checksum evidence do not by themselves grant redistribution rights or establish cross-version field parity.,au_pbs,au_pbs_structured_2010_10_01_679ac97baad4,planned,False,xml_zip
https://www.pbs.gov.au/info/publication/schedule/2022,2022-11-01,download_for_local_review,zip,2022-11-01-xml-V3.zip,https://www.pbs.gov.au/publication/schedule/2022/11/2022-11-01-xml-V3.zip?variant=3,au_pbs_structured_67b18c326a1212ba,public_reuse_review,Official machine-readable PBS publication package. Format and checksum evidence do not by themselves grant redistribution rights or establish cross-version field parity.,au_pbs,au_pbs_structured_2022_11_01_67b18c326a12,planned,False,xml_zip
https://www.pbs.gov.au/info/publication/schedule/2010,2010-03-01,download_for_local_review,zip,2010-03-01-general-schedule-xml.zip,https://www.pbs.gov.au/publication/schedule/2010/2010-03-01-general-schedule-xml.zip?variant=3,au_pbs_structured_693d56ef71bd2960,public_reuse_review,Official machine-readable PBS publication package. Format and checksum evidence do not by themselves grant redistribution rights or establish cross-version field parity.,au_pbs,au_pbs_structured_2010_03_01_693d56ef71bd,planned,False,xml_zip
https://www.pbs.gov.au/info/publication/schedule/2016,2016-09-01,download_for_local_review,zip,2016-09-01-xml.zip,https://www.pbs.gov.au/publication/schedule/2016/09/2016-09-01-xml.zip?variant=3,au_pbs_structured_693f4b719e976b9f,public_reuse_review,Official machine-readable PBS publication package. Format and checksum evidence do not by themselves grant redistribution rights or establish cross-version field parity.,au_pbs,au_pbs_structured_2016_09_01_693f4b719e97,planned,False,xml_zip
https://www.pbs.gov.au/info/publication/schedule/2024,2024-02-01,download_for_local_review,zip,2024-02-01-v3extracts.zip,https://www.pbs.gov.au/publication/schedule/2024/02/2024-02-01-v3extracts.zip?variant=3,au_pbs_structured_69a55afab48e3ec9,public_reuse_review,Official machine-readable PBS publication package. Format and checksum evidence do not by themselves grant redistribution rights or establish cross-version field parity.,au_pbs,au_pbs_structured_2024_02_01_69a55afab48e,planned,False,xml_zip
https://www.pbs.gov.au/info/publication/schedule/2023,2023-06-01,download_for_local_review,zip,2023-06-01-v3extracts.zip,https://www.pbs.gov.au/publication/schedule/2023/06/2023-06-01-v3extracts.zip?variant=3,au_pbs_structured_6a25d21589ae4b75,public_reuse_review,Official machine-readable PBS publication package. Format and checksum evidence do not by themselves grant redistribution rights or establish cross-version field parity.,au_pbs,au_pbs_structured_2023_06_01_6a25d21589ae,planned,False,xml_zip
https://www.pbs.gov.au/info/publication/schedule/2024,2024-04-01,download_for_local_review,zip,2024-04-01-v3soextracts.zip,https://www.pbs.gov.au/publication/schedule/2024/04/2024-04-01-v3soextracts.zip?variant=3,au_pbs_structured_6acbcb6d251155b3,public_reuse_review,Official machine-readable PBS publication package. Format and checksum evidence do not by themselves grant redistribution rights or establish cross-version field parity.,au_pbs,au_pbs_structured_2024_04_01_6acbcb6d2511,planned,False,xml_zip
https://www.pbs.gov.au/info/publication/schedule/2019,2019-09-01,download_for_local_review,zip,2019-09-01-xml-V3.zip,https://www.pbs.gov.au/publication/schedule/2019/09/2019-09-01-xml-V3.zip?variant=3,au_pbs_structured_6aeaac45d9a9269e,public_reuse_review,Official machine-readable PBS publication package. Format and checksum evidence do not by themselves grant redistribution rights or establish cross-version field parity.,au_pbs,au_pbs_structured_2019_09_01_6aeaac45d9a9,planned,False,xml_zip
https://www.pbs.gov.au/info/publication/schedule/2017,2017-08-01,download_for_local_review,zip,2017-08-01-xml.zip,https://www.pbs.gov.au/publication/schedule/2017/08/2017-08-01-xml.zip?variant=3,au_pbs_structured_6b4e3eae577405a9,public_reuse_review,Official machine-readable PBS publication package. Format and checksum evidence do not by themselves grant redistribution rights or establish cross-version field parity.,au_pbs,au_pbs_structured_2017_08_01_6b4e3eae5774,planned,False,xml_zip
https://www.pbs.gov.au/info/publication/schedule/2024,2024-11-01,download_for_local_review,zip,2024-11-01-v3extracts.zip,https://www.pbs.gov.au/publication/schedule/2024/11/2024-11-01-v3extracts.zip?variant=3,au_pbs_structured_6c8604aca33f3d2a,public_reuse_review,Official machine-readable PBS publication package. Format and checksum evidence do not by themselves grant redistribution rights or establish cross-version field parity.,au_pbs,au_pbs_structured_2024_11_01_6c8604aca33f,planned,False,xml_zip
https://www.pbs.gov.au/info/publication/schedule/2025,2025-10-01,download_for_local_review,zip,2025-10-01-V2-down-converted.zip,https://www.pbs.gov.au/publication/schedule/2025/10/2025-10-01-V2-down-converted.zip?variant=3,au_pbs_structured_6c991da5519537b9,public_reuse_review,Official machine-readable PBS publication package. Format and checksum evidence do not by themselves grant redistribution rights or establish cross-version field parity.,au_pbs,au_pbs_structured_2025_10_01_6c991da55195,planned,False,xml_zip
https://www.pbs.gov.au/info/publication/schedule/2016,2016-05-01,download_for_local_review,zip,2016-05-01-extracts.zip,https://www.pbs.gov.au/publication/schedule/2016/05/2016-05-01-extracts.zip?variant=3,au_pbs_structured_6ccd4e272b5b931d,public_reuse_review,Official machine-readable PBS publication package. Format and checksum evidence do not by themselves grant redistribution rights or establish cross-version field parity.,au_pbs,au_pbs_structured_2016_05_01_6ccd4e272b5b,planned,False,structured_extract_zip
https://www.pbs.gov.au/info/publication/schedule/2022,2022-10-01,download_for_local_review,zip,2022-10-01-v3extracts.zip,https://www.pbs.gov.au/publication/schedule/2022/10/2022-10-01-v3extracts.zip?variant=3,au_pbs_structured_6cf087f8088e410b,public_reuse_review,Official machine-readable PBS publication package. Format and checksum evidence do not by themselves grant redistribution rights or establish cross-version field parity.,au_pbs,au_pbs_structured_2022_10_01_6cf087f8088e,planned,False,xml_zip
https://www.pbs.gov.au/info/publication/schedule/2016,2016-10-01,download_for_local_review,zip,2016-10-01-extracts.zip,https://www.pbs.gov.au/publication/schedule/2016/10/2016-10-01-extracts.zip?variant=3,au_pbs_structured_6d0fedb2a534e861,public_reuse_review,Official machine-readable PBS publication package. Format and checksum evidence do not by themselves grant redistribution rights or establish cross-version field parity.,au_pbs,au_pbs_structured_2016_10_01_6d0fedb2a534,planned,False,structured_extract_zip
https://www.pbs.gov.au/info/publication/schedule/2016,2016-05-01,download_for_local_review,zip,2016-05-01-xml.zip,https://www.pbs.gov.au/publication/schedule/2016/05/2016-05-01-xml.zip?variant=3,au_pbs_structured_6d59f3a6c4f3f618,public_reuse_review,Official machine-readable PBS publication package. Format and checksum evidence do not by themselves grant redistribution rights or establish cross-version field parity.,au_pbs,au_pbs_structured_2016_05_01_6d59f3a6c4f3,planned,False,xml_zip
https://www.pbs.gov.au/info/publication/schedule/2012,2012-07-01,download_for_local_review,zip,2012-07-01-general-schedule-ascii.zip,https://www.pbs.gov.au/publication/schedule/2012/07/2012-07-01-general-schedule-ascii.zip?variant=3,au_pbs_structured_6d90ef4d9de34e47,public_reuse_review,Official machine-readable PBS publication package. Format and checksum evidence do not by themselves grant redistribution rights or establish cross-version field parity.,au_pbs,au_pbs_structured_2012_07_01_6d90ef4d9de3,planned,False,text_zip
https://www.pbs.gov.au/info/publication/schedule/2018,2018-05-01,download_for_local_review,zip,2018-05-01-xml-V3.zip,https://www.pbs.gov.au/publication/schedule/2018/05/2018-05-01-xml-V3.zip?variant=3,au_pbs_structured_6df3c128e504005f,public_reuse_review,Official machine-readable PBS publication package. Format and checksum evidence do not by themselves grant redistribution rights or establish cross-version field parity.,au_pbs,au_pbs_structured_2018_05_01_6df3c128e504,planned,False,xml_zip
https://www.pbs.gov.au/info/publication/schedule/2017,2017-02-01,download_for_local_review,zip,2017-02-01-xml.zip,https://www.pbs.gov.au/publication/schedule/2017/02/2017-02-01-xml.zip?variant=3,au_pbs_structured_6e9386069e73c651,public_reuse_review,Official machine-readable PBS publication package. Format and checksum evidence do not by themselves grant redistribution rights or establish cross-version field parity.,au_pbs,au_pbs_structured_2017_02_01_6e9386069e73,planned,False,xml_zip
https://www.pbs.gov.au/info/publication/schedule/2026,2026-04-01,download_for_local_review,zip,2026-04-01-XML-V3.zip,https://www.pbs.gov.au/publication/schedule/2026/04/2026-04-01-XML-V3.zip?variant=3,au_pbs_structured_6f905abc167f052d,public_reuse_review,Official machine-readable PBS publication package. Format and checksum evidence do not by themselves grant redistribution rights or establish cross-version field parity.,au_pbs,au_pbs_structured_2026_04_01_6f905abc167f,planned,False,xml_zip
https://www.pbs.gov.au/info/publication/schedule/2021,2021-08-01,download_for_local_review,zip,2021-08-01-v3soextracts.zip,https://www.pbs.gov.au/publication/schedule/2021/08/2021-08-01-v3soextracts.zip?variant=3,au_pbs_structured_6fda768da1782d59,public_reuse_review,Official machine-readable PBS publication package. Format and checksum evidence do not by themselves grant redistribution rights or establish cross-version field parity.,au_pbs,au_pbs_structured_2021_08_01_6fda768da178,planned,False,xml_zip
https://www.pbs.gov.au/info/publication/schedule/2024,2024-03-01,download_for_local_review,zip,2024-03-01-xml-V3.zip,https://www.pbs.gov.au/publication/schedule/2024/03/2024-03-01-xml-V3.zip?variant=3,au_pbs_structured_6fddb056cec910f1,public_reuse_review,Official machine-readable PBS publication package. Format and checksum evidence do not by themselves grant redistribution rights or establish cross-version field parity.,au_pbs,au_pbs_structured_2024_03_01_6fddb056cec9,planned,False,xml_zip
https://www.pbs.gov.au/info/publication/schedule/2012,2012-07-01,download_for_local_review,zip,2012-07-01-efc-extracts.zip,https://www.pbs.gov.au/publication/schedule/2012/07/2012-07-01-efc-extracts.zip?variant=3,au_pbs_structured_702cdd9350ff6678,public_reuse_review,Official machine-readable PBS publication package. Format and checksum evidence do not by themselves grant redistribution rights or establish cross-version field parity.,au_pbs,au_pbs_structured_2012_07_01_702cdd9350ff,planned,False,structured_extract_zip
https://www.pbs.gov.au/info/publication/schedule/2023,2023-06-01,download_for_local_review,zip,2023-06-01-v3soextracts.zip,https://www.pbs.gov.au/publication/schedule/2023/06/2023-06-01-v3soextracts.zip?variant=3,au_pbs_structured_7064fb576bd52631,public_reuse_review,Official machine-readable PBS publication package. Format and checksum evidence do not by themselves grant redistribution rights or establish cross-version field parity.,au_pbs,au_pbs_structured_2023_06_01_7064fb576bd5,planned,False,xml_zip
https://www.pbs.gov.au/info/publication/schedule/2019,2019-09-01,download_for_local_review,zip,2019-09-01-V2-down-converted.zip,https://www.pbs.gov.au/publication/schedule/2019/09/2019-09-01-V2-down-converted.zip?variant=3,au_pbs_structured_7080f9378776bd3b,public_reuse_review,Official machine-readable PBS publication package. Format and checksum evidence do not by themselves grant redistribution rights or establish cross-version field parity.,au_pbs,au_pbs_structured_2019_09_01_7080f9378776,planned,False,xml_zip
https://www.pbs.gov.au/info/publication/schedule/2016,2016-11-01,download_for_local_review,zip,2016-11-01-extracts.zip,https://www.pbs.gov.au/publication/schedule/2016/11/2016-11-01-extracts.zip?variant=3,au_pbs_structured_711c68d2b7c1a843,public_reuse_review,Official machine-readable PBS publication package. Format and checksum evidence do not by themselves grant redistribution rights or establish cross-version field parity.,au_pbs,au_pbs_structured_2016_11_01_711c68d2b7c1,planned,False,structured_extract_zip
https://www.pbs.gov.au/info/publication/schedule/2024,2024-06-01,download_for_local_review,zip,2024-06-01-v3soextracts.zip,https://www.pbs.gov.au/publication/schedule/2024/06/2024-06-01-v3soextracts.zip?variant=3,au_pbs_structured_7135b5424f39bfc7,public_reuse_review,Official machine-readable PBS publication package. Format and checksum evidence do not by themselves grant redistribution rights or establish cross-version field parity.,au_pbs,au_pbs_structured_2024_06_01_7135b5424f39,planned,False,xml_zip
https://www.pbs.gov.au/info/publication/schedule/2022,2022-02-01,download_for_local_review,zip,2022-02-01-v3extracts.zip,https://www.pbs.gov.au/publication/schedule/2022/02/2022-02-01-v3extracts.zip?variant=3,au_pbs_structured_71498e6de86b317d,public_reuse_review,Official machine-readable PBS publication package. Format and checksum evidence do not by themselves grant redistribution rights or establish cross-version field parity.,au_pbs,au_pbs_structured_2022_02_01_71498e6de86b,planned,False,xml_zip
https://www.pbs.gov.au/info/publication/schedule/2023,2023-04-01,download_for_local_review,zip,2023-04-01-V2-down-converted.zip,https://www.pbs.gov.au/publication/schedule/2023/04/2023-04-01-V2-down-converted.zip?variant=3,au_pbs_structured_714ebaabeb1ef030,public_reuse_review,Official machine-readable PBS publication package. Format and checksum evidence do not by themselves grant redistribution rights or establish cross-version field parity.,au_pbs,au_pbs_structured_2023_04_01_714ebaabeb1e,planned,False,xml_zip
https://www.pbs.gov.au/info/publication/schedule/2022,2022-05-01,download_for_local_review,zip,2022-05-01-v3extracts.zip,https://www.pbs.gov.au/publication/schedule/2022/05/2022-05-01-v3extracts.zip?variant=3,au_pbs_structured_71c33c6a49c39fd0,public_reuse_review,Official machine-readable PBS publication package. Format and checksum evidence do not by themselves grant redistribution rights or establish cross-version field parity.,au_pbs,au_pbs_structured_2022_05_01_71c33c6a49c3,planned,False,xml_zip
https://www.pbs.gov.au/info/publication/schedule/2025,2025-01-01,download_for_local_review,zip,2025-01-01-xml-V3.zip,https://www.pbs.gov.au/publication/schedule/2025/01/2025-01-01-xml-V3.zip?variant=3,au_pbs_structured_7226137b9af99fde,public_reuse_review,Official machine-readable PBS publication package. Format and checksum evidence do not by themselves grant redistribution rights or establish cross-version field parity.,au_pbs,au_pbs_structured_2025_01_01_7226137b9af9,planned,False,xml_zip
https://www.pbs.gov.au/info/publication/schedule/2018,2018-10-01,download_for_local_review,zip,2018-10-01-extracts-down-converted.zip,https://www.pbs.gov.au/publication/schedule/2018/10/2018-10-01-extracts-down-converted.zip?variant=3,au_pbs_structured_7283790bf1241f17,public_reuse_review,Official machine-readable PBS publication package. Format and checksum evidence do not by themselves grant redistribution rights or establish cross-version field parity.,au_pbs,au_pbs_structured_2018_10_01_7283790bf124,planned,False,structured_extract_zip
https://www.pbs.gov.au/info/publication/schedule/2026,2026-01-01,download_for_local_review,zip,2026-01-01-xml-V3.zip,https://www.pbs.gov.au/publication/schedule/2026/01/2026-01-01-xml-V3.zip?variant=3,au_pbs_structured_728668d85a3305ef,public_reuse_review,Official machine-readable PBS publication package. Format and checksum evidence do not by themselves grant redistribution rights or establish cross-version field parity.,au_pbs,au_pbs_structured_2026_01_01_728668d85a33,planned,False,xml_zip
https://www.pbs.gov.au/info/publication/schedule/2010,2010-06-01,download_for_local_review,zip,2010-06-01-general-schedule-ascii.zip,https://www.pbs.gov.au/publication/schedule/2010/2010-06-01-general-schedule-ascii.zip?variant=3,au_pbs_structured_72b12f3e082b9655,public_reuse_review,Official machine-readable PBS publication package. Format and checksum evidence do not by themselves grant redistribution rights or establish cross-version field parity.,au_pbs,au_pbs_structured_2010_06_01_72b12f3e082b,planned,False,text_zip
https://www.pbs.gov.au/info/publication/schedule/2010,2010-11-01,download_for_local_review,zip,2010-11-01-general-schedule-ascii.zip,https://www.pbs.gov.au/publication/schedule/2010/2010-11-01-general-schedule-ascii.zip?variant=3,au_pbs_structured_72be9c9b881fccf0,public_reuse_review,Official machine-readable PBS publication package. Format and checksum evidence do not by themselves grant redistribution rights or establish cross-version field parity.,au_pbs,au_pbs_structured_2010_11_01_72be9c9b881f,planned,False,text_zip
https://www.pbs.gov.au/info/publication/schedule/2009,2009-12-01,download_for_local_review,zip,2009-12-01-general-schedule-xml.zip,https://www.pbs.gov.au/publication/schedule/2009/2009-12-01-general-schedule-xml.zip?variant=3,au_pbs_structured_733ffbb8ef695196,public_reuse_review,Official machine-readable PBS publication package. Format and checksum evidence do not by themselves grant redistribution rights or establish cross-version field parity.,au_pbs,au_pbs_structured_2009_12_01_733ffbb8ef69,planned,False,xml_zip
https://www.pbs.gov.au/info/publication/schedule/2015,2015-04-01,download_for_local_review,zip,2015-04-01-xml.zip,https://www.pbs.gov.au/publication/schedule/2015/04/2015-04-01-xml.zip?variant=3,au_pbs_structured_73bae3e428366fb1,public_reuse_review,Official machine-readable PBS publication package. Format and checksum evidence do not by themselves grant redistribution rights or establish cross-version field parity.,au_pbs,au_pbs_structured_2015_04_01_73bae3e42836,planned,False,xml_zip
https://www.pbs.gov.au/info/publication/schedule/2009,2009-09-01,download_for_local_review,zip,2009-09-01-general-schedule-xml.zip,https://www.pbs.gov.au/publication/schedule/2009/2009-09-01-general-schedule-xml.zip?variant=3,au_pbs_structured_73e8291a4e677c0d,public_reuse_review,Official machine-readable PBS publication package. Format and checksum evidence do not by themselves grant redistribution rights or establish cross-version field parity.,au_pbs,au_pbs_structured_2009_09_01_73e8291a4e67,planned,False,xml_zip
https://www.pbs.gov.au/info/publication/schedule/2022,2022-01-01,download_for_local_review,zip,2022-01-01-xml-V3.zip,https://www.pbs.gov.au/publication/schedule/2022/01/2022-01-01-xml-V3.zip?variant=3,au_pbs_structured_742a277eb6a78e46,public_reuse_review,Official machine-readable PBS publication package. Format and checksum evidence do not by themselves grant redistribution rights or establish cross-version field parity.,au_pbs,au_pbs_structured_2022_01_01_742a277eb6a7,planned,False,xml_zip
https://www.pbs.gov.au/info/publication/schedule/2011,2011-05-01,download_for_local_review,zip,2011-05-01-general-schedule-ascii.zip,https://www.pbs.gov.au/publication/schedule/2011/05/2011-05-01-general-schedule-ascii.zip?variant=3,au_pbs_structured_74b565aa02d4f4c3,public_reuse_review,Official machine-readable PBS publication package. Format and checksum evidence do not by themselves grant redistribution rights or establish cross-version field parity.,au_pbs,au_pbs_structured_2011_05_01_74b565aa02d4,planned,False,text_zip
https://www.pbs.gov.au/info/publication/schedule/2025,2025-12-01,download_for_local_review,zip,2025-12-01-xml-V3.zip,https://www.pbs.gov.au/publication/schedule/2025/12/2025-12-01-xml-V3.zip?variant=3,au_pbs_structured_74bd0c9ec1932b0e,public_reuse_review,Official machine-readable PBS publication package. Format and checksum evidence do not by themselves grant redistribution rights or establish cross-version field parity.,au_pbs,au_pbs_structured_2025_12_01_74bd0c9ec193,planned,False,xml_zip
https://www.pbs.gov.au/info/publication/schedule/2026,2026-04-01,download_for_local_review,zip,2026-04-01-PBS-API-CSV-files.zip,https://www.pbs.gov.au/publication/schedule/2026/04/2026-04-01-PBS-API-CSV-files.zip?variant=3,au_pbs_structured_74e0e67f39d96723,public_reuse_review,Official machine-readable PBS publication package. Format and checksum evidence do not by themselves grant redistribution rights or establish cross-version field parity.,au_pbs,au_pbs_structured_2026_04_01_74e0e67f39d9,planned,False,csv_zip
https://www.pbs.gov.au/info/publication/schedule/2010,2010-08-01,download_for_local_review,zip,2010-08-01-general-schedule-xml.zip,https://www.pbs.gov.au/publication/schedule/2010/2010-08-01-general-schedule-xml.zip?variant=3,au_pbs_structured_751723fe16d9c933,public_reuse_review,Official machine-readable PBS publication package. Format and checksum evidence do not by themselves grant redistribution rights or establish cross-version field parity.,au_pbs,au_pbs_structured_2010_08_01_751723fe16d9,planned,False,xml_zip
https://www.pbs.gov.au/info/publication/schedule/2012,2012-09-01,download_for_local_review,zip,2012-09-01-general-schedule-ascii.zip,https://www.pbs.gov.au/publication/schedule/2012/09/2012-09-01-general-schedule-ascii.zip?variant=3,au_pbs_structured_757fc04c758610ed,public_reuse_review,Official machine-readable PBS publication package. Format and checksum evidence do not by themselves grant redistribution rights or establish cross-version field parity.,au_pbs,au_pbs_structured_2012_09_01_757fc04c7586,planned,False,text_zip
https://www.pbs.gov.au/info/publication/schedule/2018,2018-04-01,download_for_local_review,zip,2018-04-01-xml-V3.zip,https://www.pbs.gov.au/publication/schedule/2018/04/2018-04-01-xml-V3.zip?variant=3,au_pbs_structured_75ff3a9c9b221170,public_reuse_review,Official machine-readable PBS publication package. Format and checksum evidence do not by themselves grant redistribution rights or establish cross-version field parity.,au_pbs,au_pbs_structured_2018_04_01_75ff3a9c9b22,planned,False,xml_zip
https://www.pbs.gov.au/info/publication/schedule/2025,2025-07-01,download_for_local_review,zip,2025-07-01-v3extracts.zip,https://www.pbs.gov.au/publication/schedule/2025/07/2025-07-01-v3extracts.zip?variant=3,au_pbs_structured_76332cd62ac26e83,public_reuse_review,Official machine-readable PBS publication package. Format and checksum evidence do not by themselves grant redistribution rights or establish cross-version field parity.,au_pbs,au_pbs_structured_2025_07_01_76332cd62ac2,planned,False,xml_zip
https://www.pbs.gov.au/info/publication/schedule/2007,2007-11-01,download_for_local_review,zip,2007-11-01-general-schedule-ascii.zip,https://www.pbs.gov.au/publication/schedule/2007/2007-11-01-general-schedule-ascii.zip?variant=3,au_pbs_structured_7665d848c1209b4a,public_reuse_review,Official machine-readable PBS publication package. Format and checksum evidence do not by themselves grant redistribution rights or establish cross-version field parity.,au_pbs,au_pbs_structured_2007_11_01_7665d848c120,planned,False,text_zip
https://www.pbs.gov.au/info/publication/schedule/2021,2021-08-01,download_for_local_review,zip,2021-08-01-xml-V3.zip,https://www.pbs.gov.au/publication/schedule/2021/08/2021-08-01-xml-V3.zip?variant=3,au_pbs_structured_76b65e59d9caa248,public_reuse_review,Official machine-readable PBS publication package. Format and checksum evidence do not by themselves grant redistribution rights or establish cross-version field parity.,au_pbs,au_pbs_structured_2021_08_01_76b65e59d9ca,planned,False,xml_zip
https://www.pbs.gov.au/info/publication/schedule/2018,2018-02-01,download_for_local_review,zip,2018-02-01-extracts-down-converted.zip,https://www.pbs.gov.au/publication/schedule/2018/02/2018-02-01-extracts-down-converted.zip?variant=3,au_pbs_structured_76d36407d066edc7,public_reuse_review,Official machine-readable PBS publication package. Format and checksum evidence do not by themselves grant redistribution rights or establish cross-version field parity.,au_pbs,au_pbs_structured_2018_02_01_76d36407d066,planned,False,structured_extract_zip
https://www.pbs.gov.au/info/publication/schedule/2017,2017-09-01,download_for_local_review,zip,2017-09-01-xml-V2.zip,https://www.pbs.gov.au/publication/schedule/2017/09/2017-09-01-xml-V2.zip?variant=3,au_pbs_structured_77571018b28a5ab8,public_reuse_review,Official machine-readable PBS publication package. Format and checksum evidence do not by themselves grant redistribution rights or establish cross-version field parity.,au_pbs,au_pbs_structured_2017_09_01_77571018b28a,planned,False,xml_zip
https://www.pbs.gov.au/info/publication/schedule/2019,2019-04-01,download_for_local_review,zip,2019-04-01-xml-V3.zip,https://www.pbs.gov.au/publication/schedule/2019/04/2019-04-01-xml-V3.zip?variant=3,au_pbs_structured_7784e177c73dd5a0,public_reuse_review,Official machine-readable PBS publication package. Format and checksum evidence do not by themselves grant redistribution rights or establish cross-version field parity.,au_pbs,au_pbs_structured_2019_04_01_7784e177c73d,planned,False,xml_zip
https://www.pbs.gov.au/info/publication/schedule/2020,2020-09-01,download_for_local_review,zip,2020-09-01-V2-down-converted.zip,https://www.pbs.gov.au/publication/schedule/2020/09/2020-09-01-V2-down-converted.zip?variant=3,au_pbs_structured_77b356a11e51f8df,public_reuse_review,Official machine-readable PBS publication package. Format and checksum evidence do not by themselves grant redistribution rights or establish cross-version field parity.,au_pbs,au_pbs_structured_2020_09_01_77b356a11e51,planned,False,xml_zip
https://www.pbs.gov.au/info/publication/schedule/2012,2012-10-01,download_for_local_review,zip,2012-10-01-efc-extracts.zip,https://www.pbs.gov.au/publication/schedule/2012/10/2012-10-01-efc-extracts.zip?variant=3,au_pbs_structured_781c42002880c338,public_reuse_review,Official machine-readable PBS publication package. Format and checksum evidence do not by themselves grant redistribution rights or establish cross-version field parity.,au_pbs,au_pbs_structured_2012_10_01_781c42002880,planned,False,structured_extract_zip
https://www.pbs.gov.au/info/publication/schedule/2011,2011-01-01,download_for_local_review,zip,2011-01-01-general-schedule-xml.zip,https://www.pbs.gov.au/publication/schedule/2011/01/2011-01-01-general-schedule-xml.zip?variant=3,au_pbs_structured_784400b94443e321,public_reuse_review,Official machine-readable PBS publication package. Format and checksum evidence do not by themselves grant redistribution rights or establish cross-version field parity.,au_pbs,au_pbs_structured_2011_01_01_784400b94443,planned,False,xml_zip
https://www.pbs.gov.au/info/publication/schedule/2008,2008-12-01,download_for_local_review,zip,2008-12-01-general-schedule-xml.zip,https://www.pbs.gov.au/publication/schedule/2008/2008-12-01-general-schedule-xml.zip?variant=3,au_pbs_structured_784690600cb4c245,public_reuse_review,Official machine-readable PBS publication package. Format and checksum evidence do not by themselves grant redistribution rights or establish cross-version field parity.,au_pbs,au_pbs_structured_2008_12_01_784690600cb4,planned,False,xml_zip
https://www.pbs.gov.au/info/publication/schedule/2015,2015-11-01,download_for_local_review,zip,2015-11-01-extracts.zip,https://www.pbs.gov.au/publication/schedule/2015/11/2015-11-01-extracts.zip?variant=3,au_pbs_structured_787be8711d836a93,public_reuse_review,Official machine-readable PBS publication package. Format and checksum evidence do not by themselves grant redistribution rights or establish cross-version field parity.,au_pbs,au_pbs_structured_2015_11_01_787be8711d83,planned,False,structured_extract_zip
https://www.pbs.gov.au/info/publication/schedule/2008,2008-07-01,download_for_local_review,zip,2008-07-01-general-schedule-ascii.zip,https://www.pbs.gov.au/publication/schedule/2008/2008-07-01-general-schedule-ascii.zip?variant=3,au_pbs_structured_7880cfe313343569,public_reuse_review,Official machine-readable PBS publication package. Format and checksum evidence do not by themselves grant redistribution rights or establish cross-version field parity.,au_pbs,au_pbs_structured_2008_07_01_7880cfe31334,planned,False,text_zip
https://www.pbs.gov.au/info/publication/schedule/2023,2023-11-01,download_for_local_review,zip,2023-11-01-xml-V3.zip,https://www.pbs.gov.au/publication/schedule/2023/11/2023-11-01-xml-V3.zip?variant=3,au_pbs_structured_78de7fb6856bd3f1,public_reuse_review,Official machine-readable PBS publication package. Format and checksum evidence do not by themselves grant redistribution rights or establish cross-version field parity.,au_pbs,au_pbs_structured_2023_11_01_78de7fb6856b,planned,False,xml_zip
https://www.pbs.gov.au/info/publication/schedule/2015,2015-08-01,download_for_local_review,zip,2015-08-01-xml.zip,https://www.pbs.gov.au/publication/schedule/2015/08/2015-08-01-xml.zip?variant=3,au_pbs_structured_79833d22c1b84d15,public_reuse_review,Official machine-readable PBS publication package. Format and checksum evidence do not by themselves grant redistribution rights or establish cross-version field parity.,au_pbs,au_pbs_structured_2015_08_01_79833d22c1b8,planned,False,xml_zip
https://www.pbs.gov.au/info/publication/schedule/2007,2007-06-01,download_for_local_review,zip,2007-06-01-general-schedule-ascii.zip,https://www.pbs.gov.au/publication/schedule/2007/2007-06-01-general-schedule-ascii.zip?variant=3,au_pbs_structured_7a74603e0988ffdf,public_reuse_review,Official machine-readable PBS publication package. Format and checksum evidence do not by themselves grant redistribution rights or establish cross-version field parity.,au_pbs,au_pbs_structured_2007_06_01_7a74603e0988,planned,False,text_zip
https://www.pbs.gov.au/info/publication/schedule/2020,2020-10-01,download_for_local_review,zip,2020-10-01-V2-down-converted.zip,https://www.pbs.gov.au/publication/schedule/2020/10/2020-10-01-V2-down-converted.zip?variant=3,au_pbs_structured_7a9b2dd0071e69b9,public_reuse_review,Official machine-readable PBS publication package. Format and checksum evidence do not by themselves grant redistribution rights or establish cross-version field parity.,au_pbs,au_pbs_structured_2020_10_01_7a9b2dd0071e,planned,False,xml_zip
https://www.pbs.gov.au/info/publication/schedule/2017,2017-11-01,download_for_local_review,zip,2017-11-01-extracts-down-converted.zip,https://www.pbs.gov.au/publication/schedule/2017/11/2017-11-01-extracts-down-converted.zip?variant=3,au_pbs_structured_7ad78599ea80df57,public_reuse_review,Official machine-readable PBS publication package. Format and checksum evidence do not by themselves grant redistribution rights or establish cross-version field parity.,au_pbs,au_pbs_structured_2017_11_01_7ad78599ea80,planned,False,structured_extract_zip
https://www.pbs.gov.au/info/publication/schedule/2025,2025-12-01,download_for_local_review,zip,2025-12-01-v3soextracts.zip,https://www.pbs.gov.au/publication/schedule/2025/12/2025-12-01-v3soextracts.zip?variant=3,au_pbs_structured_7b119a9e0d97f446,public_reuse_review,Official machine-readable PBS publication package. Format and checksum evidence do not by themselves grant redistribution rights or establish cross-version field parity.,au_pbs,au_pbs_structured_2025_12_01_7b119a9e0d97,planned,False,xml_zip
https://www.pbs.gov.au/info/publication/schedule/2020,2020-02-01,download_for_local_review,zip,2020-02-01-V2-down-converted.zip,https://www.pbs.gov.au/publication/schedule/2020/02/2020-02-01-V2-down-converted.zip?variant=3,au_pbs_structured_7b22c436a0b65e3c,public_reuse_review,Official machine-readable PBS publication package. Format and checksum evidence do not by themselves grant redistribution rights or establish cross-version field parity.,au_pbs,au_pbs_structured_2020_02_01_7b22c436a0b6,planned,False,xml_zip
https://www.pbs.gov.au/info/publication/schedule/2017,2017-09-01,download_for_local_review,zip,2017-09-01-extracts.zip,https://www.pbs.gov.au/publication/schedule/2017/09/2017-09-01-extracts.zip?variant=3,au_pbs_structured_7bd91737ae70b3a2,public_reuse_review,Official machine-readable PBS publication package. Format and checksum evidence do not by themselves grant redistribution rights or establish cross-version field parity.,au_pbs,au_pbs_structured_2017_09_01_7bd91737ae70,planned,False,structured_extract_zip
https://www.pbs.gov.au/info/publication/schedule/2012,2012-06-01,download_for_local_review,zip,2012-06-01-efc-xml.zip,https://www.pbs.gov.au/publication/schedule/2012/06/2012-06-01-efc-xml.zip?variant=3,au_pbs_structured_7bf724c70cbb8b8c,public_reuse_review,Official machine-readable PBS publication package. Format and checksum evidence do not by themselves grant redistribution rights or establish cross-version field parity.,au_pbs,au_pbs_structured_2012_06_01_7bf724c70cbb,planned,False,xml_zip
https://www.pbs.gov.au/info/publication/schedule/2021,2021-06-01,download_for_local_review,zip,2021-06-01-v3extracts.zip,https://www.pbs.gov.au/publication/schedule/2021/06/2021-06-01-v3extracts.zip?variant=3,au_pbs_structured_7cd6261ac7db447c,public_reuse_review,Official machine-readable PBS publication package. Format and checksum evidence do not by themselves grant redistribution rights or establish cross-version field parity.,au_pbs,au_pbs_structured_2021_06_01_7cd6261ac7db,planned,False,xml_zip
https://www.pbs.gov.au/info/publication/schedule/2026,2026-05-01,download_for_local_review,zip,2026-05-01-V2-down-converted.zip,https://www.pbs.gov.au/publication/schedule/2026/05/2026-05-01-V2-down-converted.zip?variant=3,au_pbs_structured_7cfd53c73110ff28,public_reuse_review,Official machine-readable PBS publication package. Format and checksum evidence do not by themselves grant redistribution rights or establish cross-version field parity.,au_pbs,au_pbs_structured_2026_05_01_7cfd53c73110,planned,False,xml_zip
https://www.pbs.gov.au/info/publication/schedule/2023,unknown,download_for_local_review,csv,Supply-Only-Listings-Dec-2023-Public.csv,https://www.pbs.gov.au/publication/schedule/2023/12/Supply-Only-Listings-Dec-2023-Public.csv?variant=3,au_pbs_structured_7d644eacdd6e0941,public_reuse_review,Official machine-readable PBS publication package. Format and checksum evidence do not by themselves grant redistribution rights or establish cross-version field parity.,au_pbs,au_pbs_structured_unknown_7d644eacdd6e,planned,False,csv
https://www.pbs.gov.au/info/publication/schedule/2013,2013-12-01,download_for_local_review,zip,2013-12-01-xml.zip,https://www.pbs.gov.au/publication/schedule/2013/12/2013-12-01-xml.zip?variant=3,au_pbs_structured_7d7169aa0bd1dd74,public_reuse_review,Official machine-readable PBS publication package. Format and checksum evidence do not by themselves grant redistribution rights or establish cross-version field parity.,au_pbs,au_pbs_structured_2013_12_01_7d7169aa0bd1,planned,False,xml_zip
https://www.pbs.gov.au/info/publication/schedule/2020,2020-02-01,download_for_local_review,zip,2020-02-01-extracts-down-converted.zip,https://www.pbs.gov.au/publication/schedule/2020/02/2020-02-01-extracts-down-converted.zip?variant=3,au_pbs_structured_7d71d79fef3ff7a4,public_reuse_review,Official machine-readable PBS publication package. Format and checksum evidence do not by themselves grant redistribution rights or establish cross-version field parity.,au_pbs,au_pbs_structured_2020_02_01_7d71d79fef3f,planned,False,structured_extract_zip
https://www.pbs.gov.au/info/publication/schedule/2022,2022-01-01,download_for_local_review,zip,2022-01-01-V2-down-converted.zip,https://www.pbs.gov.au/publication/schedule/2022/01/2022-01-01-V2-down-converted.zip?variant=3,au_pbs_structured_7d7d299e10ba2e4b,public_reuse_review,Official machine-readable PBS publication package. Format and checksum evidence do not by themselves grant redistribution rights or establish cross-version field parity.,au_pbs,au_pbs_structured_2022_01_01_7d7d299e10ba,planned,False,xml_zip
https://www.pbs.gov.au/info/publication/schedule/2019,2019-08-01,download_for_local_review,zip,2019-08-01-extracts-down-converted.zip,https://www.pbs.gov.au/publication/schedule/2019/08/2019-08-01-extracts-down-converted.zip?variant=3,au_pbs_structured_7dbff5bd123ed006,public_reuse_review,Official machine-readable PBS publication package. Format and checksum evidence do not by themselves grant redistribution rights or establish cross-version field parity.,au_pbs,au_pbs_structured_2019_08_01_7dbff5bd123e,planned,False,structured_extract_zip
https://www.pbs.gov.au/info/publication/schedule/2021,2021-05-01,download_for_local_review,zip,2021-05-01-v3extracts.zip,https://www.pbs.gov.au/publication/schedule/2021/05/2021-05-01-v3extracts.zip?variant=3,au_pbs_structured_7df7121b6fb93c06,public_reuse_review,Official machine-readable PBS publication package. Format and checksum evidence do not by themselves grant redistribution rights or establish cross-version field parity.,au_pbs,au_pbs_structured_2021_05_01_7df7121b6fb9,planned,False,xml_zip
https://www.pbs.gov.au/info/publication/schedule/2009,2009-03-01,download_for_local_review,zip,2009-03-01-general-schedule-ascii.zip,https://www.pbs.gov.au/publication/schedule/2009/2009-03-01-general-schedule-ascii.zip?variant=3,au_pbs_structured_7dff2211222e5c1d,public_reuse_review,Official machine-readable PBS publication package. Format and checksum evidence do not by themselves grant redistribution rights or establish cross-version field parity.,au_pbs,au_pbs_structured_2009_03_01_7dff2211222e,planned,False,text_zip
https://www.pbs.gov.au/info/publication/schedule/2022,2022-05-01,download_for_local_review,zip,2022-05-01-v3soextracts.zip,https://www.pbs.gov.au/publication/schedule/2022/05/2022-05-01-v3soextracts.zip?variant=3,au_pbs_structured_7e1a9d22e1591934,public_reuse_review,Official machine-readable PBS publication package. Format and checksum evidence do not by themselves grant redistribution rights or establish cross-version field parity.,au_pbs,au_pbs_structured_2022_05_01_7e1a9d22e159,planned,False,xml_zip
https://www.pbs.gov.au/info/publication/schedule/2016,2016-08-01,download_for_local_review,zip,2016-08-01-xml.zip,https://www.pbs.gov.au/publication/schedule/2016/08/2016-08-01-xml.zip?variant=3,au_pbs_structured_7ec0b3fee80d724a,public_reuse_review,Official machine-readable PBS publication package. Format and checksum evidence do not by themselves grant redistribution rights or establish cross-version field parity.,au_pbs,au_pbs_structured_2016_08_01_7ec0b3fee80d,planned,False,xml_zip
https://www.pbs.gov.au/info/publication/schedule/2012,2012-08-01,download_for_local_review,zip,2012-08-01-general-schedule-ascii.zip,https://www.pbs.gov.au/publication/schedule/2012/08/2012-08-01-general-schedule-ascii.zip?variant=3,au_pbs_structured_7f8ec27a5e35899f,public_reuse_review,Official machine-readable PBS publication package. Format and checksum evidence do not by themselves grant redistribution rights or establish cross-version field parity.,au_pbs,au_pbs_structured_2012_08_01_7f8ec27a5e35,planned,False,text_zip
https://www.pbs.gov.au/info/publication/schedule/2009,2009-05-01,download_for_local_review,zip,2009-05-01-general-schedule-xml.zip,https://www.pbs.gov.au/publication/schedule/2009/2009-05-01-general-schedule-xml.zip?variant=3,au_pbs_structured_7f99cba639e789ea,public_reuse_review,Official machine-readable PBS publication package. Format and checksum evidence do not by themselves grant redistribution rights or establish cross-version field parity.,au_pbs,au_pbs_structured_2009_05_01_7f99cba639e7,planned,False,xml_zip
https://www.pbs.gov.au/info/publication/schedule/2025,2025-07-01,download_for_local_review,zip,2025-07-01-v2-down-converted.zip,https://www.pbs.gov.au/publication/schedule/2025/07/2025-07-01-v2-down-converted.zip?variant=3,au_pbs_structured_7fc50d4435fefdf3,public_reuse_review,Official machine-readable PBS publication package. Format and checksum evidence do not by themselves grant redistribution rights or establish cross-version field parity.,au_pbs,au_pbs_structured_2025_07_01_7fc50d4435fe,planned,False,xml_zip
https://www.pbs.gov.au/info/publication/schedule/2020,2020-11-01,download_for_local_review,zip,2020-11-01-xml-V3.zip,https://www.pbs.gov.au/publication/schedule/2020/11/2020-11-01-xml-V3.zip?variant=3,au_pbs_structured_80b071b17b8e5e94,public_reuse_review,Official machine-readable PBS publication package. Format and checksum evidence do not by themselves grant redistribution rights or establish cross-version field parity.,au_pbs,au_pbs_structured_2020_11_01_80b071b17b8e,planned,False,xml_zip
https://www.pbs.gov.au/info/publication/schedule/2023,2023-07-01,download_for_local_review,zip,2023-07-01-xml-V3.zip,https://www.pbs.gov.au/publication/schedule/2023/07/2023-07-01-xml-V3.zip?variant=3,au_pbs_structured_80d833bbd1564a18,public_reuse_review,Official machine-readable PBS publication package. Format and checksum evidence do not by themselves grant redistribution rights or establish cross-version field parity.,au_pbs,au_pbs_structured_2023_07_01_80d833bbd156,planned,False,xml_zip
https://www.pbs.gov.au/info/publication/schedule/2008,2008-12-01,download_for_local_review,zip,2008-12-01-general-schedule-ascii.zip,https://www.pbs.gov.au/publication/schedule/2008/2008-12-01-general-schedule-ascii.zip?variant=3,au_pbs_structured_813e09942fc17971,public_reuse_review,Official machine-readable PBS publication package. Format and checksum evidence do not by themselves grant redistribution rights or establish cross-version field parity.,au_pbs,au_pbs_structured_2008_12_01_813e09942fc1,planned,False,text_zip
https://www.pbs.gov.au/info/publication/schedule/2014,2014-05-01,download_for_local_review,zip,2014-05-01-xml.zip,https://www.pbs.gov.au/publication/schedule/2014/05/2014-05-01-xml.zip?variant=3,au_pbs_structured_816a3482cc30fa90,public_reuse_review,Official machine-readable PBS publication package. Format and checksum evidence do not by themselves grant redistribution rights or establish cross-version field parity.,au_pbs,au_pbs_structured_2014_05_01_816a3482cc30,planned,False,xml_zip
https://www.pbs.gov.au/info/publication/schedule/2011,2011-12-01,download_for_local_review,zip,2011-12-01-general-schedule-ascii.zip,https://www.pbs.gov.au/publication/schedule/2011/12/2011-12-01-general-schedule-ascii.zip?variant=3,au_pbs_structured_8184b8601e1f42a0,public_reuse_review,Official machine-readable PBS publication package. Format and checksum evidence do not by themselves grant redistribution rights or establish cross-version field parity.,au_pbs,au_pbs_structured_2011_12_01_8184b8601e1f,planned,False,text_zip
https://www.pbs.gov.au/info/publication/schedule/2024,2024-09-01,download_for_local_review,zip,2024-09-01-V2-down-converted.zip,https://www.pbs.gov.au/publication/schedule/2024/09/2024-09-01-V2-down-converted.zip?variant=3,au_pbs_structured_820aabb015d1996b,public_reuse_review,Official machine-readable PBS publication package. Format and checksum evidence do not by themselves grant redistribution rights or establish cross-version field parity.,au_pbs,au_pbs_structured_2024_09_01_820aabb015d1,planned,False,xml_zip
https://www.pbs.gov.au/info/publication/schedule/2020,2020-10-01,download_for_local_review,zip,2020-10-01-xml-V3.zip,https://www.pbs.gov.au/publication/schedule/2020/10/2020-10-01-xml-V3.zip?variant=3,au_pbs_structured_8241538d5146c9cc,public_reuse_review,Official machine-readable PBS publication package. Format and checksum evidence do not by themselves grant redistribution rights or establish cross-version field parity.,au_pbs,au_pbs_structured_2020_10_01_8241538d5146,planned,False,xml_zip
https://www.pbs.gov.au/info/publication/schedule/2018,2018-02-01,download_for_local_review,zip,2018-02-01-V2-down-converted.zip,https://www.pbs.gov.au/publication/schedule/2018/02/2018-02-01-V2-down-converted.zip?variant=3,au_pbs_structured_8261f457d0ea13d7,public_reuse_review,Official machine-readable PBS publication package. Format and checksum evidence do not by themselves grant redistribution rights or establish cross-version field parity.,au_pbs,au_pbs_structured_2018_02_01_8261f457d0ea,planned,False,xml_zip
https://www.pbs.gov.au/info/publication/schedule/2023,2023-07-01,download_for_local_review,zip,2023-07-01-V2-down-converted.zip,https://www.pbs.gov.au/publication/schedule/2023/07/2023-07-01-V2-down-converted.zip?variant=3,au_pbs_structured_826ac18a9b0a2efb,public_reuse_review,Official machine-readable PBS publication package. Format and checksum evidence do not by themselves grant redistribution rights or establish cross-version field parity.,au_pbs,au_pbs_structured_2023_07_01_826ac18a9b0a,planned,False,xml_zip
https://www.pbs.gov.au/info/publication/schedule/2024,2024-02-01,download_for_local_review,zip,2024-02-01-v3soextracts.zip,https://www.pbs.gov.au/publication/schedule/2024/02/2024-02-01-v3soextracts.zip?variant=3,au_pbs_structured_8299f5de44f3fb89,public_reuse_review,Official machine-readable PBS publication package. Format and checksum evidence do not by themselves grant redistribution rights or establish cross-version field parity.,au_pbs,au_pbs_structured_2024_02_01_8299f5de44f3,planned,False,xml_zip
https://www.pbs.gov.au/info/publication/schedule/2016,2016-03-01,download_for_local_review,zip,2016-03-01-extracts.zip,https://www.pbs.gov.au/publication/schedule/2016/03/2016-03-01-extracts.zip?variant=3,au_pbs_structured_82d0c80f94684ea7,public_reuse_review,Official machine-readable PBS publication package. Format and checksum evidence do not by themselves grant redistribution rights or establish cross-version field parity.,au_pbs,au_pbs_structured_2016_03_01_82d0c80f9468,planned,False,structured_extract_zip
https://www.pbs.gov.au/info/publication/schedule/2023,2023-04-01,download_for_local_review,zip,2023-04-01-v3soextracts.zip,https://www.pbs.gov.au/publication/schedule/2023/04/2023-04-01-v3soextracts.zip?variant=3,au_pbs_structured_82f828e2ed5e0d82,public_reuse_review,Official machine-readable PBS publication package. Format and checksum evidence do not by themselves grant redistribution rights or establish cross-version field parity.,au_pbs,au_pbs_structured_2023_04_01_82f828e2ed5e,planned,False,xml_zip
https://www.pbs.gov.au/info/publication/schedule/2007,2007-12-01,download_for_local_review,zip,2007-12-01-general-schedule-ascii.zip,https://www.pbs.gov.au/publication/schedule/2007/2007-12-01-general-schedule-ascii.zip?variant=3,au_pbs_structured_8386d40e8dba1392,public_reuse_review,Official machine-readable PBS publication package. Format and checksum evidence do not by themselves grant redistribution rights or establish cross-version field parity.,au_pbs,au_pbs_structured_2007_12_01_8386d40e8dba,planned,False,text_zip
https://www.pbs.gov.au/info/publication/schedule/2013,2013-06-01,download_for_local_review,zip,2013-06-01-extracts.zip,https://www.pbs.gov.au/publication/schedule/2013/06/2013-06-01-extracts.zip?variant=3,au_pbs_structured_8397233a77dd47dc,public_reuse_review,Official machine-readable PBS publication package. Format and checksum evidence do not by themselves grant redistribution rights or establish cross-version field parity.,au_pbs,au_pbs_structured_2013_06_01_8397233a77dd,planned,False,structured_extract_zip
https://www.pbs.gov.au/info/publication/schedule/2011,2011-07-01,download_for_local_review,zip,2011-07-01-general-schedule-ascii.zip,https://www.pbs.gov.au/publication/schedule/2011/07/2011-07-01-general-schedule-ascii.zip?variant=3,au_pbs_structured_845fa58e3f360846,public_reuse_review,Official machine-readable PBS publication package. Format and checksum evidence do not by themselves grant redistribution rights or establish cross-version field parity.,au_pbs,au_pbs_structured_2011_07_01_845fa58e3f36,planned,False,text_zip
https://www.pbs.gov.au/info/publication/schedule/2009,2009-03-01,download_for_local_review,zip,2009-03-01-general-schedule-xml.zip,https://www.pbs.gov.au/publication/schedule/2009/2009-03-01-general-schedule-xml.zip?variant=3,au_pbs_structured_8476b982800fd79d,public_reuse_review,Official machine-readable PBS publication package. Format and checksum evidence do not by themselves grant redistribution rights or establish cross-version field parity.,au_pbs,au_pbs_structured_2009_03_01_8476b982800f,planned,False,xml_zip
https://www.pbs.gov.au/info/publication/schedule/2021,2021-11-01,download_for_local_review,zip,2021-11-01-xml-V3.zip,https://www.pbs.gov.au/publication/schedule/2021/11/2021-11-01-xml-V3.zip?variant=3,au_pbs_structured_850ef3faf0cc6bfd,public_reuse_review,Official machine-readable PBS publication package. Format and checksum evidence do not by themselves grant redistribution rights or establish cross-version field parity.,au_pbs,au_pbs_structured_2021_11_01_850ef3faf0cc,planned,False,xml_zip
https://www.pbs.gov.au/info/publication/schedule/2025,2025-10-01,download_for_local_review,zip,2025-10-01-v3extracts.zip,https://www.pbs.gov.au/publication/schedule/2025/10/2025-10-01-v3extracts.zip?variant=3,au_pbs_structured_8518ffe7d9988645,public_reuse_review,Official machine-readable PBS publication package. Format and checksum evidence do not by themselves grant redistribution rights or establish cross-version field parity.,au_pbs,au_pbs_structured_2025_10_01_8518ffe7d998,planned,False,xml_zip
https://www.pbs.gov.au/info/publication/schedule/2025,2025-05-01,download_for_local_review,zip,2025-05-01-v3extracts.zip,https://www.pbs.gov.au/publication/schedule/2025/05/2025-05-01-v3extracts.zip?variant=3,au_pbs_structured_853459f7183eda54,public_reuse_review,Official machine-readable PBS publication package. Format and checksum evidence do not by themselves grant redistribution rights or establish cross-version field parity.,au_pbs,au_pbs_structured_2025_05_01_853459f7183e,planned,False,xml_zip
https://www.pbs.gov.au/info/publication/schedule/2013,2013-03-01,download_for_local_review,zip,2013-03-01-extracts.zip,https://www.pbs.gov.au/publication/schedule/2013/03/2013-03-01-extracts.zip?variant=3,au_pbs_structured_859c0260f90b8c17,public_reuse_review,Official machine-readable PBS publication package. Format and checksum evidence do not by themselves grant redistribution rights or establish cross-version field parity.,au_pbs,au_pbs_structured_2013_03_01_859c0260f90b,planned,False,structured_extract_zip
https://www.pbs.gov.au/info/publication/schedule/2019,2019-01-01,download_for_local_review,zip,2019-01-01-xml-V3.zip,https://www.pbs.gov.au/publication/schedule/2019/01/2019-01-01-xml-V3.zip?variant=3,au_pbs_structured_860cee3423f25976,public_reuse_review,Official machine-readable PBS publication package. Format and checksum evidence do not by themselves grant redistribution rights or establish cross-version field parity.,au_pbs,au_pbs_structured_2019_01_01_860cee3423f2,planned,False,xml_zip
https://www.pbs.gov.au/info/publication/schedule/2008,2008-07-01,download_for_local_review,zip,2008-07-01-general-schedule-xml.zip,https://www.pbs.gov.au/publication/schedule/2008/2008-07-01-general-schedule-xml.zip?variant=3,au_pbs_structured_8652923bc48c50d7,public_reuse_review,Official machine-readable PBS publication package. Format and checksum evidence do not by themselves grant redistribution rights or establish cross-version field parity.,au_pbs,au_pbs_structured_2008_07_01_8652923bc48c,planned,False,xml_zip
https://www.pbs.gov.au/info/publication/schedule/2016,2016-02-01,download_for_local_review,zip,2016-02-01-xml.zip,https://www.pbs.gov.au/publication/schedule/2016/02/2016-02-01-xml.zip?variant=3,au_pbs_structured_87ceb66845527c13,public_reuse_review,Official machine-readable PBS publication package. Format and checksum evidence do not by themselves grant redistribution rights or establish cross-version field parity.,au_pbs,au_pbs_structured_2016_02_01_87ceb6684552,planned,False,xml_zip
https://www.pbs.gov.au/info/publication/schedule/2012,2012-03-01,download_for_local_review,zip,2012-03-01-general-schedule-xml.zip,https://www.pbs.gov.au/publication/schedule/2012/03/2012-03-01-general-schedule-xml.zip?variant=3,au_pbs_structured_8878755e936223c7,public_reuse_review,Official machine-readable PBS publication package. Format and checksum evidence do not by themselves grant redistribution rights or establish cross-version field parity.,au_pbs,au_pbs_structured_2012_03_01_8878755e9362,planned,False,xml_zip
https://www.pbs.gov.au/info/publication/schedule/2009,2009-10-01,download_for_local_review,zip,2009-10-01-general-schedule-ascii.zip,https://www.pbs.gov.au/publication/schedule/2009/2009-10-01-general-schedule-ascii.zip?variant=3,au_pbs_structured_889647fcb582e737,public_reuse_review,Official machine-readable PBS publication package. Format and checksum evidence do not by themselves grant redistribution rights or establish cross-version field parity.,au_pbs,au_pbs_structured_2009_10_01_889647fcb582,planned,False,text_zip
https://www.pbs.gov.au/info/publication/schedule/2021,2021-09-01,download_for_local_review,zip,2021-09-01-V2-down-converted.zip,https://www.pbs.gov.au/publication/schedule/2021/09/2021-09-01-V2-down-converted.zip?variant=3,au_pbs_structured_8a66e1e8a4ff8f96,public_reuse_review,Official machine-readable PBS publication package. Format and checksum evidence do not by themselves grant redistribution rights or establish cross-version field parity.,au_pbs,au_pbs_structured_2021_09_01_8a66e1e8a4ff,planned,False,xml_zip
https://www.pbs.gov.au/info/publication/schedule/2017,2017-10-01,download_for_local_review,zip,2017-10-01-xml-V3.zip,https://www.pbs.gov.au/publication/schedule/2017/10/2017-10-01-xml-V3.zip?variant=3,au_pbs_structured_8c6a276b715e32ae,public_reuse_review,Official machine-readable PBS publication package. Format and checksum evidence do not by themselves grant redistribution rights or establish cross-version field parity.,au_pbs,au_pbs_structured_2017_10_01_8c6a276b715e,planned,False,xml_zip
https://www.pbs.gov.au/info/publication/schedule/2024,2024-12-01,download_for_local_review,zip,2024-12-01-v3soextracts.zip,https://www.pbs.gov.au/publication/schedule/2024/12/2024-12-01-v3soextracts.zip?variant=3,au_pbs_structured_8c8f8c2766fd9a2f,public_reuse_review,Official machine-readable PBS publication package. Format and checksum evidence do not by themselves grant redistribution rights or establish cross-version field parity.,au_pbs,au_pbs_structured_2024_12_01_8c8f8c2766fd,planned,False,xml_zip
https://www.pbs.gov.au/info/publication/schedule/2025,2025-09-01,download_for_local_review,zip,2025-09-01-V2-down-converted.zip,https://www.pbs.gov.au/publication/schedule/2025/09/2025-09-01-V2-down-converted.zip?variant=3,au_pbs_structured_8c93bd51c4da4018,public_reuse_review,Official machine-readable PBS publication package. Format and checksum evidence do not by themselves grant redistribution rights or establish cross-version field parity.,au_pbs,au_pbs_structured_2025_09_01_8c93bd51c4da,planned,False,xml_zip
https://www.pbs.gov.au/info/publication/schedule/2010,2010-11-01,download_for_local_review,zip,2010-11-01-general-schedule-xml.zip,https://www.pbs.gov.au/publication/schedule/2010/2010-11-01-general-schedule-xml.zip?variant=3,au_pbs_structured_8e1b79bf7dd8025b,public_reuse_review,Official machine-readable PBS publication package. Format and checksum evidence do not by themselves grant redistribution rights or establish cross-version field parity.,au_pbs,au_pbs_structured_2010_11_01_8e1b79bf7dd8,planned,False,xml_zip
https://www.pbs.gov.au/info/publication/schedule/2021,2021-12-01,download_for_local_review,zip,2021-12-01-v3extracts.zip,https://www.pbs.gov.au/publication/schedule/2021/12/2021-12-01-v3extracts.zip?variant=3,au_pbs_structured_8e2b71746ed02b3b,public_reuse_review,Official machine-readable PBS publication package. Format and checksum evidence do not by themselves grant redistribution rights or establish cross-version field parity.,au_pbs,au_pbs_structured_2021_12_01_8e2b71746ed0,planned,False,xml_zip
https://www.pbs.gov.au/info/publication/schedule/2018,2018-12-01,download_for_local_review,zip,2018-12-01-extracts-down-converted.zip,https://www.pbs.gov.au/publication/schedule/2018/12/2018-12-01-extracts-down-converted.zip?variant=3,au_pbs_structured_8e771f2616e67bfd,public_reuse_review,Official machine-readable PBS publication package. Format and checksum evidence do not by themselves grant redistribution rights or establish cross-version field parity.,au_pbs,au_pbs_structured_2018_12_01_8e771f2616e6,planned,False,structured_extract_zip
https://www.pbs.gov.au/info/publication/schedule/2020,2020-10-01,download_for_local_review,zip,2020-10-01-extracts-down-converted.zip,https://www.pbs.gov.au/publication/schedule/2020/10/2020-10-01-extracts-down-converted.zip?variant=3,au_pbs_structured_8f1137737dded5f6,public_reuse_review,Official machine-readable PBS publication package. Format and checksum evidence do not by themselves grant redistribution rights or establish cross-version field parity.,au_pbs,au_pbs_structured_2020_10_01_8f1137737dde,planned,False,structured_extract_zip
https://www.pbs.gov.au/info/publication/schedule/2021,2021-04-01,download_for_local_review,zip,2021-04-01-xml-V3.zip,https://www.pbs.gov.au/publication/schedule/2021/04/2021-04-01-xml-V3.zip?variant=3,au_pbs_structured_8f25ded443d062ce,public_reuse_review,Official machine-readable PBS publication package. Format and checksum evidence do not by themselves grant redistribution rights or establish cross-version field parity.,au_pbs,au_pbs_structured_2021_04_01_8f25ded443d0,planned,False,xml_zip
https://www.pbs.gov.au/info/publication/schedule/2017,2017-12-01,download_for_local_review,zip,2017-12-01-xml-V3.zip,https://www.pbs.gov.au/publication/schedule/2017/12/2017-12-01-xml-V3.zip?variant=3,au_pbs_structured_8fb283c1dfb277bb,public_reuse_review,Official machine-readable PBS publication package. Format and checksum evidence do not by themselves grant redistribution rights or establish cross-version field parity.,au_pbs,au_pbs_structured_2017_12_01_8fb283c1dfb2,planned,False,xml_zip
https://www.pbs.gov.au/info/publication/schedule/2022,2022-12-01,download_for_local_review,zip,2022-12-01-xml-V3.zip,https://www.pbs.gov.au/publication/schedule/2022/12/2022-12-01-xml-V3.zip?variant=3,au_pbs_structured_9014738af8d2f810,public_reuse_review,Official machine-readable PBS publication package. Format and checksum evidence do not by themselves grant redistribution rights or establish cross-version field parity.,au_pbs,au_pbs_structured_2022_12_01_9014738af8d2,planned,False,xml_zip
https://www.pbs.gov.au/info/publication/schedule/2023,2023-03-01,download_for_local_review,zip,2023-03-01-v3extracts.zip,https://www.pbs.gov.au/publication/schedule/2023/03/2023-03-01-v3extracts.zip?variant=3,au_pbs_structured_9043b31dd2dc2db1,public_reuse_review,Official machine-readable PBS publication package. Format and checksum evidence do not by themselves grant redistribution rights or establish cross-version field parity.,au_pbs,au_pbs_structured_2023_03_01_9043b31dd2dc,planned,False,xml_zip
https://www.pbs.gov.au/info/publication/schedule/2011,2011-05-01,download_for_local_review,zip,2011-05-01-general-schedule-xml.zip,https://www.pbs.gov.au/publication/schedule/2011/05/2011-05-01-general-schedule-xml.zip?variant=3,au_pbs_structured_90b820d898e9a843,public_reuse_review,Official machine-readable PBS publication package. Format and checksum evidence do not by themselves grant redistribution rights or establish cross-version field parity.,au_pbs,au_pbs_structured_2011_05_01_90b820d898e9,planned,False,xml_zip
https://www.pbs.gov.au/info/publication/schedule/2008,2008-04-01,download_for_local_review,zip,2008-04-01-general-schedule-xml.zip,https://www.pbs.gov.au/publication/schedule/2008/2008-04-01-general-schedule-xml.zip?variant=3,au_pbs_structured_90cb70cdf643baab,public_reuse_review,Official machine-readable PBS publication package. Format and checksum evidence do not by themselves grant redistribution rights or establish cross-version field parity.,au_pbs,au_pbs_structured_2008_04_01_90cb70cdf643,planned,False,xml_zip
https://www.pbs.gov.au/info/publication/schedule/2020,2020-04-01,download_for_local_review,zip,2020-04-01-xml-V3.zip,https://www.pbs.gov.au/publication/schedule/2020/04/2020-04-01-xml-V3.zip?variant=3,au_pbs_structured_90f50d0406eced3c,public_reuse_review,Official machine-readable PBS publication package. Format and checksum evidence do not by themselves grant redistribution rights or establish cross-version field parity.,au_pbs,au_pbs_structured_2020_04_01_90f50d0406ec,planned,False,xml_zip
https://www.pbs.gov.au/info/publication/schedule/2012,2012-01-01,download_for_local_review,zip,2012-01-01-general-schedule-xml.zip,https://www.pbs.gov.au/publication/schedule/2012/01/2012-01-01-general-schedule-xml.zip?variant=3,au_pbs_structured_910751e0dfbea0a9,public_reuse_review,Official machine-readable PBS publication package. Format and checksum evidence do not by themselves grant redistribution rights or establish cross-version field parity.,au_pbs,au_pbs_structured_2012_01_01_910751e0dfbe,planned,False,xml_zip
https://www.pbs.gov.au/info/publication/schedule/2025,2025-02-01,download_for_local_review,zip,2025-02-01-v3soextracts.zip,https://www.pbs.gov.au/publication/schedule/2025/02/2025-02-01-v3soextracts.zip?variant=3,au_pbs_structured_9167de97b7a3a5be,public_reuse_review,Official machine-readable PBS publication package. Format and checksum evidence do not by themselves grant redistribution rights or establish cross-version field parity.,au_pbs,au_pbs_structured_2025_02_01_9167de97b7a3,planned,False,xml_zip
https://www.pbs.gov.au/info/publication/schedule/2019,2019-10-01,download_for_local_review,zip,2019-10-01-xml-V3.zip,https://www.pbs.gov.au/publication/schedule/2019/10/2019-10-01-xml-V3.zip?variant=3,au_pbs_structured_91af972152372557,public_reuse_review,Official machine-readable PBS publication package. Format and checksum evidence do not by themselves grant redistribution rights or establish cross-version field parity.,au_pbs,au_pbs_structured_2019_10_01_91af97215237,planned,False,xml_zip
https://www.pbs.gov.au/info/publication/schedule/2025,2025-03-01,download_for_local_review,zip,2025-03-01-xml-V3.zip,https://www.pbs.gov.au/publication/schedule/2025/03/2025-03-01-xml-V3.zip?variant=3,au_pbs_structured_9274beab7b8f435f,public_reuse_review,Official machine-readable PBS publication package. Format and checksum evidence do not by themselves grant redistribution rights or establish cross-version field parity.,au_pbs,au_pbs_structured_2025_03_01_9274beab7b8f,planned,False,xml_zip
https://www.pbs.gov.au/info/publication/schedule/2016,2016-08-01,download_for_local_review,zip,2016-08-01-extracts.zip,https://www.pbs.gov.au/publication/schedule/2016/08/2016-08-01-extracts.zip?variant=3,au_pbs_structured_9303f9f01db2b7cb,public_reuse_review,Official machine-readable PBS publication package. Format and checksum evidence do not by themselves grant redistribution rights or establish cross-version field parity.,au_pbs,au_pbs_structured_2016_08_01_9303f9f01db2,planned,False,structured_extract_zip
https://www.pbs.gov.au/info/publication/schedule/2016,2016-12-01,download_for_local_review,zip,2016-12-01-xml.zip,https://www.pbs.gov.au/publication/schedule/2016/12/2016-12-01-xml.zip?variant=3,au_pbs_structured_932932c818d5f09e,public_reuse_review,Official machine-readable PBS publication package. Format and checksum evidence do not by themselves grant redistribution rights or establish cross-version field parity.,au_pbs,au_pbs_structured_2016_12_01_932932c818d5,planned,False,xml_zip
https://www.pbs.gov.au/info/publication/schedule/2007,2007-09-01,download_for_local_review,zip,2007-09-01-general-schedule-xml.zip,https://www.pbs.gov.au/publication/schedule/2007/2007-09-01-general-schedule-xml.zip?variant=3,au_pbs_structured_935538c6d13a27a9,public_reuse_review,Official machine-readable PBS publication package. Format and checksum evidence do not by themselves grant redistribution rights or establish cross-version field parity.,au_pbs,au_pbs_structured_2007_09_01_935538c6d13a,planned,False,xml_zip
https://www.pbs.gov.au/info/publication/schedule/2024,unknown,download_for_local_review,csv,20240606-Supply-Only-Listings-July-2024-Public.csv,https://www.pbs.gov.au/publication/schedule/2024/07/20240606-Supply-Only-Listings-July-2024-Public.csv?variant=3,au_pbs_structured_937f2dca73ba944d,public_reuse_review,Official machine-readable PBS publication package. Format and checksum evidence do not by themselves grant redistribution rights or establish cross-version field parity.,au_pbs,au_pbs_structured_unknown_937f2dca73ba,planned,False,csv
https://www.pbs.gov.au/info/publication/schedule/2024,2024-03-01,download_for_local_review,zip,2024-03-01-v3extracts.zip,https://www.pbs.gov.au/publication/schedule/2024/03/2024-03-01-v3extracts.zip?variant=3,au_pbs_structured_93c4f150c8ea4558,public_reuse_review,Official machine-readable PBS publication package. Format and checksum evidence do not by themselves grant redistribution rights or establish cross-version field parity.,au_pbs,au_pbs_structured_2024_03_01_93c4f150c8ea,planned,False,xml_zip
https://www.pbs.gov.au/info/publication/schedule/2024,2024-08-01,download_for_local_review,zip,2024-08-01-V2-down-converted.zip,https://www.pbs.gov.au/publication/schedule/2024/08/2024-08-01-V2-down-converted.zip?variant=3,au_pbs_structured_945ac685d4169bd6,public_reuse_review,Official machine-readable PBS publication package. Format and checksum evidence do not by themselves grant redistribution rights or establish cross-version field parity.,au_pbs,au_pbs_structured_2024_08_01_945ac685d416,planned,False,xml_zip
https://www.pbs.gov.au/info/publication/schedule/2009,2009-04-01,download_for_local_review,zip,2009-04-01-general-schedule-xml.zip,https://www.pbs.gov.au/publication/schedule/2009/2009-04-01-general-schedule-xml.zip?variant=3,au_pbs_structured_947519f0a913f071,public_reuse_review,Official machine-readable PBS publication package. Format and checksum evidence do not by themselves grant redistribution rights or establish cross-version field parity.,au_pbs,au_pbs_structured_2009_04_01_947519f0a913,planned,False,xml_zip
https://www.pbs.gov.au/info/publication/schedule/2020,2020-03-01,download_for_local_review,zip,2020-03-01-xml-V3.zip,https://www.pbs.gov.au/publication/schedule/2020/03/2020-03-01-xml-V3.zip?variant=3,au_pbs_structured_94a5df5fe7e3801c,public_reuse_review,Official machine-readable PBS publication package. Format and checksum evidence do not by themselves grant redistribution rights or establish cross-version field parity.,au_pbs,au_pbs_structured_2020_03_01_94a5df5fe7e3,planned,False,xml_zip
https://www.pbs.gov.au/info/publication/schedule/2012,2012-05-01,download_for_local_review,zip,2012-05-01-general-schedule-xml.zip,https://www.pbs.gov.au/publication/schedule/2012/05/2012-05-01-general-schedule-xml.zip?variant=3,au_pbs_structured_9505968f8f0538f5,public_reuse_review,Official machine-readable PBS publication package. Format and checksum evidence do not by themselves grant redistribution rights or establish cross-version field parity.,au_pbs,au_pbs_structured_2012_05_01_9505968f8f05,planned,False,xml_zip
https://www.pbs.gov.au/info/publication/schedule/2023,2023-08-01,download_for_local_review,zip,2023-08-01-V2-down-converted.zip,https://www.pbs.gov.au/publication/schedule/2023/08/2023-08-01-V2-down-converted.zip?variant=3,au_pbs_structured_9521efd23144dd9e,public_reuse_review,Official machine-readable PBS publication package. Format and checksum evidence do not by themselves grant redistribution rights or establish cross-version field parity.,au_pbs,au_pbs_structured_2023_08_01_9521efd23144,planned,False,xml_zip
https://www.pbs.gov.au/info/publication/schedule/2010,2010-01-01,download_for_local_review,zip,2010-01-01-general-schedule-xml.zip,https://www.pbs.gov.au/publication/schedule/2010/2010-01-01-general-schedule-xml.zip?variant=3,au_pbs_structured_95bb9cf340ecefbe,public_reuse_review,Official machine-readable PBS publication package. Format and checksum evidence do not by themselves grant redistribution rights or establish cross-version field parity.,au_pbs,au_pbs_structured_2010_01_01_95bb9cf340ec,planned,False,xml_zip
https://www.pbs.gov.au/info/publication/schedule/2019,2019-01-01,download_for_local_review,zip,2019-01-01-V2-down-converted.zip,https://www.pbs.gov.au/publication/schedule/2019/01/2019-01-01-V2-down-converted.zip?variant=3,au_pbs_structured_960c9d7e0be40f27,public_reuse_review,Official machine-readable PBS publication package. Format and checksum evidence do not by themselves grant redistribution rights or establish cross-version field parity.,au_pbs,au_pbs_structured_2019_01_01_960c9d7e0be4,planned,False,xml_zip
https://www.pbs.gov.au/info/publication/schedule/2020,2020-01-01,download_for_local_review,zip,2020-01-01-extracts-down-converted.zip,https://www.pbs.gov.au/publication/schedule/2020/01/2020-01-01-extracts-down-converted.zip?variant=3,au_pbs_structured_964b8eab2157758f,public_reuse_review,Official machine-readable PBS publication package. Format and checksum evidence do not by themselves grant redistribution rights or establish cross-version field parity.,au_pbs,au_pbs_structured_2020_01_01_964b8eab2157,planned,False,structured_extract_zip
https://www.pbs.gov.au/info/publication/schedule/2024,2024-01-01,download_for_local_review,zip,2024-01-01-v3extracts.zip,https://www.pbs.gov.au/publication/schedule/2024/01/2024-01-01-v3extracts.zip?variant=3,au_pbs_structured_970ae53dfa036aec,public_reuse_review,Official machine-readable PBS publication package. Format and checksum evidence do not by themselves grant redistribution rights or establish cross-version field parity.,au_pbs,au_pbs_structured_2024_01_01_970ae53dfa03,planned,False,xml_zip
https://www.pbs.gov.au/info/publication/schedule/2021,2021-07-01,download_for_local_review,zip,2021-07-01-v3soextracts.zip,https://www.pbs.gov.au/publication/schedule/2021/07/2021-07-01-v3soextracts.zip?variant=3,au_pbs_structured_972c5f9088461914,public_reuse_review,Official machine-readable PBS publication package. Format and checksum evidence do not by themselves grant redistribution rights or establish cross-version field parity.,au_pbs,au_pbs_structured_2021_07_01_972c5f908846,planned,False,xml_zip
https://www.pbs.gov.au/info/publication/schedule/2015,2015-02-01,download_for_local_review,zip,2015-02-01-xml.zip,https://www.pbs.gov.au/publication/schedule/2015/02/2015-02-01-xml.zip?variant=3,au_pbs_structured_97faecf3d609f8de,public_reuse_review,Official machine-readable PBS publication package. Format and checksum evidence do not by themselves grant redistribution rights or establish cross-version field parity.,au_pbs,au_pbs_structured_2015_02_01_97faecf3d609,planned,False,xml_zip
https://www.pbs.gov.au/info/publication/schedule/2021,2021-09-01,download_for_local_review,zip,2021-09-01-v3soextracts.zip,https://www.pbs.gov.au/publication/schedule/2021/09/2021-09-01-v3soextracts.zip?variant=3,au_pbs_structured_9827cef048789017,public_reuse_review,Official machine-readable PBS publication package. Format and checksum evidence do not by themselves grant redistribution rights or establish cross-version field parity.,au_pbs,au_pbs_structured_2021_09_01_9827cef04878,planned,False,xml_zip
https://www.pbs.gov.au/info/publication/schedule/2013,2013-02-01,download_for_local_review,zip,2013-02-01-extracts.zip,https://www.pbs.gov.au/publication/schedule/2013/02/2013-02-01-extracts.zip?variant=3,au_pbs_structured_98a8519799789194,public_reuse_review,Official machine-readable PBS publication package. Format and checksum evidence do not by themselves grant redistribution rights or establish cross-version field parity.,au_pbs,au_pbs_structured_2013_02_01_98a851979978,planned,False,structured_extract_zip
https://www.pbs.gov.au/info/publication/schedule/2008,2008-09-01,download_for_local_review,zip,2008-09-01-general-schedule-ascii.zip,https://www.pbs.gov.au/publication/schedule/2008/2008-09-01-general-schedule-ascii.zip?variant=3,au_pbs_structured_9977aceb7b83e3ee,public_reuse_review,Official machine-readable PBS publication package. Format and checksum evidence do not by themselves grant redistribution rights or establish cross-version field parity.,au_pbs,au_pbs_structured_2008_09_01_9977aceb7b83,planned,False,text_zip
https://www.pbs.gov.au/info/publication/schedule/2010,2010-04-01,download_for_local_review,zip,2010-04-01-general-schedule-xml.zip,https://www.pbs.gov.au/publication/schedule/2010/2010-04-01-general-schedule-xml.zip?variant=3,au_pbs_structured_998cd07b7dee2146,public_reuse_review,Official machine-readable PBS publication package. Format and checksum evidence do not by themselves grant redistribution rights or establish cross-version field parity.,au_pbs,au_pbs_structured_2010_04_01_998cd07b7dee,planned,False,xml_zip
https://www.pbs.gov.au/info/publication/schedule/2010,2010-09-01,download_for_local_review,zip,2010-09-01-general-schedule-xml.zip,https://www.pbs.gov.au/publication/schedule/2010/2010-09-01-general-schedule-xml.zip?variant=3,au_pbs_structured_99a06fbbc68dd612,public_reuse_review,Official machine-readable PBS publication package. Format and checksum evidence do not by themselves grant redistribution rights or establish cross-version field parity.,au_pbs,au_pbs_structured_2010_09_01_99a06fbbc68d,planned,False,xml_zip
https://www.pbs.gov.au/info/publication/schedule/2012,2012-10-01,download_for_local_review,zip,2012-10-01-general-schedule-xml.zip,https://www.pbs.gov.au/publication/schedule/2012/10/2012-10-01-general-schedule-xml.zip?variant=3,au_pbs_structured_99a74783bcd8f7cf,public_reuse_review,Official machine-readable PBS publication package. Format and checksum evidence do not by themselves grant redistribution rights or establish cross-version field parity.,au_pbs,au_pbs_structured_2012_10_01_99a74783bcd8,planned,False,xml_zip
https://www.pbs.gov.au/info/publication/schedule/2009,2009-04-01,download_for_local_review,zip,2009-04-01-general-schedule-ascii.zip,https://www.pbs.gov.au/publication/schedule/2009/2009-04-01-general-schedule-ascii.zip?variant=3,au_pbs_structured_99e78389429afd70,public_reuse_review,Official machine-readable PBS publication package. Format and checksum evidence do not by themselves grant redistribution rights or establish cross-version field parity.,au_pbs,au_pbs_structured_2009_04_01_99e78389429a,planned,False,text_zip
https://www.pbs.gov.au/info/publication/schedule/2022,2022-10-01,download_for_local_review,zip,2022-10-01-V2-down-converted.zip,https://www.pbs.gov.au/publication/schedule/2022/10/2022-10-01-V2-down-converted.zip?variant=3,au_pbs_structured_99eb624e072f580c,public_reuse_review,Official machine-readable PBS publication package. Format and checksum evidence do not by themselves grant redistribution rights or establish cross-version field parity.,au_pbs,au_pbs_structured_2022_10_01_99eb624e072f,planned,False,xml_zip
https://www.pbs.gov.au/info/publication/schedule/2015,2015-07-01,download_for_local_review,zip,2015-07-01-extracts.zip,https://www.pbs.gov.au/publication/schedule/2015/07/2015-07-01-extracts.zip?variant=3,au_pbs_structured_9a21724044b155f6,public_reuse_review,Official machine-readable PBS publication package. Format and checksum evidence do not by themselves grant redistribution rights or establish cross-version field parity.,au_pbs,au_pbs_structured_2015_07_01_9a21724044b1,planned,False,structured_extract_zip
https://www.pbs.gov.au/info/publication/schedule/2021,2021-01-01,download_for_local_review,zip,2021-01-01-V2-down-converted.zip,https://www.pbs.gov.au/publication/schedule/2021/01/2021-01-01-V2-down-converted.zip?variant=3,au_pbs_structured_9da8f7d54d40d4b5,public_reuse_review,Official machine-readable PBS publication package. Format and checksum evidence do not by themselves grant redistribution rights or establish cross-version field parity.,au_pbs,au_pbs_structured_2021_01_01_9da8f7d54d40,planned,False,xml_zip
https://www.pbs.gov.au/info/publication/schedule/2011,2011-03-01,download_for_local_review,zip,2011-03-01-general-schedule-ascii.zip,https://www.pbs.gov.au/publication/schedule/2011/03/2011-03-01-general-schedule-ascii.zip?variant=3,au_pbs_structured_9e18316fd5f873d8,public_reuse_review,Official machine-readable PBS publication package. Format and checksum evidence do not by themselves grant redistribution rights or establish cross-version field parity.,au_pbs,au_pbs_structured_2011_03_01_9e18316fd5f8,planned,False,text_zip
https://www.pbs.gov.au/info/publication/schedule/2007,2007-12-01,download_for_local_review,zip,2007-12-01-general-schedule-xml.zip,https://www.pbs.gov.au/publication/schedule/2007/2007-12-01-general-schedule-xml.zip?variant=3,au_pbs_structured_9e640464bce6170b,public_reuse_review,Official machine-readable PBS publication package. Format and checksum evidence do not by themselves grant redistribution rights or establish cross-version field parity.,au_pbs,au_pbs_structured_2007_12_01_9e640464bce6,planned,False,xml_zip
https://www.pbs.gov.au/info/publication/schedule/2021,2021-02-01,download_for_local_review,zip,2021-02-01-V2-down-converted.zip,https://www.pbs.gov.au/publication/schedule/2021/02/2021-02-01-V2-down-converted.zip?variant=3,au_pbs_structured_9ed8bbca36eedfd1,public_reuse_review,Official machine-readable PBS publication package. Format and checksum evidence do not by themselves grant redistribution rights or establish cross-version field parity.,au_pbs,au_pbs_structured_2021_02_01_9ed8bbca36ee,planned,False,xml_zip
https://www.pbs.gov.au/info/publication/schedule/2011,2011-08-01,download_for_local_review,zip,2011-08-01-general-schedule-xml.zip,https://www.pbs.gov.au/publication/schedule/2011/08/2011-08-01-general-schedule-xml.zip?variant=3,au_pbs_structured_9fc7a532831f6ba8,public_reuse_review,Official machine-readable PBS publication package. Format and checksum evidence do not by themselves grant redistribution rights or establish cross-version field parity.,au_pbs,au_pbs_structured_2011_08_01_9fc7a532831f,planned,False,xml_zip
https://www.pbs.gov.au/info/publication/schedule/2025,2025-12-01,download_for_local_review,zip,2025-12-01-V2-down-converted.zip,https://www.pbs.gov.au/publication/schedule/2025/12/2025-12-01-V2-down-converted.zip?variant=3,au_pbs_structured_9fe203798f544cf4,public_reuse_review,Official machine-readable PBS publication package. Format and checksum evidence do not by themselves grant redistribution rights or establish cross-version field parity.,au_pbs,au_pbs_structured_2025_12_01_9fe203798f54,planned,False,xml_zip
https://www.pbs.gov.au/info/publication/schedule/2023,2023-02-01,download_for_local_review,zip,2023-02-01-V2-down-converted.zip,https://www.pbs.gov.au/publication/schedule/2023/02/2023-02-01-V2-down-converted.zip?variant=3,au_pbs_structured_9fe7c78c6038cc76,public_reuse_review,Official machine-readable PBS publication package. Format and checksum evidence do not by themselves grant redistribution rights or establish cross-version field parity.,au_pbs,au_pbs_structured_2023_02_01_9fe7c78c6038,planned,False,xml_zip
https://www.pbs.gov.au/info/publication/schedule/2025,2025-07-01,download_for_local_review,zip,2025-07-01-pbs-api-csv-files.zip,https://www.pbs.gov.au/publication/schedule/2025/07/2025-07-01-pbs-api-csv-files.zip?variant=3,au_pbs_structured_9fef572a009f622a,public_reuse_review,Official machine-readable PBS publication package. Format and checksum evidence do not by themselves grant redistribution rights or establish cross-version field parity.,au_pbs,au_pbs_structured_2025_07_01_9fef572a009f,planned,False,csv_zip
https://www.pbs.gov.au/info/publication/schedule/2016,2016-02-01,download_for_local_review,zip,2016-02-01-extracts.zip,https://www.pbs.gov.au/publication/schedule/2016/02/2016-02-01-extracts.zip?variant=3,au_pbs_structured_a00ee787e1e6cf09,public_reuse_review,Official machine-readable PBS publication package. Format and checksum evidence do not by themselves grant redistribution rights or establish cross-version field parity.,au_pbs,au_pbs_structured_2016_02_01_a00ee787e1e6,planned,False,structured_extract_zip
https://www.pbs.gov.au/info/publication/schedule/2007,2007-08-01,download_for_local_review,zip,2007-08-01-general-schedule-ascii.zip,https://www.pbs.gov.au/publication/schedule/2007/2007-08-01-general-schedule-ascii.zip?variant=3,au_pbs_structured_a0113d7fe1ef070b,public_reuse_review,Official machine-readable PBS publication package. Format and checksum evidence do not by themselves grant redistribution rights or establish cross-version field parity.,au_pbs,au_pbs_structured_2007_08_01_a0113d7fe1ef,planned,False,text_zip
https://www.pbs.gov.au/info/publication/schedule/2008,2008-06-01,download_for_local_review,zip,2008-06-01-general-schedule-ascii.zip,https://www.pbs.gov.au/publication/schedule/2008/2008-06-01-general-schedule-ascii.zip?variant=3,au_pbs_structured_a0b40d4e936d7d58,public_reuse_review,Official machine-readable PBS publication package. Format and checksum evidence do not by themselves grant redistribution rights or establish cross-version field parity.,au_pbs,au_pbs_structured_2008_06_01_a0b40d4e936d,planned,False,text_zip
https://www.pbs.gov.au/info/publication/schedule/2017,2017-11-01,download_for_local_review,zip,2017-11-01-V2-down-converted.zip,https://www.pbs.gov.au/publication/schedule/2017/11/2017-11-01-V2-down-converted.zip?variant=3,au_pbs_structured_a18b7a3c7b9aa17e,public_reuse_review,Official machine-readable PBS publication package. Format and checksum evidence do not by themselves grant redistribution rights or establish cross-version field parity.,au_pbs,au_pbs_structured_2017_11_01_a18b7a3c7b9a,planned,False,xml_zip
https://www.pbs.gov.au/info/publication/schedule/2008,2008-01-01,download_for_local_review,zip,2008-01-01-general-schedule-ascii.zip,https://www.pbs.gov.au/publication/schedule/2008/2008-01-01-general-schedule-ascii.zip?variant=3,au_pbs_structured_a1edc099d02fb023,public_reuse_review,Official machine-readable PBS publication package. Format and checksum evidence do not by themselves grant redistribution rights or establish cross-version field parity.,au_pbs,au_pbs_structured_2008_01_01_a1edc099d02f,planned,False,text_zip
https://www.pbs.gov.au/info/publication/schedule/2020,2020-06-01,download_for_local_review,zip,2020-06-01-xml-V3.zip,https://www.pbs.gov.au/publication/schedule/2020/06/2020-06-01-xml-V3.zip?variant=3,au_pbs_structured_a2557f4f3a54c649,public_reuse_review,Official machine-readable PBS publication package. Format and checksum evidence do not by themselves grant redistribution rights or establish cross-version field parity.,au_pbs,au_pbs_structured_2020_06_01_a2557f4f3a54,planned,False,xml_zip
https://www.pbs.gov.au/info/publication/schedule/2017,2017-10-01,download_for_local_review,zip,2017-10-01-extracts-down-converted.zip,https://www.pbs.gov.au/publication/schedule/2017/10/2017-10-01-extracts-down-converted.zip?variant=3,au_pbs_structured_a262f9ca03ab5610,public_reuse_review,Official machine-readable PBS publication package. Format and checksum evidence do not by themselves grant redistribution rights or establish cross-version field parity.,au_pbs,au_pbs_structured_2017_10_01_a262f9ca03ab,planned,False,structured_extract_zip
https://www.pbs.gov.au/info/publication/schedule/2024,2024-08-01,download_for_local_review,zip,2024-08-01-xml-V3.zip,https://www.pbs.gov.au/publication/schedule/2024/08/2024-08-01-xml-V3.zip?variant=3,au_pbs_structured_a28e1b0fe73f54cb,public_reuse_review,Official machine-readable PBS publication package. Format and checksum evidence do not by themselves grant redistribution rights or establish cross-version field parity.,au_pbs,au_pbs_structured_2024_08_01_a28e1b0fe73f,planned,False,xml_zip
https://www.pbs.gov.au/info/publication/schedule/2016,2016-07-01,download_for_local_review,zip,2016-07-01-extracts.zip,https://www.pbs.gov.au/publication/schedule/2016/07/2016-07-01-extracts.zip?variant=3,au_pbs_structured_a2a2d9f1aab7fc8f,public_reuse_review,Official machine-readable PBS publication package. Format and checksum evidence do not by themselves grant redistribution rights or establish cross-version field parity.,au_pbs,au_pbs_structured_2016_07_01_a2a2d9f1aab7,planned,False,structured_extract_zip
https://www.pbs.gov.au/info/publication/schedule/2025,2025-12-01,download_for_local_review,zip,2025-12-01-PBS-API-CSV.zip,https://www.pbs.gov.au/publication/schedule/2025/12/2025-12-01-PBS-API-CSV.zip?variant=3,au_pbs_structured_a2d39da14e042211,public_reuse_review,Official machine-readable PBS publication package. Format and checksum evidence do not by themselves grant redistribution rights or establish cross-version field parity.,au_pbs,au_pbs_structured_2025_12_01_a2d39da14e04,planned,False,csv_zip
https://www.pbs.gov.au/info/publication/schedule/2025,2025-02-01,download_for_local_review,zip,2025-02-01-V2-down-converted.zip,https://www.pbs.gov.au/publication/schedule/2025/02/2025-02-01-V2-down-converted.zip?variant=3,au_pbs_structured_a394dfb0a95cc56a,public_reuse_review,Official machine-readable PBS publication package. Format and checksum evidence do not by themselves grant redistribution rights or establish cross-version field parity.,au_pbs,au_pbs_structured_2025_02_01_a394dfb0a95c,planned,False,xml_zip
https://www.pbs.gov.au/info/publication/schedule/2024,2024-01-01,download_for_local_review,zip,2024-01-01-V2-down-converted.zip,https://www.pbs.gov.au/publication/schedule/2024/01/2024-01-01-V2-down-converted.zip?variant=3,au_pbs_structured_a3f7c79066d36904,public_reuse_review,Official machine-readable PBS publication package. Format and checksum evidence do not by themselves grant redistribution rights or establish cross-version field parity.,au_pbs,au_pbs_structured_2024_01_01_a3f7c79066d3,planned,False,xml_zip
https://www.pbs.gov.au/info/publication/schedule/2021,2021-06-01,download_for_local_review,zip,2021-06-01-V2-down-converted.zip,https://www.pbs.gov.au/publication/schedule/2021/06/2021-06-01-V2-down-converted.zip?variant=3,au_pbs_structured_a49ba6334942d1fe,public_reuse_review,Official machine-readable PBS publication package. Format and checksum evidence do not by themselves grant redistribution rights or establish cross-version field parity.,au_pbs,au_pbs_structured_2021_06_01_a49ba6334942,planned,False,xml_zip
https://www.pbs.gov.au/info/publication/schedule/2020,2020-01-01,download_for_local_review,zip,2020-01-01-xml-V3.zip,https://www.pbs.gov.au/publication/schedule/2020/01/2020-01-01-xml-V3.zip?variant=3,au_pbs_structured_a49ed075be1bf7c7,public_reuse_review,Official machine-readable PBS publication package. Format and checksum evidence do not by themselves grant redistribution rights or establish cross-version field parity.,au_pbs,au_pbs_structured_2020_01_01_a49ed075be1b,planned,False,xml_zip
https://www.pbs.gov.au/info/publication/schedule/2022,2022-03-01,download_for_local_review,zip,2022-03-01-v3soextracts.zip,https://www.pbs.gov.au/publication/schedule/2022/03/2022-03-01-v3soextracts.zip?variant=3,au_pbs_structured_a4b82937f8381bca,public_reuse_review,Official machine-readable PBS publication package. Format and checksum evidence do not by themselves grant redistribution rights or establish cross-version field parity.,au_pbs,au_pbs_structured_2022_03_01_a4b82937f838,planned,False,xml_zip
https://www.pbs.gov.au/info/publication/schedule/2017,2017-12-01,download_for_local_review,zip,2017-12-01-extracts-down-converted.zip,https://www.pbs.gov.au/publication/schedule/2017/12/2017-12-01-extracts-down-converted.zip?variant=3,au_pbs_structured_a5157d8a5e55b8a6,public_reuse_review,Official machine-readable PBS publication package. Format and checksum evidence do not by themselves grant redistribution rights or establish cross-version field parity.,au_pbs,au_pbs_structured_2017_12_01_a5157d8a5e55,planned,False,structured_extract_zip
https://www.pbs.gov.au/info/publication/schedule/2017,2017-02-01,download_for_local_review,zip,2017-02-01-extracts.zip,https://www.pbs.gov.au/publication/schedule/2017/02/2017-02-01-extracts.zip?variant=3,au_pbs_structured_a5a4e3ba3632077a,public_reuse_review,Official machine-readable PBS publication package. Format and checksum evidence do not by themselves grant redistribution rights or establish cross-version field parity.,au_pbs,au_pbs_structured_2017_02_01_a5a4e3ba3632,planned,False,structured_extract_zip
https://www.pbs.gov.au/info/publication/schedule/2014,2014-04-01,download_for_local_review,zip,2014-04-01-xml.zip,https://www.pbs.gov.au/publication/schedule/2014/04/2014-04-01-xml.zip?variant=3,au_pbs_structured_a5d71319dc830130,public_reuse_review,Official machine-readable PBS publication package. Format and checksum evidence do not by themselves grant redistribution rights or establish cross-version field parity.,au_pbs,au_pbs_structured_2014_04_01_a5d71319dc83,planned,False,xml_zip
https://www.pbs.gov.au/info/publication/schedule/2010,2010-12-01,download_for_local_review,zip,2010-12-01-general-schedule-xml.zip,https://www.pbs.gov.au/publication/schedule/2010/2010-12-01-general-schedule-xml.zip?variant=3,au_pbs_structured_a61643e3cedffeef,public_reuse_review,Official machine-readable PBS publication package. Format and checksum evidence do not by themselves grant redistribution rights or establish cross-version field parity.,au_pbs,au_pbs_structured_2010_12_01_a61643e3cedf,planned,False,xml_zip
https://www.pbs.gov.au/info/publication/schedule/2011,2011-11-01,download_for_local_review,zip,2011-11-01-general-schedule-ascii.zip,https://www.pbs.gov.au/publication/schedule/2011/11/2011-11-01-general-schedule-ascii.zip?variant=3,au_pbs_structured_a6487be8cd7fdf8d,public_reuse_review,Official machine-readable PBS publication package. Format and checksum evidence do not by themselves grant redistribution rights or establish cross-version field parity.,au_pbs,au_pbs_structured_2011_11_01_a6487be8cd7f,planned,False,text_zip
https://www.pbs.gov.au/info/publication/schedule/2014,2014-09-01,download_for_local_review,zip,2014-09-01-xml.zip,https://www.pbs.gov.au/publication/schedule/2014/09/2014-09-01-xml.zip?variant=3,au_pbs_structured_a66aec0db3d2fa33,public_reuse_review,Official machine-readable PBS publication package. Format and checksum evidence do not by themselves grant redistribution rights or establish cross-version field parity.,au_pbs,au_pbs_structured_2014_09_01_a66aec0db3d2,planned,False,xml_zip
https://www.pbs.gov.au/info/publication/schedule/2013,2013-08-01,download_for_local_review,zip,2013-08-01-extracts.zip,https://www.pbs.gov.au/publication/schedule/2013/08/2013-08-01-extracts.zip?variant=3,au_pbs_structured_a6e390f1d1b3ce02,public_reuse_review,Official machine-readable PBS publication package. Format and checksum evidence do not by themselves grant redistribution rights or establish cross-version field parity.,au_pbs,au_pbs_structured_2013_08_01_a6e390f1d1b3,planned,False,structured_extract_zip
https://www.pbs.gov.au/info/publication/schedule/2021,2021-08-01,download_for_local_review,zip,2021-08-01-V2-down-converted.zip,https://www.pbs.gov.au/publication/schedule/2021/08/2021-08-01-V2-down-converted.zip?variant=3,au_pbs_structured_a7905253da87737e,public_reuse_review,Official machine-readable PBS publication package. Format and checksum evidence do not by themselves grant redistribution rights or establish cross-version field parity.,au_pbs,au_pbs_structured_2021_08_01_a7905253da87,planned,False,xml_zip
https://www.pbs.gov.au/info/publication/schedule/2020,2020-12-01,download_for_local_review,zip,2020-12-01-V2-down-converted.zip,https://www.pbs.gov.au/publication/schedule/2020/12/2020-12-01-V2-down-converted.zip?variant=3,au_pbs_structured_a79cbe211dbdd66c,public_reuse_review,Official machine-readable PBS publication package. Format and checksum evidence do not by themselves grant redistribution rights or establish cross-version field parity.,au_pbs,au_pbs_structured_2020_12_01_a79cbe211dbd,planned,False,xml_zip
https://www.pbs.gov.au/info/publication/schedule/2024,2024-04-01,download_for_local_review,zip,2024-04-01-V2-down-converted.zip,https://www.pbs.gov.au/publication/schedule/2024/04/2024-04-01-V2-down-converted.zip?variant=3,au_pbs_structured_a7ca0b6e39f3e313,public_reuse_review,Official machine-readable PBS publication package. Format and checksum evidence do not by themselves grant redistribution rights or establish cross-version field parity.,au_pbs,au_pbs_structured_2024_04_01_a7ca0b6e39f3,planned,False,xml_zip
https://www.pbs.gov.au/info/publication/schedule/2025,2025-10-01,download_for_local_review,zip,2025-10-01-xml-V3.zip,https://www.pbs.gov.au/publication/schedule/2025/10/2025-10-01-xml-V3.zip?variant=3,au_pbs_structured_a8951969d67abc10,public_reuse_review,Official machine-readable PBS publication package. Format and checksum evidence do not by themselves grant redistribution rights or establish cross-version field parity.,au_pbs,au_pbs_structured_2025_10_01_a8951969d67a,planned,False,xml_zip
https://www.pbs.gov.au/info/publication/schedule/2018,2018-07-01,download_for_local_review,zip,2018-07-01-V2-down-converted.zip,https://www.pbs.gov.au/publication/schedule/2018/07/2018-07-01-V2-down-converted.zip?variant=3,au_pbs_structured_a9f15a16ecb3495d,public_reuse_review,Official machine-readable PBS publication package. Format and checksum evidence do not by themselves grant redistribution rights or establish cross-version field parity.,au_pbs,au_pbs_structured_2018_07_01_a9f15a16ecb3,planned,False,xml_zip
https://www.pbs.gov.au/info/publication/schedule/2015,2015-03-01,download_for_local_review,zip,2015-03-01-xml.zip,https://www.pbs.gov.au/publication/schedule/2015/03/2015-03-01-xml.zip?variant=3,au_pbs_structured_aac173e3a9a876b8,public_reuse_review,Official machine-readable PBS publication package. Format and checksum evidence do not by themselves grant redistribution rights or establish cross-version field parity.,au_pbs,au_pbs_structured_2015_03_01_aac173e3a9a8,planned,False,xml_zip
https://www.pbs.gov.au/info/publication/schedule/2017,2017-06-01,download_for_local_review,zip,2017-06-01-extracts.zip,https://www.pbs.gov.au/publication/schedule/2017/06/2017-06-01-extracts.zip?variant=3,au_pbs_structured_aaca7edae97f3076,public_reuse_review,Official machine-readable PBS publication package. Format and checksum evidence do not by themselves grant redistribution rights or establish cross-version field parity.,au_pbs,au_pbs_structured_2017_06_01_aaca7edae97f,planned,False,structured_extract_zip
https://www.pbs.gov.au/info/publication/schedule/2025,2025-02-01,download_for_local_review,zip,2025-02-01-xml-V3.zip,https://www.pbs.gov.au/publication/schedule/2025/02/2025-02-01-xml-V3.zip?variant=3,au_pbs_structured_aaf07b8f5c2dd670,public_reuse_review,Official machine-readable PBS publication package. Format and checksum evidence do not by themselves grant redistribution rights or establish cross-version field parity.,au_pbs,au_pbs_structured_2025_02_01_aaf07b8f5c2d,planned,False,xml_zip
https://www.pbs.gov.au/info/publication/schedule/2023,2023-06-01,download_for_local_review,zip,2023-06-01-V2-down-converted.zip,https://www.pbs.gov.au/publication/schedule/2023/06/2023-06-01-V2-down-converted.zip?variant=3,au_pbs_structured_aaf59692ade27bd9,public_reuse_review,Official machine-readable PBS publication package. Format and checksum evidence do not by themselves grant redistribution rights or establish cross-version field parity.,au_pbs,au_pbs_structured_2023_06_01_aaf59692ade2,planned,False,xml_zip
https://www.pbs.gov.au/info/publication/schedule/2019,2019-02-01,download_for_local_review,zip,2019-02-01-xml-V3.zip,https://www.pbs.gov.au/publication/schedule/2019/02/2019-02-01-xml-V3.zip?variant=3,au_pbs_structured_ab2d80d65c663151,public_reuse_review,Official machine-readable PBS publication package. Format and checksum evidence do not by themselves grant redistribution rights or establish cross-version field parity.,au_pbs,au_pbs_structured_2019_02_01_ab2d80d65c66,planned,False,xml_zip
https://www.pbs.gov.au/info/publication/schedule/2016,2016-10-01,download_for_local_review,zip,2016-10-01-xml.zip,https://www.pbs.gov.au/publication/schedule/2016/10/2016-10-01-xml.zip?variant=3,au_pbs_structured_aba40bdd6c192f16,public_reuse_review,Official machine-readable PBS publication package. Format and checksum evidence do not by themselves grant redistribution rights or establish cross-version field parity.,au_pbs,au_pbs_structured_2016_10_01_aba40bdd6c19,planned,False,xml_zip
https://www.pbs.gov.au/info/publication/schedule/2020,2020-05-01,download_for_local_review,zip,2020-05-01-V2-down-converted.zip,https://www.pbs.gov.au/publication/schedule/2020/05/2020-05-01-V2-down-converted.zip?variant=3,au_pbs_structured_ac66eaedd938c5d8,public_reuse_review,Official machine-readable PBS publication package. Format and checksum evidence do not by themselves grant redistribution rights or establish cross-version field parity.,au_pbs,au_pbs_structured_2020_05_01_ac66eaedd938,planned,False,xml_zip
https://www.pbs.gov.au/info/publication/schedule/2025,2025-11-01,download_for_local_review,zip,2025-11-01-v3soextracts.zip,https://www.pbs.gov.au/publication/schedule/2025/11/2025-11-01-v3soextracts.zip?variant=3,au_pbs_structured_ac9f1d68f7559adc,public_reuse_review,Official machine-readable PBS publication package. Format and checksum evidence do not by themselves grant redistribution rights or establish cross-version field parity.,au_pbs,au_pbs_structured_2025_11_01_ac9f1d68f755,planned,False,xml_zip
https://www.pbs.gov.au/info/publication/schedule/2018,2018-09-01,download_for_local_review,zip,2018-09-01-xml-V3.zip,https://www.pbs.gov.au/publication/schedule/2018/09/2018-09-01-xml-V3.zip?variant=3,au_pbs_structured_acaf7101f48b4f35,public_reuse_review,Official machine-readable PBS publication package. Format and checksum evidence do not by themselves grant redistribution rights or establish cross-version field parity.,au_pbs,au_pbs_structured_2018_09_01_acaf7101f48b,planned,False,xml_zip
https://www.pbs.gov.au/info/publication/schedule/2014,2014-07-01,download_for_local_review,zip,2014-07-01-xml.zip,https://www.pbs.gov.au/publication/schedule/2014/07/2014-07-01-xml.zip?variant=3,au_pbs_structured_acd5bdd860ada549,public_reuse_review,Official machine-readable PBS publication package. Format and checksum evidence do not by themselves grant redistribution rights or establish cross-version field parity.,au_pbs,au_pbs_structured_2014_07_01_acd5bdd860ad,planned,False,xml_zip
https://www.pbs.gov.au/info/publication/schedule/2020,2020-09-01,download_for_local_review,zip,2020-09-01-extracts-down-converted.zip,https://www.pbs.gov.au/publication/schedule/2020/09/2020-09-01-extracts-down-converted.zip?variant=3,au_pbs_structured_ad2dfc5d229d86ac,public_reuse_review,Official machine-readable PBS publication package. Format and checksum evidence do not by themselves grant redistribution rights or establish cross-version field parity.,au_pbs,au_pbs_structured_2020_09_01_ad2dfc5d229d,planned,False,structured_extract_zip
https://www.pbs.gov.au/info/publication/schedule/2009,2009-08-01,download_for_local_review,zip,2009-08-01-general-schedule-xml.zip,https://www.pbs.gov.au/publication/schedule/2009/2009-08-01-general-schedule-xml.zip?variant=3,au_pbs_structured_adf9591030e9f48c,public_reuse_review,Official machine-readable PBS publication package. Format and checksum evidence do not by themselves grant redistribution rights or establish cross-version field parity.,au_pbs,au_pbs_structured_2009_08_01_adf9591030e9,planned,False,xml_zip
https://www.pbs.gov.au/info/publication/schedule/2021,2021-03-01,download_for_local_review,zip,2021-03-01-v3soextracts.zip,https://www.pbs.gov.au/publication/schedule/2021/03/2021-03-01-v3soextracts.zip?variant=3,au_pbs_structured_ae6372f4a3ea59f8,public_reuse_review,Official machine-readable PBS publication package. Format and checksum evidence do not by themselves grant redistribution rights or establish cross-version field parity.,au_pbs,au_pbs_structured_2021_03_01_ae6372f4a3ea,planned,False,xml_zip
https://www.pbs.gov.au/info/publication/schedule/2021,2021-03-01,download_for_local_review,zip,2021-03-01-V2-down-converted.zip,https://www.pbs.gov.au/publication/schedule/2021/03/2021-03-01-V2-down-converted.zip?variant=3,au_pbs_structured_ae94d471b88c6014,public_reuse_review,Official machine-readable PBS publication package. Format and checksum evidence do not by themselves grant redistribution rights or establish cross-version field parity.,au_pbs,au_pbs_structured_2021_03_01_ae94d471b88c,planned,False,xml_zip
https://www.pbs.gov.au/info/publication/schedule/2010,2010-03-01,download_for_local_review,zip,2010-03-01-general-schedule-ascii.zip,https://www.pbs.gov.au/publication/schedule/2010/2010-03-01-general-schedule-ascii.zip?variant=3,au_pbs_structured_aead3faa67cd007b,public_reuse_review,Official machine-readable PBS publication package. Format and checksum evidence do not by themselves grant redistribution rights or establish cross-version field parity.,au_pbs,au_pbs_structured_2010_03_01_aead3faa67cd,planned,False,text_zip
https://www.pbs.gov.au/info/publication/schedule/2018,2018-01-01,download_for_local_review,zip,2018-01-01-extracts-down-converted.zip,https://www.pbs.gov.au/publication/schedule/2018/01/2018-01-01-extracts-down-converted.zip?variant=3,au_pbs_structured_af61ec125dd53a3a,public_reuse_review,Official machine-readable PBS publication package. Format and checksum evidence do not by themselves grant redistribution rights or establish cross-version field parity.,au_pbs,au_pbs_structured_2018_01_01_af61ec125dd5,planned,False,structured_extract_zip
https://www.pbs.gov.au/info/publication/schedule/2025,2025-07-01,download_for_local_review,zip,2025-07-01-v3soextracts.zip,https://www.pbs.gov.au/publication/schedule/2025/07/2025-07-01-v3soextracts.zip?variant=3,au_pbs_structured_af7f713f59bbf67a,public_reuse_review,Official machine-readable PBS publication package. Format and checksum evidence do not by themselves grant redistribution rights or establish cross-version field parity.,au_pbs,au_pbs_structured_2025_07_01_af7f713f59bb,planned,False,xml_zip
https://www.pbs.gov.au/info/publication/schedule/2012,2012-10-01,download_for_local_review,zip,2012-10-01-general-schedule-ascii.zip,https://www.pbs.gov.au/publication/schedule/2012/10/2012-10-01-general-schedule-ascii.zip?variant=3,au_pbs_structured_af9615402ceed310,public_reuse_review,Official machine-readable PBS publication package. Format and checksum evidence do not by themselves grant redistribution rights or establish cross-version field parity.,au_pbs,au_pbs_structured_2012_10_01_af9615402cee,planned,False,text_zip
https://www.pbs.gov.au/info/publication/schedule/2026,2026-04-01,download_for_local_review,zip,2026-04-01-v3extracts.zip,https://www.pbs.gov.au/publication/schedule/2026/04/2026-04-01-v3extracts.zip?variant=3,au_pbs_structured_b028f0376b831c31,public_reuse_review,Official machine-readable PBS publication package. Format and checksum evidence do not by themselves grant redistribution rights or establish cross-version field parity.,au_pbs,au_pbs_structured_2026_04_01_b028f0376b83,planned,False,xml_zip
https://www.pbs.gov.au/info/publication/schedule/2025,2025-04-01,download_for_local_review,zip,2025-04-01-v3extracts.zip,https://www.pbs.gov.au/publication/schedule/2025/04/2025-04-01-v3extracts.zip?variant=3,au_pbs_structured_b08d8a70130dfa1a,public_reuse_review,Official machine-readable PBS publication package. Format and checksum evidence do not by themselves grant redistribution rights or establish cross-version field parity.,au_pbs,au_pbs_structured_2025_04_01_b08d8a70130d,planned,False,xml_zip
https://www.pbs.gov.au/info/publication/schedule/2025,2025-07-01,download_for_local_review,zip,2025-07-01-xml-v3.zip,https://www.pbs.gov.au/publication/schedule/2025/07/2025-07-01-xml-v3.zip?variant=3,au_pbs_structured_b1338d5d384981c6,public_reuse_review,Official machine-readable PBS publication package. Format and checksum evidence do not by themselves grant redistribution rights or establish cross-version field parity.,au_pbs,au_pbs_structured_2025_07_01_b1338d5d3849,planned,False,xml_zip
https://www.pbs.gov.au/info/publication/schedule/2026,2026-02-01,download_for_local_review,zip,2026-02-01-XML-V3.zip,https://www.pbs.gov.au/publication/schedule/2026/02/2026-02-01-XML-V3.zip?variant=3,au_pbs_structured_b16bd19451bc3ce5,public_reuse_review,Official machine-readable PBS publication package. Format and checksum evidence do not by themselves grant redistribution rights or establish cross-version field parity.,au_pbs,au_pbs_structured_2026_02_01_b16bd19451bc,planned,False,xml_zip
https://www.pbs.gov.au/info/publication/schedule/2016,2016-01-01,download_for_local_review,zip,2016-01-01-xml.zip,https://www.pbs.gov.au/publication/schedule/2016/01/2016-01-01-xml.zip?variant=3,au_pbs_structured_b23581c443ce98fe,public_reuse_review,Official machine-readable PBS publication package. Format and checksum evidence do not by themselves grant redistribution rights or establish cross-version field parity.,au_pbs,au_pbs_structured_2016_01_01_b23581c443ce,planned,False,xml_zip
https://www.pbs.gov.au/info/publication/schedule/2012,2012-06-01,download_for_local_review,zip,2012-06-01-general-schedule-xml.zip,https://www.pbs.gov.au/publication/schedule/2012/06/2012-06-01-general-schedule-xml.zip?variant=3,au_pbs_structured_b23ea49989e56e73,public_reuse_review,Official machine-readable PBS publication package. Format and checksum evidence do not by themselves grant redistribution rights or establish cross-version field parity.,au_pbs,au_pbs_structured_2012_06_01_b23ea49989e5,planned,False,xml_zip
https://www.pbs.gov.au/info/publication/schedule/2014,2014-02-01,download_for_local_review,zip,2014-02-01-xml.zip,https://www.pbs.gov.au/publication/schedule/2014/02/2014-02-01-xml.zip?variant=3,au_pbs_structured_b244dec8fa1da173,public_reuse_review,Official machine-readable PBS publication package. Format and checksum evidence do not by themselves grant redistribution rights or establish cross-version field parity.,au_pbs,au_pbs_structured_2014_02_01_b244dec8fa1d,planned,False,xml_zip
https://www.pbs.gov.au/info/publication/schedule/2017,2017-01-01,download_for_local_review,zip,2017-01-01-extracts.zip,https://www.pbs.gov.au/publication/schedule/2017/01/2017-01-01-extracts.zip?variant=3,au_pbs_structured_b24ab5a6ce11bab2,public_reuse_review,Official machine-readable PBS publication package. Format and checksum evidence do not by themselves grant redistribution rights or establish cross-version field parity.,au_pbs,au_pbs_structured_2017_01_01_b24ab5a6ce11,planned,False,structured_extract_zip
https://www.pbs.gov.au/info/publication/schedule/2020,2020-08-01,download_for_local_review,zip,2020-08-01-V2-down-converted.zip,https://www.pbs.gov.au/publication/schedule/2020/08/2020-08-01-V2-down-converted.zip?variant=3,au_pbs_structured_b25ad2ede4d88f3c,public_reuse_review,Official machine-readable PBS publication package. Format and checksum evidence do not by themselves grant redistribution rights or establish cross-version field parity.,au_pbs,au_pbs_structured_2020_08_01_b25ad2ede4d8,planned,False,xml_zip
https://www.pbs.gov.au/info/publication/schedule/2026,2026-06-01,download_for_local_review,zip,2026-06-01-PBS-API-CSV-files.zip,https://www.pbs.gov.au/publication/schedule/2026/06/2026-06-01-PBS-API-CSV-files.zip?variant=3,au_pbs_structured_b305344b5c6ec598,public_reuse_review,Official machine-readable PBS publication package. Format and checksum evidence do not by themselves grant redistribution rights or establish cross-version field parity.,au_pbs,au_pbs_structured_2026_06_01_b305344b5c6e,planned,False,csv_zip
https://www.pbs.gov.au/info/publication/schedule/2009,2009-05-01,download_for_local_review,zip,2009-05-01-general-schedule-ascii.zip,https://www.pbs.gov.au/publication/schedule/2009/2009-05-01-general-schedule-ascii.zip?variant=3,au_pbs_structured_b34be0f9703ded6b,public_reuse_review,Official machine-readable PBS publication package. Format and checksum evidence do not by themselves grant redistribution rights or establish cross-version field parity.,au_pbs,au_pbs_structured_2009_05_01_b34be0f9703d,planned,False,text_zip
https://www.pbs.gov.au/info/publication/schedule/2012,2012-06-01,download_for_local_review,zip,2012-06-01-efc-extracts.zip,https://www.pbs.gov.au/publication/schedule/2012/06/2012-06-01-efc-extracts.zip?variant=3,au_pbs_structured_b364293f36a5f115,public_reuse_review,Official machine-readable PBS publication package. Format and checksum evidence do not by themselves grant redistribution rights or establish cross-version field parity.,au_pbs,au_pbs_structured_2012_06_01_b364293f36a5,planned,False,structured_extract_zip
https://www.pbs.gov.au/info/publication/schedule/2019,2019-12-01,download_for_local_review,zip,2019-12-01-xml-V3.zip,https://www.pbs.gov.au/publication/schedule/2019/12/2019-12-01-xml-V3.zip?variant=3,au_pbs_structured_b371df7efff7c29d,public_reuse_review,Official machine-readable PBS publication package. Format and checksum evidence do not by themselves grant redistribution rights or establish cross-version field parity.,au_pbs,au_pbs_structured_2019_12_01_b371df7efff7,planned,False,xml_zip
https://www.pbs.gov.au/info/publication/schedule/2019,2019-06-01,download_for_local_review,zip,2019-06-01-extracts-down-converted.zip,https://www.pbs.gov.au/publication/schedule/2019/06/2019-06-01-extracts-down-converted.zip?variant=3,au_pbs_structured_b3796624f4f24a89,public_reuse_review,Official machine-readable PBS publication package. Format and checksum evidence do not by themselves grant redistribution rights or establish cross-version field parity.,au_pbs,au_pbs_structured_2019_06_01_b3796624f4f2,planned,False,structured_extract_zip
https://www.pbs.gov.au/info/publication/schedule/2007,2007-04-01,download_for_local_review,zip,2007-04-01-general-schedule-ascii.zip,https://www.pbs.gov.au/publication/schedule/2007/2007-04-01-general-schedule-ascii.zip?variant=3,au_pbs_structured_b3d742010133d530,public_reuse_review,Official machine-readable PBS publication package. Format and checksum evidence do not by themselves grant redistribution rights or establish cross-version field parity.,au_pbs,au_pbs_structured_2007_04_01_b3d742010133,planned,False,text_zip
https://www.pbs.gov.au/info/publication/schedule/2017,2017-07-01,download_for_local_review,zip,2017-07-01-extracts.zip,https://www.pbs.gov.au/publication/schedule/2017/07/2017-07-01-extracts.zip?variant=3,au_pbs_structured_b4296dc7ae7d8893,public_reuse_review,Official machine-readable PBS publication package. Format and checksum evidence do not by themselves grant redistribution rights or establish cross-version field parity.,au_pbs,au_pbs_structured_2017_07_01_b4296dc7ae7d,planned,False,structured_extract_zip
https://www.pbs.gov.au/info/publication/schedule/2025,2025-10-01,download_for_local_review,zip,2025-10-01-PBS-API-CSV-files.zip,https://www.pbs.gov.au/publication/schedule/2025/10/2025-10-01-PBS-API-CSV-files.zip?variant=3,au_pbs_structured_b42b5f0f48143353,public_reuse_review,Official machine-readable PBS publication package. Format and checksum evidence do not by themselves grant redistribution rights or establish cross-version field parity.,au_pbs,au_pbs_structured_2025_10_01_b42b5f0f4814,planned,False,csv_zip
https://www.pbs.gov.au/info/publication/schedule/2022,2022-05-01,download_for_local_review,zip,2022-05-01-xml-V3.zip,https://www.pbs.gov.au/publication/schedule/2022/05/2022-05-01-xml-V3.zip?variant=3,au_pbs_structured_b45632e9b217e91e,public_reuse_review,Official machine-readable PBS publication package. Format and checksum evidence do not by themselves grant redistribution rights or establish cross-version field parity.,au_pbs,au_pbs_structured_2022_05_01_b45632e9b217,planned,False,xml_zip
https://www.pbs.gov.au/info/publication/schedule/2023,2023-08-01,download_for_local_review,zip,2023-08-01-v3soextracts.zip,https://www.pbs.gov.au/publication/schedule/2023/08/2023-08-01-v3soextracts.zip?variant=3,au_pbs_structured_b4980f546fd1fe42,public_reuse_review,Official machine-readable PBS publication package. Format and checksum evidence do not by themselves grant redistribution rights or establish cross-version field parity.,au_pbs,au_pbs_structured_2023_08_01_b4980f546fd1,planned,False,xml_zip
https://www.pbs.gov.au/info/publication/schedule/2017,2017-05-01,download_for_local_review,zip,2017-05-01-extracts.zip,https://www.pbs.gov.au/publication/schedule/2017/05/2017-05-01-extracts.zip?variant=3,au_pbs_structured_b4afb5af14e9c824,public_reuse_review,Official machine-readable PBS publication package. Format and checksum evidence do not by themselves grant redistribution rights or establish cross-version field parity.,au_pbs,au_pbs_structured_2017_05_01_b4afb5af14e9,planned,False,structured_extract_zip
https://www.pbs.gov.au/info/publication/schedule/2015,2015-03-01,download_for_local_review,zip,2015-03-01-extracts.zip,https://www.pbs.gov.au/publication/schedule/2015/03/2015-03-01-extracts.zip?variant=3,au_pbs_structured_b55959218eca269b,public_reuse_review,Official machine-readable PBS publication package. Format and checksum evidence do not by themselves grant redistribution rights or establish cross-version field parity.,au_pbs,au_pbs_structured_2015_03_01_b55959218eca,planned,False,structured_extract_zip
https://www.pbs.gov.au/info/publication/schedule/2022,2022-08-01,download_for_local_review,zip,2022-08-01-v3soextracts.zip,https://www.pbs.gov.au/publication/schedule/2022/08/2022-08-01-v3soextracts.zip?variant=3,au_pbs_structured_b55b7070d94e105e,public_reuse_review,Official machine-readable PBS publication package. Format and checksum evidence do not by themselves grant redistribution rights or establish cross-version field parity.,au_pbs,au_pbs_structured_2022_08_01_b55b7070d94e,planned,False,xml_zip
https://www.pbs.gov.au/info/publication/schedule/2016,2016-07-01,download_for_local_review,zip,2016-07-01-xml.zip,https://www.pbs.gov.au/publication/schedule/2016/07/2016-07-01-xml.zip?variant=3,au_pbs_structured_b5e8bbd033589960,public_reuse_review,Official machine-readable PBS publication package. Format and checksum evidence do not by themselves grant redistribution rights or establish cross-version field parity.,au_pbs,au_pbs_structured_2016_07_01_b5e8bbd03358,planned,False,xml_zip
https://www.pbs.gov.au/info/publication/schedule/2012,2012-05-01,download_for_local_review,zip,2012-05-01-general-schedule-ascii.zip,https://www.pbs.gov.au/publication/schedule/2012/05/2012-05-01-general-schedule-ascii.zip?variant=3,au_pbs_structured_b7dcdcd4ff4d5fce,public_reuse_review,Official machine-readable PBS publication package. Format and checksum evidence do not by themselves grant redistribution rights or establish cross-version field parity.,au_pbs,au_pbs_structured_2012_05_01_b7dcdcd4ff4d,planned,False,text_zip
https://www.pbs.gov.au/info/publication/schedule/2012,2012-12-01,download_for_local_review,zip,2012-12-01-xml.zip,https://www.pbs.gov.au/publication/schedule/2012/12/2012-12-01-xml.zip?variant=3,au_pbs_structured_b82a19b5abf0bd19,public_reuse_review,Official machine-readable PBS publication package. Format and checksum evidence do not by themselves grant redistribution rights or establish cross-version field parity.,au_pbs,au_pbs_structured_2012_12_01_b82a19b5abf0,planned,False,xml_zip
https://www.pbs.gov.au/info/publication/schedule/2015,2015-09-01,download_for_local_review,zip,2015-09-01-extracts.zip,https://www.pbs.gov.au/publication/schedule/2015/09/2015-09-01-extracts.zip?variant=3,au_pbs_structured_b8bcf57acda3f09e,public_reuse_review,Official machine-readable PBS publication package. Format and checksum evidence do not by themselves grant redistribution rights or establish cross-version field parity.,au_pbs,au_pbs_structured_2015_09_01_b8bcf57acda3,planned,False,structured_extract_zip
https://www.pbs.gov.au/info/publication/schedule/2021,2021-01-01,download_for_local_review,zip,2021-01-01-xml-V3.zip,https://www.pbs.gov.au/publication/schedule/2021/01/2021-01-01-xml-V3.zip?variant=3,au_pbs_structured_b8fd4c01c82473a7,public_reuse_review,Official machine-readable PBS publication package. Format and checksum evidence do not by themselves grant redistribution rights or establish cross-version field parity.,au_pbs,au_pbs_structured_2021_01_01_b8fd4c01c824,planned,False,xml_zip
https://www.pbs.gov.au/info/publication/schedule/2023,2023-12-01,download_for_local_review,zip,2023-12-01-xml-V3.zip,https://www.pbs.gov.au/publication/schedule/2023/12/2023-12-01-xml-V3.zip?variant=3,au_pbs_structured_b93f19eb4a4c5122,public_reuse_review,Official machine-readable PBS publication package. Format and checksum evidence do not by themselves grant redistribution rights or establish cross-version field parity.,au_pbs,au_pbs_structured_2023_12_01_b93f19eb4a4c,planned,False,xml_zip
https://www.pbs.gov.au/info/publication/schedule/2014,2014-04-01,download_for_local_review,zip,2014-04-01-extracts.zip,https://www.pbs.gov.au/publication/schedule/2014/04/2014-04-01-extracts.zip?variant=3,au_pbs_structured_b968b569d5e813e7,public_reuse_review,Official machine-readable PBS publication package. Format and checksum evidence do not by themselves grant redistribution rights or establish cross-version field parity.,au_pbs,au_pbs_structured_2014_04_01_b968b569d5e8,planned,False,structured_extract_zip
https://www.pbs.gov.au/info/publication/schedule/2011,2011-08-01,download_for_local_review,zip,2011-08-01-general-schedule-ascii.zip,https://www.pbs.gov.au/publication/schedule/2011/08/2011-08-01-general-schedule-ascii.zip?variant=3,au_pbs_structured_b9761682c16d9e30,public_reuse_review,Official machine-readable PBS publication package. Format and checksum evidence do not by themselves grant redistribution rights or establish cross-version field parity.,au_pbs,au_pbs_structured_2011_08_01_b9761682c16d,planned,False,text_zip
https://www.pbs.gov.au/info/publication/schedule/2024,2024-10-01,download_for_local_review,zip,2024-10-01-V2-down-converted.zip,https://www.pbs.gov.au/publication/schedule/2024/10/2024-10-01-V2-down-converted.zip?variant=3,au_pbs_structured_b9b577ea842d4e3c,public_reuse_review,Official machine-readable PBS publication package. Format and checksum evidence do not by themselves grant redistribution rights or establish cross-version field parity.,au_pbs,au_pbs_structured_2024_10_01_b9b577ea842d,planned,False,xml_zip
https://www.pbs.gov.au/info/publication/schedule/2024,2024-05-01,download_for_local_review,zip,2024-05-01-V2-down-converted.zip,https://www.pbs.gov.au/publication/schedule/2024/05/2024-05-01-V2-down-converted.zip?variant=3,au_pbs_structured_ba11fd3d82e95c15,public_reuse_review,Official machine-readable PBS publication package. Format and checksum evidence do not by themselves grant redistribution rights or establish cross-version field parity.,au_pbs,au_pbs_structured_2024_05_01_ba11fd3d82e9,planned,False,xml_zip
https://www.pbs.gov.au/info/publication/schedule/2008,2008-06-01,download_for_local_review,zip,2008-06-01-general-schedule-xml.zip,https://www.pbs.gov.au/publication/schedule/2008/2008-06-01-general-schedule-xml.zip?variant=3,au_pbs_structured_ba1428e9aa92ef51,public_reuse_review,Official machine-readable PBS publication package. Format and checksum evidence do not by themselves grant redistribution rights or establish cross-version field parity.,au_pbs,au_pbs_structured_2008_06_01_ba1428e9aa92,planned,False,xml_zip
https://www.pbs.gov.au/info/publication/schedule/2023,2023-11-01,download_for_local_review,zip,2023-11-01-V2-down-converted.zip,https://www.pbs.gov.au/publication/schedule/2023/11/2023-11-01-V2-down-converted.zip?variant=3,au_pbs_structured_ba3c840a4db37b46,public_reuse_review,Official machine-readable PBS publication package. Format and checksum evidence do not by themselves grant redistribution rights or establish cross-version field parity.,au_pbs,au_pbs_structured_2023_11_01_ba3c840a4db3,planned,False,xml_zip
https://www.pbs.gov.au/info/publication/schedule/2021,2021-07-01,download_for_local_review,zip,2021-07-01-V2-down-converted.zip,https://www.pbs.gov.au/publication/schedule/2021/07/2021-07-01-V2-down-converted.zip?variant=3,au_pbs_structured_babdd90f6f184c8b,public_reuse_review,Official machine-readable PBS publication package. Format and checksum evidence do not by themselves grant redistribution rights or establish cross-version field parity.,au_pbs,au_pbs_structured_2021_07_01_babdd90f6f18,planned,False,xml_zip
https://www.pbs.gov.au/info/publication/schedule/2011,2011-11-01,download_for_local_review,zip,2011-11-01-general-schedule-xml.zip,https://www.pbs.gov.au/publication/schedule/2011/11/2011-11-01-general-schedule-xml.zip?variant=3,au_pbs_structured_bb27dcb6df5a3fff,public_reuse_review,Official machine-readable PBS publication package. Format and checksum evidence do not by themselves grant redistribution rights or establish cross-version field parity.,au_pbs,au_pbs_structured_2011_11_01_bb27dcb6df5a,planned,False,xml_zip
https://www.pbs.gov.au/info/publication/schedule/2022,2022-11-01,download_for_local_review,zip,2022-11-01-V2-down-converted.zip,https://www.pbs.gov.au/publication/schedule/2022/11/2022-11-01-V2-down-converted.zip?variant=3,au_pbs_structured_bb9e2b7e82bf37fe,public_reuse_review,Official machine-readable PBS publication package. Format and checksum evidence do not by themselves grant redistribution rights or establish cross-version field parity.,au_pbs,au_pbs_structured_2022_11_01_bb9e2b7e82bf,planned,False,xml_zip
https://www.pbs.gov.au/info/publication/schedule/2025,2025-11-01,download_for_local_review,zip,2025-11-01-PBS-API-CSV-files.zip,https://www.pbs.gov.au/publication/schedule/2025/11/2025-11-01-PBS-API-CSV-files.zip?variant=3,au_pbs_structured_bc6de1861cb71de7,public_reuse_review,Official machine-readable PBS publication package. Format and checksum evidence do not by themselves grant redistribution rights or establish cross-version field parity.,au_pbs,au_pbs_structured_2025_11_01_bc6de1861cb7,planned,False,csv_zip
https://www.pbs.gov.au/info/publication/schedule/2023,2023-05-01,download_for_local_review,zip,2023-05-01-v3extracts.zip,https://www.pbs.gov.au/publication/schedule/2023/05/2023-05-01-v3extracts.zip?variant=3,au_pbs_structured_bca7198076c896b8,public_reuse_review,Official machine-readable PBS publication package. Format and checksum evidence do not by themselves grant redistribution rights or establish cross-version field parity.,au_pbs,au_pbs_structured_2023_05_01_bca7198076c8,planned,False,xml_zip
https://www.pbs.gov.au/info/publication/schedule/2022,2022-02-01,download_for_local_review,zip,2022-02-01-V2-down-converted.zip,https://www.pbs.gov.au/publication/schedule/2022/02/2022-02-01-V2-down-converted.zip?variant=3,au_pbs_structured_bd3027fe96ded7a4,public_reuse_review,Official machine-readable PBS publication package. Format and checksum evidence do not by themselves grant redistribution rights or establish cross-version field parity.,au_pbs,au_pbs_structured_2022_02_01_bd3027fe96de,planned,False,xml_zip
https://www.pbs.gov.au/info/publication/schedule/2025,2025-10-01,download_for_local_review,zip,2025-10-01-v3soextracts.zip,https://www.pbs.gov.au/publication/schedule/2025/10/2025-10-01-v3soextracts.zip?variant=3,au_pbs_structured_bef323695c33b39a,public_reuse_review,Official machine-readable PBS publication package. Format and checksum evidence do not by themselves grant redistribution rights or establish cross-version field parity.,au_pbs,au_pbs_structured_2025_10_01_bef323695c33,planned,False,xml_zip
https://www.pbs.gov.au/info/publication/schedule/2011,2011-12-01,download_for_local_review,zip,2011-12-01-general-schedule-xml.zip,https://www.pbs.gov.au/publication/schedule/2011/12/2011-12-01-general-schedule-xml.zip?variant=3,au_pbs_structured_c0c55773675f2ad5,public_reuse_review,Official machine-readable PBS publication package. Format and checksum evidence do not by themselves grant redistribution rights or establish cross-version field parity.,au_pbs,au_pbs_structured_2011_12_01_c0c55773675f,planned,False,xml_zip
https://www.pbs.gov.au/info/publication/schedule/2021,2021-09-01,download_for_local_review,zip,2021-09-01-v3extracts.zip,https://www.pbs.gov.au/publication/schedule/2021/09/2021-09-01-v3extracts.zip?variant=3,au_pbs_structured_c134f02fd323eeee,public_reuse_review,Official machine-readable PBS publication package. Format and checksum evidence do not by themselves grant redistribution rights or establish cross-version field parity.,au_pbs,au_pbs_structured_2021_09_01_c134f02fd323,planned,False,xml_zip
https://www.pbs.gov.au/info/publication/schedule/2022,2022-11-01,download_for_local_review,zip,2022-11-01-v3soextracts.zip,https://www.pbs.gov.au/publication/schedule/2022/11/2022-11-01-v3soextracts.zip?variant=3,au_pbs_structured_c14ea7a28b4b8d58,public_reuse_review,Official machine-readable PBS publication package. Format and checksum evidence do not by themselves grant redistribution rights or establish cross-version field parity.,au_pbs,au_pbs_structured_2022_11_01_c14ea7a28b4b,planned,False,xml_zip
https://www.pbs.gov.au/info/publication/schedule/2022,2022-07-01,download_for_local_review,zip,2022-07-01-xml-V3.zip,https://www.pbs.gov.au/publication/schedule/2022/07/2022-07-01-xml-V3.zip?variant=3,au_pbs_structured_c192a399856ac0c0,public_reuse_review,Official machine-readable PBS publication package. Format and checksum evidence do not by themselves grant redistribution rights or establish cross-version field parity.,au_pbs,au_pbs_structured_2022_07_01_c192a399856a,planned,False,xml_zip
https://www.pbs.gov.au/info/publication/schedule/2012,2012-04-01,download_for_local_review,zip,2012-04-01-general-schedule-ascii.zip,https://www.pbs.gov.au/publication/schedule/2012/04/2012-04-01-general-schedule-ascii.zip?variant=3,au_pbs_structured_c1cd28363bdd1726,public_reuse_review,Official machine-readable PBS publication package. Format and checksum evidence do not by themselves grant redistribution rights or establish cross-version field parity.,au_pbs,au_pbs_structured_2012_04_01_c1cd28363bdd,planned,False,text_zip
https://www.pbs.gov.au/info/publication/schedule/2019,2019-08-01,download_for_local_review,zip,2019-08-01-xml-V3.zip,https://www.pbs.gov.au/publication/schedule/2019/08/2019-08-01-xml-V3.zip?variant=3,au_pbs_structured_c238c2f7e18f1504,public_reuse_review,Official machine-readable PBS publication package. Format and checksum evidence do not by themselves grant redistribution rights or establish cross-version field parity.,au_pbs,au_pbs_structured_2019_08_01_c238c2f7e18f,planned,False,xml_zip
https://www.pbs.gov.au/info/publication/schedule/2022,2022-12-01,download_for_local_review,zip,2022-12-01-v3extracts.zip,https://www.pbs.gov.au/publication/schedule/2022/12/2022-12-01-v3extracts.zip?variant=3,au_pbs_structured_c2e5ec9cd84bec3f,public_reuse_review,Official machine-readable PBS publication package. Format and checksum evidence do not by themselves grant redistribution rights or establish cross-version field parity.,au_pbs,au_pbs_structured_2022_12_01_c2e5ec9cd84b,planned,False,xml_zip
https://www.pbs.gov.au/info/publication/schedule/2022,2022-09-01,download_for_local_review,zip,2022-09-01-xml-V3.zip,https://www.pbs.gov.au/publication/schedule/2022/09/2022-09-01-xml-V3.zip?variant=3,au_pbs_structured_c31fe7ff63a561db,public_reuse_review,Official machine-readable PBS publication package. Format and checksum evidence do not by themselves grant redistribution rights or establish cross-version field parity.,au_pbs,au_pbs_structured_2022_09_01_c31fe7ff63a5,planned,False,xml_zip
https://www.pbs.gov.au/info/publication/schedule/2010,2010-07-01,download_for_local_review,zip,2010-07-01-general-schedule-ascii.zip,https://www.pbs.gov.au/publication/schedule/2010/2010-07-01-general-schedule-ascii.zip?variant=3,au_pbs_structured_c375134e37c04c78,public_reuse_review,Official machine-readable PBS publication package. Format and checksum evidence do not by themselves grant redistribution rights or establish cross-version field parity.,au_pbs,au_pbs_structured_2010_07_01_c375134e37c0,planned,False,text_zip
https://www.pbs.gov.au/info/publication/schedule/2026,2026-04-01,download_for_local_review,zip,2026-04-01-V2-down-converted.zip,https://www.pbs.gov.au/publication/schedule/2026/04/2026-04-01-V2-down-converted.zip?variant=3,au_pbs_structured_c3b0f6b9f90f3ccb,public_reuse_review,Official machine-readable PBS publication package. Format and checksum evidence do not by themselves grant redistribution rights or establish cross-version field parity.,au_pbs,au_pbs_structured_2026_04_01_c3b0f6b9f90f,planned,False,xml_zip
https://www.pbs.gov.au/info/publication/schedule/2017,2017-11-01,download_for_local_review,zip,2017-11-01-xml-V3.zip,https://www.pbs.gov.au/publication/schedule/2017/11/2017-11-01-xml-V3.zip?variant=3,au_pbs_structured_c3d1ba3407d57e7b,public_reuse_review,Official machine-readable PBS publication package. Format and checksum evidence do not by themselves grant redistribution rights or establish cross-version field parity.,au_pbs,au_pbs_structured_2017_11_01_c3d1ba3407d5,planned,False,xml_zip
https://www.pbs.gov.au/info/publication/schedule/2022,2022-04-01,download_for_local_review,zip,2022-04-01-v3extracts-release-2.zip,https://www.pbs.gov.au/publication/schedule/2022/04/2022-04-01-v3extracts-release-2.zip?variant=3,au_pbs_structured_c41ca4a170a9f002,public_reuse_review,Official machine-readable PBS publication package. Format and checksum evidence do not by themselves grant redistribution rights or establish cross-version field parity.,au_pbs,au_pbs_structured_2022_04_01_c41ca4a170a9,planned,False,xml_zip
https://www.pbs.gov.au/info/publication/schedule/2020,2020-03-01,download_for_local_review,zip,2020-03-01-extracts-down-converted.zip,https://www.pbs.gov.au/publication/schedule/2020/03/2020-03-01-extracts-down-converted.zip?variant=3,au_pbs_structured_c476918406d6f02c,public_reuse_review,Official machine-readable PBS publication package. Format and checksum evidence do not by themselves grant redistribution rights or establish cross-version field parity.,au_pbs,au_pbs_structured_2020_03_01_c476918406d6,planned,False,structured_extract_zip
https://www.pbs.gov.au/info/publication/schedule/2023,2023-01-01,download_for_local_review,zip,2023-01-01-xml-V3.zip,https://www.pbs.gov.au/publication/schedule/2023/01/2023-01-01-xml-V3.zip?variant=3,au_pbs_structured_c693757dcf430148,public_reuse_review,Official machine-readable PBS publication package. Format and checksum evidence do not by themselves grant redistribution rights or establish cross-version field parity.,au_pbs,au_pbs_structured_2023_01_01_c693757dcf43,planned,False,xml_zip
https://www.pbs.gov.au/info/publication/schedule/2019,2019-05-01,download_for_local_review,zip,2019-05-01-V2-down-converted.zip,https://www.pbs.gov.au/publication/schedule/2019/05/2019-05-01-V2-down-converted.zip?variant=3,au_pbs_structured_c794e265f8b7cff9,public_reuse_review,Official machine-readable PBS publication package. Format and checksum evidence do not by themselves grant redistribution rights or establish cross-version field parity.,au_pbs,au_pbs_structured_2019_05_01_c794e265f8b7,planned,False,xml_zip
https://www.pbs.gov.au/info/publication/schedule/2021,2021-06-01,download_for_local_review,zip,2021-06-01-xml-V3.zip,https://www.pbs.gov.au/publication/schedule/2021/06/2021-06-01-xml-V3.zip?variant=3,au_pbs_structured_c7f03a8ed25050d6,public_reuse_review,Official machine-readable PBS publication package. Format and checksum evidence do not by themselves grant redistribution rights or establish cross-version field parity.,au_pbs,au_pbs_structured_2021_06_01_c7f03a8ed250,planned,False,xml_zip
https://www.pbs.gov.au/info/publication/schedule/2021,2021-07-01,download_for_local_review,zip,2021-07-01-xml-V3.zip,https://www.pbs.gov.au/publication/schedule/2021/07/2021-07-01-xml-V3.zip?variant=3,au_pbs_structured_c7f2ef83e2d826b7,public_reuse_review,Official machine-readable PBS publication package. Format and checksum evidence do not by themselves grant redistribution rights or establish cross-version field parity.,au_pbs,au_pbs_structured_2021_07_01_c7f2ef83e2d8,planned,False,xml_zip
https://www.pbs.gov.au/info/publication/schedule/2009,2009-01-01,download_for_local_review,zip,2009-01-01-general-schedule-xml.zip,https://www.pbs.gov.au/publication/schedule/2009/2009-01-01-general-schedule-xml.zip?variant=3,au_pbs_structured_c810c34ad00d64e8,public_reuse_review,Official machine-readable PBS publication package. Format and checksum evidence do not by themselves grant redistribution rights or establish cross-version field parity.,au_pbs,au_pbs_structured_2009_01_01_c810c34ad00d,planned,False,xml_zip
https://www.pbs.gov.au/info/publication/schedule/2025,2025-08-01,download_for_local_review,zip,2025-08-01-xml-V3.zip,https://www.pbs.gov.au/publication/schedule/2025/08/2025-08-01-xml-V3.zip?variant=3,au_pbs_structured_c8a05d1403f20e73,public_reuse_review,Official machine-readable PBS publication package. Format and checksum evidence do not by themselves grant redistribution rights or establish cross-version field parity.,au_pbs,au_pbs_structured_2025_08_01_c8a05d1403f2,planned,False,xml_zip
https://www.pbs.gov.au/info/publication/schedule/2026,2026-05-01,download_for_local_review,zip,2026-05-01-v3extracts.zip,https://www.pbs.gov.au/publication/schedule/2026/05/2026-05-01-v3extracts.zip?variant=3,au_pbs_structured_c930c5d2a98c87f0,public_reuse_review,Official machine-readable PBS publication package. Format and checksum evidence do not by themselves grant redistribution rights or establish cross-version field parity.,au_pbs,au_pbs_structured_2026_05_01_c930c5d2a98c,planned,False,xml_zip
https://www.pbs.gov.au/info/publication/schedule/2013,2013-03-01,download_for_local_review,zip,2013-03-01-xml.zip,https://www.pbs.gov.au/publication/schedule/2013/03/2013-03-01-xml.zip?variant=3,au_pbs_structured_c97fdbfd447aadb2,public_reuse_review,Official machine-readable PBS publication package. Format and checksum evidence do not by themselves grant redistribution rights or establish cross-version field parity.,au_pbs,au_pbs_structured_2013_03_01_c97fdbfd447a,planned,False,xml_zip
https://www.pbs.gov.au/info/publication/schedule/2023,2023-05-01,download_for_local_review,zip,2023-05-01-V2-down-converted.zip,https://www.pbs.gov.au/publication/schedule/2023/05/2023-05-01-V2-down-converted.zip?variant=3,au_pbs_structured_c9819e4d028ebf79,public_reuse_review,Official machine-readable PBS publication package. Format and checksum evidence do not by themselves grant redistribution rights or establish cross-version field parity.,au_pbs,au_pbs_structured_2023_05_01_c9819e4d028e,planned,False,xml_zip
https://www.pbs.gov.au/info/publication/schedule/2023,2023-03-01,download_for_local_review,zip,2023-03-01-V2-down-converted.zip,https://www.pbs.gov.au/publication/schedule/2023/03/2023-03-01-V2-down-converted.zip?variant=3,au_pbs_structured_ca05948595099f14,public_reuse_review,Official machine-readable PBS publication package. Format and checksum evidence do not by themselves grant redistribution rights or establish cross-version field parity.,au_pbs,au_pbs_structured_2023_03_01_ca0594859509,planned,False,xml_zip
https://www.pbs.gov.au/info/publication/schedule/2013,2013-12-01,download_for_local_review,zip,2013-12-01-extracts.zip,https://www.pbs.gov.au/publication/schedule/2013/12/2013-12-01-extracts.zip?variant=3,au_pbs_structured_ca11459c7ff70bbe,public_reuse_review,Official machine-readable PBS publication package. Format and checksum evidence do not by themselves grant redistribution rights or establish cross-version field parity.,au_pbs,au_pbs_structured_2013_12_01_ca11459c7ff7,planned,False,structured_extract_zip
https://www.pbs.gov.au/info/publication/schedule/2007,2007-06-01,download_for_local_review,zip,2007-06-01-general-schedule-xml.zip,https://www.pbs.gov.au/publication/schedule/2007/2007-06-01-general-schedule-xml.zip?variant=3,au_pbs_structured_ca8de22edce7fd30,public_reuse_review,Official machine-readable PBS publication package. Format and checksum evidence do not by themselves grant redistribution rights or establish cross-version field parity.,au_pbs,au_pbs_structured_2007_06_01_ca8de22edce7,planned,False,xml_zip
https://www.pbs.gov.au/info/publication/schedule/2018,2018-06-01,download_for_local_review,zip,2018-06-01-V2-down-converted.zip,https://www.pbs.gov.au/publication/schedule/2018/06/2018-06-01-V2-down-converted.zip?variant=3,au_pbs_structured_cb67681e7b6027dc,public_reuse_review,Official machine-readable PBS publication package. Format and checksum evidence do not by themselves grant redistribution rights or establish cross-version field parity.,au_pbs,au_pbs_structured_2018_06_01_cb67681e7b60,planned,False,xml_zip
https://www.pbs.gov.au/info/publication/schedule/2008,2008-02-01,download_for_local_review,zip,2008-02-01-general-schedule-xml.zip,https://www.pbs.gov.au/publication/schedule/2008/2008-02-01-general-schedule-xml.zip?variant=3,au_pbs_structured_cb8851336558b01c,public_reuse_review,Official machine-readable PBS publication package. Format and checksum evidence do not by themselves grant redistribution rights or establish cross-version field parity.,au_pbs,au_pbs_structured_2008_02_01_cb8851336558,planned,False,xml_zip
https://www.pbs.gov.au/info/publication/schedule/2021,2021-05-01,download_for_local_review,zip,2021-05-01-v3soextracts.zip,https://www.pbs.gov.au/publication/schedule/2021/05/2021-05-01-v3soextracts.zip?variant=3,au_pbs_structured_cb968ff121f35577,public_reuse_review,Official machine-readable PBS publication package. Format and checksum evidence do not by themselves grant redistribution rights or establish cross-version field parity.,au_pbs,au_pbs_structured_2021_05_01_cb968ff121f3,planned,False,xml_zip
https://www.pbs.gov.au/info/publication/schedule/2013,2013-05-01,download_for_local_review,zip,2013-05-01-xml.zip,https://www.pbs.gov.au/publication/schedule/2013/05/2013-05-01-xml.zip?variant=3,au_pbs_structured_cb9bf7c9801e6790,public_reuse_review,Official machine-readable PBS publication package. Format and checksum evidence do not by themselves grant redistribution rights or establish cross-version field parity.,au_pbs,au_pbs_structured_2013_05_01_cb9bf7c9801e,planned,False,xml_zip
https://www.pbs.gov.au/info/publication/schedule/2026,2026-07-01,download_for_local_review,zip,2026-07-01-PBS-API-CSV-files.zip,https://www.pbs.gov.au/publication/schedule/2026/07/2026-07-01-PBS-API-CSV-files.zip?variant=3,au_pbs_structured_cbe060c8ed67b434,public_reuse_review,Official machine-readable PBS publication package. Format and checksum evidence do not by themselves grant redistribution rights or establish cross-version field parity.,au_pbs,au_pbs_structured_2026_07_01_cbe060c8ed67,planned,False,csv_zip
https://www.pbs.gov.au/info/publication/schedule/2010,2010-07-01,download_for_local_review,zip,2010-07-01-general-schedule-xml.zip,https://www.pbs.gov.au/publication/schedule/2010/2010-07-01-general-schedule-xml.zip?variant=3,au_pbs_structured_cbeb3a784ea42df4,public_reuse_review,Official machine-readable PBS publication package. Format and checksum evidence do not by themselves grant redistribution rights or establish cross-version field parity.,au_pbs,au_pbs_structured_2010_07_01_cbeb3a784ea4,planned,False,xml_zip
https://www.pbs.gov.au/info/publication/schedule/2014,2014-12-01,download_for_local_review,zip,2014-12-01-xml.zip,https://www.pbs.gov.au/publication/schedule/2014/12/2014-12-01-xml.zip?variant=3,au_pbs_structured_cc1171d6c6f587a8,public_reuse_review,Official machine-readable PBS publication package. Format and checksum evidence do not by themselves grant redistribution rights or establish cross-version field parity.,au_pbs,au_pbs_structured_2014_12_01_cc1171d6c6f5,planned,False,xml_zip
https://www.pbs.gov.au/info/publication/schedule/2021,2021-09-01,download_for_local_review,zip,2021-09-01-xml-V3.zip,https://www.pbs.gov.au/publication/schedule/2021/09/2021-09-01-xml-V3.zip?variant=3,au_pbs_structured_cc605a125bab663f,public_reuse_review,Official machine-readable PBS publication package. Format and checksum evidence do not by themselves grant redistribution rights or establish cross-version field parity.,au_pbs,au_pbs_structured_2021_09_01_cc605a125bab,planned,False,xml_zip
https://www.pbs.gov.au/info/publication/schedule/2025,2025-06-01,download_for_local_review,zip,2025-06-01-xml-v3.zip,https://www.pbs.gov.au/publication/schedule/2025/06/2025-06-01-xml-v3.zip?variant=3,au_pbs_structured_ccc74a96a1bf216f,public_reuse_review,Official machine-readable PBS publication package. Format and checksum evidence do not by themselves grant redistribution rights or establish cross-version field parity.,au_pbs,au_pbs_structured_2025_06_01_ccc74a96a1bf,planned,False,xml_zip
https://www.pbs.gov.au/info/publication/schedule/2025,2024-09-01,download_for_local_review,zip,2024-09-01-xml-V3.zip,https://www.pbs.gov.au/publication/schedule/2024/09/2024-09-01-xml-V3.zip?variant=3,au_pbs_structured_cdfd94af6cd51bbd,public_reuse_review,Official machine-readable PBS publication package. Format and checksum evidence do not by themselves grant redistribution rights or establish cross-version field parity.,au_pbs,au_pbs_structured_2024_09_01_cdfd94af6cd5,planned,False,xml_zip
https://www.pbs.gov.au/info/publication/schedule/2021,2021-02-01,download_for_local_review,zip,2021-02-01-v3extracts-r2.zip,https://www.pbs.gov.au/publication/schedule/2021/02/2021-02-01-v3extracts-r2.zip?variant=3,au_pbs_structured_ce0ec76ffd047e06,public_reuse_review,Official machine-readable PBS publication package. Format and checksum evidence do not by themselves grant redistribution rights or establish cross-version field parity.,au_pbs,au_pbs_structured_2021_02_01_ce0ec76ffd04,planned,False,xml_zip
https://www.pbs.gov.au/info/publication/schedule/2023,2023-06-01,download_for_local_review,zip,2023-06-01-xml-V3.zip,https://www.pbs.gov.au/publication/schedule/2023/06/2023-06-01-xml-V3.zip?variant=3,au_pbs_structured_ce173f7a7a68c13e,public_reuse_review,Official machine-readable PBS publication package. Format and checksum evidence do not by themselves grant redistribution rights or establish cross-version field parity.,au_pbs,au_pbs_structured_2023_06_01_ce173f7a7a68,planned,False,xml_zip
https://www.pbs.gov.au/info/publication/schedule/2013,2013-04-01,download_for_local_review,zip,2013-04-01-xml.zip,https://www.pbs.gov.au/publication/schedule/2013/04/2013-04-01-xml.zip?variant=3,au_pbs_structured_ce849aa030fa14b5,public_reuse_review,Official machine-readable PBS publication package. Format and checksum evidence do not by themselves grant redistribution rights or establish cross-version field parity.,au_pbs,au_pbs_structured_2013_04_01_ce849aa030fa,planned,False,xml_zip
https://www.pbs.gov.au/info/publication/schedule/2022,2022-01-01,download_for_local_review,zip,2022-01-01-v3soextracts.zip,https://www.pbs.gov.au/publication/schedule/2022/01/2022-01-01-v3soextracts.zip?variant=3,au_pbs_structured_ce9bf4a8bfc7033b,public_reuse_review,Official machine-readable PBS publication package. Format and checksum evidence do not by themselves grant redistribution rights or establish cross-version field parity.,au_pbs,au_pbs_structured_2022_01_01_ce9bf4a8bfc7,planned,False,xml_zip
https://www.pbs.gov.au/info/publication/schedule/2018,2018-04-01,download_for_local_review,zip,2018-04-01-extracts-down-converted.zip,https://www.pbs.gov.au/publication/schedule/2018/04/2018-04-01-extracts-down-converted.zip?variant=3,au_pbs_structured_cef80ac9575a9599,public_reuse_review,Official machine-readable PBS publication package. Format and checksum evidence do not by themselves grant redistribution rights or establish cross-version field parity.,au_pbs,au_pbs_structured_2018_04_01_cef80ac9575a,planned,False,structured_extract_zip
https://www.pbs.gov.au/info/publication/schedule/2019,2019-07-01,download_for_local_review,zip,2019-07-01-xml-V3.zip,https://www.pbs.gov.au/publication/schedule/2019/07/2019-07-01-xml-V3.zip?variant=3,au_pbs_structured_cefa3529450f57c9,public_reuse_review,Official machine-readable PBS publication package. Format and checksum evidence do not by themselves grant redistribution rights or establish cross-version field parity.,au_pbs,au_pbs_structured_2019_07_01_cefa3529450f,planned,False,xml_zip
https://www.pbs.gov.au/info/publication/schedule/2019,2019-03-01,download_for_local_review,zip,2019-03-01-V2-down-converted.zip,https://www.pbs.gov.au/publication/schedule/2019/03/2019-03-01-V2-down-converted.zip?variant=3,au_pbs_structured_ceffb8c12049a718,public_reuse_review,Official machine-readable PBS publication package. Format and checksum evidence do not by themselves grant redistribution rights or establish cross-version field parity.,au_pbs,au_pbs_structured_2019_03_01_ceffb8c12049,planned,False,xml_zip
https://www.pbs.gov.au/info/publication/schedule/2008,2008-11-01,download_for_local_review,zip,2008-11-01-general-schedule-ascii.zip,https://www.pbs.gov.au/publication/schedule/2008/2008-11-01-general-schedule-ascii.zip?variant=3,au_pbs_structured_cf28a10aba7d469a,public_reuse_review,Official machine-readable PBS publication package. Format and checksum evidence do not by themselves grant redistribution rights or establish cross-version field parity.,au_pbs,au_pbs_structured_2008_11_01_cf28a10aba7d,planned,False,text_zip
https://www.pbs.gov.au/info/publication/schedule/2022,2022-08-01,download_for_local_review,zip,2022-08-01-v3extracts.zip,https://www.pbs.gov.au/publication/schedule/2022/08/2022-08-01-v3extracts.zip?variant=3,au_pbs_structured_cf334d113c9af5e9,public_reuse_review,Official machine-readable PBS publication package. Format and checksum evidence do not by themselves grant redistribution rights or establish cross-version field parity.,au_pbs,au_pbs_structured_2022_08_01_cf334d113c9a,planned,False,xml_zip
https://www.pbs.gov.au/info/publication/schedule/2021,2021-01-01,download_for_local_review,zip,2021-01-01-v3extracts.zip,https://www.pbs.gov.au/publication/schedule/2021/01/2021-01-01-v3extracts.zip?variant=3,au_pbs_structured_cf69cd6d7086931c,public_reuse_review,Official machine-readable PBS publication package. Format and checksum evidence do not by themselves grant redistribution rights or establish cross-version field parity.,au_pbs,au_pbs_structured_2021_01_01_cf69cd6d7086,planned,False,xml_zip
https://www.pbs.gov.au/info/publication/schedule/2021,2021-10-01,download_for_local_review,zip,2021-10-01-xml-V3.zip,https://www.pbs.gov.au/publication/schedule/2021/10/2021-10-01-xml-V3.zip?variant=3,au_pbs_structured_d04e36244cb5d03f,public_reuse_review,Official machine-readable PBS publication package. Format and checksum evidence do not by themselves grant redistribution rights or establish cross-version field parity.,au_pbs,au_pbs_structured_2021_10_01_d04e36244cb5,planned,False,xml_zip
https://www.pbs.gov.au/info/publication/schedule/2023,2023-03-01,download_for_local_review,zip,2023-03-01-xml-V3.zip,https://www.pbs.gov.au/publication/schedule/2023/03/2023-03-01-xml-V3.zip?variant=3,au_pbs_structured_d063041a41aca14e,public_reuse_review,Official machine-readable PBS publication package. Format and checksum evidence do not by themselves grant redistribution rights or establish cross-version field parity.,au_pbs,au_pbs_structured_2023_03_01_d063041a41ac,planned,False,xml_zip
https://www.pbs.gov.au/info/publication/schedule/2018,2018-11-01,download_for_local_review,zip,2018-11-01-extracts-down-converted.zip,https://www.pbs.gov.au/publication/schedule/2018/11/2018-11-01-extracts-down-converted.zip?variant=3,au_pbs_structured_d0a69c4efce74165,public_reuse_review,Official machine-readable PBS publication package. Format and checksum evidence do not by themselves grant redistribution rights or establish cross-version field parity.,au_pbs,au_pbs_structured_2018_11_01_d0a69c4efce7,planned,False,structured_extract_zip
https://www.pbs.gov.au/info/publication/schedule/2019,2019-11-01,download_for_local_review,zip,2019-11-01-V2-down-converted.zip,https://www.pbs.gov.au/publication/schedule/2019/11/2019-11-01-V2-down-converted.zip?variant=3,au_pbs_structured_d0e9bf3d8efaa6bf,public_reuse_review,Official machine-readable PBS publication package. Format and checksum evidence do not by themselves grant redistribution rights or establish cross-version field parity.,au_pbs,au_pbs_structured_2019_11_01_d0e9bf3d8efa,planned,False,xml_zip
https://www.pbs.gov.au/info/publication/schedule/2022,2022-04-01,download_for_local_review,zip,2022-04-01-V2-down-converted-release-2.zip,https://www.pbs.gov.au/publication/schedule/2022/04/2022-04-01-V2-down-converted-release-2.zip?variant=3,au_pbs_structured_d10bfdbad6f0e778,public_reuse_review,Official machine-readable PBS publication package. Format and checksum evidence do not by themselves grant redistribution rights or establish cross-version field parity.,au_pbs,au_pbs_structured_2022_04_01_d10bfdbad6f0,planned,False,xml_zip
https://www.pbs.gov.au/info/publication/schedule/2014,2014-11-01,download_for_local_review,zip,2014-11-01-extracts.zip,https://www.pbs.gov.au/publication/schedule/2014/11/2014-11-01-extracts.zip?variant=3,au_pbs_structured_d143ee3bb155fcd4,public_reuse_review,Official machine-readable PBS publication package. Format and checksum evidence do not by themselves grant redistribution rights or establish cross-version field parity.,au_pbs,au_pbs_structured_2014_11_01_d143ee3bb155,planned,False,structured_extract_zip
https://www.pbs.gov.au/info/publication/schedule/2015,2015-04-01,download_for_local_review,zip,2015-04-01-extracts.zip,https://www.pbs.gov.au/publication/schedule/2015/04/2015-04-01-extracts.zip?variant=3,au_pbs_structured_d18df1add030b564,public_reuse_review,Official machine-readable PBS publication package. Format and checksum evidence do not by themselves grant redistribution rights or establish cross-version field parity.,au_pbs,au_pbs_structured_2015_04_01_d18df1add030,planned,False,structured_extract_zip
https://www.pbs.gov.au/info/publication/schedule/2017,2017-09-01,download_for_local_review,zip,2017-09-01-xml-V3.zip,https://www.pbs.gov.au/publication/schedule/2017/09/2017-09-01-xml-V3.zip?variant=3,au_pbs_structured_d20ea419c943f188,public_reuse_review,Official machine-readable PBS publication package. Format and checksum evidence do not by themselves grant redistribution rights or establish cross-version field parity.,au_pbs,au_pbs_structured_2017_09_01_d20ea419c943,planned,False,xml_zip
https://www.pbs.gov.au/info/publication/schedule/2021,2021-03-01,download_for_local_review,zip,2021-03-01-v3extracts.zip,https://www.pbs.gov.au/publication/schedule/2021/03/2021-03-01-v3extracts.zip?variant=3,au_pbs_structured_d2528d62d6653b0a,public_reuse_review,Official machine-readable PBS publication package. Format and checksum evidence do not by themselves grant redistribution rights or establish cross-version field parity.,au_pbs,au_pbs_structured_2021_03_01_d2528d62d665,planned,False,xml_zip
https://www.pbs.gov.au/info/publication/schedule/2024,2024-09-01,download_for_local_review,zip,2024-09-01-v3soextracts.zip,https://www.pbs.gov.au/publication/schedule/2024/09/2024-09-01-v3soextracts.zip?variant=3,au_pbs_structured_d2d4d1e9c1201428,public_reuse_review,Official machine-readable PBS publication package. Format and checksum evidence do not by themselves grant redistribution rights or establish cross-version field parity.,au_pbs,au_pbs_structured_2024_09_01_d2d4d1e9c120,planned,False,xml_zip
https://www.pbs.gov.au/info/publication/schedule/2016,2016-03-01,download_for_local_review,zip,2016-03-01-xml.zip,https://www.pbs.gov.au/publication/schedule/2016/03/2016-03-01-xml.zip?variant=3,au_pbs_structured_d3513a014dafcf8d,public_reuse_review,Official machine-readable PBS publication package. Format and checksum evidence do not by themselves grant redistribution rights or establish cross-version field parity.,au_pbs,au_pbs_structured_2016_03_01_d3513a014daf,planned,False,xml_zip
https://www.pbs.gov.au/info/publication/schedule/2024,2024-11-01,download_for_local_review,zip,2024-11-01-xml-V3.zip,https://www.pbs.gov.au/publication/schedule/2024/11/2024-11-01-xml-V3.zip?variant=3,au_pbs_structured_d399a17532013c23,public_reuse_review,Official machine-readable PBS publication package. Format and checksum evidence do not by themselves grant redistribution rights or establish cross-version field parity.,au_pbs,au_pbs_structured_2024_11_01_d399a1753201,planned,False,xml_zip
https://www.pbs.gov.au/info/publication/schedule/2026,2026-04-01,download_for_local_review,zip,2026-04-01-v3soextracts.zip,https://www.pbs.gov.au/publication/schedule/2026/04/2026-04-01-v3soextracts.zip?variant=3,au_pbs_structured_d3a1d226004f1333,public_reuse_review,Official machine-readable PBS publication package. Format and checksum evidence do not by themselves grant redistribution rights or establish cross-version field parity.,au_pbs,au_pbs_structured_2026_04_01_d3a1d226004f,planned,False,xml_zip
https://www.pbs.gov.au/info/publication/schedule/2021,2021-11-01,download_for_local_review,zip,2021-11-01-V2-down-converted.zip,https://www.pbs.gov.au/publication/schedule/2021/11/2021-11-01-V2-down-converted.zip?variant=3,au_pbs_structured_d3aebaf478d79607,public_reuse_review,Official machine-readable PBS publication package. Format and checksum evidence do not by themselves grant redistribution rights or establish cross-version field parity.,au_pbs,au_pbs_structured_2021_11_01_d3aebaf478d7,planned,False,xml_zip
https://www.pbs.gov.au/info/publication/schedule/2008,2008-02-01,download_for_local_review,zip,2008-02-01-general-schedule-ascii.zip,https://www.pbs.gov.au/publication/schedule/2008/2008-02-01-general-schedule-ascii.zip?variant=3,au_pbs_structured_d3e9d2f5f4377a73,public_reuse_review,Official machine-readable PBS publication package. Format and checksum evidence do not by themselves grant redistribution rights or establish cross-version field parity.,au_pbs,au_pbs_structured_2008_02_01_d3e9d2f5f437,planned,False,text_zip
https://www.pbs.gov.au/info/publication/schedule/2024,2024-07-01,download_for_local_review,zip,2024-07-01-xml-V3.zip,https://www.pbs.gov.au/publication/schedule/2024/07/2024-07-01-xml-V3.zip?variant=3,au_pbs_structured_d4a0b1684cff744b,public_reuse_review,Official machine-readable PBS publication package. Format and checksum evidence do not by themselves grant redistribution rights or establish cross-version field parity.,au_pbs,au_pbs_structured_2024_07_01_d4a0b1684cff,planned,False,xml_zip
https://www.pbs.gov.au/info/publication/schedule/2024,2024-03-01,download_for_local_review,zip,2024-03-01-V2-down-converted.zip,https://www.pbs.gov.au/publication/schedule/2024/03/2024-03-01-V2-down-converted.zip?variant=3,au_pbs_structured_d4a12b4cec6e3cfe,public_reuse_review,Official machine-readable PBS publication package. Format and checksum evidence do not by themselves grant redistribution rights or establish cross-version field parity.,au_pbs,au_pbs_structured_2024_03_01_d4a12b4cec6e,planned,False,xml_zip
https://www.pbs.gov.au/info/publication/schedule/2010,2010-02-01,download_for_local_review,zip,2010-02-01-general-schedule-xml.zip,https://www.pbs.gov.au/publication/schedule/2010/2010-02-01-general-schedule-xml.zip?variant=3,au_pbs_structured_d4ddb15a7fb237f7,public_reuse_review,Official machine-readable PBS publication package. Format and checksum evidence do not by themselves grant redistribution rights or establish cross-version field parity.,au_pbs,au_pbs_structured_2010_02_01_d4ddb15a7fb2,planned,False,xml_zip
https://www.pbs.gov.au/info/publication/schedule/2022,2022-06-01,download_for_local_review,zip,2022-06-01-v3extracts.zip,https://www.pbs.gov.au/publication/schedule/2022/06/2022-06-01-v3extracts.zip?variant=3,au_pbs_structured_d55358973b9ebaa6,public_reuse_review,Official machine-readable PBS publication package. Format and checksum evidence do not by themselves grant redistribution rights or establish cross-version field parity.,au_pbs,au_pbs_structured_2022_06_01_d55358973b9e,planned,False,xml_zip
https://www.pbs.gov.au/info/publication/schedule/2020,2020-07-01,download_for_local_review,zip,2020-07-01-V2-down-converted.zip,https://www.pbs.gov.au/publication/schedule/2020/07/2020-07-01-V2-down-converted.zip?variant=3,au_pbs_structured_d64cc349bec14b73,public_reuse_review,Official machine-readable PBS publication package. Format and checksum evidence do not by themselves grant redistribution rights or establish cross-version field parity.,au_pbs,au_pbs_structured_2020_07_01_d64cc349bec1,planned,False,xml_zip
https://www.pbs.gov.au/info/publication/schedule/2012,2012-06-01,download_for_local_review,zip,2012-06-01-general-schedule-ascii.zip,https://www.pbs.gov.au/publication/schedule/2012/06/2012-06-01-general-schedule-ascii.zip?variant=3,au_pbs_structured_d65be4db3aa42dab,public_reuse_review,Official machine-readable PBS publication package. Format and checksum evidence do not by themselves grant redistribution rights or establish cross-version field parity.,au_pbs,au_pbs_structured_2012_06_01_d65be4db3aa4,planned,False,text_zip
https://www.pbs.gov.au/info/publication/schedule/2022,2022-07-01,download_for_local_review,zip,2022-07-01-v3soextracts.zip,https://www.pbs.gov.au/publication/schedule/2022/07/2022-07-01-v3soextracts.zip?variant=3,au_pbs_structured_d6738475a420ad44,public_reuse_review,Official machine-readable PBS publication package. Format and checksum evidence do not by themselves grant redistribution rights or establish cross-version field parity.,au_pbs,au_pbs_structured_2022_07_01_d6738475a420,planned,False,xml_zip
https://www.pbs.gov.au/info/publication/schedule/2023,2023-05-01,download_for_local_review,zip,2023-05-01-v3soextracts.zip,https://www.pbs.gov.au/publication/schedule/2023/05/2023-05-01-v3soextracts.zip?variant=3,au_pbs_structured_d67c2f22433f5496,public_reuse_review,Official machine-readable PBS publication package. Format and checksum evidence do not by themselves grant redistribution rights or establish cross-version field parity.,au_pbs,au_pbs_structured_2023_05_01_d67c2f22433f,planned,False,xml_zip
https://www.pbs.gov.au/info/publication/schedule/2014,2014-05-01,download_for_local_review,zip,2014-05-01-extracts.zip,https://www.pbs.gov.au/publication/schedule/2014/05/2014-05-01-extracts.zip?variant=3,au_pbs_structured_d6f5ca7da6823ae3,public_reuse_review,Official machine-readable PBS publication package. Format and checksum evidence do not by themselves grant redistribution rights or establish cross-version field parity.,au_pbs,au_pbs_structured_2014_05_01_d6f5ca7da682,planned,False,structured_extract_zip
https://www.pbs.gov.au/info/publication/schedule/2018,2018-09-01,download_for_local_review,zip,2018-09-01-V2-down-converted.zip,https://www.pbs.gov.au/publication/schedule/2018/09/2018-09-01-V2-down-converted.zip?variant=3,au_pbs_structured_d7346ce46ec6a88b,public_reuse_review,Official machine-readable PBS publication package. Format and checksum evidence do not by themselves grant redistribution rights or establish cross-version field parity.,au_pbs,au_pbs_structured_2018_09_01_d7346ce46ec6,planned,False,xml_zip
https://www.pbs.gov.au/info/publication/schedule/2009,2009-11-01,download_for_local_review,zip,2009-11-01-general-schedule-xml.zip,https://www.pbs.gov.au/publication/schedule/2009/2009-11-01-general-schedule-xml.zip?variant=3,au_pbs_structured_d7a2ec77120b8ec6,public_reuse_review,Official machine-readable PBS publication package. Format and checksum evidence do not by themselves grant redistribution rights or establish cross-version field parity.,au_pbs,au_pbs_structured_2009_11_01_d7a2ec77120b,planned,False,xml_zip
https://www.pbs.gov.au/info/publication/schedule/2008,2008-04-01,download_for_local_review,zip,2008-04-01-general-schedule-ascii.zip,https://www.pbs.gov.au/publication/schedule/2008/2008-04-01-general-schedule-ascii.zip?variant=3,au_pbs_structured_d7de9ed14400411a,public_reuse_review,Official machine-readable PBS publication package. Format and checksum evidence do not by themselves grant redistribution rights or establish cross-version field parity.,au_pbs,au_pbs_structured_2008_04_01_d7de9ed14400,planned,False,text_zip
https://www.pbs.gov.au/info/publication/schedule/2020,2020-06-01,download_for_local_review,zip,2020-06-01-extracts-down-converted.zip,https://www.pbs.gov.au/publication/schedule/2020/06/2020-06-01-extracts-down-converted.zip?variant=3,au_pbs_structured_d820004102a3d96a,public_reuse_review,Official machine-readable PBS publication package. Format and checksum evidence do not by themselves grant redistribution rights or establish cross-version field parity.,au_pbs,au_pbs_structured_2020_06_01_d820004102a3,planned,False,structured_extract_zip
https://www.pbs.gov.au/info/publication/schedule/2023,2023-10-01,download_for_local_review,zip,2023-10-01-v3extracts.zip,https://www.pbs.gov.au/publication/schedule/2023/10/2023-10-01-v3extracts.zip?variant=3,au_pbs_structured_d86266499dc61bef,public_reuse_review,Official machine-readable PBS publication package. Format and checksum evidence do not by themselves grant redistribution rights or establish cross-version field parity.,au_pbs,au_pbs_structured_2023_10_01_d86266499dc6,planned,False,xml_zip
https://www.pbs.gov.au/info/publication/schedule/2026,2026-03-01,download_for_local_review,zip,2026-03-01-v3soextracts.zip,https://www.pbs.gov.au/publication/schedule/2026/03/2026-03-01-v3soextracts.zip?variant=3,au_pbs_structured_d917862447be16a1,public_reuse_review,Official machine-readable PBS publication package. Format and checksum evidence do not by themselves grant redistribution rights or establish cross-version field parity.,au_pbs,au_pbs_structured_2026_03_01_d917862447be,planned,False,xml_zip
https://www.pbs.gov.au/info/publication/schedule/2025,2025-02-01,download_for_local_review,zip,2025-02-01-v3extracts.zip,https://www.pbs.gov.au/publication/schedule/2025/02/2025-02-01-v3extracts.zip?variant=3,au_pbs_structured_d935af9824779f21,public_reuse_review,Official machine-readable PBS publication package. Format and checksum evidence do not by themselves grant redistribution rights or establish cross-version field parity.,au_pbs,au_pbs_structured_2025_02_01_d935af982477,planned,False,xml_zip
https://www.pbs.gov.au/info/publication/schedule/2023,2023-04-01,download_for_local_review,zip,2023-04-01-v3extracts.zip,https://www.pbs.gov.au/publication/schedule/2023/04/2023-04-01-v3extracts.zip?variant=3,au_pbs_structured_d946ca92d2ec76fd,public_reuse_review,Official machine-readable PBS publication package. Format and checksum evidence do not by themselves grant redistribution rights or establish cross-version field parity.,au_pbs,au_pbs_structured_2023_04_01_d946ca92d2ec,planned,False,xml_zip
https://www.pbs.gov.au/info/publication/schedule/2019,2019-08-01,download_for_local_review,zip,2019-08-01-V2-down-converted.zip,https://www.pbs.gov.au/publication/schedule/2019/08/2019-08-01-V2-down-converted.zip?variant=3,au_pbs_structured_d967be3937e034ed,public_reuse_review,Official machine-readable PBS publication package. Format and checksum evidence do not by themselves grant redistribution rights or establish cross-version field parity.,au_pbs,au_pbs_structured_2019_08_01_d967be3937e0,planned,False,xml_zip
https://www.pbs.gov.au/info/publication/schedule/2025,2025-05-01,download_for_local_review,zip,2025-05-01-xml-V3.zip,https://www.pbs.gov.au/publication/schedule/2025/05/2025-05-01-xml-V3.zip?variant=3,au_pbs_structured_d9ac810bf24c0f71,public_reuse_review,Official machine-readable PBS publication package. Format and checksum evidence do not by themselves grant redistribution rights or establish cross-version field parity.,au_pbs,au_pbs_structured_2025_05_01_d9ac810bf24c,planned,False,xml_zip
https://www.pbs.gov.au/info/publication/schedule/2023,2023-10-01,download_for_local_review,zip,2023-10-01-V2-down-converted.zip,https://www.pbs.gov.au/publication/schedule/2023/10/2023-10-01-V2-down-converted.zip?variant=3,au_pbs_structured_dad68a5ee5d010e7,public_reuse_review,Official machine-readable PBS publication package. Format and checksum evidence do not by themselves grant redistribution rights or establish cross-version field parity.,au_pbs,au_pbs_structured_2023_10_01_dad68a5ee5d0,planned,False,xml_zip
https://www.pbs.gov.au/info/publication/schedule/2011,2011-09-01,download_for_local_review,zip,2011-09-01-general-schedule-ascii.zip,https://www.pbs.gov.au/publication/schedule/2011/09/2011-09-01-general-schedule-ascii.zip?variant=3,au_pbs_structured_db124a1651075511,public_reuse_review,Official machine-readable PBS publication package. Format and checksum evidence do not by themselves grant redistribution rights or establish cross-version field parity.,au_pbs,au_pbs_structured_2011_09_01_db124a165107,planned,False,text_zip
https://www.pbs.gov.au/info/publication/schedule/2020,2020-05-01,download_for_local_review,zip,2020-05-01-xml-V3.zip,https://www.pbs.gov.au/publication/schedule/2020/05/2020-05-01-xml-V3.zip?variant=3,au_pbs_structured_db64859082ca7948,public_reuse_review,Official machine-readable PBS publication package. Format and checksum evidence do not by themselves grant redistribution rights or establish cross-version field parity.,au_pbs,au_pbs_structured_2020_05_01_db64859082ca,planned,False,xml_zip
https://www.pbs.gov.au/info/publication/schedule/2018,2018-03-01,download_for_local_review,zip,2018-03-01-extracts-down-converted.zip,https://www.pbs.gov.au/publication/schedule/2018/03/2018-03-01-extracts-down-converted.zip?variant=3,au_pbs_structured_dc4633ad27758bbf,public_reuse_review,Official machine-readable PBS publication package. Format and checksum evidence do not by themselves grant redistribution rights or establish cross-version field parity.,au_pbs,au_pbs_structured_2018_03_01_dc4633ad2775,planned,False,structured_extract_zip
https://www.pbs.gov.au/info/publication/schedule/2015,2015-05-01,download_for_local_review,zip,2015-05-01-xml.zip,https://www.pbs.gov.au/publication/schedule/2015/05/2015-05-01-xml.zip?variant=3,au_pbs_structured_dc4acab0089220ff,public_reuse_review,Official machine-readable PBS publication package. Format and checksum evidence do not by themselves grant redistribution rights or establish cross-version field parity.,au_pbs,au_pbs_structured_2015_05_01_dc4acab00892,planned,False,xml_zip
https://www.pbs.gov.au/info/publication/schedule/2019,2019-04-01,download_for_local_review,zip,2019-04-01-extracts-down-converted.zip,https://www.pbs.gov.au/publication/schedule/2019/04/2019-04-01-extracts-down-converted.zip?variant=3,au_pbs_structured_dd1352dee44cb89a,public_reuse_review,Official machine-readable PBS publication package. Format and checksum evidence do not by themselves grant redistribution rights or establish cross-version field parity.,au_pbs,au_pbs_structured_2019_04_01_dd1352dee44c,planned,False,structured_extract_zip
https://www.pbs.gov.au/info/publication/schedule/2022,2022-02-01,download_for_local_review,zip,2022-02-01-v3soextracts.zip,https://www.pbs.gov.au/publication/schedule/2022/02/2022-02-01-v3soextracts.zip?variant=3,au_pbs_structured_ddc29f638180c82c,public_reuse_review,Official machine-readable PBS publication package. Format and checksum evidence do not by themselves grant redistribution rights or establish cross-version field parity.,au_pbs,au_pbs_structured_2022_02_01_ddc29f638180,planned,False,xml_zip
https://www.pbs.gov.au/info/publication/schedule/2017,2017-04-01,download_for_local_review,zip,2017-04-01-extracts.zip,https://www.pbs.gov.au/publication/schedule/2017/04/2017-04-01-extracts.zip?variant=3,au_pbs_structured_de0e2bfb7a82599c,public_reuse_review,Official machine-readable PBS publication package. Format and checksum evidence do not by themselves grant redistribution rights or establish cross-version field parity.,au_pbs,au_pbs_structured_2017_04_01_de0e2bfb7a82,planned,False,structured_extract_zip
https://www.pbs.gov.au/info/publication/schedule/2023,2023-09-01,download_for_local_review,zip,2023-09-01-V2-down-converted.zip,https://www.pbs.gov.au/publication/schedule/2023/09/2023-09-01-V2-down-converted.zip?variant=3,au_pbs_structured_de1b4c986ad23f49,public_reuse_review,Official machine-readable PBS publication package. Format and checksum evidence do not by themselves grant redistribution rights or establish cross-version field parity.,au_pbs,au_pbs_structured_2023_09_01_de1b4c986ad2,planned,False,xml_zip
https://www.pbs.gov.au/info/publication/schedule/2009,2009-09-01,download_for_local_review,zip,2009-09-01-general-schedule-ascii.zip,https://www.pbs.gov.au/publication/schedule/2009/2009-09-01-general-schedule-ascii.zip?variant=3,au_pbs_structured_de2b1f926ede0849,public_reuse_review,Official machine-readable PBS publication package. Format and checksum evidence do not by themselves grant redistribution rights or establish cross-version field parity.,au_pbs,au_pbs_structured_2009_09_01_de2b1f926ede,planned,False,text_zip
https://www.pbs.gov.au/info/publication/schedule/2026,2026-01-01,download_for_local_review,zip,2026-01-01-V2-down-converted.zip,https://www.pbs.gov.au/publication/schedule/2026/01/2026-01-01-V2-down-converted.zip?variant=3,au_pbs_structured_de34c1c7727a6361,public_reuse_review,Official machine-readable PBS publication package. Format and checksum evidence do not by themselves grant redistribution rights or establish cross-version field parity.,au_pbs,au_pbs_structured_2026_01_01_de34c1c7727a,planned,False,xml_zip
https://www.pbs.gov.au/info/publication/schedule/2020,2020-11-01,download_for_local_review,zip,2020-11-01-extracts-down-converted.zip,https://www.pbs.gov.au/publication/schedule/2020/11/2020-11-01-extracts-down-converted.zip?variant=3,au_pbs_structured_de743f0cb29f8420,public_reuse_review,Official machine-readable PBS publication package. Format and checksum evidence do not by themselves grant redistribution rights or establish cross-version field parity.,au_pbs,au_pbs_structured_2020_11_01_de743f0cb29f,planned,False,structured_extract_zip
https://www.pbs.gov.au/info/publication/schedule/2024,2024-12-01,download_for_local_review,zip,2024-12-01-V2-down-converted.zip,https://www.pbs.gov.au/publication/schedule/2024/12/2024-12-01-V2-down-converted.zip?variant=3,au_pbs_structured_dec915ff16e29fcf,public_reuse_review,Official machine-readable PBS publication package. Format and checksum evidence do not by themselves grant redistribution rights or establish cross-version field parity.,au_pbs,au_pbs_structured_2024_12_01_dec915ff16e2,planned,False,xml_zip
https://www.pbs.gov.au/info/publication/schedule/2019,2019-02-01,download_for_local_review,zip,2019-02-01-V2-down-converted.zip,https://www.pbs.gov.au/publication/schedule/2019/02/2019-02-01-V2-down-converted.zip?variant=3,au_pbs_structured_dede0ce8abf14b74,public_reuse_review,Official machine-readable PBS publication package. Format and checksum evidence do not by themselves grant redistribution rights or establish cross-version field parity.,au_pbs,au_pbs_structured_2019_02_01_dede0ce8abf1,planned,False,xml_zip
https://www.pbs.gov.au/info/publication/schedule/2015,2015-10-01,download_for_local_review,zip,2015-10-01-extracts.zip,https://www.pbs.gov.au/publication/schedule/2015/10/2015-10-01-extracts.zip?variant=3,au_pbs_structured_def58a37e20cd9e5,public_reuse_review,Official machine-readable PBS publication package. Format and checksum evidence do not by themselves grant redistribution rights or establish cross-version field parity.,au_pbs,au_pbs_structured_2015_10_01_def58a37e20c,planned,False,structured_extract_zip
https://www.pbs.gov.au/info/publication/schedule/2024,2024-01-01,download_for_local_review,zip,2024-01-01-xml-V3.zip,https://www.pbs.gov.au/publication/schedule/2024/01/2024-01-01-xml-V3.zip?variant=3,au_pbs_structured_df010b601acc8a34,public_reuse_review,Official machine-readable PBS publication package. Format and checksum evidence do not by themselves grant redistribution rights or establish cross-version field parity.,au_pbs,au_pbs_structured_2024_01_01_df010b601acc,planned,False,xml_zip
https://www.pbs.gov.au/info/publication/schedule/2023,2023-11-01,download_for_local_review,zip,2023-11-01-v3extracts.zip,https://www.pbs.gov.au/publication/schedule/2023/11/2023-11-01-v3extracts.zip?variant=3,au_pbs_structured_df8cc52591ac6fb6,public_reuse_review,Official machine-readable PBS publication package. Format and checksum evidence do not by themselves grant redistribution rights or establish cross-version field parity.,au_pbs,au_pbs_structured_2023_11_01_df8cc52591ac,planned,False,xml_zip
https://www.pbs.gov.au/info/publication/schedule/2008,2008-05-01,download_for_local_review,zip,2008-05-01-general-schedule-ascii.zip,https://www.pbs.gov.au/publication/schedule/2008/2008-05-01-general-schedule-ascii.zip?variant=3,au_pbs_structured_df9600c372d4f151,public_reuse_review,Official machine-readable PBS publication package. Format and checksum evidence do not by themselves grant redistribution rights or establish cross-version field parity.,au_pbs,au_pbs_structured_2008_05_01_df9600c372d4,planned,False,text_zip
https://www.pbs.gov.au/info/publication/schedule/2021,2021-12-01,download_for_local_review,zip,2021-12-01-v3soextracts.zip,https://www.pbs.gov.au/publication/schedule/2021/12/2021-12-01-v3soextracts.zip?variant=3,au_pbs_structured_e010c10f4da7d377,public_reuse_review,Official machine-readable PBS publication package. Format and checksum evidence do not by themselves grant redistribution rights or establish cross-version field parity.,au_pbs,au_pbs_structured_2021_12_01_e010c10f4da7,planned,False,xml_zip
https://www.pbs.gov.au/info/publication/schedule/2024,2024-08-01,download_for_local_review,zip,2024-08-01-v3soextracts.zip,https://www.pbs.gov.au/publication/schedule/2024/08/2024-08-01-v3soextracts.zip?variant=3,au_pbs_structured_e04c64a4dab6cbd0,public_reuse_review,Official machine-readable PBS publication package. Format and checksum evidence do not by themselves grant redistribution rights or establish cross-version field parity.,au_pbs,au_pbs_structured_2024_08_01_e04c64a4dab6,planned,False,xml_zip
https://www.pbs.gov.au/info/publication/schedule/2010,2010-08-01,download_for_local_review,zip,2010-08-01-general-schedule-ascii.zip,https://www.pbs.gov.au/publication/schedule/2010/2010-08-01-general-schedule-ascii.zip?variant=3,au_pbs_structured_e0525ff30585410b,public_reuse_review,Official machine-readable PBS publication package. Format and checksum evidence do not by themselves grant redistribution rights or establish cross-version field parity.,au_pbs,au_pbs_structured_2010_08_01_e0525ff30585,planned,False,text_zip
https://www.pbs.gov.au/info/publication/schedule/2018,2018-05-01,download_for_local_review,zip,2018-05-01-V2-down-converted.zip,https://www.pbs.gov.au/publication/schedule/2018/05/2018-05-01-V2-down-converted.zip?variant=3,au_pbs_structured_e0fd36b413c44622,public_reuse_review,Official machine-readable PBS publication package. Format and checksum evidence do not by themselves grant redistribution rights or establish cross-version field parity.,au_pbs,au_pbs_structured_2018_05_01_e0fd36b413c4,planned,False,xml_zip
https://www.pbs.gov.au/info/publication/schedule/2025,2025-05-01,download_for_local_review,zip,2025-05-01-V2-down-converted.zip,https://www.pbs.gov.au/publication/schedule/2025/05/2025-05-01-V2-down-converted.zip?variant=3,au_pbs_structured_e11d645e0a32ed38,public_reuse_review,Official machine-readable PBS publication package. Format and checksum evidence do not by themselves grant redistribution rights or establish cross-version field parity.,au_pbs,au_pbs_structured_2025_05_01_e11d645e0a32,planned,False,xml_zip
https://www.pbs.gov.au/info/publication/schedule/2022,2022-07-01,download_for_local_review,zip,2022-07-01-V2-down-converted.zip,https://www.pbs.gov.au/publication/schedule/2022/07/2022-07-01-V2-down-converted.zip?variant=3,au_pbs_structured_e19cb88cd6917fdd,public_reuse_review,Official machine-readable PBS publication package. Format and checksum evidence do not by themselves grant redistribution rights or establish cross-version field parity.,au_pbs,au_pbs_structured_2022_07_01_e19cb88cd691,planned,False,xml_zip
https://www.pbs.gov.au/info/publication/schedule/2017,2017-08-01,download_for_local_review,zip,2017-08-01-extracts.zip,https://www.pbs.gov.au/publication/schedule/2017/08/2017-08-01-extracts.zip?variant=3,au_pbs_structured_e2465bb3667c8e6a,public_reuse_review,Official machine-readable PBS publication package. Format and checksum evidence do not by themselves grant redistribution rights or establish cross-version field parity.,au_pbs,au_pbs_structured_2017_08_01_e2465bb3667c,planned,False,structured_extract_zip
https://www.pbs.gov.au/info/publication/schedule/2022,2022-06-01,download_for_local_review,zip,2022-06-01-xml-V3.zip,https://www.pbs.gov.au/publication/schedule/2022/06/2022-06-01-xml-V3.zip?variant=3,au_pbs_structured_e285c6f197b50926,public_reuse_review,Official machine-readable PBS publication package. Format and checksum evidence do not by themselves grant redistribution rights or establish cross-version field parity.,au_pbs,au_pbs_structured_2022_06_01_e285c6f197b5,planned,False,xml_zip
https://www.pbs.gov.au/info/publication/schedule/2025,2025-11-01,download_for_local_review,zip,2025-11-01-v3extracts.zip,https://www.pbs.gov.au/publication/schedule/2025/11/2025-11-01-v3extracts.zip?variant=3,au_pbs_structured_e2df843a77167c63,public_reuse_review,Official machine-readable PBS publication package. Format and checksum evidence do not by themselves grant redistribution rights or establish cross-version field parity.,au_pbs,au_pbs_structured_2025_11_01_e2df843a7716,planned,False,xml_zip
https://www.pbs.gov.au/info/publication/schedule/2013,2013-11-01,download_for_local_review,zip,2013-11-01-extracts.zip,https://www.pbs.gov.au/publication/schedule/2013/11/2013-11-01-extracts.zip?variant=3,au_pbs_structured_e30d42fc9dec201e,public_reuse_review,Official machine-readable PBS publication package. Format and checksum evidence do not by themselves grant redistribution rights or establish cross-version field parity.,au_pbs,au_pbs_structured_2013_11_01_e30d42fc9dec,planned,False,structured_extract_zip
https://www.pbs.gov.au/info/publication/schedule/2012,2012-04-01,download_for_local_review,zip,2012-04-01-efc-extracts.zip,https://www.pbs.gov.au/publication/schedule/2012/04/2012-04-01-efc-extracts.zip?variant=3,au_pbs_structured_e4306791cc703194,public_reuse_review,Official machine-readable PBS publication package. Format and checksum evidence do not by themselves grant redistribution rights or establish cross-version field parity.,au_pbs,au_pbs_structured_2012_04_01_e4306791cc70,planned,False,structured_extract_zip
https://www.pbs.gov.au/info/publication/schedule/2016,2016-11-01,download_for_local_review,zip,2016-11-01-xml.zip,https://www.pbs.gov.au/publication/schedule/2016/11/2016-11-01-xml.zip?variant=3,au_pbs_structured_e49cbc5b7fd6ac82,public_reuse_review,Official machine-readable PBS publication package. Format and checksum evidence do not by themselves grant redistribution rights or establish cross-version field parity.,au_pbs,au_pbs_structured_2016_11_01_e49cbc5b7fd6,planned,False,xml_zip
https://www.pbs.gov.au/info/publication/schedule/2026,2026-01-01,download_for_local_review,zip,2026-01-01-v3soextracts.zip,https://www.pbs.gov.au/publication/schedule/2026/01/2026-01-01-v3soextracts.zip?variant=3,au_pbs_structured_e511a9194c7560b4,public_reuse_review,Official machine-readable PBS publication package. Format and checksum evidence do not by themselves grant redistribution rights or establish cross-version field parity.,au_pbs,au_pbs_structured_2026_01_01_e511a9194c75,planned,False,xml_zip
https://www.pbs.gov.au/info/publication/schedule/2011,2011-04-01,download_for_local_review,zip,2011-04-01-general-schedule-xml.zip,https://www.pbs.gov.au/publication/schedule/2011/04/2011-04-01-general-schedule-xml.zip?variant=3,au_pbs_structured_e64501ae9c66b89b,public_reuse_review,Official machine-readable PBS publication package. Format and checksum evidence do not by themselves grant redistribution rights or establish cross-version field parity.,au_pbs,au_pbs_structured_2011_04_01_e64501ae9c66,planned,False,xml_zip
https://www.pbs.gov.au/info/publication/schedule/2008,2008-05-01,download_for_local_review,zip,2008-05-01-general-schedule-xml.zip,https://www.pbs.gov.au/publication/schedule/2008/2008-05-01-general-schedule-xml.zip?variant=3,au_pbs_structured_e658d90893a2afa2,public_reuse_review,Official machine-readable PBS publication package. Format and checksum evidence do not by themselves grant redistribution rights or establish cross-version field parity.,au_pbs,au_pbs_structured_2008_05_01_e658d90893a2,planned,False,xml_zip
https://www.pbs.gov.au/info/publication/schedule/2025,2025-06-01,download_for_local_review,zip,2025-06-01-pbs-api-csv-files.zip,https://www.pbs.gov.au/publication/schedule/2025/06/2025-06-01-pbs-api-csv-files.zip?variant=3,au_pbs_structured_e6bf017a9fd7799e,public_reuse_review,Official machine-readable PBS publication package. Format and checksum evidence do not by themselves grant redistribution rights or establish cross-version field parity.,au_pbs,au_pbs_structured_2025_06_01_e6bf017a9fd7,planned,False,csv_zip
https://www.pbs.gov.au/info/publication/schedule/2012,2012-07-01,download_for_local_review,zip,2012-07-01-efc-xml.zip,https://www.pbs.gov.au/publication/schedule/2012/07/2012-07-01-efc-xml.zip?variant=3,au_pbs_structured_e7a3ac15fcfb8039,public_reuse_review,Official machine-readable PBS publication package. Format and checksum evidence do not by themselves grant redistribution rights or establish cross-version field parity.,au_pbs,au_pbs_structured_2012_07_01_e7a3ac15fcfb,planned,False,xml_zip
https://www.pbs.gov.au/info/publication/schedule/2018,2018-08-01,download_for_local_review,zip,2018-08-01-xml-V3.zip,https://www.pbs.gov.au/publication/schedule/2018/08/2018-08-01-xml-V3.zip?variant=3,au_pbs_structured_e7c1d627b26e3024,public_reuse_review,Official machine-readable PBS publication package. Format and checksum evidence do not by themselves grant redistribution rights or establish cross-version field parity.,au_pbs,au_pbs_structured_2018_08_01_e7c1d627b26e,planned,False,xml_zip
https://www.pbs.gov.au/info/publication/schedule/2022,2022-12-01,download_for_local_review,zip,2022-12-01-v3soextracts.zip,https://www.pbs.gov.au/publication/schedule/2022/12/2022-12-01-v3soextracts.zip?variant=3,au_pbs_structured_e890c240e9e7e17f,public_reuse_review,Official machine-readable PBS publication package. Format and checksum evidence do not by themselves grant redistribution rights or establish cross-version field parity.,au_pbs,au_pbs_structured_2022_12_01_e890c240e9e7,planned,False,xml_zip
https://www.pbs.gov.au/info/publication/schedule/2021,2021-10-01,download_for_local_review,zip,2021-10-01-v3extracts.zip,https://www.pbs.gov.au/publication/schedule/2021/10/2021-10-01-v3extracts.zip?variant=3,au_pbs_structured_e8b44d45a7bbbbc7,public_reuse_review,Official machine-readable PBS publication package. Format and checksum evidence do not by themselves grant redistribution rights or establish cross-version field parity.,au_pbs,au_pbs_structured_2021_10_01_e8b44d45a7bb,planned,False,xml_zip
https://www.pbs.gov.au/info/publication/schedule/2021,2021-01-01,download_for_local_review,zip,2021-01-01-v3soextracts-supply-only.zip,https://www.pbs.gov.au/publication/schedule/2021/01/2021-01-01-v3soextracts-supply-only.zip?variant=3,au_pbs_structured_e985225b665d5c57,public_reuse_review,Official machine-readable PBS publication package. Format and checksum evidence do not by themselves grant redistribution rights or establish cross-version field parity.,au_pbs,au_pbs_structured_2021_01_01_e985225b665d,planned,False,xml_zip
https://www.pbs.gov.au/info/publication/schedule/2017,2017-04-01,download_for_local_review,zip,2017-04-01-xml.zip,https://www.pbs.gov.au/publication/schedule/2017/04/2017-04-01-xml.zip?variant=3,au_pbs_structured_e9c05b385d955139,public_reuse_review,Official machine-readable PBS publication package. Format and checksum evidence do not by themselves grant redistribution rights or establish cross-version field parity.,au_pbs,au_pbs_structured_2017_04_01_e9c05b385d95,planned,False,xml_zip
https://www.pbs.gov.au/info/publication/schedule/2024,2024-05-01,download_for_local_review,zip,2024-05-01-v3soextracts.zip,https://www.pbs.gov.au/publication/schedule/2024/05/2024-05-01-v3soextracts.zip?variant=3,au_pbs_structured_ea67a65d3beff0d4,public_reuse_review,Official machine-readable PBS publication package. Format and checksum evidence do not by themselves grant redistribution rights or establish cross-version field parity.,au_pbs,au_pbs_structured_2024_05_01_ea67a65d3bef,planned,False,xml_zip
https://www.pbs.gov.au/info/publication/schedule/2022,2022-12-01,download_for_local_review,zip,2022-12-01-V2-down-converted.zip,https://www.pbs.gov.au/publication/schedule/2022/12/2022-12-01-V2-down-converted.zip?variant=3,au_pbs_structured_eabb529e4370f03e,public_reuse_review,Official machine-readable PBS publication package. Format and checksum evidence do not by themselves grant redistribution rights or establish cross-version field parity.,au_pbs,au_pbs_structured_2022_12_01_eabb529e4370,planned,False,xml_zip
https://www.pbs.gov.au/info/publication/schedule/2026,2026-02-01,download_for_local_review,zip,2026-02-01-v3soextracts.zip,https://www.pbs.gov.au/publication/schedule/2026/02/2026-02-01-v3soextracts.zip?variant=3,au_pbs_structured_eae67f295bce7038,public_reuse_review,Official machine-readable PBS publication package. Format and checksum evidence do not by themselves grant redistribution rights or establish cross-version field parity.,au_pbs,au_pbs_structured_2026_02_01_eae67f295bce,planned,False,xml_zip
https://www.pbs.gov.au/info/publication/schedule/2026,2026-03-01,download_for_local_review,zip,2026-03-01-XML-V3.zip,https://www.pbs.gov.au/publication/schedule/2026/03/2026-03-01-XML-V3.zip?variant=3,au_pbs_structured_eb69d8bc29d87e2d,public_reuse_review,Official machine-readable PBS publication package. Format and checksum evidence do not by themselves grant redistribution rights or establish cross-version field parity.,au_pbs,au_pbs_structured_2026_03_01_eb69d8bc29d8,planned,False,xml_zip
https://www.pbs.gov.au/info/publication/schedule/2022,2022-09-01,download_for_local_review,zip,2022-09-01-v3soextracts.zip,https://www.pbs.gov.au/publication/schedule/2022/09/2022-09-01-v3soextracts.zip?variant=3,au_pbs_structured_eb9c9e7b4368e475,public_reuse_review,Official machine-readable PBS publication package. Format and checksum evidence do not by themselves grant redistribution rights or establish cross-version field parity.,au_pbs,au_pbs_structured_2022_09_01_eb9c9e7b4368,planned,False,xml_zip
https://www.pbs.gov.au/info/publication/schedule/2021,2021-06-01,download_for_local_review,zip,2021-06-01-v3soextracts.zip,https://www.pbs.gov.au/publication/schedule/2021/06/2021-06-01-v3soextracts.zip?variant=3,au_pbs_structured_ebb03794dad67a16,public_reuse_review,Official machine-readable PBS publication package. Format and checksum evidence do not by themselves grant redistribution rights or establish cross-version field parity.,au_pbs,au_pbs_structured_2021_06_01_ebb03794dad6,planned,False,xml_zip
https://www.pbs.gov.au/info/publication/schedule/2012,2012-08-01,download_for_local_review,zip,2012-08-01-general-schedule-xml.zip,https://www.pbs.gov.au/publication/schedule/2012/08/2012-08-01-general-schedule-xml.zip?variant=3,au_pbs_structured_ecd9303c90d71d6b,public_reuse_review,Official machine-readable PBS publication package. Format and checksum evidence do not by themselves grant redistribution rights or establish cross-version field parity.,au_pbs,au_pbs_structured_2012_08_01_ecd9303c90d7,planned,False,xml_zip
https://www.pbs.gov.au/info/publication/schedule/2023,2023-12-01,download_for_local_review,zip,2023-12-01-V2-down-converted.zip,https://www.pbs.gov.au/publication/schedule/2023/12/2023-12-01-V2-down-converted.zip?variant=3,au_pbs_structured_edd22a30b155b116,public_reuse_review,Official machine-readable PBS publication package. Format and checksum evidence do not by themselves grant redistribution rights or establish cross-version field parity.,au_pbs,au_pbs_structured_2023_12_01_edd22a30b155,planned,False,xml_zip
https://www.pbs.gov.au/info/publication/schedule/2024,2024-02-01,download_for_local_review,zip,2024-02-01-xml-V3.zip,https://www.pbs.gov.au/publication/schedule/2024/02/2024-02-01-xml-V3.zip?variant=3,au_pbs_structured_edea7b2bbc8c2967,public_reuse_review,Official machine-readable PBS publication package. Format and checksum evidence do not by themselves grant redistribution rights or establish cross-version field parity.,au_pbs,au_pbs_structured_2024_02_01_edea7b2bbc8c,planned,False,xml_zip
https://www.pbs.gov.au/info/publication/schedule/2021,2021-03-01,download_for_local_review,zip,2021-03-01-xml-V3.zip,https://www.pbs.gov.au/publication/schedule/2021/03/2021-03-01-xml-V3.zip?variant=3,au_pbs_structured_ee272b2af801e1ee,public_reuse_review,Official machine-readable PBS publication package. Format and checksum evidence do not by themselves grant redistribution rights or establish cross-version field parity.,au_pbs,au_pbs_structured_2021_03_01_ee272b2af801,planned,False,xml_zip
https://www.pbs.gov.au/info/publication/schedule/2016,2016-09-01,download_for_local_review,zip,2016-09-01-extracts.zip,https://www.pbs.gov.au/publication/schedule/2016/09/2016-09-01-extracts.zip?variant=3,au_pbs_structured_ee62d68f121ad9c9,public_reuse_review,Official machine-readable PBS publication package. Format and checksum evidence do not by themselves grant redistribution rights or establish cross-version field parity.,au_pbs,au_pbs_structured_2016_09_01_ee62d68f121a,planned,False,structured_extract_zip
https://www.pbs.gov.au/info/publication/schedule/2009,2009-06-01,download_for_local_review,zip,2009-06-01-general-schedule-ascii.zip,https://www.pbs.gov.au/publication/schedule/2009/2009-06-01-general-schedule-ascii.zip?variant=3,au_pbs_structured_eeeaab123f5d30be,public_reuse_review,Official machine-readable PBS publication package. Format and checksum evidence do not by themselves grant redistribution rights or establish cross-version field parity.,au_pbs,au_pbs_structured_2009_06_01_eeeaab123f5d,planned,False,text_zip
https://www.pbs.gov.au/info/publication/schedule/2012,2012-03-01,download_for_local_review,zip,2012-03-01-efficient-funding-of-chemotherapy-xml.zip,https://www.pbs.gov.au/publication/schedule/2012/03/2012-03-01-efficient-funding-of-chemotherapy-xml.zip?variant=3,au_pbs_structured_eef88a1f43e9d9ce,public_reuse_review,Official machine-readable PBS publication package. Format and checksum evidence do not by themselves grant redistribution rights or establish cross-version field parity.,au_pbs,au_pbs_structured_2012_03_01_eef88a1f43e9,planned,False,xml_zip
https://www.pbs.gov.au/info/publication/schedule/2019,2019-05-01,download_for_local_review,zip,2019-05-01-extracts-down-converted.zip,https://www.pbs.gov.au/publication/schedule/2019/05/2019-05-01-extracts-down-converted.zip?variant=3,au_pbs_structured_ef66eef3d4ea045f,public_reuse_review,Official machine-readable PBS publication package. Format and checksum evidence do not by themselves grant redistribution rights or establish cross-version field parity.,au_pbs,au_pbs_structured_2019_05_01_ef66eef3d4ea,planned,False,structured_extract_zip
https://www.pbs.gov.au/info/publication/schedule/2008,2008-03-01,download_for_local_review,zip,2008-03-01-general-schedule-xml.zip,https://www.pbs.gov.au/publication/schedule/2008/2008-03-01-general-schedule-xml.zip?variant=3,au_pbs_structured_f0c63848b7fee09c,public_reuse_review,Official machine-readable PBS publication package. Format and checksum evidence do not by themselves grant redistribution rights or establish cross-version field parity.,au_pbs,au_pbs_structured_2008_03_01_f0c63848b7fe,planned,False,xml_zip
https://www.pbs.gov.au/info/publication/schedule/2013,2013-10-01,download_for_local_review,zip,2013-10-01-extracts.zip,https://www.pbs.gov.au/publication/schedule/2013/10/2013-10-01-extracts.zip?variant=3,au_pbs_structured_f105ffeb064c1793,public_reuse_review,Official machine-readable PBS publication package. Format and checksum evidence do not by themselves grant redistribution rights or establish cross-version field parity.,au_pbs,au_pbs_structured_2013_10_01_f105ffeb064c,planned,False,structured_extract_zip
https://www.pbs.gov.au/info/publication/schedule/2021,2021-04-01,download_for_local_review,zip,2021-04-01-V2-down-converted.zip,https://www.pbs.gov.au/publication/schedule/2021/04/2021-04-01-V2-down-converted.zip?variant=3,au_pbs_structured_f113c6d8d56993c1,public_reuse_review,Official machine-readable PBS publication package. Format and checksum evidence do not by themselves grant redistribution rights or establish cross-version field parity.,au_pbs,au_pbs_structured_2021_04_01_f113c6d8d569,planned,False,xml_zip
https://www.pbs.gov.au/info/publication/schedule/2015,2015-10-01,download_for_local_review,zip,2015-10-01-xml.zip,https://www.pbs.gov.au/publication/schedule/2015/10/2015-10-01-xml.zip?variant=3,au_pbs_structured_f13852ffc894f661,public_reuse_review,Official machine-readable PBS publication package. Format and checksum evidence do not by themselves grant redistribution rights or establish cross-version field parity.,au_pbs,au_pbs_structured_2015_10_01_f13852ffc894,planned,False,xml_zip
https://www.pbs.gov.au/info/publication/schedule/2021,2021-05-01,download_for_local_review,zip,2021-05-01-V2-down-converted.zip,https://www.pbs.gov.au/publication/schedule/2021/05/2021-05-01-V2-down-converted.zip?variant=3,au_pbs_structured_f164796dea008a8f,public_reuse_review,Official machine-readable PBS publication package. Format and checksum evidence do not by themselves grant redistribution rights or establish cross-version field parity.,au_pbs,au_pbs_structured_2021_05_01_f164796dea00,planned,False,xml_zip
https://www.pbs.gov.au/info/publication/schedule/2012,2012-04-01,download_for_local_review,zip,2012-04-01-general-schedule-xml.zip,https://www.pbs.gov.au/publication/schedule/2012/04/2012-04-01-general-schedule-xml.zip?variant=3,au_pbs_structured_f1c3babe5d79b595,public_reuse_review,Official machine-readable PBS publication package. Format and checksum evidence do not by themselves grant redistribution rights or establish cross-version field parity.,au_pbs,au_pbs_structured_2012_04_01_f1c3babe5d79,planned,False,xml_zip
https://www.pbs.gov.au/info/publication/schedule/2009,2009-02-01,download_for_local_review,zip,2009-02-01-general-schedule-xml.zip,https://www.pbs.gov.au/publication/schedule/2009/2009-02-01-general-schedule-xml.zip?variant=3,au_pbs_structured_f2575c844fb66a59,public_reuse_review,Official machine-readable PBS publication package. Format and checksum evidence do not by themselves grant redistribution rights or establish cross-version field parity.,au_pbs,au_pbs_structured_2009_02_01_f2575c844fb6,planned,False,xml_zip
https://www.pbs.gov.au/info/publication/schedule/2019,2019-06-01,download_for_local_review,zip,2019-06-01-V2-down-converted.zip,https://www.pbs.gov.au/publication/schedule/2019/06/2019-06-01-V2-down-converted.zip?variant=3,au_pbs_structured_f2d6828f4cb3fd53,public_reuse_review,Official machine-readable PBS publication package. Format and checksum evidence do not by themselves grant redistribution rights or establish cross-version field parity.,au_pbs,au_pbs_structured_2019_06_01_f2d6828f4cb3,planned,False,xml_zip
https://www.pbs.gov.au/info/publication/schedule/2014,2014-03-01,download_for_local_review,zip,2014-03-01-xml.zip,https://www.pbs.gov.au/publication/schedule/2014/03/2014-03-01-xml.zip?variant=3,au_pbs_structured_f37b114ee1e06a8e,public_reuse_review,Official machine-readable PBS publication package. Format and checksum evidence do not by themselves grant redistribution rights or establish cross-version field parity.,au_pbs,au_pbs_structured_2014_03_01_f37b114ee1e0,planned,False,xml_zip
https://www.pbs.gov.au/info/publication/schedule/2009,2009-10-01,download_for_local_review,zip,2009-10-01-general-schedule-xml.zip,https://www.pbs.gov.au/publication/schedule/2009/2009-10-01-general-schedule-xml.zip?variant=3,au_pbs_structured_f37c167d0ccc4833,public_reuse_review,Official machine-readable PBS publication package. Format and checksum evidence do not by themselves grant redistribution rights or establish cross-version field parity.,au_pbs,au_pbs_structured_2009_10_01_f37c167d0ccc,planned,False,xml_zip
https://www.pbs.gov.au/info/publication/schedule/2015,2015-12-01,download_for_local_review,zip,2015-12-01-xml.zip,https://www.pbs.gov.au/publication/schedule/2015/12/2015-12-01-xml.zip?variant=3,au_pbs_structured_f3959d738c01fdf0,public_reuse_review,Official machine-readable PBS publication package. Format and checksum evidence do not by themselves grant redistribution rights or establish cross-version field parity.,au_pbs,au_pbs_structured_2015_12_01_f3959d738c01,planned,False,xml_zip
https://www.pbs.gov.au/info/publication/schedule/2013,2013-07-01,download_for_local_review,zip,2013-07-01-extracts.zip,https://www.pbs.gov.au/publication/schedule/2013/07/2013-07-01-extracts.zip?variant=3,au_pbs_structured_f44c8fa63a263768,public_reuse_review,Official machine-readable PBS publication package. Format and checksum evidence do not by themselves grant redistribution rights or establish cross-version field parity.,au_pbs,au_pbs_structured_2013_07_01_f44c8fa63a26,planned,False,structured_extract_zip
https://www.pbs.gov.au/info/publication/schedule/2025,2025-04-01,download_for_local_review,zip,2025-04-01-V2-down-converted.zip,https://www.pbs.gov.au/publication/schedule/2025/04/2025-04-01-V2-down-converted.zip?variant=3,au_pbs_structured_f4bc9b9d3709f305,public_reuse_review,Official machine-readable PBS publication package. Format and checksum evidence do not by themselves grant redistribution rights or establish cross-version field parity.,au_pbs,au_pbs_structured_2025_04_01_f4bc9b9d3709,planned,False,xml_zip
https://www.pbs.gov.au/info/publication/schedule/2025,2025-09-01,download_for_local_review,zip,2025-09-01-v3soextracts.zip,https://www.pbs.gov.au/publication/schedule/2025/09/2025-09-01-v3soextracts.zip?variant=3,au_pbs_structured_f60768a0c8370de8,public_reuse_review,Official machine-readable PBS publication package. Format and checksum evidence do not by themselves grant redistribution rights or establish cross-version field parity.,au_pbs,au_pbs_structured_2025_09_01_f60768a0c837,planned,False,xml_zip
https://www.pbs.gov.au/info/publication/schedule/2024,2024-06-01,download_for_local_review,zip,2024-06-01-xml-V3.zip,https://www.pbs.gov.au/publication/schedule/2024/06/2024-06-01-xml-V3.zip?variant=3,au_pbs_structured_f74542b9f2f362d8,public_reuse_review,Official machine-readable PBS publication package. Format and checksum evidence do not by themselves grant redistribution rights or establish cross-version field parity.,au_pbs,au_pbs_structured_2024_06_01_f74542b9f2f3,planned,False,xml_zip
https://www.pbs.gov.au/info/publication/schedule/2015,2015-06-01,download_for_local_review,zip,2015-06-01-xml.zip,https://www.pbs.gov.au/publication/schedule/2015/06/2015-06-01-xml.zip?variant=3,au_pbs_structured_f955991540178978,public_reuse_review,Official machine-readable PBS publication package. Format and checksum evidence do not by themselves grant redistribution rights or establish cross-version field parity.,au_pbs,au_pbs_structured_2015_06_01_f95599154017,planned,False,xml_zip
https://www.pbs.gov.au/info/publication/schedule/2024,2024-06-01,download_for_local_review,zip,2024-06-01-V2-down-converted.zip,https://www.pbs.gov.au/publication/schedule/2024/06/2024-06-01-V2-down-converted.zip?variant=3,au_pbs_structured_f9b5bd2921af1f9e,public_reuse_review,Official machine-readable PBS publication package. Format and checksum evidence do not by themselves grant redistribution rights or establish cross-version field parity.,au_pbs,au_pbs_structured_2024_06_01_f9b5bd2921af,planned,False,xml_zip
https://www.pbs.gov.au/info/publication/schedule/2024,2024-10-01,download_for_local_review,zip,2024-10-01-v3extracts.zip,https://www.pbs.gov.au/publication/schedule/2024/10/2024-10-01-v3extracts.zip?variant=3,au_pbs_structured_fa73c241f5fa5dde,public_reuse_review,Official machine-readable PBS publication package. Format and checksum evidence do not by themselves grant redistribution rights or establish cross-version field parity.,au_pbs,au_pbs_structured_2024_10_01_fa73c241f5fa,planned,False,xml_zip
https://www.pbs.gov.au/info/publication/schedule/2019,2019-10-01,download_for_local_review,zip,2019-10-01-extracts-down-converted.zip,https://www.pbs.gov.au/publication/schedule/2019/10/2019-10-01-extracts-down-converted.zip?variant=3,au_pbs_structured_fba012fd080906bb,public_reuse_review,Official machine-readable PBS publication package. Format and checksum evidence do not by themselves grant redistribution rights or establish cross-version field parity.,au_pbs,au_pbs_structured_2019_10_01_fba012fd0809,planned,False,structured_extract_zip
https://www.pbs.gov.au/info/publication/schedule/2014,2014-06-01,download_for_local_review,zip,2014-06-01-extracts.zip,https://www.pbs.gov.au/publication/schedule/2014/06/2014-06-01-extracts.zip?variant=3,au_pbs_structured_fbd068ca26f2d0a3,public_reuse_review,Official machine-readable PBS publication package. Format and checksum evidence do not by themselves grant redistribution rights or establish cross-version field parity.,au_pbs,au_pbs_structured_2014_06_01_fbd068ca26f2,planned,False,structured_extract_zip
https://www.pbs.gov.au/info/publication/schedule/2011,2011-09-01,download_for_local_review,zip,2011-09-01-general-schedule-xml.zip,https://www.pbs.gov.au/publication/schedule/2011/09/2011-09-01-general-schedule-xml.zip?variant=3,au_pbs_structured_fcb035dfc6f839ed,public_reuse_review,Official machine-readable PBS publication package. Format and checksum evidence do not by themselves grant redistribution rights or establish cross-version field parity.,au_pbs,au_pbs_structured_2011_09_01_fcb035dfc6f8,planned,False,xml_zip
https://www.pbs.gov.au/info/publication/schedule/2018,2018-12-01,download_for_local_review,zip,2018-12-01-xml-V3.zip,https://www.pbs.gov.au/publication/schedule/2018/12/2018-12-01-xml-V3.zip?variant=3,au_pbs_structured_fcbb3bce42c407c3,public_reuse_review,Official machine-readable PBS publication package. Format and checksum evidence do not by themselves grant redistribution rights or establish cross-version field parity.,au_pbs,au_pbs_structured_2018_12_01_fcbb3bce42c4,planned,False,xml_zip
https://www.pbs.gov.au/info/publication/schedule/2025,2025-08-01,download_for_local_review,zip,2025-08-01-v3extracts.zip,https://www.pbs.gov.au/publication/schedule/2025/08/2025-08-01-v3extracts.zip?variant=3,au_pbs_structured_fd206e2698939141,public_reuse_review,Official machine-readable PBS publication package. Format and checksum evidence do not by themselves grant redistribution rights or establish cross-version field parity.,au_pbs,au_pbs_structured_2025_08_01_fd206e269893,planned,False,xml_zip
https://www.pbs.gov.au/info/publication/schedule/2009,2009-08-01,download_for_local_review,zip,2009-08-01-general-schedule-ascii.zip,https://www.pbs.gov.au/publication/schedule/2009/2009-08-01-general-schedule-ascii.zip?variant=3,au_pbs_structured_fd415eaed5ce2c09,public_reuse_review,Official machine-readable PBS publication package. Format and checksum evidence do not by themselves grant redistribution rights or establish cross-version field parity.,au_pbs,au_pbs_structured_2009_08_01_fd415eaed5ce,planned,False,text_zip
https://www.pbs.gov.au/info/publication/schedule/2014,2014-07-01,download_for_local_review,zip,2014-07-01-extracts.zip,https://www.pbs.gov.au/publication/schedule/2014/07/2014-07-01-extracts.zip?variant=3,au_pbs_structured_fe10bb000f8abe96,public_reuse_review,Official machine-readable PBS publication package. Format and checksum evidence do not by themselves grant redistribution rights or establish cross-version field parity.,au_pbs,au_pbs_structured_2014_07_01_fe10bb000f8a,planned,False,structured_extract_zip
https://www.pbs.gov.au/info/publication/schedule/2021,2021-04-01,download_for_local_review,zip,2021-04-01-v3extracts.zip,https://www.pbs.gov.au/publication/schedule/2021/04/2021-04-01-v3extracts.zip?variant=3,au_pbs_structured_fedee1b4dc7f395f,public_reuse_review,Official machine-readable PBS publication package. Format and checksum evidence do not by themselves grant redistribution rights or establish cross-version field parity.,au_pbs,au_pbs_structured_2021_04_01_fedee1b4dc7f,planned,False,xml_zip
https://www.pbs.gov.au/info/publication/schedule/2015,2015-12-01,download_for_local_review,zip,2015-12-01-extracts.zip,https://www.pbs.gov.au/publication/schedule/2015/12/2015-12-01-extracts.zip?variant=3,au_pbs_structured_fef3166663030482,public_reuse_review,Official machine-readable PBS publication package. Format and checksum evidence do not by themselves grant redistribution rights or establish cross-version field parity.,au_pbs,au_pbs_structured_2015_12_01_fef316666303,planned,False,structured_extract_zip
https://www.pbs.gov.au/info/publication/schedule/2024,2024-10-01,download_for_local_review,zip,2024-10-01-v3soextracts.zip,https://www.pbs.gov.au/publication/schedule/2024/10/2024-10-01-v3soextracts.zip?variant=3,au_pbs_structured_ff9b14e5eaa43159,public_reuse_review,Official machine-readable PBS publication package. Format and checksum evidence do not by themselves grant redistribution rights or establish cross-version field parity.,au_pbs,au_pbs_structured_2024_10_01_ff9b14e5eaa4,planned,False,xml_zip
https://www.pbs.gov.au/info/publication/schedule/2024,2024-07-01,download_for_local_review,zip,2024-07-01-V2-down-converted.zip,https://www.pbs.gov.au/publication/schedule/2024/07/2024-07-01-V2-down-converted.zip?variant=3,au_pbs_structured_ffe5b288cc842cf1,public_reuse_review,Official machine-readable PBS publication package. Format and checksum evidence do not by themselves grant redistribution rights or establish cross-version field parity.,au_pbs,au_pbs_structured_2024_07_01_ffe5b288cc84,planned,False,xml_zip
