archive_capture_count,archive_digests_sha1_base32,archive_timestamps,id,local_checksum_sha1_base32,local_checksum_sha256,official_receipt_status,publication_identity_observed,raw_redistribution_status,rights_source,source_byte_verified,source_url,source_version_id,verification_status
1,"[""LA6QJOUCI2DBKTRCJXHEMTYSHHTCLMYG""]","[""20130423221318""]",au_pbs_archive_0042c4886da1d4a5,LA6QJOUCI2DBKTRCJXHEMTYSHHTCLMYG,702d80f7b80b510cb39b94c6f51e4625bb534c3615e6dfce3a2c0444998903a0,cached,True,blocked_pending_explicit_permission,https://www.pbs.gov.au/info/general/copyright,True,https://www.pbs.gov.au/publication/schedule/2012/10/2012-10-01-dental-book.pdf,au_pbs_archive_2012_10_01_0042c4886da1,exact_digest_match
1,"[""NXHXFVH7W5PVFATZ7GESQSHMMXSFKITF""]","[""20120227121945""]",au_pbs_archive_00cf3278cf9d1577,NXHXFVH7W5PVFATZ7GESQSHMMXSFKITF,983a9c34383a61fad3cba27e84943d66a113776ee224bf5aed76332bbfbd203c,cached,True,blocked_pending_explicit_permission,https://www.pbs.gov.au/info/general/copyright,True,https://www.pbs.gov.au/publication/schedule/2011/02/2011-02-01-dental-book-SOC.pdf,au_pbs_archive_2011_02_01_00cf3278cf9d,exact_digest_match
0,[],[],au_pbs_archive_00fe61de194c5cf6,LQY2PKJKWIUQS7RAQNJBGPLZ4F36CYMS,c1c83bd3e245435e8626a29f19930e41f25a444bdb9a03c2eeb27b3119f97b25,cached,True,blocked_pending_explicit_permission,https://www.pbs.gov.au/info/general/copyright,False,https://www.pbs.gov.au/publication/schedule/2020/10/updated-pbs-text-files.pdf,au_pbs_archive_unknown_00fe61de194c,no_archive_capture
1,"[""LCPHU6RQXCILVMOXEIUO4O6OBDW5F6PA""]","[""20231106134259""]",au_pbs_archive_01275a1d2b1e0f32,LCPHU6RQXCILVMOXEIUO4O6OBDW5F6PA,cdb4e92dde1404f8c172b51d69ce5244687c8facb0e605e8bdc21ad5e6a4b189,cached,True,blocked_pending_explicit_permission,https://www.pbs.gov.au/info/general/copyright,True,https://www.pbs.gov.au/publication/schedule/2023/05/2023-05-01-general-schedule-volume-1.pdf,au_pbs_archive_2023_05_01_01275a1d2b1e,exact_digest_match
1,"[""Z56J4FLCWZ3OBIIO6B5PBLASGKEYH742""]","[""20200322113738""]",au_pbs_archive_01330652d121f688,Z56J4FLCWZ3OBIIO6B5PBLASGKEYH742,4a4b686f7b92a08459350bb8e822d63afa6c1d9aa6af844a40e1de64a0a539c8,cached,True,blocked_pending_explicit_permission,https://www.pbs.gov.au/info/general/copyright,True,https://www.pbs.gov.au/publication/schedule/2019/04/2019-04-01-general-schedule.pdf,au_pbs_archive_2019_04_01_01330652d121,exact_digest_match
0,[],[],au_pbs_archive_014ce140a40085cf,UCLGLJDVRUVBROWU2ZR7ZILGEY4X3JHQ,4749e7ad53414b31f1d0ea2eef6a6fc2f591643069b8e857f092862287a15a4d,cached,True,blocked_pending_explicit_permission,https://www.pbs.gov.au/info/general/copyright,False,https://www.pbs.gov.au/publication/schedule/2008/2008-07-01-general-schedule-soc.pdf,au_pbs_archive_2008_07_01_014ce140a400,no_archive_capture
1,"[""LKAOYMERKTFJR7QEJAAHXY5427WMC4T3""]","[""20150303082122""]",au_pbs_archive_0244f530276be5e7,LKAOYMERKTFJR7QEJAAHXY5427WMC4T3,465540473ac2c8d13511d6a01c18e692cb2cd7ccef103828ddbdecb61443a5b1,cached,True,blocked_pending_explicit_permission,https://www.pbs.gov.au/info/general/copyright,True,https://www.pbs.gov.au/publication/schedule/2014/10/2014-10-01-efc-schedule.pdf,au_pbs_archive_2014_10_01_0244f530276b,exact_digest_match
0,[],[],au_pbs_archive_02bedf73d6dc304f,M57PIR4ZH7YL24EUBJQDZOQOM43ZF62C,660f5d1eb2cdad7648bf4acf897e876ea0627b767a771af08fb10b378b7b79e5,cached,True,blocked_pending_explicit_permission,https://www.pbs.gov.au/info/general/copyright,False,https://www.pbs.gov.au/publication/schedule/2008/2008-01-01-general-schedule.pdf,au_pbs_archive_2008_01_01_02bedf73d6dc,no_archive_capture
1,"[""JHS2BLY5SVBU4BELSI3D5OCTJBCZJRZ3""]","[""20140126044043""]",au_pbs_archive_02d2d5fa173e8a04,JHS2BLY5SVBU4BELSI3D5OCTJBCZJRZ3,5833a73f8658d3f2ec368fe483858790ddada88bd613b648fc45eca5ab937d9d,cached,True,blocked_pending_explicit_permission,https://www.pbs.gov.au/info/general/copyright,True,https://www.pbs.gov.au/publication/schedule/2013/10/2013-10-01-errata.pdf,au_pbs_archive_2013_10_01_02d2d5fa173e,exact_digest_match
0,[],[],au_pbs_archive_02ff51afca816815,KOU26F7HJEQGWK2OHBMVHD4J3LZ3W7MM,27af3e56cc5e3ba560a28c616d1f582ac5a1f85259885693e487fbce6c28d9de,cached,True,blocked_pending_explicit_permission,https://www.pbs.gov.au/info/general/copyright,False,https://www.pbs.gov.au/publication/schedule/2010/2010-12-01-dental-book-SOC.pdf,au_pbs_archive_2010_12_01_02ff51afca81,no_archive_capture
1,"[""ZA44EO2E6CCA3P3EHH3A6IDIZKP27H4J""]","[""20251125060046""]",au_pbs_archive_035c90d6d46b0c92,ZA44EO2E6CCA3P3EHH3A6IDIZKP27H4J,c568e00843c3e663d26a21a2d49833afa4150de3c0fff272ee4f9f2c41aa8a8b,cached,True,blocked_pending_explicit_permission,https://www.pbs.gov.au/info/general/copyright,True,https://www.pbs.gov.au/publication/schedule/2025/07/2025-07-01-general-soc.pdf,au_pbs_archive_2025_07_01_035c90d6d46b,exact_digest_match
1,"[""W57NWZGMDWUYINXVOFQM7XNHVFQ7YPOJ""]","[""20211012063132""]",au_pbs_archive_046ff993d6219157,W57NWZGMDWUYINXVOFQM7XNHVFQ7YPOJ,2a959cbca283dcbb38ac27784979e664df1c74e5f11e7ebfa006663ad7c47b8f,cached,True,blocked_pending_explicit_permission,https://www.pbs.gov.au/info/general/copyright,True,https://www.pbs.gov.au/publication/schedule/2020/10/2020-10-01-efc-schedule.pdf,au_pbs_archive_2020_10_01_046ff993d621,exact_digest_match
1,"[""DTMWMSRUCR3MFMAWUGUSIN3QESFVG3UR""]","[""20130423155604""]",au_pbs_archive_049fcb15c311ce73,DTMWMSRUCR3MFMAWUGUSIN3QESFVG3UR,dc4ac61482dcc9e4e9a45906523dc26235995f9b351bdc8068c3da67e120afc3,cached,True,blocked_pending_explicit_permission,https://www.pbs.gov.au/info/general/copyright,True,https://www.pbs.gov.au/publication/schedule/2013/03/2013-03-01-general-schedule-SOC.pdf,au_pbs_archive_2013_03_01_049fcb15c311,exact_digest_match
0,[],[],au_pbs_archive_05596bb7d8a6c61b,U7HPCJ56GVWFR56PD3DTFORNXAPN44MX,38fdc62a64b34b96d067ba952cdbe4a0590d4256981bad2050aec08532e41626,cached,True,blocked_pending_explicit_permission,https://www.pbs.gov.au/info/general/copyright,False,https://www.pbs.gov.au/publication/schedule/2008/2008-02-01-dental-book.pdf,au_pbs_archive_2008_02_01_05596bb7d8a6,no_archive_capture
1,"[""DXF2XIDNIMWYSBPRCCMKFONUTCVSGNDK""]","[""20180414095718""]",au_pbs_archive_05d4d0b1e51eb714,DXF2XIDNIMWYSBPRCCMKFONUTCVSGNDK,562522e42302264e8608b2f4590f8050693d20ad033c3f67ee31348f2f936965,cached,True,blocked_pending_explicit_permission,https://www.pbs.gov.au/info/general/copyright,True,https://www.pbs.gov.au/publication/schedule/2017/07/2017-07-01-general-schedule.pdf,au_pbs_archive_2017_07_01_05d4d0b1e51e,exact_digest_match
0,[],[],au_pbs_archive_05f97e31343575ed,Q7BTDIHEXI2UGGAPT4A4RTSPPT5ZKBZN,6fab90e46e11c4573d887a50525424c1a7670bd9758b3164811acb240dec7739,cached,True,blocked_pending_explicit_permission,https://www.pbs.gov.au/info/general/copyright,False,https://www.pbs.gov.au/publication/schedule/2007/2007-05-01-dental-book.pdf,au_pbs_archive_2007_05_01_05f97e313435,no_archive_capture
0,[],[],au_pbs_archive_06651ec290a98abc,MTQWY4NVRZRLYLGN7UDUXIW6W5G7RU5O,7d55bb35c4b81090dad71bf0710d8981e17dd8f40f11de9af5f19d9c81b0ea76,cached,True,blocked_pending_explicit_permission,https://www.pbs.gov.au/info/general/copyright,False,https://www.pbs.gov.au/publication/schedule/2013/08/2013-08-01-errata.pdf,au_pbs_archive_2013_08_01_06651ec290a9,no_archive_capture
0,[],[],au_pbs_archive_06e9f60a4d4cbd73,UZ3F5FND4XUQMSUFXMK7QMZOSWMOAVU5,1236a97681fa4782b2c6834ffc4a1111e9fb62fdb55aaad1b51ff5747af012da,cached,True,blocked_pending_explicit_permission,https://www.pbs.gov.au/info/general/copyright,False,https://www.pbs.gov.au/publication/schedule/2008/2008-05-01-dental-book-soc.pdf,au_pbs_archive_2008_05_01_06e9f60a4d4c,no_archive_capture
1,"[""OJ7YK2XX3GGRJ5LPAHVUJB5FF7EJ6PSN""]","[""20251125060841""]",au_pbs_archive_0739fc9089ae58a0,OJ7YK2XX3GGRJ5LPAHVUJB5FF7EJ6PSN,1e3b3d9ab8e927fb5c49e740373fbae952f0899d54f6d7236f1992549a42faad,cached,True,blocked_pending_explicit_permission,https://www.pbs.gov.au/info/general/copyright,True,https://www.pbs.gov.au/publication/schedule/2025/04/2025-04-01-general-soc.pdf,au_pbs_archive_2025_04_01_0739fc9089ae,exact_digest_match
0,[],[],au_pbs_archive_0747133c83397f77,OJT2YBF7OYD5FMND5EQGPNNNIWYHVTEL,7e60d2f94ec791d014c9b2c12e8e0a949e7a6426223a01c1fd50fe7fe51ca6aa,cached,True,blocked_pending_explicit_permission,https://www.pbs.gov.au/info/general/copyright,False,https://www.pbs.gov.au/publication/schedule/2009/2009-10-01-general-schedule.pdf,au_pbs_archive_2009_10_01_0747133c8339,no_archive_capture
1,"[""NR5XX4HRFNLZRQ7OVTB6OCDH4KCNMHIU""]","[""20221017212140""]",au_pbs_archive_07555f2d05f716a2,NR5XX4HRFNLZRQ7OVTB6OCDH4KCNMHIU,b01c74b7fd88cec6842d49b8c8a54f17bb67cf1a13842d60dafa3d62896862a5,cached,True,blocked_pending_explicit_permission,https://www.pbs.gov.au/info/general/copyright,True,https://www.pbs.gov.au/publication/schedule/2022/10/2022-10-01-general-schedule-volume-2.pdf,au_pbs_archive_2022_10_01_07555f2d05f7,exact_digest_match
0,[],[],au_pbs_archive_07a316f685c59895,LPD6OTMLIBFPTXIIRGRYINW2P6DLQQOH,462fc44c01673eaad2bfba01651ae11358baaf0dd0f9c4ceda57c1a3c6de01ad,cached,True,blocked_pending_explicit_permission,https://www.pbs.gov.au/info/general/copyright,False,https://www.pbs.gov.au/publication/schedule/2010/2010-12-01-dental-book.pdf,au_pbs_archive_2010_12_01_07a316f685c5,no_archive_capture
1,"[""WMZDASHPRLAR4EK2UPVFQSOAF3U6DGCM""]","[""20231022211947""]",au_pbs_archive_07abe12cb22e7eed,WMZDASHPRLAR4EK2UPVFQSOAF3U6DGCM,d727301834bfb87ba25060f0a6295330b333e75f9277ed4dc14dcaa2ee169027,cached,True,blocked_pending_explicit_permission,https://www.pbs.gov.au/info/general/copyright,True,https://www.pbs.gov.au/publication/schedule/2023/10/2023-10-01-efc-schedule.pdf,au_pbs_archive_2023_10_01_07abe12cb22e,exact_digest_match
1,"[""ZKJVLI2MKKTZXI3U4MDBLED7XRE2GXGV""]","[""20200322104357""]",au_pbs_archive_07d37ecec05adde7,ZKJVLI2MKKTZXI3U4MDBLED7XRE2GXGV,bab09a49e277615005f7ac0d80c26b665343881cb20d6e1af29cf8630f16c14d,cached,True,blocked_pending_explicit_permission,https://www.pbs.gov.au/info/general/copyright,True,https://www.pbs.gov.au/publication/schedule/2019/12/2019-12-01-general-schedule-volume-1.pdf,au_pbs_archive_2019_12_01_07d37ecec05a,exact_digest_match
0,[],[],au_pbs_archive_081c1624413ac1e3,TUESX6X4KY7JA6B5DZWICPWKQXH4UJN6,6eee3748ea34eafc35094d506c0dbb9f1f88209143b6822117260f66af94fb9a,cached,True,blocked_pending_explicit_permission,https://www.pbs.gov.au/info/general/copyright,False,https://www.pbs.gov.au/publication/schedule/2010/2010-06-01-general-schedule.pdf,au_pbs_archive_2010_06_01_081c1624413a,no_archive_capture
1,"[""E3M7YUMZFSZ2I5YIR5SILYJIXN5SAZ2P""]","[""20170321150305""]",au_pbs_archive_082dd08f48c6265f,E3M7YUMZFSZ2I5YIR5SILYJIXN5SAZ2P,88de34c2c5d1d196e553d465d52f0e94cea0bbe8892299b4fbfde69d46c35807,cached,True,blocked_pending_explicit_permission,https://www.pbs.gov.au/info/general/copyright,True,https://www.pbs.gov.au/publication/schedule/2016/07/2016-07-01-efc-schedule.pdf,au_pbs_archive_2016_07_01_082dd08f48c6,exact_digest_match
1,"[""XTKVETEGPPOYQWIGZC7W7TTX5MBNLFTH""]","[""20250323162007""]",au_pbs_archive_0853826f709bc143,XTKVETEGPPOYQWIGZC7W7TTX5MBNLFTH,399cde6a1a6cb6ba2c1de9b1d62a7a1cf9008e0f89a6184a0069fe092dee38b9,cached,True,blocked_pending_explicit_permission,https://www.pbs.gov.au/info/general/copyright,True,https://www.pbs.gov.au/publication/schedule/2024/04/2024-04-01-general-schedule-volume-1.pdf,au_pbs_archive_2024_04_01_0853826f709b,exact_digest_match
0,[],[],au_pbs_archive_0856cfc867ad3934,DXGUZRX7OXHKE7ARLEDVRSEFSSTWPXDH,db71d631ee6a8eb4ee4508581ec3caeecefe7ef30181c8abcef4ae55b54cde03,cached,True,blocked_pending_explicit_permission,https://www.pbs.gov.au/info/general/copyright,False,https://www.pbs.gov.au/publication/schedule/2007/2007-01-01-general-schedule.pdf,au_pbs_archive_2007_01_01_0856cfc867ad,no_archive_capture
1,"[""ZDFZGWNNFSZH6TVAVCUIG4ZOGKQOX3RE""]","[""20130420165744""]",au_pbs_archive_08b037c68a372ab9,ZDFZGWNNFSZH6TVAVCUIG4ZOGKQOX3RE,de44bb7efa0077c5752577d184e9f2bdf133524b5b0666c6f3425fab8516567f,cached,True,blocked_pending_explicit_permission,https://www.pbs.gov.au/info/general/copyright,True,https://www.pbs.gov.au/publication/schedule/2012/12/2012-12-01-pbs-general-schedule.pdf,au_pbs_archive_2012_12_01_08b037c68a37,exact_digest_match
2,"[""327IHB6G63XAARKOKPSCTTIZ33XB23EV"", ""R3ABKPRFGBCKDOZL6V7VXWRLAYWJRDGG""]","[""20140208051552"", ""20140211214712""]",au_pbs_archive_092ceaa9ce71dfa4,R3ABKPRFGBCKDOZL6V7VXWRLAYWJRDGG,5a679f0e63dd0d992c329d53062f1f906281d4c060f0f47991a91ec12edb3521,cached,True,blocked_pending_explicit_permission,https://www.pbs.gov.au/info/general/copyright,True,https://www.pbs.gov.au/publication/schedule/2008/2008-01-01-dental-book.pdf,au_pbs_archive_2008_01_01_092ceaa9ce71,exact_digest_match
1,"[""77GWGSUN4A37Y44DGWF7RW44CCWSCUDF""]","[""20171031025837""]",au_pbs_archive_09411e526cbb8b0d,77GWGSUN4A37Y44DGWF7RW44CCWSCUDF,293a97ae6bc24201391eef9fcaf18aa4be32d0dfa191756cf49286c4f30e9e16,cached,True,blocked_pending_explicit_permission,https://www.pbs.gov.au/info/general/copyright,True,https://www.pbs.gov.au/publication/schedule/2017/05/2017-05-01-efc-schedule.pdf,au_pbs_archive_2017_05_01_09411e526cbb,exact_digest_match
1,"[""XUBN6SUPT7IOXIZ2FQA7TNXHZ4C4EDYQ""]","[""20250323152355""]",au_pbs_archive_0961ed88612774a4,XUBN6SUPT7IOXIZ2FQA7TNXHZ4C4EDYQ,e28e1366b039da419e8c5e58a35b0ba892074b490cd4e0b0e08964ae426c2f59,cached,True,blocked_pending_explicit_permission,https://www.pbs.gov.au/info/general/copyright,True,https://www.pbs.gov.au/publication/schedule/2025/02/2025-02-01-efc-schedule.pdf,au_pbs_archive_2025_02_01_0961ed886127,exact_digest_match
1,"[""4W7OV5FLKX5QEIT7B32O2ER7QOLMLJ4D""]","[""20120227081615""]",au_pbs_archive_09a2135f67e3d6a8,4W7OV5FLKX5QEIT7B32O2ER7QOLMLJ4D,32edf5034260400b4c4ed7ad378620892ab32258ca54854c0ad2736bf6110620,cached,True,blocked_pending_explicit_permission,https://www.pbs.gov.au/info/general/copyright,True,https://www.pbs.gov.au/publication/schedule/2012/01/2012-01-01-dental-book-SOC.pdf,au_pbs_archive_2012_01_01_09a2135f67e3,exact_digest_match
0,[],[],au_pbs_archive_09bc99395c6991ac,XMMA2B7KDRORJD2TZDZ5KCIASB6MD6VH,393c1b7173978be51cba26eadee7163c3692a127114e98a3a6f10ed909a2b075,cached,True,blocked_pending_explicit_permission,https://www.pbs.gov.au/info/general/copyright,False,https://www.pbs.gov.au/publication/schedule/2008/2008-05-01-general-schedule.pdf,au_pbs_archive_2008_05_01_09bc99395c69,no_archive_capture
1,"[""HWBHIBB7WPLAXC3W5J26U2KGWKZ3EM4E""]","[""20120227124416""]",au_pbs_archive_0a203f45e6afdadf,HWBHIBB7WPLAXC3W5J26U2KGWKZ3EM4E,e8262331c6bd89033f4afc56ccc56bdde4bf9e82908475203da7908899e64505,cached,True,blocked_pending_explicit_permission,https://www.pbs.gov.au/info/general/copyright,True,https://www.pbs.gov.au/publication/schedule/2011/08/2011-08-01-chemotherapy-booklet.pdf,au_pbs_archive_2011_08_01_0a203f45e6af,exact_digest_match
1,"[""4CUYSMHQMYPNTXH6OUKVKNR5JYYBDQPC""]","[""20140126044024""]",au_pbs_archive_0a615b932e0ffd4a,4CUYSMHQMYPNTXH6OUKVKNR5JYYBDQPC,233babb7bae31a91eb3d3ce1e0d13193809030eb1dd954f039e48f8bc018da09,cached,True,blocked_pending_explicit_permission,https://www.pbs.gov.au/info/general/copyright,True,https://www.pbs.gov.au/publication/schedule/2013/11/2013-11-01-efc-schedule-soc.pdf,au_pbs_archive_2013_11_01_0a615b932e0f,exact_digest_match
0,[],[],au_pbs_archive_0a6e447d36aed784,RM6VASGCUUXBR4BDAO7OBPXE7SO3WONB,c5168cb1814afbffde0b36bca49aab38bb1adcd3c258a450cfe5b05d7edefbcc,cached,True,blocked_pending_explicit_permission,https://www.pbs.gov.au/info/general/copyright,False,https://www.pbs.gov.au/publication/schedule/2024/12/errata-for-2024-12-01.pdf,au_pbs_archive_2024_12_01_0a6e447d36ae,no_archive_capture
1,"[""XMLTK5QWZV3CV6F5VOVS4SC6QQS6BFBT""]","[""20150304093917""]",au_pbs_archive_0a92096d6cce4760,XMLTK5QWZV3CV6F5VOVS4SC6QQS6BFBT,69e14dc401b5d84ca75f7b654f8079327691f7ae6b2b5495eb8fa6c1bbc5e231,cached,True,blocked_pending_explicit_permission,https://www.pbs.gov.au/info/general/copyright,True,https://www.pbs.gov.au/publication/schedule/2014/03/2014-03-01-errata.pdf,au_pbs_archive_2014_03_01_0a92096d6cce,exact_digest_match
1,"[""X7BYQ36MR7Y4QIL7XR6WQQMUOSKKQ7WS""]","[""20211012063142""]",au_pbs_archive_0aa7a7e9f8e9a002,X7BYQ36MR7Y4QIL7XR6WQQMUOSKKQ7WS,24cb2c69364c8e118e132fcc32d8c29a45cefa0d0003d5a7f6d4e61c60908989,cached,True,blocked_pending_explicit_permission,https://www.pbs.gov.au/info/general/copyright,True,https://www.pbs.gov.au/publication/schedule/2021/03/2021-03-01-efc-schedule.pdf,au_pbs_archive_2021_03_01_0aa7a7e9f8e9,exact_digest_match
1,"[""FTVKS5MNHRCYUFHOT7UKDCV5A7E6PGZJ""]","[""20211012063120""]",au_pbs_archive_0aa9fca224d283d5,FTVKS5MNHRCYUFHOT7UKDCV5A7E6PGZJ,292103dc0521763d8ad88279eda5ebd9efa986fac7745f07ac69f05fa58e7322,cached,True,blocked_pending_explicit_permission,https://www.pbs.gov.au/info/general/copyright,True,https://www.pbs.gov.au/publication/schedule/2021/08/2021-08-01-general-schedule-volume-1.pdf,au_pbs_archive_2021_08_01_0aa9fca224d2,exact_digest_match
0,[],[],au_pbs_archive_0ad2866305e197bd,ESXG7B57QCSYJP6HLFYFQWEPEKMMXZA2,68373c4c9f9dd70f849213c064920d08403898e5ce0fb1ece0ed01fcfe89c9fc,cached,True,blocked_pending_explicit_permission,https://www.pbs.gov.au/info/general/copyright,False,https://www.pbs.gov.au/publication/schedule/2005/2005-04-01-general-schedule.pdf,au_pbs_archive_2005_04_01_0ad2866305e1,no_archive_capture
1,"[""AGLC6RPZNHDEUH3JL5ODPVAQQZIX2LSK""]","[""20211012063149""]",au_pbs_archive_0af69f30cb2f2001,AGLC6RPZNHDEUH3JL5ODPVAQQZIX2LSK,1d09aa999667b1279097a007a536cb9820b6a33c4c0a1de5b4d72688bf418221,cached,True,blocked_pending_explicit_permission,https://www.pbs.gov.au/info/general/copyright,True,https://www.pbs.gov.au/publication/schedule/2020/06/2020-06-01-general-schedule-volume-1.pdf,au_pbs_archive_2020_06_01_0af69f30cb2f,exact_digest_match
1,"[""I3NMF57YSLL4K7RW7QLYUECJY635DYJS""]","[""20140126044239""]",au_pbs_archive_0af7b670b35b3d29,I3NMF57YSLL4K7RW7QLYUECJY635DYJS,5a7abe52ecc7f93803f5ed17ac405420a3b8de735f4d98ebd3c8f4ed1eedbe78,cached,True,blocked_pending_explicit_permission,https://www.pbs.gov.au/info/general/copyright,True,https://www.pbs.gov.au/publication/schedule/2013/09/2013-09-01-general-schedule.pdf,au_pbs_archive_2013_09_01_0af7b670b35b,exact_digest_match
0,[],[],au_pbs_archive_0b13f8cf9f6bb9d3,JJLP7HHPRLGR63JQY7SHLARH5FLQ32RH,9a36395a039b96bbb41692f42b96d6fe32166215dbbc7192c7247da8c6220cf0,cached,True,blocked_pending_explicit_permission,https://www.pbs.gov.au/info/general/copyright,False,https://www.pbs.gov.au/publication/schedule/2025/12/2025-12-01-general-soc.pdf,au_pbs_archive_2025_12_01_0b13f8cf9f6b,no_archive_capture
0,[],[],au_pbs_archive_0b30e1c6c425222b,TB7EAHOABOUT5IPBDSZVGBVIR33HZO25,8b4164be5839d1cf247c440646e37aa765368b88eb230b8f55c729f3b5538933,cached,True,blocked_pending_explicit_permission,https://www.pbs.gov.au/info/general/copyright,False,https://www.pbs.gov.au/publication/schedule/1951-2002/1957-07-01-PBS-Schedule-Medical-Practitioners.pdf,au_pbs_archive_1957_07_01_0b30e1c6c425,no_archive_capture
0,[],[],au_pbs_archive_0b75ef3389b28426,O6EYB2BJXPTYJM6IAQ37YTS4SUHRKL3H,7cd7f476e01a189ca53c344576fe75d2df1f7243aa2089fd97ab193c812d178e,cached,True,blocked_pending_explicit_permission,https://www.pbs.gov.au/info/general/copyright,False,https://www.pbs.gov.au/publication/schedule/2009/2009-04-01-dental-book-soc.pdf,au_pbs_archive_2009_04_01_0b75ef3389b2,no_archive_capture
0,[],[],au_pbs_archive_0bd13913924c958c,7CRMAJV4QBMPRZLZK3CKUSCQ7NKSW4CZ,3af521a6cc0dee0ff076a87c4861bcf0f3348b43ff76fcadb913fb75e3ede103,cached,True,blocked_pending_explicit_permission,https://www.pbs.gov.au/info/general/copyright,False,https://www.pbs.gov.au/publication/schedule/2010/2010-02-01-chemotherapy-book.pdf,au_pbs_archive_2010_02_01_0bd13913924c,no_archive_capture
1,"[""VLYUO5ZDL4OBOANGGD7B6QEZYZIPL5ZC""]","[""20251002043138""]",au_pbs_archive_0c5c833c753dbcc7,VLYUO5ZDL4OBOANGGD7B6QEZYZIPL5ZC,c4288d15f0d0a21f98d1d7a82e83d02d8486ebfd46cf7e2fc017c85e3c40cfd7,cached,True,blocked_pending_explicit_permission,https://www.pbs.gov.au/info/general/copyright,True,https://www.pbs.gov.au/publication/schedule/2025/08/2025-08-01-general-soc.pdf,au_pbs_archive_2025_08_01_0c5c833c753d,exact_digest_match
0,[],[],au_pbs_archive_0c84b78b641369e9,FIUEHJNX7YUPJWBTFKADSLABYSVQPFL4,3767260ccabbd815d82f56fb565f6b4276cba910ec01abbb1ecc02132f10eb6e,cached,True,blocked_pending_explicit_permission,https://www.pbs.gov.au/info/general/copyright,False,https://www.pbs.gov.au/publication/schedule/2026/06/2026-06-01-efc-schedule.pdf,au_pbs_archive_2026_06_01_0c84b78b6413,no_archive_capture
1,"[""QZPME3PCKLKOE24IXPXEYASXFMJIJ44Y""]","[""20150303081322""]",au_pbs_archive_0cc4ffb99f6a4280,QZPME3PCKLKOE24IXPXEYASXFMJIJ44Y,23f46996b1334fb8f29ff9fcf15e6f1af45d3f4066d20c6c912667f64f46c916,cached,True,blocked_pending_explicit_permission,https://www.pbs.gov.au/info/general/copyright,True,https://www.pbs.gov.au/publication/schedule/2015/01/2015-01-01-errata.pdf,au_pbs_archive_2015_01_01_0cc4ffb99f6a,exact_digest_match
1,"[""ILCJAEUMBP2GZXPAKBPMYLGWDTTR4WSX""]","[""20230316150213""]",au_pbs_archive_0cd9b99a0e6f65c1,ILCJAEUMBP2GZXPAKBPMYLGWDTTR4WSX,408a454ab612957d64070c8b59d4306ffbf0d071fbb0bf8f391da0f168f3b4ee,cached,True,blocked_pending_explicit_permission,https://www.pbs.gov.au/info/general/copyright,True,https://www.pbs.gov.au/publication/schedule/2023/03/2023-03-01-general-schedule-volume-1.pdf,au_pbs_archive_2023_03_01_0cd9b99a0e6f,exact_digest_match
0,[],[],au_pbs_archive_0d0f4b7dea43011c,2QGOSUKTGJHJTK5JFW34S6COOM4RQO5W,91b84611e28c22b681445722a935fd2b57ae50ec2625f034bb424912537dfe81,cached,True,blocked_pending_explicit_permission,https://www.pbs.gov.au/info/general/copyright,False,https://www.pbs.gov.au/publication/schedule/1951-2002/1995-11-01-PBS-Schedule.pdf,au_pbs_archive_1995_11_01_0d0f4b7dea43,no_archive_capture
1,"[""DFOT6MH34IHEX26GVXOQGYPICMMX2UP3""]","[""20251125060552""]",au_pbs_archive_0d5f72348995b3b4,DFOT6MH34IHEX26GVXOQGYPICMMX2UP3,b57f5642880ff71d06f8dc5a8f9a891ecf2d54765bced31798e1c962307f2f9e,cached,True,blocked_pending_explicit_permission,https://www.pbs.gov.au/info/general/copyright,True,https://www.pbs.gov.au/publication/schedule/2025/05/2025-05-01-general-soc.pdf,au_pbs_archive_2025_05_01_0d5f72348995,exact_digest_match
0,[],[],au_pbs_archive_0d697aac11057d87,NIBD66CT4VVATME4IJBYZOGWS7W7M25E,1660b54112a4403317716436c72ca29469447ef370efdfb34f6fee7b63369440,cached,True,blocked_pending_explicit_permission,https://www.pbs.gov.au/info/general/copyright,False,https://www.pbs.gov.au/publication/schedule/2016/02/2016-02-01-efc-schedule.pdf,au_pbs_archive_2016_02_01_0d697aac1105,no_archive_capture
1,"[""IM65F3Y2D3RPLYBUQ5GTXMV3GBC3SAFC""]","[""20210213011939""]",au_pbs_archive_0de7956b42c8546c,IM65F3Y2D3RPLYBUQ5GTXMV3GBC3SAFC,c3d7209c71fa950172c1aaa878390f0855eaf081bdc67def1f3e1c309878b941,cached,True,blocked_pending_explicit_permission,https://www.pbs.gov.au/info/general/copyright,True,https://www.pbs.gov.au/publication/schedule/2021/02/2021-02-01-general-soc.pdf,au_pbs_archive_2021_02_01_0de7956b42c8,exact_digest_match
0,[],[],au_pbs_archive_0e079a74bc3b2c63,XJQFZFFKQAIFQ2RWQVG4X5MPGCZ6BQS3,441400dad62148830af40136379a6191a016da7b4250823df23b37511a00e552,cached,True,blocked_pending_explicit_permission,https://www.pbs.gov.au/info/general/copyright,False,https://www.pbs.gov.au/publication/schedule/2009/2009-06-01-general-schedule-soc.pdf,au_pbs_archive_2009_06_01_0e079a74bc3b,no_archive_capture
1,"[""QYZQFFEOTKJ7MURHH2EEPSDBPWAACHJQ""]","[""20250323153058""]",au_pbs_archive_0e3c6d3e0e979a20,QYZQFFEOTKJ7MURHH2EEPSDBPWAACHJQ,b8de650cbe99f3ed8c098944a793582175dfca1f41da12495179bb44cc2c2544,cached,True,blocked_pending_explicit_permission,https://www.pbs.gov.au/info/general/copyright,True,https://www.pbs.gov.au/publication/schedule/2025/01/2025-01-01-efc-schedule.pdf,au_pbs_archive_2025_01_01_0e3c6d3e0e97,exact_digest_match
1,"[""UH7OVIBZQG3MUIRBEFIPT27MFGDDNSOF""]","[""20200322104853""]",au_pbs_archive_0e72b97fd671b582,UH7OVIBZQG3MUIRBEFIPT27MFGDDNSOF,f9162a214fa38e8b9161f141a5506868c7b45184e69cbc2fff0264ed9e36e46b,cached,True,blocked_pending_explicit_permission,https://www.pbs.gov.au/info/general/copyright,True,https://www.pbs.gov.au/publication/schedule/2019/11/2019-11-01-general-soc.pdf,au_pbs_archive_2019_11_01_0e72b97fd671,exact_digest_match
0,[],[],au_pbs_archive_0e7b9b845b8feb95,GWFTIBC5GEOKJIFP3TT64VTDBHFSR35E,af4e9cb6004bd2de28fea916cc1f7711210bc6939b41da4f27e0d8b8152b4140,cached,True,blocked_pending_explicit_permission,https://www.pbs.gov.au/info/general/copyright,False,https://www.pbs.gov.au/publication/schedule/2007/2007-05-01-general-schedule-soc.pdf,au_pbs_archive_2007_05_01_0e7b9b845b8f,no_archive_capture
0,[],[],au_pbs_archive_0eb106b60d7d6b00,FRNHGPVEJDWK7SOIFEV36ZW2YK6CGCNU,c8219a546b3772c3581f4937ddc8f61a062de727dff950d4257697534f90677b,cached,True,blocked_pending_explicit_permission,https://www.pbs.gov.au/info/general/copyright,False,https://www.pbs.gov.au/publication/schedule/2016/02/2016-02-01-general-schedule-soc.pdf,au_pbs_archive_2016_02_01_0eb106b60d7d,no_archive_capture
0,[],[],au_pbs_archive_0f60ee726bf7700c,LQNN7RQMQWR5HCDEDJER47BO7TXDT54I,9a29630661de435254a4bac4aa7d0c89f576db0fdd68748619858322ea181a4f,cached,True,blocked_pending_explicit_permission,https://www.pbs.gov.au/info/general/copyright,False,https://www.pbs.gov.au/publication/schedule/2013/01/2013-01-01-errata-general-schedule.pdf,au_pbs_archive_2013_01_01_0f60ee726bf7,no_archive_capture
1,"[""I3KZIPMV7CLJYJGTP5MHORJF4DOAAF22""]","[""20120227081300""]",au_pbs_archive_0faded079bd22a9a,I3KZIPMV7CLJYJGTP5MHORJF4DOAAF22,5547a4a9199d0c42008cef3be40eb3abc4382299181516affabc3f70ddd76aed,cached,True,blocked_pending_explicit_permission,https://www.pbs.gov.au/info/general/copyright,True,https://www.pbs.gov.au/publication/schedule/2012/01/2012-01-01-dental-book.pdf,au_pbs_archive_2012_01_01_0faded079bd2,exact_digest_match
1,"[""BIA4RBD7APWZZWSAQI5U6VS33QFQXNJU""]","[""20120227124021""]",au_pbs_archive_0fed17b13d29d43d,BIA4RBD7APWZZWSAQI5U6VS33QFQXNJU,50fcfb8a52f8b34e009c3791e883077795fac700c9534829b113dc9d306d4783,cached,True,blocked_pending_explicit_permission,https://www.pbs.gov.au/info/general/copyright,True,https://www.pbs.gov.au/publication/schedule/2011/06/2011-06-01-general-schedule-SOC.pdf,au_pbs_archive_2011_06_01_0fed17b13d29,exact_digest_match
1,"[""NDCXGCL2BC2VMSEFIKM55H2LXM6BURVB""]","[""20190409050021""]",au_pbs_archive_0fefb4dbe87a8452,NDCXGCL2BC2VMSEFIKM55H2LXM6BURVB,777562b6a5516d97dfaa94aeae38f8ec3bb78d145d1a4847e0caaf2e8827d783,cached,True,blocked_pending_explicit_permission,https://www.pbs.gov.au/info/general/copyright,True,https://www.pbs.gov.au/publication/schedule/2018/05/2018-05-01-efc-schedule.pdf,au_pbs_archive_2018_05_01_0fefb4dbe87a,exact_digest_match
1,"[""TWMB4NXVOIFPTESC7IV62Y4JSKW3OR2R""]","[""20130423221221""]",au_pbs_archive_102f4e818a3bea18,TWMB4NXVOIFPTESC7IV62Y4JSKW3OR2R,f43169f9c56328cb9adec27a86743499889563a46c9c9b3a3c5d9bfb63056e47,cached,True,blocked_pending_explicit_permission,https://www.pbs.gov.au/info/general/copyright,True,https://www.pbs.gov.au/publication/schedule/2012/10/2012-10-01-general-schedule.pdf,au_pbs_archive_2012_10_01_102f4e818a3b,exact_digest_match
0,[],[],au_pbs_archive_10ffb312965e515f,SGXK3ENJVS6OPSKOXXJBYQVZHYKLE4JO,46ea1761052c714e4f480278faa63f784007ffeef9182db1a990e1519ffdb125,cached,True,blocked_pending_explicit_permission,https://www.pbs.gov.au/info/general/copyright,False,https://www.pbs.gov.au/publication/schedule/2008/2008-09-01-general-schedule-soc.pdf,au_pbs_archive_2008_09_01_10ffb312965e,no_archive_capture
1,"[""6RA2OAYFWA73YSDMVYOGWGRZ5N5THMGK""]","[""20180414094454""]",au_pbs_archive_11050d9ef5b93b05,6RA2OAYFWA73YSDMVYOGWGRZ5N5THMGK,b573d1000c8eb223a36372a5df05ed2c6d8e6b963e2ae8bda3ef79cbd4cba534,cached,True,blocked_pending_explicit_permission,https://www.pbs.gov.au/info/general/copyright,True,https://www.pbs.gov.au/publication/schedule/2017/09/2017-09-01-errata.pdf,au_pbs_archive_2017_09_01_11050d9ef5b9,exact_digest_match
0,[],[],au_pbs_archive_115cdf30f4bd0347,6ZSME3ECMVX476XRLVWMOWLP4YKX2IYN,813b19e5cbf7df5b114aa6d6750ba26e66dda7b9796354064078b12ec391f5b5,cached,True,blocked_pending_explicit_permission,https://www.pbs.gov.au/info/general/copyright,False,https://www.pbs.gov.au/publication/schedule/2007/2007-09-01-dental-book.pdf,au_pbs_archive_2007_09_01_115cdf30f4bd,no_archive_capture
1,"[""LEE2DTKJX64VTDU74LQ7ZDNFREREWWIZ""]","[""20160312094925""]",au_pbs_archive_11b4702e3c29e379,LEE2DTKJX64VTDU74LQ7ZDNFREREWWIZ,a1a754638d7f618fd516a8aaee22ce5846603df944b85ac0742597144fa0a9df,cached,True,blocked_pending_explicit_permission,https://www.pbs.gov.au/info/general/copyright,True,https://www.pbs.gov.au/publication/schedule/2015/11/2015-11-01-errata.pdf,au_pbs_archive_2015_11_01_11b4702e3c29,exact_digest_match
0,[],[],au_pbs_archive_122d9ff5faf36278,3CSYRS2RNXH2PV77XWCIEAG2O4QBFCZ7,d63e6e636da8d9efb361e75353b7ec793f708694e4d374c35b8d0bfb326dd4d9,cached,True,blocked_pending_explicit_permission,https://www.pbs.gov.au/info/general/copyright,False,https://www.pbs.gov.au/publication/schedule/2009/2009-05-01-general-schedule.pdf,au_pbs_archive_2009_05_01_122d9ff5faf3,no_archive_capture
0,[],[],au_pbs_archive_126c7b4c047ee468,R4UJRPQ52B75LT7UJNESHO4YY5VDGE6X,5e82ec9586a9d27df1e77294b3f885efd7bac3533dcb8a4c424057390a723ccb,cached,True,blocked_pending_explicit_permission,https://www.pbs.gov.au/info/general/copyright,False,https://www.pbs.gov.au/publication/schedule/2009/2009-07-01-general-schedule.pdf,au_pbs_archive_2009_07_01_126c7b4c047e,no_archive_capture
1,"[""X6ETPTFWZZADKFZ5KI2KMYSZXQEODYKS""]","[""20240614060711""]",au_pbs_archive_128ff7b27741f720,X6ETPTFWZZADKFZ5KI2KMYSZXQEODYKS,32e5613a870f0aaa52c301631362a43ee7998d3aaca65f7d39e3e580972d0138,cached,True,blocked_pending_explicit_permission,https://www.pbs.gov.au/info/general/copyright,True,https://www.pbs.gov.au/publication/schedule/2024/05/2024-05-01-general-soc.pdf,au_pbs_archive_2024_05_01_128ff7b27741,exact_digest_match
1,"[""ITL5NEMQDSIGU53TE7O45PBQQ4YHSMBU""]","[""20211012063119""]",au_pbs_archive_12ba6b1b588706ac,ITL5NEMQDSIGU53TE7O45PBQQ4YHSMBU,f2dee3345f0425628cae5f9c0c486566cae45f4a40fe473d6267447f74deabd3,cached,True,blocked_pending_explicit_permission,https://www.pbs.gov.au/info/general/copyright,True,https://www.pbs.gov.au/publication/schedule/2020/06/2020-06-01-efc-schedule.pdf,au_pbs_archive_2020_06_01_12ba6b1b5887,exact_digest_match
1,"[""DYMYU7BMEQ2FOWD4R5SBAWZ7S62F3F7I""]","[""20170321151239""]",au_pbs_archive_12be838c0437bfce,DYMYU7BMEQ2FOWD4R5SBAWZ7S62F3F7I,8f5576c9062b72a53e0bd466a7b093189ce8790b0006ad1a5e95b80ff9bdc839,cached,True,blocked_pending_explicit_permission,https://www.pbs.gov.au/info/general/copyright,True,https://www.pbs.gov.au/publication/schedule/2016/05/2016-05-01-general-schedule.pdf,au_pbs_archive_2016_05_01_12be838c0437,exact_digest_match
1,"[""KI6OORMFDUGX4WCSXUNQTL34RGMXZNIX""]","[""20130423222532""]",au_pbs_archive_12c98ba53776a924,KI6OORMFDUGX4WCSXUNQTL34RGMXZNIX,18dadec7e27b42ce0c67ae3c85c0a15dcd9fc8f54e3dd0817f6f817f12a78eb9,cached,True,blocked_pending_explicit_permission,https://www.pbs.gov.au/info/general/copyright,True,https://www.pbs.gov.au/publication/schedule/2012/05/2012-05-01-general-schedule-SOC.pdf,au_pbs_archive_2012_05_01_12c98ba53776,exact_digest_match
2,"[""CLDGMO7J4AGSW6WSLIXK7CJXEQMOBNXK"", ""HU67UHQVWNEXBIISEWEST3NQTUCHDBOS""]","[""20140208050727"", ""20140211213739""]",au_pbs_archive_12dae6cff93a1dba,HU67UHQVWNEXBIISEWEST3NQTUCHDBOS,f694fac7edb72e565d6429c8d23df05570b8884f6ae357d69eed9bb9368ea164,cached,True,blocked_pending_explicit_permission,https://www.pbs.gov.au/info/general/copyright,True,https://www.pbs.gov.au/publication/schedule/2009/2009-01-01-general-schedule-soc.pdf,au_pbs_archive_2009_01_01_12dae6cff93a,exact_digest_match
0,[],[],au_pbs_archive_1334cd9913d40214,2RWWZX463WW6O4ESKBB3CONGSUHM6ZQQ,1327b18305c9c10afce693c43f9e1dec0ed56d03ba9d0a77f05d7078282cc0eb,cached,True,blocked_pending_explicit_permission,https://www.pbs.gov.au/info/general/copyright,False,https://www.pbs.gov.au/publication/schedule/2013/04/2013-04-01-general-schedule.pdf,au_pbs_archive_2013_04_01_1334cd9913d4,no_archive_capture
1,"[""N5RGWMG3R75GQH5JEFYGBVJ2WLTFI73P""]","[""20220320190401""]",au_pbs_archive_13531e09ec74f966,N5RGWMG3R75GQH5JEFYGBVJ2WLTFI73P,49e262e315d106f7793dbfc0927358ab2515c37c17e99c48cd8dcfea4621fc56,cached,True,blocked_pending_explicit_permission,https://www.pbs.gov.au/info/general/copyright,True,https://www.pbs.gov.au/publication/schedule/2022/03/2022-03-01-efc-schedule.pdf,au_pbs_archive_2022_03_01_13531e09ec74,exact_digest_match
1,"[""43OGQIUIKHU3QWARWBVTRPNYZP2UIEWS""]","[""20180414093131""]",au_pbs_archive_135802cc189bce2d,43OGQIUIKHU3QWARWBVTRPNYZP2UIEWS,37f23676023f1e99d64e86ca4fb3320884280cc7ee7a1dc5fb10e498cba700bd,cached,True,blocked_pending_explicit_permission,https://www.pbs.gov.au/info/general/copyright,True,https://www.pbs.gov.au/publication/schedule/2017/11/2017-11-01-general-soc.pdf,au_pbs_archive_2017_11_01_135802cc189b,exact_digest_match
1,"[""HQYT6ADWWN7F5JROZDWGK7VUB2EHDWOI""]","[""20211012063124""]",au_pbs_archive_137327658e125dbc,HQYT6ADWWN7F5JROZDWGK7VUB2EHDWOI,d69a1c39ba53b9729be4fe763c74150fca1abfecd7991db55d89f92a95862d8e,cached,True,blocked_pending_explicit_permission,https://www.pbs.gov.au/info/general/copyright,True,https://www.pbs.gov.au/publication/schedule/2021/07/2021-07-01-efc-schedule.pdf,au_pbs_archive_2021_07_01_137327658e12,exact_digest_match
1,"[""Y6WJHN4TYZN4TQ53LSOVHLRD7DROOF2J""]","[""20211012063232""]",au_pbs_archive_13ab7e20c8378efa,Y6WJHN4TYZN4TQ53LSOVHLRD7DROOF2J,c444f913047b7114ce5302427dab74784e8985d0c3878833722089a4019f0699,cached,True,blocked_pending_explicit_permission,https://www.pbs.gov.au/info/general/copyright,True,https://www.pbs.gov.au/publication/schedule/2020/12/2020-12-01-general-schedule-volume-1.pdf,au_pbs_archive_2020_12_01_13ab7e20c837,exact_digest_match
1,"[""S2426BP42BZUDU4HDPDM4JVMJMKCMSX2""]","[""20200227104246""]",au_pbs_archive_148ef9dc26f0cc48,S2426BP42BZUDU4HDPDM4JVMJMKCMSX2,b988aa4bd0c4adb0bc2045103d778dcdd355720bc1d217bf5754da9e70443f37,cached,True,blocked_pending_explicit_permission,https://www.pbs.gov.au/info/general/copyright,True,https://www.pbs.gov.au/publication/schedule/2020/02/2020-02-01-general-schedule-volume-2.pdf,au_pbs_archive_2020_02_01_148ef9dc26f0,exact_digest_match
1,"[""FHIMSDRXFFIYEMFKLXP7JYY73NIY64KJ""]","[""20140211195134""]",au_pbs_archive_155d909621cbd582,FHIMSDRXFFIYEMFKLXP7JYY73NIY64KJ,900a3c1f08205a939cca7140e4b567e3bb14d5e82165c67b87ff638c70371808,cached,True,blocked_pending_explicit_permission,https://www.pbs.gov.au/info/general/copyright,True,https://www.pbs.gov.au/publication/schedule/2014/02/2014-02-01-general-schedule.pdf,au_pbs_archive_2014_02_01_155d909621cb,exact_digest_match
0,[],[],au_pbs_archive_156533a9c0d77dc3,NU3TC6SINFW66KBQFLJHQCC2HRUKUAEO,ae82ac7db48e928de8be5138e38cd110d95617def90ab1ffd847ac53393938e8,cached,True,blocked_pending_explicit_permission,https://www.pbs.gov.au/info/general/copyright,False,https://www.pbs.gov.au/publication/schedule/2010/2010-09-01-general-schedule-SOC.pdf,au_pbs_archive_2010_09_01_156533a9c0d7,no_archive_capture
1,"[""CRKINV4JN5GYMF3OQDW3PU2MTP7CAG24""]","[""20180414090202""]",au_pbs_archive_15c51b656322b065,CRKINV4JN5GYMF3OQDW3PU2MTP7CAG24,ba860e52cbdf5f637c9315a3489aedfdd76ad7a4c981d2e540e6570cfebbd47a,cached,True,blocked_pending_explicit_permission,https://www.pbs.gov.au/info/general/copyright,True,https://www.pbs.gov.au/publication/schedule/2018/02/2018-02-01-efc-schedule.pdf,au_pbs_archive_2018_02_01_15c51b656322,exact_digest_match
1,"[""AYX5D27RUMYEQOSFBLFFFUCV3CHS4XIX""]","[""20180414095518""]",au_pbs_archive_160b25248c8c41e3,AYX5D27RUMYEQOSFBLFFFUCV3CHS4XIX,359498c52f09920ac87c14ad4fffcae01893cbe36d1697328d06e2bd7040df32,cached,True,blocked_pending_explicit_permission,https://www.pbs.gov.au/info/general/copyright,True,https://www.pbs.gov.au/publication/schedule/2017/08/2017-08-01-efc-schedule.pdf,au_pbs_archive_2017_08_01_160b25248c8c,exact_digest_match
1,"[""I2HEZBEO4FBYOIKQ6K2G33PFBJSMMWV2""]","[""20120227125924""]",au_pbs_archive_1661034bad262679,I2HEZBEO4FBYOIKQ6K2G33PFBJSMMWV2,25a1faa408e4219c6f8a1dbe48f2c1f137d7d77348bebfd13a162bf2fb196abe,cached,True,blocked_pending_explicit_permission,https://www.pbs.gov.au/info/general/copyright,True,https://www.pbs.gov.au/publication/schedule/2011/05/2011-05-01-dental-book.pdf,au_pbs_archive_2011_05_01_1661034bad26,exact_digest_match
0,[],[],au_pbs_archive_16786fa387db0600,SRHZFM75G4FEMERRMXFH5PKSD3H7OARO,ad16cbceafcb1fd4426820f05656364d8492854e767b8d0793dccc5a350b396a,cached,True,blocked_pending_explicit_permission,https://www.pbs.gov.au/info/general/copyright,False,https://www.pbs.gov.au/publication/schedule/2010/2010-02-01-dental-book-soc.pdf,au_pbs_archive_2010_02_01_16786fa387db,no_archive_capture
1,"[""E5PBLCQYVRDTHW7DMYNXTU544KAEHCFA""]","[""20251125055626""]",au_pbs_archive_167de91660aa0bfe,E5PBLCQYVRDTHW7DMYNXTU544KAEHCFA,0516ee7c5053e72c8d859b739f04679d5b88ab4471fe23ac0634822b680288b4,cached,True,blocked_pending_explicit_permission,https://www.pbs.gov.au/info/general/copyright,True,https://www.pbs.gov.au/publication/schedule/2025/09/Addendum-1-September-2025-Benzathine-benzylpenicillin.pdf,au_pbs_archive_unknown_167de91660aa,exact_digest_match
0,[],[],au_pbs_archive_16864839c46c2faa,JZ2LJIOHILH4VESYVW3K7MTL2QDX6AXP,0f0ff054445ba6eee110cf2d48d149a2f099f808adc43e6f89f9f9340eb0b74b,cached,True,blocked_pending_explicit_permission,https://www.pbs.gov.au/info/general/copyright,False,https://www.pbs.gov.au/publication/schedule/2008/2008-12-01-general-schedule-soc.pdf,au_pbs_archive_2008_12_01_16864839c46c,no_archive_capture
0,[],[],au_pbs_archive_16c063bcf9488884,VEWC3NY4PY5T4QOVABWKAH7Q52HGT2SP,b9f5bb6aea1f6e09465f4cdc2e96ee29df2200daf81fa3e201e02a537300fb96,cached,True,blocked_pending_explicit_permission,https://www.pbs.gov.au/info/general/copyright,False,https://www.pbs.gov.au/publication/schedule/2020/07/2020-07-01-general-schedule-volume-1.pdf,au_pbs_archive_2020_07_01_16c063bcf948,no_archive_capture
1,"[""WNOI33JJNDRI2UNKG3HJRSBQG6GPJWFV""]","[""20180414093753""]",au_pbs_archive_16c58bfe47de24b3,WNOI33JJNDRI2UNKG3HJRSBQG6GPJWFV,af1aaeababb75519be5a0204bea22e4f5cd563559b8bd22c3ad926a43fddd475,cached,True,blocked_pending_explicit_permission,https://www.pbs.gov.au/info/general/copyright,True,https://www.pbs.gov.au/publication/schedule/2017/11/2017-11-01-efc-schedule.pdf,au_pbs_archive_2017_11_01_16c58bfe47de,exact_digest_match
1,"[""ITZ7U4C4M2S7YIA3A77BLYAYJSXYIMVD""]","[""20250323152436""]",au_pbs_archive_16d0abd2afcf35ea,ITZ7U4C4M2S7YIA3A77BLYAYJSXYIMVD,a5a0f1c1b8166784474b3eb44d55dbeab55ffe003ea3325515bfc442cb187ddd,cached,True,blocked_pending_explicit_permission,https://www.pbs.gov.au/info/general/copyright,True,https://www.pbs.gov.au/publication/schedule/2025/01/2025-01-01-general-soc.pdf,au_pbs_archive_2025_01_01_16d0abd2afcf,exact_digest_match
2,"[""NRO7Q3Y4BSKV2VLPMOMEY4KCKXAFCEQ4"", ""RE5PAMQPYOMU4YPIVOFEHDVPXUHYF7BL""]","[""20190413091010"", ""20200325205423""]",au_pbs_archive_16f13f6a87fe913a,NRO7Q3Y4BSKV2VLPMOMEY4KCKXAFCEQ4,a9a2cccfcfdcc9fad86e92b540aa3daa05f3b9938f2ff6157960d0febd932768,cached,True,blocked_pending_explicit_permission,https://www.pbs.gov.au/info/general/copyright,True,https://www.pbs.gov.au/publication/schedule/2010/2010-02-01-general-schedule.pdf,au_pbs_archive_2010_02_01_16f13f6a87fe,exact_digest_match
0,[],[],au_pbs_archive_16f53fd3af1b2c3b,KZGVUFL7AQG43JGYSXCKZB5VZXPJ34A5,3287eaa158597dca500fb5cc13dbad2e30031116eabf2181fd5dc3eb3b8d9c0e,cached,True,blocked_pending_explicit_permission,https://www.pbs.gov.au/info/general/copyright,False,https://www.pbs.gov.au/publication/schedule/2008/2008-02-01-dental-book-soc.pdf,au_pbs_archive_2008_02_01_16f53fd3af1b,no_archive_capture
0,[],[],au_pbs_archive_16f5807a9033f505,K4QIK7XJ74Q2TAFFEB35V6PZUFLSUGQB,3b99092358470fa0532366e4b3fac0fe722d7a088df6e5de5c872aceb2700a5a,cached,True,blocked_pending_explicit_permission,https://www.pbs.gov.au/info/general/copyright,False,https://www.pbs.gov.au/publication/schedule/2014/07/2014-07-01-general-schedule.pdf,au_pbs_archive_2014_07_01_16f5807a9033,no_archive_capture
1,"[""UYZHERS4HGY5AI34ZQ5SDPPV475UZI2P""]","[""20170321145733""]",au_pbs_archive_16ff416cf2e55c62,UYZHERS4HGY5AI34ZQ5SDPPV475UZI2P,9d8bb9b2ff9e78af20807242059c660c9199c47126c05503942db06067f8abdb,cached,True,blocked_pending_explicit_permission,https://www.pbs.gov.au/info/general/copyright,True,https://www.pbs.gov.au/publication/schedule/2016/07/2016-07-01-general-soc.pdf,au_pbs_archive_2016_07_01_16ff416cf2e5,exact_digest_match
1,"[""VQ2GS4MJXEYEND5DEJBI6R573VVYXXKV""]","[""20211012063159""]",au_pbs_archive_175ab4a966144386,VQ2GS4MJXEYEND5DEJBI6R573VVYXXKV,b6e5288a0f10a2bb367fdc302050a28c135a5dfec15dd7053a031bcf9baf522a,cached,True,blocked_pending_explicit_permission,https://www.pbs.gov.au/info/general/copyright,True,https://www.pbs.gov.au/publication/schedule/2021/02/2021-02-01-efc-schedule.pdf,au_pbs_archive_2021_02_01_175ab4a96614,exact_digest_match
1,"[""4GPTERWUBLW55MD7VR3NPAAQBSVEI666""]","[""20211012063341""]",au_pbs_archive_17be7f0bdb71fd57,4GPTERWUBLW55MD7VR3NPAAQBSVEI666,16963660cedc42e650ddd7552151aba4c70366cb92696eb5020713c641a24827,cached,True,blocked_pending_explicit_permission,https://www.pbs.gov.au/info/general/copyright,True,https://www.pbs.gov.au/publication/schedule/2021/09/2021-09-01-efc-schedule.pdf,au_pbs_archive_2021_09_01_17be7f0bdb71,exact_digest_match
1,"[""7AJHPZNFGWJYYZAV36O42H5DYUFGUUQD""]","[""20150303082137""]",au_pbs_archive_17ddcf3cc7d0253d,7AJHPZNFGWJYYZAV36O42H5DYUFGUUQD,e74db303de990bb589ec750007c474e1cdbeb41a0e8dd1ebd9eb5128781c3723,cached,True,blocked_pending_explicit_permission,https://www.pbs.gov.au/info/general/copyright,True,https://www.pbs.gov.au/publication/schedule/2014/09/2014-09-01-errata.pdf,au_pbs_archive_2014_09_01_17ddcf3cc7d0,exact_digest_match
1,"[""XAGOEZCMM3A5JNYR3OO6ALIZC577WFRN""]","[""20230310024406""]",au_pbs_archive_18188257b68aee88,XAGOEZCMM3A5JNYR3OO6ALIZC577WFRN,bd0ff6d246a939191b7971e652c6424a7f3cf9ec8ec4fbf237958907535a9a41,cached,True,blocked_pending_explicit_permission,https://www.pbs.gov.au/info/general/copyright,True,https://www.pbs.gov.au/publication/schedule/2023/02/2023-02-01-efc-schedule.pdf,au_pbs_archive_2023_02_01_18188257b68a,exact_digest_match
0,[],[],au_pbs_archive_182bc4d5df108fcb,RYVQ5YMLVIPSXJ5IGRT4LSWVX4CUR34B,c95dedd40434cb5637de553430beb9447cf241b5f8468b723902ab90e572599e,cached,True,blocked_pending_explicit_permission,https://www.pbs.gov.au/info/general/copyright,False,https://www.pbs.gov.au/publication/schedule/1951-2002/1986-11-01-consolidated-schedules.pdf,au_pbs_archive_1986_11_01_182bc4d5df10,no_archive_capture
0,[],[],au_pbs_archive_187253ec6afd27ec,BUDL5TJ3JOJONAXPRVRYFFY3EIKRJEES,16fab69616f012c77dd8786a6cd2437a1192e7f4938c7d2d605bdc28b3ce85e9,cached,True,blocked_pending_explicit_permission,https://www.pbs.gov.au/info/general/copyright,False,https://www.pbs.gov.au/publication/schedule/2005/2005-12-01-general-schedule.pdf,au_pbs_archive_2005_12_01_187253ec6afd,no_archive_capture
1,"[""BVVS4PQFNTCCSJZ6TIAZVMX5CCA23K6F""]","[""20200322111720""]",au_pbs_archive_189f3be64f19b174,BVVS4PQFNTCCSJZ6TIAZVMX5CCA23K6F,7820fcc93511f6f97174bb4a49e251771cffa10c992aee9c018a8d30df2a1d94,cached,True,blocked_pending_explicit_permission,https://www.pbs.gov.au/info/general/copyright,True,https://www.pbs.gov.au/publication/schedule/2019/07/2019-07-01-general-soc.pdf,au_pbs_archive_2019_07_01_189f3be64f19,exact_digest_match
0,[],[],au_pbs_archive_18b197b90b7dc609,YE457NCVG3VUTXDQVKUMGI56ECUJPTQO,e5b911255260c3bfdeac5175eb7b05ed83ac350d2af671e3a969e006afb4377d,cached,True,blocked_pending_explicit_permission,https://www.pbs.gov.au/info/general/copyright,False,https://www.pbs.gov.au/publication/schedule/2010/2010-06-01--chemotherapy-booklet.pdf,au_pbs_archive_2010_06_01_18b197b90b7d,no_archive_capture
1,"[""PJE6SHNK34BZUKFRRLA2Z24B4S3KC75Q""]","[""20170623065759""]",au_pbs_archive_18c579dbbe48ba3b,PJE6SHNK34BZUKFRRLA2Z24B4S3KC75Q,18d16dd5ab7a33ae3b2558582d80309eaf9883989113daa54c884bd85cbf2ccf,cached,True,blocked_pending_explicit_permission,https://www.pbs.gov.au/info/general/copyright,True,https://www.pbs.gov.au/publication/schedule/2017/06/2017-06-01-efc-schedule.pdf,au_pbs_archive_2017_06_01_18c579dbbe48,exact_digest_match
1,"[""2U5J3A37OKY4RGYRDNKZ6GOK75JJLOJC""]","[""20211012063114""]",au_pbs_archive_190be49469e17f83,2U5J3A37OKY4RGYRDNKZ6GOK75JJLOJC,50d3323b56c7d93881b17ffe91fead84492ccb7562ea6c3529eccc7b83381ec9,cached,True,blocked_pending_explicit_permission,https://www.pbs.gov.au/info/general/copyright,True,https://www.pbs.gov.au/publication/schedule/2020/04/2020-04-01-general-schedule-volume-2.pdf,au_pbs_archive_2020_04_01_190be49469e1,exact_digest_match
1,"[""2ARNLDKYBTFFMU5CQCLUSYZ7223LIZTU""]","[""20211012063241""]",au_pbs_archive_192cbeec289b91bf,2ARNLDKYBTFFMU5CQCLUSYZ7223LIZTU,dbd19e64719c3171aa28e8f740fde231d3c0db3b9e67a6cc2e805e0f330ccfac,cached,True,blocked_pending_explicit_permission,https://www.pbs.gov.au/info/general/copyright,True,https://www.pbs.gov.au/publication/schedule/2021/05/2021-05-01-general-schedule-volume-2.pdf,au_pbs_archive_2021_05_01_192cbeec289b,exact_digest_match
1,"[""RJ7RATAQNWUSHQMC2U2LBHDWAPO2Z3FW""]","[""20221116172007""]",au_pbs_archive_19f173de86aa0b2d,RJ7RATAQNWUSHQMC2U2LBHDWAPO2Z3FW,ff538a36d05d28514504b7d886bf5e04e3435670c2ca6b2b2e565b986e24d34b,cached,True,blocked_pending_explicit_permission,https://www.pbs.gov.au/info/general/copyright,True,https://www.pbs.gov.au/publication/schedule/2022/05/2022-05-01-efc-schedule.pdf,au_pbs_archive_2022_05_01_19f173de86aa,exact_digest_match
0,[],[],au_pbs_archive_1a01cc8f5e82214f,BFLML4J6KHLRU35M63DDRK6FPEDXAND4,80882695b3d5069ff0dea89f073fa4fa423710c6872ef1f9fb4c5e5ee07b1908,cached,True,blocked_pending_explicit_permission,https://www.pbs.gov.au/info/general/copyright,False,https://www.pbs.gov.au/publication/schedule/1951-2002/1963-02-01-consolidated-schedules.pdf,au_pbs_archive_1963_02_01_1a01cc8f5e82,no_archive_capture
0,[],[],au_pbs_archive_1aeb10fffe4ae862,BS2ZVV3M5JSAEKSQ7LLVPBCJ2UOA7OA6,e81be60d0146c63aaa8f2f81a1cc8f0d6d88c9062e16b6f1950c217a6d95f888,cached,True,blocked_pending_explicit_permission,https://www.pbs.gov.au/info/general/copyright,False,https://www.pbs.gov.au/publication/schedule/2008/2008-08-01-dental-book.pdf,au_pbs_archive_2008_08_01_1aeb10fffe4a,no_archive_capture
0,[],[],au_pbs_archive_1b5747cbb43947cf,2MHKRLRU3AVXDWYXLDIPPP3CEKBJOE3G,0bfa7f37573ae1b8c556af604d95480720ef30af6a53a9606d3c5386a8ae0e0f,cached,True,blocked_pending_explicit_permission,https://www.pbs.gov.au/info/general/copyright,False,https://www.pbs.gov.au/publication/schedule/2007/2007-09-01-dental-book-soc.pdf,au_pbs_archive_2007_09_01_1b5747cbb439,no_archive_capture
1,"[""XAJV57HAABBAGQ66TKYLFUTTOMYNIHV6""]","[""20200322105634""]",au_pbs_archive_1c71faccc92ed146,XAJV57HAABBAGQ66TKYLFUTTOMYNIHV6,159660efbf281bd28547731bea99c1055a606bc2f88f7ffeacf425bdcf485016,cached,True,blocked_pending_explicit_permission,https://www.pbs.gov.au/info/general/copyright,True,https://www.pbs.gov.au/publication/schedule/2019/10/2019-10-01-general-schedule-volume-1.pdf,au_pbs_archive_2019_10_01_1c71faccc92e,exact_digest_match
1,"[""ZOFOEOMSIDLNYNYI6UQHEXHW2Z76GI6S""]","[""20221116172308""]",au_pbs_archive_1d9c0949bd725c09,ZOFOEOMSIDLNYNYI6UQHEXHW2Z76GI6S,8624d6bd43100fae6251699f51d6851c18777791585168ea9a9e4a205af6f2a8,cached,True,blocked_pending_explicit_permission,https://www.pbs.gov.au/info/general/copyright,True,https://www.pbs.gov.au/publication/schedule/2022/04/2022-04-01-general-schedule-volume-2.pdf,au_pbs_archive_2022_04_01_1d9c0949bd72,exact_digest_match
1,"[""JCOKIW47AK2XW2TMYMMXMIAHVWWYAQJP""]","[""20240326203736""]",au_pbs_archive_1dc145a61f706389,JCOKIW47AK2XW2TMYMMXMIAHVWWYAQJP,efd760122b65676c61b9b82c26693d9ec0fed80958dff79c2b991f363f40e699,cached,True,blocked_pending_explicit_permission,https://www.pbs.gov.au/info/general/copyright,True,https://www.pbs.gov.au/publication/schedule/2024/03/2024-03-01-general-soc.pdf,au_pbs_archive_2024_03_01_1dc145a61f70,exact_digest_match
1,"[""ZSMXXGF6TKVCUXBQWPNA65L7U2ZETVZT""]","[""20211012063210""]",au_pbs_archive_1de84797200a53c2,ZSMXXGF6TKVCUXBQWPNA65L7U2ZETVZT,404af37873799cce1d081d75056be8b43ce448eeab8379077f64d18bd884a13f,cached,True,blocked_pending_explicit_permission,https://www.pbs.gov.au/info/general/copyright,True,https://www.pbs.gov.au/publication/schedule/2020/05/2020-05-01-general-soc.pdf,au_pbs_archive_2020_05_01_1de84797200a,exact_digest_match
1,"[""7NPDU5CUK6ZJCFRLEPIWRYADV47YH7MT""]","[""20130423155905""]",au_pbs_archive_1df90cd2e590c489,7NPDU5CUK6ZJCFRLEPIWRYADV47YH7MT,3b6dd929ca39efbf0b4bc2d422365236b3aadc621a70da88f59d4f9a3e4f9acb,cached,True,blocked_pending_explicit_permission,https://www.pbs.gov.au/info/general/copyright,True,https://www.pbs.gov.au/publication/schedule/2013/02/2013-02-01-addendum.pdf,au_pbs_archive_2013_02_01_1df90cd2e590,exact_digest_match
0,[],[],au_pbs_archive_1ed4be33183de4a1,FYIV5UYFQ6VQQABPLRQSE2CYVNQ6LXTW,b55059810b62c1639855d468e9a6d1f8518d47fb51ebecfcb8cfed4b4f98855d,cached,True,blocked_pending_explicit_permission,https://www.pbs.gov.au/info/general/copyright,False,https://www.pbs.gov.au/publication/schedule/1951-2002/1987-08-01-PBS-Schedule-Approved-Pharmacists.pdf,au_pbs_archive_1987_08_01_1ed4be33183d,no_archive_capture
0,[],[],au_pbs_archive_1edeb6a87ebfb310,SFURW33XQVPJOGKGQWYINJLOHOKXTW4L,816f43cfa881831c7682720019e939028234194c4139a9ececd7247ac4297fc9,cached,True,blocked_pending_explicit_permission,https://www.pbs.gov.au/info/general/copyright,False,https://www.pbs.gov.au/publication/schedule/2026/05/2026-05-01-efc-schedule.pdf,au_pbs_archive_2026_05_01_1edeb6a87ebf,no_archive_capture
1,"[""RCUNYN2D4MQGAIKMSLLHAD2E5BBHE4BX""]","[""20211012063146""]",au_pbs_archive_1f0dc68bee6267c6,RCUNYN2D4MQGAIKMSLLHAD2E5BBHE4BX,d73d7eaed18a6f2d76a74a7d26696b0926a34c1df0387aeb5a7360af0f5ceab6,cached,True,blocked_pending_explicit_permission,https://www.pbs.gov.au/info/general/copyright,True,https://www.pbs.gov.au/publication/schedule/2021/09/2021-09-01-general-schedule-volume-1.pdf,au_pbs_archive_2021_09_01_1f0dc68bee62,exact_digest_match
1,"[""JXYRL32DTXY4V2WILZJP7VUP4YSUWCEW""]","[""20130423155802""]",au_pbs_archive_1f554985f947a471,JXYRL32DTXY4V2WILZJP7VUP4YSUWCEW,3ea327bd5d57dc12eb9553b643bda0c2754df367f96bee4563e24d95f363e011,cached,True,blocked_pending_explicit_permission,https://www.pbs.gov.au/info/general/copyright,True,https://www.pbs.gov.au/publication/schedule/2013/03/2013-03-01-efc-summary-of-changes.pdf,au_pbs_archive_2013_03_01_1f554985f947,exact_digest_match
1,"[""ACOZ6GDECKJOB5FFJK5R6ZQHINMLP27D""]","[""20220120103622""]",au_pbs_archive_1f5f65a52345af8b,ACOZ6GDECKJOB5FFJK5R6ZQHINMLP27D,dbb7082da486ce3c42332ab83a50270193ddcca6c6a0d89b9a8f74a3f7e3523c,cached,True,blocked_pending_explicit_permission,https://www.pbs.gov.au/info/general/copyright,True,https://www.pbs.gov.au/publication/schedule/2021/11/2021-11-01-general-schedule-volume-1.pdf,au_pbs_archive_2021_11_01_1f5f65a52345,exact_digest_match
0,[],[],au_pbs_archive_1fd0c04184e74eab,VKZYLU2JKWZ72HPCKZAKUVOJK477VOZC,1d2afc85ce6bd2580caf7d1bbf2454c35c6a6339692729ee9b59d7ed7c7f61b8,cached,True,blocked_pending_explicit_permission,https://www.pbs.gov.au/info/general/copyright,False,https://www.pbs.gov.au/publication/schedule/2007/2007-01-01-dental-book-soc.pdf,au_pbs_archive_2007_01_01_1fd0c04184e7,no_archive_capture
0,[],[],au_pbs_archive_20069ea3a960d2a7,4ZYOTQPJ7MJFCEUH6MGAI3DTFSKKCYNP,1bf10c044f5d33f80bc59372de81d59df0cf599cd8498ebc59bca5f9202532b4,cached,True,blocked_pending_explicit_permission,https://www.pbs.gov.au/info/general/copyright,False,https://www.pbs.gov.au/publication/schedule/2010/2010-08-01-dental-book.pdf,au_pbs_archive_2010_08_01_20069ea3a960,no_archive_capture
1,"[""AYONL33P3PXM6X3D3R64L4ALIICB6U6Z""]","[""20200322105148""]",au_pbs_archive_204c74b119cdc8a6,AYONL33P3PXM6X3D3R64L4ALIICB6U6Z,4dc94874f571af8f0cdce962d8cbf41cb69a98470a4dd338941c9d77bc1b9969,cached,True,blocked_pending_explicit_permission,https://www.pbs.gov.au/info/general/copyright,True,https://www.pbs.gov.au/publication/schedule/2019/11/2019-11-01-general-schedule-volume-2.pdf,au_pbs_archive_2019_11_01_204c74b119cd,exact_digest_match
1,"[""YSCIAVM6STVJBG3I5PYTEZPXYK2V4226""]","[""20200322105925""]",au_pbs_archive_20b4e44bb5be3e7e,YSCIAVM6STVJBG3I5PYTEZPXYK2V4226,1640310d11a5a2164118ce01af7fdd2b1219232f95cb3bc1e21dad7730cfb84c,cached,True,blocked_pending_explicit_permission,https://www.pbs.gov.au/info/general/copyright,True,https://www.pbs.gov.au/publication/schedule/2019/10/2019-10-01-general-schedule-volume-2.pdf,au_pbs_archive_2019_10_01_20b4e44bb5be,exact_digest_match
0,[],[],au_pbs_archive_20bb7ae0381209da,ZTT3COFJBZQROQB6G3JAWCOVFQ7CTJNK,2302b8e730658fded3846f764583f0467ec53682f5521f680e47e1dce1c1df7b,cached,True,blocked_pending_explicit_permission,https://www.pbs.gov.au/info/general/copyright,False,https://www.pbs.gov.au/publication/schedule/2026/03/2026-03-01-general-soc.pdf,au_pbs_archive_2026_03_01_20bb7ae03812,no_archive_capture
1,"[""NYQB3V663RLCYBOFUBO75ZWOWG2OQFOS""]","[""20231106134032""]",au_pbs_archive_22de13bef3328fcf,NYQB3V663RLCYBOFUBO75ZWOWG2OQFOS,a310ffd2401990f71d29619f178f2c2323d774cb56a6ed832c20c8e39e499394,cached,True,blocked_pending_explicit_permission,https://www.pbs.gov.au/info/general/copyright,True,https://www.pbs.gov.au/publication/schedule/2023/07/2023-07-01-efc-schedule.pdf,au_pbs_archive_2023_07_01_22de13bef332,exact_digest_match
1,"[""Y4DPDBRGO6Z3SBC6Z7PKFNZL6COEVSZO""]","[""20190409044358""]",au_pbs_archive_231f9eaa6a4dcb93,Y4DPDBRGO6Z3SBC6Z7PKFNZL6COEVSZO,0ea760d7f9b1eb20cad10d2d7df8f5c713d8968665413e59627d7dd8c15d42c3,cached,True,blocked_pending_explicit_permission,https://www.pbs.gov.au/info/general/copyright,True,https://www.pbs.gov.au/publication/schedule/2018/08/2018-08-01-general-schedule.pdf,au_pbs_archive_2018_08_01_231f9eaa6a4d,exact_digest_match
0,[],[],au_pbs_archive_233ec153d299b8e1,5LQGSZHDFIMH7XLGDC4SELNVIIO7PP2H,19faee15e617b43c1a4b6c96396848c2f11999500cbb2be64e1d7732dcc29ba4,cached,True,blocked_pending_explicit_permission,https://www.pbs.gov.au/info/general/copyright,False,https://www.pbs.gov.au/publication/schedule/2007/2007-06-01-general-schedule-soc.pdf,au_pbs_archive_2007_06_01_233ec153d299,no_archive_capture
1,"[""BMJQSRRDP2J7I7OJ5L3SL6HPYOJJ6D6U""]","[""20150304093749""]",au_pbs_archive_234ada1ac508b0ab,BMJQSRRDP2J7I7OJ5L3SL6HPYOJJ6D6U,43d571d1b55bfd98b5a101813ced905d9d762af429791245b53c843d6d15df55,cached,True,blocked_pending_explicit_permission,https://www.pbs.gov.au/info/general/copyright,True,https://www.pbs.gov.au/publication/schedule/2014/04/2014-04-01-general-schedule.pdf,au_pbs_archive_2014_04_01_234ada1ac508,exact_digest_match
1,"[""PTYRJXYKF34FGFMTRMMFE3SCBQQ7N4BF""]","[""20190409045423""]",au_pbs_archive_2387363a96d22fa9,PTYRJXYKF34FGFMTRMMFE3SCBQQ7N4BF,83a923f46e55e56f861080804fd9a73fa1b6e5028b195059a8b3f2b5c54a11e3,cached,True,blocked_pending_explicit_permission,https://www.pbs.gov.au/info/general/copyright,True,https://www.pbs.gov.au/publication/schedule/2018/06/2018-06-01-general-schedule.pdf,au_pbs_archive_2018_06_01_2387363a96d2,exact_digest_match
0,[],[],au_pbs_archive_23bb3c80ebd22513,BGXWB6IWJJCJ65EE4BHU7RFT3WIQ44JK,ceebac5599c425008cf277933b0c9e3bce50c32c3b06ab0355c573dd110b5110,cached,True,blocked_pending_explicit_permission,https://www.pbs.gov.au/info/general/copyright,False,https://www.pbs.gov.au/publication/schedule/1951-2002/1996-11-01-PBS-Schedule.pdf,au_pbs_archive_1996_11_01_23bb3c80ebd2,no_archive_capture
1,"[""5U6QWIVOJOHACPZVNETY22FJUQLOZZAY""]","[""20140126044225""]",au_pbs_archive_23c00d60ae4d02b1,5U6QWIVOJOHACPZVNETY22FJUQLOZZAY,9165fc16373729b50691ce6c766c8bc5b6fb23e78199fc7a99ab1d4578a79587,cached,True,blocked_pending_explicit_permission,https://www.pbs.gov.au/info/general/copyright,True,https://www.pbs.gov.au/publication/schedule/2013/09/2013-09-01-general-schedule-soc.pdf,au_pbs_archive_2013_09_01_23c00d60ae4d,exact_digest_match
0,[],[],au_pbs_archive_24597ca350813942,AQCUPCNDO5KDZVHRYNLCCHCAQU535RJL,455c024ba0d5714ae68fecf3af01b170acb1d2c0ee60ad6eb7400288d3058bc8,cached,True,blocked_pending_explicit_permission,https://www.pbs.gov.au/info/general/copyright,False,https://www.pbs.gov.au/publication/schedule/1951-2002/1999-11-01-PBS-Schedule.pdf,au_pbs_archive_1999_11_01_24597ca35081,no_archive_capture
0,[],[],au_pbs_archive_2496d9256ae310db,HRUOVNYXE7XIPG3G75REGFV3YLDQ73PE,b9612e0a42c01d55169829ed168cc7e6c3e88f6f1d9be06b78f85c0be1c8eec5,cached,True,blocked_pending_explicit_permission,https://www.pbs.gov.au/info/general/copyright,False,https://www.pbs.gov.au/publication/schedule/2015/02/2015-02-01-general-schedule.pdf,au_pbs_archive_2015_02_01_2496d9256ae3,no_archive_capture
1,"[""VVEQSYIZI3SRYI3BD2BD7KEFGUX7QDW3""]","[""20150303081609""]",au_pbs_archive_24a73f17cf601ed0,VVEQSYIZI3SRYI3BD2BD7KEFGUX7QDW3,7bb380af9892edc3d1af925b1ba70499894574d70912cff1b60586dc5dae3ade,cached,True,blocked_pending_explicit_permission,https://www.pbs.gov.au/info/general/copyright,True,https://www.pbs.gov.au/publication/schedule/2014/12/2014-12-01-general-schedule.pdf,au_pbs_archive_2014_12_01_24a73f17cf60,exact_digest_match
1,"[""J2NNXAV2KS2FZ7UCAJNCIG3HD3XKABYS""]","[""20250323161652""]",au_pbs_archive_251d724ed00946c8,J2NNXAV2KS2FZ7UCAJNCIG3HD3XKABYS,73a32f7dc2303ce5dc050e33d6c5e42c65eb123013cfc158f0f78fcd9d14a554,cached,True,blocked_pending_explicit_permission,https://www.pbs.gov.au/info/general/copyright,True,https://www.pbs.gov.au/publication/schedule/2024/05/2024-05-01-general-schedule-volume-2.pdf,au_pbs_archive_2024_05_01_251d724ed009,exact_digest_match
1,"[""QA72BRRDJWKFQ3WD7O4FPSUJCUVP5ZQL""]","[""20170218222114""]",au_pbs_archive_251e21ea324fac29,QA72BRRDJWKFQ3WD7O4FPSUJCUVP5ZQL,bc9a72cf8cb432b2f2e47aeddd923fa4ac2b8386bf1796c18f60c4bc70a1283a,cached,True,blocked_pending_explicit_permission,https://www.pbs.gov.au/info/general/copyright,True,https://www.pbs.gov.au/publication/schedule/2017/02/2017-02-01-efc-schedule.pdf,au_pbs_archive_2017_02_01_251e21ea324f,exact_digest_match
0,[],[],au_pbs_archive_2617825bfe44fb7b,K5PJGQDMT5XVRHNNZMQIDA3SPHEXOYWE,a4df19cb7b8394221f18ed5d7ec05c2c32323227c86ee27608cf85cfde184f22,cached,True,blocked_pending_explicit_permission,https://www.pbs.gov.au/info/general/copyright,False,https://www.pbs.gov.au/publication/schedule/2008/2008-04-01-dental-book-soc.pdf,au_pbs_archive_2008_04_01_2617825bfe44,no_archive_capture
1,"[""HIYI32GBLNXATAW7OORBKOTLOOIDT64V""]","[""20150303082014""]",au_pbs_archive_2641a2b8dafa4374,HIYI32GBLNXATAW7OORBKOTLOOIDT64V,4f29cc55dca444415e9e2493d6ab3b661b1fa4801689589d827f1e9853672e69,cached,True,blocked_pending_explicit_permission,https://www.pbs.gov.au/info/general/copyright,True,https://www.pbs.gov.au/publication/schedule/2014/10/2014-10-01-general-schedule.pdf,au_pbs_archive_2014_10_01_2641a2b8dafa,exact_digest_match
1,"[""NYMAV6B3R2ENCPQTDCREOUMHJMHAHPUN""]","[""20160312094532""]",au_pbs_archive_264c01f3cbf0a530,NYMAV6B3R2ENCPQTDCREOUMHJMHAHPUN,962ec5be79453a0e72b204c717aa40337a765349fac3c4a0e13f65e236f061f0,cached,True,blocked_pending_explicit_permission,https://www.pbs.gov.au/info/general/copyright,True,https://www.pbs.gov.au/publication/schedule/2016/01/2016-01-01-errata.pdf,au_pbs_archive_2016_01_01_264c01f3cbf0,exact_digest_match
2,"[""2CT67W2KF63FMGZJQYAWNPZCISVIFMID"", ""56ISQSMUK6DTEH6MG463LYYANAKRURLG""]","[""20180420195810"", ""20190413102036""]",au_pbs_archive_2655ba28f2ef9ba9,56ISQSMUK6DTEH6MG463LYYANAKRURLG,4ca8d42fb77cb8edcbc38ffba7bb3b7357113a3a12b64b53e82f39f6200ca2d5,cached,True,blocked_pending_explicit_permission,https://www.pbs.gov.au/info/general/copyright,True,https://www.pbs.gov.au/publication/schedule/2006/2006-12-01-general-schedule.pdf,au_pbs_archive_2006_12_01_2655ba28f2ef,exact_digest_match
0,[],[],au_pbs_archive_266d2b5c542c1b0b,5Y5HIML6B3Z6HRVWI6YQBO7YNPFLPQ3K,07a808dfc848cc84c85e3d741117f757e4bf06d5b6a9b2bb6248f4fcebf7aed4,cached,True,blocked_pending_explicit_permission,https://www.pbs.gov.au/info/general/copyright,False,https://www.pbs.gov.au/publication/schedule/2015/03/2015-03-01-efc-schedule.pdf,au_pbs_archive_2015_03_01_266d2b5c542c,no_archive_capture
1,"[""I3OLGYIZUGQEYINT4PJ6L5F7SZZU4VK6""]","[""20140126044332""]",au_pbs_archive_269307b13aa74f79,I3OLGYIZUGQEYINT4PJ6L5F7SZZU4VK6,f646ce8e0f059339ad190b2fc1fec7ba7fdd8a80b7887c214d412932531e84c0,cached,True,blocked_pending_explicit_permission,https://www.pbs.gov.au/info/general/copyright,True,https://www.pbs.gov.au/publication/schedule/2013/09/2013-09-01-efc-schedule-soc.pdf,au_pbs_archive_2013_09_01_269307b13aa7,exact_digest_match
1,"[""V6T7NOCUQTV7BYMVMMLJGOZ52PIFPKUE""]","[""20120227130030""]",au_pbs_archive_269d3c58482d0a10,V6T7NOCUQTV7BYMVMMLJGOZ52PIFPKUE,8c0d4fa7a43724f42acd17e3b7519c3b9332401117db7f86c1c622aea71bcdb2,cached,True,blocked_pending_explicit_permission,https://www.pbs.gov.au/info/general/copyright,True,https://www.pbs.gov.au/publication/schedule/2011/02/2011-02-01-chemotherapy-booklet.pdf,au_pbs_archive_2011_02_01_269d3c58482d,exact_digest_match
1,"[""DZ4KE57V5ET4ONFW7OJNBPW7HKGNHA4B""]","[""20231106133821""]",au_pbs_archive_26e5fb37b490464a,DZ4KE57V5ET4ONFW7OJNBPW7HKGNHA4B,9ac89f29415dcac5276e4c330eaa89714865aad334cf7956bc09cea0c9c5cc97,cached,True,blocked_pending_explicit_permission,https://www.pbs.gov.au/info/general/copyright,True,https://www.pbs.gov.au/publication/schedule/2023/08/2023-08-01-efc-schedule.pdf,au_pbs_archive_2023_08_01_26e5fb37b490,exact_digest_match
0,[],[],au_pbs_archive_2703319bfe9c0569,MLVMY6JV7VAVE5COJIOJTC4E74VCYEYB,74e93494df7fc1a6a82db0919174131e6ab83e3a855f3e8a5b4e41e73de6b835,cached,True,blocked_pending_explicit_permission,https://www.pbs.gov.au/info/general/copyright,False,https://www.pbs.gov.au/publication/schedule/2004/2004-08-01-general-schedule.pdf,au_pbs_archive_2004_08_01_2703319bfe9c,no_archive_capture
1,"[""AWN3JA7GOIIEJ4C6YBZ6LA5D5VUZX5MF""]","[""20200227104042""]",au_pbs_archive_27546457f2cef1ba,AWN3JA7GOIIEJ4C6YBZ6LA5D5VUZX5MF,dfe8ff9fa4c46a431d63d18cbf25b1f0b110feba4c9a9adcccec14c8eb491200,cached,True,blocked_pending_explicit_permission,https://www.pbs.gov.au/info/general/copyright,True,https://www.pbs.gov.au/publication/schedule/2020/02/2020-02-01-general-schedule-volume-1.pdf,au_pbs_archive_2020_02_01_27546457f2ce,exact_digest_match
1,"[""5OJ2ME5KOT5OTSLXO2GZOKA2GSO56STR""]","[""20150921163306""]",au_pbs_archive_2757d18621704916,5OJ2ME5KOT5OTSLXO2GZOKA2GSO56STR,a5c3d1cc7fd676b9ab7e00b13526fff23941b5df454894062d8ab98ed8f4bd3f,cached,True,blocked_pending_explicit_permission,https://www.pbs.gov.au/info/general/copyright,True,https://www.pbs.gov.au/publication/schedule/2015/04/2015-04-01-errata.pdf,au_pbs_archive_2015_04_01_2757d1862170,exact_digest_match
1,"[""D5GT7N4EVVMX424VB65W3RQPRMAALLJI""]","[""20140126043906""]",au_pbs_archive_2767f01f7c1a96e5,D5GT7N4EVVMX424VB65W3RQPRMAALLJI,f8e8b0cd16bf7d68b9a369d0d06b23dca7dc4d2b9c7336d3ab99c04203c07918,cached,True,blocked_pending_explicit_permission,https://www.pbs.gov.au/info/general/copyright,True,https://www.pbs.gov.au/publication/schedule/2013/11/2013-11-01-errata.pdf,au_pbs_archive_2013_11_01_2767f01f7c1a,exact_digest_match
0,[],[],au_pbs_archive_277305a071bea010,KYVS5LVS3IAFNBMKKIYFUFPAOTQMMX35,963cc64a109ec506684e9cf8a3133211d342b017be986f888c30046481c64fab,cached,True,blocked_pending_explicit_permission,https://www.pbs.gov.au/info/general/copyright,False,https://www.pbs.gov.au/publication/schedule/2007/2007-04-01-general-schedule.pdf,au_pbs_archive_2007_04_01_277305a071be,no_archive_capture
1,"[""OJ2UGH7XA6JU3XLXZ3MKWK2Q4NCWVRG4""]","[""20150303082343""]",au_pbs_archive_27c23b858b0e06d8,OJ2UGH7XA6JU3XLXZ3MKWK2Q4NCWVRG4,af8feaed574718e4f396f6c39b41fdb5a3e52a1cf908866e0746a2ed2abb58eb,cached,True,blocked_pending_explicit_permission,https://www.pbs.gov.au/info/general/copyright,True,https://www.pbs.gov.au/publication/schedule/2014/08/2014-08-01-errata.pdf,au_pbs_archive_2014_08_01_27c23b858b0e,exact_digest_match
1,"[""RYBHEQ75YWIOAPQ4Y6J4UM6ZVMURXWQ5""]","[""20190228222546""]",au_pbs_archive_27d9f7f6a71eac96,RYBHEQ75YWIOAPQ4Y6J4UM6ZVMURXWQ5,0177d6ea31ec819517f23ee407518d8d6e53f79175e4eb660d350651eaa9b859,cached,True,blocked_pending_explicit_permission,https://www.pbs.gov.au/info/general/copyright,True,https://www.pbs.gov.au/publication/schedule/2019/03/2019-03-01-general-soc.pdf,au_pbs_archive_2019_03_01_27d9f7f6a71e,exact_digest_match
1,"[""KV6QRHUY6LH3RBAGPUZFC2HCRCOXKMAV""]","[""20180414085750""]",au_pbs_archive_2864c81387b4808a,KV6QRHUY6LH3RBAGPUZFC2HCRCOXKMAV,d569f71150ff287b3e619d0503913d1c901952d44c6b14bdcc00c216e4b1b115,cached,True,blocked_pending_explicit_permission,https://www.pbs.gov.au/info/general/copyright,True,https://www.pbs.gov.au/publication/schedule/2018/02/2018-02-01-general-schedule.pdf,au_pbs_archive_2018_02_01_2864c81387b4,exact_digest_match
1,"[""7YPY55YIY4VIA4NSAYTPO43BTZ6FK6MQ""]","[""20250323154709""]",au_pbs_archive_286535a432e350ee,7YPY55YIY4VIA4NSAYTPO43BTZ6FK6MQ,85c5e742b9e60d7ba6eaf686a0fe06e7634e77ab0d516f4446ba4750cd6177fe,cached,True,blocked_pending_explicit_permission,https://www.pbs.gov.au/info/general/copyright,True,https://www.pbs.gov.au/publication/schedule/2024/09/2024-09-01-general-soc.pdf,au_pbs_archive_2024_09_01_286535a432e3,exact_digest_match
1,"[""FJEQLDU42Z3AQL6SBJ5UYVV2EJT4E2JU""]","[""20211012063120""]",au_pbs_archive_28b9684812eb59b2,FJEQLDU42Z3AQL6SBJ5UYVV2EJT4E2JU,5cd51246997c8cda26797323f723a9696356469dfb20db4e11ff23c01ae6a11c,cached,True,blocked_pending_explicit_permission,https://www.pbs.gov.au/info/general/copyright,True,https://www.pbs.gov.au/publication/schedule/2021/07/2021-07-01-general-schedule-volume-2.pdf,au_pbs_archive_2021_07_01_28b9684812eb,exact_digest_match
1,"[""IFKNTF3ZY24QZFXD5OMFCCMLOJGZJ3EW""]","[""20200322104615""]",au_pbs_archive_28e8e0da4682e90c,IFKNTF3ZY24QZFXD5OMFCCMLOJGZJ3EW,7af1d3379cfbfbdf4ecb0b3b6c9c0d10334494a09019478c4e14b5828bb27490,cached,True,blocked_pending_explicit_permission,https://www.pbs.gov.au/info/general/copyright,True,https://www.pbs.gov.au/publication/schedule/2019/12/2019-12-01-general-schedule-volume-2.pdf,au_pbs_archive_2019_12_01_28e8e0da4682,exact_digest_match
0,[],[],au_pbs_archive_29e17909f6398505,PGHUETD3E2GHXHMUJVRTMCGY63OJQAF5,3dfcd5a6da73132857e0273a7c7d4c4503c4657b7f1fa2d8c79c84fc6c911983,cached,True,blocked_pending_explicit_permission,https://www.pbs.gov.au/info/general/copyright,False,https://www.pbs.gov.au/publication/schedule/2026/02/2026-02-01-general-schedule-volume-2.pdf,au_pbs_archive_2026_02_01_29e17909f639,no_archive_capture
0,[],[],au_pbs_archive_2a0855a8b26753e9,4LISYIEY7OIZP6HAIELJNBQKHUB2YFIZ,da118a85401cce597e17574b0d6f78c930298d8156a90ce3687a5b9c5f9648d4,cached,True,blocked_pending_explicit_permission,https://www.pbs.gov.au/info/general/copyright,False,https://www.pbs.gov.au/publication/schedule/2016/02/2016-02-01-errata.pdf,au_pbs_archive_2016_02_01_2a0855a8b267,no_archive_capture
0,[],[],au_pbs_archive_2a788363cbe67cb7,4P2FOC3ATIZQW7JXWO4QHIQARQQ7LF2Z,8119c6ff46fc1168d0bb04e6c192b5aebadc51beaef48b87231569f3b90b9bd7,cached,True,blocked_pending_explicit_permission,https://www.pbs.gov.au/info/general/copyright,False,https://www.pbs.gov.au/publication/schedule/2008/2008-11-01-general-schedule-soc.pdf,au_pbs_archive_2008_11_01_2a788363cbe6,no_archive_capture
1,"[""LNTO2ETIGY4OZG6P7RNEDMJV3L3Q7ZCJ""]","[""20211012063140""]",au_pbs_archive_2ab239b41df38a05,LNTO2ETIGY4OZG6P7RNEDMJV3L3Q7ZCJ,e29012cfd0fc4149d3106f4d3d0fd58e705114e0aaf89b432bf5bb2dff8491fd,cached,True,blocked_pending_explicit_permission,https://www.pbs.gov.au/info/general/copyright,True,https://www.pbs.gov.au/publication/schedule/2021/06/2021-06-01-general-schedule-volume-1.pdf,au_pbs_archive_2021_06_01_2ab239b41df3,exact_digest_match
1,"[""CXGZQ4RWDTCA25ZFPOCRJMQ7YMK2PH6G""]","[""20160330195311""]",au_pbs_archive_2ad3c0052aeaf1e9,CXGZQ4RWDTCA25ZFPOCRJMQ7YMK2PH6G,85232dee7d7aaac203a097f09a104294d449215aa7714ada95c6812c00b1e5a1,cached,True,blocked_pending_explicit_permission,https://www.pbs.gov.au/info/general/copyright,True,https://www.pbs.gov.au/publication/schedule/2016/03/2016-03-01-efc-schedule.pdf,au_pbs_archive_2016_03_01_2ad3c0052aea,exact_digest_match
1,"[""CFRO5TA7RB4GGGVYVJFKNOAQVURLEFZY""]","[""20240329094559""]",au_pbs_archive_2afbaa431c6e8891,CFRO5TA7RB4GGGVYVJFKNOAQVURLEFZY,8b31568048ebdab95d13d38dc82f90462e213f7766d34df5bfc058c9f7017b90,cached,True,blocked_pending_explicit_permission,https://www.pbs.gov.au/info/general/copyright,True,https://www.pbs.gov.au/publication/schedule/2024/02/2024-02-01-general-volume-2.pdf,au_pbs_archive_2024_02_01_2afbaa431c6e,exact_digest_match
1,"[""4FCOERG4KLE644C3AAE5KR6K47OZNG7D""]","[""20120227123705""]",au_pbs_archive_2b65a8f47f85e4ce,4FCOERG4KLE644C3AAE5KR6K47OZNG7D,1e5dd8a46d5380bf55821d70be1c49b984d0ba211f7f3941d3c76d864f38c3e0,cached,True,blocked_pending_explicit_permission,https://www.pbs.gov.au/info/general/copyright,True,https://www.pbs.gov.au/publication/schedule/2011/09/2011-09-01-general-schedule-SOC.pdf,au_pbs_archive_2011_09_01_2b65a8f47f85,exact_digest_match
1,"[""ZGUI5MRIMSHPWJBB3Q5FBK25D4ANK24T""]","[""20130423160057""]",au_pbs_archive_2b6dfb2cf2601099,ZGUI5MRIMSHPWJBB3Q5FBK25D4ANK24T,31b028e2c63b4b4af57141695a7e43982c9458b0c98dd44a6733c82b7b43e1bc,cached,True,blocked_pending_explicit_permission,https://www.pbs.gov.au/info/general/copyright,True,https://www.pbs.gov.au/publication/schedule/2013/02/2013-02-01-efc-schedule.pdf,au_pbs_archive_2013_02_01_2b6dfb2cf260,exact_digest_match
0,[],[],au_pbs_archive_2b9c533e6867e84f,OYNI4OEGLVE764S7XX4XLVNRYQH4RHUS,8b28ff9ae8b2c0564c748d02ffdd5b0fb02116454de2655b5f23db202b2380c2,cached,True,blocked_pending_explicit_permission,https://www.pbs.gov.au/info/general/copyright,False,https://www.pbs.gov.au/publication/schedule/2009/2009-12-01-general-schedule-soc.pdf,au_pbs_archive_2009_12_01_2b9c533e6867,no_archive_capture
1,"[""TOPZ5MU4JYEL7BEEJCBXMR7Z33C2VB6E""]","[""20240329094945""]",au_pbs_archive_2ba0de36fa4741da,TOPZ5MU4JYEL7BEEJCBXMR7Z33C2VB6E,edd9d739000162502fdf5a31af1bd3034cb2b079598104757ee930c00096fffc,cached,True,blocked_pending_explicit_permission,https://www.pbs.gov.au/info/general/copyright,True,https://www.pbs.gov.au/publication/schedule/2024/01/2024-01-01-general-volume-1.pdf,au_pbs_archive_2024_01_01_2ba0de36fa47,exact_digest_match
1,"[""PSTLEE7XSRFK363V6KB52ZRIALDPPSYX""]","[""20120227123452""]",au_pbs_archive_2c16d060f441e6d4,PSTLEE7XSRFK363V6KB52ZRIALDPPSYX,fba3e8ef0d2b79bf9a747082bf5dee686dfed7ed85dd90058662090024f39aa0,cached,True,blocked_pending_explicit_permission,https://www.pbs.gov.au/info/general/copyright,True,https://www.pbs.gov.au/publication/schedule/2011/09/2011-09-01-dental-book.pdf,au_pbs_archive_2011_09_01_2c16d060f441,exact_digest_match
0,[],[],au_pbs_archive_2ce569111ca728ac,AMDXRTZB2VHKTYMCONMAFLF26BZ3ED7Z,47df589c9d3b402e810171a2f3810b9abae16f1e03f23854a2f3cfe65ee05f03,cached,True,blocked_pending_explicit_permission,https://www.pbs.gov.au/info/general/copyright,False,https://www.pbs.gov.au/publication/schedule/1951-2002/1962-11-01-consolidated-schedules.pdf,au_pbs_archive_1962_11_01_2ce569111ca7,no_archive_capture
0,[],[],au_pbs_archive_2d03f7da55fbfad6,UKGYIXZZRXCBU57H3XKD66ZVLDO42EXN,0c59209ca7746ab475344dab541fb0f70654a2b3b2eb5db61497dbbf76c43a8e,cached,True,blocked_pending_explicit_permission,https://www.pbs.gov.au/info/general/copyright,False,https://www.pbs.gov.au/publication/schedule/2011/04/2011-04-01-dental-book-SOC.pdf,au_pbs_archive_2011_04_01_2d03f7da55fb,no_archive_capture
0,[],[],au_pbs_archive_2d1755606a80b26b,ZVVE3JZRVNPSXDFC3RQ4LPN7NISWLKCW,815b9aa2a03e4ec8e357815fc90ee5d47908625a1c058f8a2d83dd3afa0e9b48,cached,True,blocked_pending_explicit_permission,https://www.pbs.gov.au/info/general/copyright,False,https://www.pbs.gov.au/publication/schedule/2010/2010-08-01-HSD-Schedule.pdf,au_pbs_archive_2010_08_01_2d1755606a80,no_archive_capture
1,"[""IYAQCS7I3H4VNA5U32AWINJVDCT4NXDM""]","[""20211012063138""]",au_pbs_archive_2d3c47ade2b9e309,MIGU6KUTQWQSL6X2A2JEAJ2LBI3EAVCM,dbf160f608b3e69dc3f14bdb5830fd6a55015d3a03225bbc4cc242ee4e0c3216,cached,True,blocked_pending_explicit_permission,https://www.pbs.gov.au/info/general/copyright,False,https://www.pbs.gov.au/publication/schedule/2020/11/2020-11-01-general-schedule-volume-1.pdf,au_pbs_archive_2020_11_01_2d3c47ade2b9,digest_mismatch
1,"[""E6EYCSXVV3AUUPSFKUXU55WFJN64UOR7""]","[""20140126043753""]",au_pbs_archive_2d5f1732fb065008,E6EYCSXVV3AUUPSFKUXU55WFJN64UOR7,d3b6fd00b90e35d7d0013063b247f7333ce270249e8368a16d347b1dbdba333a,cached,True,blocked_pending_explicit_permission,https://www.pbs.gov.au/info/general/copyright,True,https://www.pbs.gov.au/publication/schedule/2013/12/2013-12-01-general-schedule.pdf,au_pbs_archive_2013_12_01_2d5f1732fb06,exact_digest_match
1,"[""AI7PCDWAFG62RBKGPOPOK2GZ2ZHJPJUU""]","[""20140211195109""]",au_pbs_archive_2d68a45dea0ab695,AI7PCDWAFG62RBKGPOPOK2GZ2ZHJPJUU,b304637b205297e5df616ed5b67fecab20109a28ab6bf256267a7f3f0e9550df,cached,True,blocked_pending_explicit_permission,https://www.pbs.gov.au/info/general/copyright,True,https://www.pbs.gov.au/publication/schedule/2014/02/2014-02-01-errata.pdf,au_pbs_archive_2014_02_01_2d68a45dea0a,exact_digest_match
1,"[""2Q4GR54URVCQAKRVVJXONSI3D2VUVD65""]","[""20120227081551""]",au_pbs_archive_2d98fb0375eddd0b,2Q4GR54URVCQAKRVVJXONSI3D2VUVD65,aadac5091358bc440c90078a6e04fc2606915a3abc5f6bcb807e8fa0b32bcee7,cached,True,blocked_pending_explicit_permission,https://www.pbs.gov.au/info/general/copyright,True,https://www.pbs.gov.au/publication/schedule/2012/01/2012-01-01-efficient-funding-of-chemotherapy.pdf,au_pbs_archive_2012_01_01_2d98fb0375ed,exact_digest_match
1,"[""QXNLCSF62E33JK6DE53QPKXEF5UUENEU""]","[""20231019195558""]",au_pbs_archive_2f0c3f4056cfc06f,QXNLCSF62E33JK6DE53QPKXEF5UUENEU,f36d526377461891a0dadf12d923ee96045eb4fd79b1ca9a1d668f636a0a9297,cached,True,blocked_pending_explicit_permission,https://www.pbs.gov.au/info/general/copyright,True,https://www.pbs.gov.au/publication/schedule/2023/04/2023-04-01-Errata.pdf,au_pbs_archive_2023_04_01_2f0c3f4056cf,exact_digest_match
1,"[""YTHHHD7GJEJYKSNYTNUVZIUWUKCRNIZF""]","[""20200313152039""]",au_pbs_archive_2fce8786cf497dfb,YTHHHD7GJEJYKSNYTNUVZIUWUKCRNIZF,50a638ba0a2b1f539f97ed8e77098bb8a4ba751ccdce55191aca5fd7186e7189,cached,True,blocked_pending_explicit_permission,https://www.pbs.gov.au/info/general/copyright,True,https://www.pbs.gov.au/publication/schedule/2020/03/2020-03-01-general-schedule-volume-2.pdf,au_pbs_archive_2020_03_01_2fce8786cf49,exact_digest_match
1,"[""WGO5ZA6R7FNDLNVBJGEBMWXQD74V6JTR""]","[""20211012063113""]",au_pbs_archive_2fdebdc374a872b0,WGO5ZA6R7FNDLNVBJGEBMWXQD74V6JTR,a6f4c25e7130825122380b34f5c89230d79d6328a2e89527ce7c1111f0704dfa,cached,True,blocked_pending_explicit_permission,https://www.pbs.gov.au/info/general/copyright,True,https://www.pbs.gov.au/publication/schedule/2020/08/2020-08-01-efc-schedule.pdf,au_pbs_archive_2020_08_01_2fdebdc374a8,exact_digest_match
0,[],[],au_pbs_archive_3045d8f99243a8dd,47ISL73O4SFTRS3GL5OSTEFXKUTGDCAC,d5d18972e78f529dea6890ff1dfc7a56905089dd92b925b934b228fde3076840,cached,True,blocked_pending_explicit_permission,https://www.pbs.gov.au/info/general/copyright,False,https://www.pbs.gov.au/publication/schedule/2009/2009-02-01-general-schedule.pdf,au_pbs_archive_2009_02_01_3045d8f99243,no_archive_capture
1,"[""QXLBQOF2KG77LV744QNWLUSG4NF2GBYN""]","[""20211012063144""]",au_pbs_archive_3049a8b4ee646f31,QXLBQOF2KG77LV744QNWLUSG4NF2GBYN,8661290e1ccd3410856c40a7c9d431e71b0b4826b7db0bd02a79417817a4cd55,cached,True,blocked_pending_explicit_permission,https://www.pbs.gov.au/info/general/copyright,True,https://www.pbs.gov.au/publication/schedule/2021/02/2021-02-01-general-schedule-volume-1.pdf,au_pbs_archive_2021_02_01_3049a8b4ee64,exact_digest_match
0,[],[],au_pbs_archive_30b2baadb4a20055,LWWWJJRKGFSKRS45YMDPP7V3WNLSROFC,18e80af979553e303628024f773d2321d58b47da3de1d0b7dd3b1d1c7ab9fcff,cached,True,blocked_pending_explicit_permission,https://www.pbs.gov.au/info/general/copyright,False,https://www.pbs.gov.au/publication/schedule/2020/09/2020-09-01-general-schedule-volume-1.pdf,au_pbs_archive_2020_09_01_30b2baadb4a2,no_archive_capture
1,"[""5UN7VICNG3IBQB6NGANXF6Q67XKYELAE""]","[""20230310024150""]",au_pbs_archive_30cb1dcfceccc6e3,5UN7VICNG3IBQB6NGANXF6Q67XKYELAE,0f7e258dcc66152e859c5f3700dc89a29b530856098f35f04ff23cc9644a5c5c,cached,True,blocked_pending_explicit_permission,https://www.pbs.gov.au/info/general/copyright,True,https://www.pbs.gov.au/publication/schedule/2023/02/2023-02-01-general-schedule-volume-1.pdf,au_pbs_archive_2023_02_01_30cb1dcfcecc,exact_digest_match
0,[],[],au_pbs_archive_30ea85447effb1dd,NXVUO7T7BQZUDJNKYZR6R3CRSVBUMRPO,7ba22aac1d3c58fe795855efc80a8d36b3022822fbd1b8efc30efd3e6044b465,cached,True,blocked_pending_explicit_permission,https://www.pbs.gov.au/info/general/copyright,False,https://www.pbs.gov.au/publication/schedule/2008/2008-10-01-general-schedule.pdf,au_pbs_archive_2008_10_01_30ea85447eff,no_archive_capture
1,"[""NZN5MZDPLZBGDPOVFVDS6XRW3TFE3UR4""]","[""20150921161920""]",au_pbs_archive_31294cb1b5bafdb8,NZN5MZDPLZBGDPOVFVDS6XRW3TFE3UR4,9d929594ea79bc8eb464d9c819f9a7d5686b4809f73185fa7ab827b62d3e612a,cached,True,blocked_pending_explicit_permission,https://www.pbs.gov.au/info/general/copyright,True,https://www.pbs.gov.au/publication/schedule/2015/04/2015-04-01-general-schedule.pdf,au_pbs_archive_2015_04_01_31294cb1b5ba,exact_digest_match
1,"[""OFYXRBKUHUZ6FLBJDPAM3ZUS5YEQKCNM""]","[""20250413080653""]",au_pbs_archive_31cf9b80250fdd13,OFYXRBKUHUZ6FLBJDPAM3ZUS5YEQKCNM,8f48dfdb07a2950e2de15e8aa500b2df91f86c64c45402f8ab73fdf3c7e54c36,cached,True,blocked_pending_explicit_permission,https://www.pbs.gov.au/info/general/copyright,True,https://www.pbs.gov.au/publication/schedule/1951-2002/1994-12-01-PBS-Schedule.pdf,au_pbs_archive_1994_12_01_31cf9b80250f,exact_digest_match
1,"[""R7PONRFZY7YMFH5A6JG7PXEWRT75QV7R""]","[""20200322104800""]",au_pbs_archive_327270213a87460b,R7PONRFZY7YMFH5A6JG7PXEWRT75QV7R,3323aac70547fb578f6e330138448ee1cd1e28e3f6409272baa0a6c0896be444,cached,True,blocked_pending_explicit_permission,https://www.pbs.gov.au/info/general/copyright,True,https://www.pbs.gov.au/publication/schedule/2019/12/2019-12-01-efc-schedule.pdf,au_pbs_archive_2019_12_01_327270213a87,exact_digest_match
1,"[""44OHUMEFI4GT4NGWVENML6XYFINHOIG3""]","[""20200322112035""]",au_pbs_archive_3389088fb5886dc9,44OHUMEFI4GT4NGWVENML6XYFINHOIG3,594124d1e8c274c7229087cf01292f52a20c62de77708370f5145faf42adb9c5,cached,True,blocked_pending_explicit_permission,https://www.pbs.gov.au/info/general/copyright,True,https://www.pbs.gov.au/publication/schedule/2019/07/2019-07-01-section100-volume-2.pdf,au_pbs_archive_2019_07_01_3389088fb588,exact_digest_match
0,[],[],au_pbs_archive_345ed652ca26f25e,CGYJDTR7SX5VJ5UKUPT35TVBHFFMGCPH,7b8900ecaf2bc2dad2f26df0dab70a005a02b701fc04cd5010527696a9342dba,cached,True,blocked_pending_explicit_permission,https://www.pbs.gov.au/info/general/copyright,False,https://www.pbs.gov.au/publication/schedule/1951-2002/1956-06-01-PBS-Schedule-Medical-Practitioners.pdf,au_pbs_archive_1956_06_01_345ed652ca26,no_archive_capture
1,"[""FAH4IQKDER76HMIGTVKILFLNJ3FKYSMR""]","[""20211012063144""]",au_pbs_archive_34c0af89316f7ed2,FAH4IQKDER76HMIGTVKILFLNJ3FKYSMR,47adb7c388823ff7c40a56f9b569c9d66c64a0627f83ba1475d0beefbef5dd29,cached,True,blocked_pending_explicit_permission,https://www.pbs.gov.au/info/general/copyright,True,https://www.pbs.gov.au/publication/schedule/2021/06/2021-06-01-general-schedule-volume-2.pdf,au_pbs_archive_2021_06_01_34c0af89316f,exact_digest_match
1,"[""SW3HNQW3X23Z7DIPTFOBNGUOOLPDA2ME""]","[""20120227124302""]",au_pbs_archive_350cdd4a451ca8aa,SW3HNQW3X23Z7DIPTFOBNGUOOLPDA2ME,22ea5c5d103a5a0285171e3c3e316941c0eacdf24405bd259116d04f7c9fd03f,cached,True,blocked_pending_explicit_permission,https://www.pbs.gov.au/info/general/copyright,True,https://www.pbs.gov.au/publication/schedule/2011/05/2011-05-01-dental-book-SOC.pdf,au_pbs_archive_2011_05_01_350cdd4a451c,exact_digest_match
1,"[""UHFFVHTZG4LL2RU6SXCZZEDIERPVPOID""]","[""20150303082534""]",au_pbs_archive_351788b5d9e025fd,UHFFVHTZG4LL2RU6SXCZZEDIERPVPOID,f4f903c722ecffcb488eadce428fcd0221407cc6c4ddc46b81562e3907be4f1c,cached,True,blocked_pending_explicit_permission,https://www.pbs.gov.au/info/general/copyright,True,https://www.pbs.gov.au/publication/schedule/2014/07/2014-07-01-errata.pdf,au_pbs_archive_2014_07_01_351788b5d9e0,exact_digest_match
1,"[""55KDG34ZSKCBORYWKAXPX3GBJ7GQSLVP""]","[""20150304093932""]",au_pbs_archive_35b531d3af083d53,55KDG34ZSKCBORYWKAXPX3GBJ7GQSLVP,8b1fb3941446cc7454f2bfef036acef0d8ee5190db0dfd685d65838ef5411bdb,cached,True,blocked_pending_explicit_permission,https://www.pbs.gov.au/info/general/copyright,True,https://www.pbs.gov.au/publication/schedule/2014/03/2014-03-01-general-schedule-soc.pdf,au_pbs_archive_2014_03_01_35b531d3af08,exact_digest_match
1,"[""S7BTRCCGJAKSGQPJRZA3ZVZ2TPJYNXEZ""]","[""20200322114034""]",au_pbs_archive_35bdd9700d8200c6,S7BTRCCGJAKSGQPJRZA3ZVZ2TPJYNXEZ,9365288ead816b20b0010177a14e46acc02b0152d6049ca282bfe856ff18f107,cached,True,blocked_pending_explicit_permission,https://www.pbs.gov.au/info/general/copyright,True,https://www.pbs.gov.au/publication/schedule/2019/04/2019-04-01-efc-schedule.pdf,au_pbs_archive_2019_04_01_35bdd9700d82,exact_digest_match
1,"[""FO6XJSMDZJYKJQJM5TH2TVRRKGOCIIOF""]","[""20200322105400""]",au_pbs_archive_35f4ee60091d0c7b,FO6XJSMDZJYKJQJM5TH2TVRRKGOCIIOF,57bda494e62b8d5b8c55d5ea3a9e3390433db20705f0a94a799048a4fdf5dba2,cached,True,blocked_pending_explicit_permission,https://www.pbs.gov.au/info/general/copyright,True,https://www.pbs.gov.au/publication/schedule/2019/11/2019-11-01-efc-schedule.pdf,au_pbs_archive_2019_11_01_35f4ee60091d,exact_digest_match
1,"[""RJPYQLM6H4T5KMEMCHEVWVKVZDO4TRKY""]","[""20211012063114""]",au_pbs_archive_3646402790e4327f,RJPYQLM6H4T5KMEMCHEVWVKVZDO4TRKY,f05cc31e434704d2e51a2c1af414652c26a7865d782575e9bdc602bf34d4b1c4,cached,True,blocked_pending_explicit_permission,https://www.pbs.gov.au/info/general/copyright,True,https://www.pbs.gov.au/publication/schedule/2020/10/2020-10-01-general-schedule-volume-2.pdf,au_pbs_archive_2020_10_01_3646402790e4,exact_digest_match
0,[],[],au_pbs_archive_364889789397fad0,QLHL4QY5HHSPXCRM33F3VIUU3NDB4TRL,060746023d95f4dd5254f3ad6f7fb6adf5cac00b4f2d68e03b599a7908b6b2cd,cached,True,blocked_pending_explicit_permission,https://www.pbs.gov.au/info/general/copyright,False,https://www.pbs.gov.au/publication/schedule/1951-2002/1985-12-01-consolidated-schedules.pdf,au_pbs_archive_1985_12_01_364889789397,no_archive_capture
0,[],[],au_pbs_archive_369b07e2c8e87177,UL5K5SU576IQ3RK5PDOA62XFNS37VBB7,0650b0a01c6b4b9b1bff3029ac89550c08f9481ba56cda9f1398b9fbf6b44775,cached,True,blocked_pending_explicit_permission,https://www.pbs.gov.au/info/general/copyright,False,https://www.pbs.gov.au/publication/schedule/2010/2010-09-01-general-schedule.pdf,au_pbs_archive_2010_09_01_369b07e2c8e8,no_archive_capture
1,"[""JWHR2OESOZC3ZJ4PLUWBIELGRKLT22RR""]","[""20150303081951""]",au_pbs_archive_36c9ba6ea8078ee4,JWHR2OESOZC3ZJ4PLUWBIELGRKLT22RR,743482b5a0ae934872ef8fb50e3a107bb2688fc1c9ccf39ea2ff1dda74d8ef39,cached,True,blocked_pending_explicit_permission,https://www.pbs.gov.au/info/general/copyright,True,https://www.pbs.gov.au/publication/schedule/2014/10/2014-10-01-errata.pdf,au_pbs_archive_2014_10_01_36c9ba6ea807,exact_digest_match
0,[],[],au_pbs_archive_3723e42826c656b3,FTUUOO4RPF72DA7UHX3YHJPAL5JGWVFY,3161a04c6f222fdb87dfb5d0f3cc2c619572f3b03bc34403c306d4e6499ce104,cached,True,blocked_pending_explicit_permission,https://www.pbs.gov.au/info/general/copyright,False,https://www.pbs.gov.au/publication/schedule/2008/2008-06-01-general-schedule-soc.pdf,au_pbs_archive_2008_06_01_3723e42826c6,no_archive_capture
1,"[""GLRRJZNEFCHV4KEKA3BGUJJAQ67HI2AK""]","[""20170321142200""]",au_pbs_archive_3738e5454957310c,GLRRJZNEFCHV4KEKA3BGUJJAQ67HI2AK,03d12078f050bace5fb2aa7c7a1fdec79d3252cfd2997cd27690824e51f493c4,cached,True,blocked_pending_explicit_permission,https://www.pbs.gov.au/info/general/copyright,True,https://www.pbs.gov.au/publication/schedule/2016/12/2016-12-01-general-schedule.pdf,au_pbs_archive_2016_12_01_3738e5454957,exact_digest_match
2,"[""KS4NZHNUK6PA5KLVEZFAAMCA2YJLEDBZ"", ""UHA54JOJSIFOO7FG4UKCPL3LFUWV6Y4Y""]","[""20190413084129"", ""20200325203456""]",au_pbs_archive_373eeb3fb58ea2aa,KS4NZHNUK6PA5KLVEZFAAMCA2YJLEDBZ,2d52aa5221b8c45f4fe0230c9bb489abab013b48dc64e9415a77eddecb7ee511,cached,True,blocked_pending_explicit_permission,https://www.pbs.gov.au/info/general/copyright,True,https://www.pbs.gov.au/publication/schedule/2010/2010-12-01-general-schedule.pdf,au_pbs_archive_2010_12_01_373eeb3fb58e,exact_digest_match
1,"[""NQDCH2MQS6R2LPLBBG4YMA6T2H2RIPYI""]","[""20150303082829""]",au_pbs_archive_374997b6e7adbca3,NQDCH2MQS6R2LPLBBG4YMA6T2H2RIPYI,6037a3d8f85af9b296224876050a0602a5f86055616c540e3cb593a8de2fa96a,cached,True,blocked_pending_explicit_permission,https://www.pbs.gov.au/info/general/copyright,True,https://www.pbs.gov.au/publication/schedule/2014/06/2014-06-01-efc-schedule.pdf,au_pbs_archive_2014_06_01_374997b6e7ad,exact_digest_match
1,"[""WOKTXLLDPPM5DQYLC7FUL2JWLEHCACBE""]","[""20160312094957""]",au_pbs_archive_379aae37a65a85ef,WOKTXLLDPPM5DQYLC7FUL2JWLEHCACBE,a4e4679a7d92b85bd41ddf4a879cb278b5d73d8ba6791514de991c9b4ee10ecf,cached,True,blocked_pending_explicit_permission,https://www.pbs.gov.au/info/general/copyright,True,https://www.pbs.gov.au/publication/schedule/2015/11/2015-11-01-general-schedule.pdf,au_pbs_archive_2015_11_01_379aae37a65a,exact_digest_match
0,[],[],au_pbs_archive_37c8b425034312e7,YFON4O7IBDKF4XB36EGFQFIBWVAFMTT5,590f452099d6360a0f3eb698771a6e74b4be7c8403ddfd8ead21699a61b1a893,cached,True,blocked_pending_explicit_permission,https://www.pbs.gov.au/info/general/copyright,False,https://www.pbs.gov.au/publication/schedule/2007/2007-05-01-dental-book-soc.pdf,au_pbs_archive_2007_05_01_37c8b4250343,no_archive_capture
0,[],[],au_pbs_archive_37cc2a1a2754b23f,JX27YPZFGAR3IVOI5YR4APVLVSI6BCXS,deb34e33fcd1a8f8d2308f13674b07267dd4f25a4eadc998f0e9bc39c4f17d83,cached,True,blocked_pending_explicit_permission,https://www.pbs.gov.au/info/general/copyright,False,https://www.pbs.gov.au/publication/schedule/2010/2010-02-01-dental-book.pdf,au_pbs_archive_2010_02_01_37cc2a1a2754,no_archive_capture
0,[],[],au_pbs_archive_383281cf1488ab10,76HSZ73F6EFMMJPDP3MGXZWTFARAVXCV,ffc509a43197a7f2a849e2ad781135c282eaf105582ca29cb2722feacf45a317,cached,True,blocked_pending_explicit_permission,https://www.pbs.gov.au/info/general/copyright,False,https://www.pbs.gov.au/publication/schedule/2009/2009-12-01-chemotherapy-book.pdf,au_pbs_archive_2009_12_01_383281cf1488,no_archive_capture
1,"[""66ZOLD6A4XPC5DHM6PPXOCJ3IT54OM3W""]","[""20150303081335""]",au_pbs_archive_388582375f6fc891,66ZOLD6A4XPC5DHM6PPXOCJ3IT54OM3W,8e21bce1ee09bce896bdcea424ff0955c98bb61d8edffcddab8f72af97f12e7b,cached,True,blocked_pending_explicit_permission,https://www.pbs.gov.au/info/general/copyright,True,https://www.pbs.gov.au/publication/schedule/2015/01/2015-01-01-general-schedule-soc.pdf,au_pbs_archive_2015_01_01_388582375f6f,exact_digest_match
1,"[""72V5HUGVMSKUXCOJ5CFYP6HGE5QPB2NC""]","[""20120227122415""]",au_pbs_archive_388e5dfedd1f8912,72V5HUGVMSKUXCOJ5CFYP6HGE5QPB2NC,bcaadf92c5cb96e312e1adf43aac571d2d28d5b99a0ec6aa5968ac2906d5fdce,cached,True,blocked_pending_explicit_permission,https://www.pbs.gov.au/info/general/copyright,True,https://www.pbs.gov.au/publication/schedule/2011/01/2011-01-01-dental-book-SOC.pdf,au_pbs_archive_2011_01_01_388e5dfedd1f,exact_digest_match
1,"[""A7NS7XWLTA33KZIUAY22B2NDSOSKLA3H""]","[""20250323160319""]",au_pbs_archive_38b1258a932014e9,A7NS7XWLTA33KZIUAY22B2NDSOSKLA3H,9953ae8cb1f631c709e399654051e6e4e178e207d31df59224a915b905efab03,cached,True,blocked_pending_explicit_permission,https://www.pbs.gov.au/info/general/copyright,True,https://www.pbs.gov.au/publication/schedule/2024/07/2024-07-01-general-schedule-volume-2.pdf,au_pbs_archive_2024_07_01_38b1258a9320,exact_digest_match
1,"[""KMMPRLHECMPIDC4M5JCHC6OYAPMUB6XI""]","[""20160312094648""]",au_pbs_archive_38eb612aed3c141b,KMMPRLHECMPIDC4M5JCHC6OYAPMUB6XI,25caa534ca221c75e174de8a2aa543cdff0afb822715cf46b29b473908931422,cached,True,blocked_pending_explicit_permission,https://www.pbs.gov.au/info/general/copyright,True,https://www.pbs.gov.au/publication/schedule/2016/01/2016-01-01-efc-schedule.pdf,au_pbs_archive_2016_01_01_38eb612aed3c,exact_digest_match
1,"[""T3MLLIQ6AR356X7KN5BE2PRLQEXLGENH""]","[""20150921155549""]",au_pbs_archive_3991b9d87d8a267f,T3MLLIQ6AR356X7KN5BE2PRLQEXLGENH,4d32d8384f9f49df4049a5e82ba487abb0d2bc7a257e2b491411f96563634adc,cached,True,blocked_pending_explicit_permission,https://www.pbs.gov.au/info/general/copyright,True,https://www.pbs.gov.au/publication/schedule/2015/08/2015-08-01-efc-schedule.pdf,au_pbs_archive_2015_08_01_3991b9d87d8a,exact_digest_match
0,[],[],au_pbs_archive_39acacb81d8d2946,MVIVPWVCJQJBSM6MLB4X6MO4LBZEUNMF,738127033bd07b6f44cc24d0f93716158c985dfbe754fbbcadf25747f93d7597,cached,True,blocked_pending_explicit_permission,https://www.pbs.gov.au/info/general/copyright,False,https://www.pbs.gov.au/publication/schedule/2008/2008-01-01-dental-book-soc.pdf,au_pbs_archive_2008_01_01_39acacb81d8d,no_archive_capture
1,"[""IVXJEXARKKDMM3X77EEJKFWWLWQXXOSE""]","[""20150908012047""]",au_pbs_archive_39baaa55fa11a451,IVXJEXARKKDMM3X77EEJKFWWLWQXXOSE,0bc810a74f3edd1959c07f2cfa2e57cd032562855f83f70317fa25ac551555b9,cached,True,blocked_pending_explicit_permission,https://www.pbs.gov.au/info/general/copyright,True,https://www.pbs.gov.au/publication/schedule/2015/09/2015-09-01-general-schedule.pdf,au_pbs_archive_2015_09_01_39baaa55fa11,exact_digest_match
1,"[""LH4TJGRVFWUFN3JEOTVVOO7PHFIMIEFZ""]","[""20150303081920""]",au_pbs_archive_3a04db1cf7e8ce1b,LH4TJGRVFWUFN3JEOTVVOO7PHFIMIEFZ,b3774c47f001a007905a52891ec59eae632efda834316d535a6111713e95ec54,cached,True,blocked_pending_explicit_permission,https://www.pbs.gov.au/info/general/copyright,True,https://www.pbs.gov.au/publication/schedule/2014/11/2014-11-01-efc-schedule.pdf,au_pbs_archive_2014_11_01_3a04db1cf7e8,exact_digest_match
0,[],[],au_pbs_archive_3a0b5da2e92966d4,S6YW7SKVHEQAHW77ZUYXMJUGNQ2TQLAM,c61fd95f91cdf8051041317ba3b57edf979e3a7efb6b2874f2433320f7ac83e8,cached,True,blocked_pending_explicit_permission,https://www.pbs.gov.au/info/general/copyright,False,https://www.pbs.gov.au/publication/schedule/2008/2008-06-01-dental-book.pdf,au_pbs_archive_2008_06_01_3a0b5da2e929,no_archive_capture
0,[],[],au_pbs_archive_3a1f7556a9abb8c7,ASOQ3SIJTJOCQQ7NIZ37PYJDY6YAHJY4,2792fd7487050902957ca90090fb5c8d6daf3f058c7ab2cc65c62432eb733299,cached,True,blocked_pending_explicit_permission,https://www.pbs.gov.au/info/general/copyright,False,https://www.pbs.gov.au/publication/schedule/1951-2002/1990-12-01-consolidated-schedules.pdf,au_pbs_archive_1990_12_01_3a1f7556a9ab,no_archive_capture
1,"[""IT4PBKXOBVYOYHAYOPYDUKO7PJXYE4BD""]","[""20221116171642""]",au_pbs_archive_3a2036636c1aff2f,IT4PBKXOBVYOYHAYOPYDUKO7PJXYE4BD,87000bb5a8e275bbb88f270c247e5f646b1756083e150675c7f0d36be468c9d2,cached,True,blocked_pending_explicit_permission,https://www.pbs.gov.au/info/general/copyright,True,https://www.pbs.gov.au/publication/schedule/2022/05/2022-05-01-general-schedule-volume-1.pdf,au_pbs_archive_2022_05_01_3a2036636c1a,exact_digest_match
1,"[""6LLZNYU2I3OVSHNGFBST53UGYTPC6HPV""]","[""20190411034022""]",au_pbs_archive_3a32a896da2129a4,6LLZNYU2I3OVSHNGFBST53UGYTPC6HPV,940302500e4dd5da4bda06692ccdc2ddb9c13438ebf4a181a706dc8361d73c38,cached,True,blocked_pending_explicit_permission,https://www.pbs.gov.au/info/general/copyright,True,https://www.pbs.gov.au/publication/schedule/2018/04/2018-04-01-general-schedule.pdf,au_pbs_archive_2018_04_01_3a32a896da21,exact_digest_match
0,[],[],au_pbs_archive_3a85edc4b517bb95,JNWCC6J7TK6JNQPACLH4HCXMT2HPH37D,1386e7fc36ccc9f38b719a534d89902316a5b7881f7c17d94ec732ea4da5567f,cached,True,blocked_pending_explicit_permission,https://www.pbs.gov.au/info/general/copyright,False,https://www.pbs.gov.au/publication/schedule/2010/2010-08-01-general-schedule-SOC.pdf,au_pbs_archive_2010_08_01_3a85edc4b517,no_archive_capture
1,"[""46UTTJ6ADVDZK6ZCRL6NOFMVAI3DLIL3""]","[""20150303083007""]",au_pbs_archive_3adcc516502bd491,46UTTJ6ADVDZK6ZCRL6NOFMVAI3DLIL3,65f5ea8d931b333c7c936148dc08f97f53739772eb2842da4416da9c6c39cd39,cached,True,blocked_pending_explicit_permission,https://www.pbs.gov.au/info/general/copyright,True,https://www.pbs.gov.au/publication/schedule/2014/05/2014-05-01-efc-schedule.pdf,au_pbs_archive_2014_05_01_3adcc516502b,exact_digest_match
0,[],[],au_pbs_archive_3aea7d8c21b99405,QVLTTL4GYY42FVNYVVM273RRYSAW4AVB,df5e9771847f4c7af065d67043c67862196ae7040947adcca0c372423b9415d1,cached,True,blocked_pending_explicit_permission,https://www.pbs.gov.au/info/general/copyright,False,https://www.pbs.gov.au/publication/schedule/1951-2002/1988-12-01-consolidated-schedules.pdf,au_pbs_archive_1988_12_01_3aea7d8c21b9,no_archive_capture
1,"[""WZIWWVCG75W6ZDYL6LJNEGJXEZ6DFKPR""]","[""20150303082856""]",au_pbs_archive_3af0c40830eb7abd,WZIWWVCG75W6ZDYL6LJNEGJXEZ6DFKPR,dd0889479e92aac2304624866cb09304c53d61adae7ce9b2debe3738ca623723,cached,True,blocked_pending_explicit_permission,https://www.pbs.gov.au/info/general/copyright,True,https://www.pbs.gov.au/publication/schedule/2014/05/2014-05-01-general-schedule-soc.pdf,au_pbs_archive_2014_05_01_3af0c40830eb,exact_digest_match
0,[],[],au_pbs_archive_3af92a6101659779,Y4ISHMCMIRTIHKAIQJPMHGJG74CCKWSX,25df7bce1be0930379f7527f23c095f7a3c3de831d130e0bfb5571739d23ae09,cached,True,blocked_pending_explicit_permission,https://www.pbs.gov.au/info/general/copyright,False,https://www.pbs.gov.au/publication/schedule/2009/2009-05-01-dental-book.pdf,au_pbs_archive_2009_05_01_3af92a610165,no_archive_capture
1,"[""OXYJULOIC4YRLAH7FYZZK22JJSYCD2LQ""]","[""20190409042448""]",au_pbs_archive_3be998784dd5f6ec,OXYJULOIC4YRLAH7FYZZK22JJSYCD2LQ,24c1e9c3c7c65a0027ec4d5dea99386fc09ac11993f0f556cdc6f4c2b81dc44f,cached,True,blocked_pending_explicit_permission,https://www.pbs.gov.au/info/general/copyright,True,https://www.pbs.gov.au/publication/schedule/2018/12/2018-12-01-efc-schedule.pdf,au_pbs_archive_2018_12_01_3be998784dd5,exact_digest_match
1,"[""W74F24YXVLXCKEEAL6TTYCVVMW4ZCFYB""]","[""20211012063340""]",au_pbs_archive_3ce5c43b6f76b0c3,W74F24YXVLXCKEEAL6TTYCVVMW4ZCFYB,9393f6b5019e3e59c80adc9948d0489a18ff7bf7c1358ee0eebcceb8d994a4d6,cached,True,blocked_pending_explicit_permission,https://www.pbs.gov.au/info/general/copyright,True,https://www.pbs.gov.au/publication/schedule/2021/03/2021-03-01-general-schedule-volume-2.pdf,au_pbs_archive_2021_03_01_3ce5c43b6f76,exact_digest_match
1,"[""AHOT2NBWRFT5BOZESUF4EWEQ4TJNFHD7""]","[""20250323155554""]",au_pbs_archive_3d44dc13ad63e130,AHOT2NBWRFT5BOZESUF4EWEQ4TJNFHD7,d66163a7dee8e44b0e5c9f0a8c811effc0c6590fe76c4aacd722859ed57aaf3a,cached,True,blocked_pending_explicit_permission,https://www.pbs.gov.au/info/general/copyright,True,https://www.pbs.gov.au/publication/schedule/2024/08/2024-08-01-general-schedule-volume-2.pdf,au_pbs_archive_2024_08_01_3d44dc13ad63,exact_digest_match
1,"[""HN5APN27T2I6RJDGAG5IPR3KHT4FCHRE""]","[""20130423222642""]",au_pbs_archive_3d7350793182d47e,HN5APN27T2I6RJDGAG5IPR3KHT4FCHRE,6a96c788915fe860ca35bc4dfa6abc1bd5c19fb17139379a58b7ba86c3203a8c,cached,True,blocked_pending_explicit_permission,https://www.pbs.gov.au/info/general/copyright,True,https://www.pbs.gov.au/publication/schedule/2012/05/2012-05-01-dental-book.pdf,au_pbs_archive_2012_05_01_3d7350793182,exact_digest_match
1,"[""UAMJMH2MV7S43ZE6CA6C2M35JB66XJY4""]","[""20221116170951""]",au_pbs_archive_3e158f5340039b52,UAMJMH2MV7S43ZE6CA6C2M35JB66XJY4,bc05ac03d440589479fe50b44d8b462206c84e052b3582fd5a5aa69ca16a2fd0,cached,True,blocked_pending_explicit_permission,https://www.pbs.gov.au/info/general/copyright,True,https://www.pbs.gov.au/publication/schedule/2022/07/2022-07-01-general-schedule-volume-2.pdf,au_pbs_archive_2022_07_01_3e158f534003,exact_digest_match
0,[],[],au_pbs_archive_3e316631c7afd375,4B77RPTYPMGDEP2YE4A6NUWDS5CWFYPI,69a350fb384ba87d7e1fb268ba1de701bd95da7b6c59fe5542c27ac9e31934be,cached,True,blocked_pending_explicit_permission,https://www.pbs.gov.au/info/general/copyright,False,https://www.pbs.gov.au/publication/schedule/2008/2008-04-01-general-schedule-soc.pdf,au_pbs_archive_2008_04_01_3e316631c7af,no_archive_capture
1,"[""RY2N4CDE66GSCU56JM4JVI3ZX6CCHIKN""]","[""20140126044724""]",au_pbs_archive_3e509d79b5dd773e,RY2N4CDE66GSCU56JM4JVI3ZX6CCHIKN,2a6706ab0eda6c03a6fbcf2baf3b0f8e2f0f4a793d3a508dd4bb97b3c5ac903a,cached,True,blocked_pending_explicit_permission,https://www.pbs.gov.au/info/general/copyright,True,https://www.pbs.gov.au/publication/schedule/2013/06/2013-06-01-general-schedule-soc.pdf,au_pbs_archive_2013_06_01_3e509d79b5dd,exact_digest_match
0,[],[],au_pbs_archive_3e761c5f79b50a85,VAV2BITPO2YTX4LNVDKMJSWTOWJJZUJG,d7716845a3561a74886ac5632aa65bdb0676b48afbbf1298cb09035737274334,cached,True,blocked_pending_explicit_permission,https://www.pbs.gov.au/info/general/copyright,False,https://www.pbs.gov.au/publication/schedule/2008/2008-12-01-general-schedule.pdf,au_pbs_archive_2008_12_01_3e761c5f79b5,no_archive_capture
0,[],[],au_pbs_archive_3edda9e5d26293c6,LIZUFGZ3ALUYR3JHNYBWAS7I3FGISKCT,0a2a769dfbf29bf71b2bfe31d2c7d006442b9ee655c7cd48baa0affc2edbe1e6,cached,True,blocked_pending_explicit_permission,https://www.pbs.gov.au/info/general/copyright,False,https://www.pbs.gov.au/publication/schedule/2010/2010-10-01-general-schedule-SOC.pdf,au_pbs_archive_2010_10_01_3edda9e5d262,no_archive_capture
1,"[""2H3OB2B2DRL4LHEHM7YRM73RXD2IJ2WR""]","[""20120316203906""]",au_pbs_archive_3f3a941e1da4a13a,2H3OB2B2DRL4LHEHM7YRM73RXD2IJ2WR,e69946d1c150fb1525ade2994f7365b5547257d57a92f5b72a632b6d32e75f1a,cached,True,blocked_pending_explicit_permission,https://www.pbs.gov.au/info/general/copyright,True,https://www.pbs.gov.au/publication/schedule/2012/03/2012-03-01-dental-book-SOC.pdf,au_pbs_archive_2012_03_01_3f3a941e1da4,exact_digest_match
1,"[""HR6WD4A4PCORDLTKQBNQYSTXQCFN3V6M""]","[""20211012063118""]",au_pbs_archive_3f7b77cf50652a6d,HR6WD4A4PCORDLTKQBNQYSTXQCFN3V6M,b94a13ca285707879c7ac43e757e6871647c396a511a12a735d039b14a5c2b61,cached,True,blocked_pending_explicit_permission,https://www.pbs.gov.au/info/general/copyright,True,https://www.pbs.gov.au/publication/schedule/2020/09/2020-09-01-efc-schedule.pdf,au_pbs_archive_2020_09_01_3f7b77cf5065,exact_digest_match
0,[],[],au_pbs_archive_4018991f6ce03567,GRNMZVYHXCNLQDG7JAO2LH36YXW3SE36,cf70e1930c9aef595a20e2690d0c8145115172fac5d7f439c075632ab9754945,cached,True,blocked_pending_explicit_permission,https://www.pbs.gov.au/info/general/copyright,False,https://www.pbs.gov.au/publication/schedule/2007/2007-07-01-dental-book-soc.pdf,au_pbs_archive_2007_07_01_4018991f6ce0,no_archive_capture
0,[],[],au_pbs_archive_404dd6faf91c3a0a,UJBGQJBO3ZLHW26LD457XWO75C6GTHDX,00b3c2d68eddb37ca4a61dfd97370c67590fe271496c3904ef70727eecee94cf,cached,True,blocked_pending_explicit_permission,https://www.pbs.gov.au/info/general/copyright,False,https://www.pbs.gov.au/publication/schedule/2015/03/2015-03-01-errata.pdf,au_pbs_archive_2015_03_01_404dd6faf91c,no_archive_capture
0,[],[],au_pbs_archive_40dbaafdf8123e35,Y7ZS5IGBUMP6BRWZL2QNRHKZ5G63YIMU,4866ac02a4d12827ba373822b5815c9fb80977f7059934de0028a47503b949c5,cached,True,blocked_pending_explicit_permission,https://www.pbs.gov.au/info/general/copyright,False,https://www.pbs.gov.au/publication/schedule/2009/2009-01-01-dental-book.pdf,au_pbs_archive_2009_01_01_40dbaafdf812,no_archive_capture
1,"[""QRMKGCVBICDZ3KRCN2PG5FIYEVLFMZ32""]","[""20250323155142""]",au_pbs_archive_411b67b94db0ecd3,QRMKGCVBICDZ3KRCN2PG5FIYEVLFMZ32,b830e29f9dc6a10dc3e82c767c80a55989c354eb46bcbf936673fc05af67e968,cached,True,blocked_pending_explicit_permission,https://www.pbs.gov.au/info/general/copyright,True,https://www.pbs.gov.au/publication/schedule/2024/08/2024-08-01-general-schedule-volume-1.pdf,au_pbs_archive_2024_08_01_411b67b94db0,exact_digest_match
1,"[""RXIMLYDIUKS43H63LQ7WORZNUF5SQDTF""]","[""20190409043046""]",au_pbs_archive_4169c0076904f72e,RXIMLYDIUKS43H63LQ7WORZNUF5SQDTF,271f7da91d68b45e70bafea8981defe1b93018868c915015c69048f838a86382,cached,True,blocked_pending_explicit_permission,https://www.pbs.gov.au/info/general/copyright,True,https://www.pbs.gov.au/publication/schedule/2018/11/2018-11-01-efc-schedule.pdf,au_pbs_archive_2018_11_01_4169c0076904,exact_digest_match
1,"[""G76K42CG467BBPZ5P7DWJT6P53WP4MXN""]","[""20211012063115""]",au_pbs_archive_416fd3fe79aae85c,G76K42CG467BBPZ5P7DWJT6P53WP4MXN,392ffd5ad6c5e48ee5d946c2bc2d329e3911d485925481ab03fe86d7f44bca37,cached,True,blocked_pending_explicit_permission,https://www.pbs.gov.au/info/general/copyright,True,https://www.pbs.gov.au/publication/schedule/2021/02/2021-02-01-general-schedule-volume-2.pdf,au_pbs_archive_2021_02_01_416fd3fe79aa,exact_digest_match
0,[],[],au_pbs_archive_417e0bb5932fa67e,6NV47RPCCU2GFLUCML6MSWZ4HOAOFD5N,8343cc84c6ea67abc999a8d85cbdcebf0fa15f284a73ebbec6f40371e21896b3,cached,True,blocked_pending_explicit_permission,https://www.pbs.gov.au/info/general/copyright,False,https://www.pbs.gov.au/publication/schedule/2007/2007-08-01-dental-book.pdf,au_pbs_archive_2007_08_01_417e0bb5932f,no_archive_capture
1,"[""L4PBR6TWWGQETSMGPZJDE5Q7YOFIQKBC""]","[""20130423155911""]",au_pbs_archive_4183c3d3c575b543,L4PBR6TWWGQETSMGPZJDE5Q7YOFIQKBC,4a83d8162cb21004a7cac2eebf8960aade59e5a8223b88f5191c139a1e4c3b51,cached,True,blocked_pending_explicit_permission,https://www.pbs.gov.au/info/general/copyright,True,https://www.pbs.gov.au/publication/schedule/2013/02/2013-02-01-errata.pdf,au_pbs_archive_2013_02_01_4183c3d3c575,exact_digest_match
1,"[""RGYIKQY534VGZBFJWMSQX2LWBQ3G3QGU""]","[""20130423155621""]",au_pbs_archive_41cafa88a2b366f8,RGYIKQY534VGZBFJWMSQX2LWBQ3G3QGU,4229571b0d5f0e5c0a187b33239052ed4d7699107916a77ea49ec0f6aa9ebba1,cached,True,blocked_pending_explicit_permission,https://www.pbs.gov.au/info/general/copyright,True,https://www.pbs.gov.au/publication/schedule/2013/03/2013-03-01-general-schedule.pdf,au_pbs_archive_2013_03_01_41cafa88a2b3,exact_digest_match
1,"[""WXS3ZEQWS2E7EISPJGMWAMKWH3LJP6SC""]","[""20120227122821""]",au_pbs_archive_41f8f5c6d1cb0ec6,WXS3ZEQWS2E7EISPJGMWAMKWH3LJP6SC,a70f8b5895ceaf4ebea2ec446c24cc5d56a82e2fb3275dca2a4fc25ce079afb2,cached,True,blocked_pending_explicit_permission,https://www.pbs.gov.au/info/general/copyright,True,https://www.pbs.gov.au/publication/schedule/2011/08/2011-08-01-general-schedule-SOC.pdf,au_pbs_archive_2011_08_01_41f8f5c6d1cb,exact_digest_match
1,"[""6XH6OU3VNGQMPEROLYAELP56JJRITE2X""]","[""20250323161059""]",au_pbs_archive_4210d7a846813749,6XH6OU3VNGQMPEROLYAELP56JJRITE2X,95ac4bb1ac6639efd4d965ad85f73d621b601623151cbece79ff4326375704b6,cached,True,blocked_pending_explicit_permission,https://www.pbs.gov.au/info/general/copyright,True,https://www.pbs.gov.au/publication/schedule/2024/06/2024-06-01-efc-schedule.pdf,au_pbs_archive_2024_06_01_4210d7a84681,exact_digest_match
1,"[""4PLL6C5LZXL2QLP6SCGPB6T6PUJZQ7OV""]","[""20130423222442""]",au_pbs_archive_42325d71028c2b65,4PLL6C5LZXL2QLP6SCGPB6T6PUJZQ7OV,3a698f062b63b8e0c6021b9699d991663e7187655ddb11f41132d4c0047dd00b,cached,True,blocked_pending_explicit_permission,https://www.pbs.gov.au/info/general/copyright,True,https://www.pbs.gov.au/publication/schedule/2012/06/2012-06-01-efc-schedule.pdf,au_pbs_archive_2012_06_01_42325d71028c,exact_digest_match
1,"[""XZ52POTALY4VGJAIMMYN6E4VL6CROXBY""]","[""20200322110700""]",au_pbs_archive_425aca3d15931c99,XZ52POTALY4VGJAIMMYN6E4VL6CROXBY,811b18d3150daf59d90746b98859f20915b4da2bcaebe5b33426712b9a241afb,cached,True,blocked_pending_explicit_permission,https://www.pbs.gov.au/info/general/copyright,True,https://www.pbs.gov.au/publication/schedule/2019/09/2019-09-01-general-schedule-volume-2.pdf,au_pbs_archive_2019_09_01_425aca3d1593,exact_digest_match
0,[],[],au_pbs_archive_425ef50f2275485e,WP6O5XHV7EVLVAP36KSFG2PFFC67JW3J,53d0b360da23c3801e059e611dc9f85436478c85fc473f7c96db6d724d403607,cached,True,blocked_pending_explicit_permission,https://www.pbs.gov.au/info/general/copyright,False,https://www.pbs.gov.au/publication/schedule/2010/2010-10-01-dental-book.pdf,au_pbs_archive_2010_10_01_425ef50f2275,no_archive_capture
0,[],[],au_pbs_archive_42b636dc1de09516,BBCJBBHM6XHUNLM23FKGHDU3IG5VNEWS,269712b8e98c6a5d16c8970b9279e920e3329f8f6c75115e1e92e5fe677274b0,cached,True,blocked_pending_explicit_permission,https://www.pbs.gov.au/info/general/copyright,False,https://www.pbs.gov.au/publication/schedule/1951-2002/1983-10-01-RPBS-Schedule.pdf,au_pbs_archive_1983_10_01_42b636dc1de0,no_archive_capture
1,"[""HECPLPJYDJCIJ3BXVEH6ZUV3IQRC64HP""]","[""20250323153847""]",au_pbs_archive_42cffcf0f667f6d4,HECPLPJYDJCIJ3BXVEH6ZUV3IQRC64HP,f77e2dbb3fa35938e4ccb4f49d83c1d7a80b3ae2b4e387d9261c776d71f21f68,cached,True,blocked_pending_explicit_permission,https://www.pbs.gov.au/info/general/copyright,True,https://www.pbs.gov.au/publication/schedule/2024/11/2024-11-01-general-schedule-volume-2.pdf,au_pbs_archive_2024_11_01_42cffcf0f667,exact_digest_match
1,"[""WVVQGYT4X7HDVCYTTCMT5YE4FEFHS4SP""]","[""20120227130319""]",au_pbs_archive_42ffe803df78b294,WVVQGYT4X7HDVCYTTCMT5YE4FEFHS4SP,f76ed4f16b221369878c348cb493df4f62298043f583f8e4493b68302d8bc04b,cached,True,blocked_pending_explicit_permission,https://www.pbs.gov.au/info/general/copyright,True,https://www.pbs.gov.au/publication/schedule/2011/08/2011-08-01-dental-book.pdf,au_pbs_archive_2011_08_01_42ffe803df78,exact_digest_match
1,"[""HY4RX5KEZRX6HIW5SHZBVRJJXEWNRXR4""]","[""20160312094907""]",au_pbs_archive_430dad6466143209,HY4RX5KEZRX6HIW5SHZBVRJJXEWNRXR4,8508467cdd52e316e5c17d8688ba3b296fda9932a24b721220acc946a1a6e15b,cached,True,blocked_pending_explicit_permission,https://www.pbs.gov.au/info/general/copyright,True,https://www.pbs.gov.au/publication/schedule/2015/12/2015-12-01-efc-schedule.pdf,au_pbs_archive_2015_12_01_430dad646614,exact_digest_match
0,[],[],au_pbs_archive_430f67e16a8abe88,TOFAURUUTDLCQIDYE6BQNKOEDYNORIHU,3da4344af94fdc392e89d41f3fd6d7f4d04bb67d0e6bcdc196726163851a627c,cached,True,blocked_pending_explicit_permission,https://www.pbs.gov.au/info/general/copyright,False,https://www.pbs.gov.au/publication/schedule/2026/07/2026-07-01-general-schedule-r1-Volume-2.pdf,au_pbs_archive_2026_07_01_430f67e16a8a,no_archive_capture
1,"[""5OTSGMSFYIJVR5SNDMMOM3JVLFJ4OA6W""]","[""20200322104306""]",au_pbs_archive_4311130982bdb8b9,5OTSGMSFYIJVR5SNDMMOM3JVLFJ4OA6W,ce62dbe081db2da1c5c66e5d42cc13fa6c1439da7181185e642bc596c973ab80,cached,True,blocked_pending_explicit_permission,https://www.pbs.gov.au/info/general/copyright,True,https://www.pbs.gov.au/publication/schedule/2019/12/2019-12-01-general-soc.pdf,au_pbs_archive_2019_12_01_4311130982bd,exact_digest_match
1,"[""YFVEOX5X74WKMZZRWGDDCXGLOZAB2YEV""]","[""20180414094533""]",au_pbs_archive_431d762ad39eabb9,YFVEOX5X74WKMZZRWGDDCXGLOZAB2YEV,970309025762b6ce6a51461a495113777579219d60567f290ce8c2a95bb6c2db,cached,True,blocked_pending_explicit_permission,https://www.pbs.gov.au/info/general/copyright,True,https://www.pbs.gov.au/publication/schedule/2017/09/2017-09-01-general-schedule.pdf,au_pbs_archive_2017_09_01_431d762ad39e,exact_digest_match
1,"[""6TLG3A55FSSVJ5SYYECRKVYMK6NNXXNC""]","[""20251125061037""]",au_pbs_archive_438327eeafb89af0,6TLG3A55FSSVJ5SYYECRKVYMK6NNXXNC,5288c1b24ab4441ab2a3e93a8a91750c4f4f94103ed960e0d2f9390c9486d2be,cached,True,blocked_pending_explicit_permission,https://www.pbs.gov.au/info/general/copyright,True,https://www.pbs.gov.au/publication/schedule/2025/04/2025-04-01-efc-schedule.pdf,au_pbs_archive_2025_04_01_438327eeafb8,exact_digest_match
0,[],[],au_pbs_archive_43b25c31b045b577,ENQL4NLZ3ALWLOEKPXRUZQP32OYOIB7G,106a3e3d9a2f2757a0be6aea0bed64408a4505b3540af172b18f663c69a89a2d,cached,True,blocked_pending_explicit_permission,https://www.pbs.gov.au/info/general/copyright,False,https://www.pbs.gov.au/publication/schedule/2026/04/2026-04-01-general-schedule-Volume-2.pdf,au_pbs_archive_2026_04_01_43b25c31b045,no_archive_capture
1,"[""CEMMDUQ3OWJJI3Z3RWP6OCUYBOIBVL35""]","[""20200322113006""]",au_pbs_archive_43f120c1cdc00d36,CEMMDUQ3OWJJI3Z3RWP6OCUYBOIBVL35,273d1edc1d6959b6065b0601d0f91a130c98c656277955b0da76dae61181353a,cached,True,blocked_pending_explicit_permission,https://www.pbs.gov.au/info/general/copyright,True,https://www.pbs.gov.au/publication/schedule/2019/05/2019-05-01-general-soc.pdf,au_pbs_archive_2019_05_01_43f120c1cdc0,exact_digest_match
1,"[""KBTOIZDJKOAH4BNZT2T6UWOFINNA72EH""]","[""20130501233621""]",au_pbs_archive_4401e6666ed6ef6c,KBTOIZDJKOAH4BNZT2T6UWOFINNA72EH,6cf5ad92b1d721ee5cae7b8b4188fe751a09ef4ffa37ed6bbd77c1917278dcc4,cached,True,blocked_pending_explicit_permission,https://www.pbs.gov.au/info/general/copyright,True,https://www.pbs.gov.au/publication/schedule/2013/05/2013-05-01-general-schedule.pdf,au_pbs_archive_2013_05_01_4401e6666ed6,exact_digest_match
0,[],[],au_pbs_archive_4443e52ade19544b,HWLY4ZX4HJ3OJOPMNFVD6BP5P6B3KICQ,85fb993cb499e8b1b02a7d65c046e0d116658e79058b15cdadb65fe2d3d3a0e4,cached,True,blocked_pending_explicit_permission,https://www.pbs.gov.au/info/general/copyright,False,https://www.pbs.gov.au/publication/schedule/2008/2008-09-01-general-schedule.pdf,au_pbs_archive_2008_09_01_4443e52ade19,no_archive_capture
1,"[""3FN2IOBIB2BHIUMWPRQWIGNWR45GQEGT""]","[""20171031031912""]",au_pbs_archive_449fa3e7de7daaea,3FN2IOBIB2BHIUMWPRQWIGNWR45GQEGT,a300f9948474e0247a82736c74b54f630378e4ac28c647c555651ab50d38ec4a,cached,True,blocked_pending_explicit_permission,https://www.pbs.gov.au/info/general/copyright,True,https://www.pbs.gov.au/publication/schedule/2017/04/2017-04-01-general-schedule.pdf,au_pbs_archive_2017_04_01_449fa3e7de7d,exact_digest_match
0,[],[],au_pbs_archive_4505d89332b2fb5e,ZXJJBE73QK2YCZWWF5KNNGOF2XWATOOB,29e08219f1c3d31307471332762ec30eb6b6c48cb6eaf00bddd65474ff45dfc4,cached,True,blocked_pending_explicit_permission,https://www.pbs.gov.au/info/general/copyright,False,https://www.pbs.gov.au/publication/schedule/2010/2010-03-01-dental-book.pdf,au_pbs_archive_2010_03_01_4505d89332b2,no_archive_capture
0,[],[],au_pbs_archive_454a453e80c89b85,DSIC7AOMOYHF5LDIN2YEG57OWLVN2PNO,3a8b857aad226e5fce84a43125f80745221ea7b43b78072501459cd32a9be264,cached,True,blocked_pending_explicit_permission,https://www.pbs.gov.au/info/general/copyright,False,https://www.pbs.gov.au/publication/schedule/2010/2010-09-01-dental-book.pdf,au_pbs_archive_2010_09_01_454a453e80c8,no_archive_capture
1,"[""W2W6A5TUJ3NFYYWMG47J2WGOXGXGEJAU""]","[""20211012063145""]",au_pbs_archive_454aca34a8231746,W2W6A5TUJ3NFYYWMG47J2WGOXGXGEJAU,de7418090f27f245cd82b98ac6936d9578b4fbb32c7b0c2c742ecc380787a053,cached,True,blocked_pending_explicit_permission,https://www.pbs.gov.au/info/general/copyright,True,https://www.pbs.gov.au/publication/schedule/2021/04/2021-04-01-efc-schedule.pdf,au_pbs_archive_2021_04_01_454aca34a823,exact_digest_match
1,"[""2774MKCABWVTLOP6HO2HQUOWVOWMSSTV""]","[""20180414090438""]",au_pbs_archive_455369b6aeae32a8,2774MKCABWVTLOP6HO2HQUOWVOWMSSTV,bc5659c6e45a034908862bcdf68bd66aa660c4929d8a2fe85c98ecec3c83f32b,cached,True,blocked_pending_explicit_permission,https://www.pbs.gov.au/info/general/copyright,True,https://www.pbs.gov.au/publication/schedule/2018/01/2018-01-01-general-soc.pdf,au_pbs_archive_2018_01_01_455369b6aeae,exact_digest_match
1,"[""GIHLYQXZJ7C2UE6EIVZQTXC5TKR5MRR6""]","[""20200322105513""]",au_pbs_archive_457a681970ce1dbc,GIHLYQXZJ7C2UE6EIVZQTXC5TKR5MRR6,65d13361d5f4baf965f42d070dcdf55e275954392a283dea1614b88866d8eb6a,cached,True,blocked_pending_explicit_permission,https://www.pbs.gov.au/info/general/copyright,True,https://www.pbs.gov.au/publication/schedule/2019/10/2019-10-01-general-soc.pdf,au_pbs_archive_2019_10_01_457a681970ce,exact_digest_match
1,"[""XZE3SBFZBPZQ2XH5GMGA7P2BMWDF7HJK""]","[""20180414095109""]",au_pbs_archive_461967783e420837,XZE3SBFZBPZQ2XH5GMGA7P2BMWDF7HJK,8a8068cd96db57b31da8a3e68a40e6d9fa5b52bd1dd5fdc7305760c48edd9b4c,cached,True,blocked_pending_explicit_permission,https://www.pbs.gov.au/info/general/copyright,True,https://www.pbs.gov.au/publication/schedule/2017/08/2017-08-01-general-schedule.pdf,au_pbs_archive_2017_08_01_461967783e42,exact_digest_match
1,"[""4SAHQVDCNN26TUTP4UGK2Y2YLLMQRKQY""]","[""20150303082721""]",au_pbs_archive_462af6258961a9c5,4SAHQVDCNN26TUTP4UGK2Y2YLLMQRKQY,45510f54cd182b632c12aeaa9b4095d6f1271b657a029513b6cac49258a43bfa,cached,True,blocked_pending_explicit_permission,https://www.pbs.gov.au/info/general/copyright,True,https://www.pbs.gov.au/publication/schedule/2014/06/2014-06-01-general-schedule-soc.pdf,au_pbs_archive_2014_06_01_462af6258961,exact_digest_match
1,"[""7FX26LZIRJISJRSQSQNAHGYZWIGMEI24""]","[""20260128205132""]",au_pbs_archive_464689880fdf60a8,7FX26LZIRJISJRSQSQNAHGYZWIGMEI24,8b61d3978c5905528d6c07f5c324ceba82f3b3ab878a45deb12665eba670eb84,cached,True,blocked_pending_explicit_permission,https://www.pbs.gov.au/info/general/copyright,True,https://www.pbs.gov.au/publication/schedule/2026/01/2026-01-01-general-schedule-volume-1.pdf,au_pbs_archive_2026_01_01_464689880fdf,exact_digest_match
1,"[""SMUBEVFJUA6KZKCCAA5ULX22ZJGS7ZHU""]","[""20250323153247""]",au_pbs_archive_464ffc1f14e1e425,SMUBEVFJUA6KZKCCAA5ULX22ZJGS7ZHU,371c015ebbc850500a8dea48453b0b3f0576ee59afe063ba97d62ee78ab192d6,cached,True,blocked_pending_explicit_permission,https://www.pbs.gov.au/info/general/copyright,True,https://www.pbs.gov.au/publication/schedule/2024/12/2024-12-01-general-schedule-volume-2.pdf,au_pbs_archive_2024_12_01_464ffc1f14e1,exact_digest_match
1,"[""YYCHKQ3T2I4H3YDECFIZ7CVFERMXO2YM""]","[""20240329100423""]",au_pbs_archive_465ab2e9ca10ea3b,YYCHKQ3T2I4H3YDECFIZ7CVFERMXO2YM,f6b95310730da4aee37df6019f443b8ffe6e291a13d049a12716a580fb65dff6,cached,True,blocked_pending_explicit_permission,https://www.pbs.gov.au/info/general/copyright,True,https://www.pbs.gov.au/publication/schedule/2023/11/2023-11-01-general-schedule-volume-1.pdf,au_pbs_archive_2023_11_01_465ab2e9ca10,exact_digest_match
1,"[""42EVV5H3UEDCDLL3LC2FP76DMYOSKPCE""]","[""20231022211910""]",au_pbs_archive_4670dad089b4b166,42EVV5H3UEDCDLL3LC2FP76DMYOSKPCE,d2013191d7aa5afd42a94097b5edc33204bbd533e4da2728ecbaefadc8bd9983,cached,True,blocked_pending_explicit_permission,https://www.pbs.gov.au/info/general/copyright,True,https://www.pbs.gov.au/publication/schedule/2023/10/2023-10-01-general-schedule-volume-2.pdf,au_pbs_archive_2023_10_01_4670dad089b4,exact_digest_match
0,[],[],au_pbs_archive_4701605705c1c536,XJDZSDCI4SOIA7VN6CJXVYV2XVWOTYTH,3939e1614ddf3ecbe363f15bc95c2193cee577e1973b57ea3df0f89abd63e1bf,cached,True,blocked_pending_explicit_permission,https://www.pbs.gov.au/info/general/copyright,False,https://www.pbs.gov.au/publication/schedule/2007/2007-08-01-dental-book-soc.pdf,au_pbs_archive_2007_08_01_4701605705c1,no_archive_capture
0,[],[],au_pbs_archive_4710dee53332d5c2,W3KWE5Z3MLXXMBABZSBOZ7XP3FPCHBYG,d92113534be7cba0aedffca4af5df9dd1600a6c4fd73685f0fd96548cd84b23e,cached,True,blocked_pending_explicit_permission,https://www.pbs.gov.au/info/general/copyright,False,https://www.pbs.gov.au/publication/schedule/1951-2002/1971-12-01-consolidated-schedules.pdf,au_pbs_archive_1971_12_01_4710dee53332,no_archive_capture
1,"[""7V777NZ4E3M4S74R5VTLGCXZODCUPBJA""]","[""20160312094550""]",au_pbs_archive_476f923dee12b986,7V777NZ4E3M4S74R5VTLGCXZODCUPBJA,f0cfdacb9caaf25de5bef4b2ed4c0dce6f0fee86c717d567ba737f2ce0d56a22,cached,True,blocked_pending_explicit_permission,https://www.pbs.gov.au/info/general/copyright,True,https://www.pbs.gov.au/publication/schedule/2016/01/2016-01-01-general-schedule.pdf,au_pbs_archive_2016_01_01_476f923dee12,exact_digest_match
1,"[""YJSVXWW32PGOENEOAYHZMLC6ORTZJVGL""]","[""20130423160444""]",au_pbs_archive_476fd169c5ab96e4,YJSVXWW32PGOENEOAYHZMLC6ORTZJVGL,d3bea5e9bb05a2265970a52f5ff8be6ff87ce6bf89b5f2b86e3d1191752a71d0,cached,True,blocked_pending_explicit_permission,https://www.pbs.gov.au/info/general/copyright,True,https://www.pbs.gov.au/publication/schedule/2012/10/2012-10-01-general-schedule-errata.pdf,au_pbs_archive_2012_10_01_476fd169c5ab,exact_digest_match
1,"[""7LSX63CVCD4VEAXMQR2OO53V5DYNBDZS""]","[""20180414100022""]",au_pbs_archive_477251cda1a20125,7LSX63CVCD4VEAXMQR2OO53V5DYNBDZS,24778976d3acdf64aec36557a3c417dff5ed8beefa3e0fa997359ad28811885e,cached,True,blocked_pending_explicit_permission,https://www.pbs.gov.au/info/general/copyright,True,https://www.pbs.gov.au/publication/schedule/2017/07/2017-07-01-efc-schedule.pdf,au_pbs_archive_2017_07_01_477251cda1a2,exact_digest_match
0,[],[],au_pbs_archive_4855e1f6ade09408,CVBPN7O2DVUUXRKHGVBWL4G27WBI6SDR,c5ff78e72b2a24e01c21fecd90de79454acaaa410e39dff74c2ae2aa05bfd7ab,cached,True,blocked_pending_explicit_permission,https://www.pbs.gov.au/info/general/copyright,False,https://www.pbs.gov.au/publication/schedule/1951-2002/1972-12-01-PBS-Schedule-Medical-Practitioners.pdf,au_pbs_archive_1972_12_01_4855e1f6ade0,no_archive_capture
1,"[""36NAHXGKBYTCYXSARAEHLIITKNJ35AQ3""]","[""20240329094911""]",au_pbs_archive_487a2de5d341f698,36NAHXGKBYTCYXSARAEHLIITKNJ35AQ3,56cd14ed8605bf387f18732f67501730b1c3bb0aaa64342ba495b57487b02968,cached,True,blocked_pending_explicit_permission,https://www.pbs.gov.au/info/general/copyright,True,https://www.pbs.gov.au/publication/schedule/2024/01/2024-01-01-general-soc.pdf,au_pbs_archive_2024_01_01_487a2de5d341,exact_digest_match
1,"[""5G5DE27WBL3ZUJXVD4UCREIIJAJHT2BX""]","[""20240326204019""]",au_pbs_archive_487e8e8a5aec1956,5G5DE27WBL3ZUJXVD4UCREIIJAJHT2BX,ad51e0fc7e85609bbe1c611aa3f19757e947ff1406ba15e063a7aa66e33e8318,cached,True,blocked_pending_explicit_permission,https://www.pbs.gov.au/info/general/copyright,True,https://www.pbs.gov.au/publication/schedule/2024/03/2024-03-01-efc-schedule.pdf,au_pbs_archive_2024_03_01_487e8e8a5aec,exact_digest_match
0,[],[],au_pbs_archive_4910460af76f5b1a,VOXD645F2DTJ434LHQE3V6JHMYB6JCKW,d5e0b6e88b9c9d622e0540c94922f1e5e4b5bc22688f2e21b8d7982df652d4fc,cached,True,blocked_pending_explicit_permission,https://www.pbs.gov.au/info/general/copyright,False,https://www.pbs.gov.au/publication/schedule/2009/2009-07-01-dental-book-soc.pdf,au_pbs_archive_2009_07_01_4910460af76f,no_archive_capture
1,"[""MJSF4HA2NWHOLCEO2D3OM3LFQDJNPK36""]","[""20250323154704""]",au_pbs_archive_493ff01c0d328d73,MJSF4HA2NWHOLCEO2D3OM3LFQDJNPK36,52970e6b2b86ff79864eaf44f37ef2f378cd9f3314828357b6b87d465862c6d8,cached,True,blocked_pending_explicit_permission,https://www.pbs.gov.au/info/general/copyright,True,https://www.pbs.gov.au/publication/schedule/2024/09/Errata-for-2024-09-01-Migalastat-and-Price-Amoxicillin-with-clavulanic-acid.pdf,au_pbs_archive_2024_09_01_493ff01c0d32,exact_digest_match
1,"[""VMLR5HSWGI7O4XBZTHZ4Z52BC4TVKE72""]","[""20221116171409""]",au_pbs_archive_49643f6d05d8b38e,VMLR5HSWGI7O4XBZTHZ4Z52BC4TVKE72,f082895f24f98b9c868b049ebfdad2c41ab2ae4254e3b8e13b8e84c99038933c,cached,True,blocked_pending_explicit_permission,https://www.pbs.gov.au/info/general/copyright,True,https://www.pbs.gov.au/publication/schedule/2022/06/2022-06-01-general-schedule-volume-2.pdf,au_pbs_archive_2022_06_01_49643f6d05d8,exact_digest_match
1,"[""UMAYTRCKCQEFCVAN7FDRMKZUUQROYYWQ""]","[""20251125055939""]",au_pbs_archive_497d9cd61ede919b,UMAYTRCKCQEFCVAN7FDRMKZUUQROYYWQ,2195b2fc10f5bec5548f91db379c935801ee568f63192a186c917d6eb46ef41d,cached,True,blocked_pending_explicit_permission,https://www.pbs.gov.au/info/general/copyright,True,https://www.pbs.gov.au/publication/schedule/2025/08/2025-08-01-general-schedule-volume-2.pdf,au_pbs_archive_2025_08_01_497d9cd61ede,exact_digest_match
0,[],[],au_pbs_archive_499252ab77e1cf92,7V3EZEFGUUICCZ7CJ3ZXUYKSFLDWE4Q7,fc6912eeb1427faaeb8e0df8ec077d9005facf708d524295bd558a64437ebf72,cached,True,blocked_pending_explicit_permission,https://www.pbs.gov.au/info/general/copyright,False,https://www.pbs.gov.au/publication/schedule/2009/2009-03-01-dental-book.pdf,au_pbs_archive_2009_03_01_499252ab77e1,no_archive_capture
1,"[""ZDQZCKLXEBZ2YBO3EHP5Z3CDQRRPFJOC""]","[""20150303081545""]",au_pbs_archive_49e52c592dd15d00,ZDQZCKLXEBZ2YBO3EHP5Z3CDQRRPFJOC,a4c894e9d7ab8b963478224df86bd7a853a66ef24ef8057bee3a968119665d71,cached,True,blocked_pending_explicit_permission,https://www.pbs.gov.au/info/general/copyright,True,https://www.pbs.gov.au/publication/schedule/2014/12/2014-12-01-general-schedule-soc.pdf,au_pbs_archive_2014_12_01_49e52c592dd1,exact_digest_match
1,"[""5KI4J3ANE5FABKU3BO76TN26CHOGEVLE""]","[""20200322111652""]",au_pbs_archive_4a5981ef191ae3f1,5KI4J3ANE5FABKU3BO76TN26CHOGEVLE,f90bb08513aa1357ee3fee0af124da200434ae905f635303295d23e76b7b062e,cached,True,blocked_pending_explicit_permission,https://www.pbs.gov.au/info/general/copyright,True,https://www.pbs.gov.au/publication/schedule/2019/07/2019-07-01-erratum.pdf,au_pbs_archive_2019_07_01_4a5981ef191a,exact_digest_match
0,[],[],au_pbs_archive_4ae618e1553a4876,YVDAP2EEMWO72QVM2WKF7LC4CSD5E5SE,005f3d78d66cb3cd1deb18c324d3de730371565983205641b3fe47e07a337a5d,cached,True,blocked_pending_explicit_permission,https://www.pbs.gov.au/info/general/copyright,False,https://www.pbs.gov.au/publication/schedule/2010/2010-10-01-dental-book-SOC.pdf,au_pbs_archive_2010_10_01_4ae618e1553a,no_archive_capture
1,"[""VICDVWGSD724PLYZN25GH2F6RFIEBNUW""]","[""20250323152101""]",au_pbs_archive_4b0117d0bd4fe7b5,VICDVWGSD724PLYZN25GH2F6RFIEBNUW,841d9b961929826bc7083f660cce3d2415d06ea6de4cdac28ecfb4c7f390e4c0,cached,True,blocked_pending_explicit_permission,https://www.pbs.gov.au/info/general/copyright,True,https://www.pbs.gov.au/publication/schedule/2025/02/2025-02-01-general-schedule-volume-1.pdf,au_pbs_archive_2025_02_01_4b0117d0bd4f,exact_digest_match
1,"[""MS4UK6RNZK6Q7UYXDFTMWPNXEDJUJLVX""]","[""20231106134232""]",au_pbs_archive_4b31e3ebf53038fb,MS4UK6RNZK6Q7UYXDFTMWPNXEDJUJLVX,ba39ae8760aea4e937d5311b537d71334505b2eac4e8cbb3163cd5b7b73418bf,cached,True,blocked_pending_explicit_permission,https://www.pbs.gov.au/info/general/copyright,True,https://www.pbs.gov.au/publication/schedule/2023/06/2023-06-01-efc-schedule.pdf,au_pbs_archive_2023_06_01_4b31e3ebf530,exact_digest_match
1,"[""MJRCR7KUDX3CKXM62NAJK6PZD6LQ7BEU""]","[""20170321143953""]",au_pbs_archive_4b7b001bec66a990,MJRCR7KUDX3CKXM62NAJK6PZD6LQ7BEU,bb878f720196262c5f715a71f42564c77ce835affc49c530c8595bfdc965c386,cached,True,blocked_pending_explicit_permission,https://www.pbs.gov.au/info/general/copyright,True,https://www.pbs.gov.au/publication/schedule/2016/09/2016-09-01-general-soc.pdf,au_pbs_archive_2016_09_01_4b7b001bec66,exact_digest_match
1,"[""NBGS5W5C5MUBZJ7PDY45ODWNJZMDZVMX""]","[""20220120090101""]",au_pbs_archive_4b7d23d5668ed721,NBGS5W5C5MUBZJ7PDY45ODWNJZMDZVMX,db72cc9875afdb01c11cbda882d34fa94f970c9a76f0da882ba902ee3f468466,cached,True,blocked_pending_explicit_permission,https://www.pbs.gov.au/info/general/copyright,True,https://www.pbs.gov.au/publication/schedule/2021/12/2021-12-01-general-schedule-volume-2.pdf,au_pbs_archive_2021_12_01_4b7d23d5668e,exact_digest_match
1,"[""LIMOHWB7HY7JVRXYOTRB7OXIDNI4YCPE""]","[""20251118102933""]",au_pbs_archive_4b8f48fef04ac0a2,LIMOHWB7HY7JVRXYOTRB7OXIDNI4YCPE,4f95f7336cd5be5a8657e053233e554b74738bd77d09e2ae0da2d2e516dfb160,cached,True,blocked_pending_explicit_permission,https://www.pbs.gov.au/info/general/copyright,True,https://www.pbs.gov.au/publication/schedule/2025/11/2025-11-01-general-soc.pdf,au_pbs_archive_2025_11_01_4b8f48fef04a,exact_digest_match
0,[],[],au_pbs_archive_4b921a6f4777252b,3ZZYIGR5SDLBRABSPZMMD5APFBPSQLX5,6e2c4956b90ef5f39aa26fd5882b6def3d48d3a5aa562f747b2680bfa536a547,cached,True,blocked_pending_explicit_permission,https://www.pbs.gov.au/info/general/copyright,False,https://www.pbs.gov.au/publication/schedule/2007/2007-05-01-general-schedule.pdf,au_pbs_archive_2007_05_01_4b921a6f4777,no_archive_capture
1,"[""QIEQIKO2TSM67WUA7YSA3GRFFXAL562J""]","[""20120227123406""]",au_pbs_archive_4ca3027ea6ab8c86,QIEQIKO2TSM67WUA7YSA3GRFFXAL562J,08827bcc6a46f1df89116ef4dc6225e9168948b47c11c28964866128ecaa2a1e,cached,True,blocked_pending_explicit_permission,https://www.pbs.gov.au/info/general/copyright,True,https://www.pbs.gov.au/publication/schedule/2011/10/2011-10-01-dental-book-SOC.pdf,au_pbs_archive_2011_10_01_4ca3027ea6ab,exact_digest_match
0,[],[],au_pbs_archive_4d0aa2fe7be0ab59,QY44OJDSWYFDOJXQT5LVF35WRC2ZCVTM,d7c4c6ca46106c4a35f2b11a543760862f3d8753b16b04ace82f231c2724b08b,cached,True,blocked_pending_explicit_permission,https://www.pbs.gov.au/info/general/copyright,False,https://www.pbs.gov.au/publication/schedule/2013/01/2013-01-01-pbs-schedule.pdf,au_pbs_archive_2013_01_01_4d0aa2fe7be0,no_archive_capture
0,[],[],au_pbs_archive_4d695a11fcaab065,X7JUVWNI3OXLPV4ZX2QTEPZMYF3EPYZ3,75848250ef070ed3cf1da7db1c1125dda817d92b0eea7810b62df8039c3a2686,cached,True,blocked_pending_explicit_permission,https://www.pbs.gov.au/info/general/copyright,False,https://www.pbs.gov.au/publication/schedule/2026/03/2026-03-01-general-schedule-volume-1.pdf,au_pbs_archive_2026_03_01_4d695a11fcaa,no_archive_capture
0,[],[],au_pbs_archive_4daaee4e968c82e7,XAQUQFLC45M6XYIL67IIQ3DUWZARWA45,02e5f22eef63aa2766e1f45d9c780aa22cc499709fb00928de2ff286ea0e046e,cached,True,blocked_pending_explicit_permission,https://www.pbs.gov.au/info/general/copyright,False,https://www.pbs.gov.au/publication/schedule/2010/2010-07-01-dental-book-SOC.pdf,au_pbs_archive_2010_07_01_4daaee4e968c,no_archive_capture
0,[],[],au_pbs_archive_4dd9cc49db2cc6dd,VBZBBJ2RNZSXUCQEFZQFNRREIURQFJDE,f46d13d421d6c0b7e49f36ffae74cbd14a8e2f96b7cdc043d194a81843a7a76f,cached,True,blocked_pending_explicit_permission,https://www.pbs.gov.au/info/general/copyright,False,https://www.pbs.gov.au/publication/schedule/2008/2008-02-01-general-schedule.pdf,au_pbs_archive_2008_02_01_4dd9cc49db2c,no_archive_capture
0,[],[],au_pbs_archive_4e0d9a86cc652e1a,CGIEESIKZKL6L77KD4LKEWIBPRO4SRQ3,f73902ae7f75d07e25be40b8117a6ae05f832f4b76e748f9437de32d9ca345ba,cached,True,blocked_pending_explicit_permission,https://www.pbs.gov.au/info/general/copyright,False,https://www.pbs.gov.au/publication/schedule/2026/07/2026-07-01-erratum.pdf,au_pbs_archive_2026_07_01_4e0d9a86cc65,no_archive_capture
0,[],[],au_pbs_archive_4e119c27682125ce,HVSVDDIDNW3OGIHYEBUD7RYINARBFR4J,8ea69bb8245c68af9021209c23415c87897a9156d1ddc928c447cd8425c3ab10,cached,True,blocked_pending_explicit_permission,https://www.pbs.gov.au/info/general/copyright,False,https://www.pbs.gov.au/publication/schedule/2011/03/2011-03-01-general-schedule.pdf,au_pbs_archive_2011_03_01_4e119c276821,no_archive_capture
1,"[""AOLTKOKP3ITSY5I63UHJFRESC6JYESPK""]","[""20190409044803""]",au_pbs_archive_4e1c68021b1942f8,AOLTKOKP3ITSY5I63UHJFRESC6JYESPK,831aed18140adc1889db80b16605f7bb18dc3f9f1510accd73aec5f4a7d44301,cached,True,blocked_pending_explicit_permission,https://www.pbs.gov.au/info/general/copyright,True,https://www.pbs.gov.au/publication/schedule/2018/07/2018-07-01-errata.pdf,au_pbs_archive_2018_07_01_4e1c68021b19,exact_digest_match
1,"[""N4WF3COM3TB4KL56OVDQCMXFFEACOZLE""]","[""20130423222943""]",au_pbs_archive_4e339db33d409440,N4WF3COM3TB4KL56OVDQCMXFFEACOZLE,41b460f51ba6c054ff18fcb37414c30f9125a776275c6a22197c0f8e8cf9620c,cached,True,blocked_pending_explicit_permission,https://www.pbs.gov.au/info/general/copyright,True,https://www.pbs.gov.au/publication/schedule/2012/04/2012-04-01-dental-book-SOC.pdf,au_pbs_archive_2012_04_01_4e339db33d40,exact_digest_match
0,[],[],au_pbs_archive_4e6c78401d64d14e,2MDOJIWSZ37TR4VYBG55ZCW32HJDFYYH,2977f8ffd1c984673ec013752f402b03d7f471133b2590ccf51db1cb5b1ee6cb,cached,True,blocked_pending_explicit_permission,https://www.pbs.gov.au/info/general/copyright,False,https://www.pbs.gov.au/publication/schedule/1951-2002/2002-11-01-PBS-Schedule.pdf,au_pbs_archive_2002_11_01_4e6c78401d64,no_archive_capture
0,[],[],au_pbs_archive_4ea6885ef6a40fc1,FNRTBY4DBYOPPPSQBZWXB57WCB4JF5ZP,1ca463119fa5a675e8ef159a87b150713c0b41cbf1af1d219d9d90fb98056f76,cached,True,blocked_pending_explicit_permission,https://www.pbs.gov.au/info/general/copyright,False,https://www.pbs.gov.au/publication/schedule/2008/2008-01-01-general-schedule-soc.pdf,au_pbs_archive_2008_01_01_4ea6885ef6a4,no_archive_capture
1,"[""PULYKDMEI75SUHCXYEXPJIAUR2LB33DY""]","[""20130501233703""]",au_pbs_archive_4ebc5d9536487309,PULYKDMEI75SUHCXYEXPJIAUR2LB33DY,30b6e72cc707e6082bf36ba2801c7c3490d8057c6f9806b875f6e7ebc2eb600d,cached,True,blocked_pending_explicit_permission,https://www.pbs.gov.au/info/general/copyright,True,https://www.pbs.gov.au/publication/schedule/2013/05/2013-05-01-efc-soc.pdf,au_pbs_archive_2013_05_01_4ebc5d953648,exact_digest_match
0,[],[],au_pbs_archive_4ec78739492a3fd6,X7QVDULNMVPEI4U2XLH42IC2YUDDOXCV,d0dd051e94f6ad7a0bc1a3bb058e148c718e9cd7489e15afd646d0ffcae0d8ef,cached,True,blocked_pending_explicit_permission,https://www.pbs.gov.au/info/general/copyright,False,https://www.pbs.gov.au/publication/schedule/2010/2010-11-01-dental-book-SOC.pdf,au_pbs_archive_2010_11_01_4ec78739492a,no_archive_capture
0,[],[],au_pbs_archive_4f1bd4628962d934,MO5JF2XWRSOIR4RKLBD222WIPMIU6ROC,afe067a3ce01e6ee6d650625f877271f846cf3a997a933a8272a1c0627af9856,cached,True,blocked_pending_explicit_permission,https://www.pbs.gov.au/info/general/copyright,False,https://www.pbs.gov.au/publication/schedule/2008/2008-07-01-dental-book-soc.pdf,au_pbs_archive_2008_07_01_4f1bd4628962,no_archive_capture
1,"[""TLVTC5UBKBU4FHO5UE352KX5TH725CW6""]","[""20200227104000""]",au_pbs_archive_4f5b425294120bd4,TLVTC5UBKBU4FHO5UE352KX5TH725CW6,2396ee01562701f378919aa5d9ee186616e7a46248e0a0a3e385949635142917,cached,True,blocked_pending_explicit_permission,https://www.pbs.gov.au/info/general/copyright,True,https://www.pbs.gov.au/publication/schedule/2020/02/2020-02-01-general-soc.pdf,au_pbs_archive_2020_02_01_4f5b42529412,exact_digest_match
0,[],[],au_pbs_archive_502be26b69967cd3,EJBVDTFCQ6XQSWX3SENWRWQWCB24N5BO,43ccb847afc7d1b6790976f5c7488c171fde454404281d37a913c54ff2656d20,cached,True,blocked_pending_explicit_permission,https://www.pbs.gov.au/info/general/copyright,False,https://www.pbs.gov.au/publication/schedule/2010/2010-12-01-general-schedule-SOC.pdf,au_pbs_archive_2010_12_01_502be26b6996,no_archive_capture
3,"[""OI7VUXALCWZXNIPBTMIY2V2CEWWNS7O4"", ""YGFDYJGLJ5YDQQSW4HWBAIARWKDYOUUN""]","[""20170321144016"", ""20190411052223"", ""20200324040058""]",au_pbs_archive_505dcbdbccc265c0,YGFDYJGLJ5YDQQSW4HWBAIARWKDYOUUN,f37b91b0ff8229c1b4200d017a36f391bb537e86e87bc79ed2de8d6067efc7ad,cached,True,blocked_pending_explicit_permission,https://www.pbs.gov.au/info/general/copyright,True,https://www.pbs.gov.au/publication/schedule/2016/09/2016-09-01-general-schedule.pdf,au_pbs_archive_2016_09_01_505dcbdbccc2,exact_digest_match
0,[],[],au_pbs_archive_508d94eee243c436,6KHNW373ZEIFPBD53C2JVX7EOOZCKQDV,68dd340b80df0ee15de048be2d482d78258eb163b80ac4560ba03957736f173e,cached,True,blocked_pending_explicit_permission,https://www.pbs.gov.au/info/general/copyright,False,https://www.pbs.gov.au/publication/schedule/2010/2010-04-01-general-schedule-SOC.pdf,au_pbs_archive_2010_04_01_508d94eee243,no_archive_capture
1,"[""4UWFL5HAEPZYUBR47NHJHQQ7RLJF24SH""]","[""20180414102305""]",au_pbs_archive_50985c1f9ffd8ea4,4UWFL5HAEPZYUBR47NHJHQQ7RLJF24SH,a639d6489a6c0974cbfd8e0ab0eac4dcfcbcb9ddc59ba46d3f6225d572495739,cached,True,blocked_pending_explicit_permission,https://www.pbs.gov.au/info/general/copyright,True,https://www.pbs.gov.au/publication/schedule/2017/04/2017-04-01-efc-schedule.pdf,au_pbs_archive_2017_04_01_50985c1f9ffd,exact_digest_match
1,"[""KMUSMDRU3NZKAOWXFANCQ5TNPVS5BD7V""]","[""20120227123219""]",au_pbs_archive_50a05ba2f8bfe3c0,KMUSMDRU3NZKAOWXFANCQ5TNPVS5BD7V,946548f1c51f5116ec2a72b8704a7885b7f54528fb479ed5075156c331b2ded8,cached,True,blocked_pending_explicit_permission,https://www.pbs.gov.au/info/general/copyright,True,https://www.pbs.gov.au/publication/schedule/2011/01/2011-01-01-dental-book.pdf,au_pbs_archive_2011_01_01_50a05ba2f8bf,exact_digest_match
0,[],[],au_pbs_archive_50bbd86abd087807,WHW2VNOKHXG3KNS4LWTPXWCMU2RAEP6O,6f7ae86d0b1f9f22ee72c94d957b61ba383fb42219f5b7ce83a77ac2cb90ce11,cached,True,blocked_pending_explicit_permission,https://www.pbs.gov.au/info/general/copyright,False,https://www.pbs.gov.au/publication/schedule/1951-2002/1982-12-01-consolidated-schedules.pdf,au_pbs_archive_1982_12_01_50bbd86abd08,no_archive_capture
0,[],[],au_pbs_archive_50e73898654d3f07,OCQ3JW7KBJKKD3O4ZEDNEV4NU2KKOGJS,f9ad6116dff82b4a380dcfe7ac2bf3ce6660aa1f3e8626991fef3a3d394771a4,cached,True,blocked_pending_explicit_permission,https://www.pbs.gov.au/info/general/copyright,False,https://www.pbs.gov.au/publication/schedule/2008/2008-08-01-dental-book-soc.pdf,au_pbs_archive_2008_08_01_50e73898654d,no_archive_capture
0,[],[],au_pbs_archive_513a9ac2a494aaa7,J734SP5UPHFO2INIKDS4FZ4WO4LL4HBQ,ba5e5c7e47f197c225ee2033bdf07beca214927de7e0880f5a4a26efaafb117f,cached,True,blocked_pending_explicit_permission,https://www.pbs.gov.au/info/general/copyright,False,https://www.pbs.gov.au/publication/schedule/2009/2009-06-01-dental-book-soc.pdf,au_pbs_archive_2009_06_01_513a9ac2a494,no_archive_capture
1,"[""CCUEPA77PRHSVX4O5LVPCNZQFWS5ML7Z""]","[""20130501233609""]",au_pbs_archive_51d2c97ee215e931,CCUEPA77PRHSVX4O5LVPCNZQFWS5ML7Z,ac59db3774b2d47256d9f709aac53cef0c7fb157402c3a49363f8a48bf5a90aa,cached,True,blocked_pending_explicit_permission,https://www.pbs.gov.au/info/general/copyright,True,https://www.pbs.gov.au/publication/schedule/2013/05/2013-05-01-general-schedule-soc.pdf,au_pbs_archive_2013_05_01_51d2c97ee215,exact_digest_match
0,[],[],au_pbs_archive_5204e4c22f609ca0,DGUTNZUGF5KHKGEB2WVNC34WKBVLDTQP,41291c0ac47be5739dfa4edf9c28be33a73560b6d8fa35b8ab892f03836987fa,cached,True,blocked_pending_explicit_permission,https://www.pbs.gov.au/info/general/copyright,False,https://www.pbs.gov.au/publication/schedule/2008/2008-08-01-general-schedule.pdf,au_pbs_archive_2008_08_01_5204e4c22f60,no_archive_capture
1,"[""22RF5V4BOV6QIJA7Q6JCM6TEQT634ACL""]","[""20130423221505""]",au_pbs_archive_53019dc305c8dc0e,22RF5V4BOV6QIJA7Q6JCM6TEQT634ACL,987f45c8946668a2a42ffb299b303476b35d26d49db4b923504cef7a7554e0db,cached,True,blocked_pending_explicit_permission,https://www.pbs.gov.au/info/general/copyright,True,https://www.pbs.gov.au/publication/schedule/2012/09/2012-09-01-general-schedule.pdf,au_pbs_archive_2012_09_01_53019dc305c8,exact_digest_match
1,"[""NPYYUHGC6EE3X5WYF2MT3NIMJDXADUHW""]","[""20120316203856""]",au_pbs_archive_5336ea50b861129e,NPYYUHGC6EE3X5WYF2MT3NIMJDXADUHW,a92a025f2170fb715a42abd0736b158e303366a79916bde6863b87cd6ac00b9e,cached,True,blocked_pending_explicit_permission,https://www.pbs.gov.au/info/general/copyright,True,https://www.pbs.gov.au/publication/schedule/2012/03/2012-03-01-dental-book.pdf,au_pbs_archive_2012_03_01_5336ea50b861,exact_digest_match
1,"[""6M4LF66RPNNZ5VGQE3MEOPZZ2YKEGZQB""]","[""20200322110414""]",au_pbs_archive_53a8108c500debbd,6M4LF66RPNNZ5VGQE3MEOPZZ2YKEGZQB,c22b169eaa4f932a180d0adf45519457a1ef01b291b91bcf705e3e47bfbc3fea,cached,True,blocked_pending_explicit_permission,https://www.pbs.gov.au/info/general/copyright,True,https://www.pbs.gov.au/publication/schedule/2019/09/2019-09-01-general-schedule-volume-1.pdf,au_pbs_archive_2019_09_01_53a8108c500d,exact_digest_match
1,"[""65OUXJZT253KL2CCZXSLPZKMZXCZQFO3""]","[""20251125055615""]",au_pbs_archive_53c0aa0a76bda03b,65OUXJZT253KL2CCZXSLPZKMZXCZQFO3,11ef2a609a71e0beb92a078080de0f25ef5ac0392e8d4f19b07282d3e6492fc5,cached,True,blocked_pending_explicit_permission,https://www.pbs.gov.au/info/general/copyright,True,https://www.pbs.gov.au/publication/schedule/2025/10/2025-10-01-efc-schedule.pdf,au_pbs_archive_2025_10_01_53c0aa0a76bd,exact_digest_match
0,[],[],au_pbs_archive_53dfb436789523c8,2V3RFWRC2RT2MXWRUYVSKUXONQGS77DZ,87006a9ac4b5d1f4fafbb67114696ceadba59b42ed85fb92d6c642b6f078a7d3,cached,True,blocked_pending_explicit_permission,https://www.pbs.gov.au/info/general/copyright,False,https://www.pbs.gov.au/publication/schedule/2009/2009-08-01-dental-book-soc.pdf,au_pbs_archive_2009_08_01_53dfb4367895,no_archive_capture
1,"[""P5UAVI2XNNW4ZF5MMOWPFUHUFEO6WJO4""]","[""20230310024753""]",au_pbs_archive_53f9354821e37ad2,P5UAVI2XNNW4ZF5MMOWPFUHUFEO6WJO4,3e44da8b51778732f1267e50cf117a95448b5f8d131fd6d08941e3908b910b3c,cached,True,blocked_pending_explicit_permission,https://www.pbs.gov.au/info/general/copyright,True,https://www.pbs.gov.au/publication/schedule/2023/01/2023-01-01-efc-schedule.pdf,au_pbs_archive_2023_01_01_53f9354821e3,exact_digest_match
1,"[""D4NBAO5F7K5WJ35PRVAWRRS22TZF3HMV""]","[""20251125060851""]",au_pbs_archive_54977c1be4bbd674,D4NBAO5F7K5WJ35PRVAWRRS22TZF3HMV,a35e231ac78e191cade7f16fa276c518670f84c1ac4573d9d238df958f75b257,cached,True,blocked_pending_explicit_permission,https://www.pbs.gov.au/info/general/copyright,True,https://www.pbs.gov.au/publication/schedule/2025/04/2025-04-01-general-schedule-volume-1.pdf,au_pbs_archive_2025_04_01_54977c1be4bb,exact_digest_match
1,"[""UUFPHBDHL6Z2SBSSOGXF2S37N56YO6AH""]","[""20120227130316""]",au_pbs_archive_54c44753a5cab84e,UUFPHBDHL6Z2SBSSOGXF2S37N56YO6AH,11b35024a9789f18e7241a83cbfae7ccd90dee1c1cf561097a7942f2217faba3,cached,True,blocked_pending_explicit_permission,https://www.pbs.gov.au/info/general/copyright,True,https://www.pbs.gov.au/publication/schedule/2011/12/2011-12-01-general-schedule-erratum.pdf,au_pbs_archive_2011_12_01_54c44753a5ca,exact_digest_match
1,"[""LZYBGQDLX5PZDHVQXOIEUEHFZBMBV7GM""]","[""20231106134155""]",au_pbs_archive_55350d0357c885da,LZYBGQDLX5PZDHVQXOIEUEHFZBMBV7GM,d54d822c436ebf886e9727afef4a082975b24eecdb63de9882f751eae66bb432,cached,True,blocked_pending_explicit_permission,https://www.pbs.gov.au/info/general/copyright,True,https://www.pbs.gov.au/publication/schedule/2023/06/2023-06-01-general-schedule-volume-2.pdf,au_pbs_archive_2023_06_01_55350d0357c8,exact_digest_match
1,"[""F7QXZLMHSI5TPAWOL4XV5GAVSAAYCZKA""]","[""20120227122833""]",au_pbs_archive_558aa27af15d9427,F7QXZLMHSI5TPAWOL4XV5GAVSAAYCZKA,de4d266ff4657fcc012b6f2a7b47490cfa4e8bc72a4df740f5f6599046b986a9,cached,True,blocked_pending_explicit_permission,https://www.pbs.gov.au/info/general/copyright,True,https://www.pbs.gov.au/publication/schedule/2011/11/2011-11-01-general-schedule.pdf,au_pbs_archive_2011_11_01_558aa27af15d,exact_digest_match
1,"[""F2K22UBHH6BE57AT372BXTJ34NL5XL3W""]","[""20150921170753""]",au_pbs_archive_55e5d1b946fe6983,F2K22UBHH6BE57AT372BXTJ34NL5XL3W,d35207dc36b10bff72a0db0f3cd803778294fa9f31d33d9a4a3cceec51b3e5e1,cached,True,blocked_pending_explicit_permission,https://www.pbs.gov.au/info/general/copyright,True,https://www.pbs.gov.au/publication/schedule/2015/06/2015-06-01-general-schedule.pdf,au_pbs_archive_2015_06_01_55e5d1b946fe,exact_digest_match
0,[],[],au_pbs_archive_55ed6ad798c4cf4a,54Y5TM7ZK4QJOF4YPFRXIYWOQZSYRUUF,cfa3fc5b131b507ae8270e2f03dc306a9a5a69707d20e83a0a105cbd3828bc25,cached,True,blocked_pending_explicit_permission,https://www.pbs.gov.au/info/general/copyright,False,https://www.pbs.gov.au/publication/schedule/2010/2010-01-01-chemotherapy-book.pdf,au_pbs_archive_2010_01_01_55ed6ad798c4,no_archive_capture
1,"[""ATY23TBOHPO3DEZKHOYDZT2XD6ZI5JXT""]","[""20250323152249""]",au_pbs_archive_56832efc9e8de579,ATY23TBOHPO3DEZKHOYDZT2XD6ZI5JXT,7501aef61fb28e6d90c3f30d471e7633b044c764e65720172f1e217d959899bd,cached,True,blocked_pending_explicit_permission,https://www.pbs.gov.au/info/general/copyright,True,https://www.pbs.gov.au/publication/schedule/2025/02/2025-02-01-general-schedule-volume-2.pdf,au_pbs_archive_2025_02_01_56832efc9e8d,exact_digest_match
1,"[""3ZZPSXR536HZ5TAOEOQMVLJVKF2IFDVD""]","[""20241029002401""]",au_pbs_archive_56be21ac28e44800,3ZZPSXR536HZ5TAOEOQMVLJVKF2IFDVD,23ff2836ef4f588248c395db2bdacccef9cc125e449b6161970a448ac319bf5d,cached,True,blocked_pending_explicit_permission,https://www.pbs.gov.au/info/general/copyright,True,https://www.pbs.gov.au/publication/schedule/2024/10/2024-10-01-general-schedule-volume-2.pdf,au_pbs_archive_2024_10_01_56be21ac28e4,exact_digest_match
1,"[""3NZQW34ISQT73NZZBVRUNITIHA27XBFI""]","[""20120227122924""]",au_pbs_archive_57635beda6c20a36,3NZQW34ISQT73NZZBVRUNITIHA27XBFI,8498eb2b4f7d1cfff29167db8098cfac9e7aca31f70de32952f730f61d8ab6fe,cached,True,blocked_pending_explicit_permission,https://www.pbs.gov.au/info/general/copyright,True,https://www.pbs.gov.au/publication/schedule/2011/07/2011-07-01-general-schedule-SOC.pdf,au_pbs_archive_2011_07_01_57635beda6c2,exact_digest_match
0,[],[],au_pbs_archive_57e18d8bc68673a2,HVC7NCBXDFKFRXLMPDGROHONNR5UELOU,b7544b2aa146ca9770f583f171c1560ea4d77f493020db8b42d94436f4f9c8d1,cached,True,blocked_pending_explicit_permission,https://www.pbs.gov.au/info/general/copyright,False,https://www.pbs.gov.au/publication/schedule/2009/2009-10-01-general-schedule-soc.pdf,au_pbs_archive_2009_10_01_57e18d8bc686,no_archive_capture
1,"[""DTLEUKNTNK7TI2QRMFECU54E2JU46Z3G""]","[""20251125060446""]",au_pbs_archive_57ee13a6b5e1b243,DTLEUKNTNK7TI2QRMFECU54E2JU46Z3G,468abbbcca6b4d8af4e3a65596e55006feb25f977d633f822bb68f61739ca75d,cached,True,blocked_pending_explicit_permission,https://www.pbs.gov.au/info/general/copyright,True,https://www.pbs.gov.au/publication/schedule/2025/06/2025-06-01-general-schedule-volume-2.pdf,au_pbs_archive_2025_06_01_57ee13a6b5e1,exact_digest_match
1,"[""GAM4XIM6F53DCAZTWKG34EMJDAVUZZ6Z""]","[""20160312095159""]",au_pbs_archive_5845d71ebdb40323,GAM4XIM6F53DCAZTWKG34EMJDAVUZZ6Z,42cdd82c3a8f725c6e6a90c44b821a43409ea43a5a7b6bd2af5b5f2c47456d79,cached,True,blocked_pending_explicit_permission,https://www.pbs.gov.au/info/general/copyright,True,https://www.pbs.gov.au/publication/schedule/2015/10/2015-10-01-general-schedule.pdf,au_pbs_archive_2015_10_01_5845d71ebdb4,exact_digest_match
0,[],[],au_pbs_archive_5845e901f6edda3a,KLJHQTRQW5BKA4ZI3INFAEYRGWA3OPSA,0260cc705f14f1eab7f01a98c263eaf699ee27bc16b88da24a9f0fb960e6b362,cached,True,blocked_pending_explicit_permission,https://www.pbs.gov.au/info/general/copyright,False,https://www.pbs.gov.au/publication/schedule/2008/2008-11-01-dental-book.pdf,au_pbs_archive_2008_11_01_5845e901f6ed,no_archive_capture
1,"[""7Y6BPRTYVTUXIRJXE4JZRZXE67DBXZFL""]","[""20200322111546""]",au_pbs_archive_588bc07b4f585f20,7Y6BPRTYVTUXIRJXE4JZRZXE67DBXZFL,4d62df58835f1df4df1488d731b99336140cb72b572cf10165a433568e7026e3,cached,True,blocked_pending_explicit_permission,https://www.pbs.gov.au/info/general/copyright,True,https://www.pbs.gov.au/publication/schedule/2019/08/2019-08-01-efc-schedule.pdf,au_pbs_archive_2019_08_01_588bc07b4f58,exact_digest_match
0,[],[],au_pbs_archive_58a7b920698d81b9,HZIT2WXOJ3N24I5O2I4D7D3QV4GHZQ6C,aac01e3ad0c8ed09d21f69b468efeb2863b33529a846970c5a8785f3ad002830,cached,True,blocked_pending_explicit_permission,https://www.pbs.gov.au/info/general/copyright,False,https://www.pbs.gov.au/publication/schedule/2010/2010-11-01-general-schedule.pdf,au_pbs_archive_2010_11_01_58a7b920698d,no_archive_capture
0,[],[],au_pbs_archive_58b3888c530f48d3,ALEKBM43OHWBJUNKUO7HG3266BIBMZCY,03e0bcdfcf5bed9553ae01f14f7d59205c3b092aab8412600e7f804d27ac610e,cached,True,blocked_pending_explicit_permission,https://www.pbs.gov.au/info/general/copyright,False,https://www.pbs.gov.au/publication/schedule/2009/2009-11-01-general-schedule-soc.pdf,au_pbs_archive_2009_11_01_58b3888c530f,no_archive_capture
0,[],[],au_pbs_archive_58f84313fa971095,5CBWNQWUUIML5NLA3NC37TDRXO2IISDT,acdbe91d85eb8930b76cd42c0f2ff3bc91d1f4dae03b034ca056a34a6891ae24,cached,True,blocked_pending_explicit_permission,https://www.pbs.gov.au/info/general/copyright,False,https://www.pbs.gov.au/publication/schedule/2020/09/2020-09-01-general-schedule-volume-2.pdf,au_pbs_archive_2020_09_01_58f84313fa97,no_archive_capture
1,"[""5GPYCL5AH5MXHIAJ7EHHTUESJBFWEX5R""]","[""20220430221211""]",au_pbs_archive_590de0bb769fa18f,5GPYCL5AH5MXHIAJ7EHHTUESJBFWEX5R,704f391b6dbb8637fa713a21dc859d75cab7beb4d851c07ed25d2deef8d93da8,cached,True,blocked_pending_explicit_permission,https://www.pbs.gov.au/info/general/copyright,True,https://www.pbs.gov.au/publication/schedule/2022/05/2022-05-01-general-soc.pdf,au_pbs_archive_2022_05_01_590de0bb769f,exact_digest_match
0,[],[],au_pbs_archive_59218069e96fb807,ITNNKOWDM5X556BFPO3BRQFS636FA5XR,84c1141d34067ad7bd700b5851c4dd83ab0d28542b380eb3a1e9eddf32930949,cached,True,blocked_pending_explicit_permission,https://www.pbs.gov.au/info/general/copyright,False,https://www.pbs.gov.au/publication/schedule/2020/08/2020-08-01-general-schedule-volume-1.pdf,au_pbs_archive_2020_08_01_59218069e96f,no_archive_capture
0,[],[],au_pbs_archive_5936ea74234bb88f,7M756V5BWVOH2AIMJPH232M3Z6NWKECA,47b7919853168e48301a26d587202bd73cb7ba73c155dcdc8ef5313c7cbd7e8d,cached,True,blocked_pending_explicit_permission,https://www.pbs.gov.au/info/general/copyright,False,https://www.pbs.gov.au/publication/schedule/2006/2006-08-01-general-schedule.pdf,au_pbs_archive_2006_08_01_5936ea74234b,no_archive_capture
1,"[""L25R4RMPHSBARQKK5IH2UORMOLQI5SWT""]","[""20130423155916""]",au_pbs_archive_5949788b73c4a3c4,L25R4RMPHSBARQKK5IH2UORMOLQI5SWT,a7c0bed5ce1755627be3a330446f6e1f5c0f3c1d96f0db1d1d3264a1ac19a36d,cached,True,blocked_pending_explicit_permission,https://www.pbs.gov.au/info/general/copyright,True,https://www.pbs.gov.au/publication/schedule/2013/02/2013-02-01-general-schedule-SOC.pdf,au_pbs_archive_2013_02_01_5949788b73c4,exact_digest_match
0,[],[],au_pbs_archive_594cf681b4df1e96,ZFX447OCZEE5GVBGR22V4DHKCMTJLTM6,b1fea131c7f421ae4dc600c14662e33cc8c0e6853c6c43106533cd9ca343ccfd,cached,True,blocked_pending_explicit_permission,https://www.pbs.gov.au/info/general/copyright,False,https://www.pbs.gov.au/publication/schedule/2004/2004-05-01-general-schedule.pdf,au_pbs_archive_2004_05_01_594cf681b4df,no_archive_capture
1,"[""ML4RVCTVMZE3M4626GGLIGUDQGL6D4VJ""]","[""20211012063121""]",au_pbs_archive_594e13e4685c8bd2,ML4RVCTVMZE3M4626GGLIGUDQGL6D4VJ,c51273e67cccb27f5e8c4e4c83847b343950e4cf32436f6b798d434283c7453f,cached,True,blocked_pending_explicit_permission,https://www.pbs.gov.au/info/general/copyright,True,https://www.pbs.gov.au/publication/schedule/2020/11/2020-11-01-general-soc.pdf,au_pbs_archive_2020_11_01_594e13e4685c,exact_digest_match
1,"[""NRVE2NRTX4UJPSTHG2OX4VCKLFFRJPB6""]","[""20120227122752""]",au_pbs_archive_59540e580a3e00cd,NRVE2NRTX4UJPSTHG2OX4VCKLFFRJPB6,4a5da1cb787931b4bb341a2544d8844bc0263790240f9937a461524063de0be2,cached,True,blocked_pending_explicit_permission,https://www.pbs.gov.au/info/general/copyright,True,https://www.pbs.gov.au/publication/schedule/2011/02/2011-02-01-general-schedule-SOC.pdf,au_pbs_archive_2011_02_01_59540e580a3e,exact_digest_match
1,"[""DLJT2SVAPKBAJRICGH6E66QR6FIMA6TD""]","[""20240329095649""]",au_pbs_archive_59f2726f087c092f,DLJT2SVAPKBAJRICGH6E66QR6FIMA6TD,7f9dd7c00632c3e6e4d8a63af2f680a0b3302b6644d2f9fa99f3fb0283efd146,cached,True,blocked_pending_explicit_permission,https://www.pbs.gov.au/info/general/copyright,True,https://www.pbs.gov.au/publication/schedule/2023/12/2023-12-01-general-schedule-volume-1.pdf,au_pbs_archive_2023_12_01_59f2726f087c,exact_digest_match
1,"[""KVQX6TR7RPYGUZZQ6A4SSCAHFGIMTYEV""]","[""20150303082736""]",au_pbs_archive_5a5946fda175af9e,KVQX6TR7RPYGUZZQ6A4SSCAHFGIMTYEV,90d0e6655e73a99ae76fd8e895fefb1f32292ed0d2cf367bbb8f9392f238d135,cached,True,blocked_pending_explicit_permission,https://www.pbs.gov.au/info/general/copyright,True,https://www.pbs.gov.au/publication/schedule/2014/06/2014-06-01-general-schedule.pdf,au_pbs_archive_2014_06_01_5a5946fda175,exact_digest_match
0,[],[],au_pbs_archive_5a7746a743beaf99,MVW2YX5BE2EGUY4JNGF43GLOKBHVLEWC,3d1284ff3b73335a9fe4b1a4031d3fbae88ccedc2b003870b14d8b14d478cb0f,cached,True,blocked_pending_explicit_permission,https://www.pbs.gov.au/info/general/copyright,False,https://www.pbs.gov.au/publication/schedule/2009/2009-11-01-general-schedule.pdf,au_pbs_archive_2009_11_01_5a7746a743be,no_archive_capture
1,"[""ZIBMQUWBYP5YICGVHOJ72KTUP6TTQKWE""]","[""20200322104240""]",au_pbs_archive_5aa1940f40282846,ZIBMQUWBYP5YICGVHOJ72KTUP6TTQKWE,1f6356ad7e52da7364d0a9fafbcacd83556454e84614c1a70f117d73932bdd15,cached,True,blocked_pending_explicit_permission,https://www.pbs.gov.au/info/general/copyright,True,https://www.pbs.gov.au/publication/schedule/2019/12/2019-12-01-errata.pdf,au_pbs_archive_2019_12_01_5aa1940f4028,exact_digest_match
0,[],[],au_pbs_archive_5b02454156542022,FJI2KZLI6X4O3SIKGCDPFPQAZ36W66NJ,f375e0b7f022ddac595518a4d0341af79a8d190aa830d3fa1b9444dc29a5dc0d,cached,True,blocked_pending_explicit_permission,https://www.pbs.gov.au/info/general/copyright,False,https://www.pbs.gov.au/publication/schedule/2010/2010-11-01-general-schedule-SOC.pdf,au_pbs_archive_2010_11_01_5b0245415654,no_archive_capture
1,"[""LYRYDNAC4NHMW3RG26YUG7NJ3X4USGIW""]","[""20250323152910""]",au_pbs_archive_5b10f328be5ae574,LYRYDNAC4NHMW3RG26YUG7NJ3X4USGIW,4fca7dc9db4ae8183e83f85f4271dbc2dd1b1afb1a9fe7a24598d1b29a15d4eb,cached,True,blocked_pending_explicit_permission,https://www.pbs.gov.au/info/general/copyright,True,https://www.pbs.gov.au/publication/schedule/2025/01/2025-01-01-general-schedule-volume-2.pdf,au_pbs_archive_2025_01_01_5b10f328be5a,exact_digest_match
1,"[""TNPWW6P7CYXPAHJZGXBPZA565KPPNOEZ""]","[""20180414091104""]",au_pbs_archive_5b8ef67e1e3db7b3,TNPWW6P7CYXPAHJZGXBPZA565KPPNOEZ,9cef7beb3cff59d4cee70600731dca0370a8ba051577d4aa01bc386a78838695,cached,True,blocked_pending_explicit_permission,https://www.pbs.gov.au/info/general/copyright,True,https://www.pbs.gov.au/publication/schedule/2018/01/2018-01-01-efc-schedule.pdf,au_pbs_archive_2018_01_01_5b8ef67e1e3d,exact_digest_match
1,"[""ZIPIBOY6ZJWOA4MMJJGZOG74MBJHCK5M""]","[""20130501233559""]",au_pbs_archive_5bad840fafe204df,ZIPIBOY6ZJWOA4MMJJGZOG74MBJHCK5M,c94c4bed33f8d578fb5c33338b65e4384f0693d6fef287a857522ccdd625a1a1,cached,True,blocked_pending_explicit_permission,https://www.pbs.gov.au/info/general/copyright,True,https://www.pbs.gov.au/publication/schedule/2013/05/2013-05-01-errata.pdf,au_pbs_archive_2013_05_01_5bad840fafe2,exact_digest_match
1,"[""3PMXAAFW4VI35MBFKAR6XZNOYR37XT3G""]","[""20250323160826""]",au_pbs_archive_5bb63b13a39b09e1,3PMXAAFW4VI35MBFKAR6XZNOYR37XT3G,9b769f993c7c099741f4c7ecd2c9ea17587aa626fb61be28c462c2753c5e44ce,cached,True,blocked_pending_explicit_permission,https://www.pbs.gov.au/info/general/copyright,True,https://www.pbs.gov.au/publication/schedule/2024/06/2024-06-01-general-schedule-volume-2.pdf,au_pbs_archive_2024_06_01_5bb63b13a39b,exact_digest_match
1,"[""SEN5LFVQKNVJTTGAON4Q5RIMFO2ISSTF""]","[""20180414095034""]",au_pbs_archive_5bc65f0515591c2b,SEN5LFVQKNVJTTGAON4Q5RIMFO2ISSTF,1e21bc526c0a39a6f6d05220920d21119afdd2a4627d2d334c119938eb13d2de,cached,True,blocked_pending_explicit_permission,https://www.pbs.gov.au/info/general/copyright,True,https://www.pbs.gov.au/publication/schedule/2017/08/2017-08-01-general-soc.pdf,au_pbs_archive_2017_08_01_5bc65f051559,exact_digest_match
1,"[""YQKVT72ZIM5Z2S25IVMEM7RUNSXE6OY2""]","[""20251002005940""]",au_pbs_archive_5bf12d103a07805d,YQKVT72ZIM5Z2S25IVMEM7RUNSXE6OY2,13b6f4c50e3389058affd83f8a01a8b716042c4353bdb211be8bda298a67e50d,cached,True,blocked_pending_explicit_permission,https://www.pbs.gov.au/info/general/copyright,True,https://www.pbs.gov.au/publication/schedule/2025/09/2025-09-01-general-soc.pdf,au_pbs_archive_2025_09_01_5bf12d103a07,exact_digest_match
1,"[""5AP4J7XZSF74R6TNTYD2ZNBZKFACXSIK""]","[""20230310024454""]",au_pbs_archive_5c1ea1650f7f4f4e,2DEDEAVHB4IWHCDLTO5ZDKKF5WTVLG4M,3f8750889efbe13e93223092d375e13a2e2a872c8c431a567d2e73cce48ca978,cached,True,blocked_pending_explicit_permission,https://www.pbs.gov.au/info/general/copyright,False,https://www.pbs.gov.au/publication/schedule/2023/01/2023-01-01-general-schedule-volume-1.pdf,au_pbs_archive_2023_01_01_5c1ea1650f7f,digest_mismatch
1,"[""MRLSL3EV3T334Q3GVSPWXEV24UKTR24S""]","[""20251125060214""]",au_pbs_archive_5d01a9cf58fc5687,MRLSL3EV3T334Q3GVSPWXEV24UKTR24S,b7e30009c73a63b78bcb906a56b7d0bb1ba36bc5a7ef545cc6bc621b77fd7bb9,cached,True,blocked_pending_explicit_permission,https://www.pbs.gov.au/info/general/copyright,True,https://www.pbs.gov.au/publication/schedule/2025/07/2025-07-01-general-schedule-volume-2.pdf,au_pbs_archive_2025_07_01_5d01a9cf58fc,exact_digest_match
0,[],[],au_pbs_archive_5d2cc1513bd51380,FSPGOQAIOS2SDSN34V5EMBGUAVHLGUIJ,5dd78b4491d185064bba372e46b9eed2aa7d57945bda31d4d0389ce1288c5b7e,cached,True,blocked_pending_explicit_permission,https://www.pbs.gov.au/info/general/copyright,False,https://www.pbs.gov.au/publication/schedule/2026/03/2026-03-01-efc-schedule.pdf,au_pbs_archive_2026_03_01_5d2cc1513bd5,no_archive_capture
1,"[""QAHTQSNF7OE56BEYMEMAAZMS4MGATUSY""]","[""20170321150344""]",au_pbs_archive_5d41510ca883012f,QAHTQSNF7OE56BEYMEMAAZMS4MGATUSY,71b1e2171d54dfa6300e0edcd62cab7848cd9700c6e06d1025b1e47f888e9630,cached,True,blocked_pending_explicit_permission,https://www.pbs.gov.au/info/general/copyright,True,https://www.pbs.gov.au/publication/schedule/2016/06/2016-06-01-general-schedule-soc.pdf,au_pbs_archive_2016_06_01_5d41510ca883,exact_digest_match
1,"[""F37C3YFNL6VUHIDOHSODFUBRA6IBJ3CL""]","[""20240329095613""]",au_pbs_archive_5d5307ff08ec6dae,F37C3YFNL6VUHIDOHSODFUBRA6IBJ3CL,c5f9e76946a2e3786c24c85001f3a447b376533d935b364a3860c60164918a89,cached,True,blocked_pending_explicit_permission,https://www.pbs.gov.au/info/general/copyright,True,https://www.pbs.gov.au/publication/schedule/2023/12/2023-12-01-general-soc.pdf,au_pbs_archive_2023_12_01_5d5307ff08ec,exact_digest_match
0,[],[],au_pbs_archive_5dcdb59f4e5e0a8b,EPVEOI55BZSTARDHOFRIOE7PJUNLQ5GI,807023fa8765b427fd454230655783bae0f675cbad3f45f14e08cc74f06e0549,cached,True,blocked_pending_explicit_permission,https://www.pbs.gov.au/info/general/copyright,False,https://www.pbs.gov.au/publication/schedule/2016/02/2016-02-01-general-schedule.pdf,au_pbs_archive_2016_02_01_5dcdb59f4e5e,no_archive_capture
1,"[""I5CH4KHRVUI6QXJC6NDEM7YFR66YAELT""]","[""20220311055736""]",au_pbs_archive_5ee60c9293327131,I5CH4KHRVUI6QXJC6NDEM7YFR66YAELT,6a50565db18e5bb52892d4332f53c6215071fe7c1a9dbf9ac6202cf474cdcd61,cached,True,blocked_pending_explicit_permission,https://www.pbs.gov.au/info/general/copyright,True,https://www.pbs.gov.au/publication/schedule/2022/02/2022-02-01-general-schedule-volume-1.pdf,au_pbs_archive_2022_02_01_5ee60c929332,exact_digest_match
1,"[""SKOUJF5DDZUVUJZDLDUUUIWWROYJOV5Q""]","[""20190228222700""]",au_pbs_archive_5f4b7a91e96c3373,SKOUJF5DDZUVUJZDLDUUUIWWROYJOV5Q,c4f5f35e897f068438468f1b7d72e8c63c48d0094fd58c527e914f841613be38,cached,True,blocked_pending_explicit_permission,https://www.pbs.gov.au/info/general/copyright,True,https://www.pbs.gov.au/publication/schedule/2019/03/2019-03-01-general-schedule.pdf,au_pbs_archive_2019_03_01_5f4b7a91e96c,exact_digest_match
1,"[""SVAO32QLBUUERZSMXZEFWI5XPQGEWJT3""]","[""20140126044213""]",au_pbs_archive_5f70d77edf462453,SVAO32QLBUUERZSMXZEFWI5XPQGEWJT3,b2f4433c455511f40f38975a3c768414d2ac2218cf811b446856ae268982faf3,cached,True,blocked_pending_explicit_permission,https://www.pbs.gov.au/info/general/copyright,True,https://www.pbs.gov.au/publication/schedule/2013/09/2013-09-01-errata.pdf,au_pbs_archive_2013_09_01_5f70d77edf46,exact_digest_match
1,"[""JKIUHX4H6GXFAT4TVVCLQZNPKTQZVI27""]","[""20200313151809""]",au_pbs_archive_5fbc7b2b15d92114,JKIUHX4H6GXFAT4TVVCLQZNPKTQZVI27,ad60db134443039ca7a2266e54ee4f6736e2b7c359f77544c1000b4a5f67f979,cached,True,blocked_pending_explicit_permission,https://www.pbs.gov.au/info/general/copyright,True,https://www.pbs.gov.au/publication/schedule/2020/03/2020-03-01-general-soc.pdf,au_pbs_archive_2020_03_01_5fbc7b2b15d9,exact_digest_match
1,"[""BSQLFCEHOKMKUXPX2VXN5TOWMGA5BWS7""]","[""20171031031604""]",au_pbs_archive_5fc54c12eff24d56,BSQLFCEHOKMKUXPX2VXN5TOWMGA5BWS7,b06606a0ec684829b09d70713aa4214baf266544be80b11b605fa8d1c87eae60,cached,True,blocked_pending_explicit_permission,https://www.pbs.gov.au/info/general/copyright,True,https://www.pbs.gov.au/publication/schedule/2017/04/2017-04-01-errata.pdf,au_pbs_archive_2017_04_01_5fc54c12eff2,exact_digest_match
1,"[""OGLC7DKCLLDGQWFESOXHGFVNFZOAOZ2I""]","[""20211012063107""]",au_pbs_archive_5fddfb0c23d3f67c,OGLC7DKCLLDGQWFESOXHGFVNFZOAOZ2I,e2917e49e5111c4f01dc8721fb2dd8892ffaafba56773a8d33c42f07fb85980f,cached,True,blocked_pending_explicit_permission,https://www.pbs.gov.au/info/general/copyright,True,https://www.pbs.gov.au/publication/schedule/2020/07/2020-07-01-general-soc.pdf,au_pbs_archive_2020_07_01_5fddfb0c23d3,exact_digest_match
0,[],[],au_pbs_archive_5ff2ee57be8892a8,IJAPOLOGEAGKSY5K6VMYGTD7R7NB6TKU,11a1160cdcf7f8fb8cd537f92138c32f68897f2e8086584df10b9be303dc2dac,cached,True,blocked_pending_explicit_permission,https://www.pbs.gov.au/info/general/copyright,False,https://www.pbs.gov.au/publication/schedule/2010/2010-04-01-dental-book.pdf,au_pbs_archive_2010_04_01_5ff2ee57be88,no_archive_capture
0,[],[],au_pbs_archive_6047e2cb63d3bf8e,IAG6LZV67X5KT56WIDUTBLFLPNGGTR5Y,80a3cc0e9666abe1285dcf89af1767489ac169476fc4a64c8dd1f26c9e460ff4,cached,True,blocked_pending_explicit_permission,https://www.pbs.gov.au/info/general/copyright,False,https://www.pbs.gov.au/publication/schedule/2008/2008-03-01-general-schedule-soc.pdf,au_pbs_archive_2008_03_01_6047e2cb63d3,no_archive_capture
1,"[""4LZWRZGCCKCKEWODP23WMDBYYPLUQNGU""]","[""20211012063206""]",au_pbs_archive_604a36040edab30c,4LZWRZGCCKCKEWODP23WMDBYYPLUQNGU,7eb8f30dd3b0d8fbfa425e446e7aceaa2e5dba4b12ea1b1f07d3624862663e0a,cached,True,blocked_pending_explicit_permission,https://www.pbs.gov.au/info/general/copyright,True,https://www.pbs.gov.au/publication/schedule/2020/09/2020-09-01-general-soc.pdf,au_pbs_archive_2020_09_01_604a36040eda,exact_digest_match
0,[],[],au_pbs_archive_6050b795ba25ad9b,NFALECQNIRHAZG2PBFJJSUGSB7EN5R5A,6579dba231c3d4ac2ccbb0efc6600cc3a2393dfaa8816dc8e8304a04617b3d69,cached,True,blocked_pending_explicit_permission,https://www.pbs.gov.au/info/general/copyright,False,https://www.pbs.gov.au/publication/schedule/2026/05/2026-05-01-general-schedule-Volume-1.pdf,au_pbs_archive_2026_05_01_6050b795ba25,no_archive_capture
0,[],[],au_pbs_archive_605c83251106c427,WQJJWNQ3F67PFRIMIZSR5S4LXODUAIED,9c2ce2766278ace6672a74686a0eb5f26c864771129b66ed7d4e209a5b2a0edc,cached,True,blocked_pending_explicit_permission,https://www.pbs.gov.au/info/general/copyright,False,https://www.pbs.gov.au/publication/schedule/2012/12/2012-12-01-general-schedule-SOC.pdf,au_pbs_archive_2012_12_01_605c83251106,no_archive_capture
1,"[""SMGTQZW7MLGPJJRVU2GYZ22C67FVMNEW""]","[""20170321142051""]",au_pbs_archive_60b5254913060edc,SMGTQZW7MLGPJJRVU2GYZ22C67FVMNEW,f3ec492a26964bca7cb6fa62a1b41cd54110d0922421975aec03c1fbc60894ef,cached,True,blocked_pending_explicit_permission,https://www.pbs.gov.au/info/general/copyright,True,https://www.pbs.gov.au/publication/schedule/2017/01/2017-01-01-efc-schedule.pdf,au_pbs_archive_2017_01_01_60b525491306,exact_digest_match
1,"[""R2OQUEJ3DGJQZHTUYNUZ2R7R4AJJ5J6E""]","[""20120227123740""]",au_pbs_archive_60ccb739cdadf520,R2OQUEJ3DGJQZHTUYNUZ2R7R4AJJ5J6E,815eb18298748fb9b5b5efbd1e28742009e87acdaf2c0058c2b5fdab192028ad,cached,True,blocked_pending_explicit_permission,https://www.pbs.gov.au/info/general/copyright,True,https://www.pbs.gov.au/publication/schedule/2011/10/2011-10-01-general-schedule.pdf,au_pbs_archive_2011_10_01_60ccb739cdad,exact_digest_match
1,"[""VNLHXOL2UMQBJGHYOKM6K4JTDTCRXJQS""]","[""20250323155033""]",au_pbs_archive_60f660163a734dc1,VNLHXOL2UMQBJGHYOKM6K4JTDTCRXJQS,0539c77de43b284febc2ca007d4eba468694125ecd48630da205d3bcc26d4d9b,cached,True,blocked_pending_explicit_permission,https://www.pbs.gov.au/info/general/copyright,True,https://www.pbs.gov.au/publication/schedule/2024/09/2024-09-01-efc-schedule.pdf,au_pbs_archive_2024_09_01_60f660163a73,exact_digest_match
0,[],[],au_pbs_archive_614b4ee5ac9b1e4f,M4LRTTT6XCTE3CKQU7B4DZAPCUNIXEVP,7d9f4aea32ce6f2ff8266b7b99d0c689de6769365740f505a9773678ffacd5de,cached,True,blocked_pending_explicit_permission,https://www.pbs.gov.au/info/general/copyright,False,https://www.pbs.gov.au/publication/schedule/1951-2002/1976-12-01-consolidated-schedules.pdf,au_pbs_archive_1976_12_01_614b4ee5ac9b,no_archive_capture
0,[],[],au_pbs_archive_617b995ca8421cb1,X6XN7YW245B76QEITUKBH4PIBKONZNKU,efe7b9ec7b874c945ccd20f8282be946e63be834cd94003bc5a0c91881f9695e,cached,True,blocked_pending_explicit_permission,https://www.pbs.gov.au/info/general/copyright,False,https://www.pbs.gov.au/publication/schedule/2009/2009-02-01-dental-book.pdf,au_pbs_archive_2009_02_01_617b995ca842,no_archive_capture
0,[],[],au_pbs_archive_61b5ae028a136003,7LEWVHFTJZLFMBL3K35YRQXDOETUVCIL,181b48e24b076a6574dd990e65f123b264bde57d6d2a17f0e0844dcbc850d75c,cached,True,blocked_pending_explicit_permission,https://www.pbs.gov.au/info/general/copyright,False,https://www.pbs.gov.au/publication/schedule/2009/2009-09-01-general-schedule-soc.pdf,au_pbs_archive_2009_09_01_61b5ae028a13,no_archive_capture
1,"[""R543NAAJVHSUY4VQU6GCLKFUUD47X2PU""]","[""20231106133608""]",au_pbs_archive_6290cbc42ec7a4fc,R543NAAJVHSUY4VQU6GCLKFUUD47X2PU,3e83afad50083f46584fb60fb5f3e98630bca6415fcca29cca3a3cd59de51930,cached,True,blocked_pending_explicit_permission,https://www.pbs.gov.au/info/general/copyright,True,https://www.pbs.gov.au/publication/schedule/2023/08/2023-08-01-general-schedule-volume-1.pdf,au_pbs_archive_2023_08_01_6290cbc42ec7,exact_digest_match
1,"[""IUADJ3KLM5OVP6WEKFVOHVS3YMZ3LMOU""]","[""20200322103718""]",au_pbs_archive_6299523accd48468,IUADJ3KLM5OVP6WEKFVOHVS3YMZ3LMOU,0f6a0dcda44e4e67d4b0102470e18e0ade20193e4c9308be4a9b8a68d7f3e281,cached,True,blocked_pending_explicit_permission,https://www.pbs.gov.au/info/general/copyright,True,https://www.pbs.gov.au/publication/schedule/2020/01/2020-01-01-general-schedule-volume-1.pdf,au_pbs_archive_2020_01_01_6299523accd4,exact_digest_match
2,"[""5PGWKX6ZYLOFRCAIDLLGUATGE7YWBUKY"", ""HAMSL2CISRCJLAVJPBRJ2HY4HO7DQHXX""]","[""20180417162302"", ""20190411085002""]",au_pbs_archive_62a83f1b97276275,5PGWKX6ZYLOFRCAIDLLGUATGE7YWBUKY,20ef9121105c8307c04cb1fbd26fad75815dd488c57b9553def1a53dcc759c32,cached,True,blocked_pending_explicit_permission,https://www.pbs.gov.au/info/general/copyright,True,https://www.pbs.gov.au/publication/schedule/2013/08/2013-08-01-general-schedule.pdf,au_pbs_archive_2013_08_01_62a83f1b9727,exact_digest_match
1,"[""HZSTY2565BKEVQFSGH7ZQLGDDIB5NUXL""]","[""20140126044548""]",au_pbs_archive_62aeb1675419c179,HZSTY2565BKEVQFSGH7ZQLGDDIB5NUXL,e88c31df09622c204b2bbff827e9a8ea7f0ffaef333e35902f5b398d626925d1,cached,True,blocked_pending_explicit_permission,https://www.pbs.gov.au/info/general/copyright,True,https://www.pbs.gov.au/publication/schedule/2013/07/2013-07-01-general-schedule-soc.pdf,au_pbs_archive_2013_07_01_62aeb1675419,exact_digest_match
1,"[""533YYPWNBSBAWGY3SRJRLFWGR2V2RBUW""]","[""20251125060021""]",au_pbs_archive_62da29e8e3e762eb,533YYPWNBSBAWGY3SRJRLFWGR2V2RBUW,d2a0ab0bedaa85642037d3603847873b6f6967248f098ec4970d38ac99eba4c4,cached,True,blocked_pending_explicit_permission,https://www.pbs.gov.au/info/general/copyright,True,https://www.pbs.gov.au/publication/schedule/2025/08/2025-08-01-efc-schedule.pdf,au_pbs_archive_2025_08_01_62da29e8e3e7,exact_digest_match
0,[],[],au_pbs_archive_62eef22f080a1dcc,56NLFWHC4YIGF5577KK2VPKX3LU7D4RB,e4f2e2784ae1cc77acf741f2d84d09f9bd3fb1a51edcb11dd428b6f729557268,cached,True,blocked_pending_explicit_permission,https://www.pbs.gov.au/info/general/copyright,False,https://www.pbs.gov.au/publication/schedule/1951-2002/1984-12-01-consolidated-schedules.pdf,au_pbs_archive_1984_12_01_62eef22f080a,no_archive_capture
1,"[""6DXXYMZR5OFRZGSB5EEIUXKQF3WMTI2J""]","[""20190409043854""]",au_pbs_archive_6318509316770e50,6DXXYMZR5OFRZGSB5EEIUXKQF3WMTI2J,9f4101b1d040482ac24ed3b7b2d5706a845f7482f3825029e2cb2417aabec5a6,cached,True,blocked_pending_explicit_permission,https://www.pbs.gov.au/info/general/copyright,True,https://www.pbs.gov.au/publication/schedule/2018/09/2018-09-01-general-schedule.pdf,au_pbs_archive_2018_09_01_631850931677,exact_digest_match
1,"[""7FLK5FHATGKKPSUQ2PRLKDGDSQEUPOOQ""]","[""20150908014014""]",au_pbs_archive_6353ed4aaa7bffb8,7FLK5FHATGKKPSUQ2PRLKDGDSQEUPOOQ,dfe2e5375fae0b7af5054bb0c648cc7eaaee45620c72e8fc7998873b8864d650,cached,True,blocked_pending_explicit_permission,https://www.pbs.gov.au/info/general/copyright,True,https://www.pbs.gov.au/publication/schedule/2015/09/2015-09-01-general-schedule-soc.pdf,au_pbs_archive_2015_09_01_6353ed4aaa7b,exact_digest_match
0,[],[],au_pbs_archive_6371b54701f7aa72,Y7B3FNNJ6FR27AF3MKJ2JAG3VI2F7LTG,ccc39609aec865c4c60a26b8fc47596876510ddc8a8c3e6da06188dad7e226af,cached,True,blocked_pending_explicit_permission,https://www.pbs.gov.au/info/general/copyright,False,https://www.pbs.gov.au/publication/schedule/2009/2009-06-01-general-schedule.pdf,au_pbs_archive_2009_06_01_6371b54701f7,no_archive_capture
0,[],[],au_pbs_archive_63748b1530054235,B3QPUZNTYBNZH7PQEZ6LOQOAHKXGJSIC,32e080742a61a408aec4451ae45faf0531d2e37f5c50ba5d0b6bb24950239c3b,cached,True,blocked_pending_explicit_permission,https://www.pbs.gov.au/info/general/copyright,False,https://www.pbs.gov.au/publication/schedule/2006/2006-04-01-dental-book.pdf,au_pbs_archive_2006_04_01_63748b153005,no_archive_capture
1,"[""PNQPQPZK5JHALBIVXJFUBGNGEB2UXV3U""]","[""20251125055548""]",au_pbs_archive_63869274fdf5613c,PNQPQPZK5JHALBIVXJFUBGNGEB2UXV3U,823fa817874d425df8bdbc4b30e6e98f306435707f9380be43019209286ca577,cached,True,blocked_pending_explicit_permission,https://www.pbs.gov.au/info/general/copyright,True,https://www.pbs.gov.au/publication/schedule/2025/10/2025-10-01-general-schedule-volume-2.pdf,au_pbs_archive_2025_10_01_63869274fdf5,exact_digest_match
1,"[""6RYV7UVLIVKW3UUHDMHD7Y7DJFLQ4XBJ""]","[""20130423222331""]",au_pbs_archive_63c9795634ce7e07,6RYV7UVLIVKW3UUHDMHD7Y7DJFLQ4XBJ,7dbe20410f79d517b0b6c44f7a1dc256ea7fa5aa522d12ed247f9dc2d09cd07a,cached,True,blocked_pending_explicit_permission,https://www.pbs.gov.au/info/general/copyright,True,https://www.pbs.gov.au/publication/schedule/2012/06/2012-06-01-general-schedule.pdf,au_pbs_archive_2012_06_01_63c9795634ce,exact_digest_match
0,[],[],au_pbs_archive_63f79ea29ca21480,A6N2Z7PULM6TISQ7PLI5LV2GYGFJLEYX,bcbaf4db7f89b3592a0192cbbdad11fc526b8a3df5560db58e817d99996dd1d6,cached,True,blocked_pending_explicit_permission,https://www.pbs.gov.au/info/general/copyright,False,https://www.pbs.gov.au/publication/schedule/2010/2010-05-01-general-schedule-SOC.pdf,au_pbs_archive_2010_05_01_63f79ea29ca2,no_archive_capture
1,"[""H2PQCUVULOIVRH7JAFV5Z2Y7LDYFXGFH""]","[""20140126044712""]",au_pbs_archive_645f8ceb4951ff0f,H2PQCUVULOIVRH7JAFV5Z2Y7LDYFXGFH,467885748e487aebe21899ae189de72d65cbc432fc3d5cf080a58ce7d33b0c67,cached,True,blocked_pending_explicit_permission,https://www.pbs.gov.au/info/general/copyright,True,https://www.pbs.gov.au/publication/schedule/2013/06/2013-06-01-errata.pdf,au_pbs_archive_2013_06_01_645f8ceb4951,exact_digest_match
0,[],[],au_pbs_archive_64c687341ab901bc,WGX3IAWVBBXTVBCAPA32TQKA6IHM6226,280509f4ecccd3808181caf36ddcdcd38a93399dc4aeec36276b2970d781d387,cached,True,blocked_pending_explicit_permission,https://www.pbs.gov.au/info/general/copyright,False,https://www.pbs.gov.au/publication/schedule/2008/2008-06-01-general-schedule.pdf,au_pbs_archive_2008_06_01_64c687341ab9,no_archive_capture
0,[],[],au_pbs_archive_64dfb08c7dafb918,JZWQ5GTI4752FO6OPQEIGBN3NXEUIEGN,3dd5847df10ce705aa958da66977a746759cb84c98ade6677337a07c54ff2c81,cached,True,blocked_pending_explicit_permission,https://www.pbs.gov.au/info/general/copyright,False,https://www.pbs.gov.au/publication/schedule/2010/2010-07-01-general-schedule.pdf,au_pbs_archive_2010_07_01_64dfb08c7daf,no_archive_capture
1,"[""FAATLRUW626NNWDKW775KGSRMSG3BTLE""]","[""20120227121959""]",au_pbs_archive_64f5eceb8399a7c2,FAATLRUW626NNWDKW775KGSRMSG3BTLE,4206e0556ae0c5e1fbf36c3fcd3e623e02c0bb10f086bd942124e5c8386bb47e,cached,True,blocked_pending_explicit_permission,https://www.pbs.gov.au/info/general/copyright,True,https://www.pbs.gov.au/publication/schedule/2011/02/2011-02-01-general-schedule.pdf,au_pbs_archive_2011_02_01_64f5eceb8399,exact_digest_match
1,"[""LHODCAMKGMD2I3IABGFGBLOYYFRFWBGR""]","[""20211012063111""]",au_pbs_archive_652703f6cc8b304f,LHODCAMKGMD2I3IABGFGBLOYYFRFWBGR,693a2ed8f7ebb2a0eba070f9eddf5674c24ea00fd3e58a8791347e3bc58f0d1b,cached,True,blocked_pending_explicit_permission,https://www.pbs.gov.au/info/general/copyright,True,https://www.pbs.gov.au/publication/schedule/2021/08/2021-08-01-general-soc.pdf,au_pbs_archive_2021_08_01_652703f6cc8b,exact_digest_match
1,"[""E2P4J35Q7VL23IUSJ6U7WBOEWWEEPHQX""]","[""20251125060247""]",au_pbs_archive_65300cb6facdc79a,E2P4J35Q7VL23IUSJ6U7WBOEWWEEPHQX,89ffaf82fe5623592b609f285bc712b04668dd78b428887c9a0226c1337f048f,cached,True,blocked_pending_explicit_permission,https://www.pbs.gov.au/info/general/copyright,True,https://www.pbs.gov.au/publication/schedule/2025/07/2025-07-01-efc-schedule.pdf,au_pbs_archive_2025_07_01_65300cb6facd,exact_digest_match
1,"[""L4GJ2YABVFQIYUQBTSIMP2WII5CONVGN""]","[""20211012063204""]",au_pbs_archive_6572d5160e9d44c1,L4GJ2YABVFQIYUQBTSIMP2WII5CONVGN,c5ce478278d5e525eea22d976ca00419e8665015c768af88951456689f0df431,cached,True,blocked_pending_explicit_permission,https://www.pbs.gov.au/info/general/copyright,True,https://www.pbs.gov.au/publication/schedule/2020/05/2020-05-01-general-schedule-volume-2.pdf,au_pbs_archive_2020_05_01_6572d5160e9d,exact_digest_match
1,"[""LFNZHJJJWOZ6JVDNRW4GG7CC4WXQA7UT""]","[""20120227124507""]",au_pbs_archive_65a1ae38de4a12b6,LFNZHJJJWOZ6JVDNRW4GG7CC4WXQA7UT,bd69a958a0b213741083af547400737d95c0d76dd1f1a7de9d89da936e22ba1b,cached,True,blocked_pending_explicit_permission,https://www.pbs.gov.au/info/general/copyright,True,https://www.pbs.gov.au/publication/schedule/2011/12/2011-12-01-general-schedule-SOC.pdf,au_pbs_archive_2011_12_01_65a1ae38de4a,exact_digest_match
0,[],[],au_pbs_archive_65af3140307ad3be,5XFAWCNIGGLB6BP5WGEVE6RPLDW6T3F5,ccdac79032b84b383d82262b0a4f1fc2e5c3ed890f65e1743496b21d1f37ac85,cached,True,blocked_pending_explicit_permission,https://www.pbs.gov.au/info/general/copyright,False,https://www.pbs.gov.au/publication/schedule/2007/2007-03-01-dental-book.pdf,au_pbs_archive_2007_03_01_65af3140307a,no_archive_capture
1,"[""BX3UZCSEWYKDY5T5SVYIVKYWQW2IEBUZ""]","[""20140211195733""]",au_pbs_archive_6610373950081946,BX3UZCSEWYKDY5T5SVYIVKYWQW2IEBUZ,9e17e4cb24c72e6eaa1f91c289e3f2cc4fcd9f7a45a20bb646729f5c2b56b7a0,cached,True,blocked_pending_explicit_permission,https://www.pbs.gov.au/info/general/copyright,True,https://www.pbs.gov.au/publication/schedule/2014/01/2014-01-01-general-schedule.pdf,au_pbs_archive_2014_01_01_661037395008,exact_digest_match
1,"[""SCKGZJ5BH2DP7FVDSNAO4WFLIM24JSPE""]","[""20221116170511""]",au_pbs_archive_6706f865158355ab,SCKGZJ5BH2DP7FVDSNAO4WFLIM24JSPE,962b51e0fb9f6ad0592f7a2b6c1d0d8be2dc3ea5950e0930b4b17a3fbbc3c020,cached,True,blocked_pending_explicit_permission,https://www.pbs.gov.au/info/general/copyright,True,https://www.pbs.gov.au/publication/schedule/2022/08/2022-08-01-general-schedule-volume-1.pdf,au_pbs_archive_2022_08_01_6706f8651583,exact_digest_match
1,"[""BPYR5DEIKE4KWBIHCG7HSB4N4FTXJXMO""]","[""20190409044205""]",au_pbs_archive_6742833fe195da5c,BPYR5DEIKE4KWBIHCG7HSB4N4FTXJXMO,d011de102cc6aa4bd7359538a406cec858e1cb98c23060f77b9ded64d3817038,cached,True,blocked_pending_explicit_permission,https://www.pbs.gov.au/info/general/copyright,True,https://www.pbs.gov.au/publication/schedule/2018/09/2018-09-01-efc-schedule.pdf,au_pbs_archive_2018_09_01_6742833fe195,exact_digest_match
1,"[""DEAGROWTMLGNVD5PJRZPGDUNRVLMHY7I""]","[""20200322110256""]",au_pbs_archive_676031d2e2adc29e,DEAGROWTMLGNVD5PJRZPGDUNRVLMHY7I,0f20b1ab3ecc1bd93ca3bcd20e037f22447d5b5d4c66c997f6ff72cd69e95e28,cached,True,blocked_pending_explicit_permission,https://www.pbs.gov.au/info/general/copyright,True,https://www.pbs.gov.au/publication/schedule/2019/09/2019-09-01-general-soc.pdf,au_pbs_archive_2019_09_01_676031d2e2ad,exact_digest_match
1,"[""MXTBDOZCLA6DAXPXY2IPBNYK6JZMBODY""]","[""20200322110137""]",au_pbs_archive_67ad477430418ffb,MXTBDOZCLA6DAXPXY2IPBNYK6JZMBODY,7bfb881b2d931068e707f154e458c08e8108d8d7ef121c70dbb014c911fdb426,cached,True,blocked_pending_explicit_permission,https://www.pbs.gov.au/info/general/copyright,True,https://www.pbs.gov.au/publication/schedule/2019/10/2019-10-01-efc-schedule.pdf,au_pbs_archive_2019_10_01_67ad47743041,exact_digest_match
1,"[""TM372GAG3UMAY3NEH42I65OTJ4ZHOIGT""]","[""20230310025454""]",au_pbs_archive_67f0383308b4eb6c,TM372GAG3UMAY3NEH42I65OTJ4ZHOIGT,cc1d37fbb687c70816d841321ed7087887eb3c05b2dcdb82a9e443b7ff8cd075,cached,True,blocked_pending_explicit_permission,https://www.pbs.gov.au/info/general/copyright,True,https://www.pbs.gov.au/publication/schedule/2022/11/2022-11-01-general-schedule-volume-2.pdf,au_pbs_archive_2022_11_01_67f0383308b4,exact_digest_match
1,"[""BSIFP4B7EYGYI6DUVAGHBTERQBFBT7TO""]","[""20231106133539""]",au_pbs_archive_68012a832a70d2b7,BSIFP4B7EYGYI6DUVAGHBTERQBFBT7TO,91784478698e881a390718232c3e237a3bd2f5044184026fe4446fabaec4c807,cached,True,blocked_pending_explicit_permission,https://www.pbs.gov.au/info/general/copyright,True,https://www.pbs.gov.au/publication/schedule/2023/09/2023-09-01-efc-schedule.pdf,au_pbs_archive_2023_09_01_68012a832a70,exact_digest_match
0,[],[],au_pbs_archive_682490a83a0e56e8,6RW3XVTFG7BFTLQRB3J52BVI523UQWJW,b129de0d5c6e2e2b80e21fceb2e0dcc34e42d586132a7f54714b7f6316563f90,cached,True,blocked_pending_explicit_permission,https://www.pbs.gov.au/info/general/copyright,False,https://www.pbs.gov.au/publication/schedule/2026/03/2026-03-01-general-schedule-volume-2.pdf,au_pbs_archive_2026_03_01_682490a83a0e,no_archive_capture
0,[],[],au_pbs_archive_682c0df5e1df61ef,MZSDL2Q4XJ3GSW7CNRVW5TF62BIAWGLV,a0510c7591e3b094648b7a9536264c91f914b41bb88c260e014b1fa3b5c1966d,cached,True,blocked_pending_explicit_permission,https://www.pbs.gov.au/info/general/copyright,False,https://www.pbs.gov.au/publication/schedule/2010/2010-01-01-general-schedule.pdf,au_pbs_archive_2010_01_01_682c0df5e1df,no_archive_capture
1,"[""ASPCANVZ6MNC6D4JEZJVEXXEDYLIAWXR""]","[""20211012063112""]",au_pbs_archive_68ff0563e7dd8605,ASPCANVZ6MNC6D4JEZJVEXXEDYLIAWXR,3cb370cc56c9558fa5de1ec30b551582b398f38126e2252f9a761e697a2a6628,cached,True,blocked_pending_explicit_permission,https://www.pbs.gov.au/info/general/copyright,True,https://www.pbs.gov.au/publication/schedule/2021/07/2021-07-01-general-soc.pdf,au_pbs_archive_2021_07_01_68ff0563e7dd,exact_digest_match
1,"[""A3UTF5NUYELOFX6JX5QM5PNXOE6C77Y6""]","[""20170321152137""]",au_pbs_archive_691413e40741f570,A3UTF5NUYELOFX6JX5QM5PNXOE6C77Y6,632f04cfad4516802ea500821ac69e8bd030e8461a9575f45acc716dfa8bf280,cached,True,blocked_pending_explicit_permission,https://www.pbs.gov.au/info/general/copyright,True,https://www.pbs.gov.au/publication/schedule/2016/04/2016-04-01-efc-schedule.pdf,au_pbs_archive_2016_04_01_691413e40741,exact_digest_match
1,"[""VIGHHEYN4XWYESC6AJRVXTPT4IBSB5SZ""]","[""20190409044311""]",au_pbs_archive_695c59f1b34bc644,VIGHHEYN4XWYESC6AJRVXTPT4IBSB5SZ,6cbb74ee67d206eef1ea2daf8a9562b124c3bb3a40e151eaed60419dd7e089bf,cached,True,blocked_pending_explicit_permission,https://www.pbs.gov.au/info/general/copyright,True,https://www.pbs.gov.au/publication/schedule/2018/08/2018-08-01-general-soc.pdf,au_pbs_archive_2018_08_01_695c59f1b34b,exact_digest_match
0,[],[],au_pbs_archive_695dbe8b540b93f7,4APAJPZ5R2OR5B6M5DYIQEZ6525X7PCK,05bb7619e1537f50925c24daed840d724c6db949eceabcd0f51a5e995f391a9d,cached,True,blocked_pending_explicit_permission,https://www.pbs.gov.au/info/general/copyright,False,https://www.pbs.gov.au/publication/schedule/2013/02/2013-02-01-data-erratum.pdf,au_pbs_archive_2013_02_01_695dbe8b540b,no_archive_capture
1,"[""4W32CE5FDN5SBV4GHGLA6CZTQO75EZP3""]","[""20250323160634""]",au_pbs_archive_69973c7c7c410343,4W32CE5FDN5SBV4GHGLA6CZTQO75EZP3,06424aefc194123705600f85a0ad5c454ea84f8536adf8264670bf064a1a61e7,cached,True,blocked_pending_explicit_permission,https://www.pbs.gov.au/info/general/copyright,True,https://www.pbs.gov.au/publication/schedule/2024/06/2024-06-01-general-schedule-volume-1.pdf,au_pbs_archive_2024_06_01_69973c7c7c41,exact_digest_match
0,[],[],au_pbs_archive_69c910bb125bb78d,VIM5CAEPLMVJRQVETGKRMDMMCSO3IWWL,eeb0e6f9fd06c15e6e395e27ced580aca9451827eaf8ea45ef050ec2d62588e9,cached,True,blocked_pending_explicit_permission,https://www.pbs.gov.au/info/general/copyright,False,https://www.pbs.gov.au/publication/schedule/2007/2007-02-01-dental-book.pdf,au_pbs_archive_2007_02_01_69c910bb125b,no_archive_capture
1,"[""X64INPVHBYPCHJOMIHKW3SN6G6AWBFQT""]","[""20130423221454""]",au_pbs_archive_69df1310039436cf,X64INPVHBYPCHJOMIHKW3SN6G6AWBFQT,6522795993a92b0e3624b4b3cbdb1bac8a7467f9ca5e07cb0e2c875a6d5457bc,cached,True,blocked_pending_explicit_permission,https://www.pbs.gov.au/info/general/copyright,True,https://www.pbs.gov.au/publication/schedule/2012/09/2012-09-01-general-schedule-SOC.pdf,au_pbs_archive_2012_09_01_69df13100394,exact_digest_match
1,"[""C4QZC5ZTT4U3J4IRJ43KUH23FCKAD3GV""]","[""20240329094117""]",au_pbs_archive_69f346b2c41f5181,C4QZC5ZTT4U3J4IRJ43KUH23FCKAD3GV,ac6d1c7b4f0708d2646257b50c65ccd2ea55929fd1a49e665711d3882c9eefbb,cached,True,blocked_pending_explicit_permission,https://www.pbs.gov.au/info/general/copyright,True,https://www.pbs.gov.au/publication/schedule/2024/02/2024-02-01-general-soc.pdf,au_pbs_archive_2024_02_01_69f346b2c41f,exact_digest_match
0,[],[],au_pbs_archive_6a28832fe0e93735,C6UU5L732H6JY3BV2HU46PCRPOHFDNUZ,1d5033a36bef021bcfa20e6613af53ca8624f17662b39ff7654b2b386c78cd01,cached,True,blocked_pending_explicit_permission,https://www.pbs.gov.au/info/general/copyright,False,https://www.pbs.gov.au/publication/schedule/2026/07/2026-07-01-general-soc.pdf,au_pbs_archive_2026_07_01_6a28832fe0e9,no_archive_capture
0,[],[],au_pbs_archive_6a3c888821fe7658,Z6WMHLW7IFBO6KA3FH2JVPTW3B5MBGFI,53521222c11e0b6719fb7d768fb8037d85f4a4d71326f81429ae9d2f0c43411c,cached,True,blocked_pending_explicit_permission,https://www.pbs.gov.au/info/general/copyright,False,https://www.pbs.gov.au/publication/schedule/2015/02/2015-02-01-general-schedule-soc.pdf,au_pbs_archive_2015_02_01_6a3c888821fe,no_archive_capture
0,[],[],au_pbs_archive_6a46cf5143088c07,RF2TIBCKWJDL2SJZQFPKDSQFI7QM4IIZ,7261f77dd0ab960dbda68f9251358fe27fbb741fa70d8fd4e9541b6a12659574,cached,True,blocked_pending_explicit_permission,https://www.pbs.gov.au/info/general/copyright,False,https://www.pbs.gov.au/publication/schedule/2007/2007-02-01-general-schedule.pdf,au_pbs_archive_2007_02_01_6a46cf514308,no_archive_capture
1,"[""P4T4FFVQXNWJMXYTWQ35D4FRX24IFCBL""]","[""20231106134429""]",au_pbs_archive_6a7b4f494f5126e9,P4T4FFVQXNWJMXYTWQ35D4FRX24IFCBL,9fe2af28a939f0d70f2ab72de667fc5c63a543813015fb6fac2ea40762acb21b,cached,True,blocked_pending_explicit_permission,https://www.pbs.gov.au/info/general/copyright,True,https://www.pbs.gov.au/publication/schedule/2023/05/2023-05-01-efc-schedule.pdf,au_pbs_archive_2023_05_01_6a7b4f494f51,exact_digest_match
1,"[""6MXIS2FKJYCOUS2AJA4KMEFAHFPOD4DW""]","[""20200322111738""]",au_pbs_archive_6a8586353eb964bf,6MXIS2FKJYCOUS2AJA4KMEFAHFPOD4DW,2d397f644fe51eb8aeea0ae687cec6646f1c6e19798af1357ba05f33d3a5cd95,cached,True,blocked_pending_explicit_permission,https://www.pbs.gov.au/info/general/copyright,True,https://www.pbs.gov.au/publication/schedule/2019/07/2019-07-01-general-volume-1.pdf,au_pbs_archive_2019_07_01_6a8586353eb9,exact_digest_match
0,[],[],au_pbs_archive_6ad17415d7ab7964,VN2FJPKAAWW5ZQRWHT4RUKQVF2VBQVA3,d7be0fe0eae0244258f6cd94f18be3a9f2ec87d2a025ef2cf65a2425335d6a89,cached,True,blocked_pending_explicit_permission,https://www.pbs.gov.au/info/general/copyright,False,https://www.pbs.gov.au/publication/schedule/2009/2009-03-01-general-schedule-soc.pdf,au_pbs_archive_2009_03_01_6ad17415d7ab,no_archive_capture
0,[],[],au_pbs_archive_6ada26983d899fde,WC4U2BRSPBIRC3V5K5QRFUIWH3S5WU5F,f18d70b25bbd175f4d8b0faf83a77e92bd00c97dae9fa09f933f8e2fb9dbd2b0,cached,True,blocked_pending_explicit_permission,https://www.pbs.gov.au/info/general/copyright,False,https://www.pbs.gov.au/publication/schedule/2007/2007-11-01-general-schedule.pdf,au_pbs_archive_2007_11_01_6ada26983d89,no_archive_capture
1,"[""ODNXZOOZIQXHTHXKIDUTQX5HL56M72CE""]","[""20250323161144""]",au_pbs_archive_6b1a205d1f23949c,ODNXZOOZIQXHTHXKIDUTQX5HL56M72CE,7fcd89fb932f53fe6a719ac67e5fe254acff2d89b5a04a66791bb67f46110472,cached,True,blocked_pending_explicit_permission,https://www.pbs.gov.au/info/general/copyright,True,https://www.pbs.gov.au/publication/schedule/2024/05/2024-05-01-Errata.pdf,au_pbs_archive_2024_05_01_6b1a205d1f23,exact_digest_match
1,"[""7TBJJIPBJKSQ4VT52GBEAVVDOOLXGEKQ""]","[""20250323162557""]",au_pbs_archive_6b1aa4a371336b83,7TBJJIPBJKSQ4VT52GBEAVVDOOLXGEKQ,f5b3ffe5a2c50a9ef37d45ade5ec50a13abdecab5a846a7f61e6be518de9daef,cached,True,blocked_pending_explicit_permission,https://www.pbs.gov.au/info/general/copyright,True,https://www.pbs.gov.au/publication/schedule/2024/04/2024-04-01-efc-schedule.pdf,au_pbs_archive_2024_04_01_6b1aa4a37133,exact_digest_match
1,"[""4J2J2DAUYDHR6GCWCP6YYM2UGZ5N4QX7""]","[""20190409043218""]",au_pbs_archive_6b34a9e1299be998,4J2J2DAUYDHR6GCWCP6YYM2UGZ5N4QX7,91063e7f9585f3f24870abb228d669c3bbbca9c7a492d9fe3c8879157c215679,cached,True,blocked_pending_explicit_permission,https://www.pbs.gov.au/info/general/copyright,True,https://www.pbs.gov.au/publication/schedule/2018/10/2018-10-01-general-schedule.pdf,au_pbs_archive_2018_10_01_6b34a9e1299b,exact_digest_match
1,"[""2V3RZFQ5GJMDC6W25AW2EVWUD6KKPJ6L""]","[""20190409044253""]",au_pbs_archive_6bb5c5ea17fb5fb7,2V3RZFQ5GJMDC6W25AW2EVWUD6KKPJ6L,cf5159c5fd4cc96dda86917ae179b54447c99d75ad83d3fab350463187b6cfd4,cached,True,blocked_pending_explicit_permission,https://www.pbs.gov.au/info/general/copyright,True,https://www.pbs.gov.au/publication/schedule/2018/08/2018-08-01-erratum.pdf,au_pbs_archive_2018_08_01_6bb5c5ea17fb,exact_digest_match
1,"[""BV7OD5GE72RCJNPY32W7G52W4PZ37XEJ""]","[""20211012063148""]",au_pbs_archive_6bc6534bcc9bb162,BV7OD5GE72RCJNPY32W7G52W4PZ37XEJ,88d8a87f36f4329e986db4c0138a84a5487e03273cc8f92dbabbb7ba2f1541a5,cached,True,blocked_pending_explicit_permission,https://www.pbs.gov.au/info/general/copyright,True,https://www.pbs.gov.au/publication/schedule/2020/06/2020-06-01-general-schedule-volume-2.pdf,au_pbs_archive_2020_06_01_6bc6534bcc9b,exact_digest_match
0,[],[],au_pbs_archive_6bce1542464270f7,SMYLLPJ6QARZWH57PI3K7I56UOLVFOOM,a60306b6ab8a9f6d70f45885b44bd5cb09c4ff6395e941e5821228d538390f91,cached,True,blocked_pending_explicit_permission,https://www.pbs.gov.au/info/general/copyright,False,https://www.pbs.gov.au/publication/schedule/2010/2010-07-01-HSD-schedule.pdf,au_pbs_archive_2010_07_01_6bce15424642,no_archive_capture
1,"[""PQHQXS3QHLFERSMRKB6QCS4SVGEOSRQX""]","[""20200322112700""]",au_pbs_archive_6bffd0e6e5ceb93c,PQHQXS3QHLFERSMRKB6QCS4SVGEOSRQX,2f8a8a1c2e1b7bd7f32de79f65509bd4273a043354d0f3342f9571247bfe337b,cached,True,blocked_pending_explicit_permission,https://www.pbs.gov.au/info/general/copyright,True,https://www.pbs.gov.au/publication/schedule/2019/06/2019-06-01-section100-volume-2.pdf,au_pbs_archive_2019_06_01_6bffd0e6e5ce,exact_digest_match
3,"[""LVODUYSAHAJWYMTT2PKINEAW7FTSXMPM"", ""UBDRY57UMARBMDHNFNPIDDRBCZGGURPJ""]","[""20120227123227"", ""20180417184122"", ""20190413075328""]",au_pbs_archive_6c25dcff024385b3,LVODUYSAHAJWYMTT2PKINEAW7FTSXMPM,57aa54588252ef23530d5878bab2fa496f71bd065bf648da2d793e974d6c7deb,cached,True,blocked_pending_explicit_permission,https://www.pbs.gov.au/info/general/copyright,True,https://www.pbs.gov.au/publication/schedule/2011/11/2011-11-01-dental-book.pdf,au_pbs_archive_2011_11_01_6c25dcff0243,exact_digest_match
1,"[""PW3TYDEF4WZ5BKRQ23NRX6QH37A7JUFR""]","[""20211012063034""]",au_pbs_archive_6c2c421e47718b63,PW3TYDEF4WZ5BKRQ23NRX6QH37A7JUFR,94fb6faa82d8756e02339e30788051cc0c4d0589c337a936975e0b559ba20d9d,cached,True,blocked_pending_explicit_permission,https://www.pbs.gov.au/info/general/copyright,True,https://www.pbs.gov.au/publication/schedule/2021/10/2021-10-01-general-soc.pdf,au_pbs_archive_2021_10_01_6c2c421e4771,exact_digest_match
0,[],[],au_pbs_archive_6c651702f72ed872,YQL5MJXLJSANPMHK4UNW22MTZMSDOU2Q,43f47cc2748823c41bc88a4e92ea8bbb6b93a26b4bda8cb8bdbdab7ffb4ad6af,cached,True,blocked_pending_explicit_permission,https://www.pbs.gov.au/info/general/copyright,False,https://www.pbs.gov.au/publication/schedule/2008/2008-03-01-dental-book.pdf,au_pbs_archive_2008_03_01_6c651702f72e,no_archive_capture
1,"[""INKPYV3GNPCOUQKOVSE2HYHZUCEDEFCA""]","[""20250323162402""]",au_pbs_archive_6c75ce344f6b65aa,INKPYV3GNPCOUQKOVSE2HYHZUCEDEFCA,433170926c16fac26dda5d00cae826b2711ec5cf064adc6d6a947d8fae28c93d,cached,True,blocked_pending_explicit_permission,https://www.pbs.gov.au/info/general/copyright,True,https://www.pbs.gov.au/publication/schedule/2024/04/2024-04-01-general-schedule-volume-2.pdf,au_pbs_archive_2024_04_01_6c75ce344f6b,exact_digest_match
1,"[""DNPF23VXHWJ7NO6SDPQVOTLPRSX2JGUY""]","[""20120227122551""]",au_pbs_archive_6cb7b9696c8a5708,DNPF23VXHWJ7NO6SDPQVOTLPRSX2JGUY,56e652fcec776a286f46e7ef41e48b6c241879eaf0ebd9509c4cb9df2519a910,cached,True,blocked_pending_explicit_permission,https://www.pbs.gov.au/info/general/copyright,True,https://www.pbs.gov.au/publication/schedule/2011/08/2011-08-01-dental-book-SOC.pdf,au_pbs_archive_2011_08_01_6cb7b9696c8a,exact_digest_match
1,"[""XJBLXDBMNK4ZZANCLCDBEXHTKRIFBTLV""]","[""20211012063111""]",au_pbs_archive_6cda6bfa3473b433,XJBLXDBMNK4ZZANCLCDBEXHTKRIFBTLV,45a1f2d698a79ce2efaa90d42dc73066d14621b89dc6a575ea0a76bac3bbedb8,cached,True,blocked_pending_explicit_permission,https://www.pbs.gov.au/info/general/copyright,True,https://www.pbs.gov.au/publication/schedule/2021/05/2021-05-01-general-soc.pdf,au_pbs_archive_2021_05_01_6cda6bfa3473,exact_digest_match
1,"[""4UBA5LIC4LGZX2PGUCIOHDFF75EQA2IJ""]","[""20190409041923""]",au_pbs_archive_6ce489c25025900f,4UBA5LIC4LGZX2PGUCIOHDFF75EQA2IJ,c4097e66fd7d1607d8bc87ea78ecfe7015453ca149717bd0ba57557928db267f,cached,True,blocked_pending_explicit_permission,https://www.pbs.gov.au/info/general/copyright,True,https://www.pbs.gov.au/publication/schedule/2018/12/2018-12-01-errata.pdf,au_pbs_archive_2018_12_01_6ce489c25025,exact_digest_match
1,"[""ATPEXS7XJKQGEKOPD642O2CTS42XIS7Z""]","[""20130423221615""]",au_pbs_archive_6db6aa8819c85bd1,ATPEXS7XJKQGEKOPD642O2CTS42XIS7Z,6f52c25f07f6c1c6c18f1f5834c43684a18b228279cfbf8b836b1ec1d1be5583,cached,True,blocked_pending_explicit_permission,https://www.pbs.gov.au/info/general/copyright,True,https://www.pbs.gov.au/publication/schedule/2012/09/2012-09-01-dental-book.pdf,au_pbs_archive_2012_09_01_6db6aa8819c8,exact_digest_match
1,"[""4VW6WG5UKU2XLN4BXBEIIEWRIUKEZI7P""]","[""20200322111348""]",au_pbs_archive_6dc245471a4e3783,4VW6WG5UKU2XLN4BXBEIIEWRIUKEZI7P,e911a593550508646adc66b48ebf82a48f1fe7054a0aefe01232e2c987b0c119,cached,True,blocked_pending_explicit_permission,https://www.pbs.gov.au/info/general/copyright,True,https://www.pbs.gov.au/publication/schedule/2019/08/2019-08-01-section100-schedule-vol-2.pdf,au_pbs_archive_2019_08_01_6dc245471a4e,exact_digest_match
1,"[""2EX2L55OSIKHFQRMLZKXSTCTOLNAAX2I""]","[""20160330195527""]",au_pbs_archive_6ddc923fb33dee1b,2EX2L55OSIKHFQRMLZKXSTCTOLNAAX2I,50df4e4b9162555a1f20b162eee1e63a58e5d7714223a01a287cd3f3d9a69d6a,cached,True,blocked_pending_explicit_permission,https://www.pbs.gov.au/info/general/copyright,True,https://www.pbs.gov.au/publication/schedule/2016/03/2016-03-01-general-schedule-soc.pdf,au_pbs_archive_2016_03_01_6ddc923fb33d,exact_digest_match
1,"[""L6Q6PTNQSNF7DVKS5JYE7Y4FQQFA45ZD""]","[""20260117233624""]",au_pbs_archive_6e696f7789c10a8f,L6Q6PTNQSNF7DVKS5JYE7Y4FQQFA45ZD,5d1f88ba0aa4d94c76481e2414b26d627fe5bcdf29cf51d6548d604c70f6424b,cached,True,blocked_pending_explicit_permission,https://www.pbs.gov.au/info/general/copyright,True,https://www.pbs.gov.au/publication/schedule/1951-2002/1997-11-01-PBS-Schedule.pdf,au_pbs_archive_1997_11_01_6e696f7789c1,exact_digest_match
0,[],[],au_pbs_archive_6e8e56ab02d4cfa1,MP2P746PJP43262X3VZWSA7WQVU4OLYW,0c66edaaa016f8a2fe5df7100e1bccd2ce1fb4788585bafb5f13050a53dd5195,cached,True,blocked_pending_explicit_permission,https://www.pbs.gov.au/info/general/copyright,False,https://www.pbs.gov.au/publication/schedule/2010/2010-03-01-general-schedule-soc.pdf,au_pbs_archive_2010_03_01_6e8e56ab02d4,no_archive_capture
0,[],[],au_pbs_archive_6ea4bb05606c49c9,M4CMPAKPNJYGHWKJVAFUWMLOF3KT5REB,a077ef091d980ce3c5c4f49a8fc4ea1b41fbe4a9086ffdb9e3680f546b6ea20c,cached,True,blocked_pending_explicit_permission,https://www.pbs.gov.au/info/general/copyright,False,https://www.pbs.gov.au/publication/schedule/2010/2010-08-01-chemotherapy-booklet.pdf,au_pbs_archive_2010_08_01_6ea4bb05606c,no_archive_capture
1,"[""K7VDE4WLWN654IU7VZNZ6FFEAI5JDEUI""]","[""20120227123012""]",au_pbs_archive_6ed2f8a9298ccabb,K7VDE4WLWN654IU7VZNZ6FFEAI5JDEUI,3b5fc7c3992498891bfdc983dab9a4c9f4743b7e406abdecec461c23b0db4b25,cached,True,blocked_pending_explicit_permission,https://www.pbs.gov.au/info/general/copyright,True,https://www.pbs.gov.au/publication/schedule/2011/12/2011-12-01-dental-book.pdf,au_pbs_archive_2011_12_01_6ed2f8a9298c,exact_digest_match
0,[],[],au_pbs_archive_6ee5b8c29b28efeb,VXDUKVGLCQNKXEE7PKWWOMFP2MWEWKLE,a19b1ac6ab433d552a6a5bdcc69ff02f3166f33a7425ef0ece5610e1d0d97144,cached,True,blocked_pending_explicit_permission,https://www.pbs.gov.au/info/general/copyright,False,https://www.pbs.gov.au/publication/schedule/2007/2007-07-01-dental-book.pdf,au_pbs_archive_2007_07_01_6ee5b8c29b28,no_archive_capture
0,[],[],au_pbs_archive_6f0076e4d7e3ddd1,3S3BRM6EX7GYAS5SEDF2P2U7DIYZNA3R,fb9ac453b9f3886c98bf1c539c5195c9448f349d9079a01c8433c12bf40f284f,cached,True,blocked_pending_explicit_permission,https://www.pbs.gov.au/info/general/copyright,False,https://www.pbs.gov.au/publication/schedule/2010/2010-05-01-general-schedule.pdf,au_pbs_archive_2010_05_01_6f0076e4d7e3,no_archive_capture
0,[],[],au_pbs_archive_6fa30017348ceb65,AHHQJOGU4HMZGU64ZJ7ELXHXFUZGN6OF,509caf8b4c6b60904d81d208ceb7904fad3b82bebdb024828f9cc1c9eb745286,cached,True,blocked_pending_explicit_permission,https://www.pbs.gov.au/info/general/copyright,False,https://www.pbs.gov.au/publication/schedule/2015/03/2015-03-01-general-schedule.pdf,au_pbs_archive_2015_03_01_6fa30017348c,no_archive_capture
1,"[""VEQJUO3VY756VHYPEQBPNXDAZXSANPTP""]","[""20160312094746""]",au_pbs_archive_6fab7f7d852501da,VEQJUO3VY756VHYPEQBPNXDAZXSANPTP,78a03729f19fcfd6bd647e3a33f519d8e16f3969f32a8c106333ba4ba7ca4d4b,cached,True,blocked_pending_explicit_permission,https://www.pbs.gov.au/info/general/copyright,True,https://www.pbs.gov.au/publication/schedule/2015/12/2015-12-01-general-schedule.pdf,au_pbs_archive_2015_12_01_6fab7f7d8525,exact_digest_match
0,[],[],au_pbs_archive_6fc9eb52cb0e4521,OJ2KEYTKFZF3PCA5WL77N2IOIZAI7HIH,5b96f333691423e29e403ed2cabbc23807ea2cf85fea6fd8a997796f24c77d0a,cached,True,blocked_pending_explicit_permission,https://www.pbs.gov.au/info/general/copyright,False,https://www.pbs.gov.au/publication/schedule/2003/2003-08-01-general-schedule.pdf,au_pbs_archive_2003_08_01_6fc9eb52cb0e,no_archive_capture
1,"[""4WV6KH7ISLSTLN3OPTCOU2G4B6QAN3E2""]","[""20231106133959""]",au_pbs_archive_706f2e214fef1cec,4WV6KH7ISLSTLN3OPTCOU2G4B6QAN3E2,06085e3f808a1a4a37796702af73c3a03b5857406082f94379f87702afd90cbb,cached,True,blocked_pending_explicit_permission,https://www.pbs.gov.au/info/general/copyright,True,https://www.pbs.gov.au/publication/schedule/2023/07/2023-07-01-general-schedule-volume-2.pdf,au_pbs_archive_2023_07_01_706f2e214fef,exact_digest_match
1,"[""GQDSWCAIFLCGB3URHR3RY3YQBDICEM7Z""]","[""20190409045719""]",au_pbs_archive_70a82c79371fcb46,GQDSWCAIFLCGB3URHR3RY3YQBDICEM7Z,54aef55d8c4a22957a744125bb4ffc65444706f73acf3738e08909e617904d57,cached,True,blocked_pending_explicit_permission,https://www.pbs.gov.au/info/general/copyright,True,https://www.pbs.gov.au/publication/schedule/2018/05/2018-05-01-general-soc.pdf,au_pbs_archive_2018_05_01_70a82c79371f,exact_digest_match
1,"[""3QDEZZ7AMCFZ6IHO2NKQLP562OOO7VCL""]","[""20120227122126""]",au_pbs_archive_70bcc8299b86d024,3QDEZZ7AMCFZ6IHO2NKQLP562OOO7VCL,15f07fed32c461dc405848c77e80dc7cbf9d8ee7b165d6956d3e33c88f83a94e,cached,True,blocked_pending_explicit_permission,https://www.pbs.gov.au/info/general/copyright,True,https://www.pbs.gov.au/publication/schedule/2011/12/2011-12-01-chemotherapy-booklet.pdf,au_pbs_archive_2011_12_01_70bcc8299b86,exact_digest_match
0,[],[],au_pbs_archive_715075f1bc08e193,UU3LYAUGFYUVTV7JHT7KVT2LHDG3TNFY,e17e80d42beb074a582eafa3068707f0741d5df77678129778e7a56859c98b41,cached,True,blocked_pending_explicit_permission,https://www.pbs.gov.au/info/general/copyright,False,https://www.pbs.gov.au/publication/schedule/2012/12/2012-12-01-general-schedule-erratum-risedronate.pdf,au_pbs_archive_2012_12_01_715075f1bc08,no_archive_capture
1,"[""IBBRJOENZAFRXKRJ6LKV6SAUAFJSKVL6""]","[""20211012063022""]",au_pbs_archive_71acb0ce05d4e278,IBBRJOENZAFRXKRJ6LKV6SAUAFJSKVL6,2f4dfc3e74888540bdee3207730dae56ccebef8747d9ec72f4b603719cf02fd1,cached,True,blocked_pending_explicit_permission,https://www.pbs.gov.au/info/general/copyright,True,https://www.pbs.gov.au/publication/schedule/2021/10/2021-10-01-general-schedule-volume-1.pdf,au_pbs_archive_2021_10_01_71acb0ce05d4,exact_digest_match
1,"[""OC6BCP42T5RAD3XZRC7F5P3THOMYAQKG""]","[""20220320190252""]",au_pbs_archive_71ec0aa44494b7df,OC6BCP42T5RAD3XZRC7F5P3THOMYAQKG,9efe6fc9970910b821281024f5a8a3b7e71525964fa2f885455bc0191d075cc7,cached,True,blocked_pending_explicit_permission,https://www.pbs.gov.au/info/general/copyright,True,https://www.pbs.gov.au/publication/schedule/2022/03/2022-03-01-general-schedule-volume-2.pdf,au_pbs_archive_2022_03_01_71ec0aa44494,exact_digest_match
1,"[""JUAQPQ3N4W7ZUWH7JUL2WMFF2AWEU6SH""]","[""20180414092934""]",au_pbs_archive_724063d0ec50654f,JUAQPQ3N4W7ZUWH7JUL2WMFF2AWEU6SH,494b51caaa766e3e439e8c2fcf7104b05370a7e30adb14032da480f8cbd1d83e,cached,True,blocked_pending_explicit_permission,https://www.pbs.gov.au/info/general/copyright,True,https://www.pbs.gov.au/publication/schedule/2017/12/2017-12-01-efc-schedule.pdf,au_pbs_archive_2017_12_01_724063d0ec50,exact_digest_match
0,[],[],au_pbs_archive_724897e38eaac68c,O7XOOELORVKYJKPND3LV5WE37EJZFA7H,561573510a661dc3c5fcdeb97d28caf5e15e995aec29b72ded7637e94c2438e4,cached,True,blocked_pending_explicit_permission,https://www.pbs.gov.au/info/general/copyright,False,https://www.pbs.gov.au/publication/schedule/2026/02/2026-02-01-general-schedule-volume-1.pdf,au_pbs_archive_2026_02_01_724897e38eaa,no_archive_capture
1,"[""NKOTRIYPOVL7JMJQLLVHOLQOFHDS36DS""]","[""20211012063152""]",au_pbs_archive_726a6e8c6bb3f542,NKOTRIYPOVL7JMJQLLVHOLQOFHDS36DS,ba65eea38fd2d80c82550732120bb4c9af8847cba8383c2f88f6429e860599c4,cached,True,blocked_pending_explicit_permission,https://www.pbs.gov.au/info/general/copyright,True,https://www.pbs.gov.au/publication/schedule/2020/10/2020-10-01-general-schedule-volume-1.pdf,au_pbs_archive_2020_10_01_726a6e8c6bb3,exact_digest_match
1,"[""MMIG332UMYVJTVWI2OO6AVIWROMH26UH""]","[""20230310024437""]",au_pbs_archive_7289b9fa6dc41c94,MMIG332UMYVJTVWI2OO6AVIWROMH26UH,864bc34382e026f680ba6cee905724dc77335476ace5409a4036d239ef1ca666,cached,True,blocked_pending_explicit_permission,https://www.pbs.gov.au/info/general/copyright,True,https://www.pbs.gov.au/publication/schedule/2023/01/2023-01-01-general-soc.pdf,au_pbs_archive_2023_01_01_7289b9fa6dc4,exact_digest_match
1,"[""LTNMSYNQKDKR3M5JB5CJ6ERCWP6SCAH2""]","[""20140126044051""]",au_pbs_archive_72910cb419c2dcd6,LTNMSYNQKDKR3M5JB5CJ6ERCWP6SCAH2,3374c33d2b6362c2b363457556d0b3dc48a70d7a914a3fabc675c8a59d818081,cached,True,blocked_pending_explicit_permission,https://www.pbs.gov.au/info/general/copyright,True,https://www.pbs.gov.au/publication/schedule/2013/10/2013-10-01-general-schedule-soc.pdf,au_pbs_archive_2013_10_01_72910cb419c2,exact_digest_match
1,"[""JSEJDZ6KVDH3Q2AFPQ6WF2IMI5JJDNWH""]","[""20160329124455""]",au_pbs_archive_729fc47c00c6b5a0,JSEJDZ6KVDH3Q2AFPQ6WF2IMI5JJDNWH,1ca5da4899975173667480f4113303632ca2960b4884395a933f780419597b79,cached,True,blocked_pending_explicit_permission,https://www.pbs.gov.au/info/general/copyright,True,https://www.pbs.gov.au/publication/schedule/2015/12/2015-12-01-errata.pdf,au_pbs_archive_2015_12_01_729fc47c00c6,exact_digest_match
1,"[""YQJYV7IM2SKRV57XGLDSYYXUGLM2ZMRV""]","[""20120227121858""]",au_pbs_archive_72a6154ecc228ab3,YQJYV7IM2SKRV57XGLDSYYXUGLM2ZMRV,49239df373b2459ee2cdf609054952f58e6abd19b23a61de2ec72359ebdaae58,cached,True,blocked_pending_explicit_permission,https://www.pbs.gov.au/info/general/copyright,True,https://www.pbs.gov.au/publication/schedule/2011/07/2011-07-01-dental-book-SOC.pdf,au_pbs_archive_2011_07_01_72a6154ecc22,exact_digest_match
1,"[""QFWZ2CKQ5MHFNP7GGOQZBTULCBNQN2GF""]","[""20130423222852""]",au_pbs_archive_72f1845441400f89,QFWZ2CKQ5MHFNP7GGOQZBTULCBNQN2GF,9e43c72d19438cc850bfc8e8c4cd5af80a52d37e413effd7e3aa61c11346a294,cached,True,blocked_pending_explicit_permission,https://www.pbs.gov.au/info/general/copyright,True,https://www.pbs.gov.au/publication/schedule/2012/04/2012-04-01-general-schedule.pdf,au_pbs_archive_2012_04_01_72f184544140,exact_digest_match
1,"[""JABDREZIAEB5GOPQY5DEEUG2XWXAFQ4R""]","[""20200227104446""]",au_pbs_archive_7312fddc8cf00362,JABDREZIAEB5GOPQY5DEEUG2XWXAFQ4R,ae9c1c5fa5b20a6ab5ec150685aeaff60ebba7b3cd3acea15c2c4d82352fc868,cached,True,blocked_pending_explicit_permission,https://www.pbs.gov.au/info/general/copyright,True,https://www.pbs.gov.au/publication/schedule/2020/02/2020-02-01-efc-schedule.pdf,au_pbs_archive_2020_02_01_7312fddc8cf0,exact_digest_match
1,"[""EKX7626KEHLV2SFIWAXB3GH3QMDKUPPL""]","[""20231106134355""]",au_pbs_archive_73642267c9478d32,EKX7626KEHLV2SFIWAXB3GH3QMDKUPPL,26e4bfcb45a1a33917ad4f300b4748001c7cbdd8a6848feacdc6ae65349e2e39,cached,True,blocked_pending_explicit_permission,https://www.pbs.gov.au/info/general/copyright,True,https://www.pbs.gov.au/publication/schedule/2023/05/2023-05-01-general-schedule-volume-2.pdf,au_pbs_archive_2023_05_01_73642267c947,exact_digest_match
0,[],[],au_pbs_archive_73af48a20f106a94,7KF7EWT5VMWDS5T4EPF4RXWX4QZ5EMKQ,02e554fda6d72c7e8eedd831197291a9edac10767f93a442c14f2f67343fa3b0,cached,True,blocked_pending_explicit_permission,https://www.pbs.gov.au/info/general/copyright,False,https://www.pbs.gov.au/publication/schedule/2010/2010-01-01-dental-book.pdf,au_pbs_archive_2010_01_01_73af48a20f10,no_archive_capture
1,"[""RGJKLBWC7XSQBXGOYUJT27JG5SWUNLFL""]","[""20130423221742""]",au_pbs_archive_740256fa92f18359,RGJKLBWC7XSQBXGOYUJT27JG5SWUNLFL,483b14148c055d9844b92583a8deb7fd81a40eec0928ebabbdef69be0ee1bc2f,cached,True,blocked_pending_explicit_permission,https://www.pbs.gov.au/info/general/copyright,True,https://www.pbs.gov.au/publication/schedule/2012/08/2012-08-01-general-schedule-errata.pdf,au_pbs_archive_2012_08_01_740256fa92f1,exact_digest_match
0,[],[],au_pbs_archive_7407ced2b5f4b603,KLN7RSXXUAETOBYS4AAA4WDZYHSVEGPQ,4eba251bffb1a22e8a54fe6a58df3c37676501f80479743e60578c6b0b1a5824,cached,True,blocked_pending_explicit_permission,https://www.pbs.gov.au/info/general/copyright,False,https://www.pbs.gov.au/publication/schedule/2007/2007-06-01-dental-book.pdf,au_pbs_archive_2007_06_01_7407ced2b5f4,no_archive_capture
1,"[""Q6CBUG7YAEAHJFYC67V76SU26XPIORGZ""]","[""20130423160031""]",au_pbs_archive_74263323e87ef6c5,Q6CBUG7YAEAHJFYC67V76SU26XPIORGZ,f872440b0845f84ee2e0073e7428c259916508604166a78c583f2eff03af31a7,cached,True,blocked_pending_explicit_permission,https://www.pbs.gov.au/info/general/copyright,True,https://www.pbs.gov.au/publication/schedule/2013/02/2013-02-01-general-schedule.pdf,au_pbs_archive_2013_02_01_74263323e87e,exact_digest_match
0,[],[],au_pbs_archive_7452642b04f020e9,EHPJCHJJMHRVLU2475SF2AF7IYWYIOF6,10f0daa517fb5369df9a921da5e50ea42ab3822f921bbaab325b9e1bc09e194d,cached,True,blocked_pending_explicit_permission,https://www.pbs.gov.au/info/general/copyright,False,https://www.pbs.gov.au/publication/schedule/2007/2007-12-01-dental-book.pdf,au_pbs_archive_2007_12_01_7452642b04f0,no_archive_capture
1,"[""7XXWEBCFKT7J4OROKTRR5OI2E7H7EG4U""]","[""20120227125332""]",au_pbs_archive_74ab5bd37a660f01,7XXWEBCFKT7J4OROKTRR5OI2E7H7EG4U,47652585d8df6f8084347be0f25c6b4add08b7128c2fa6adb9c3f0c132ea2d31,cached,True,blocked_pending_explicit_permission,https://www.pbs.gov.au/info/general/copyright,True,https://www.pbs.gov.au/publication/schedule/2011/12/2011-12-01-chemotherapy-booklet-erratum.pdf,au_pbs_archive_2011_12_01_74ab5bd37a66,exact_digest_match
1,"[""2SQF4OB5JVC6WD47PSJTLLJJAWDDU6YR""]","[""20160330200028""]",au_pbs_archive_74b5e877c0981499,2SQF4OB5JVC6WD47PSJTLLJJAWDDU6YR,e46895cca7d876207911fb6ec6b21a5e241a248951eeb26cb5e91c6e35837b9f,cached,True,blocked_pending_explicit_permission,https://www.pbs.gov.au/info/general/copyright,True,https://www.pbs.gov.au/publication/schedule/2016/03/2016-03-01-general-schedule.pdf,au_pbs_archive_2016_03_01_74b5e877c098,exact_digest_match
0,[],[],au_pbs_archive_74d1beeba06e80d9,GVXJWT3XR2KIHJ56M7WP65YFVRW4DHQL,b9b02ec1ceec9346ffd06823dbce45da3f9850004de54d55a9bf37fd8021347d,cached,True,blocked_pending_explicit_permission,https://www.pbs.gov.au/info/general/copyright,False,https://www.pbs.gov.au/publication/schedule/2013/03/2013-03-01-errata.pdf,au_pbs_archive_2013_03_01_74d1beeba06e,no_archive_capture
1,"[""6S4X5QD42ZNUUEUZXRA5UJHF3DNDMYTO""]","[""20251125060319""]",au_pbs_archive_75100c07ba252c58,6S4X5QD42ZNUUEUZXRA5UJHF3DNDMYTO,4aba0501b8006c264be4a73da64c6c80c7915deebdbab1c2a8274a8d8528f45c,cached,True,blocked_pending_explicit_permission,https://www.pbs.gov.au/info/general/copyright,True,https://www.pbs.gov.au/publication/schedule/2025/06/2025-06-01-general-schedule-volume-1.pdf,au_pbs_archive_2025_06_01_75100c07ba25,exact_digest_match
1,"[""QETOVSSYF33BO5SEODLD6Z3NQVIASLKM""]","[""20241029002428""]",au_pbs_archive_7570594bd4a474f0,QETOVSSYF33BO5SEODLD6Z3NQVIASLKM,4188b1231afcacb810976533021eba5384645d47fbdf7164cad9fefaddb175e7,cached,True,blocked_pending_explicit_permission,https://www.pbs.gov.au/info/general/copyright,True,https://www.pbs.gov.au/publication/schedule/2024/10/2024-10-01-efc-schedule.pdf,au_pbs_archive_2024_10_01_7570594bd4a4,exact_digest_match
1,"[""LBUQNYLPDUVGYNNNP25OHI3TCAQVKDYC""]","[""20160312095312""]",au_pbs_archive_75818b84064dcc98,LBUQNYLPDUVGYNNNP25OHI3TCAQVKDYC,abae6937190188a3e3370e9e7f466169583de64f8922299cfd19de17aefd04dc,cached,True,blocked_pending_explicit_permission,https://www.pbs.gov.au/info/general/copyright,True,https://www.pbs.gov.au/publication/schedule/2015/10/2015-10-01-efc-schedule.pdf,au_pbs_archive_2015_10_01_75818b84064d,exact_digest_match
1,"[""2HKER7PPHJ23BR6345Z3SOBWH56K4JHY""]","[""20200313151835""]",au_pbs_archive_76bf8c2dad4e6dd7,2HKER7PPHJ23BR6345Z3SOBWH56K4JHY,81aa04545178807fa26dae1f691080b776589ca3ce9d135c481d1f1ef9738365,cached,True,blocked_pending_explicit_permission,https://www.pbs.gov.au/info/general/copyright,True,https://www.pbs.gov.au/publication/schedule/2020/03/2020-03-01-general-schedule-volume-1.pdf,au_pbs_archive_2020_03_01_76bf8c2dad4e,exact_digest_match
0,[],[],au_pbs_archive_7714195ff1dc13f8,SDV27D2AGR667HYU6ZL2WFTDPWHRFJMP,323b9e6d0727c6081d51097702f6f23a1cfa09e6aefc9ada9017a0e7873bec2b,cached,True,blocked_pending_explicit_permission,https://www.pbs.gov.au/info/general/copyright,False,https://www.pbs.gov.au/publication/schedule/2013/01/2013-01-01-efc-schedule.pdf,au_pbs_archive_2013_01_01_7714195ff1dc,no_archive_capture
1,"[""23XFBJCSX6ZDZTRA4F56TD4KCPHPQJHL""]","[""20170218221103""]",au_pbs_archive_77192ef0e24f8e29,23XFBJCSX6ZDZTRA4F56TD4KCPHPQJHL,e4afd116acb36a4b9d275a2232b098890b17799fb8ed7bae7bd968fc81fe19b6,cached,True,blocked_pending_explicit_permission,https://www.pbs.gov.au/info/general/copyright,True,https://www.pbs.gov.au/publication/schedule/2017/02/2017-02-01-general-soc.pdf,au_pbs_archive_2017_02_01_77192ef0e24f,exact_digest_match
1,"[""YZKHI2F4ZJSCSWZOXZ5D6U3HEPGKOQ6Q""]","[""20180414090416""]",au_pbs_archive_772d8cfea87329ec,YZKHI2F4ZJSCSWZOXZ5D6U3HEPGKOQ6Q,7b89cb55d4249b9d812b430c68b8f59e9fb325080b83ef85e2593faa473d2b43,cached,True,blocked_pending_explicit_permission,https://www.pbs.gov.au/info/general/copyright,True,https://www.pbs.gov.au/publication/schedule/2018/01/2018-01-01-erratum.pdf,au_pbs_archive_2018_01_01_772d8cfea873,exact_digest_match
0,[],[],au_pbs_archive_7737bfdf204ad47a,WIISW5RH5D44PGC7HL7UOFZGMFVHB7JZ,7e76489a8ee440e4c57f3243eb63316970bc125a857ae7b1acd900f4e4b4fa46,cached,True,blocked_pending_explicit_permission,https://www.pbs.gov.au/info/general/copyright,False,https://www.pbs.gov.au/publication/schedule/2008/2008-10-01-dental-book.pdf,au_pbs_archive_2008_10_01_7737bfdf204a,no_archive_capture
1,"[""JJABK6UVS35U3VSD36NH73NR3FU6I74O""]","[""20120227125602""]",au_pbs_archive_775adb9a25393ef6,JJABK6UVS35U3VSD36NH73NR3FU6I74O,8cd281b6b8c89ae1dd041f89a4d09ed16ae65db8a61a2d25cb175fc72dd803a9,cached,True,blocked_pending_explicit_permission,https://www.pbs.gov.au/info/general/copyright,True,https://www.pbs.gov.au/publication/schedule/2011/09/2011-09-01-dental-book-SOC.pdf,au_pbs_archive_2011_09_01_775adb9a2539,exact_digest_match
0,[],[],au_pbs_archive_77900e787db5e3e2,PGVWMAM7YBVDCBF7NWDLOAWQ565PIDEK,82ba5c5844ad835e8a5425d18cd38e9829d6eef9388545d035cf1c370078b915,cached,True,blocked_pending_explicit_permission,https://www.pbs.gov.au/info/general/copyright,False,https://www.pbs.gov.au/publication/schedule/2008/2008-05-01-general-schedule-soc.pdf,au_pbs_archive_2008_05_01_77900e787db5,no_archive_capture
1,"[""7CNVWGSAHHUFXD4E3OP5XXIZCWXOTIXW""]","[""20130423222316""]",au_pbs_archive_77a946b5472ac6c6,7CNVWGSAHHUFXD4E3OP5XXIZCWXOTIXW,d6f9352b900287e8e7ce3d938397cfb8ae34442d7e28a72255478a82acc11ce8,cached,True,blocked_pending_explicit_permission,https://www.pbs.gov.au/info/general/copyright,True,https://www.pbs.gov.au/publication/schedule/2012/06/2012-06-01-general-schedule-SOC.pdf,au_pbs_archive_2012_06_01_77a946b5472a,exact_digest_match
1,"[""DXUPNR2HEPVJUAQQOGZ2GARFIDJV3NSX""]","[""20211012063123""]",au_pbs_archive_77cb21c878a127eb,DXUPNR2HEPVJUAQQOGZ2GARFIDJV3NSX,ea88c149533e14de3726ad656d3fcbe6927364fa3565594893286d8898314383,cached,True,blocked_pending_explicit_permission,https://www.pbs.gov.au/info/general/copyright,True,https://www.pbs.gov.au/publication/schedule/2021/01/2021-01-01-general-schedule-volume-2.pdf,au_pbs_archive_2021_01_01_77cb21c878a1,exact_digest_match
1,"[""DSMPRFHEJ7YEL5XAN7CH5DEWCCPFQYYF""]","[""20150919154315""]",au_pbs_archive_78213638041e8baf,DSMPRFHEJ7YEL5XAN7CH5DEWCCPFQYYF,c5f565349d7105fea5076d5613269942fe6206d95f4e79d48ee460c8129d17c7,cached,True,blocked_pending_explicit_permission,https://www.pbs.gov.au/info/general/copyright,True,https://www.pbs.gov.au/publication/schedule/2015/04/2015-04-01-general-schedule-soc.pdf,au_pbs_archive_2015_04_01_78213638041e,exact_digest_match
1,"[""LQY3HTLME6ML72D5ANMDV53PCXB2AGGN""]","[""20190409045340""]",au_pbs_archive_7883df4cccbe247b,LQY3HTLME6ML72D5ANMDV53PCXB2AGGN,81671b45ad41b7ec3c59fcdc17f34b7ea93943a276c4d8e472982b048b901a61,cached,True,blocked_pending_explicit_permission,https://www.pbs.gov.au/info/general/copyright,True,https://www.pbs.gov.au/publication/schedule/2018/06/2018-06-01-general-soc.pdf,au_pbs_archive_2018_06_01_7883df4cccbe,exact_digest_match
1,"[""4PHV63RL6KUD7KUOAAVIBCSSE7NVP7V6""]","[""20170321143511""]",au_pbs_archive_789835f4ef4fa03b,4PHV63RL6KUD7KUOAAVIBCSSE7NVP7V6,811a04caa96db32d4ce2c0baad6b9302ffde680232a0076dc08bb18668e5766f,cached,True,blocked_pending_explicit_permission,https://www.pbs.gov.au/info/general/copyright,True,https://www.pbs.gov.au/publication/schedule/2016/10/2016-10-01-general-schedule.pdf,au_pbs_archive_2016_10_01_789835f4ef4f,exact_digest_match
0,[],[],au_pbs_archive_78ce5450b0ecea05,TD7FI4NPWF7PXJ4PNIEOML64Y45T7RO4,f9f9f1cbd69ad1f9a780730ebbd4500bee76ca1936e78b432c131a4b007fc2fe,cached,True,blocked_pending_explicit_permission,https://www.pbs.gov.au/info/general/copyright,False,https://www.pbs.gov.au/publication/schedule/2009/2009-05-01-general-schedule-soc.pdf,au_pbs_archive_2009_05_01_78ce5450b0ec,no_archive_capture
1,"[""OQMFEL4HVFYWEEDEMCQFS4CGKDR2GIZS""]","[""20190409043812""]",au_pbs_archive_78f52f99ef358685,OQMFEL4HVFYWEEDEMCQFS4CGKDR2GIZS,38f4b8954dbcc6bc52ac70cccde142ee353b93a40bc21984f2eb16aa97903b6e,cached,True,blocked_pending_explicit_permission,https://www.pbs.gov.au/info/general/copyright,True,https://www.pbs.gov.au/publication/schedule/2018/09/2018-09-01-general-soc.pdf,au_pbs_archive_2018_09_01_78f52f99ef35,exact_digest_match
1,"[""U2WN44DC3FPIT5L74FW72OLMYBNBT27N""]","[""20130423221604""]",au_pbs_archive_78f6f7da0fa7e4f4,U2WN44DC3FPIT5L74FW72OLMYBNBT27N,1da5df0f2e493b6810bb0c73aa177384dc5e8da62ec2bbd15539b5cea5c2f911,cached,True,blocked_pending_explicit_permission,https://www.pbs.gov.au/info/general/copyright,True,https://www.pbs.gov.au/publication/schedule/2012/09/2012-09-01-dental-book-SOC.pdf,au_pbs_archive_2012_09_01_78f6f7da0fa7,exact_digest_match
1,"[""FPWYVZ22IAMUPKWU3HMBAC4YZKFC2BGX""]","[""20130423221927""]",au_pbs_archive_797468150a23ca9f,FPWYVZ22IAMUPKWU3HMBAC4YZKFC2BGX,43b59ba90dac1f80b521d974993cb238fc9e5edcc04110ad2d1f4a887e673f4d,cached,True,blocked_pending_explicit_permission,https://www.pbs.gov.au/info/general/copyright,True,https://www.pbs.gov.au/publication/schedule/2012/08/2012-08-01-efc-schedule-addendum.pdf,au_pbs_archive_2012_08_01_797468150a23,exact_digest_match
0,[],[],au_pbs_archive_79a2bb1d2ca7c4d2,FS37T5M5VU53DUAUBBWTIH4NOJ3URE5Y,602acf9b8a5531484d0c2614cea2c7104e5cc7eeeca1ea7ddd8c1e639402b911,cached,True,blocked_pending_explicit_permission,https://www.pbs.gov.au/info/general/copyright,False,https://www.pbs.gov.au/publication/schedule/2020/08/2020-08-01-general-schedule-volume-2.pdf,au_pbs_archive_2020_08_01_79a2bb1d2ca7,no_archive_capture
1,"[""DFG2LOEBPLV53K5J2JZ2M5NGN75X4GXY""]","[""20190409044835""]",au_pbs_archive_79af9137368d3e60,DFG2LOEBPLV53K5J2JZ2M5NGN75X4GXY,0bc0621d46a6b5f0e45952003ddd3c1659d023674f813d1e24668710c0b81938,cached,True,blocked_pending_explicit_permission,https://www.pbs.gov.au/info/general/copyright,True,https://www.pbs.gov.au/publication/schedule/2018/07/2018-07-01-general-soc.pdf,au_pbs_archive_2018_07_01_79af9137368d,exact_digest_match
1,"[""I7HFPC4FVR7JFPLOBSCD3XXGB3OGCJKK""]","[""20120227122031""]",au_pbs_archive_79c48762ce044ed3,I7HFPC4FVR7JFPLOBSCD3XXGB3OGCJKK,bb871e80928f7fac9fee8a17c5b4de986bb376d227a6b8de3e1f13334b261ea4,cached,True,blocked_pending_explicit_permission,https://www.pbs.gov.au/info/general/copyright,True,https://www.pbs.gov.au/publication/schedule/2011/04/2011-04-01-general-schedule.pdf,au_pbs_archive_2011_04_01_79c48762ce04,exact_digest_match
1,"[""Y566CKKTDMCYJJGOSOONQNTFSGTLSFWT""]","[""20221116170611""]",au_pbs_archive_79c83f4b2fffdec5,Y566CKKTDMCYJJGOSOONQNTFSGTLSFWT,b0fe7c6e4d107451ff6b94f2de89dd9f55f00779a6547f8657c4ae26ef64bb1e,cached,True,blocked_pending_explicit_permission,https://www.pbs.gov.au/info/general/copyright,True,https://www.pbs.gov.au/publication/schedule/2022/08/2022-08-01-general-schedule-volume-2.pdf,au_pbs_archive_2022_08_01_79c83f4b2fff,exact_digest_match
1,"[""M44RWMSDREXMIEJXA36A5UP63NCF24AK""]","[""20221116171114""]",au_pbs_archive_7a1ff2fd667a2f66,M44RWMSDREXMIEJXA36A5UP63NCF24AK,32202f49049e70c386c36d1e13065c53fd27639911c58040bbf8ed341f94f9a7,cached,True,blocked_pending_explicit_permission,https://www.pbs.gov.au/info/general/copyright,True,https://www.pbs.gov.au/publication/schedule/2022/07/2022-07-01-efc-schedule.pdf,au_pbs_archive_2022_07_01_7a1ff2fd667a,exact_digest_match
0,[],[],au_pbs_archive_7a20ef0b32794da7,QZYO5HPJSUSVWHBI5SMJETDDZMQ72OYL,8a8faf89ad374af79b3a9c2ab60251a811b9679b4dccd795a301defdfb794708,cached,True,blocked_pending_explicit_permission,https://www.pbs.gov.au/info/general/copyright,False,https://www.pbs.gov.au/publication/schedule/2013/08/2013-08-01-general-schedule-soc.pdf,au_pbs_archive_2013_08_01_7a20ef0b3279,no_archive_capture
1,"[""ZCPQENDMUFWVBZEUJAPRWI4GFBEHICUM""]","[""20140211195707""]",au_pbs_archive_7a32ef0bc37ba59a,ZCPQENDMUFWVBZEUJAPRWI4GFBEHICUM,2c3b855620bd9cdf4060c98b7cfdd9fba2a846b8813981e5c0ae893976b3e513,cached,True,blocked_pending_explicit_permission,https://www.pbs.gov.au/info/general/copyright,True,https://www.pbs.gov.au/publication/schedule/2014/01/2014-01-01-general-schedule-soc.pdf,au_pbs_archive_2014_01_01_7a32ef0bc37b,exact_digest_match
0,[],[],au_pbs_archive_7a64b98f98063c6c,O4WI57RBUATQT73J2KHS5BYESN4SUAP3,72c6e5997be6990e834100aa75f5efd337538384648e7e48d654eedb4d9e97e4,cached,True,blocked_pending_explicit_permission,https://www.pbs.gov.au/info/general/copyright,False,https://www.pbs.gov.au/publication/schedule/2013/04/20120401-efc-soc.pdf,au_pbs_archive_unknown_7a64b98f9806,no_archive_capture
1,"[""KMSOBXLCO3MIDXL5YP75PAZ3LLXQ2BCY""]","[""20251125055758""]",au_pbs_archive_7a6c509b434ce4a7,KMSOBXLCO3MIDXL5YP75PAZ3LLXQ2BCY,a2322f83957a39648bf9d8a92048ebc96f577f569fb0daaa9dcd20f1d17525f9,cached,True,blocked_pending_explicit_permission,https://www.pbs.gov.au/info/general/copyright,True,https://www.pbs.gov.au/publication/schedule/2025/09/2025-09-01-efc-schedule.pdf,au_pbs_archive_2025_09_01_7a6c509b434c,exact_digest_match
1,"[""ZT7Z5U42GRAR7NI2F4PTTFVIBTK33VBS""]","[""20140211195815""]",au_pbs_archive_7a9c0d1732350d22,ZT7Z5U42GRAR7NI2F4PTTFVIBTK33VBS,770d9e7fae74691b207977e67664312c673de3124afb1728fd4f25bdeef2044e,cached,True,blocked_pending_explicit_permission,https://www.pbs.gov.au/info/general/copyright,True,https://www.pbs.gov.au/publication/schedule/2014/01/2014-01-01-efc-schedule-soc.pdf,au_pbs_archive_2014_01_01_7a9c0d173235,exact_digest_match
1,"[""3HYLZXDSS722NS5EBOFUHDFZQP3MABHD""]","[""20150303082519""]",au_pbs_archive_7ac6ddaf39b7782f,3HYLZXDSS722NS5EBOFUHDFZQP3MABHD,0ae226e97c36cf53bc60fb2f817e5719384cb03c25c9ed9bfeb2d2e1e78273ca,cached,True,blocked_pending_explicit_permission,https://www.pbs.gov.au/info/general/copyright,True,https://www.pbs.gov.au/publication/schedule/2014/08/2014-08-01-efc-schedule.pdf,au_pbs_archive_2014_08_01_7ac6ddaf39b7,exact_digest_match
0,[],[],au_pbs_archive_7b0fbc1e053ea968,7V7DUH3U7TUF7WX55AESAKQYNSVIPU44,ff4998fc6eb4a7582502baeecb31c5ae01356f767a436ae34f96f15941404481,cached,True,blocked_pending_explicit_permission,https://www.pbs.gov.au/info/general/copyright,False,https://www.pbs.gov.au/publication/schedule/2026/06/2026-06-01-general-schedule-Volume-1.pdf,au_pbs_archive_2026_06_01_7b0fbc1e053e,no_archive_capture
1,"[""MBOFYJGXTGZIHIBOY4F7B26OIFGA2VXA""]","[""20211012063120""]",au_pbs_archive_7b93b755df45f9d5,MBOFYJGXTGZIHIBOY4F7B26OIFGA2VXA,8eb13c53c44ad392ab6e8db8f1951d5c1e56d0f6ab04ec5fed148e46309768a2,cached,True,blocked_pending_explicit_permission,https://www.pbs.gov.au/info/general/copyright,True,https://www.pbs.gov.au/publication/schedule/2020/07/2020-07-01-efc-schedule.pdf,au_pbs_archive_2020_07_01_7b93b755df45,exact_digest_match
1,"[""OUKARUZKCBZVP2NWKJRT2TL6LFDXB6GG""]","[""20180414094852""]",au_pbs_archive_7bc1bf4a479d29f6,OUKARUZKCBZVP2NWKJRT2TL6LFDXB6GG,8eb0267b2d02e170ad2921ed331dd5062c2c646b1e51bb23594fb8aa848fbf53,cached,True,blocked_pending_explicit_permission,https://www.pbs.gov.au/info/general/copyright,True,https://www.pbs.gov.au/publication/schedule/2017/09/2017-09-01-efc-schedule.pdf,au_pbs_archive_2017_09_01_7bc1bf4a479d,exact_digest_match
1,"[""WNNVZ5A6SV4SARGA3DELQBSZC5CBR4XB""]","[""20221116171522""]",au_pbs_archive_7be99823e0fe6452,WNNVZ5A6SV4SARGA3DELQBSZC5CBR4XB,8b2c0a8e045c1e68feae00e4c9f3b87cd1f2276018f6cb4fc05299e8b2281b4c,cached,True,blocked_pending_explicit_permission,https://www.pbs.gov.au/info/general/copyright,True,https://www.pbs.gov.au/publication/schedule/2022/06/2022-06-01-efc-schedule.pdf,au_pbs_archive_2022_06_01_7be99823e0fe,exact_digest_match
1,"[""DFHHSDYUFHQV46FPYL6T32OI4QSDWXZI""]","[""20190228214203""]",au_pbs_archive_7bf55bbeb72e9ba1,DFHHSDYUFHQV46FPYL6T32OI4QSDWXZI,c6a33c3d89a695bb1508f775b6d9c7561209c658625d514b7b81fe88379910a7,cached,True,blocked_pending_explicit_permission,https://www.pbs.gov.au/info/general/copyright,True,https://www.pbs.gov.au/publication/schedule/2018/04/2018-04-01-general-soc.pdf,au_pbs_archive_2018_04_01_7bf55bbeb72e,exact_digest_match
0,[],[],au_pbs_archive_7c68eafb3de615a6,3XP63VYG3V66AMXZUPO5BE6HBPA5S2QV,b71ce200ae53948e2ef109d0e18986732d02ad091587f60131182a1b132e891f,cached,True,blocked_pending_explicit_permission,https://www.pbs.gov.au/info/general/copyright,False,https://www.pbs.gov.au/publication/schedule/2004/2004-02-01-general-schedule.pdf,au_pbs_archive_2004_02_01_7c68eafb3de6,no_archive_capture
1,"[""JQT4EYCNDF4XHK5JYJCAAR6Y3TGUINGL""]","[""20200322112855""]",au_pbs_archive_7ca48d655f148bd5,JQT4EYCNDF4XHK5JYJCAAR6Y3TGUINGL,341b9f4b2bd2949c96cbe8c76b52bb4098989f34eab27aeb3cfec3d3a3aa47b2,cached,True,blocked_pending_explicit_permission,https://www.pbs.gov.au/info/general/copyright,True,https://www.pbs.gov.au/publication/schedule/2019/06/2019-06-01-efc.pdf,au_pbs_archive_2019_06_01_7ca48d655f14,exact_digest_match
0,[],[],au_pbs_archive_7dba4c7daf730b6b,JBPLS3EDGAZHWMS5OQ6LLAXENAZSIOTK,85625019e6ae0d845907b3348b1094c296fd160b902471e91435209b40487453,cached,True,blocked_pending_explicit_permission,https://www.pbs.gov.au/info/general/copyright,False,https://www.pbs.gov.au/publication/schedule/2010/2010-09-01-HSD-Schedule.pdf,au_pbs_archive_2010_09_01_7dba4c7daf73,no_archive_capture
1,"[""YAL53LOTFH52EO2R2NKGYQKCGMAVEZBC""]","[""20251125060057""]",au_pbs_archive_7e089d1dec3becef,YAL53LOTFH52EO2R2NKGYQKCGMAVEZBC,10c017e5e620e863c28a52524d43691e3194c7dde92927795e713125fc897a36,cached,True,blocked_pending_explicit_permission,https://www.pbs.gov.au/info/general/copyright,True,https://www.pbs.gov.au/publication/schedule/2025/07/2025-07-01-general-schedule-volume-1.pdf,au_pbs_archive_2025_07_01_7e089d1dec3b,exact_digest_match
0,[],[],au_pbs_archive_7e1ca4045f714051,ACHMY5GQJ3HNCL4GKE5PV74DFZGB5AQE,5d6cfff09e625ff60f2a0558f25d9464f30e95f8ac7e7b4fbea53bdf9ccb6050,cached,True,blocked_pending_explicit_permission,https://www.pbs.gov.au/info/general/copyright,False,https://www.pbs.gov.au/publication/schedule/2008/2008-02-01-general-schedule-soc.pdf,au_pbs_archive_2008_02_01_7e1ca4045f71,no_archive_capture
1,"[""AV6TNJ3VIQTMJM4TKE6U2TVAPJO7OBK7""]","[""20150303082908""]",au_pbs_archive_7e2109cbccb4a4fa,AV6TNJ3VIQTMJM4TKE6U2TVAPJO7OBK7,97c6af3a9e27718ead67bf091308fc2cb3a7008d0135dc45032a885d636688a0,cached,True,blocked_pending_explicit_permission,https://www.pbs.gov.au/info/general/copyright,True,https://www.pbs.gov.au/publication/schedule/2014/05/2014-05-01-general-schedule.pdf,au_pbs_archive_2014_05_01_7e2109cbccb4,exact_digest_match
1,"[""VQZBX3FLFH7NGLI3ADYAE43GXS55GOHY""]","[""20140126044535""]",au_pbs_archive_7e45af8eb91ab350,VQZBX3FLFH7NGLI3ADYAE43GXS55GOHY,d00c83e623b7e912fb44fe31343e26daf78f9c9fafe72caec27d757403f0add3,cached,True,blocked_pending_explicit_permission,https://www.pbs.gov.au/info/general/copyright,True,https://www.pbs.gov.au/publication/schedule/2013/07/2013-07-01-errata.pdf,au_pbs_archive_2013_07_01_7e45af8eb91a,exact_digest_match
1,"[""EFWBKF4HE6BX2H3GD5XPGW6RXOZJREVY""]","[""20120316203757""]",au_pbs_archive_7e4df6a98ff68905,EFWBKF4HE6BX2H3GD5XPGW6RXOZJREVY,b4e968ac3031b308708d86de358662429240a9d54014df4a8851fdc24bb0e732,cached,True,blocked_pending_explicit_permission,https://www.pbs.gov.au/info/general/copyright,True,https://www.pbs.gov.au/publication/schedule/2012/03/2012-03-01-general-schedule.pdf,au_pbs_archive_2012_03_01_7e4df6a98ff6,exact_digest_match
1,"[""NZTLBWXRPBWOY2FKIFVXX5KK3QHRAOO6""]","[""20251125060532""]",au_pbs_archive_7e8d3d04062e6637,NZTLBWXRPBWOY2FKIFVXX5KK3QHRAOO6,965da45f38c0c95b771e5397681aab11203af035f2f2b0fbe46fd99cd3380fbe,cached,True,blocked_pending_explicit_permission,https://www.pbs.gov.au/info/general/copyright,True,https://www.pbs.gov.au/publication/schedule/2025/06/2025-06-01-efc-schedule.pdf,au_pbs_archive_2025_06_01_7e8d3d04062e,exact_digest_match
1,"[""RZNQD6F4NG3K4VGJCNT6GKILL3V2MKTA""]","[""20200322113638""]",au_pbs_archive_7ec3cd46e39c7687,RZNQD6F4NG3K4VGJCNT6GKILL3V2MKTA,339ba48f5cda9066cbbd036d6247d478206ac8f10743f09cef75df370244b012,cached,True,blocked_pending_explicit_permission,https://www.pbs.gov.au/info/general/copyright,True,https://www.pbs.gov.au/publication/schedule/2019/04/2019-04-01-general-soc.pdf,au_pbs_archive_2019_04_01_7ec3cd46e39c,exact_digest_match
0,[],[],au_pbs_archive_7ec4a4a49329234d,6WYNSNX767HAMJFCL6VDFBYM5FFQQL53,77614e427b645dbae34dbdcbd4543a963883ab89944cc7e5fc1b3a32c40869bb,cached,True,blocked_pending_explicit_permission,https://www.pbs.gov.au/info/general/copyright,False,https://www.pbs.gov.au/publication/schedule/2007/2007-07-01-general-schedule.pdf,au_pbs_archive_2007_07_01_7ec4a4a49329,no_archive_capture
0,[],[],au_pbs_archive_7f46e8302eb03b0f,N7IUUJUUPUJ2X73GGJ3HDERGGUWIG6SW,12db4d60ba890783e5a75405053a9ac69270ce7e9accfab553a5287838ee640c,cached,True,blocked_pending_explicit_permission,https://www.pbs.gov.au/info/general/copyright,False,https://www.pbs.gov.au/publication/schedule/2010/2010-10-01-chemotherapy-booklet.pdf,au_pbs_archive_2010_10_01_7f46e8302eb0,no_archive_capture
0,[],[],au_pbs_archive_7f65138feb94eb6f,KEMAIE63PZFJKFVPTA25URHXG7SOEYT5,33c6dea2bf50f38af3e8c0bb337ad2c4a1f295d189942ef808923241d1aadac1,cached,True,blocked_pending_explicit_permission,https://www.pbs.gov.au/info/general/copyright,False,https://www.pbs.gov.au/publication/schedule/2007/2007-03-01-dental-book-soc.pdf,au_pbs_archive_2007_03_01_7f65138feb94,no_archive_capture
0,[],[],au_pbs_archive_7f66d7bccaf1879d,57NMZOPPEKVZO4IM7WFCAAOFPFUPFGHJ,6d4ec1fe940c87e7906280ff8728271240b32f605651b7e80cfade7c44613f4e,cached,True,blocked_pending_explicit_permission,https://www.pbs.gov.au/info/general/copyright,False,https://www.pbs.gov.au/publication/schedule/2010/2010-06-01-general-schedule-SOC.pdf,au_pbs_archive_2010_06_01_7f66d7bccaf1,no_archive_capture
1,"[""3NRSNCGFDEKJD342XLDLUXNI4LNTFIOQ""]","[""20240326203929""]",au_pbs_archive_807428b219720534,3NRSNCGFDEKJD342XLDLUXNI4LNTFIOQ,3f5e7e33ec986771a969c59576d7f847019af790d9186089daea17aeb9ef1e05,cached,True,blocked_pending_explicit_permission,https://www.pbs.gov.au/info/general/copyright,True,https://www.pbs.gov.au/publication/schedule/2024/03/2024-03-01-general-volume-2.pdf,au_pbs_archive_2024_03_01_807428b21972,exact_digest_match
0,[],[],au_pbs_archive_807d44a521ce6e3f,SIIWL7H55KD6V4NH7BYOD5MZMXXWBGJN,7d9f351c6ceefdf381e4261083a0aee26be631be5f31b11efc80096c87c1aaa3,cached,True,blocked_pending_explicit_permission,https://www.pbs.gov.au/info/general/copyright,False,https://www.pbs.gov.au/publication/schedule/2010/2010-12-01-general-schedule-erratum.pdf,au_pbs_archive_2010_12_01_807d44a521ce,no_archive_capture
1,"[""TSJKRTUO6MWGQJV7XQLWEY57SJKPVOBQ""]","[""20180313115827""]",au_pbs_archive_80e85d857918dae9,TSJKRTUO6MWGQJV7XQLWEY57SJKPVOBQ,c71d103349ee72bcc64d944da2e5961530702395fa380605f4ab34a83391ccb9,cached,True,blocked_pending_explicit_permission,https://www.pbs.gov.au/info/general/copyright,True,https://www.pbs.gov.au/publication/schedule/2017/09/2017-09-01-general-soc.pdf,au_pbs_archive_2017_09_01_80e85d857918,exact_digest_match
1,"[""KVBDYXWJ4CPJOOJ4QYLOQD4H7N6DW7C5""]","[""20150303083022""]",au_pbs_archive_80fef65ce8669f9e,KVBDYXWJ4CPJOOJ4QYLOQD4H7N6DW7C5,56831b384e2c4c9d88e57e6fe4cdf15840f6aeebdd4f63fc87a450cba391df2f,cached,True,blocked_pending_explicit_permission,https://www.pbs.gov.au/info/general/copyright,True,https://www.pbs.gov.au/publication/schedule/2014/04/2014-04-01-errata.pdf,au_pbs_archive_2014_04_01_80fef65ce866,exact_digest_match
1,"[""S27NDIKHARCSIKZ5QOC5FWMS3QLDTM2I""]","[""20211012063130""]",au_pbs_archive_815e54e0e43beacf,S27NDIKHARCSIKZ5QOC5FWMS3QLDTM2I,106d6c831ea6bc81b6d031653c08779c0b9c7b4bc75cea49d869b62acb75aa10,cached,True,blocked_pending_explicit_permission,https://www.pbs.gov.au/info/general/copyright,True,https://www.pbs.gov.au/publication/schedule/2021/04/2021-04-01-general-volume-1.pdf,au_pbs_archive_2021_04_01_815e54e0e43b,exact_digest_match
1,"[""OCUAKIFQB7G2C5KQPHYOYTBYGAIRIVM7""]","[""20211012070437""]",au_pbs_archive_820c94477e7830cf,OCUAKIFQB7G2C5KQPHYOYTBYGAIRIVM7,c013b85835befa31565773571ffe83cd46a34b7a68502cf88ff8cbfe5f13c1f6,cached,True,blocked_pending_explicit_permission,https://www.pbs.gov.au/info/general/copyright,True,https://www.pbs.gov.au/publication/schedule/2021/04/Addendum-for-2021-04-01.pdf,au_pbs_archive_2021_04_01_820c94477e78,exact_digest_match
1,"[""YJXJGCEZ54NCGNQ235XPFLSDEPMI7G3I""]","[""20251125055641""]",au_pbs_archive_8224fcbab5acf038,YJXJGCEZ54NCGNQ235XPFLSDEPMI7G3I,c8752b8d2faef80caa749d643f2a50c886650b93a4835fb41352aa091387ef7e,cached,True,blocked_pending_explicit_permission,https://www.pbs.gov.au/info/general/copyright,True,https://www.pbs.gov.au/publication/schedule/2025/09/2025-09-01-general-schedule-volume-1.pdf,au_pbs_archive_2025_09_01_8224fcbab5ac,exact_digest_match
1,"[""G4GFFEX6RVSFVKTFBI7Z5LFRIOIADILY""]","[""20170321151708""]",au_pbs_archive_825da772fee300c7,G4GFFEX6RVSFVKTFBI7Z5LFRIOIADILY,2e0578156239835b49fa8de86877354752cee89e6d65bd64307330b456f37513,cached,True,blocked_pending_explicit_permission,https://www.pbs.gov.au/info/general/copyright,True,https://www.pbs.gov.au/publication/schedule/2016/04/2016-04-01-general-schedule-soc.pdf,au_pbs_archive_2016_04_01_825da772fee3,exact_digest_match
0,[],[],au_pbs_archive_82d15d22a43105a5,H6PU5AN7TQYO5S2BC6OQMS5EZ5PYQIKP,3f12ce5245a0d749f57fe55c6fd438b13ab1e135aa075c850ba8922b815ebe8e,cached,True,blocked_pending_explicit_permission,https://www.pbs.gov.au/info/general/copyright,False,https://www.pbs.gov.au/publication/schedule/2008/2008-10-01-dental-book-soc.pdf,au_pbs_archive_2008_10_01_82d15d22a431,no_archive_capture
0,[],[],au_pbs_archive_831e4c059bc30c23,APATSVBGCY6SFIBJ6UQY6GF6X7NY4HR4,2079dd51299cdec2593f232da332d7a99394e96ab116aad2c5de996f39cd59d2,cached,True,blocked_pending_explicit_permission,https://www.pbs.gov.au/info/general/copyright,False,https://www.pbs.gov.au/publication/schedule/1951-2002/1970-12-01-consolidated-schedules.pdf,au_pbs_archive_1970_12_01_831e4c059bc3,no_archive_capture
1,"[""EDIXTKGGNXKUURZEO4RYO2S5PJWPTAWG""]","[""20251118103019""]",au_pbs_archive_8332b809da3f5ee7,EDIXTKGGNXKUURZEO4RYO2S5PJWPTAWG,9eb03da094e1b99c8517a1d75fcada84e62586b0cdfb7b454cc3684d19dd9c50,cached,True,blocked_pending_explicit_permission,https://www.pbs.gov.au/info/general/copyright,True,https://www.pbs.gov.au/publication/schedule/2025/11/2025-11-01-general-schedule-volume-2.pdf,au_pbs_archive_2025_11_01_8332b809da3f,exact_digest_match
1,"[""MJDFIDYGFMXPLUC4FHYGRNNWJMX74UDT""]","[""20190409040857""]",au_pbs_archive_83497393f46dde59,MJDFIDYGFMXPLUC4FHYGRNNWJMX74UDT,0cfc957130df144314407669f7ea8e39f2b416f0802c3dcfa983871aa95389dc,cached,True,blocked_pending_explicit_permission,https://www.pbs.gov.au/info/general/copyright,True,https://www.pbs.gov.au/publication/schedule/2019/01/2019-01-01-general-soc.pdf,au_pbs_archive_2019_01_01_83497393f46d,exact_digest_match
1,"[""EVWG26GQMOBSALXP5ZXDGSXVP4WRVRMK""]","[""20231106134558""]",au_pbs_archive_83761d50b1e68029,EVWG26GQMOBSALXP5ZXDGSXVP4WRVRMK,16d35d070eb400844c2ea41d922796db6883b5eb977138fe5ec141e3f8603498,cached,True,blocked_pending_explicit_permission,https://www.pbs.gov.au/info/general/copyright,True,https://www.pbs.gov.au/publication/schedule/2023/04/2023-04-01-general-schedule-volume-2.pdf,au_pbs_archive_2023_04_01_83761d50b1e6,exact_digest_match
1,"[""ML7OYZOFX2SZAIWFMIA4F2GSVM6X6UOJ""]","[""20120227123049""]",au_pbs_archive_838c26b810c7b418,ML7OYZOFX2SZAIWFMIA4F2GSVM6X6UOJ,8111600540aea569faca0c56951c71637abb1be68eb43d769df2afa01d6676fc,cached,True,blocked_pending_explicit_permission,https://www.pbs.gov.au/info/general/copyright,True,https://www.pbs.gov.au/publication/schedule/2011/11/2011-11-01-general-schedule-SOC.pdf,au_pbs_archive_2011_11_01_838c26b810c7,exact_digest_match
1,"[""LRPS5NMNRQJMI2X433AWDFS5LVU26DFC""]","[""20130423222028""]",au_pbs_archive_8412ea33cafa756b,LRPS5NMNRQJMI2X433AWDFS5LVU26DFC,6bbc39ba497a08db6f4e8ea6aadbb42543b8f4a0186c6420194591d4aedb64a5,cached,True,blocked_pending_explicit_permission,https://www.pbs.gov.au/info/general/copyright,True,https://www.pbs.gov.au/publication/schedule/2012/07/2012-07-01-general-schedule-SOC.pdf,au_pbs_archive_2012_07_01_8412ea33cafa,exact_digest_match
0,[],[],au_pbs_archive_8457fecc49303e8b,W7C4HWH2V3EK3SMPXIAD2ZQ56SVGBSVI,9a0b1958c5238b9f839a7c338ccfd7ae8573e6179d84c0addae29d59ce7c5c86,cached,True,blocked_pending_explicit_permission,https://www.pbs.gov.au/info/general/copyright,False,https://www.pbs.gov.au/publication/schedule/2014/07/2014-07-01-general-schedule-soc.pdf,au_pbs_archive_2014_07_01_8457fecc4930,no_archive_capture
0,[],[],au_pbs_archive_84693bb9e30d05ec,FSJBTHJ7B6AWVCRIBKBPQQHVQ5HPQL3E,47aab14b889c999aa546538331a28042d71bc043bb628b4448bd0e5e193068c4,cached,True,blocked_pending_explicit_permission,https://www.pbs.gov.au/info/general/copyright,False,https://www.pbs.gov.au/publication/schedule/2016/10/2016-10-01-efc-schedule.pdf,au_pbs_archive_2016_10_01_84693bb9e30d,no_archive_capture
1,"[""GTJUG3CUL6ACLUANITWF7IWKIPAP7NZ5""]","[""20180414085655""]",au_pbs_archive_84b9af0a544c2689,GTJUG3CUL6ACLUANITWF7IWKIPAP7NZ5,5c965029fcedab47f1f88892377496dbb398b6116144145610d0cfd789f52ffb,cached,True,blocked_pending_explicit_permission,https://www.pbs.gov.au/info/general/copyright,True,https://www.pbs.gov.au/publication/schedule/2018/02/2018-02-01-general-soc.pdf,au_pbs_archive_2018_02_01_84b9af0a544c,exact_digest_match
1,"[""OLNVNIERQ2LBTDE66FHAG5IIVQT3YQZO""]","[""20220311055718""]",au_pbs_archive_8507d5a032ba4d49,OLNVNIERQ2LBTDE66FHAG5IIVQT3YQZO,008d4e845aa3e10f90f2ba7c031f64bea0fea3ab3aab5afbe8a237c4ade44785,cached,True,blocked_pending_explicit_permission,https://www.pbs.gov.au/info/general/copyright,True,https://www.pbs.gov.au/publication/schedule/2022/02/2022-02-01-general-soc.pdf,au_pbs_archive_2022_02_01_8507d5a032ba,exact_digest_match
1,"[""NYFPVURJBPIAFY5ITG6IWEC77IQ34SE5""]","[""20140126044157""]",au_pbs_archive_850e5348884ac28f,NYFPVURJBPIAFY5ITG6IWEC77IQ34SE5,0f1fe526b5f74266b95e240a96e457fd4d3f03688bd679284f987c3268b0e790,cached,True,blocked_pending_explicit_permission,https://www.pbs.gov.au/info/general/copyright,True,https://www.pbs.gov.au/publication/schedule/2013/10/2013-10-01-efc-schedule-soc.pdf,au_pbs_archive_2013_10_01_850e5348884a,exact_digest_match
0,[],[],au_pbs_archive_853c401ed0843b67,FYMAMT23MR32UTSXXZIJTTYSXRU73KO6,d1f7f57c8bbec8e89fa9460f8c7a40df6cc5bfdd979f6efd4c2147ee553ddd00,cached,True,blocked_pending_explicit_permission,https://www.pbs.gov.au/info/general/copyright,False,https://www.pbs.gov.au/publication/schedule/2009/2009-12-01-dental-book-soc.pdf,au_pbs_archive_2009_12_01_853c401ed084,no_archive_capture
1,"[""YO3S7HHER354JKMAY4UFC357C23WEASK""]","[""20240326203732""]",au_pbs_archive_8565496720f98d0a,YO3S7HHER354JKMAY4UFC357C23WEASK,bed0cc5dbe60fedfc0035d0748f32634cfbcdd9af9ec9d6fa58c90aa07ab4a8f,cached,True,blocked_pending_explicit_permission,https://www.pbs.gov.au/info/general/copyright,True,https://www.pbs.gov.au/publication/schedule/2024/03/2024-03-01-Errata.pdf,au_pbs_archive_2024_03_01_8565496720f9,exact_digest_match
1,"[""5YV7KBNSQLB3UXXPDW7BFK4RFADJ5S7D""]","[""20130423221746""]",au_pbs_archive_86267c77d903a118,5YV7KBNSQLB3UXXPDW7BFK4RFADJ5S7D,c7105450c0d1019bc031f850316787fac21cd884b52827b8c5a34627948a8a37,cached,True,blocked_pending_explicit_permission,https://www.pbs.gov.au/info/general/copyright,True,https://www.pbs.gov.au/publication/schedule/2012/08/2012-08-01-general-schedule.pdf,au_pbs_archive_2012_08_01_86267c77d903,exact_digest_match
1,"[""NYCBX5VWDWWYLFDH2SZDPHC2FJV2MK3A""]","[""20120227122212""]",au_pbs_archive_862fc7f2aa74796c,NYCBX5VWDWWYLFDH2SZDPHC2FJV2MK3A,c79f0a6830262f37fa20e7da1d4ff81494524fc5a85b80a399bfee3edab6b721,cached,True,blocked_pending_explicit_permission,https://www.pbs.gov.au/info/general/copyright,True,https://www.pbs.gov.au/publication/schedule/2011/11/2011-11-01-chemotherapy-booklet.pdf,au_pbs_archive_2011_11_01_862fc7f2aa74,exact_digest_match
1,"[""3AWOJ7FO54EUZBEROZWXM6BQX4IU6HI6""]","[""20250323161204""]",au_pbs_archive_863f79f419386e16,3AWOJ7FO54EUZBEROZWXM6BQX4IU6HI6,2fd101dd4e25ee4527f3454a93f32a2c051ccb815334ab3809c4fe7ea2cc8964,cached,True,blocked_pending_explicit_permission,https://www.pbs.gov.au/info/general/copyright,True,https://www.pbs.gov.au/publication/schedule/2024/05/2024-05-01-general-schedule-volume-1.pdf,au_pbs_archive_2024_05_01_863f79f41938,exact_digest_match
1,"[""HMTRNMCV3CNWBQGRMRA6DWEMCNSPSMQ3""]","[""20220120144547""]",au_pbs_archive_8695ec033072020f,HMTRNMCV3CNWBQGRMRA6DWEMCNSPSMQ3,56cb506a1c24b22d3cbc9a6861fe6168759858e6a552d9bd7b106bd38ec6badd,cached,True,blocked_pending_explicit_permission,https://www.pbs.gov.au/info/general/copyright,True,https://www.pbs.gov.au/publication/schedule/2021/11/2021-11-01-general-schedule-volume-2.pdf,au_pbs_archive_2021_11_01_8695ec033072,exact_digest_match
1,"[""KFS3UHOPOAVVWNLLOK7DJBRBJQJMVHCH""]","[""20160312094539""]",au_pbs_archive_87497eeb9e0d5b0b,KFS3UHOPOAVVWNLLOK7DJBRBJQJMVHCH,83734403a8dbb5238f2921ec6b1983f1d4ca0675ab703e4c388d4906951a649f,cached,True,blocked_pending_explicit_permission,https://www.pbs.gov.au/info/general/copyright,True,https://www.pbs.gov.au/publication/schedule/2016/01/2016-01-01-general-schedule-soc.pdf,au_pbs_archive_2016_01_01_87497eeb9e0d,exact_digest_match
1,"[""RXY5IKMTO56SRIXPE42XPMA4DP4SL4BG""]","[""20170623082814""]",au_pbs_archive_87522ee061cf3708,RXY5IKMTO56SRIXPE42XPMA4DP4SL4BG,ede2320807ddc80fc9a36620f622e25a28a384eb87a9b8aa59fe1044457d58b6,cached,True,blocked_pending_explicit_permission,https://www.pbs.gov.au/info/general/copyright,True,https://www.pbs.gov.au/publication/schedule/2017/06/2017-06-01-general-soc.pdf,au_pbs_archive_2017_06_01_87522ee061cf,exact_digest_match
0,[],[],au_pbs_archive_8765a09d13218ca9,Y5VORD7ZBAZS3Y5VCKLEXBZ5HUJR7VIN,1eceea2f6d5f9368ead0a7df55ffd39761cbaf1a01ab41284a66e5a9c56d85e6,cached,True,blocked_pending_explicit_permission,https://www.pbs.gov.au/info/general/copyright,False,https://www.pbs.gov.au/publication/schedule/2007/2007-02-01-general-schedule-soc.pdf,au_pbs_archive_2007_02_01_8765a09d1321,no_archive_capture
1,"[""6E4GR353KUKUIVR2MAUHKLKPFG7IP4E7""]","[""20251125055522""]",au_pbs_archive_879b68cdca17f652,6E4GR353KUKUIVR2MAUHKLKPFG7IP4E7,c723cdc2cbb431babb3054bfc6af2a37dfe029fa6bd85f730abb8fde58c9b11a,cached,True,blocked_pending_explicit_permission,https://www.pbs.gov.au/info/general/copyright,True,https://www.pbs.gov.au/publication/schedule/2025/10/2025-10-01-general-schedule-volume-1.pdf,au_pbs_archive_2025_10_01_879b68cdca17,exact_digest_match
1,"[""GTSYLXIWXVHAYCFZ47K5W2V5T5S5RBPP""]","[""20241029002321""]",au_pbs_archive_87a9a5bf2f04a566,GTSYLXIWXVHAYCFZ47K5W2V5T5S5RBPP,5168740cd1c777357ca07a391b86b6393b505038642c7aa311f8741274a77856,cached,True,blocked_pending_explicit_permission,https://www.pbs.gov.au/info/general/copyright,True,https://www.pbs.gov.au/publication/schedule/2024/10/2024-10-01-general-soc.pdf,au_pbs_archive_2024_10_01_87a9a5bf2f04,exact_digest_match
1,"[""526ZU6HGEMV6ARS7F7PMKH4PZ4XMU3VU""]","[""20150303082150""]",au_pbs_archive_8889a35d274b9f96,526ZU6HGEMV6ARS7F7PMKH4PZ4XMU3VU,5846c10cf0bc93bf65f0a6fa012ae6a58a34c14ddd47abb4b5f7a5a667ba88e1,cached,True,blocked_pending_explicit_permission,https://www.pbs.gov.au/info/general/copyright,True,https://www.pbs.gov.au/publication/schedule/2014/09/2014-09-01-general-schedule-soc.pdf,au_pbs_archive_2014_09_01_8889a35d274b,exact_digest_match
1,"[""3OQL35VMP2SCWRNRRVCOJVXFN7FPTWQW""]","[""20180414093912""]",au_pbs_archive_8896002eab332147,3OQL35VMP2SCWRNRRVCOJVXFN7FPTWQW,bd879b88712853e48d898a9237e9cc6c126ad576566f49435326dbe2662d98e5,cached,True,blocked_pending_explicit_permission,https://www.pbs.gov.au/info/general/copyright,True,https://www.pbs.gov.au/publication/schedule/2017/10/2017-10-01-general-soc.pdf,au_pbs_archive_2017_10_01_8896002eab33,exact_digest_match
1,"[""B5LVXFH3J6T6TWB75WZRUAFRAGDUYNSZ""]","[""20120227125007""]",au_pbs_archive_88ac430401ed20ec,B5LVXFH3J6T6TWB75WZRUAFRAGDUYNSZ,f65fdfa5470b8c95f704feff4cad6dd11fa4ad044682e539871fb6ebf7c5e3dd,cached,True,blocked_pending_explicit_permission,https://www.pbs.gov.au/info/general/copyright,True,https://www.pbs.gov.au/publication/schedule/2011/06/2011-06-01-dental-book-SOC.pdf,au_pbs_archive_2011_06_01_88ac430401ed,exact_digest_match
1,"[""QNOA7PCBS7X5YRRUX2ULF72WYH23YLRT""]","[""20150919155127""]",au_pbs_archive_88dd6fcec312b952,QNOA7PCBS7X5YRRUX2ULF72WYH23YLRT,12d3cf6e7f36854faa25429fc8a6cd17207a4fa0116f3a9b834a0a461cdca7a4,cached,True,blocked_pending_explicit_permission,https://www.pbs.gov.au/info/general/copyright,True,https://www.pbs.gov.au/publication/schedule/2015/08/2015-08-01-general-schedule-soc.pdf,au_pbs_archive_2015_08_01_88dd6fcec312,exact_digest_match
0,[],[],au_pbs_archive_89700835effd15c0,XJZGPBFY67ZVEYFYQNXGHXS23QYJUSMA,7c8ed91a3bef7dc49280aa975ed4f8db83d29c83b70ff4864f6485c349645e59,cached,True,blocked_pending_explicit_permission,https://www.pbs.gov.au/info/general/copyright,False,https://www.pbs.gov.au/publication/schedule/2007/2007-06-01-general-schedule.pdf,au_pbs_archive_2007_06_01_89700835effd,no_archive_capture
1,"[""3LNCLM4FX5EPIEG3L6I7VJOWJIYNFM45""]","[""20251118102943""]",au_pbs_archive_8a151e07ae49394a,3LNCLM4FX5EPIEG3L6I7VJOWJIYNFM45,8da2c6bfcabd0ac3a91615b9b124407fc7f1692a0a470c912559f130f87f9c46,cached,True,blocked_pending_explicit_permission,https://www.pbs.gov.au/info/general/copyright,True,https://www.pbs.gov.au/publication/schedule/2025/11/2025-11-01-general-schedule-volume-1.pdf,au_pbs_archive_2025_11_01_8a151e07ae49,exact_digest_match
1,"[""KPKKSNTOUP4H6YAHZMGMKC7ZN7UIHSHS""]","[""20190409044644""]",au_pbs_archive_8a1c748d2004cfff,KPKKSNTOUP4H6YAHZMGMKC7ZN7UIHSHS,2bda48d09905602bade20d1b02a5a4ee484892998ee38b7e95bae3397626bcad,cached,True,blocked_pending_explicit_permission,https://www.pbs.gov.au/info/general/copyright,True,https://www.pbs.gov.au/publication/schedule/2018/08/2018-08-01-efc-schedule.pdf,au_pbs_archive_2018_08_01_8a1c748d2004,exact_digest_match
1,"[""BOJE56Q5R5R4HWHXNAW66W44KOR7F46S""]","[""20230316150404""]",au_pbs_archive_8a438dc0f57fa3df,BOJE56Q5R5R4HWHXNAW66W44KOR7F46S,8cbffc24510433453a7c97633f434d1c83395a005b5bece76cde9fbb264ca417,cached,True,blocked_pending_explicit_permission,https://www.pbs.gov.au/info/general/copyright,True,https://www.pbs.gov.au/publication/schedule/2023/03/2023-03-01-general-schedule-volume-2.pdf,au_pbs_archive_2023_03_01_8a438dc0f57f,exact_digest_match
1,"[""ZY2UDFHVQ67I7UDMX6PWXTTX3Z2UOGDE""]","[""20200322110904""]",au_pbs_archive_8a779a650c82b370,ZY2UDFHVQ67I7UDMX6PWXTTX3Z2UOGDE,333123b3a716d567969bc19e9375eb9457b0869b7619fecd70b32c30ffee05bd,cached,True,blocked_pending_explicit_permission,https://www.pbs.gov.au/info/general/copyright,True,https://www.pbs.gov.au/publication/schedule/2019/09/2019-09-01-efc-schedule.pdf,au_pbs_archive_2019_09_01_8a779a650c82,exact_digest_match
1,"[""PP44IJHDBXO4GN4MTAFPL3UAKHW4CE52""]","[""20150919122718""]",au_pbs_archive_8a78017448e2438e,PP44IJHDBXO4GN4MTAFPL3UAKHW4CE52,54bf072682c30263c7fc10a6c62d53960f3a95589fea650801ec8fad82da4f64,cached,True,blocked_pending_explicit_permission,https://www.pbs.gov.au/info/general/copyright,True,https://www.pbs.gov.au/publication/schedule/2015/08/2015-08-01-errata.pdf,au_pbs_archive_2015_08_01_8a78017448e2,exact_digest_match
0,[],[],au_pbs_archive_8a79bd8794e86417,OK264IYWKKRR72EE72G22IYG5OSREFZK,a792ad8d0012c24d7ba6c801e44203557f1cc9becb57a3062274d10eee58f61e,cached,True,blocked_pending_explicit_permission,https://www.pbs.gov.au/info/general/copyright,False,https://www.pbs.gov.au/publication/schedule/2008/2008-08-01-general-schedule-soc.pdf,au_pbs_archive_2008_08_01_8a79bd8794e8,no_archive_capture
1,"[""7UVCK6KWUJUMJEM355XNXVELYFG6JKKJ""]","[""20230310025324""]",au_pbs_archive_8a7c3f1ecf8cfc19,7UVCK6KWUJUMJEM355XNXVELYFG6JKKJ,3887d14ca384bdfd146f2c68ed23957dde68e89993d91b751810fcccc2ce0d5e,cached,True,blocked_pending_explicit_permission,https://www.pbs.gov.au/info/general/copyright,True,https://www.pbs.gov.au/publication/schedule/2022/11/2022-11-01-general-schedule-volume-1.pdf,au_pbs_archive_2022_11_01_8a7c3f1ecf8c,exact_digest_match
0,[],[],au_pbs_archive_8adbcea0e7190c7b,Z77U6MQ3KTJUMLAZS6BEDVV7JKYU52X5,23ddf29fb5e7336f8f4190fca1e7f9a38cdf362b8e26929033ff888cf402450b,cached,True,blocked_pending_explicit_permission,https://www.pbs.gov.au/info/general/copyright,False,https://www.pbs.gov.au/publication/schedule/2008/2008-07-01-dental-book.pdf,au_pbs_archive_2008_07_01_8adbcea0e719,no_archive_capture
0,[],[],au_pbs_archive_8af726fffc390bec,QXFPYFWHSAOKNRRJHVXET3BGBTXVKMZN,388529ecf6111342a5774deae6a1b606a628ea40e780025cdad239117eb7d737,cached,True,blocked_pending_explicit_permission,https://www.pbs.gov.au/info/general/copyright,False,https://www.pbs.gov.au/publication/schedule/2015/05/2015-05-01-general-schedule-soc.pdf,au_pbs_archive_2015_05_01_8af726fffc39,no_archive_capture
0,[],[],au_pbs_archive_8aff4321b12f7aa4,,,download_failed,True,blocked_pending_explicit_permission,https://www.pbs.gov.au/info/general/copyright,False,https://www.pbs.gov.au/publication/schedule/1951-2002/1987-12-01-RPBS-Schedule.PDF,au_pbs_archive_1987_12_01_8aff4321b12f,no_archive_capture
1,"[""HO74AE6SMTVBBT2RAYU5NNNHUX6NM7FQ""]","[""20180313123451""]",au_pbs_archive_8b3bb64c3cfaf016,HO74AE6SMTVBBT2RAYU5NNNHUX6NM7FQ,7569109fc8ef4a5890c8dac74c0e3e427b8799c2568d37934bdda6f31e57aa82,cached,True,blocked_pending_explicit_permission,https://www.pbs.gov.au/info/general/copyright,True,https://www.pbs.gov.au/publication/schedule/2018/03/2018-03-01-general-schedule.pdf,au_pbs_archive_2018_03_01_8b3bb64c3cfa,exact_digest_match
0,[],[],au_pbs_archive_8b60f9e96b811097,NPCFPAAM4FRGA22J3DK2MQ4MW42ZWHA5,b8e0f6ed780ee71f269721b1aebadaceb801085811ad1097981c2f63562e9b7c,cached,True,blocked_pending_explicit_permission,https://www.pbs.gov.au/info/general/copyright,False,https://www.pbs.gov.au/publication/schedule/1951-2002/1955-05-01-PBS-Schedule-Medical-Practitioners.pdf,au_pbs_archive_1955_05_01_8b60f9e96b81,no_archive_capture
0,[],[],au_pbs_archive_8b7bfc3c1e366d36,LEW34E67HJIWKQZIC3BW6BCMXJO66BDC,a7872d73a6983112b943a9fc4dce19b7be6f93ef75bf838f0e1917fb72b9c07d,cached,True,blocked_pending_explicit_permission,https://www.pbs.gov.au/info/general/copyright,False,https://www.pbs.gov.au/publication/schedule/2026/06/2026-06-01-general-schedule-Volume-2.pdf,au_pbs_archive_2026_06_01_8b7bfc3c1e36,no_archive_capture
1,"[""B376MOIDLV25ZE3MS7HJBCHW4VFRHOGE""]","[""20120227122930""]",au_pbs_archive_8c10ed2496084edf,B376MOIDLV25ZE3MS7HJBCHW4VFRHOGE,dea4232587eab58a9181e7ff6de11aa1a3127f64dc2320ad6be809caa82eb2f1,cached,True,blocked_pending_explicit_permission,https://www.pbs.gov.au/info/general/copyright,True,https://www.pbs.gov.au/publication/schedule/2011/05/2011-05-01-chemotherapy-booklet.pdf,au_pbs_archive_2011_05_01_8c10ed249608,exact_digest_match
0,[],[],au_pbs_archive_8c522c24d493b66d,3OTQLFARA4FTFE6F67GOZVQO4ILVLKTO,46929dd96b5c9832bce61c441d8560cc45fb21bb8c035bfb73bf04d859183d93,cached,True,blocked_pending_explicit_permission,https://www.pbs.gov.au/info/general/copyright,False,https://www.pbs.gov.au/publication/schedule/2026/04/2026-04-01-general-schedule-Volume-1.pdf,au_pbs_archive_2026_04_01_8c522c24d493,no_archive_capture
0,[],[],au_pbs_archive_8c812ec99201f6c8,P3F4YVTCP7S7AJYOKPKOMLLS3QCEZLQI,8811c7da098e45da94b26e2c9b3ebe69995c7a0fa89b021b78d117e0f193759f,cached,True,blocked_pending_explicit_permission,https://www.pbs.gov.au/info/general/copyright,False,https://www.pbs.gov.au/publication/schedule/2008/2008-04-01-dental-book.pdf,au_pbs_archive_2008_04_01_8c812ec99201,no_archive_capture
1,"[""A3MHLA6TESALKXW2LI6WEUASI5Q7WMTY""]","[""20120227130134""]",au_pbs_archive_8ca65756863d60b7,A3MHLA6TESALKXW2LI6WEUASI5Q7WMTY,96c20e99f8acd56dca5d41781233ffd746195f87a2ccdf123de02e8f547b27f1,cached,True,blocked_pending_explicit_permission,https://www.pbs.gov.au/info/general/copyright,True,https://www.pbs.gov.au/publication/schedule/2011/01/2011-01-01-general-schedule.pdf,au_pbs_archive_2011_01_01_8ca65756863d,exact_digest_match
1,"[""HIJW7QDEA2IHES7OUKWAWS2SEVZNYMF5""]","[""20150303081502""]",au_pbs_archive_8caaeb0ca46dd2f4,HIJW7QDEA2IHES7OUKWAWS2SEVZNYMF5,1565efe0d4ed5916fb86aa62faaea1a92939e44439550cfa10e973f263542294,cached,True,blocked_pending_explicit_permission,https://www.pbs.gov.au/info/general/copyright,True,https://www.pbs.gov.au/publication/schedule/2015/01/2015-01-01-efc-schedule.pdf,au_pbs_archive_2015_01_01_8caaeb0ca46d,exact_digest_match
1,"[""V7M4DEIPZUE3XZUKNL3HXZJHYPL5XPJQ""]","[""20211012063125""]",au_pbs_archive_8cab3e8c708d8b20,V7M4DEIPZUE3XZUKNL3HXZJHYPL5XPJQ,a9ba7a7a4d5d4599643bf99ed2018394846db6f2ad27e28aa84d3710f84abbf4,cached,True,blocked_pending_explicit_permission,https://www.pbs.gov.au/info/general/copyright,True,https://www.pbs.gov.au/publication/schedule/2020/05/2020-05-01-general-schedule-volume-1.pdf,au_pbs_archive_2020_05_01_8cab3e8c708d,exact_digest_match
2,"[""KOGF4NMM6DBU3VX4FYOLZXGW5PAZ2TLD"", ""SLHXFOCLG2GRSFQ6APS2DBNOC74Z3EXB""]","[""20140208054926"", ""20140211214919""]",au_pbs_archive_8cf22e7b23e7f789,KOGF4NMM6DBU3VX4FYOLZXGW5PAZ2TLD,71aa82d9032c6fef57304ebecef0595df606a32e9c2821931088766e7c67bf9a,cached,True,blocked_pending_explicit_permission,https://www.pbs.gov.au/info/general/copyright,True,https://www.pbs.gov.au/publication/schedule/2007/2007-10-01-dental-book-soc.pdf,au_pbs_archive_2007_10_01_8cf22e7b23e7,exact_digest_match
1,"[""YWI6BSRWUYIQKGO3WUACJJADT42QLZMF""]","[""20240329100339""]",au_pbs_archive_8cfc32deb4914010,YWI6BSRWUYIQKGO3WUACJJADT42QLZMF,846ee321f23f2c176a4cb1587fe8ceb23a1deff8db59f05e33f93dcd59bffde1,cached,True,blocked_pending_explicit_permission,https://www.pbs.gov.au/info/general/copyright,True,https://www.pbs.gov.au/publication/schedule/2023/11/2023-11-01-general-soc.pdf,au_pbs_archive_2023_11_01_8cfc32deb491,exact_digest_match
1,"[""RXRPUPYKNXABGFIUWDNUDEDJGC5FSMFI""]","[""20200322111117""]",au_pbs_archive_8d00e66d2b642995,RXRPUPYKNXABGFIUWDNUDEDJGC5FSMFI,83978997ca0cf6f672452e7d413cc2a8dd32c350c29076ab62fa83f5631d7227,cached,True,blocked_pending_explicit_permission,https://www.pbs.gov.au/info/general/copyright,True,https://www.pbs.gov.au/publication/schedule/2019/08/2019-08-01-general-schedule-vol-1.pdf,au_pbs_archive_2019_08_01_8d00e66d2b64,exact_digest_match
0,[],[],au_pbs_archive_8d3c48c58c6f4d7b,EI2GIAXOL4QYGZEWLCEVJJVYXL5G4ARP,c7583b56f6583d8ddf4134e3edd34bc3bc8bbfffc069c16b29d517b5d2ec6193,cached,True,blocked_pending_explicit_permission,https://www.pbs.gov.au/info/general/copyright,False,https://www.pbs.gov.au/publication/schedule/2013/01/2013-01-01-pbs-summary-of-changes.pdf,au_pbs_archive_2013_01_01_8d3c48c58c6f,no_archive_capture
1,"[""B5Z77YCDZAIU5I2WVM3WL7FLYQXGAHIW""]","[""20250323153444""]",au_pbs_archive_8d48aedfb4ec2874,B5Z77YCDZAIU5I2WVM3WL7FLYQXGAHIW,2c7903433a547289978f737f06f8a29cb8f122b77319b183cf16065f0477b05d,cached,True,blocked_pending_explicit_permission,https://www.pbs.gov.au/info/general/copyright,True,https://www.pbs.gov.au/publication/schedule/2024/11/2024-11-01-general-schedule-volume-1.pdf,au_pbs_archive_2024_11_01_8d48aedfb4ec,exact_digest_match
1,"[""JV5Y2TOF3TVGLBRSB5OYGYKWDGLQXYLI""]","[""20250320203927""]",au_pbs_archive_8dd6c055d1175e01,JV5Y2TOF3TVGLBRSB5OYGYKWDGLQXYLI,47d404170bff7f39351c4cf7365cbe22a624ed2c2971f6822798c9ac52b5c0fa,downloaded,True,blocked_pending_explicit_permission,https://www.pbs.gov.au/info/general/copyright,True,https://www.pbs.gov.au/publication/schedule/2025/03/2025-03-01-general-schedule-volume-1.pdf,au_pbs_archive_2025_03_01_8dd6c055d117,exact_digest_match
1,"[""BFY75CMA4XF6PYXI6NOJOAIDUPDDVDTL""]","[""20120227124514""]",au_pbs_archive_8e43085ccf52f531,BFY75CMA4XF6PYXI6NOJOAIDUPDDVDTL,f0aadc49b78cc6cce9fd57f0f6803e72cff82fbeee67d98b53250b5d0c895380,cached,True,blocked_pending_explicit_permission,https://www.pbs.gov.au/info/general/copyright,True,https://www.pbs.gov.au/publication/schedule/2011/01/2011-01-01-chemotherapy-booklet.pdf,au_pbs_archive_2011_01_01_8e43085ccf52,exact_digest_match
0,[],[],au_pbs_archive_8e4770605cd40328,BMP4DN2KSDSWHT7NABXYNFEX6FAPRE2V,f3fdc620e2a986ac636551af5d6129dca00d12c05407fd731843bcb85fd24b25,cached,True,blocked_pending_explicit_permission,https://www.pbs.gov.au/info/general/copyright,False,https://www.pbs.gov.au/publication/schedule/2008/2008-03-01-dental-book-soc.pdf,au_pbs_archive_2008_03_01_8e4770605cd4,no_archive_capture
1,"[""6DJHGLBYZVBWQKHSO32PXF3LMD7VAHJ6""]","[""20250323153131""]",au_pbs_archive_8ea7889cdb9bc360,6DJHGLBYZVBWQKHSO32PXF3LMD7VAHJ6,48dd602ce204d7e773919e20b25cce133125da940193039bcf4eb956802dd691,cached,True,blocked_pending_explicit_permission,https://www.pbs.gov.au/info/general/copyright,True,https://www.pbs.gov.au/publication/schedule/2024/12/2024-12-01-general-schedule-volume-1.pdf,au_pbs_archive_2024_12_01_8ea7889cdb9b,exact_digest_match
0,[],[],au_pbs_archive_8f01b4ecf07fda10,WUTQZ3Z466H6RNSBX72YO2RC7QXVU5C6,69708ab3566c5583cc76b5329be39ae1dbad246770345a2edf97b105a1ed8dba,cached,True,blocked_pending_explicit_permission,https://www.pbs.gov.au/info/general/copyright,False,https://www.pbs.gov.au/publication/schedule/2013/04/2013-04-01-errata.pdf,au_pbs_archive_2013_04_01_8f01b4ecf07f,no_archive_capture
1,"[""J5RSJGGFI4OMKD7MA57M3ZANEKOX6AKN""]","[""20221116170247""]",au_pbs_archive_8f05093a384d9f7c,J5RSJGGFI4OMKD7MA57M3ZANEKOX6AKN,6c8ffdc9fe1611591e8bb74b90cea16c6fb28fd7002467e99fb269e0c30e6c0a,cached,True,blocked_pending_explicit_permission,https://www.pbs.gov.au/info/general/copyright,True,https://www.pbs.gov.au/publication/schedule/2022/09/2022-09-01-general-schedule-volume-2.pdf,au_pbs_archive_2022_09_01_8f05093a384d,exact_digest_match
1,"[""UG3SO44BR5PW4SPHQGTPNEXPT77F63XN""]","[""20190409043132""]",au_pbs_archive_8f0c27821f9cb6fe,UG3SO44BR5PW4SPHQGTPNEXPT77F63XN,4a445eb78dae3cfe0f068820ad6bc4993bc0dfd99bda49fd5ff31503e914845b,cached,True,blocked_pending_explicit_permission,https://www.pbs.gov.au/info/general/copyright,True,https://www.pbs.gov.au/publication/schedule/2018/10/2018-10-01-general-soc.pdf,au_pbs_archive_2018_10_01_8f0c27821f9c,exact_digest_match
0,[],[],au_pbs_archive_8f2c98c4b8339852,OOGYXC5JVZBYT22LLAYUSJEUNUQCBKME,a44f79d5a0877b90e0c5b29c030decaa8e83f2cfe0ebf837828d153c1027e750,cached,True,blocked_pending_explicit_permission,https://www.pbs.gov.au/info/general/copyright,False,https://www.pbs.gov.au/publication/schedule/2015/02/2015-02-01-efc-schedule.pdf,au_pbs_archive_2015_02_01_8f2c98c4b833,no_archive_capture
1,"[""VECBW6OGVNAOQK6WCGP3UFKODOUN5DZS""]","[""20120227124739""]",au_pbs_archive_8f3a5d0d05caf83c,VECBW6OGVNAOQK6WCGP3UFKODOUN5DZS,fb6888fa9ab1251fec2e42a7ca4fe98e8e8d0b496ababe4a0f8d62e577577278,cached,True,blocked_pending_explicit_permission,https://www.pbs.gov.au/info/general/copyright,True,https://www.pbs.gov.au/publication/schedule/2011/07/2011-07-01-chemotherapy-booklet.pdf,au_pbs_archive_2011_07_01_8f3a5d0d05ca,exact_digest_match
0,[],[],au_pbs_archive_8f59c5382ed0e9c1,RSFZJELXH4YW525APMMO5WI6C5CM25VS,a3e173b9bb7b86342d87a11d4583079d04918f12a2240062158117ad1e315915,cached,True,blocked_pending_explicit_permission,https://www.pbs.gov.au/info/general/copyright,False,https://www.pbs.gov.au/publication/schedule/2012/12/2012-12-01-efc-erratum-docetaxel.pdf,au_pbs_archive_2012_12_01_8f59c5382ed0,no_archive_capture
0,[],[],au_pbs_archive_8f963e58b76ce21b,WHXCWEZ3FFG6QNGSYEYLP23X3E6TTSYL,4a58c17b8d8315edb97f954ee61d21afb95f9fb4087f41d4143dc78d5bcf19f2,cached,True,blocked_pending_explicit_permission,https://www.pbs.gov.au/info/general/copyright,False,https://www.pbs.gov.au/publication/schedule/2007/2007-04-01-dental-book.pdf,au_pbs_archive_2007_04_01_8f963e58b76c,no_archive_capture
1,"[""ODU6PUDMGZOTZEUUB4XXWRUBCGQRS7CD""]","[""20150921160421""]",au_pbs_archive_8fbd1c523b07dc5a,ODU6PUDMGZOTZEUUB4XXWRUBCGQRS7CD,82743c067401b018f8efd3155a7d64f79022c821fd462994c797980245aaf547,cached,True,blocked_pending_explicit_permission,https://www.pbs.gov.au/info/general/copyright,True,https://www.pbs.gov.au/publication/schedule/2015/07/2015-07-01-general-schedule.pdf,au_pbs_archive_2015_07_01_8fbd1c523b07,exact_digest_match
0,[],[],au_pbs_archive_8ff82142ef50bd9a,CQPWXS6RANIBOTIJA4GC5JTRDC6VPQMD,25d17f489b96b9379e87df908a4272dee10f57ad17b927b3576a549ed3a32d44,cached,True,blocked_pending_explicit_permission,https://www.pbs.gov.au/info/general/copyright,False,https://www.pbs.gov.au/publication/schedule/2006/2006-04-01-general-schedule.pdf,au_pbs_archive_2006_04_01_8ff82142ef50,no_archive_capture
0,[],[],au_pbs_archive_8fffb4ca66610022,LD3U3KCBTCISHANCM256POTKFXUKZKRB,d38b9c08e1f40fc6f3063ce2a3108a45489b583d13617b0eb5598343c2c0c6e3,cached,True,blocked_pending_explicit_permission,https://www.pbs.gov.au/info/general/copyright,False,https://www.pbs.gov.au/publication/schedule/2011/03/2011-03-01-dental-book-SOC.pdf,au_pbs_archive_2011_03_01_8fffb4ca6661,no_archive_capture
0,[],[],au_pbs_archive_902ec3817b54201b,3PJTHUIDFJADGCNCGPLVVTBSBUC5KS32,c5215ea2af00d65e66714a11fa730db4184cdc961841eec708e19a87593d551d,cached,True,blocked_pending_explicit_permission,https://www.pbs.gov.au/info/general/copyright,False,https://www.pbs.gov.au/publication/schedule/2008/2008-12-01-dental-book-soc.pdf,au_pbs_archive_2008_12_01_902ec3817b54,no_archive_capture
1,"[""HF6UFA4FODOVASTPZV24DCVXMARYGAF7""]","[""20130423223019""]",au_pbs_archive_909071a59b65996f,HF6UFA4FODOVASTPZV24DCVXMARYGAF7,0a83d2e8f001fba53e3141c3d54aa734cc8e3258c388b9925271f46827824ce4,cached,True,blocked_pending_explicit_permission,https://www.pbs.gov.au/info/general/copyright,True,https://www.pbs.gov.au/publication/schedule/2012/04/2012-04-01-efc-schedule.pdf,au_pbs_archive_2012_04_01_909071a59b65,exact_digest_match
0,[],[],au_pbs_archive_90bed4d14f21a148,PFZPXUBWRIJMMXCSCS2LEMTIJS3P3FUZ,a53064fea1f02dd5067fdf77e2306962ca1d1056d04c27cc976da24dbcbb55bb,cached,True,blocked_pending_explicit_permission,https://www.pbs.gov.au/info/general/copyright,False,https://www.pbs.gov.au/publication/schedule/1951-2002/1993-12-01-PBS-Schedule.pdf,au_pbs_archive_1993_12_01_90bed4d14f21,no_archive_capture
1,"[""LFBUU5YKZYY67VWLJIVO5UTAQWU75GLM""]","[""20221116172430""]",au_pbs_archive_91173a5fff8601b5,LFBUU5YKZYY67VWLJIVO5UTAQWU75GLM,4c37674f082a6df83b61e97bf4540fb9f835b9795cbb4845c63d0c639f6fb466,cached,True,blocked_pending_explicit_permission,https://www.pbs.gov.au/info/general/copyright,True,https://www.pbs.gov.au/publication/schedule/2022/04/2022-04-01-efc-schedule.pdf,au_pbs_archive_2022_04_01_91173a5fff86,exact_digest_match
1,"[""32HQU3E3M3BMM2O3KGZ5MTQ7PPHF7BAK""]","[""20240329100819""]",au_pbs_archive_9187a5197940e3db,32HQU3E3M3BMM2O3KGZ5MTQ7PPHF7BAK,4670a75ea06d9e02ff4d87bfb269493d56feac2f4419d06fec367fa9733f3fda,downloaded,True,blocked_pending_explicit_permission,https://www.pbs.gov.au/info/general/copyright,True,https://www.pbs.gov.au/publication/schedule/2023/11/2023-11-01-general-schedule-volume-2.pdf,au_pbs_archive_2023_11_01_9187a5197940,exact_digest_match
0,[],[],au_pbs_archive_91f5c9b86b97d1e6,D2EBERCMTDXLZBOTE5ZLIVR6ZJXUXU3F,79b30c6811e8160c870357cfc28caa7eeb1a72f8dbe56484b0f9dcde92ac945a,downloaded,True,blocked_pending_explicit_permission,https://www.pbs.gov.au/info/general/copyright,False,https://www.pbs.gov.au/publication/schedule/1951-2002/1972-08-01-consolidated-schedules.pdf,au_pbs_archive_1972_08_01_91f5c9b86b97,no_archive_capture
0,[],[],au_pbs_archive_92045a4d2ef55c21,N2MHK6NSHVLGVZWHZILQFDA3UMBQBZIZ,dd85b0324ffb0b000205ffd8ad8208637a4fa7a166dcde06eeb3e11157aa6aa1,cached,True,blocked_pending_explicit_permission,https://www.pbs.gov.au/info/general/copyright,False,https://www.pbs.gov.au/publication/schedule/2012/12/2012-12-01-efc-schedule.pdf,au_pbs_archive_2012_12_01_92045a4d2ef5,no_archive_capture
1,"[""V3MPFLRQSIZIXAFHE4ZORZHT36FBMLDT""]","[""20211012063213""]",au_pbs_archive_923d05ba810ae5bc,V3MPFLRQSIZIXAFHE4ZORZHT36FBMLDT,e4f73228afa682c8bb752ab786b3946296e5639bfa4591ccf7a20854bbb4842d,downloaded,True,blocked_pending_explicit_permission,https://www.pbs.gov.au/info/general/copyright,True,https://www.pbs.gov.au/publication/schedule/2021/01/2021-01-01-general-schedule-volume-1.pdf,au_pbs_archive_2021_01_01_923d05ba810a,exact_digest_match
1,"[""XSGC3FCQ3XY7ZBUP5TN7ZPIWPPNCBF75""]","[""20211012063121""]",au_pbs_archive_9245ca379ac10c6d,XSGC3FCQ3XY7ZBUP5TN7ZPIWPPNCBF75,4ae40b998307e178b0ba2905380e491fe611562ff0ac6345749470ce0e5df79b,downloaded,True,blocked_pending_explicit_permission,https://www.pbs.gov.au/info/general/copyright,True,https://www.pbs.gov.au/publication/schedule/2021/07/2021-07-01-general-schedule-volume-1.pdf,au_pbs_archive_2021_07_01_9245ca379ac1,exact_digest_match
0,[],[],au_pbs_archive_9271ce415dc3d910,SEN4PZ76GPBAPCCBG3RTVKVHOYGFKUGC,12eda6d9147c928a9f2fc65b37e58390f8a9cf913a52a6ee9520a6dc4e6872e6,cached,True,blocked_pending_explicit_permission,https://www.pbs.gov.au/info/general/copyright,False,https://www.pbs.gov.au/publication/schedule/2007/2007-03-01-general-schedule-soc.pdf,au_pbs_archive_2007_03_01_9271ce415dc3,no_archive_capture
0,[],[],au_pbs_archive_935646d1c51c3f72,EVE43XFCP2IVYABGUNVXG6HYWBOJBFAV,b6c6394a7ce621dbf5d68ff14fe0fe6a49fd4daf1e55e38c0d787c78b4d2a047,downloaded,True,blocked_pending_explicit_permission,https://www.pbs.gov.au/info/general/copyright,False,https://www.pbs.gov.au/publication/schedule/1951-2002/1961-05-01-consolidated-schedules.pdf,au_pbs_archive_1961_05_01_935646d1c51c,no_archive_capture
1,"[""Y4T2L7J6Q6DDVY4EFQPQEWSPRNOVQACK""]","[""20250323155743""]",au_pbs_archive_93581bf0b5bb6189,Y4T2L7J6Q6DDVY4EFQPQEWSPRNOVQACK,aabc818c5ff0c4a3fb3528e9d548669e30c33effbe02c7bc350ea8cd880e676f,cached,True,blocked_pending_explicit_permission,https://www.pbs.gov.au/info/general/copyright,True,https://www.pbs.gov.au/publication/schedule/2024/08/2024-08-01-efc-schedule.pdf,au_pbs_archive_2024_08_01_93581bf0b5bb,exact_digest_match
1,"[""NGOKD3M6BFFPBSPHZ77MV5ASX73YC7E4""]","[""20221202162906""]",au_pbs_archive_93b3d7d1db57ccc2,NGOKD3M6BFFPBSPHZ77MV5ASX73YC7E4,1968870ee0e074ba1c5531b61d7489a24934c9d52d9a4ea908db2a1028d96b5c,downloaded,True,blocked_pending_explicit_permission,https://www.pbs.gov.au/info/general/copyright,True,https://www.pbs.gov.au/publication/schedule/2022/12/2022-12-01-general-schedule-volume-2.pdf,au_pbs_archive_2022_12_01_93b3d7d1db57,exact_digest_match
0,[],[],au_pbs_archive_93c894c0b497a858,MIEES5AUTVE6N36JAXWXRACEJJSGVTTL,aa78a8d9b61d871efb76b3c37f92ae2c60d48b0a273d9ce78f2d11a1a05bcb20,cached,True,blocked_pending_explicit_permission,https://www.pbs.gov.au/info/general/copyright,False,https://www.pbs.gov.au/publication/schedule/2007/2007-11-01-general-schedule-soc.pdf,au_pbs_archive_2007_11_01_93c894c0b497,no_archive_capture
1,"[""LA3A7GHIYSFJCVVBVMJJIV5M5UQE23UB""]","[""20190409043659""]",au_pbs_archive_93eb419e46b63478,LA3A7GHIYSFJCVVBVMJJIV5M5UQE23UB,d936c6fd1320f1800789cfa566f2927790f99a63c3b7fcf12696b35c6b210e50,downloaded,True,blocked_pending_explicit_permission,https://www.pbs.gov.au/info/general/copyright,True,https://www.pbs.gov.au/publication/schedule/2018/10/2018-10-01-efc-schedule.pdf,au_pbs_archive_2018_10_01_93eb419e46b6,exact_digest_match
1,"[""CQP4VZCDMGBO4MUW76P7OFC3YNBBMWFN""]","[""20190409041010""]",au_pbs_archive_94136820b2658c92,CQP4VZCDMGBO4MUW76P7OFC3YNBBMWFN,de421f93931da32310a2c4bf73f309d0c6ba4af25ea5fc2d9a11e870d25b3171,downloaded,True,blocked_pending_explicit_permission,https://www.pbs.gov.au/info/general/copyright,True,https://www.pbs.gov.au/publication/schedule/2019/01/2019-01-01-general-schedule.pdf,au_pbs_archive_2019_01_01_94136820b265,exact_digest_match
1,"[""3HXRHEKJYYMI22I46EBXKOCXQYT7GYFL""]","[""20130423222418""]",au_pbs_archive_9414644caa73b4dc,3HXRHEKJYYMI22I46EBXKOCXQYT7GYFL,de6d301965bf3affc8e80623d710036e2afc0ba4128195503bc650ebcafeba0f,cached,True,blocked_pending_explicit_permission,https://www.pbs.gov.au/info/general/copyright,True,https://www.pbs.gov.au/publication/schedule/2012/06/2012-06-01-dental-book.pdf,au_pbs_archive_2012_06_01_9414644caa73,exact_digest_match
1,"[""5DSVIQZP2CPGLPKGQPFH3ACKHIH4CJT5""]","[""20170321141618""]",au_pbs_archive_946a55226006799b,5DSVIQZP2CPGLPKGQPFH3ACKHIH4CJT5,7172576a1474adfbf08de73356050e11aaec3edaf5fe621b1bf4eb1f973f0109,downloaded,True,blocked_pending_explicit_permission,https://www.pbs.gov.au/info/general/copyright,True,https://www.pbs.gov.au/publication/schedule/2017/01/2017-01-01-general-schedule.pdf,au_pbs_archive_2017_01_01_946a55226006,exact_digest_match
1,"[""QW53EBCHWEIEDAEGX6JK6EBG6HRKHABO""]","[""20211012063127""]",au_pbs_archive_9515fa055e11bcf6,4COZF5VA3T4C7KRFKRD7FS4QO2D2YBUR,0158e656415e572d7014397d16af1bd7fad487546d6faac4a7b7011ccc5dd9c4,cached,True,blocked_pending_explicit_permission,https://www.pbs.gov.au/info/general/copyright,False,https://www.pbs.gov.au/publication/schedule/2021/06/2021-06-01-general-soc.pdf,au_pbs_archive_2021_06_01_9515fa055e11,digest_mismatch
1,"[""NVEHKD6NTDDDLUZQ3RHGHFK3W45XNTAX""]","[""20150303082004""]",au_pbs_archive_9530ccde14fbe9bd,NVEHKD6NTDDDLUZQ3RHGHFK3W45XNTAX,3dd24bab1cfa164b8d091203a50b0b23353ed748a809e9f6d4980b39c9972514,cached,True,blocked_pending_explicit_permission,https://www.pbs.gov.au/info/general/copyright,True,https://www.pbs.gov.au/publication/schedule/2014/10/2014-10-01-general-schedule-soc.pdf,au_pbs_archive_2014_10_01_9530ccde14fb,exact_digest_match
1,"[""HN5UW3KS4BUZNGASA5HS4AHFT5UTZ5KH""]","[""20120227130402""]",au_pbs_archive_95325f419807d23c,LORHLVEH4DP6X2PVKJCZ2RSKFATBEES3,19d636fbaa7de89484178c3eb51b2524ec0bc2adfdb77234a2a130e4c42e799e,cached,True,blocked_pending_explicit_permission,https://www.pbs.gov.au/info/general/copyright,False,https://www.pbs.gov.au/publication/schedule/2011/05/2011-05-01-general-schedule.pdf,au_pbs_archive_2011_05_01_95325f419807,digest_mismatch
1,"[""K7CXWKMVRCCMKY3K7ALHMM2BQE6B6CD6""]","[""20251125060305""]",au_pbs_archive_95f5e03d092d620f,K7CXWKMVRCCMKY3K7ALHMM2BQE6B6CD6,5d737fcfe40858cb1bc4e9489fcac108d23c3eb5005c38c1da720d3362edfce0,cached,True,blocked_pending_explicit_permission,https://www.pbs.gov.au/info/general/copyright,True,https://www.pbs.gov.au/publication/schedule/2025/06/2025-06-01-general-soc.pdf,au_pbs_archive_2025_06_01_95f5e03d092d,exact_digest_match
1,"[""XJHL6K2NU7M4427RWORON3ANJDN6ACN3""]","[""20170321151735""]",au_pbs_archive_9684b4f77048b198,XJHL6K2NU7M4427RWORON3ANJDN6ACN3,c23c5f41e59933496449e43064d52ac9bcaeffe2aafec73f0f9a17949f8affcc,downloaded,True,blocked_pending_explicit_permission,https://www.pbs.gov.au/info/general/copyright,True,https://www.pbs.gov.au/publication/schedule/2016/04/2016-04-01-general-schedule.pdf,au_pbs_archive_2016_04_01_9684b4f77048,exact_digest_match
0,[],[],au_pbs_archive_968600824677409b,YJJ6UN7EQ2YXUX2JBGWYGX2AUHICFVAC,48af0aa64c0da8379b2126f1dddf5f5ce0a07d0a9bc46f677cede02907aaa958,cached,True,blocked_pending_explicit_permission,https://www.pbs.gov.au/info/general/copyright,False,https://www.pbs.gov.au/publication/schedule/2011/03/2011-03-01-chemotherapy-booklet.pdf,au_pbs_archive_2011_03_01_968600824677,no_archive_capture
1,"[""QYXPIUK4BRHPLQEF5OFHJ74J3IGOGMUE""]","[""20150304093721""]",au_pbs_archive_9737eef4be953d5d,QYXPIUK4BRHPLQEF5OFHJ74J3IGOGMUE,1f7a29021bbd2fef78bed1dc882275cc39151dc5a0344580a920900049c1563b,cached,True,blocked_pending_explicit_permission,https://www.pbs.gov.au/info/general/copyright,True,https://www.pbs.gov.au/publication/schedule/2014/04/2014-04-01-general-schedule-soc.pdf,au_pbs_archive_2014_04_01_9737eef4be95,exact_digest_match
0,[],[],au_pbs_archive_974ab19f344c8e29,W6EUA2OWJXYIPRXKASRJ53ZCUV2F2HEB,b3e01e4b70f7b7ac6ac583353a2bf1ba1865cdcc17cbe1972a4f771f54700980,cached,True,blocked_pending_explicit_permission,https://www.pbs.gov.au/info/general/copyright,False,https://www.pbs.gov.au/publication/schedule/2008/2008-10-01-general-schedule-soc.pdf,au_pbs_archive_2008_10_01_974ab19f344c,no_archive_capture
1,"[""I2UOKVEIWRYRB3DYELPMATXFZY2RPF2X""]","[""20221116172044""]",au_pbs_archive_974bc0d792cc71e3,I2UOKVEIWRYRB3DYELPMATXFZY2RPF2X,1732bbd5c7ab4bbc06f7313fb1821cf895d7e2392543546a2b506ea4a78f9461,cached,True,blocked_pending_explicit_permission,https://www.pbs.gov.au/info/general/copyright,True,https://www.pbs.gov.au/publication/schedule/2022/04/2022-04-01-errata.pdf,au_pbs_archive_2022_04_01_974bc0d792cc,exact_digest_match
1,"[""JQOB5YWRXSKY6PZKMFR3VTMSIPGAPFOH""]","[""20231022211650""]",au_pbs_archive_974cd1e10bc8f3ee,JQOB5YWRXSKY6PZKMFR3VTMSIPGAPFOH,bf42c115a86ee68fdbe0ff593c9694169a1b55e3c635994baa60523740d22d10,cached,True,blocked_pending_explicit_permission,https://www.pbs.gov.au/info/general/copyright,True,https://www.pbs.gov.au/publication/schedule/2023/10/2023-10-01-general-soc.pdf,au_pbs_archive_2023_10_01_974cd1e10bc8,exact_digest_match
1,"[""P4IOPTBQW7PCGA4JQ5Z2GF4NA2SY7SD2""]","[""20150304094103""]",au_pbs_archive_97a637d7b0f0006f,P4IOPTBQW7PCGA4JQ5Z2GF4NA2SY7SD2,20fc8aebdc0f9e7a7a45733241c5beaf82155e9aeeeb25e96333515fe68ea17f,cached,True,blocked_pending_explicit_permission,https://www.pbs.gov.au/info/general/copyright,True,https://www.pbs.gov.au/publication/schedule/2014/03/2014-03-01-efc-schedule-soc.pdf,au_pbs_archive_2014_03_01_97a637d7b0f0,exact_digest_match
0,[],[],au_pbs_archive_98116a37f32f2024,DLZMFX36LFXLQCX5BHQFSIKQZL6QNWNR,698662573d9d4a883e05a2351f78f9fe19641d61fe3311908417c389d57c9a85,cached,True,blocked_pending_explicit_permission,https://www.pbs.gov.au/info/general/copyright,False,https://www.pbs.gov.au/publication/schedule/2008/2008-11-01-dental-book-soc.pdf,au_pbs_archive_2008_11_01_98116a37f32f,no_archive_capture
1,"[""ZKJTJJJXFDVGYN57KK2NUJWBEBQOJPHA""]","[""20150921171016""]",au_pbs_archive_981fd8d9aa8371b4,ZKJTJJJXFDVGYN57KK2NUJWBEBQOJPHA,bde251c786bb2650e5ab0cfb6fd040be898bf89d14586a6ef2277ae172207411,downloaded,True,blocked_pending_explicit_permission,https://www.pbs.gov.au/info/general/copyright,True,https://www.pbs.gov.au/publication/schedule/2015/08/2015-08-01-general-schedule.pdf,au_pbs_archive_2015_08_01_981fd8d9aa83,exact_digest_match
0,[],[],au_pbs_archive_9846570f1d719efe,634ZBMXSTFDDANQPQR5NT5OZEA7G6I5D,b3237640ffc52572f1a4533ed61e18d6251d8d793affe7ef857e8df711c885ec,cached,True,blocked_pending_explicit_permission,https://www.pbs.gov.au/info/general/copyright,False,https://www.pbs.gov.au/publication/schedule/2010/2010-05-01-chemotherapy-booklet.pdf,au_pbs_archive_2010_05_01_9846570f1d71,no_archive_capture
2,"[""I5GT7KS6FSUMETIOVTOOGV3LYFNLGGTQ"", ""ORBZGFSNOVCR7ICPD35WEN43CFDBKDTA""]","[""20140208054920"", ""20140211214903""]",au_pbs_archive_99203586b22a5606,I5GT7KS6FSUMETIOVTOOGV3LYFNLGGTQ,9d523566b593380de64b0892cdc8f78f12d9f90ec6e348b0bf5024939833f0e5,cached,True,blocked_pending_explicit_permission,https://www.pbs.gov.au/info/general/copyright,True,https://www.pbs.gov.au/publication/schedule/2007/2007-10-01-general-schedule.pdf,au_pbs_archive_2007_10_01_99203586b22a,exact_digest_match
0,[],[],au_pbs_archive_993cfd0366598348,G4SZINZPRV7UYTFMEFBCSREZ4YOLTMXZ,34b19d942c49a8c48bae157629184111b596244bbcbc520ec5e6866e3eab488e,cached,True,blocked_pending_explicit_permission,https://www.pbs.gov.au/info/general/copyright,False,https://www.pbs.gov.au/publication/schedule/1951-2002/1951-03-01-PBS-Schedule-Medical-Practitioners.pdf,au_pbs_archive_1951_03_01_993cfd036659,no_archive_capture
1,"[""6RKZHX2FTK7XV6E7IGZWTSQWUE77AX6D""]","[""20170321145659""]",au_pbs_archive_99742a89590570cd,6RKZHX2FTK7XV6E7IGZWTSQWUE77AX6D,59c2dce4f10adff9d2cc2f038a5143743753e95cf755fffc305d82bf250cfa9a,cached,True,blocked_pending_explicit_permission,https://www.pbs.gov.au/info/general/copyright,True,https://www.pbs.gov.au/publication/schedule/2016/08/2016-08-01-efc-schedule.pdf,au_pbs_archive_2016_08_01_99742a895905,exact_digest_match
1,"[""U76T7ARMW7KAE2DXH7NGKKNPPGVCZRP3""]","[""20190409045742""]",au_pbs_archive_997d8dc7d3cc919e,U76T7ARMW7KAE2DXH7NGKKNPPGVCZRP3,950fe2455d00e71d8d8fe46e743fee9605489260b668157f1982fabb12d6d30e,downloaded,True,blocked_pending_explicit_permission,https://www.pbs.gov.au/info/general/copyright,True,https://www.pbs.gov.au/publication/schedule/2018/05/2018-05-01-general-schedule.pdf,au_pbs_archive_2018_05_01_997d8dc7d3cc,exact_digest_match
1,"[""C3YURXSCRQEARA5EKR6O43563KTLBI7N""]","[""20260126023455""]",au_pbs_archive_997e91cf054d2511,C3YURXSCRQEARA5EKR6O43563KTLBI7N,cc5f92a34f0eb823ad5b61fc7ca95460c06eac52ea153fcae5adadeabcc9de1f,cached,True,blocked_pending_explicit_permission,https://www.pbs.gov.au/info/general/copyright,True,https://www.pbs.gov.au/publication/schedule/2026/01/2026-01-01-efc-schedule.pdf,au_pbs_archive_2026_01_01_997e91cf054d,exact_digest_match
1,"[""NP3E2D7PJFO7WGEO6G7H33VSUR7YOVR4""]","[""20220120110054""]",au_pbs_archive_99b0fa072737aea5,NP3E2D7PJFO7WGEO6G7H33VSUR7YOVR4,6412e140065766443caceb39d5d640cd879845e36cdcecab40275ed138eed96d,downloaded,True,blocked_pending_explicit_permission,https://www.pbs.gov.au/info/general/copyright,True,https://www.pbs.gov.au/publication/schedule/2021/12/2021-12-01-general-schedule-volume-1.pdf,au_pbs_archive_2021_12_01_99b0fa072737,exact_digest_match
1,"[""RLPR2753NLPXS3MBWRWDPNFA2II3JYC4""]","[""20130423221307""]",au_pbs_archive_99d87a5e86fe3999,RLPR2753NLPXS3MBWRWDPNFA2II3JYC4,a5c5c969224fb35d7bd581a9094232132ee540cc99e4868e7e6836a0f8d34575,cached,True,blocked_pending_explicit_permission,https://www.pbs.gov.au/info/general/copyright,True,https://www.pbs.gov.au/publication/schedule/2012/10/2012-10-01-dental-book-SOC.pdf,au_pbs_archive_2012_10_01_99d87a5e86fe,exact_digest_match
0,[],[],au_pbs_archive_9a0c769afd2ab415,BDEA3ORMOBAV6YJRTWIFWVNCCT44YA6W,3434b5abfb2aba89038cb73c18d9ae1dfddf3111596bed163c66ec4ae2cd9966,cached,True,blocked_pending_explicit_permission,https://www.pbs.gov.au/info/general/copyright,False,https://www.pbs.gov.au/publication/schedule/2007/2007-11-01-dental-book.pdf,au_pbs_archive_2007_11_01_9a0c769afd2a,no_archive_capture
1,"[""BHMZLCSJFDG5RRX64TJWS3YCRYRR266E""]","[""20130423222143""]",au_pbs_archive_9a165d5056f347b8,BHMZLCSJFDG5RRX64TJWS3YCRYRR266E,b48934165d597c0cefb40abdc67e09e333efc53ef60ae8cc76c2fbfde16e3d31,cached,True,blocked_pending_explicit_permission,https://www.pbs.gov.au/info/general/copyright,True,https://www.pbs.gov.au/publication/schedule/2012/07/2012-07-01-dental-book.pdf,au_pbs_archive_2012_07_01_9a165d5056f3,exact_digest_match
2,"[""OM5UVO4BARYJBOTYS4QBSYPE5EAUWOBA"", ""UUDQN3NFC2NYSXYLX3SWLZJBMWCK7625""]","[""20120227124512"", ""20130421024034""]",au_pbs_archive_9a4ff82ad7ea4f42,UUDQN3NFC2NYSXYLX3SWLZJBMWCK7625,4a7dac78ee12d400442fc2a8e35b00dedf06c84bb800ddbc61b061fece693671,cached,True,blocked_pending_explicit_permission,https://www.pbs.gov.au/info/general/copyright,True,https://www.pbs.gov.au/publication/schedule/2011/04/2011-04-01-chemotherapy-erratum.pdf,au_pbs_archive_2011_04_01_9a4ff82ad7ea,exact_digest_match
1,"[""HFHXKSIXVJSC25IWHJ6EEE36BPQSZAE5""]","[""20140126043935""]",au_pbs_archive_9acbc34e7c25fba9,HFHXKSIXVJSC25IWHJ6EEE36BPQSZAE5,393e96b127c5e6d801d9fc775c4c3d2fa07a32901154a6d7437d8c3cb02e2fe3,downloaded,True,blocked_pending_explicit_permission,https://www.pbs.gov.au/info/general/copyright,True,https://www.pbs.gov.au/publication/schedule/2013/11/2013-11-01-general-schedule.pdf,au_pbs_archive_2013_11_01_9acbc34e7c25,exact_digest_match
0,[],[],au_pbs_archive_9b3a8667c0d0edb0,CAKZIDYYN3KMMWYUBPS4ZVURMGU2FDAQ,b9e5b0cd3a91ee74ef284ce0a524d2e718cb86aadbb84ad9b8bb83e8169851ec,cached,True,blocked_pending_explicit_permission,https://www.pbs.gov.au/info/general/copyright,False,https://www.pbs.gov.au/publication/schedule/2026/01/2026-01-01-general-soc.pdf,au_pbs_archive_2026_01_01_9b3a8667c0d0,no_archive_capture
1,"[""MPFSZZPZEBW24Z53MT3T3NATKLSYWIXG""]","[""20170321142751""]",au_pbs_archive_9b49c82bf2c470e1,MPFSZZPZEBW24Z53MT3T3NATKLSYWIXG,5f26bc84c690e834cd736e1ae428def9db8a1af5ec85b4965d8458427e5d0700,downloaded,True,blocked_pending_explicit_permission,https://www.pbs.gov.au/info/general/copyright,True,https://www.pbs.gov.au/publication/schedule/2016/11/2016-11-01-general-schedule.pdf,au_pbs_archive_2016_11_01_9b49c82bf2c4,exact_digest_match
0,[],[],au_pbs_archive_9b5641cf76434e52,LJ55EWOVB6DJCK425FMGNBWVI6WNHOI6,9f884d25b7199024b64d2b42b6f5e749434903b192317b04e7b0e91b8dfc0c1a,cached,True,blocked_pending_explicit_permission,https://www.pbs.gov.au/info/general/copyright,False,https://www.pbs.gov.au/publication/schedule/2012/04/2012-04-01-efc-erratum.pdf,au_pbs_archive_2012_04_01_9b5641cf7643,no_archive_capture
1,"[""KKTK2XA6WBLW33XI5OZTDXM47VMH4AQ2""]","[""20120227125303""]",au_pbs_archive_9b94f809c858c39c,KKTK2XA6WBLW33XI5OZTDXM47VMH4AQ2,c67a6e8d440d4d1ab96861d9eff306d76a30cffd25137ad35f711f9d97eb6a91,cached,True,blocked_pending_explicit_permission,https://www.pbs.gov.au/info/general/copyright,True,https://www.pbs.gov.au/publication/schedule/2011/09/2011-09-01-general-schedule.pdf,au_pbs_archive_2011_09_01_9b94f809c858,exact_digest_match
1,"[""TNBZMP2HM3PUSTBGTH27GBUM26KPKKH7""]","[""20211124162621""]",au_pbs_archive_9bbb4f7ea91cb2fb,TNBZMP2HM3PUSTBGTH27GBUM26KPKKH7,89d96487329b81f46f0d59621e28bf5b8f5cc036f16bae322cca9c9605728524,cached,True,blocked_pending_explicit_permission,https://www.pbs.gov.au/info/general/copyright,True,https://www.pbs.gov.au/publication/schedule/2021/11/2021-11-01-general-soc.pdf,au_pbs_archive_2021_11_01_9bbb4f7ea91c,exact_digest_match
1,"[""LZRS3ZMA6ZCOGWINRIRSBMJDRPNFM62L""]","[""20211012063119""]",au_pbs_archive_9bde0653505e80f8,LZRS3ZMA6ZCOGWINRIRSBMJDRPNFM62L,0ec5ebfb25e634b5354c99e9b0d1647742142ad0112b9daf878632ad408d0a32,downloaded,True,blocked_pending_explicit_permission,https://www.pbs.gov.au/info/general/copyright,True,https://www.pbs.gov.au/publication/schedule/2021/03/2021-03-01-general-schedule-volume-1.pdf,au_pbs_archive_2021_03_01_9bde0653505e,exact_digest_match
0,[],[],au_pbs_archive_9be293e6a80e8812,IZ64OWLZIDZZXI5AA5VTBMZSVMTKOLCQ,bf2c09cdae1fc015d774d3322724da6c335adc7246209ee2b78862fe951211a5,cached,True,blocked_pending_explicit_permission,https://www.pbs.gov.au/info/general/copyright,False,https://www.pbs.gov.au/publication/schedule/2025/07/errata-for-2025-07-01-abemaciclib.pdf,au_pbs_archive_2025_07_01_9be293e6a80e,no_archive_capture
0,[],[],au_pbs_archive_9be647f11be9a222,VDGMFYWXJYJXWAGDC3RLDNB4EE7BVHDE,c105108e441c40d2a15ae2de378c73f02981853140ba8bf2ca090ac3250c77d1,cached,True,blocked_pending_explicit_permission,https://www.pbs.gov.au/info/general/copyright,False,https://www.pbs.gov.au/publication/schedule/2009/2009-10-01-dental-book-soc.pdf,au_pbs_archive_2009_10_01_9be647f11be9,no_archive_capture
1,"[""MKN5SNF6JQ7TN2MDRDDQFQDC54CL6CO7""]","[""20220311060020""]",au_pbs_archive_9c3c6fba4c8747ce,MKN5SNF6JQ7TN2MDRDDQFQDC54CL6CO7,aa8635c1abdf218edfd0c99a8fb574de580e3011ac9e0c2b208601f5a7c26f29,cached,True,blocked_pending_explicit_permission,https://www.pbs.gov.au/info/general/copyright,True,https://www.pbs.gov.au/publication/schedule/2022/02/2022-02-01-efc-schedule.pdf,au_pbs_archive_2022_02_01_9c3c6fba4c87,exact_digest_match
1,"[""FD7QFJE5VKKQ6WOPP2PT7TND7UWEWH4O""]","[""20211012063330""]",au_pbs_archive_9c42618dd7e5b8ef,FD7QFJE5VKKQ6WOPP2PT7TND7UWEWH4O,27515aecde835513f7f502b19291b5dffc131e9886e68770b03964b15de78a88,cached,True,blocked_pending_explicit_permission,https://www.pbs.gov.au/info/general/copyright,True,https://www.pbs.gov.au/publication/schedule/2021/01/2021-01-01-main-soc.pdf,au_pbs_archive_2021_01_01_9c42618dd7e5,exact_digest_match
1,"[""6MZRWYQQ5MQA6LIMZJDN4WHPP7CBY3AJ""]","[""20120227130534""]",au_pbs_archive_9ca35d151e65c893,6MZRWYQQ5MQA6LIMZJDN4WHPP7CBY3AJ,d33cf63f95504a5d46a3904be37f85f2be350d3dbaaf6bfc42ebd8c3a0f1cd7d,cached,True,blocked_pending_explicit_permission,https://www.pbs.gov.au/info/general/copyright,True,https://www.pbs.gov.au/publication/schedule/2011/04/2011-04-01-general-schedule-SOC.pdf,au_pbs_archive_2011_04_01_9ca35d151e65,exact_digest_match
1,"[""F5GN2LZDPZK6RYO4ZHCZNTKDYCFWVILB""]","[""20170321145806""]",au_pbs_archive_9cd70ce1fa6e2fe0,F5GN2LZDPZK6RYO4ZHCZNTKDYCFWVILB,f4a6d4c499fca23103999200565500d32c29e834e4b26531807b4acd7277a761,downloaded,True,blocked_pending_explicit_permission,https://www.pbs.gov.au/info/general/copyright,True,https://www.pbs.gov.au/publication/schedule/2016/07/2016-07-01-general-schedule.pdf,au_pbs_archive_2016_07_01_9cd70ce1fa6e,exact_digest_match
0,[],[],au_pbs_archive_9cdb78337fb695b5,OGBA3FW6SEB3HCTZBVDGBHB4SALGFMEH,39413677d2437ad37bf862e6b86131ebd5f13ec0b319a40036fba09d2f0f0f06,cached,True,blocked_pending_explicit_permission,https://www.pbs.gov.au/info/general/copyright,False,https://www.pbs.gov.au/publication/schedule/2011/03/2011-03-01-dental-book.pdf,au_pbs_archive_2011_03_01_9cdb78337fb6,no_archive_capture
1,"[""KUG77FOSN3ZP545CLE7JRGLVJXTLGXYT""]","[""20251125060605""]",au_pbs_archive_9d67eca21b3f7ab5,KUG77FOSN3ZP545CLE7JRGLVJXTLGXYT,cc6ac71d0bebce084f0b97e0a4df20fa6074992e0fcfcf326c8a288c54206228,downloaded,True,blocked_pending_explicit_permission,https://www.pbs.gov.au/info/general/copyright,True,https://www.pbs.gov.au/publication/schedule/2025/05/2025-05-01-general-schedule-volume-1.pdf,au_pbs_archive_2025_05_01_9d67eca21b3f,exact_digest_match
1,"[""SKZN6I6TJSGF7SF24T4LBJRHEOS4SSEW""]","[""20251118103044""]",au_pbs_archive_9d8ca9f4d451e0c5,SKZN6I6TJSGF7SF24T4LBJRHEOS4SSEW,bad781b0c393e401c77a3c804b2e165b50619f0c2f77128e4679933a6cab43e9,cached,True,blocked_pending_explicit_permission,https://www.pbs.gov.au/info/general/copyright,True,https://www.pbs.gov.au/publication/schedule/2025/11/2025-11-01-efc-schedule.pdf,au_pbs_archive_2025_11_01_9d8ca9f4d451,exact_digest_match
0,[],[],au_pbs_archive_9d9765afbb9c389b,7SLIJNPOLKOYTHAQ5TXWHQ5ZCCS75JUX,44ef3f42bf8af482935cdaa95fd23b88299d45c652ef0d3faa871fe3fa1294ad,cached,True,blocked_pending_explicit_permission,https://www.pbs.gov.au/info/general/copyright,False,https://www.pbs.gov.au/publication/schedule/2009/2009-08-01-dental-book.pdf,au_pbs_archive_2009_08_01_9d9765afbb9c,no_archive_capture
0,[],[],au_pbs_archive_9e262d63ea878bb4,5LVM7YCBPRKCKXIB32G2KXC7WGTJJRSM,eb2332f7c2daf769cf0b28c64d869a5c66e1a3646d4448b37be71778fd84cc6a,cached,True,blocked_pending_explicit_permission,https://www.pbs.gov.au/info/general/copyright,False,https://www.pbs.gov.au/publication/schedule/2026/07/2026-07-01-efc-schedule.pdf,au_pbs_archive_2026_07_01_9e262d63ea87,no_archive_capture
1,"[""UWS5SIRCU5Q7IPC3TKJLVJT24P2NR5IX""]","[""20200322112239""]",au_pbs_archive_9eef332773f1b801,UWS5SIRCU5Q7IPC3TKJLVJT24P2NR5IX,65af1e5609dafcce336a48e4806a54dd1c161db38af845b769c0a196ebd68786,cached,True,blocked_pending_explicit_permission,https://www.pbs.gov.au/info/general/copyright,True,https://www.pbs.gov.au/publication/schedule/2019/07/2019-07-01-efc.pdf,au_pbs_archive_2019_07_01_9eef332773f1,exact_digest_match
1,"[""P53D6MXMHET47ZBENO7SXLYYLBGGIFZA""]","[""20160312094936""]",au_pbs_archive_9ef9d38a7a3bd551,P53D6MXMHET47ZBENO7SXLYYLBGGIFZA,306bad3787f6b1ebc2f29cb6809e3d13b44d41dc599bc58ad4e101fee03f033d,cached,True,blocked_pending_explicit_permission,https://www.pbs.gov.au/info/general/copyright,True,https://www.pbs.gov.au/publication/schedule/2015/11/2015-11-01-general-schedule-soc.pdf,au_pbs_archive_2015_11_01_9ef9d38a7a3b,exact_digest_match
1,"[""LZLVQ3TUTGRHVJIKN3VLQV4IKLVLLLGH""]","[""20120227124241""]",au_pbs_archive_9f306e1500117188,LZLVQ3TUTGRHVJIKN3VLQV4IKLVLLLGH,32f8a8216204faa8c231b1ee7ea9287dc5f3c337bb7541a9441cc7e187efc815,cached,True,blocked_pending_explicit_permission,https://www.pbs.gov.au/info/general/copyright,True,https://www.pbs.gov.au/publication/schedule/2011/10/2011-10-01-dental-book.pdf,au_pbs_archive_2011_10_01_9f306e150011,exact_digest_match
1,"[""O2RCI3AISLTPHA2MDC4WHHNH3LBBTVMY""]","[""20250320203913""]",au_pbs_archive_9f74ef4dfc1d9d26,O2RCI3AISLTPHA2MDC4WHHNH3LBBTVMY,932baf725fd01519eecffba0a49d5ea5a7bcc2c5e7af33d0df4ed52284ab4a61,cached,True,blocked_pending_explicit_permission,https://www.pbs.gov.au/info/general/copyright,True,https://www.pbs.gov.au/publication/schedule/2025/03/2025-03-01-general-soc.pdf,au_pbs_archive_2025_03_01_9f74ef4dfc1d,exact_digest_match
1,"[""IKCFAH7STPT72MMNSBUHPSPSDHZVHR3T""]","[""20200313152213""]",au_pbs_archive_9fd11d5cb6b8ebbb,IKCFAH7STPT72MMNSBUHPSPSDHZVHR3T,707b2ab5b5a514c987de199b38cbbfa3d4d446f0fed3e03fbf71fa1354b30278,cached,True,blocked_pending_explicit_permission,https://www.pbs.gov.au/info/general/copyright,True,https://www.pbs.gov.au/publication/schedule/2020/03/2020-03-01-efc-schedule.pdf,au_pbs_archive_2020_03_01_9fd11d5cb6b8,exact_digest_match
1,"[""ZE7KMVISMYSHKRKRI3423AVTTGNSS35U""]","[""20170321142609""]",au_pbs_archive_a07ff19a8f6dc483,ZE7KMVISMYSHKRKRI3423AVTTGNSS35U,883b07133f8a499efb1e74a7465723f370f698d120ffe4a66c46f9b5a66fa2d2,cached,True,blocked_pending_explicit_permission,https://www.pbs.gov.au/info/general/copyright,True,https://www.pbs.gov.au/publication/schedule/2016/12/2016-12-01-efc-schedule.pdf,au_pbs_archive_2016_12_01_a07ff19a8f6d,exact_digest_match
1,"[""GXM6UUVXVBCQKGFT24APZGVXDGVKNG3N""]","[""20221116170434""]",au_pbs_archive_a0885368161237a7,GXM6UUVXVBCQKGFT24APZGVXDGVKNG3N,04f6036e651ef4747b83f6304b843f769c1e5b728be75524aa67f8a1e88e3ad8,cached,True,blocked_pending_explicit_permission,https://www.pbs.gov.au/info/general/copyright,True,https://www.pbs.gov.au/publication/schedule/2022/08/2022-08-01-general-soc.pdf,au_pbs_archive_2022_08_01_a08853681612,exact_digest_match
1,"[""TKQ6IUKJ52YGE4QKTMPXUMGODAK3U4IY""]","[""20231106133557""]",au_pbs_archive_a0b464a1b812877d,TKQ6IUKJ52YGE4QKTMPXUMGODAK3U4IY,fdf4e5842dfd39c25ed675a42d505ce240697ac866b1334d5e7e109d35385ac2,cached,True,blocked_pending_explicit_permission,https://www.pbs.gov.au/info/general/copyright,True,https://www.pbs.gov.au/publication/schedule/2023/08/2023-08-01-general-soc.pdf,au_pbs_archive_2023_08_01_a0b464a1b812,exact_digest_match
1,"[""VPRPB3ADWBOWRUJ3BSBV4YFHIGUMAXGY""]","[""20140211195652""]",au_pbs_archive_a0d2672094211eaf,VPRPB3ADWBOWRUJ3BSBV4YFHIGUMAXGY,56daa0ff5624ba455b931f878ca9026a0c4c60a023c1096b69c5f96f8fbe8d8b,cached,True,blocked_pending_explicit_permission,https://www.pbs.gov.au/info/general/copyright,True,https://www.pbs.gov.au/publication/schedule/2014/01/2014-01-01-errata.pdf,au_pbs_archive_2014_01_01_a0d267209421,exact_digest_match
0,[],[],au_pbs_archive_a12ba4c001b62afa,XTEIHVIDEUJFFDL4M4X6FQ4KDAM3R2XY,22cb27c515bc5e2da9448b90ca18b3216c5eb85626caa33a37aa6dd01364aab7,cached,True,blocked_pending_explicit_permission,https://www.pbs.gov.au/info/general/copyright,False,https://www.pbs.gov.au/publication/schedule/2009/2009-03-01-dental-book-soc.pdf,au_pbs_archive_2009_03_01_a12ba4c001b6,no_archive_capture
1,"[""RU2XBQ6ISNVJADYWZ6AGCWMGS6P2FTFE""]","[""20240329094113""]",au_pbs_archive_a12ea270c5d14d7a,RU2XBQ6ISNVJADYWZ6AGCWMGS6P2FTFE,ac4f829cef985d49df0c2ab40edf97bd11e21c3baf04323d542bc3bcfdf5b87c,cached,True,blocked_pending_explicit_permission,https://www.pbs.gov.au/info/general/copyright,True,https://www.pbs.gov.au/publication/schedule/2024/02/2024-02-01-Errata.pdf,au_pbs_archive_2024_02_01_a12ea270c5d1,exact_digest_match
0,[],[],au_pbs_archive_a164a55629c42ccb,RDBV2NSEZO5YVYNJOKVKN5NNSCITANVA,7562b69d7b9e1ea36c4e8ab988b005b72719cc97adb0bd6b78d0a58309a50142,cached,True,blocked_pending_explicit_permission,https://www.pbs.gov.au/info/general/copyright,False,https://www.pbs.gov.au/publication/schedule/2010/2010-05-01-dental-book.pdf,au_pbs_archive_2010_05_01_a164a55629c4,no_archive_capture
1,"[""FBZKZUV3QPH33QUL6KCVA6O33BOTEMJR""]","[""20120227122523""]",au_pbs_archive_a1fbd5ba1e5fe19f,FBZKZUV3QPH33QUL6KCVA6O33BOTEMJR,5bce343dd27ab0965c1cb75ff3ab402d9aadd65c15918c1d60b1566bb49ebd88,downloaded,True,blocked_pending_explicit_permission,https://www.pbs.gov.au/info/general/copyright,True,https://www.pbs.gov.au/publication/schedule/2011/12/2011-12-01-efficient-funding-of-chemotherapy.pdf,au_pbs_archive_2011_12_01_a1fbd5ba1e5f,exact_digest_match
0,[],[],au_pbs_archive_a20c0387be927727,JIZFKVKZBCH6WVIB6P45NKGOAHRHEXLF,529d8cb7fb69e4eb084baa44234f4f70762672216665b3d408b7e2aa8f5c66c4,downloaded,True,blocked_pending_explicit_permission,https://www.pbs.gov.au/info/general/copyright,False,https://www.pbs.gov.au/publication/schedule/2010/2010-08-01-general-schedule.pdf,au_pbs_archive_2010_08_01_a20c0387be92,no_archive_capture
1,"[""CGVMDHID4CWDULXH2MUCYI5WVIAPYG4R""]","[""20251125061001""]",au_pbs_archive_a223328da80f252d,CGVMDHID4CWDULXH2MUCYI5WVIAPYG4R,858230d79dffae435224902c99027f20fbef714549b33b0cb8525596c8164926,downloaded,True,blocked_pending_explicit_permission,https://www.pbs.gov.au/info/general/copyright,True,https://www.pbs.gov.au/publication/schedule/2025/04/2025-04-01-general-schedule-volume-2.pdf,au_pbs_archive_2025_04_01_a223328da80f,exact_digest_match
0,[],[],au_pbs_archive_a2d9e17cd521055e,QWYBTNZ2PT54VDEYHINUQ5WOQQVTLW3P,7e4a7d48564d0c6f0d10f6ded8eaf831d82e9e2c3380fa013ecf5ee975ab490e,cached,True,blocked_pending_explicit_permission,https://www.pbs.gov.au/info/general/copyright,False,https://www.pbs.gov.au/publication/schedule/2009/2009-09-01-dental-book-soc.pdf,au_pbs_archive_2009_09_01_a2d9e17cd521,no_archive_capture
1,"[""JOPTDUX6KN5Q56EXAOAY6OTAZ73NCDQP""]","[""20180414101636""]",au_pbs_archive_a2f7183ca93de484,JOPTDUX6KN5Q56EXAOAY6OTAZ73NCDQP,d4897f7f4d687b08436d5918b001e3950ad9adb6727e017c1baf2397610a3e39,cached,True,blocked_pending_explicit_permission,https://www.pbs.gov.au/info/general/copyright,True,https://www.pbs.gov.au/publication/schedule/2017/04/2017-04-01-general-soc.pdf,au_pbs_archive_2017_04_01_a2f7183ca93d,exact_digest_match
0,[],[],au_pbs_archive_a306ccf4d2a05fed,25LGXQGDLYOYLW4V77HKNYMBDOIHFAEC,ac96deb0068a9e5657f30952d41bb5afdf0203daa1cad027a8bed52bf5b17384,cached,True,blocked_pending_explicit_permission,https://www.pbs.gov.au/info/general/copyright,False,https://www.pbs.gov.au/publication/schedule/2010/2010-09-01-dental-book-SOC.pdf,au_pbs_archive_2010_09_01_a306ccf4d2a0,no_archive_capture
1,"[""SBHDPG6HVSTPX3PBYWFL4H2AYUMKRFSH""]","[""20150921171513""]",au_pbs_archive_a33212ba15a39e5f,SBHDPG6HVSTPX3PBYWFL4H2AYUMKRFSH,6520bd084cd09927e9fbff10c53e84727707ad1b03678b196d8f00b0c68cb18c,cached,True,blocked_pending_explicit_permission,https://www.pbs.gov.au/info/general/copyright,True,https://www.pbs.gov.au/publication/schedule/2015/05/2015-05-01-efc-schedule.pdf,au_pbs_archive_2015_05_01_a33212ba15a3,exact_digest_match
1,"[""GI5RGNLJJQI7HZHBIP6LMARFUFRXHOE2""]","[""20200322114822""]",au_pbs_archive_a343be1c3728a693,GI5RGNLJJQI7HZHBIP6LMARFUFRXHOE2,1d5dd26e2a7ba8e0c6aa640a99ca8b5c8fa295e597d481a11a1233b865aafec1,downloaded,True,blocked_pending_explicit_permission,https://www.pbs.gov.au/info/general/copyright,True,https://www.pbs.gov.au/publication/schedule/2019/02/2019-02-01-general-schedule.pdf,au_pbs_archive_2019_02_01_a343be1c3728,exact_digest_match
1,"[""5ANMUKY5FCC5MODBPL2FRWI7IDXKOFYV""]","[""20150303081746""]",au_pbs_archive_a360da3c393e061f,5ANMUKY5FCC5MODBPL2FRWI7IDXKOFYV,ca82da602ad96bdcce7a7806559b253c227319417b2ea5cc27b47a69c1fc3ff3,cached,True,blocked_pending_explicit_permission,https://www.pbs.gov.au/info/general/copyright,True,https://www.pbs.gov.au/publication/schedule/2014/11/2014-11-01-general-schedule-soc.pdf,au_pbs_archive_2014_11_01_a360da3c393e,exact_digest_match
1,"[""Z3IW23S24JRU74JMGEJ3NPFHODRYP4N2""]","[""20250323155110""]",au_pbs_archive_a39c814b53fef210,Z3IW23S24JRU74JMGEJ3NPFHODRYP4N2,93b54e98664371cd5512e2e6dd91a003db2f7ed283c1f28436069d322663ff4f,downloaded,True,blocked_pending_explicit_permission,https://www.pbs.gov.au/info/general/copyright,True,https://www.pbs.gov.au/publication/schedule/2024/08/2024-08-01-general-soc.pdf,au_pbs_archive_2024_08_01_a39c814b53fe,exact_digest_match
1,"[""SY3AJNM7IC4BCFXZKCFH7T2CF7ZDUWTJ""]","[""20211012063132""]",au_pbs_archive_a4072dab877c658c,SY3AJNM7IC4BCFXZKCFH7T2CF7ZDUWTJ,c142875c4c19a3987d9dbbec4ff8a10538aa423d3eaed595fc06a7a156599c8b,downloaded,True,blocked_pending_explicit_permission,https://www.pbs.gov.au/info/general/copyright,True,https://www.pbs.gov.au/publication/schedule/2021/05/2021-05-01-general-schedule-volume-1.pdf,au_pbs_archive_2021_05_01_a4072dab877c,exact_digest_match
1,"[""NE4LIOLT4WAIRCTTYOK342I6HBRNOO7Y""]","[""20250323160614""]",au_pbs_archive_a417da8ab6bf64ad,NE4LIOLT4WAIRCTTYOK342I6HBRNOO7Y,d4e2b4f570befc15bc75baf0c279937e236dd5a3326063620b6d593659778a61,downloaded,True,blocked_pending_explicit_permission,https://www.pbs.gov.au/info/general/copyright,True,https://www.pbs.gov.au/publication/schedule/2024/06/2024-06-01-general-soc.pdf,au_pbs_archive_2024_06_01_a417da8ab6bf,exact_digest_match
0,[],[],au_pbs_archive_a4a3c213f2a0dd86,O6PO7C7HZHFDM3QG7XXWBPSEEOOIOTKD,098540727a104c1e7ff901059b59232a8bd444c7bd08c3354ab0062b8a0e57b3,cached,True,blocked_pending_explicit_permission,https://www.pbs.gov.au/info/general/copyright,False,https://www.pbs.gov.au/publication/schedule/2009/2009-09-01-dental-book.pdf,au_pbs_archive_2009_09_01_a4a3c213f2a0,no_archive_capture
0,[],[],au_pbs_archive_a4efcf03e348d8de,W3PQOQYGDOI5ABHM5IOLOYXQIXXC3NT5,f4586aa82a55017d2fb52be701ebfee2eab80b81ada573ce8ccd0dabaf46b5a6,downloaded,True,blocked_pending_explicit_permission,https://www.pbs.gov.au/info/general/copyright,False,https://www.pbs.gov.au/publication/schedule/2025/12/2025-12-01-general-schedule-volume-2.pdf,au_pbs_archive_2025_12_01_a4efcf03e348,no_archive_capture
1,"[""UGEHG2IHNZVIQ5G47HWLC7T3QUZOQNZU""]","[""20220120084906""]",au_pbs_archive_a5055240c456348d,UGEHG2IHNZVIQ5G47HWLC7T3QUZOQNZU,8a55128aece49f036d558400a5d875230b1d2dbc27af56e594adf51360825831,downloaded,True,blocked_pending_explicit_permission,https://www.pbs.gov.au/info/general/copyright,True,https://www.pbs.gov.au/publication/schedule/2022/01/2022-01-01-general-schedule-volume-1.pdf,au_pbs_archive_2022_01_01_a5055240c456,exact_digest_match
1,"[""63EDQFS4KXUOH3W25KNIKJRXDO6MAA6E""]","[""20130423221211""]",au_pbs_archive_a512785c2a9dfe72,63EDQFS4KXUOH3W25KNIKJRXDO6MAA6E,29bd3420a777ef1eb2fa73e8abfa1df6085a3ac48f4dc5ac4cc000f692eb661d,cached,True,blocked_pending_explicit_permission,https://www.pbs.gov.au/info/general/copyright,True,https://www.pbs.gov.au/publication/schedule/2012/10/2012-10-01-general-schedule-SOC.pdf,au_pbs_archive_2012_10_01_a512785c2a9d,exact_digest_match
1,"[""I22RASYAODUOWAYWRVKBOXE45RGYX6SC""]","[""20250323153423""]",au_pbs_archive_a54ef100946ea643,I22RASYAODUOWAYWRVKBOXE45RGYX6SC,a207174c692a7fb14585e6d515716183099692ae765262773b4c77127fe1d3ce,downloaded,True,blocked_pending_explicit_permission,https://www.pbs.gov.au/info/general/copyright,True,https://www.pbs.gov.au/publication/schedule/2024/11/2024-11-01-general-soc.pdf,au_pbs_archive_2024_11_01_a54ef100946e,exact_digest_match
1,"[""D5IEQIWWNCBXUY32SO52U3KTBP7H5C5U""]","[""20230310025607""]",au_pbs_archive_a5a9588a9cf38df4,D5IEQIWWNCBXUY32SO52U3KTBP7H5C5U,99b3937cccb1de4e692acede25e58b99f279448e5d829ba07e599ef651f86978,downloaded,True,blocked_pending_explicit_permission,https://www.pbs.gov.au/info/general/copyright,True,https://www.pbs.gov.au/publication/schedule/2022/11/2022-11-01-efc-schedule.pdf,au_pbs_archive_2022_11_01_a5a9588a9cf3,exact_digest_match
0,[],[],au_pbs_archive_a5b067a977611ca2,XVW72R2GHIHI2OPGBPQTNQFG4Z7WNEW2,f97f7d6b46d85cad203609d4f5eec90a37bf96eea3bb4b3cbacea0d844fd7b99,cached,True,blocked_pending_explicit_permission,https://www.pbs.gov.au/info/general/copyright,False,https://www.pbs.gov.au/publication/schedule/2007/2007-11-01-dental-book-soc.pdf,au_pbs_archive_2007_11_01_a5b067a97761,no_archive_capture
0,[],[],au_pbs_archive_a607513674ee7642,NBCG2PRMQ5GWKDS5HEHBNJE4SRHI5K7X,d6929ef9e016671d0e0eed5ff3fcfd6eca220bbc3573a9c5f12f11e7c8ee132f,downloaded,True,blocked_pending_explicit_permission,https://www.pbs.gov.au/info/general/copyright,False,https://www.pbs.gov.au/publication/schedule/2011/03/2011-03-01-general-schedule-SOC.pdf,au_pbs_archive_2011_03_01_a607513674ee,no_archive_capture
0,[],[],au_pbs_archive_a63c2ff0953d17b8,7ZNI55NVNAKG3HVUAXYD2BO3EFRGXOZR,0c5e9317c0f911066b04b9e606a897054012d87607f25a777c7e1f219998a191,cached,True,blocked_pending_explicit_permission,https://www.pbs.gov.au/info/general/copyright,False,https://www.pbs.gov.au/publication/schedule/2009/2009-01-01-dental-book-soc.pdf,au_pbs_archive_2009_01_01_a63c2ff0953d,no_archive_capture
1,"[""H4ZN73O6JJ6W45KRPE2MIEAO5TBBUGC2""]","[""20251125060823""]",au_pbs_archive_a668ce3f489edf75,H4ZN73O6JJ6W45KRPE2MIEAO5TBBUGC2,7dea08c142cbc13a019f535c7581f553aa6857d2cd92f9316251f1294142a315,downloaded,True,blocked_pending_explicit_permission,https://www.pbs.gov.au/info/general/copyright,True,https://www.pbs.gov.au/publication/schedule/2025/05/2025-05-01-efc-schedule.pdf,au_pbs_archive_2025_05_01_a668ce3f489e,exact_digest_match
0,[],[],au_pbs_archive_a69e55bd13a3b846,43RSSNPH2ANLGQT6EW7O7VKUIS4GIME2,eb10e6ad610f0900964cbe954a7215a61943767554167d84c6b90a4b14b9d609,downloaded,True,blocked_pending_explicit_permission,https://www.pbs.gov.au/info/general/copyright,False,https://www.pbs.gov.au/publication/schedule/2008/2008-03-01-general-schedule.pdf,au_pbs_archive_2008_03_01_a69e55bd13a3,no_archive_capture
1,"[""3FXFTH4NNDPZRJLBYXFKPRRIUDD7GQDB""]","[""20211012063242""]",au_pbs_archive_a6e8bbacc42b5542,3FXFTH4NNDPZRJLBYXFKPRRIUDD7GQDB,2edf35b15a470ab26d762868e38bc1a80dcc19ee9fffc566ab84b5d373bf48d9,downloaded,True,blocked_pending_explicit_permission,https://www.pbs.gov.au/info/general/copyright,True,https://www.pbs.gov.au/publication/schedule/2020/10/2020-10-01-general-soc.pdf,au_pbs_archive_2020_10_01_a6e8bbacc42b,exact_digest_match
1,"[""WSEBUNY7QGL3MV2GWXRKGWNUXC7KZNME""]","[""20130423221345""]",au_pbs_archive_a716ab939e5595b2,WSEBUNY7QGL3MV2GWXRKGWNUXC7KZNME,0963a6a230190298aeb5b6f51b549ac3aaac5fc50f662a78c4fa24ed0275e1bb,downloaded,True,blocked_pending_explicit_permission,https://www.pbs.gov.au/info/general/copyright,True,https://www.pbs.gov.au/publication/schedule/2012/10/2012-10-01-efc-schedule.pdf,au_pbs_archive_2012_10_01_a716ab939e55,exact_digest_match
0,[],[],au_pbs_archive_a77cd77601061a52,42YAOBOJN5XOJ62YE3A2VU6XFDV6G52C,8489b7bb3c701e1f59f74958fc700b463cb7edc3688a10df68ac530465b47c5e,cached,True,blocked_pending_explicit_permission,https://www.pbs.gov.au/info/general/copyright,False,https://www.pbs.gov.au/publication/schedule/1951-2002/1984-11-01-RPBS-Schedule.pdf,au_pbs_archive_1984_11_01_a77cd7760106,no_archive_capture
1,"[""UYKXMD7EV3UDFKIYCQ6XLSJZV2CDMOZN""]","[""20170321145029""]",au_pbs_archive_a7b40e473223a592,UYKXMD7EV3UDFKIYCQ6XLSJZV2CDMOZN,452bde0dd3c27b8d66b914238121724617a81d4abdfcf0a3ae947d361d25399a,downloaded,True,blocked_pending_explicit_permission,https://www.pbs.gov.au/info/general/copyright,True,https://www.pbs.gov.au/publication/schedule/2016/08/2016-08-01-general-soc.pdf,au_pbs_archive_2016_08_01_a7b40e473223,exact_digest_match
0,[],[],au_pbs_archive_a82c37f571df3ea9,WLFVRJ5DITJYTSY6BWFB4LZR2BUXATIL,a79034e892f20c812d8f63e18ae74e3a4fd9bb7ef05b54a22a56a1adc15b9703,cached,True,blocked_pending_explicit_permission,https://www.pbs.gov.au/info/general/copyright,False,https://www.pbs.gov.au/publication/schedule/2009/2009-05-01-dental-book-soc.pdf,au_pbs_archive_2009_05_01_a82c37f571df,no_archive_capture
1,"[""UU3CIW6IS35X2EU4CZN3N4G4GFVJ36JZ""]","[""20140126043917""]",au_pbs_archive_a88b04cd8b572832,UU3CIW6IS35X2EU4CZN3N4G4GFVJ36JZ,b5cf5cfca8103baea92010fc40281f292aff5c8de67fcf16960ed608f5e3ae7f,cached,True,blocked_pending_explicit_permission,https://www.pbs.gov.au/info/general/copyright,True,https://www.pbs.gov.au/publication/schedule/2013/11/2013-11-01-general-schedule-soc.pdf,au_pbs_archive_2013_11_01_a88b04cd8b57,exact_digest_match
1,"[""5RBHXOWQVBHY5OJ4CHHFDLPURKV3H4OT""]","[""20250323155828""]",au_pbs_archive_a94716aaa0966478,5RBHXOWQVBHY5OJ4CHHFDLPURKV3H4OT,aeb672ca2ebd270ee9ea2bf711ba9842dcbe337e6f0681ee902330f4cab7b1e4,downloaded,True,blocked_pending_explicit_permission,https://www.pbs.gov.au/info/general/copyright,True,https://www.pbs.gov.au/publication/schedule/2024/07/2024-07-01-general-schedule-volume-1.pdf,au_pbs_archive_2024_07_01_a94716aaa096,exact_digest_match
1,"[""266H7O3YKZRNXQ7FNXZNJV2XQ5U6FVL5""]","[""20160312095142""]",au_pbs_archive_a96e9ac786d1ebce,266H7O3YKZRNXQ7FNXZNJV2XQ5U6FVL5,eb29e192587e80c9c58bcb4283ec61d348eeff76bb7be5dfeeb5812d832dfa69,cached,True,blocked_pending_explicit_permission,https://www.pbs.gov.au/info/general/copyright,True,https://www.pbs.gov.au/publication/schedule/2015/10/2015-10-01-general-schedule-soc.pdf,au_pbs_archive_2015_10_01_a96e9ac786d1,exact_digest_match
1,"[""4FSTVEWAZH26WYYZQKSUPBVHWFMXAVJ3""]","[""20120227122118""]",au_pbs_archive_a990e446712c0687,4FSTVEWAZH26WYYZQKSUPBVHWFMXAVJ3,bb21578eb12c36c6f2d93bc0ef62e6dc0561d274185a606b96ec07815b3e4d33,cached,True,blocked_pending_explicit_permission,https://www.pbs.gov.au/info/general/copyright,True,https://www.pbs.gov.au/publication/schedule/2011/04/2011-04-01-dental-book.pdf,au_pbs_archive_2011_04_01_a990e446712c,exact_digest_match
0,[],[],au_pbs_archive_a9a919633fb0f627,ME7KWCSSPWSJFZ4AE6IOQ3B3JDXCOA2G,2fb28e9dbcbbff42490a5e357f8688d3159186eaff0f0f3bfd338af91f269e50,downloaded,True,blocked_pending_explicit_permission,https://www.pbs.gov.au/info/general/copyright,False,https://www.pbs.gov.au/publication/schedule/2022/07/2022-07-01-general-schedule-volume-1.pdf,au_pbs_archive_2022_07_01_a9a919633fb0,no_archive_capture
0,[],[],au_pbs_archive_a9c60b72da98ace5,RB3FFESXAHYJ7S35XT66PBD4UDG3CM7B,bba881b207ff6da838b4592a18b0be1053a15266d1854bb4d27a58064ba2e850,downloaded,True,blocked_pending_explicit_permission,https://www.pbs.gov.au/info/general/copyright,False,https://www.pbs.gov.au/publication/schedule/1951-2002/1955-01-01-PBS-Schedule-Medical-Practitioners.pdf,au_pbs_archive_1955_01_01_a9c60b72da98,no_archive_capture
1,"[""6PIAVZ2OMEPZFF7G6DM4DONFKRNXK3SZ""]","[""20230310025247""]",au_pbs_archive_a9d9582adfb5391f,6PIAVZ2OMEPZFF7G6DM4DONFKRNXK3SZ,d9e80b9852fcfe30ca75dcb02a1caddb1863f3acdd26036457a24a6c2851075e,downloaded,True,blocked_pending_explicit_permission,https://www.pbs.gov.au/info/general/copyright,True,https://www.pbs.gov.au/publication/schedule/2022/11/2022-11-01-general-soc.pdf,au_pbs_archive_2022_11_01_a9d9582adfb5,exact_digest_match
1,"[""LBBFKPJ4RHODAI3ZII274WOGCM4KO6FD""]","[""20150303082706""]",au_pbs_archive_a9ec7e420eab41d0,LBBFKPJ4RHODAI3ZII274WOGCM4KO6FD,16ddc38cd21614c957dfc5b45f9a7ebe243cffcf2b62913e36ce16f82a688c6e,cached,True,blocked_pending_explicit_permission,https://www.pbs.gov.au/info/general/copyright,True,https://www.pbs.gov.au/publication/schedule/2014/06/2014-06-01-errata.pdf,au_pbs_archive_2014_06_01_a9ec7e420eab,exact_digest_match
1,"[""KJTYLJ53XMQJ4DHK272S3IQP7LP2X7BY""]","[""20221116170354""]",au_pbs_archive_a9f40bce48981e56,KJTYLJ53XMQJ4DHK272S3IQP7LP2X7BY,3e97db7b9c47e89fcf3788a3ac22af2b1d23f0706eacd24a0ae069106f7c33a9,cached,True,blocked_pending_explicit_permission,https://www.pbs.gov.au/info/general/copyright,True,https://www.pbs.gov.au/publication/schedule/2022/09/2022-09-01-efc-schedule.pdf,au_pbs_archive_2022_09_01_a9f40bce4898,exact_digest_match
1,"[""5TOBJVSW2KQONN45NG5LAOZWIZUGZI6Q""]","[""20240329094826""]",au_pbs_archive_aa8138a0adeb951b,5TOBJVSW2KQONN45NG5LAOZWIZUGZI6Q,aca11ccf7235beb50a1fef07b00abe83d7bf0b685353dd7e12c97c3fcd16e4bb,downloaded,True,blocked_pending_explicit_permission,https://www.pbs.gov.au/info/general/copyright,True,https://www.pbs.gov.au/publication/schedule/2024/02/2024-02-01-efc-schedule.pdf,au_pbs_archive_2024_02_01_aa8138a0adeb,exact_digest_match
1,"[""Q523XPH6W6AN6Q5W4735LHEDN2PSKOPK""]","[""20231106134050""]",au_pbs_archive_aa83c713aac79a0f,Q523XPH6W6AN6Q5W4735LHEDN2PSKOPK,e8e7837914c721ca8341a8d77c7327bc29524e0073ef49b1209a50f6b48d4e22,cached,True,blocked_pending_explicit_permission,https://www.pbs.gov.au/info/general/copyright,True,https://www.pbs.gov.au/publication/schedule/2023/06/2023-06-01-general-soc.pdf,au_pbs_archive_2023_06_01_aa83c713aac7,exact_digest_match
1,"[""ZKVHTYUQCXAOMID53RXIMWDIHK5A6RGX""]","[""20130423222633""]",au_pbs_archive_aab935296b2cb829,ZKVHTYUQCXAOMID53RXIMWDIHK5A6RGX,7580cda477df9a748b86364568df4d3c65b439b5240c9e276ff7f97c5dde1260,cached,True,blocked_pending_explicit_permission,https://www.pbs.gov.au/info/general/copyright,True,https://www.pbs.gov.au/publication/schedule/2012/05/2012-05-01-dental-book-SOC.pdf,au_pbs_archive_2012_05_01_aab935296b2c,exact_digest_match
0,[],[],au_pbs_archive_aac18ebb109f811c,HN3PBMSCDDSUJTRHKYWBWBI3N5F6NRE4,dbf0444396e4399684263c2e6751e7863fec25b8a71bb1d09465f99781763f9e,cached,True,blocked_pending_explicit_permission,https://www.pbs.gov.au/info/general/copyright,False,https://www.pbs.gov.au/publication/schedule/2009/2009-07-01-general-schedule-soc.pdf,au_pbs_archive_2009_07_01_aac18ebb109f,no_archive_capture
1,"[""WLAAXOQJCIT7YUVPQNLB3TMDR5IYX26O""]","[""20130423221932""]",au_pbs_archive_aaf2331ac3f32798,WLAAXOQJCIT7YUVPQNLB3TMDR5IYX26O,b521270a13d728d4076efeba0c7ab1c3f3052d766e08e1ee17ac21e5846a33eb,downloaded,True,blocked_pending_explicit_permission,https://www.pbs.gov.au/info/general/copyright,True,https://www.pbs.gov.au/publication/schedule/2012/08/2012-08-01-efc-schedule.pdf,au_pbs_archive_2012_08_01_aaf2331ac3f3,exact_digest_match
1,"[""A347UVBU4XOYM7ZMY7WUCXJP2KUZZO4U""]","[""20190409042156""]",au_pbs_archive_ab16e4f92ea252fe,A347UVBU4XOYM7ZMY7WUCXJP2KUZZO4U,5d126cf28789c76d98f204a581b6c6d76061a570e321c9059c2d91a7c4bc409a,downloaded,True,blocked_pending_explicit_permission,https://www.pbs.gov.au/info/general/copyright,True,https://www.pbs.gov.au/publication/schedule/2018/12/2018-12-01-general-schedule.pdf,au_pbs_archive_2018_12_01_ab16e4f92ea2,exact_digest_match
0,[],[],au_pbs_archive_ab2c8a6608dff927,XS3X7E42BW3ZQXE4G6SLNCAWPKSYXQJV,5d349e74c8e42a3c58ba72162b1fa7b8f909c0f35ca5cbb93b9ebacbff1b7108,cached,True,blocked_pending_explicit_permission,https://www.pbs.gov.au/info/general/copyright,False,https://www.pbs.gov.au/publication/schedule/2011/03/2011-03-01-erratum.pdf,au_pbs_archive_2011_03_01_ab2c8a6608df,no_archive_capture
1,"[""XOW6LPC2XSSPMATNHCKOHMRVEVDRE23A""]","[""20250320204251""]",au_pbs_archive_ab8b754711530c88,XOW6LPC2XSSPMATNHCKOHMRVEVDRE23A,f69ae65610af71440747ca18bc429ed76c4af5402a2e829ceeddd451bee6d6a7,downloaded,True,blocked_pending_explicit_permission,https://www.pbs.gov.au/info/general/copyright,True,https://www.pbs.gov.au/publication/schedule/2025/03/2025-03-01-general-schedule-volume-2.pdf,au_pbs_archive_2025_03_01_ab8b75471153,exact_digest_match
1,"[""EJ3APDSPPMHLMAEF5LIXCGN6RBVSBRMO""]","[""20130423221856""]",au_pbs_archive_aba3b16663ee8e6e,EJ3APDSPPMHLMAEF5LIXCGN6RBVSBRMO,7460245de99aa92e0c230be71702b80e30f3839344489e4768b9946bf0449035,cached,True,blocked_pending_explicit_permission,https://www.pbs.gov.au/info/general/copyright,True,https://www.pbs.gov.au/publication/schedule/2012/08/2012-08-01-dental-book.pdf,au_pbs_archive_2012_08_01_aba3b16663ee,exact_digest_match
0,[],[],au_pbs_archive_abe4795053e0c3dc,OHSMTRKA26CE7SUV7GDSDPRC4DIUOXQB,ed54a02f07248d33fc2b44ddba62b8900d22e7a570806325aecbcb7e3eb4b826,downloaded,True,blocked_pending_explicit_permission,https://www.pbs.gov.au/info/general/copyright,False,https://www.pbs.gov.au/publication/schedule/1951-2002/1992-12-01-PBS-Schedule.pdf,au_pbs_archive_1992_12_01_abe4795053e0,no_archive_capture
1,"[""UQYGUQ77MGUN2DN7S3TCBTENCSKUZ4FK""]","[""20211012063120""]",au_pbs_archive_abe7a5a91e96f168,UQYGUQ77MGUN2DN7S3TCBTENCSKUZ4FK,6bc10a43139abb6c01e34f9aac36cf76cca2c7910cc76e2dc2175f0f981d4d36,downloaded,True,blocked_pending_explicit_permission,https://www.pbs.gov.au/info/general/copyright,True,https://www.pbs.gov.au/publication/schedule/2020/12/2020-12-01-general-schedule-volume-2.pdf,au_pbs_archive_2020_12_01_abe7a5a91e96,exact_digest_match
1,"[""KUJVCTWQ6YPSFZG6V3DJWOMABDN2VUVM""]","[""20231106134640""]",au_pbs_archive_ac0755a84448d6df,KUJVCTWQ6YPSFZG6V3DJWOMABDN2VUVM,670e3d9a1570b150533a9f5c6a29ffb342495f8ffb3cc241f99124a419ef2c7a,cached,True,blocked_pending_explicit_permission,https://www.pbs.gov.au/info/general/copyright,True,https://www.pbs.gov.au/publication/schedule/2023/04/2023-04-01-efc-schedule.pdf,au_pbs_archive_2023_04_01_ac0755a84448,exact_digest_match
0,[],[],au_pbs_archive_ac262032c3de4f97,MPADG7GHM5FHXTIMT4YSYQJZM5MYV72W,cb955b46370ecea34a82a41c93ba006e7988bbb5b1cbfdf953afe4e1792cfb54,cached,True,blocked_pending_explicit_permission,https://www.pbs.gov.au/info/general/copyright,False,https://www.pbs.gov.au/publication/schedule/2009/2009-11-01-dental-book-soc.pdf,au_pbs_archive_2009_11_01_ac262032c3de,no_archive_capture
1,"[""RTY56QYY5TXYC36OIG672PBJFQ6MGEQ6""]","[""20251125055726""]",au_pbs_archive_ac5c9cc2c99a62f7,RTY56QYY5TXYC36OIG672PBJFQ6MGEQ6,8ace2492d6b5651d96ad65461a6dfb54468373aa44605d871e99ce816a99739a,downloaded,True,blocked_pending_explicit_permission,https://www.pbs.gov.au/info/general/copyright,True,https://www.pbs.gov.au/publication/schedule/2025/09/2025-09-01-general-schedule-volume-2.pdf,au_pbs_archive_2025_09_01_ac5c9cc2c99a,exact_digest_match
0,[],[],au_pbs_archive_ac909a644abd9b02,VBF3RMADPYPZVIEL6DG2NQEMCR2ADSZ3,761ba00a7d93966463b980f43a521bf044af79e45d7e162db1092d41a29a293c,cached,True,blocked_pending_explicit_permission,https://www.pbs.gov.au/info/general/copyright,False,https://www.pbs.gov.au/publication/schedule/2009/2009-08-01-general-schedule-soc.pdf,au_pbs_archive_2009_08_01_ac909a644abd,no_archive_capture
0,[],[],au_pbs_archive_ad5f8f183cdea169,DPBI37XAUCR423CQNPAZJURDBUBHEDZI,c637b9489623b03158cd32c9f75940dc843949cb642d4c9909766011371bc604,downloaded,True,blocked_pending_explicit_permission,https://www.pbs.gov.au/info/general/copyright,False,https://www.pbs.gov.au/publication/schedule/1951-2002/1960-11-01-PBS-Schedule-Medical-Practitioners.pdf,au_pbs_archive_1960_11_01_ad5f8f183cde,no_archive_capture
1,"[""E7XSUSJ3BTJH2XFNLQY6ZLHQRRP2IOTN""]","[""20211012063121""]",au_pbs_archive_add41ce57a064c94,E7XSUSJ3BTJH2XFNLQY6ZLHQRRP2IOTN,963e9463688da9f2320648b1473073102b3322583375d3eba453dd4c2703df58,cached,True,blocked_pending_explicit_permission,https://www.pbs.gov.au/info/general/copyright,True,https://www.pbs.gov.au/publication/schedule/2020/04/2020-04-01-general-soc.pdf,au_pbs_archive_2020_04_01_add41ce57a06,exact_digest_match
0,[],[],au_pbs_archive_ae4425d55fac693c,MP4BPGEZYEQIW7H4PG7JL5G24EX5YXAS,fc964c39d8ffd762194644656a5e789ac02491b0896a9533254776da27ec8249,cached,True,blocked_pending_explicit_permission,https://www.pbs.gov.au/info/general/copyright,False,https://www.pbs.gov.au/publication/schedule/2007/2007-12-01-general-schedule-soc.pdf,au_pbs_archive_2007_12_01_ae4425d55fac,no_archive_capture
2,"[""3HICY6LC5IWOTZHIBMTIBV33UZNILU53"", ""SSFWL5OPTPHBDCUSWYNGDRVSYWCAHNZW""]","[""20180420181419"", ""20190413085042""]",au_pbs_archive_ae46c03553f3e882,3HICY6LC5IWOTZHIBMTIBV33UZNILU53,d607c936e1020060e4f2bc21a8d0fe509daaa7cd42e1c317e90c088c3e46c48c,downloaded,True,blocked_pending_explicit_permission,https://www.pbs.gov.au/info/general/copyright,True,https://www.pbs.gov.au/publication/schedule/2010/2010-10-01-general-schedule.pdf,au_pbs_archive_2010_10_01_ae46c03553f3,exact_digest_match
1,"[""66IVV7KHVXGUY6PVEXF7P74PLJSIMIDK""]","[""20170321142131""]",au_pbs_archive_ae59b5dc97dd29bb,66IVV7KHVXGUY6PVEXF7P74PLJSIMIDK,4a778b5e015182eea88f15fd0d45be5645cba8a44bae16d67a618dd000db15fa,cached,True,blocked_pending_explicit_permission,https://www.pbs.gov.au/info/general/copyright,True,https://www.pbs.gov.au/publication/schedule/2016/12/2016-12-01-general-soc.pdf,au_pbs_archive_2016_12_01_ae59b5dc97dd,exact_digest_match
0,[],[],au_pbs_archive_ae91a365479665cb,G4IDCN3DCEDQN2TGKNEAJOGR6F623EEK,279be6e49f24d8f1b83833549995d8d91a51a78e3093ac3f86d57a1158cabf49,cached,True,blocked_pending_explicit_permission,https://www.pbs.gov.au/info/general/copyright,False,https://www.pbs.gov.au/publication/schedule/2010/2010-07-01-chemotherapy-booklet.pdf,au_pbs_archive_2010_07_01_ae91a3654796,no_archive_capture
0,[],[],au_pbs_archive_aeb231097b3b4f14,LIFZMGM3Q4OJ7IVH7A24VHJLPV2TE4AS,6d73ac791a54e9720386c56855f627b39605beb3d1cad0ea35973169d601ce9b,cached,True,blocked_pending_explicit_permission,https://www.pbs.gov.au/info/general/copyright,False,https://www.pbs.gov.au/publication/schedule/2010/2010-06-01-dental-book.pdf,au_pbs_archive_2010_06_01_aeb231097b3b,no_archive_capture
1,"[""F6HKIF3SZW5ZFXSLZJWVBPWDCGTWD2YI""]","[""20220120090513""]",au_pbs_archive_aed8a9eda4f214cb,F6HKIF3SZW5ZFXSLZJWVBPWDCGTWD2YI,af17c194d7cbf31dc0ae28ca3eac9e6d297257e6b5a05c280a816529703dd6ef,cached,True,blocked_pending_explicit_permission,https://www.pbs.gov.au/info/general/copyright,True,https://www.pbs.gov.au/publication/schedule/2021/12/2021-12-01-efc-schedule.pdf,au_pbs_archive_2021_12_01_aed8a9eda4f2,exact_digest_match
1,"[""KHENDE74ODENQM7W5OFHS3IZYIFAFXPJ""]","[""20211012063134""]",au_pbs_archive_aee1b58384cde490,KHENDE74ODENQM7W5OFHS3IZYIFAFXPJ,6594736d13ab213628f2f97745877e356e3abf4f3ceee79331f4962fcfbb1100,downloaded,True,blocked_pending_explicit_permission,https://www.pbs.gov.au/info/general/copyright,True,https://www.pbs.gov.au/publication/schedule/2020/12/2020-12-01-efc-schedule.pdf,au_pbs_archive_2020_12_01_aee1b58384cd,exact_digest_match
1,"[""DBLV7FDNNGM4GZLGC4KTM5GRDCUQ3SEV""]","[""20211012063150""]",au_pbs_archive_aef2424ccba4eb86,DBLV7FDNNGM4GZLGC4KTM5GRDCUQ3SEV,8efa22b4bb99dfe0d9c34a1a3c65ab4989fdbc2c4ddd4a1565599d3e7f81329a,cached,True,blocked_pending_explicit_permission,https://www.pbs.gov.au/info/general/copyright,True,https://www.pbs.gov.au/publication/schedule/2020/06/2020-06-01-general-soc.pdf,au_pbs_archive_2020_06_01_aef2424ccba4,exact_digest_match
1,"[""U6HXHNQV7VHVVDNT2UGTES5IPS7WCNNG""]","[""20150304093901""]",au_pbs_archive_af0473f838ff13bc,U6HXHNQV7VHVVDNT2UGTES5IPS7WCNNG,4ec5b367cfa633743a9b1b3a820f640373f48d5e7d0ae5171facb89ddbf93618,cached,True,blocked_pending_explicit_permission,https://www.pbs.gov.au/info/general/copyright,True,https://www.pbs.gov.au/publication/schedule/2014/04/2014-04-01-efc-schedule-soc.pdf,au_pbs_archive_2014_04_01_af0473f838ff,exact_digest_match
1,"[""VV2HGIQWRZGJHQI3TKIVIXE4TJGQUARK""]","[""20211012063118""]",au_pbs_archive_af11d69ad56feb8f,VV2HGIQWRZGJHQI3TKIVIXE4TJGQUARK,77bd26d37625a0193dcd7d3db8f07b42ec30472c491702f21db2debcd4c3351d,downloaded,True,blocked_pending_explicit_permission,https://www.pbs.gov.au/info/general/copyright,True,https://www.pbs.gov.au/publication/schedule/2021/09/2021-09-01-general-soc.pdf,au_pbs_archive_2021_09_01_af11d69ad56f,exact_digest_match
0,[],[],au_pbs_archive_af17fecc2b98f07e,NRAM35VWO3QZ2PJJVVMBSWU4TQ4J35AP,67052e289f27cf96ec993232595181b30890b45ea8398b72843f3f6990da23d5,cached,True,blocked_pending_explicit_permission,https://www.pbs.gov.au/info/general/copyright,False,https://www.pbs.gov.au/publication/schedule/2010/2010-03-01-chemotherapy-book.pdf,au_pbs_archive_2010_03_01_af17fecc2b98,no_archive_capture
1,"[""H7PGYAYM2SA5K5KLQ5XVBAVU7PH5ZTD2""]","[""20190409044925""]",au_pbs_archive_af57afbbad860d34,H7PGYAYM2SA5K5KLQ5XVBAVU7PH5ZTD2,d44ba5ebe744c8a9753077e71934229e2cbf75dbb71b60f08a06dcc10e50e4f9,downloaded,True,blocked_pending_explicit_permission,https://www.pbs.gov.au/info/general/copyright,True,https://www.pbs.gov.au/publication/schedule/2018/07/2018-07-01-general-schedule.pdf,au_pbs_archive_2018_07_01_af57afbbad86,exact_digest_match
1,"[""HYTLR7XYDQZDQ5WFYCX5DJBWRNL6PTRY""]","[""20200322103653""]",au_pbs_archive_af5cfb4277c6125b,HYTLR7XYDQZDQ5WFYCX5DJBWRNL6PTRY,71a784797b5bdcea2341448cad1054f2b5abbfb0be053483029c1d5541c18657,cached,True,blocked_pending_explicit_permission,https://www.pbs.gov.au/info/general/copyright,True,https://www.pbs.gov.au/publication/schedule/2020/01/2020-01-01-general-soc.pdf,au_pbs_archive_2020_01_01_af5cfb4277c6,exact_digest_match
1,"[""FLED4FX5XJAX5YJB6UZRBQWJAY2DVYKW""]","[""20150304093949""]",au_pbs_archive_af92f6f88de0d2b3,FLED4FX5XJAX5YJB6UZRBQWJAY2DVYKW,b6505e4d1e844580e70b95a879ba389cc96bc0d6fd5c7b87b6ffe1a9dcbefc0b,downloaded,True,blocked_pending_explicit_permission,https://www.pbs.gov.au/info/general/copyright,True,https://www.pbs.gov.au/publication/schedule/2014/03/2014-03-01-general-schedule.pdf,au_pbs_archive_2014_03_01_af92f6f88de0,exact_digest_match
0,[],[],au_pbs_archive_afecddba8bd0fd2f,N3EOGTA7DA52U356SQIKSTLLDCG2PBPC,4558c423be02b62e6bc2974a9a2b9c005e8f311d8460c468a8b8d404fdfe7d03,cached,True,blocked_pending_explicit_permission,https://www.pbs.gov.au/info/general/copyright,False,https://www.pbs.gov.au/publication/schedule/2013/08/2013-08-01-efc-schedule-soc.pdf,au_pbs_archive_2013_08_01_afecddba8bd0,no_archive_capture
0,[],[],au_pbs_archive_b031b204cad96519,ZRZAA3P6IIUCJMWMZGAHRMQ6CGFY7G72,92b69267fa75e08c8908caf63879958cec0006ef03573830d964889962e4a8da,cached,True,blocked_pending_explicit_permission,https://www.pbs.gov.au/info/general/copyright,False,https://www.pbs.gov.au/publication/schedule/2007/2007-09-01-general-schedule-soc.pdf,au_pbs_archive_2007_09_01_b031b204cad9,no_archive_capture
1,"[""ZG3SGV5HVQY3AABSU3IESQQYTA6756LL""]","[""20120227124909""]",au_pbs_archive_b0ff17f9f096fc53,ZG3SGV5HVQY3AABSU3IESQQYTA6756LL,00e6b75b9d4a43b2570855dee06720933869fadaae01877e7e4fe19d2cc9b1e6,cached,True,blocked_pending_explicit_permission,https://www.pbs.gov.au/info/general/copyright,True,https://www.pbs.gov.au/publication/schedule/2011/11/2011-11-01-dental-book-SOC.pdf,au_pbs_archive_2011_11_01_b0ff17f9f096,exact_digest_match
0,[],[],au_pbs_archive_b11a9849d9d30efd,Q63RPNOJAG2CWVF2M67FQ372UITDXOZZ,d803a9e8554110d24bee9ff9f58d9ab230fcd4cf5a866c0479503672b328a5ea,downloaded,True,blocked_pending_explicit_permission,https://www.pbs.gov.au/info/general/copyright,False,https://www.pbs.gov.au/publication/schedule/1951-2002/1975-12-01-consolidated-schedules.pdf,au_pbs_archive_1975_12_01_b11a9849d9d3,no_archive_capture
1,"[""VMWUCUMW6N3465KQH7VV6H2OFFRLNOPS""]","[""20240329101032""]",au_pbs_archive_b14172d6a2b1f61d,VMWUCUMW6N3465KQH7VV6H2OFFRLNOPS,fad2a1ed1d06a0d24af355a22cefb198faf1eea5d696b038b8d4d6de7cb5d2e4,cached,True,blocked_pending_explicit_permission,https://www.pbs.gov.au/info/general/copyright,True,https://www.pbs.gov.au/publication/schedule/2023/11/2023-11-01-efc-schedule.pdf,au_pbs_archive_2023_11_01_b14172d6a2b1,exact_digest_match
1,"[""SPI7OQANF6AEXGLD4XDTXOHNY2ZXAX7T""]","[""20180414094323""]",au_pbs_archive_b14b62e065c7a204,SPI7OQANF6AEXGLD4XDTXOHNY2ZXAX7T,6e56be707210a7eb0d487879916335ce63f880a3e8e7ac32fb9f498faf6ef49a,cached,True,blocked_pending_explicit_permission,https://www.pbs.gov.au/info/general/copyright,True,https://www.pbs.gov.au/publication/schedule/2017/10/2017-10-01-efc-schedule.pdf,au_pbs_archive_2017_10_01_b14b62e065c7,exact_digest_match
0,[],[],au_pbs_archive_b1a799abe41b4404,DOY5R4XMVL2VGI2VYTDA5N6PUKYASPW6,8e20d0397247aae7c52da4d0ce36cf37f04b48f5bd68304ffbbd145b1677a6ca,cached,True,blocked_pending_explicit_permission,https://www.pbs.gov.au/info/general/copyright,False,https://www.pbs.gov.au/publication/schedule/2026/04/2026-04-01-efc-schedule.pdf,au_pbs_archive_2026_04_01_b1a799abe41b,no_archive_capture
0,[],[],au_pbs_archive_b20bf3dcd9363298,WLS3FLZYWKGYJFO4V6WAJBHJXHBFKSYU,156e6e7d4c27ff3696ee819325ba9009408628c58372b0f8fa56639a8e6c4c34,downloaded,True,blocked_pending_explicit_permission,https://www.pbs.gov.au/info/general/copyright,False,https://www.pbs.gov.au/publication/schedule/2010/2010-03-01-general-schedule.pdf,au_pbs_archive_2010_03_01_b20bf3dcd936,no_archive_capture
1,"[""GRA2RFOT7BWBQTWPROVRJMDA7FBM25HC""]","[""20211012063139""]",au_pbs_archive_b231d133c6914379,GRA2RFOT7BWBQTWPROVRJMDA7FBM25HC,ed9b8f84fd23cc80dea944a8428ccc282bdcafc31325a614abbc469b690c5457,downloaded,True,blocked_pending_explicit_permission,https://www.pbs.gov.au/info/general/copyright,True,https://www.pbs.gov.au/publication/schedule/2021/04/2021-04-01-general-volume-2.pdf,au_pbs_archive_2021_04_01_b231d133c691,exact_digest_match
1,"[""M77B4RZBQ2CKW6YWBUDSPNJZFOEKRNJQ""]","[""20120227125136""]",au_pbs_archive_b2825a373788f1dc,M77B4RZBQ2CKW6YWBUDSPNJZFOEKRNJQ,28ecb8f629b829fb9691a34a27f4bab58438830275b87ef032dd351d9ee7a945,cached,True,blocked_pending_explicit_permission,https://www.pbs.gov.au/info/general/copyright,True,https://www.pbs.gov.au/publication/schedule/2011/09/2011-09-01-chemotherapy-booklet.pdf,au_pbs_archive_2011_09_01_b2825a373788,exact_digest_match
1,"[""KZBWQJKJ5OML2ETUT5VQ7R4HCJG457RE""]","[""20120316204329""]",au_pbs_archive_b2d137b930753152,KZBWQJKJ5OML2ETUT5VQ7R4HCJG457RE,d8d2a07532566340174bc4832dec6a7df4206427a8711bb6e083c934819bd444,cached,True,blocked_pending_explicit_permission,https://www.pbs.gov.au/info/general/copyright,True,https://www.pbs.gov.au/publication/schedule/2012/03/2012-03-01-chemotherapy-booklet.pdf,au_pbs_archive_2012_03_01_b2d137b93075,exact_digest_match
1,"[""HFQGVZF5GACWIFCDDIPIU3JV2RQQG6QU""]","[""20221202152421""]",au_pbs_archive_b34ac600353d34f9,HFQGVZF5GACWIFCDDIPIU3JV2RQQG6QU,337fe15b51fc999c6e34d34c6851d5dac5f74e824b2c3ec47432c2cc92bbe0d5,cached,True,blocked_pending_explicit_permission,https://www.pbs.gov.au/info/general/copyright,True,https://www.pbs.gov.au/publication/schedule/2022/12/2022-12-01-efc-schedule.pdf,au_pbs_archive_2022_12_01_b34ac600353d,exact_digest_match
1,"[""F2GJFXJQT6JF3KCW4ZOJG2EESEZFCW54""]","[""20231106134249""]",au_pbs_archive_b34f91b2f6930fb0,F2GJFXJQT6JF3KCW4ZOJG2EESEZFCW54,78e64496bd6b4abfbe0ee0fe67d1e1780fa721e3f306f2c2cb5d810cfb4b585e,cached,True,blocked_pending_explicit_permission,https://www.pbs.gov.au/info/general/copyright,True,https://www.pbs.gov.au/publication/schedule/2023/05/2023-05-01-general-soc.pdf,au_pbs_archive_2023_05_01_b34f91b2f693,exact_digest_match
1,"[""X4VARE2YP62NEMW5ANDJYGUYV5FM32RU""]","[""20241029002341""]",au_pbs_archive_b3826380a427af7f,X4VARE2YP62NEMW5ANDJYGUYV5FM32RU,2debbcc1c14f567b996fd4bd3283691fe3907637fbaafbc679b4b041d385cd70,downloaded,True,blocked_pending_explicit_permission,https://www.pbs.gov.au/info/general/copyright,True,https://www.pbs.gov.au/publication/schedule/2024/10/2024-10-01-general-schedule-volume-1.pdf,au_pbs_archive_2024_10_01_b3826380a427,exact_digest_match
0,[],[],au_pbs_archive_b3889fb8c7a700fe,5QSW5ZVLX7LTQZLUWP6ITO7DGLH7NQ5N,85247f0616e97c3a641974d3f7d775184f910178a23dafe22820a91bf32b1f87,downloaded,True,blocked_pending_explicit_permission,https://www.pbs.gov.au/info/general/copyright,False,https://www.pbs.gov.au/publication/schedule/1951-2002/2001-11-01-PBS-Schedule.pdf,au_pbs_archive_2001_11_01_b3889fb8c7a7,no_archive_capture
1,"[""NVSBBCES4GGWUGCP2WPPJZV55CM6XPPK""]","[""20231106134455""]",au_pbs_archive_b3a7978a62567c35,NVSBBCES4GGWUGCP2WPPJZV55CM6XPPK,2fe6026828c2edcfbc631f1e8e85759246f8c5c29bfaeef4f9bda0d38c8d645a,downloaded,True,blocked_pending_explicit_permission,https://www.pbs.gov.au/info/general/copyright,True,https://www.pbs.gov.au/publication/schedule/2023/04/2023-04-01-general-schedule-volume-1.pdf,au_pbs_archive_2023_04_01_b3a7978a6256,exact_digest_match
0,[],[],au_pbs_archive_b43bf7a4bde2b729,RPJUXLKKASB3GIWCGKU6HPFVAN43CBWC,e3a722e153e00b3760a85fac0de28c0ea790e7fc2af18dbf8835753174bc620b,cached,True,blocked_pending_explicit_permission,https://www.pbs.gov.au/info/general/copyright,False,https://www.pbs.gov.au/publication/schedule/2009/2009-06-01-dental-book.pdf,au_pbs_archive_2009_06_01_b43bf7a4bde2,no_archive_capture
1,"[""R2BPDGGFRUJV2C42ANTQZKEBB7YDFQ3P""]","[""20170321143420""]",au_pbs_archive_b4ec0e4b2e6c00d9,R2BPDGGFRUJV2C42ANTQZKEBB7YDFQ3P,a9d025098704f1c61d6a137645c5c8b75cdebedc1bb96177564cd1fe78796448,cached,True,blocked_pending_explicit_permission,https://www.pbs.gov.au/info/general/copyright,True,https://www.pbs.gov.au/publication/schedule/2016/10/2016-10-01-general-soc.pdf,au_pbs_archive_2016_10_01_b4ec0e4b2e6c,exact_digest_match
0,[],[],au_pbs_archive_b51531de6cb5a9c9,4WJLXDA6YIU7OG656RG2SEX6KKGBYBM6,6d79a9502451dccf0184b881148817bf6e8d784e9f4bc2029ac09b36fab8052c,cached,True,blocked_pending_explicit_permission,https://www.pbs.gov.au/info/general/copyright,False,https://www.pbs.gov.au/publication/schedule/2012/12/2012-12-01-errata.pdf,au_pbs_archive_2012_12_01_b51531de6cb5,no_archive_capture
1,"[""3XMRQ7Y7P3MDEUGQJHIF3AOWXEET346E""]","[""20120227081452""]",au_pbs_archive_b52130f9d5f3c180,3XMRQ7Y7P3MDEUGQJHIF3AOWXEET346E,fb303ced81072df66f1a2e3c5a502a7de0f77740857eb9232b4968c70de5b4ee,cached,True,blocked_pending_explicit_permission,https://www.pbs.gov.au/info/general/copyright,True,https://www.pbs.gov.au/publication/schedule/2012/01/2012-01-01-chemotherapy-booklet.pdf,au_pbs_archive_2012_01_01_b52130f9d5f3,exact_digest_match
1,"[""AX5KVNNLQAIFSP5IIAQT2VD6GG6XJ7FV""]","[""20130423221730""]",au_pbs_archive_b5306c451b8179be,AX5KVNNLQAIFSP5IIAQT2VD6GG6XJ7FV,cc14b56fa08023960bd3f523e26f56f8afbb7f81f89ed833cd07225db0eb5efa,cached,True,blocked_pending_explicit_permission,https://www.pbs.gov.au/info/general/copyright,True,https://www.pbs.gov.au/publication/schedule/2012/08/2012-08-01-general-schedule-SOC.pdf,au_pbs_archive_2012_08_01_b5306c451b81,exact_digest_match
1,"[""5F6SKLH2UV5VR56NG6E6UXTX2KQXQ2XS""]","[""20231106133856""]",au_pbs_archive_b5d9ebb73274258d,5F6SKLH2UV5VR56NG6E6UXTX2KQXQ2XS,01ef32e5839531b635098bbffaabaa8811b9969fdd3185060bf089838ff41819,downloaded,True,blocked_pending_explicit_permission,https://www.pbs.gov.au/info/general/copyright,True,https://www.pbs.gov.au/publication/schedule/2023/07/2023-07-01-general-schedule-volume-1.pdf,au_pbs_archive_2023_07_01_b5d9ebb73274,exact_digest_match
0,[],[],au_pbs_archive_b5da3e74eedb2016,226RMH5RAM57PKK4FZL5L5O424FPASMT,534e1a58e4309e0ce747d6fc4972f3a20786597c682a30b5146c5d48c9f24d9c,cached,True,blocked_pending_explicit_permission,https://www.pbs.gov.au/info/general/copyright,False,https://www.pbs.gov.au/publication/schedule/2015/03/2015-03-01-general-schedule-soc.pdf,au_pbs_archive_2015_03_01_b5da3e74eedb,no_archive_capture
0,[],[],au_pbs_archive_b5ea7afa77c73779,D3TEBSMPQ7U7QNV3TSPXJ3D47GX7LYON,2cc016cc6f4134f57d6bf58967c36618f2a31a7bdd5c6b0abde5cd4aafbad406,cached,True,blocked_pending_explicit_permission,https://www.pbs.gov.au/info/general/copyright,False,https://www.pbs.gov.au/publication/schedule/2025/12/2025-12-01-efc-schedule.pdf,au_pbs_archive_2025_12_01_b5ea7afa77c7,no_archive_capture
1,"[""4BFQDJOEOMFGD33D5TAFF2YQO7W3FKWC""]","[""20190409042031""]",au_pbs_archive_b617b068526ef5a4,4BFQDJOEOMFGD33D5TAFF2YQO7W3FKWC,e861dc130847f5ae68ad638dc8ef80c4587d5c45d2257e7a0c3cc4506dd0a016,downloaded,True,blocked_pending_explicit_permission,https://www.pbs.gov.au/info/general/copyright,True,https://www.pbs.gov.au/publication/schedule/2018/12/2018-12-01-general-soc.pdf,au_pbs_archive_2018_12_01_b617b068526e,exact_digest_match
1,"[""CAIX77RMBM7ENDIT6VK4C3GGKSGWDP35""]","[""20180414094012""]",au_pbs_archive_b63687d09f2fef1b,CAIX77RMBM7ENDIT6VK4C3GGKSGWDP35,cc10aa32b943e108988305ced0dfdd721c9b35955884611360347be493e6641a,cached,True,blocked_pending_explicit_permission,https://www.pbs.gov.au/info/general/copyright,True,https://www.pbs.gov.au/publication/schedule/2017/10/2017-10-01-general-schedule.pdf,au_pbs_archive_2017_10_01_b63687d09f2f,exact_digest_match
1,"[""KRFRF5WMCUEEN57FAGB7BZ7LS4KBFRAD""]","[""20170218221220""]",au_pbs_archive_b68526a89bd59033,KRFRF5WMCUEEN57FAGB7BZ7LS4KBFRAD,219f59a1ec49ff4d72daa0885a5f544dffe9d96ad7f5ba8a5d6394bef1a043ab,cached,True,blocked_pending_explicit_permission,https://www.pbs.gov.au/info/general/copyright,True,https://www.pbs.gov.au/publication/schedule/2017/02/2017-02-01-general-schedule.pdf,au_pbs_archive_2017_02_01_b68526a89bd5,exact_digest_match
0,[],[],au_pbs_archive_b692cd6fe1c63fea,P2XRIWK6FELZ7RISNWUIKAOFRHIZJBDT,f64524e052de14d099a1103fad269507bd7c304509fbeed27ffb6f4bab56e85c,cached,True,blocked_pending_explicit_permission,https://www.pbs.gov.au/info/general/copyright,False,https://www.pbs.gov.au/publication/schedule/1951-2002/1953-08-01-PBS-Schedule-Medical-Practitioners.pdf,au_pbs_archive_1953_08_01_b692cd6fe1c6,no_archive_capture
1,"[""GPHHOF6LYBTEQSLESAE4ZH4H3N5R4WBV""]","[""20211012063128""]",au_pbs_archive_b6d5a57f06c2a327,GPHHOF6LYBTEQSLESAE4ZH4H3N5R4WBV,79ca11f11023a92f1bebe48a1e1d3b9a2b6748a6af416a71ed0de8d4542f5d05,cached,True,blocked_pending_explicit_permission,https://www.pbs.gov.au/info/general/copyright,True,https://www.pbs.gov.au/publication/schedule/2021/05/2021-05-01-efc-schedule.pdf,au_pbs_archive_2021_05_01_b6d5a57f06c2,exact_digest_match
1,"[""MT7BQOEJKRCZJS56QKEAI5AB33OQY3MC""]","[""20150303082326""]",au_pbs_archive_b6dc0e0b7b918c75,MT7BQOEJKRCZJS56QKEAI5AB33OQY3MC,026046861e25306d498d793c08639620a48a9b519d3b15a79174543dbc3a06b9,cached,True,blocked_pending_explicit_permission,https://www.pbs.gov.au/info/general/copyright,True,https://www.pbs.gov.au/publication/schedule/2014/09/2014-09-01-efc-schedule.pdf,au_pbs_archive_2014_09_01_b6dc0e0b7b91,exact_digest_match
1,"[""AOX2KP26GIRPHJEXX62Q667PZFWUYJFT""]","[""20231022211714""]",au_pbs_archive_b6f7202f59655f3c,AOX2KP26GIRPHJEXX62Q667PZFWUYJFT,c1647314cc30d177b4b6be6fa417f39e452328bf4762f74254240fc705942d2e,cached,True,blocked_pending_explicit_permission,https://www.pbs.gov.au/info/general/copyright,True,https://www.pbs.gov.au/publication/schedule/2023/10/2023-10-01-general-schedule-volume-1.pdf,au_pbs_archive_2023_10_01_b6f7202f5965,exact_digest_match
1,"[""IVJMP24YOAW6WZ2U6GNN5ZNWHWN5MT26""]","[""20231019195601""]",au_pbs_archive_b7386d404d86575a,IVJMP24YOAW6WZ2U6GNN5ZNWHWN5MT26,7f10b0ffadf3a112972595e7c3a3d1279a23922de1788df394f4544102627d97,cached,True,blocked_pending_explicit_permission,https://www.pbs.gov.au/info/general/copyright,True,https://www.pbs.gov.au/publication/schedule/2023/04/2023-04-01-errata-2-pricing-of-fluticasone-propionate-with-formoterol.pdf,au_pbs_archive_2023_04_01_b7386d404d86,exact_digest_match
1,"[""E3OYGFQANFH3KEOA3X7Y64X2OA52WGMP""]","[""20150303081711""]",au_pbs_archive_b75e85c0c6a7cbcf,E3OYGFQANFH3KEOA3X7Y64X2OA52WGMP,0998a91ed7b5651228d1f2b56a85c786317fb77a978290156c2d8075668195e4,cached,True,blocked_pending_explicit_permission,https://www.pbs.gov.au/info/general/copyright,True,https://www.pbs.gov.au/publication/schedule/2014/12/2014-12-01-efc-schedule.pdf,au_pbs_archive_2014_12_01_b75e85c0c6a7,exact_digest_match
0,[],[],au_pbs_archive_b776ffb13bb1f89a,SNWCKSXTRM6SOQIG44SSLNRK6LCU4U7X,c03119ae4f4b339785cb26b69703a32df11e781029d65ecd6d450e529fab830e,cached,True,blocked_pending_explicit_permission,https://www.pbs.gov.au/info/general/copyright,False,https://www.pbs.gov.au/publication/schedule/1951-2002/1998-11-01-consolidated-schedules.pdf,au_pbs_archive_1998_11_01_b776ffb13bb1,no_archive_capture
0,[],[],au_pbs_archive_b7d9970f7d995e2f,URIP5OC2GR3HUCS4CL2OM62BSWRDQN56,76dc15792150f1b2279ecbdc003f5df8d4f90ca5350dd66b0ca0133117fec4a1,cached,True,blocked_pending_explicit_permission,https://www.pbs.gov.au/info/general/copyright,False,https://www.pbs.gov.au/publication/schedule/1951-2002/1981-12-01-consolidated-schedules.pdf,au_pbs_archive_1981_12_01_b7d9970f7d99,no_archive_capture
1,"[""3VDOEGJEWI5JUPUQI7B7WDJWU2M75F6Y""]","[""20250323161913""]",au_pbs_archive_b800fe38a6fbe553,3VDOEGJEWI5JUPUQI7B7WDJWU2M75F6Y,3de8ab3b6f1c76a19cfd5ca29944eaa9ca791396833be677b3ae2356409dff22,cached,True,blocked_pending_explicit_permission,https://www.pbs.gov.au/info/general/copyright,True,https://www.pbs.gov.au/publication/schedule/2024/05/2024-05-01-efc-schedule.pdf,au_pbs_archive_2024_05_01_b800fe38a6fb,exact_digest_match
2,"[""2Q43O4ZMYLMHP6JW7T4RGVFI6SUISNTX"", ""DDN46PHCMHWLD4BMFKQKETM7OGR4RDEN""]","[""20140213062245"", ""20150319145801""]",au_pbs_archive_b821d8cc2d588ebb,2Q43O4ZMYLMHP6JW7T4RGVFI6SUISNTX,e58778b7626eec383c2a9c9fac138a10aff0e159ea7ec0a1f0419a09d46d4960,cached,True,blocked_pending_explicit_permission,https://www.pbs.gov.au/info/general/copyright,True,https://www.pbs.gov.au/publication/schedule/2007/2007-09-01-general-schedule.pdf,au_pbs_archive_2007_09_01_b821d8cc2d58,exact_digest_match
0,[],[],au_pbs_archive_b8a907b3bb724aa8,B6VLSSJJFN6EM7Q7WRKQPND2PWOHUS56,5fc161cf8cf5d5ffa4053fad188326242da68c5c3628bc996a42e16a910faf4f,cached,True,blocked_pending_explicit_permission,https://www.pbs.gov.au/info/general/copyright,False,https://www.pbs.gov.au/publication/schedule/2012/04/2012-04-01-errata.pdf,au_pbs_archive_2012_04_01_b8a907b3bb72,no_archive_capture
1,"[""IBPWQTDJ5P6EQ3I7SFWR65ARY3A46QNR""]","[""20171031030527""]",au_pbs_archive_b8d9e191fb0fb123,IBPWQTDJ5P6EQ3I7SFWR65ARY3A46QNR,a08693d02e7acaaee8ca4a5206985fff3aac581c266499fcdcbf57c3babe3785,cached,True,blocked_pending_explicit_permission,https://www.pbs.gov.au/info/general/copyright,True,https://www.pbs.gov.au/publication/schedule/2017/05/2017-05-01-general-soc.pdf,au_pbs_archive_2017_05_01_b8d9e191fb0f,exact_digest_match
1,"[""CFN7DGPHDLVZNTVAWMSNMRENXW23IA5X""]","[""20211012063132""]",au_pbs_archive_b8ec0871f4fed760,CFN7DGPHDLVZNTVAWMSNMRENXW23IA5X,843ee21e577d791eda82414e20398d85bf5063b3715be2e32622639f80f2ddd6,downloaded,True,blocked_pending_explicit_permission,https://www.pbs.gov.au/info/general/copyright,True,https://www.pbs.gov.au/publication/schedule/2020/04/2020-04-01-general-schedule-volume-1.pdf,au_pbs_archive_2020_04_01_b8ec0871f4fe,exact_digest_match
1,"[""USHKGLFE6M7OVP7XT7NFTINOSIGJLTHS""]","[""20230310024312""]",au_pbs_archive_b9256d677fbd9c55,USHKGLFE6M7OVP7XT7NFTINOSIGJLTHS,6538ee97369999f3e785921d490dbf4e0265d3d05f6f5eff1a85d37adff3a426,cached,True,blocked_pending_explicit_permission,https://www.pbs.gov.au/info/general/copyright,True,https://www.pbs.gov.au/publication/schedule/2023/02/2023-02-01-general-schedule-volume-2.pdf,au_pbs_archive_2023_02_01_b9256d677fbd,exact_digest_match
0,[],[],au_pbs_archive_b936af2a3f3ef0b4,35YSJOSAE5IBHZMKH2P6G2AMBNOVXJ2O,e6631bdff0e8c9c45f0046c12dc9f5f5002b65a7a38515fc5a4c54194481568f,cached,True,blocked_pending_explicit_permission,https://www.pbs.gov.au/info/general/copyright,False,https://www.pbs.gov.au/publication/schedule/2010/2010-03-01-dental-book-soc.pdf,au_pbs_archive_2010_03_01_b936af2a3f3e,no_archive_capture
0,[],[],au_pbs_archive_b97274951a48e5b4,BQBAUMM6Y7ADNGPJWKMA6W3C6QEACJVO,d45bfb0635318a8d07ed6ddfb004cfaf000edc30ef3d94527b9fa827ecf7fbf9,cached,True,blocked_pending_explicit_permission,https://www.pbs.gov.au/info/general/copyright,False,https://www.pbs.gov.au/publication/schedule/2008/2008-05-01-dental-book.pdf,au_pbs_archive_2008_05_01_b97274951a48,no_archive_capture
0,[],[],au_pbs_archive_ba33a594cbb9e07a,K5CGBCQQIC2JYYRYH6ASBZTKNNKPR3XC,c15e10f1107900323697e7c11f3c17e0b6824c73f188872376097ffea9be242a,cached,True,blocked_pending_explicit_permission,https://www.pbs.gov.au/info/general/copyright,False,https://www.pbs.gov.au/publication/schedule/2010/2010-07-01-general-schedule-SOC.pdf,au_pbs_archive_2010_07_01_ba33a594cbb9,no_archive_capture
3,"[""P55NFKBT5U5JB6GSF7P4HIK3GFORB665"", ""RLSJRM2KR7UZSU6OBVAO7R3CRA5RC3RT""]","[""20170321145112"", ""20190411053011"", ""20200324040614""]",au_pbs_archive_ba395eeb1e1f1612,RLSJRM2KR7UZSU6OBVAO7R3CRA5RC3RT,7a07c3321dd40ee1a6907b556211f48536f4e986198b3570d036db70b40ce4a5,downloaded,True,blocked_pending_explicit_permission,https://www.pbs.gov.au/info/general/copyright,True,https://www.pbs.gov.au/publication/schedule/2016/08/2016-08-01-general-schedule.pdf,au_pbs_archive_2016_08_01_ba395eeb1e1f,exact_digest_match
1,"[""JEUHSVRGUOCAM3BSKTVLO4VH6MQCW4HO""]","[""20150919121757""]",au_pbs_archive_bae818cc25a96cdf,JEUHSVRGUOCAM3BSKTVLO4VH6MQCW4HO,948a410cb7708132313b893303efa8437879bbb869315a520f8b860ed96ea69d,cached,True,blocked_pending_explicit_permission,https://www.pbs.gov.au/info/general/copyright,True,https://www.pbs.gov.au/publication/schedule/2015/06/2015-06-01-efc-schedule.pdf,au_pbs_archive_2015_06_01_bae818cc25a9,exact_digest_match
0,[],[],au_pbs_archive_bafe912a7bc7a9e1,DTAPXJC3PDG7YMGWARS7NGAVKO3PNZM5,d779919bc93e84f0a089ccadd75ad33567bc8b78d9a58ed39e81c0e61cdafbe4,downloaded,True,blocked_pending_explicit_permission,https://www.pbs.gov.au/info/general/copyright,False,https://www.pbs.gov.au/publication/schedule/1951-2002/1974-12-01-consolidated-schedules.pdf,au_pbs_archive_1974_12_01_bafe912a7bc7,no_archive_capture
1,"[""UKWJB4IG2GY5TSWG3XH2GW5XLVPUNOGI""]","[""20150919153713""]",au_pbs_archive_bb3ddce78da9dbcd,UKWJB4IG2GY5TSWG3XH2GW5XLVPUNOGI,f4fb9bbdd2bba5e514a2650c40c3951a422661fdfb47c42fd5ee112c701e5f8d,cached,True,blocked_pending_explicit_permission,https://www.pbs.gov.au/info/general/copyright,True,https://www.pbs.gov.au/publication/schedule/2015/07/2015-07-01-errata.pdf,au_pbs_archive_2015_07_01_bb3ddce78da9,exact_digest_match
0,[],[],au_pbs_archive_bb820c5baa79633b,B2A4ERWLXSIE2ZSK24TFRHZRUOF63JIS,c6fc252d5245ab396824a5ac30e832b21ca26f368f7a3a8d889fd61f4a141a60,cached,True,blocked_pending_explicit_permission,https://www.pbs.gov.au/info/general/copyright,False,https://www.pbs.gov.au/publication/schedule/2011/06/2011-06-01-chemotherapy-booklet.pdf,au_pbs_archive_2011_06_01_bb820c5baa79,no_archive_capture
1,"[""GKFUCAGTN2GHBRK6YM5RGMWZS74YVT4Q""]","[""20200322112428""]",au_pbs_archive_bbbd6f7c35698354,GKFUCAGTN2GHBRK6YM5RGMWZS74YVT4Q,bbf664c1d14a86491c89ed98c6ae3aecc268ad93032ba6ecef768c186b6f6424,downloaded,True,blocked_pending_explicit_permission,https://www.pbs.gov.au/info/general/copyright,True,https://www.pbs.gov.au/publication/schedule/2019/06/2019-06-01-general-schedule-volume-1.pdf,au_pbs_archive_2019_06_01_bbbd6f7c3569,exact_digest_match
1,"[""AJEYZEYO6C47IBVHXUZWTU6YXT5X3ZVO""]","[""20130423222408""]",au_pbs_archive_bc68dcbe2fcc611d,AJEYZEYO6C47IBVHXUZWTU6YXT5X3ZVO,8f096273108b2d1c2b21e036f2e9bf10317580f2003aa5f64b7029077146c597,cached,True,blocked_pending_explicit_permission,https://www.pbs.gov.au/info/general/copyright,True,https://www.pbs.gov.au/publication/schedule/2012/06/2012-06-01-dental-book-SOC.pdf,au_pbs_archive_2012_06_01_bc68dcbe2fcc,exact_digest_match
0,[],[],au_pbs_archive_bcc9d921d3eafee7,YHN4LJLJJ5OFGODUD7IJ4EKI6H4S42IL,7abea6be06ddaca5b17bab436ad35e8ae2b414a6f1870548d581eac4d6d69e7b,cached,True,blocked_pending_explicit_permission,https://www.pbs.gov.au/info/general/copyright,False,https://www.pbs.gov.au/publication/schedule/2011/04/2011-04-01-chemotherapy-booklet.pdf,au_pbs_archive_2011_04_01_bcc9d921d3ea,no_archive_capture
1,"[""PIEWTS3VZKVREA225ND4U4FME7ZYYO6I""]","[""20150921170856""]",au_pbs_archive_bcdb020a5a96f60b,PIEWTS3VZKVREA225ND4U4FME7ZYYO6I,4d9c36fba15db748191b2cf0a762a1fd32a8b309855be5d618a2ec254435c88b,cached,True,blocked_pending_explicit_permission,https://www.pbs.gov.au/info/general/copyright,True,https://www.pbs.gov.au/publication/schedule/2015/05/2015-05-01-errata.pdf,au_pbs_archive_2015_05_01_bcdb020a5a96,exact_digest_match
0,[],[],au_pbs_archive_bce2b6915670a74d,YX6NNVQDTV6XT5IOUSVCJ4CLQHLE36V3,46d1e616071aa1b981f81e44eaa72ca7adb0f026529769bbecd90228f36f6300,cached,True,blocked_pending_explicit_permission,https://www.pbs.gov.au/info/general/copyright,False,https://www.pbs.gov.au/publication/schedule/1951-2002/1973-12-01-consolidated-schedules.pdf,au_pbs_archive_1973_12_01_bce2b6915670,no_archive_capture
1,"[""XLO2MINUJ2NB2LPZFKJ6TTL6POXXDFJQ""]","[""20120316203951""]",au_pbs_archive_bce582eb64ab965c,XLO2MINUJ2NB2LPZFKJ6TTL6POXXDFJQ,a28c10788d6b7123068873ea48cfaa0748dc87829b783482df63eab948c85991,cached,True,blocked_pending_explicit_permission,https://www.pbs.gov.au/info/general/copyright,True,https://www.pbs.gov.au/publication/schedule/2012/03/2012-03-01-efficient-funding-of-chemotherapy.pdf,au_pbs_archive_2012_03_01_bce582eb64ab,exact_digest_match
0,[],[],au_pbs_archive_bced51df62074c70,FJQAEPFKKWWU6XKOEPEYBLT2DQ43V355,7990d3e5736984343754cab2a5c02a0f693299423eb09541b2e30dee9650704f,downloaded,True,blocked_pending_explicit_permission,https://www.pbs.gov.au/info/general/copyright,False,https://www.pbs.gov.au/publication/schedule/2026/07/2026-07-01-general-schedule-r1-Volume-1.pdf,au_pbs_archive_2026_07_01_bced51df6207,no_archive_capture
0,[],[],au_pbs_archive_bd19bf69c8df137b,5YIJXFI4PU2LFUMJG62HM4RCDCDH4UMW,0e128372bdf43009acaca3235f325bcd3f2ef569578e75d775f0641816bd1685,cached,True,blocked_pending_explicit_permission,https://www.pbs.gov.au/info/general/copyright,False,https://www.pbs.gov.au/publication/schedule/2022/09/2022-09-01-general-schedule-volume-1.pdf,au_pbs_archive_2022_09_01_bd19bf69c8df,no_archive_capture
3,"[""7OFF25BN4MSD527PCN5T6TN2BM47CMPA"", ""G5HOSMR6KPWE2TRI3EIHY2KQ2U2AEAPP""]","[""20140126044107"", ""20180417160918"", ""20190411084200""]",au_pbs_archive_bd737ca002fb5a9a,7OFF25BN4MSD527PCN5T6TN2BM47CMPA,276ea7f636904ad79fc8c5205ba97341349dea9a49cf4a0554722a74c6822911,cached,True,blocked_pending_explicit_permission,https://www.pbs.gov.au/info/general/copyright,True,https://www.pbs.gov.au/publication/schedule/2013/10/2013-10-01-general-schedule.pdf,au_pbs_archive_2013_10_01_bd737ca002fb,exact_digest_match
0,[],[],au_pbs_archive_bd9cdb42ab233563,LJGJ75G2R5FS52CQDGQXT4ZKBD555KJP,c4c07cbd94aa52aed3771e88d14abfe2858580edeee5da2407aedab040e5ce36,cached,True,blocked_pending_explicit_permission,https://www.pbs.gov.au/info/general/copyright,False,https://www.pbs.gov.au/publication/schedule/2009/2009-08-01-general-schedule.pdf,au_pbs_archive_2009_08_01_bd9cdb42ab23,no_archive_capture
0,[],[],au_pbs_archive_beb626e2c46ac031,ZGW6VBRG2KJ6ZFLYP53ICIFJKEKEW3VJ,d51cec8038d882ba884359e5d49855dd3e023c831ae3c082a0a03fa1dfd6f857,cached,True,blocked_pending_explicit_permission,https://www.pbs.gov.au/info/general/copyright,False,https://www.pbs.gov.au/publication/schedule/2010/2010-01-01-dental-book-soc.pdf,au_pbs_archive_2010_01_01_beb626e2c46a,no_archive_capture
1,"[""RWZABHY37FWTT6WEU6I6UDMDXADIAQIP""]","[""20140211195119""]",au_pbs_archive_beddfeafe32bbcfd,RWZABHY37FWTT6WEU6I6UDMDXADIAQIP,0c9458d84eba3f7ce27f9078718142a2d288195f2230bf702071aa5bfba0d5b4,cached,True,blocked_pending_explicit_permission,https://www.pbs.gov.au/info/general/copyright,True,https://www.pbs.gov.au/publication/schedule/2014/02/2014-02-01-general-schedule-soc.pdf,au_pbs_archive_2014_02_01_beddfeafe32b,exact_digest_match
0,[],[],au_pbs_archive_beeae929627c0bc5,XJCPX2QP3FVTSF3UR7EL2425OHTIUNLM,158af9bb308927089c1e3a38c7ebbf5816579fd6df1a4288b28e8a0566842351,cached,True,blocked_pending_explicit_permission,https://www.pbs.gov.au/info/general/copyright,False,https://www.pbs.gov.au/publication/schedule/2004/2004-12-01-general-schedule.pdf,au_pbs_archive_2004_12_01_beeae929627c,no_archive_capture
1,"[""WKPEHKKCD5SMP72SRF75BZUKOJDHXPRB""]","[""20250323153346""]",au_pbs_archive_bf29944f8111714b,WKPEHKKCD5SMP72SRF75BZUKOJDHXPRB,cd2de4a1f01a78d6ac6cd4ded72abb9267ffe2e641bb1e58e4ab194ab5b68061,cached,True,blocked_pending_explicit_permission,https://www.pbs.gov.au/info/general/copyright,True,https://www.pbs.gov.au/publication/schedule/2024/12/2024-12-01-efc-schedule.pdf,au_pbs_archive_2024_12_01_bf29944f8111,exact_digest_match
0,[],[],au_pbs_archive_bf795143db30cc3a,BDK6CQGIZGT5T466CGIIS2N2DSAJWNJM,b4f5a3cbbbc409fd0266b19b6cb3b90d873a3d04becf63e1542db827f3c6a2ec,cached,True,blocked_pending_explicit_permission,https://www.pbs.gov.au/info/general/copyright,False,https://www.pbs.gov.au/publication/schedule/2010/2010-06-01-dental-book-SOC.pdf,au_pbs_archive_2010_06_01_bf795143db30,no_archive_capture
1,"[""AZOAHX7QVXNO6YXBABTB4KLWAIJBRAC2""]","[""20220726022510""]",au_pbs_archive_bf7b5048fc1cc7b8,AZOAHX7QVXNO6YXBABTB4KLWAIJBRAC2,f260b520de9b0635190c2c515f550b52756e58493fda47db55b8e41a4901e11f,cached,True,blocked_pending_explicit_permission,https://www.pbs.gov.au/info/general/copyright,True,https://www.pbs.gov.au/publication/schedule/2022/07/2022-07-08-addendum.pdf,au_pbs_archive_2022_07_08_bf7b5048fc1c,exact_digest_match
1,"[""PSISH44HZUEKBX6YNPFYBQ57R2CQEIQP""]","[""20120227125029""]",au_pbs_archive_bf85529530be3103,PSISH44HZUEKBX6YNPFYBQ57R2CQEIQP,6c6207867e35b2dde028f808a03bdb2c71bb194dcc358363b65e4f273961e41d,cached,True,blocked_pending_explicit_permission,https://www.pbs.gov.au/info/general/copyright,True,https://www.pbs.gov.au/publication/schedule/2011/12/2011-12-01-general-schedule.pdf,au_pbs_archive_2011_12_01_bf85529530be,exact_digest_match
0,[],[],au_pbs_archive_bf85c7de180a9699,5MECGCK5JD3U2CV6KNPOTEYRFQ27ZZJ5,34241b1b6069383d2266052d3bdc84d070792300edc0388dde4077bdfeef768f,cached,True,blocked_pending_explicit_permission,https://www.pbs.gov.au/info/general/copyright,False,https://www.pbs.gov.au/publication/schedule/2010/2010-09-01-chemotherapy-booklet.pdf,au_pbs_archive_2010_09_01_bf85c7de180a,no_archive_capture
1,"[""NMM6OC4A7BTCUUMRU2VNHC4RO57UJROD""]","[""20150921155456""]",au_pbs_archive_c087688104b13599,NMM6OC4A7BTCUUMRU2VNHC4RO57UJROD,9d8977953b6ed5f1cee61b85a67a896b3a94f32e940d2943af8a21f52e151a03,cached,True,blocked_pending_explicit_permission,https://www.pbs.gov.au/info/general/copyright,True,https://www.pbs.gov.au/publication/schedule/2015/04/2015-04-01-efc-schedule.pdf,au_pbs_archive_2015_04_01_c087688104b1,exact_digest_match
0,[],[],au_pbs_archive_c0f5a406180c1f8c,6265G3HPQVLWZIYQGQ7Q27JOP2RG2B7K,a9f1ad587f86b075959fb2be91d564f4e61804305d3d2382768a5acd02d29f6a,cached,True,blocked_pending_explicit_permission,https://www.pbs.gov.au/info/general/copyright,False,https://www.pbs.gov.au/publication/schedule/2010/2010-04-01-chemotherapy-booklet.pdf,au_pbs_archive_2010_04_01_c0f5a406180c,no_archive_capture
0,[],[],au_pbs_archive_c0fd828bdce7ae7a,B6NQUL4MLXH36NA353N5CTGQIVDZMHSX,b9cb96d5f4d7836831094ca64889911bcef50eaf470864857aafc21bf3d2dea0,cached,True,blocked_pending_explicit_permission,https://www.pbs.gov.au/info/general/copyright,False,https://www.pbs.gov.au/publication/schedule/2026/02/2026-02-01-efc-schedule.pdf,au_pbs_archive_2026_02_01_c0fd828bdce7,no_archive_capture
1,"[""DPZOCIFIV3Z6GH4IARVKUN7APDMBNBOR""]","[""20230316150537""]",au_pbs_archive_c1156c4ad6b98a6b,DPZOCIFIV3Z6GH4IARVKUN7APDMBNBOR,bbce36b44f1e5f094219bd87bd83e6f1f33c5da232d8f48f3073151b111fd79f,cached,True,blocked_pending_explicit_permission,https://www.pbs.gov.au/info/general/copyright,True,https://www.pbs.gov.au/publication/schedule/2023/03/2023-03-01-efc-schedule.pdf,au_pbs_archive_2023_03_01_c1156c4ad6b9,exact_digest_match
1,"[""LQHATIYAJI2UDC2PXMW5HTSG4SSCXCM6""]","[""20130423222820""]",au_pbs_archive_c1555f400c00d08d,LQHATIYAJI2UDC2PXMW5HTSG4SSCXCM6,131d5ca84ca63adcdb45a1d6fbb0bc687c6fbb3b4c54638370e46bbb5445fb81,cached,True,blocked_pending_explicit_permission,https://www.pbs.gov.au/info/general/copyright,True,https://www.pbs.gov.au/publication/schedule/2012/04/2012-04-01-general-schedule-SOC.pdf,au_pbs_archive_2012_04_01_c1555f400c00,exact_digest_match
0,[],[],au_pbs_archive_c1773f80c4e001c9,SYAWTC7SKDOBUMIJK7LYA7HJFGVICQ5V,b92c2e8d50c52217519cfc56747a38a8ec9405fc512ec697f4b56ebd78d4553f,cached,True,blocked_pending_explicit_permission,https://www.pbs.gov.au/info/general/copyright,False,https://www.pbs.gov.au/publication/schedule/2007/2007-03-01-general-schedule.pdf,au_pbs_archive_2007_03_01_c1773f80c4e0,no_archive_capture
1,"[""A2H2WIKBBFJN3WW7OL7X2FUNNTC4IBZX""]","[""20250323154106""]",au_pbs_archive_c25cd5d641e544d6,A2H2WIKBBFJN3WW7OL7X2FUNNTC4IBZX,898b2632ce77239c5771f937f5b9e441c9c8a971bec81b12bac5fff887fe8940,cached,True,blocked_pending_explicit_permission,https://www.pbs.gov.au/info/general/copyright,True,https://www.pbs.gov.au/publication/schedule/2024/11/2024-11-01-efc-schedule.pdf,au_pbs_archive_2024_11_01_c25cd5d641e5,exact_digest_match
1,"[""USX7RWEARC7B56GKJGVREVMSQ3GOOYDN""]","[""20240329100046""]",au_pbs_archive_c3dabc548614979d,USX7RWEARC7B56GKJGVREVMSQ3GOOYDN,d7e3fb26a7b86bc8506298bb72484829452df418d593fb8fb677712b32140479,cached,True,blocked_pending_explicit_permission,https://www.pbs.gov.au/info/general/copyright,True,https://www.pbs.gov.au/publication/schedule/2023/12/2023-12-01-general-schedule-volume-2.pdf,au_pbs_archive_2023_12_01_c3dabc548614,exact_digest_match
0,[],[],au_pbs_archive_c4228fcaf2cdaa52,6NAWXVHBQXBOHQ3KPCYM2CY26TRSSSK5,f6c8a718ac9dd185b73129bb1f88ad3ee849feaf49456bc63d84ceaa2f8cc5a4,cached,True,blocked_pending_explicit_permission,https://www.pbs.gov.au/info/general/copyright,False,https://www.pbs.gov.au/publication/schedule/2007/2007-08-01-general-schedule.pdf,au_pbs_archive_2007_08_01_c4228fcaf2cd,no_archive_capture
0,[],[],au_pbs_archive_c43ee18b9324553f,SKPNCT6X6BJOWZGZPKSUCQ4YJQOVB67S,3cabb6ee5303dbca6bb5a5060bb15d94583e6754505316d1072a649ec7bb5651,cached,True,blocked_pending_explicit_permission,https://www.pbs.gov.au/info/general/copyright,False,https://www.pbs.gov.au/publication/schedule/2026/05/2026-05-01-general-soc.pdf,au_pbs_archive_2026_05_01_c43ee18b9324,no_archive_capture
1,"[""QSL7HPZQUR32A54SILRIYFBGZEDSDSVZ""]","[""20211012063127""]",au_pbs_archive_c471385f0c559b79,QSL7HPZQUR32A54SILRIYFBGZEDSDSVZ,714fd98415cd588ed960a378ab5317601ac7dab836474d7d0183dd0f1ee7b483,cached,True,blocked_pending_explicit_permission,https://www.pbs.gov.au/info/general/copyright,True,https://www.pbs.gov.au/publication/schedule/2021/03/2021-03-01-general-soc.pdf,au_pbs_archive_2021_03_01_c471385f0c55,exact_digest_match
1,"[""RR5MO4LRRBKCDFUSSMCF5YMIIHCTUAE2""]","[""20250323152048""]",au_pbs_archive_c47c93752c41fab5,RR5MO4LRRBKCDFUSSMCF5YMIIHCTUAE2,fdfce9dac88aa18d024d49ff3f54128af9b25537fd1594c153547a2f5f4cbddb,cached,True,blocked_pending_explicit_permission,https://www.pbs.gov.au/info/general/copyright,True,https://www.pbs.gov.au/publication/schedule/2025/02/2025-02-01-general-soc.pdf,au_pbs_archive_2025_02_01_c47c93752c41,exact_digest_match
0,[],[],au_pbs_archive_c4d6dd9d3354c658,RJ5GQWLA23LTZSEF2SCOJKV4ZM5JGOGU,57f5c73b35f3c57f19debc3f47f5e993ada78fc7102e8a96883aeb4e495c2f4f,cached,True,blocked_pending_explicit_permission,https://www.pbs.gov.au/info/general/copyright,False,https://www.pbs.gov.au/publication/schedule/2009/2009-11-01-chemotherapy-book.pdf,au_pbs_archive_2009_11_01_c4d6dd9d3354,no_archive_capture
0,[],[],au_pbs_archive_c560927b245eb8d2,QB7S6WF3CWH7WXGJXMTBYXREPR7AZDFX,8d1da46a3094a2dfb37d714e86687ade66edef1f448fe9f5954232a943973e4c,cached,True,blocked_pending_explicit_permission,https://www.pbs.gov.au/info/general/copyright,False,https://www.pbs.gov.au/publication/schedule/2007/2007-01-01-general-schedule-soc.pdf,au_pbs_archive_2007_01_01_c560927b245e,no_archive_capture
1,"[""SE4MXO7BXQREG5LYQ3FUTZJ5ISAYLT3L""]","[""20170321151047""]",au_pbs_archive_c5afaca0912e9d5e,SE4MXO7BXQREG5LYQ3FUTZJ5ISAYLT3L,940797002c687ac0b1c03a5b685676740b46de2895773dfdee8353f6ec7f5663,cached,True,blocked_pending_explicit_permission,https://www.pbs.gov.au/info/general/copyright,True,https://www.pbs.gov.au/publication/schedule/2016/06/2016-06-01-efc-schedule.pdf,au_pbs_archive_2016_06_01_c5afaca0912e,exact_digest_match
0,[],[],au_pbs_archive_c5b0b95d82bb0e76,YWZSL65G7GG3MNZUWYR6RTHFHX6GODFF,09ad40e2aa3b57a338effe8a581066478d47093670bfc0ae4fdb18bcec9b35eb,cached,True,blocked_pending_explicit_permission,https://www.pbs.gov.au/info/general/copyright,False,https://www.pbs.gov.au/publication/schedule/1951-2002/1980-12-01-consolidated-schedules.pdf,au_pbs_archive_1980_12_01_c5b0b95d82bb,no_archive_capture
1,"[""DLE7R6PRRFP2ACWKWSY7QJX7NODXMUE6""]","[""20120227124922""]",au_pbs_archive_c5c2969e6deebca5,DLE7R6PRRFP2ACWKWSY7QJX7NODXMUE6,5c3aed063509a7d9b19445fe351018f21a7416a7c932a791a8d4cc96f2c00d12,cached,True,blocked_pending_explicit_permission,https://www.pbs.gov.au/info/general/copyright,True,https://www.pbs.gov.au/publication/schedule/2011/10/2011-10-01-general-schedule-SOC.pdf,au_pbs_archive_2011_10_01_c5c2969e6dee,exact_digest_match
1,"[""JCCTSHQQXMZ43W52ZBKRA6QE2WMOSFUZ""]","[""20160312095112""]",au_pbs_archive_c612fe52ee2a5bf9,JCCTSHQQXMZ43W52ZBKRA6QE2WMOSFUZ,338fe670e309b0a08c0c63dfec7e174d98e0fd9a54384b0b59073691922d504d,cached,True,blocked_pending_explicit_permission,https://www.pbs.gov.au/info/general/copyright,True,https://www.pbs.gov.au/publication/schedule/2015/11/2015-11-01-efc-schedule.pdf,au_pbs_archive_2015_11_01_c612fe52ee2a,exact_digest_match
1,"[""FZ2BFCTU5UKYV7LBC434SLJNFYEQ33G6""]","[""20150303082416""]",au_pbs_archive_c640c34fa4f9d368,FZ2BFCTU5UKYV7LBC434SLJNFYEQ33G6,8f051095b6efe757450e7410443f9d99939dab115f417dddf2998e293f29f043,cached,True,blocked_pending_explicit_permission,https://www.pbs.gov.au/info/general/copyright,True,https://www.pbs.gov.au/publication/schedule/2014/08/2014-08-01-general-schedule.pdf,au_pbs_archive_2014_08_01_c640c34fa4f9,exact_digest_match
0,[],[],au_pbs_archive_c6a8c327874d2686,6PBRVO6BE4BF6KBGCDIYAZGJM3BW3FST,897a8f64f43952ff44a44ce3e1f0c56817c6721e72881259b74c1e058b256bed,cached,True,blocked_pending_explicit_permission,https://www.pbs.gov.au/info/general/copyright,False,https://www.pbs.gov.au/publication/schedule/2005/2005-08-01-general-schedule.pdf,au_pbs_archive_2005_08_01_c6a8c327874d,no_archive_capture
1,"[""E564SZUFIR6DKBVZKANNQZRTZW3CDQAX""]","[""20120227125707""]",au_pbs_archive_c6e95e599aa0b222,E564SZUFIR6DKBVZKANNQZRTZW3CDQAX,2b448ec98c33fb4e0a91b55b65726fd735bc56c168b78f322060833ea178c28f,cached,True,blocked_pending_explicit_permission,https://www.pbs.gov.au/info/general/copyright,True,https://www.pbs.gov.au/publication/schedule/2011/12/2011-12-01-dental-book-SOC.pdf,au_pbs_archive_2011_12_01_c6e95e599aa0,exact_digest_match
1,"[""CZ5GLM3LZBRJPEOU6ONB2Y47HWKDEEYK""]","[""20221017212026""]",au_pbs_archive_c7284dfecaf8c48d,CZ5GLM3LZBRJPEOU6ONB2Y47HWKDEEYK,a550f5d62a200df73ea7860450c5110db17a189159e86bb78685d76f6dcc64da,downloaded,True,blocked_pending_explicit_permission,https://www.pbs.gov.au/info/general/copyright,True,https://www.pbs.gov.au/publication/schedule/2022/10/2022-10-01-general-schedule-volume-1.pdf,au_pbs_archive_2022_10_01_c7284dfecaf8,exact_digest_match
0,[],[],au_pbs_archive_c788085e1a814b47,SE3JJEAGUT77MF4WTJD5TLPI45WLEM4P,18e21ce23bfabed924dc81c8d5202ea40de25178017d2725e8259f75ce9298bc,cached,True,blocked_pending_explicit_permission,https://www.pbs.gov.au/info/general/copyright,False,https://www.pbs.gov.au/publication/schedule/2008/2008-11-01-general-schedule.pdf,au_pbs_archive_2008_11_01_c788085e1a81,no_archive_capture
1,"[""GF3Z3IW5FUUBSBINXIMR253UBF4RBA7S""]","[""20200322111020""]",au_pbs_archive_c877ddd458cc48a0,GF3Z3IW5FUUBSBINXIMR253UBF4RBA7S,cb66434761db9b20d71a5adfad867ba8cbbbf7b53610c18906378a6f3433f6c1,cached,True,blocked_pending_explicit_permission,https://www.pbs.gov.au/info/general/copyright,True,https://www.pbs.gov.au/publication/schedule/2019/08/2019-08-01-general-soc.pdf,au_pbs_archive_2019_08_01_c877ddd458cc,exact_digest_match
1,"[""QRZP4IWBZT52TEE7MJW5BTOXPUHW4JAY""]","[""20200322115124""]",au_pbs_archive_c8a2a47202cb2552,QRZP4IWBZT52TEE7MJW5BTOXPUHW4JAY,d157d4eb39edef63f9f37e996947f23f5e23fd0e7308f905d89402b819300f00,cached,True,blocked_pending_explicit_permission,https://www.pbs.gov.au/info/general/copyright,True,https://www.pbs.gov.au/publication/schedule/2019/02/2019-02-01-efc-schedule.pdf,au_pbs_archive_2019_02_01_c8a2a47202cb,exact_digest_match
0,[],[],au_pbs_archive_c8e251def5ffa887,WUP5QSDJBKZ4Q7JK2WZMZ66GGWAHTFKB,97bcaa3581358521dd6a167260bc2f0f53dc3736e7a27b25ee9428ab4e0a84d1,cached,True,blocked_pending_explicit_permission,https://www.pbs.gov.au/info/general/copyright,False,https://www.pbs.gov.au/publication/schedule/2026/02/2026-02-01-general-soc.pdf,au_pbs_archive_2026_02_01_c8e251def5ff,no_archive_capture
0,[],[],au_pbs_archive_c8fad00547723beb,ZJKCAZYGYIFWD4DCFODHD2SO4RZBJN4N,95f0d7a98867dfe4fd65e59199a616b609dca59e99e72e3da0fb80cbf3c6cecc,cached,True,blocked_pending_explicit_permission,https://www.pbs.gov.au/info/general/copyright,False,https://www.pbs.gov.au/publication/schedule/2026/06/2026-06-01-erratum-blinatumomab-restriction.pdf,au_pbs_archive_2026_06_01_c8fad0054772,no_archive_capture
0,[],[],au_pbs_archive_c93e238785de9be9,I5WHCE24S3MU2ETHGWSPXJ6YQTVLHATQ,db5446d0917eae7b188c3da5558ed1518cda9f2c978263e5f7e15f28015e0baf,downloaded,True,blocked_pending_explicit_permission,https://www.pbs.gov.au/info/general/copyright,False,https://www.pbs.gov.au/publication/schedule/1951-2002/1969-08-01-consolidated-schedules.pdf,au_pbs_archive_1969_08_01_c93e238785de,no_archive_capture
0,[],[],au_pbs_archive_c940379a132313dd,G7K6ZE4674VNUX2A6ZN472DIEE6KJ7E3,4f6badd5a9e7cc5327b870ff33fc8ee3ed543f608ccc41d5aa15613413734729,cached,True,blocked_pending_explicit_permission,https://www.pbs.gov.au/info/general/copyright,False,https://www.pbs.gov.au/publication/schedule/1951-2002/1991-12-01-consolidated-schedules.pdf,au_pbs_archive_1991_12_01_c940379a1323,no_archive_capture
1,"[""4TWGGDQZRA7PK5FKVI4WDL3UC74B4AUI""]","[""20170321151130""]",au_pbs_archive_c96c73eb1aa173d5,4TWGGDQZRA7PK5FKVI4WDL3UC74B4AUI,07b1c0e424ec7f602361ebbf233c637a2f67313fc14453b9302388bf70c2cc83,cached,True,blocked_pending_explicit_permission,https://www.pbs.gov.au/info/general/copyright,True,https://www.pbs.gov.au/publication/schedule/2016/05/2016-05-01-erratum.pdf,au_pbs_archive_2016_05_01_c96c73eb1aa1,exact_digest_match
0,[],[],au_pbs_archive_c99b3859343338e6,XK62LEQRRIXHM6LTQ5KSA6ZZZNXGVCNO,b866e26b94e74cc514be5227a0ec8808d9c38a052ee4d124da68e317b943115c,cached,True,blocked_pending_explicit_permission,https://www.pbs.gov.au/info/general/copyright,False,https://www.pbs.gov.au/publication/schedule/2008/2008-04-01-general-schedule.pdf,au_pbs_archive_2008_04_01_c99b38593433,no_archive_capture
1,"[""2VNIBFPIHARFCZPHICINOIMFLAWTHWPY""]","[""20171031024554""]",au_pbs_archive_c9cd12059f9833be,2VNIBFPIHARFCZPHICINOIMFLAWTHWPY,6eab0483f19c8692b76946140de004cbecba2eded550ce71ccf0bcb1e5549d36,cached,True,blocked_pending_explicit_permission,https://www.pbs.gov.au/info/general/copyright,True,https://www.pbs.gov.au/publication/schedule/2017/05/2017-05-01-general-schedule.pdf,au_pbs_archive_2017_05_01_c9cd12059f98,exact_digest_match
0,[],[],au_pbs_archive_ca0082bbfb98fb96,4XS7IWGKEDOEG6UFSKKOSKFWXO6P42BK,02032b339b09929c6f96c265f7d33662f51796d3d697e28f4e96f6eb64af0b25,cached,True,blocked_pending_explicit_permission,https://www.pbs.gov.au/info/general/copyright,False,https://www.pbs.gov.au/publication/schedule/2010/2010-04-01-general-schedule-erratum.pdf,au_pbs_archive_2010_04_01_ca0082bbfb98,no_archive_capture
1,"[""BINLCRWDAVQNJIELG7OPAC5VLLHFXH6L""]","[""20150908013004""]",au_pbs_archive_ca1b49bf9cc1f7c9,BINLCRWDAVQNJIELG7OPAC5VLLHFXH6L,f1cf5c44b9f36c9e42eeb84db223a718f95173567f20f99a7b9ed4aa1f466590,cached,True,blocked_pending_explicit_permission,https://www.pbs.gov.au/info/general/copyright,True,https://www.pbs.gov.au/publication/schedule/2015/09/2015-09-01-errata.pdf,au_pbs_archive_2015_09_01_ca1b49bf9cc1,exact_digest_match
0,[],[],au_pbs_archive_ca369273b52abd23,SE5U4RSVH4IIL5VQWULI32ZE6UCDGTPK,456b587dc9f7b6c28deb061342a3556d1cfa0e37caadc362c21b89f003d7589a,cached,True,blocked_pending_explicit_permission,https://www.pbs.gov.au/info/general/copyright,False,https://www.pbs.gov.au/publication/schedule/2026/06/2026-06-01-general-soc.pdf,au_pbs_archive_2026_06_01_ca369273b52a,no_archive_capture
1,"[""XENWJFXNXPPHOF4KEIBE53KTPSM5AOAR""]","[""20220120084517""]",au_pbs_archive_ca4f6c24a4b617ed,XENWJFXNXPPHOF4KEIBE53KTPSM5AOAR,913a2a48d3f0c5781399caed1f5b398f1170ea48c367370d722c571972d73e7f,cached,True,blocked_pending_explicit_permission,https://www.pbs.gov.au/info/general/copyright,True,https://www.pbs.gov.au/publication/schedule/2021/12/2021-12-01-general-soc.pdf,au_pbs_archive_2021_12_01_ca4f6c24a4b6,exact_digest_match
1,"[""GMIUK6LUCSHVCGFXK557L2GXSCMGLHEO""]","[""20240329095342""]",au_pbs_archive_ca7bba174a0aa116,GMIUK6LUCSHVCGFXK557L2GXSCMGLHEO,0c5e3e82f62186391e8600e342c84d7a9a6b6196857061cae24dfd68ecb352a8,cached,True,blocked_pending_explicit_permission,https://www.pbs.gov.au/info/general/copyright,True,https://www.pbs.gov.au/publication/schedule/2024/01/2024-01-01-general-volume-2.pdf,au_pbs_archive_2024_01_01_ca7bba174a0a,exact_digest_match
1,"[""6ZO7MOI7GFGZVD36VQMRMZK4TVEFQ5QQ""]","[""20211012063153""]",au_pbs_archive_caa87a83077df2f1,6ZO7MOI7GFGZVD36VQMRMZK4TVEFQ5QQ,a44adb6ca465a1a97bf1d1655fe3028ae50160c8fa9fa78d46dd0a209d2c87f2,cached,True,blocked_pending_explicit_permission,https://www.pbs.gov.au/info/general/copyright,True,https://www.pbs.gov.au/publication/schedule/2021/01/2021-01-01-efc-schedule.pdf,au_pbs_archive_2021_01_01_caa87a83077d,exact_digest_match
1,"[""C37PHMNWDR4WU5GNFXRT3VLICD6RTKWB""]","[""20200322104941""]",au_pbs_archive_cb19ff5af842a3c2,C37PHMNWDR4WU5GNFXRT3VLICD6RTKWB,148456159ae7ecf1e6062cc25f29e00afa2d76aaab3bc239c0a0433a6817201c,downloaded,True,blocked_pending_explicit_permission,https://www.pbs.gov.au/info/general/copyright,True,https://www.pbs.gov.au/publication/schedule/2019/11/2019-11-01-general-schedule-volume-1.pdf,au_pbs_archive_2019_11_01_cb19ff5af842,exact_digest_match
0,[],[],au_pbs_archive_cb2baba1f755b23d,MSV3QGWQY2O5IJEM7YU2QYDCYHPUMVIO,36b3d08896ed4623c278b109eaa62c6fb77597645893e74b57d3c69406989961,cached,True,blocked_pending_explicit_permission,https://www.pbs.gov.au/info/general/copyright,False,https://www.pbs.gov.au/publication/schedule/2007/2007-10-01-dental-book.pdf,au_pbs_archive_2007_10_01_cb2baba1f755,no_archive_capture
1,"[""ONB5LS2GPAFONM353VTLHLNXLF2SVLGW""]","[""20200322103943""]",au_pbs_archive_cbc69ff32e30de50,ONB5LS2GPAFONM353VTLHLNXLF2SVLGW,e62369e023bf714bc0c057fac15f07b43136e2075e87cda0e1f4ba4146e4d2d0,cached,True,blocked_pending_explicit_permission,https://www.pbs.gov.au/info/general/copyright,True,https://www.pbs.gov.au/publication/schedule/2020/01/2020-01-01-general-schedule-volume-2.pdf,au_pbs_archive_2020_01_01_cbc69ff32e30,exact_digest_match
1,"[""CKYXZQBOZTWVTWCSAOEM2CP5IIEL45YJ""]","[""20190409042713""]",au_pbs_archive_cbd2693cba4f2b00,CKYXZQBOZTWVTWCSAOEM2CP5IIEL45YJ,622e6be31de0ab9cc3a97954d250d8100b4bce01d93821e51fd7045b5ab19831,downloaded,True,blocked_pending_explicit_permission,https://www.pbs.gov.au/info/general/copyright,True,https://www.pbs.gov.au/publication/schedule/2018/11/2018-11-01-general-schedule.pdf,au_pbs_archive_2018_11_01_cbd2693cba4f,exact_digest_match
1,"[""EPOOB5XQ4LSXBJ4UH2SVDY6BLE54TJYR""]","[""20230316150110""]",au_pbs_archive_cc09c691792e6cdd,EPOOB5XQ4LSXBJ4UH2SVDY6BLE54TJYR,d7c2006557a552503c5d6da96fa7a5e22ce9fa81a185850ba7fc5963e7bbc6b6,cached,True,blocked_pending_explicit_permission,https://www.pbs.gov.au/info/general/copyright,True,https://www.pbs.gov.au/publication/schedule/2023/03/2023-03-01-general-soc.pdf,au_pbs_archive_2023_03_01_cc09c691792e,exact_digest_match
0,[],[],au_pbs_archive_cd749e8c6d358603,WSPYAVVXWUW4D2JHEQBYAL5RZNBWKCXF,f855358d74f00ba4bf848b914d20d99c57237a786679bbea7696f96227436627,cached,True,blocked_pending_explicit_permission,https://www.pbs.gov.au/info/general/copyright,False,https://www.pbs.gov.au/publication/schedule/2009/2009-07-01-dental-book.pdf,au_pbs_archive_2009_07_01_cd749e8c6d35,no_archive_capture
1,"[""VSH5ZAHZOK74D7VIWFIZTBCMIV7GCUUO""]","[""20251125055518""]",au_pbs_archive_cdc19ca83cb99e6d,VSH5ZAHZOK74D7VIWFIZTBCMIV7GCUUO,05d91412adeaa42ff022f433cc9e283f938b186e822009cb208ea4569ceca6cc,cached,True,blocked_pending_explicit_permission,https://www.pbs.gov.au/info/general/copyright,True,https://www.pbs.gov.au/publication/schedule/2025/10/2025-10-01-general-soc.pdf,au_pbs_archive_2025_10_01_cdc19ca83cb9,exact_digest_match
1,"[""5XJ67ZPDXLSKDFDNHATFRKL6JNI7IB72""]","[""20220120083559""]",au_pbs_archive_ce4191cb641c8ed8,5XJ67ZPDXLSKDFDNHATFRKL6JNI7IB72,5e4ae653aa2a5cbdd24bf95fcf9518ef39d58bcb66793fa81331cb73ab03456e,cached,True,blocked_pending_explicit_permission,https://www.pbs.gov.au/info/general/copyright,True,https://www.pbs.gov.au/publication/schedule/2022/01/2022-01-01-efc-schedule.pdf,au_pbs_archive_2022_01_01_ce4191cb641c,exact_digest_match
1,"[""APFY6XSHX34XBEIVDSQN7Z75XPHCJSWY""]","[""20150919133325""]",au_pbs_archive_ced267dd21c9d80e,APFY6XSHX34XBEIVDSQN7Z75XPHCJSWY,adc57a3ffb5f9fda7e316be3a9dcaa74deada252195d5d11752900b24320d906,downloaded,True,blocked_pending_explicit_permission,https://www.pbs.gov.au/info/general/copyright,True,https://www.pbs.gov.au/publication/schedule/2015/05/2015-05-01-general-schedule.pdf,au_pbs_archive_2015_05_01_ced267dd21c9,exact_digest_match
1,"[""4M5CKY4YDVK6DT66FSFOV4CJJVZPRUWQ""]","[""20250323161953""]",au_pbs_archive_ced94d4e30acecef,4M5CKY4YDVK6DT66FSFOV4CJJVZPRUWQ,e6bfc3f4a0ffaf425a85741124a36c53bbe59b3c18bcab01c6505fa390cc2037,cached,True,blocked_pending_explicit_permission,https://www.pbs.gov.au/info/general/copyright,True,https://www.pbs.gov.au/publication/schedule/2024/04/2024-04-01-general-soc.pdf,au_pbs_archive_2024_04_01_ced94d4e30ac,exact_digest_match
0,[],[],au_pbs_archive_cee93206098e9017,TCSU42SNFBE63JEJ6FFJ4DW6EBJMKT3M,4c38661a9e5fbc9e58b4329691c1a48926924ddd7b0175e3f53eca9f0582de05,cached,True,blocked_pending_explicit_permission,https://www.pbs.gov.au/info/general/copyright,False,https://www.pbs.gov.au/publication/schedule/2010/2010-12-01-chemotherapy-booklet.pdf,au_pbs_archive_2010_12_01_cee93206098e,no_archive_capture
0,[],[],au_pbs_archive_cf8651b4883b7e91,DODSX7Z43HCZ42VQWFSZCFTXOYSD2XZK,5dadb92b01d982d5b696452f7e92a857dc3102b59cf8122744684d6e9235d699,cached,True,blocked_pending_explicit_permission,https://www.pbs.gov.au/info/general/copyright,False,https://www.pbs.gov.au/publication/schedule/2007/2007-01-01-dental-book.pdf,au_pbs_archive_2007_01_01_cf8651b4883b,no_archive_capture
0,[],[],au_pbs_archive_cf9885fcc72c328f,MGJNGFBSP6PGUPJ4O2FPYSVMC3SEHTYR,7047538266dc59b27400fa4bacf8a02eafb161b6400312793b2e7017eb56518f,downloaded,True,blocked_pending_explicit_permission,https://www.pbs.gov.au/info/general/copyright,False,https://www.pbs.gov.au/publication/schedule/1951-2002/1965-08-01-PBS-Schedule-Medical-Practitioners.pdf,au_pbs_archive_1965_08_01_cf9885fcc72c,no_archive_capture
1,"[""UB4BP7THG4DCEAHOM3IPEVNYMBLUK3Q7""]","[""20120227123821""]",au_pbs_archive_cfb1657516d7e337,UB4BP7THG4DCEAHOM3IPEVNYMBLUK3Q7,0b1eed01932ff1ffcc48e59005fa475b80322b6e0c2654739d9b5fc11f8ad821,downloaded,True,blocked_pending_explicit_permission,https://www.pbs.gov.au/info/general/copyright,True,https://www.pbs.gov.au/publication/schedule/2011/08/2011-08-01-general-schedule.pdf,au_pbs_archive_2011_08_01_cfb1657516d7,exact_digest_match
1,"[""5UF5HNFIAZCWEE3HV3ZMTAYCG2BPPFKL""]","[""20150919151529""]",au_pbs_archive_cfbac0280f0e7d01,5UF5HNFIAZCWEE3HV3ZMTAYCG2BPPFKL,a742fc244f0d22292e7054cb8cc6bedc36fd694f80f584089749c3782beb6670,cached,True,blocked_pending_explicit_permission,https://www.pbs.gov.au/info/general/copyright,True,https://www.pbs.gov.au/publication/schedule/2015/07/2015-07-01-general-schedule-soc.pdf,au_pbs_archive_2015_07_01_cfbac0280f0e,exact_digest_match
0,[],[],au_pbs_archive_cff4babe95c87c18,E7GM4FJQOGZO6DBHDSX44UUJFGTOEW7G,aeabf5377ebf02a9bdc3279feed690ffb84311edd17cbd76cfea60f72060bc33,downloaded,True,blocked_pending_explicit_permission,https://www.pbs.gov.au/info/general/copyright,False,https://www.pbs.gov.au/publication/schedule/1951-2002/2000-11-01-PBS-Schedule.pdf,au_pbs_archive_2000_11_01_cff4babe95c8,no_archive_capture
1,"[""DWNA7NXH3XIFD55L4F2FMPPB5W57SZK5""]","[""20211012063033""]",au_pbs_archive_d0102271a3bc7be3,DWNA7NXH3XIFD55L4F2FMPPB5W57SZK5,dc37e3ead16c1043a1ea639f71fd84cd738c987152fbdba9deed9b37118686b5,downloaded,True,blocked_pending_explicit_permission,https://www.pbs.gov.au/info/general/copyright,True,https://www.pbs.gov.au/publication/schedule/2021/10/2021-10-01-general-schedule-volume-2.pdf,au_pbs_archive_2021_10_01_d0102271a3bc,exact_digest_match
1,"[""CWVBAZ5GP2YH7YCLN5AZK67IXK3YQL6A""]","[""20190409041611""]",au_pbs_archive_d02d09adc683e2d8,CWVBAZ5GP2YH7YCLN5AZK67IXK3YQL6A,807d9d49d1150498dd2fa92af37d4b457cebac05e0e140173793c22dbebb8f81,cached,True,blocked_pending_explicit_permission,https://www.pbs.gov.au/info/general/copyright,True,https://www.pbs.gov.au/publication/schedule/2019/01/2019-01-01-efc-schedule.pdf,au_pbs_archive_2019_01_01_d02d09adc683,exact_digest_match
1,"[""YCEBGMAPVET6WL66MYYBGOCEJHR2D4FF""]","[""20130423222544""]",au_pbs_archive_d0444b2758d1d27a,YCEBGMAPVET6WL66MYYBGOCEJHR2D4FF,26131ec1849a9186c010953c52077d0a21a074963327785e7fc01dec33bda29c,downloaded,True,blocked_pending_explicit_permission,https://www.pbs.gov.au/info/general/copyright,True,https://www.pbs.gov.au/publication/schedule/2012/05/2012-05-01-general-schedule.pdf,au_pbs_archive_2012_05_01_d0444b2758d1,exact_digest_match
3,"[""KUEL7WKGIABWODQ3TWCT7JL74BPFUBMU"", ""YI6FAVUVEMASPGWEVTPHUI4TMNAQN3XD""]","[""20120227125225"", ""20190413081550"", ""20190422164739""]",au_pbs_archive_d0643fe3d1aba407,YI6FAVUVEMASPGWEVTPHUI4TMNAQN3XD,cdc744e14134013fb8069e4775a4cac2878fb7b24b7a25d0ab1f5ff846d6c3c9,downloaded,True,blocked_pending_explicit_permission,https://www.pbs.gov.au/info/general/copyright,True,https://www.pbs.gov.au/publication/schedule/2011/07/2011-07-01-general-schedule.pdf,au_pbs_archive_2011_07_01_d0643fe3d1ab,exact_digest_match
1,"[""YEFCWS2JZPBB6BMQA3VMV36HHJ2CRRGF""]","[""20260219113930""]",au_pbs_archive_d0ba8155cc7a79f7,YEFCWS2JZPBB6BMQA3VMV36HHJ2CRRGF,ff676b8145f41fad4c0093025dcafb76b654c64a4fa11f21e44220746697de12,downloaded,True,blocked_pending_explicit_permission,https://www.pbs.gov.au/info/general/copyright,True,https://www.pbs.gov.au/publication/schedule/2026/01/2026-01-01-general-schedule-volume-2.pdf,au_pbs_archive_2026_01_01_d0ba8155cc7a,exact_digest_match
1,"[""EXPPCP35ACMLOYLAQ7PZKA5DX7A5Q2PW""]","[""20150303082215""]",au_pbs_archive_d0d59fd31ff5bae7,EXPPCP35ACMLOYLAQ7PZKA5DX7A5Q2PW,588d60e170552c3b5ebd8736e206386fb8c0509c88b05b483033af6e9e1eb088,downloaded,True,blocked_pending_explicit_permission,https://www.pbs.gov.au/info/general/copyright,True,https://www.pbs.gov.au/publication/schedule/2014/09/2014-09-01-general-schedule.pdf,au_pbs_archive_2014_09_01_d0d59fd31ff5,exact_digest_match
1,"[""QE5DPP72U5MJEASA5EWCONUQI3KMTDWU""]","[""20140211195636""]",au_pbs_archive_d12d113b0903b439,QE5DPP72U5MJEASA5EWCONUQI3KMTDWU,d4671a1023cb65ea144d69cedad024e4e87b8ce5fe50796024b4b2c1df789447,cached,True,blocked_pending_explicit_permission,https://www.pbs.gov.au/info/general/copyright,True,https://www.pbs.gov.au/publication/schedule/2014/02/2014-02-01-efc-schedule-soc.pdf,au_pbs_archive_2014_02_01_d12d113b0903,exact_digest_match
1,"[""433FQSQNBWNOKR7EBQGNUX63PBXLJHYE""]","[""20130423221846""]",au_pbs_archive_d134489f0e05f144,433FQSQNBWNOKR7EBQGNUX63PBXLJHYE,e1f99fd16f4cc109f5f09c4173bd56854cac147a1336726e763ee7fd782578f4,cached,True,blocked_pending_explicit_permission,https://www.pbs.gov.au/info/general/copyright,True,https://www.pbs.gov.au/publication/schedule/2012/08/2012-08-01-dental-book-SOC.pdf,au_pbs_archive_2012_08_01_d134489f0e05,exact_digest_match
1,"[""WVWOQ4NPKRJ42DGLCUSTRLFG7RT3Q4U4""]","[""20221204105631""]",au_pbs_archive_d1a84ba8f88499b9,WVWOQ4NPKRJ42DGLCUSTRLFG7RT3Q4U4,2ec7b970680ca05dc170997bd00ac10935f391d98aae6fcf11cc61203acac733,downloaded,True,blocked_pending_explicit_permission,https://www.pbs.gov.au/info/general/copyright,True,https://www.pbs.gov.au/publication/schedule/2022/12/2022-12-01-general-soc.pdf,au_pbs_archive_2022_12_01_d1a84ba8f884,exact_digest_match
1,"[""34BBPYICZTQ44QEEGGZFJVC3PY767GDV""]","[""20231106134059""]",au_pbs_archive_d1f4cc30128f1749,34BBPYICZTQ44QEEGGZFJVC3PY767GDV,0fd52fec955c1d12a7d2885afd22a644c44eee9d2c37ebe83310e49ba8eab7ab,downloaded,True,blocked_pending_explicit_permission,https://www.pbs.gov.au/info/general/copyright,True,https://www.pbs.gov.au/publication/schedule/2023/06/2023-06-01-general-schedule-volume-1.pdf,au_pbs_archive_2023_06_01_d1f4cc30128f,exact_digest_match
0,[],[],au_pbs_archive_d22d5cbda95c98bb,TUXGJTYWRZQXP6PM5EZICSGCJ4HCG22F,02089568c0097e53f6afb8b427868718589de87d4da33af6c5604df880a364dc,cached,True,blocked_pending_explicit_permission,https://www.pbs.gov.au/info/general/copyright,False,https://www.pbs.gov.au/publication/schedule/2010/2010-07-01-dental-book.pdf,au_pbs_archive_2010_07_01_d22d5cbda95c,no_archive_capture
1,"[""RGAJHD5AGFG74DWLYHXLUQMXGPYFQAPL""]","[""20200322112345""]",au_pbs_archive_d2ae57edab445f55,RGAJHD5AGFG74DWLYHXLUQMXGPYFQAPL,3b70a35337e3984b9fc4433219107155d4072c92b460af2a55c6dfc43f385b48,cached,True,blocked_pending_explicit_permission,https://www.pbs.gov.au/info/general/copyright,True,https://www.pbs.gov.au/publication/schedule/2019/06/2019-06-01-general-soc.pdf,au_pbs_archive_2019_06_01_d2ae57edab44,exact_digest_match
1,"[""HEISAA5KWJUMRIHWEZXNBHZQXMZFNG6B""]","[""20180414091412""]",au_pbs_archive_d2bda38de8574ca1,HEISAA5KWJUMRIHWEZXNBHZQXMZFNG6B,5b35805c3e71a02b3c5dff6e118c2cb7fe4786db39ee37df8462974d5e32bd81,cached,True,blocked_pending_explicit_permission,https://www.pbs.gov.au/info/general/copyright,True,https://www.pbs.gov.au/publication/schedule/2017/12/2017-12-01-errata.pdf,au_pbs_archive_2017_12_01_d2bda38de857,exact_digest_match
0,[],[],au_pbs_archive_d2cea428088d05cf,YZL4K5R3WAFIZUAC5ONEMDJYKJVCM2KU,1d399ba9f1a2d11e7d79aff22c20b62f9e05b162d202289b768b51d98a03f58f,cached,True,blocked_pending_explicit_permission,https://www.pbs.gov.au/info/general/copyright,False,https://www.pbs.gov.au/publication/schedule/1951-2002/1979-12-01-consolidated-schedules.pdf,au_pbs_archive_1979_12_01_d2cea428088d,no_archive_capture
1,"[""6TJTWB7HX3NLBOIQVIOQJCMX2VXHJZQI""]","[""20231106133400""]",au_pbs_archive_d2ef690c2f1a66b7,6TJTWB7HX3NLBOIQVIOQJCMX2VXHJZQI,e3f8bb789c4f16abd02b8b6de2246f80ed42a1c468048c158dea9848785233cc,cached,True,blocked_pending_explicit_permission,https://www.pbs.gov.au/info/general/copyright,True,https://www.pbs.gov.au/publication/schedule/2023/09/2023-09-01-general-schedule-volume-1.pdf,au_pbs_archive_2023_09_01_d2ef690c2f1a,exact_digest_match
0,[],[],au_pbs_archive_d31ab1b6b90b754d,XF2DD6TV6GDMAY65JFAWTDNNRLVLIG5J,40832851aae3dc3d3a0eac7b80b7f242c4fd7fc4c8902863b2a9d274ae50c0e9,cached,True,blocked_pending_explicit_permission,https://www.pbs.gov.au/info/general/copyright,False,https://www.pbs.gov.au/publication/schedule/2007/2007-12-01-general-schedule.pdf,au_pbs_archive_2007_12_01_d31ab1b6b90b,no_archive_capture
1,"[""SW4BLFIF4MSHAA5XU3MJNJLYQ33FSXUM""]","[""20250320204444""]",au_pbs_archive_d3424181bb70197f,SW4BLFIF4MSHAA5XU3MJNJLYQ33FSXUM,b97b8b0311b2f272c689dcf91f904c2ecbe35cf845e380bfe8028e251df06514,cached,True,blocked_pending_explicit_permission,https://www.pbs.gov.au/info/general/copyright,True,https://www.pbs.gov.au/publication/schedule/2025/03/2025-03-01-efc-schedule.pdf,au_pbs_archive_2025_03_01_d3424181bb70,exact_digest_match
0,[],[],au_pbs_archive_d3961c1474b21ba4,62RDKXP4SFBUKKVAXF6C7SK53XSAXZWZ,ded60545c6079c144e55c9f5505a7ae87610178226c35994bfca5972a93938fa,cached,True,blocked_pending_explicit_permission,https://www.pbs.gov.au/info/general/copyright,False,https://www.pbs.gov.au/publication/schedule/1951-2002/1989-12-01-consolidated-schedules.pdf,au_pbs_archive_1989_12_01_d3961c1474b2,no_archive_capture
1,"[""MID6ITBF3DBP6Y2C43ZFTDGJVF45AQNV""]","[""20240329095537""]",au_pbs_archive_d3a40e8f28a9c947,MID6ITBF3DBP6Y2C43ZFTDGJVF45AQNV,03658490de41abcfcc5740dd9058c1c8db6379b17ef33ede2125a1bb7fafab82,cached,True,blocked_pending_explicit_permission,https://www.pbs.gov.au/info/general/copyright,True,https://www.pbs.gov.au/publication/schedule/2024/01/2024-01-01-efc-schedule.pdf,au_pbs_archive_2024_01_01_d3a40e8f28a9,exact_digest_match
0,[],[],au_pbs_archive_d3e11a9d076adc82,TFBWZ3E5QTOBFKR5645RUGDWOWB6LUB3,9a3f41ee0f773a6aa386d4927290a6a70749b17038a9909bb00e5fab1e52a3c7,cached,True,blocked_pending_explicit_permission,https://www.pbs.gov.au/info/general/copyright,False,https://www.pbs.gov.au/publication/schedule/2010/2010-02-01-general-schedule-soc.pdf,au_pbs_archive_2010_02_01_d3e11a9d076a,no_archive_capture
1,"[""BVHB6DGLXLF2JSM7ATAOLRACYDV4YHDV""]","[""20120227122257""]",au_pbs_archive_d488f255256d3162,BVHB6DGLXLF2JSM7ATAOLRACYDV4YHDV,5304268fe8431de62161913caecf9fcc0d0836bff1af44744e5688df48563c46,cached,True,blocked_pending_explicit_permission,https://www.pbs.gov.au/info/general/copyright,True,https://www.pbs.gov.au/publication/schedule/2011/02/2011-02-01-addendum.pdf,au_pbs_archive_2011_02_01_d488f255256d,exact_digest_match
1,"[""QCSJGWJG33ABTUWLX2FZR4EBLXXSDLXG""]","[""20221017212006""]",au_pbs_archive_d48aa79e17a903fb,QCSJGWJG33ABTUWLX2FZR4EBLXXSDLXG,79540ddec8a2e00bc53c8e0dff2bc2eb9a0f480cd419ac542c37a13e9835ad65,cached,True,blocked_pending_explicit_permission,https://www.pbs.gov.au/info/general/copyright,True,https://www.pbs.gov.au/publication/schedule/2022/10/2022-10-01-general-soc.pdf,au_pbs_archive_2022_10_01_d48aa79e17a9,exact_digest_match
1,"[""MNUWSGILPHKIWFM7OVJGUAT73XSNO7E3""]","[""20221116171157""]",au_pbs_archive_d4bb054a7a0cc2d8,MNUWSGILPHKIWFM7OVJGUAT73XSNO7E3,b14fb36acbed088accacd3b0b9ffe70e4395d326b1422c58c20b7268cbfac506,cached,True,blocked_pending_explicit_permission,https://www.pbs.gov.au/info/general/copyright,True,https://www.pbs.gov.au/publication/schedule/2022/06/2022-06-01-general-soc.pdf,au_pbs_archive_2022_06_01_d4bb054a7a0c,exact_digest_match
0,[],[],au_pbs_archive_d4de6681c5d2e58e,NU43YVOVER6UYZLUTMKUMVZ2ND244LYZ,64c8839538c9115b8763162044b6a88131814744bca8f8275002a88f69ada971,cached,True,blocked_pending_explicit_permission,https://www.pbs.gov.au/info/general/copyright,False,https://www.pbs.gov.au/publication/schedule/2007/2007-08-01-general-schedule-soc.pdf,au_pbs_archive_2007_08_01_d4de6681c5d2,no_archive_capture
1,"[""KMA4XL3QC5YZBHBCTL3K7XXU6YIEQGQC""]","[""20170321151150""]",au_pbs_archive_d52e805d91db5ec5,KMA4XL3QC5YZBHBCTL3K7XXU6YIEQGQC,07de620129f883fdc2cba69084c4b157a5073392991928337473086d736a0f77,cached,True,blocked_pending_explicit_permission,https://www.pbs.gov.au/info/general/copyright,True,https://www.pbs.gov.au/publication/schedule/2016/05/2016-05-01-general-schedule-soc.pdf,au_pbs_archive_2016_05_01_d52e805d91db,exact_digest_match
2,"[""2E2QDHTSZA3CKC5YG3H5GWSKTTMRJKRS"", ""EUHTO7JYDG6CSGQV2ZPT2ULMQFUAYW3G""]","[""20120227130429"", ""20130421023704""]",au_pbs_archive_d5a2746a0c7df491,2E2QDHTSZA3CKC5YG3H5GWSKTTMRJKRS,333c1b02535358c33a6f5eac78f76e6abb31cf6cbff904c15f9397c806ad6206,cached,True,blocked_pending_explicit_permission,https://www.pbs.gov.au/info/general/copyright,True,https://www.pbs.gov.au/publication/schedule/2011/04/2011-04-01-erratum.pdf,au_pbs_archive_2011_04_01_d5a2746a0c7d,exact_digest_match
1,"[""4GTFIC6JBQNOHMZAOZUSFWQ3AUREPLXO""]","[""20221115162750""]",au_pbs_archive_d610a0fae9f95ec3,4GTFIC6JBQNOHMZAOZUSFWQ3AUREPLXO,b1e680541dce4171093d85680c8af08f6a916d2e9fe9a143006562ed990e863d,cached,True,blocked_pending_explicit_permission,https://www.pbs.gov.au/info/general/copyright,True,https://www.pbs.gov.au/publication/schedule/2022/09/2022-09-01-general-soc.pdf,au_pbs_archive_2022_09_01_d610a0fae9f9,exact_digest_match
1,"[""I3GERZUP2RKM24XOZBXXLVQS4MKHOEI3""]","[""20120227122632""]",au_pbs_archive_d66d1552b2315cc6,I3GERZUP2RKM24XOZBXXLVQS4MKHOEI3,036be06629e7fc1947fe3af5e5cc6670adc15d64635fd288a19a7150a9cf77eb,cached,True,blocked_pending_explicit_permission,https://www.pbs.gov.au/info/general/copyright,True,https://www.pbs.gov.au/publication/schedule/2011/06/2011-06-01-dental-book.pdf,au_pbs_archive_2011_06_01_d66d1552b231,exact_digest_match
1,"[""4AOPU3LPJUWRKNVRMNG5K7MYGSK7PYGB""]","[""20130423222952""]",au_pbs_archive_d6964c0d21332af6,4AOPU3LPJUWRKNVRMNG5K7MYGSK7PYGB,b9e0afbe177e10192cbf952b3065f3f08e4565aed5b9596b9be1788624caaae4,cached,True,blocked_pending_explicit_permission,https://www.pbs.gov.au/info/general/copyright,True,https://www.pbs.gov.au/publication/schedule/2012/04/2012-04-01-dental-book.pdf,au_pbs_archive_2012_04_01_d6964c0d2133,exact_digest_match
1,"[""ZUWPS26CPAGC36XXTJTAWLA2ZMTUTN66""]","[""20180313123744""]",au_pbs_archive_d6986127fd6bf1df,ZUWPS26CPAGC36XXTJTAWLA2ZMTUTN66,4cfc57865f5f9c6981f5ecae8983b591fd56edb4a3eceae30b87037700d2150a,cached,True,blocked_pending_explicit_permission,https://www.pbs.gov.au/info/general/copyright,True,https://www.pbs.gov.au/publication/schedule/2018/03/2018-03-01-efc-schedule.pdf,au_pbs_archive_2018_03_01_d6986127fd6b,exact_digest_match
1,"[""OPZQSYYVIG2HXJUP56G2DDGC6ZC6X4EF""]","[""20140126043734""]",au_pbs_archive_d6b665f10ce6e5eb,OPZQSYYVIG2HXJUP56G2DDGC6ZC6X4EF,5fc1760580a02390afb774efb5ef8de6f9928caff8bcb826147dc7a504109dfe,cached,True,blocked_pending_explicit_permission,https://www.pbs.gov.au/info/general/copyright,True,https://www.pbs.gov.au/publication/schedule/2013/12/2013-12-01-general-schedule-soc.pdf,au_pbs_archive_2013_12_01_d6b665f10ce6,exact_digest_match
0,[],[],au_pbs_archive_d6f0dca0c785d77a,IAMUIXHZ42W23XIYHRCI3ORQ3W6IPZ4D,819430b53e3c39c3b2b1be07833562e680d9a28761347797dbabfa6d67b08852,cached,True,blocked_pending_explicit_permission,https://www.pbs.gov.au/info/general/copyright,False,https://www.pbs.gov.au/publication/schedule/2010/2010-05-01-dental-book-SOC.pdf,au_pbs_archive_2010_05_01_d6f0dca0c785,no_archive_capture
1,"[""ZTCZGORY4VMJK5HRSEMD3YQV7UILHRHP""]","[""20250323155807""]",au_pbs_archive_d788a9f8d6a134dc,ZTCZGORY4VMJK5HRSEMD3YQV7UILHRHP,a8649458f94cd64d16883bf9a304c07fac5d2c2cadbef5d0156ca77972290e2f,cached,True,blocked_pending_explicit_permission,https://www.pbs.gov.au/info/general/copyright,True,https://www.pbs.gov.au/publication/schedule/2024/07/2024-07-01-general-soc.pdf,au_pbs_archive_2024_07_01_d788a9f8d6a1,exact_digest_match
1,"[""V4CCXEJEJGGSOK6UMGZTI5UNHMYO4JDE""]","[""20180414095639""]",au_pbs_archive_d790b2fd3b744123,V4CCXEJEJGGSOK6UMGZTI5UNHMYO4JDE,c03c1e528f7e679d7cd09bd42226d7d6d5e996f5711508b42611b5203d515ae8,cached,True,blocked_pending_explicit_permission,https://www.pbs.gov.au/info/general/copyright,True,https://www.pbs.gov.au/publication/schedule/2017/07/2017-07-01-general-soc.pdf,au_pbs_archive_2017_07_01_d790b2fd3b74,exact_digest_match
2,"[""CWQSJ44DDLAGGJBU3FDZC5RQCLAFF262"", ""SYOBHHFORBB5C3M7XNHCRJ6FZDGCJQMC""]","[""20180414090524"", ""20190411035555""]",au_pbs_archive_d7de8e832d0faadd,SYOBHHFORBB5C3M7XNHCRJ6FZDGCJQMC,13545ca521b9a19e86c1d5cfcadc4ffb98e978002c4dac83c6f99a325d2fdaf0,downloaded,True,blocked_pending_explicit_permission,https://www.pbs.gov.au/info/general/copyright,True,https://www.pbs.gov.au/publication/schedule/2018/01/2018-01-01-general-schedule.pdf,au_pbs_archive_2018_01_01_d7de8e832d0f,exact_digest_match
0,[],[],au_pbs_archive_d8ac7c8eaf4d3308,TDFYYDQC27HAKAM7TU4O2YQUEVIWK4HM,2e7f2f81f8aac99ededc26b9ad71a93749b5b1570b0aa8300618986046819d87,cached,True,blocked_pending_explicit_permission,https://www.pbs.gov.au/info/general/copyright,False,https://www.pbs.gov.au/publication/schedule/2007/2007-07-01-general-schedule-soc.pdf,au_pbs_archive_2007_07_01_d8ac7c8eaf4d,no_archive_capture
1,"[""SZQMR4CGA6AVGJ4U2QRTWURN7ZM7MIDY""]","[""20150303081525""]",au_pbs_archive_d8d4eb3b5a9514a3,SZQMR4CGA6AVGJ4U2QRTWURN7ZM7MIDY,9df6d829825e470b040428261c368a9d779fd90dc83dec4b7a7329130fc89e36,cached,True,blocked_pending_explicit_permission,https://www.pbs.gov.au/info/general/copyright,True,https://www.pbs.gov.au/publication/schedule/2014/12/2014-12-01-errata.pdf,au_pbs_archive_2014_12_01_d8d4eb3b5a95,exact_digest_match
1,"[""Q465W5OVJVPOCCPYVFPWWQMNGK7EN3UO""]","[""20211012063150""]",au_pbs_archive_d8e9b847b26b95ea,Q465W5OVJVPOCCPYVFPWWQMNGK7EN3UO,2196f94b4b64e016c18abf815347a1ec5862ff48556611efdfa878d3ed0cf7a8,cached,True,blocked_pending_explicit_permission,https://www.pbs.gov.au/info/general/copyright,True,https://www.pbs.gov.au/publication/schedule/2020/11/2020-11-01-general-schedule-volume-2.pdf,au_pbs_archive_2020_11_01_d8e9b847b26b,exact_digest_match
0,[],[],au_pbs_archive_d9152e3298a33d7b,2ZSZ6WV55RYFUIY4ECANXR4QSFNGYYH7,2f3f2b551de2a72dec2555ef615c1fb9addf878110d74fff9fe60e904d3f0198,cached,True,blocked_pending_explicit_permission,https://www.pbs.gov.au/info/general/copyright,False,https://www.pbs.gov.au/publication/schedule/2008/2008-12-01-dental-book.pdf,au_pbs_archive_2008_12_01_d9152e3298a3,no_archive_capture
1,"[""XQYF54JI5ADZMRLIWCOQLHFN5WTJA7TP""]","[""20211012063136""]",au_pbs_archive_d9b5f4f6f3966884,XQYF54JI5ADZMRLIWCOQLHFN5WTJA7TP,2a8ca78a6f7394becddc19bdacd22fb7a000814c5953b1deaf409e449a4b6aee,cached,True,blocked_pending_explicit_permission,https://www.pbs.gov.au/info/general/copyright,True,https://www.pbs.gov.au/publication/schedule/2021/04/2021-04-01-general-soc.pdf,au_pbs_archive_2021_04_01_d9b5f4f6f396,exact_digest_match
1,"[""AVVWLUE2Y3DDFGJWNSXF3TNPMESAAJ7F""]","[""20150303082843""]",au_pbs_archive_d9c707e3c7110289,AVVWLUE2Y3DDFGJWNSXF3TNPMESAAJ7F,0ec1c95753e404175d13dc3795c61f3fff28b40acc9efe625afa787b166d071c,cached,True,blocked_pending_explicit_permission,https://www.pbs.gov.au/info/general/copyright,True,https://www.pbs.gov.au/publication/schedule/2014/05/2014-05-01-errata.pdf,au_pbs_archive_2014_05_01_d9c707e3c711,exact_digest_match
1,"[""WNOZDHHOEWQFAOQ2AZFHF6INBFEDUDXP""]","[""20120227122619""]",au_pbs_archive_da33099bfb183852,WNOZDHHOEWQFAOQ2AZFHF6INBFEDUDXP,2d3e52553da6913e22f01f790726eb55d354e0f622d12b969288057a44ee8a9a,cached,True,blocked_pending_explicit_permission,https://www.pbs.gov.au/info/general/copyright,True,https://www.pbs.gov.au/publication/schedule/2011/10/2011-10-01-chemotherapy-booklet.pdf,au_pbs_archive_2011_10_01_da33099bfb18,exact_digest_match
1,"[""SIQBSNZAY7IWI7MVLOZ4VLJPW37PLPPD""]","[""20140126044834""]",au_pbs_archive_da3ec30983067748,SIQBSNZAY7IWI7MVLOZ4VLJPW37PLPPD,d8cea11fb24d76644ef3f744550b3bc4c29c35e802f29de6f5af9f122a11511c,cached,True,blocked_pending_explicit_permission,https://www.pbs.gov.au/info/general/copyright,True,https://www.pbs.gov.au/publication/schedule/2013/06/2013-06-01-efc-schedule-soc.pdf,au_pbs_archive_2013_06_01_da3ec3098306,exact_digest_match
1,"[""J5KA5EQLOJT5ABIRS5EVW56LOWZFKFNA""]","[""20120227081416""]",au_pbs_archive_da8c94df49600618,J5KA5EQLOJT5ABIRS5EVW56LOWZFKFNA,c9acaacda76772193c0bd74d211730d297220c7c3212a1dc12332ef70d93d828,cached,True,blocked_pending_explicit_permission,https://www.pbs.gov.au/info/general/copyright,True,https://www.pbs.gov.au/publication/schedule/2012/01/2012-01-01-general-schedule.pdf,au_pbs_archive_2012_01_01_da8c94df4960,exact_digest_match
0,[],[],au_pbs_archive_dab14645f6582dd5,KQDIIMUISXUZ4GPIJQJHUYE2FS4RT4NF,afc59110a5f3ec1bc498740607b744d8f314050e5345b956857ff2a93236881f,cached,True,blocked_pending_explicit_permission,https://www.pbs.gov.au/info/general/copyright,False,https://www.pbs.gov.au/publication/schedule/2007/2007-10-01-general-schedule-soc.pdf,au_pbs_archive_2007_10_01_dab14645f658,no_archive_capture
0,[],[],au_pbs_archive_db588dfe6b7bae62,6MDMEOIZDAV6TRX47N5J2VBTTLX6KCTG,1db8e8a3b22cc3da637a2ec21a3313552136f9b32133a5e1bf2dd52a720b74a7,cached,True,blocked_pending_explicit_permission,https://www.pbs.gov.au/info/general/copyright,False,https://www.pbs.gov.au/publication/schedule/2016/11/2016-11-01-efc-schedule.pdf,au_pbs_archive_2016_11_01_db588dfe6b7b,no_archive_capture
1,"[""SINEIRWGBTLVQJUHYPHNYHGUCDKRSAEE""]","[""20190409045252""]",au_pbs_archive_db6290bea730859a,SINEIRWGBTLVQJUHYPHNYHGUCDKRSAEE,8961bc97f80387a7a1fff9b666d43a734fb9aec422449939cdbbe6451d7f5f4d,cached,True,blocked_pending_explicit_permission,https://www.pbs.gov.au/info/general/copyright,True,https://www.pbs.gov.au/publication/schedule/2018/07/2018-07-01-efc-schedule.pdf,au_pbs_archive_2018_07_01_db6290bea730,exact_digest_match
1,"[""KTQN376BYCAC4AE7MZRK5PNRJRHWJIUZ""]","[""20220120100408""]",au_pbs_archive_db67b544b0744cd5,KTQN376BYCAC4AE7MZRK5PNRJRHWJIUZ,66ee92cabea6c3f78a2a778c2229d39b308297d95b73171d8c585e8bdd2c8df9,cached,True,blocked_pending_explicit_permission,https://www.pbs.gov.au/info/general/copyright,True,https://www.pbs.gov.au/publication/schedule/2021/10/2021-10-01-efc-schedule.pdf,au_pbs_archive_2021_10_01_db67b544b074,exact_digest_match
1,"[""R3IZMMBSPHM4XCUSI3HWNVPNYBVKRFVW""]","[""20190409035954""]",au_pbs_archive_dba511f18cd7cde4,R3IZMMBSPHM4XCUSI3HWNVPNYBVKRFVW,a32b53b4ae0caf7dad9bc1a459040bf1957c8e1ef587b80c65f6c98ffff49ad8,cached,True,blocked_pending_explicit_permission,https://www.pbs.gov.au/info/general/copyright,True,https://www.pbs.gov.au/publication/schedule/2019/01/2019-01-01-errata.pdf,au_pbs_archive_2019_01_01_dba511f18cd7,exact_digest_match
0,[],[],au_pbs_archive_dbe6e801d54e1464,6HY7K2WZU6LPCMUYBQE2MCIZP4OV6WQH,186d45309c8a55869edc031aae31243ea48dd25d4a035c226123881dc8861b23,cached,True,blocked_pending_explicit_permission,https://www.pbs.gov.au/info/general/copyright,False,https://www.pbs.gov.au/publication/schedule/2012/01/2012-01-01-general-schedule-erratum.pdf,au_pbs_archive_2012_01_01_dbe6e801d54e,no_archive_capture
1,"[""524KPWUMZHVPXPFYAEPSVWCZU4O4EVYG""]","[""20140126043850""]",au_pbs_archive_dc74d504d22e745c,524KPWUMZHVPXPFYAEPSVWCZU4O4EVYG,733f6a63d2179f9a199cab520c8bd42451e99ef731b08518516fb4fb7516189a,cached,True,blocked_pending_explicit_permission,https://www.pbs.gov.au/info/general/copyright,True,https://www.pbs.gov.au/publication/schedule/2013/12/2013-12-01-efc-schedule-soc.pdf,au_pbs_archive_2013_12_01_dc74d504d22e,exact_digest_match
0,[],[],au_pbs_archive_dc89b088f0ca4b4e,UFRPP566FU3ISYM6SVR7BEXT2QTR3YTX,db5a572b3e8ccff655245088c4090e9284926ce28c9e59168b1b0cf703d01720,cached,True,blocked_pending_explicit_permission,https://www.pbs.gov.au/info/general/copyright,False,https://www.pbs.gov.au/publication/schedule/2013/04/2013-04-01-general-schedule-soc.pdf,au_pbs_archive_2013_04_01_dc89b088f0ca,no_archive_capture
1,"[""IAQ42O4VLEPKBB3UFHWYBJFXGDZ7V57D""]","[""20130423222708""]",au_pbs_archive_dcdab5a4012118c6,IAQ42O4VLEPKBB3UFHWYBJFXGDZ7V57D,517a88665cf34c2b352c9f3857defe83ced5bf20f7ec076913e8aee87c9690ae,cached,True,blocked_pending_explicit_permission,https://www.pbs.gov.au/info/general/copyright,True,https://www.pbs.gov.au/publication/schedule/2012/05/2012-05-01-efc-schedule.pdf,au_pbs_archive_2012_05_01_dcdab5a40121,exact_digest_match
1,"[""WTZZDBWCZ3E2AG5QM4F77JDLEMLWH3RK""]","[""20150908013433""]",au_pbs_archive_dcdbd3a26c5513c6,WTZZDBWCZ3E2AG5QM4F77JDLEMLWH3RK,4d87ac00a38c0541ec9486ed64f75bcee61fbea91d8fcf29fe926abe813645d7,cached,True,blocked_pending_explicit_permission,https://www.pbs.gov.au/info/general/copyright,True,https://www.pbs.gov.au/publication/schedule/2015/09/2015-09-01-efc-errata.pdf,au_pbs_archive_2015_09_01_dcdbd3a26c55,exact_digest_match
1,"[""GYRXQFGJ4GIWXDKJKXLYP2Z25N5SIAOG""]","[""20120227130127""]",au_pbs_archive_dd7e4f57237a1f7e,GYRXQFGJ4GIWXDKJKXLYP2Z25N5SIAOG,55ea9276a76614a1afbe6d38321bae0816c18cccc596da6b5cb9be23958760ef,cached,True,blocked_pending_explicit_permission,https://www.pbs.gov.au/info/general/copyright,True,https://www.pbs.gov.au/publication/schedule/2011/07/2011-07-01-dental-book.pdf,au_pbs_archive_2011_07_01_dd7e4f57237a,exact_digest_match
0,[],[],au_pbs_archive_dd9465f5c8161604,QMK5OX3PJCLWT6PCGACMS4N47RVK4APO,9c017de811b2f61cf41ab668ad36d83f523ed6c62de824bcfae6a3319dae7d4a,cached,True,blocked_pending_explicit_permission,https://www.pbs.gov.au/info/general/copyright,False,https://www.pbs.gov.au/publication/schedule/2009/2009-04-01-general-schedule.pdf,au_pbs_archive_2009_04_01_dd9465f5c816,no_archive_capture
0,[],[],au_pbs_archive_dda73c7aeeeec826,FPMKE3F3N6AD4JBLQLCLBO7KRICZ5QYY,17fb6d7680ef60d27f2079eebc07a59356aec635aaf68ef3b58d37ad666a8cc7,cached,True,blocked_pending_explicit_permission,https://www.pbs.gov.au/info/general/copyright,False,https://www.pbs.gov.au/publication/schedule/1951-2002/1983-12-01-consolidated-schedules.pdf,au_pbs_archive_1983_12_01_dda73c7aeeee,no_archive_capture
1,"[""I5URMVUJKJOCEM23H5JWLUU5MYLWICXY""]","[""20230310024638""]",au_pbs_archive_ddc602e635244f70,PTOVRYUFJ6WRKNBSMA54HNYYELTHR3HI,ef0f40cb7b9cc55a17fec2090eeb7d2118bf8e9ae775c0e6d97136c7a8c3ce27,cached,True,blocked_pending_explicit_permission,https://www.pbs.gov.au/info/general/copyright,False,https://www.pbs.gov.au/publication/schedule/2023/01/2023-01-01-general-schedule-volume-2.pdf,au_pbs_archive_2023_01_01_ddc602e63524,digest_mismatch
1,"[""5YGZ43YKWM5F3MTTGCTLPOZUELCCUEQ7""]","[""20211012063205""]",au_pbs_archive_ddfea1a0d3035c65,5YGZ43YKWM5F3MTTGCTLPOZUELCCUEQ7,515107b215f15beaa1bf3e5e3f5e9a42e7731e37f07690bf2406a285de57a13d,cached,True,blocked_pending_explicit_permission,https://www.pbs.gov.au/info/general/copyright,True,https://www.pbs.gov.au/publication/schedule/2021/09/2021-09-01-general-schedule-volume-2.pdf,au_pbs_archive_2021_09_01_ddfea1a0d303,exact_digest_match
0,[],[],au_pbs_archive_dea9fe30bf0cacd2,LC57JIMTKMSJKMB5NPAAFZPQN5IZHCX6,96b6609ef02ecb2ed8a1142ea1be82678d7067dcbdc268d504f959df69c85be6,cached,True,blocked_pending_explicit_permission,https://www.pbs.gov.au/info/general/copyright,False,https://www.pbs.gov.au/publication/schedule/2010/2010-08-01-dental-book-SOC.pdf,au_pbs_archive_2010_08_01_dea9fe30bf0c,no_archive_capture
1,"[""44JEMAILQVDFFTFFIZDZTMJQ3B6YYWOY""]","[""20221116171217""]",au_pbs_archive_dedceef01a436894,44JEMAILQVDFFTFFIZDZTMJQ3B6YYWOY,59a24948f7273bf143c6a37efc3eae3fedb6a41b5a90804be3fe877ed4797fb8,cached,True,blocked_pending_explicit_permission,https://www.pbs.gov.au/info/general/copyright,True,https://www.pbs.gov.au/publication/schedule/2022/06/2022-06-01-general-schedule-volume-1.pdf,au_pbs_archive_2022_06_01_dedceef01a43,exact_digest_match
0,[],[],au_pbs_archive_e003d5aa01eea340,R5V57IKLXI5S4O2JO4BGFB4CYEJGK7TM,25438b5cf2cf8b3d58370c6909cec65800bac7531f6f0240b7e45b2b179b428a,cached,True,blocked_pending_explicit_permission,https://www.pbs.gov.au/info/general/copyright,False,https://www.pbs.gov.au/publication/schedule/1951-2002/1968-12-01-consolidated-schedules.pdf,au_pbs_archive_1968_12_01_e003d5aa01ee,no_archive_capture
1,"[""L6G3ZKL5NDHZRETFUXQYC6UJ7QPBSRP6""]","[""20231106133350""]",au_pbs_archive_e08d498c746b364b,L6G3ZKL5NDHZRETFUXQYC6UJ7QPBSRP6,4ab87f52900e0efc302d8318bbeef0796bf914bc8540867ed87acec2789ac9cc,cached,True,blocked_pending_explicit_permission,https://www.pbs.gov.au/info/general/copyright,True,https://www.pbs.gov.au/publication/schedule/2023/09/2023-09-01-general-soc.pdf,au_pbs_archive_2023_09_01_e08d498c746b,exact_digest_match
1,"[""2QHZTMDUFQYSB5KFOYW5L6HOCVG4UY64""]","[""20221116171839""]",au_pbs_archive_e091d4688f167e53,2QHZTMDUFQYSB5KFOYW5L6HOCVG4UY64,93741508381e847282bd81968a46eafd3f1c5112ade69b09d8b4a779f3768f44,cached,True,blocked_pending_explicit_permission,https://www.pbs.gov.au/info/general/copyright,True,https://www.pbs.gov.au/publication/schedule/2022/05/2022-05-01-general-schedule-volume-2.pdf,au_pbs_archive_2022_05_01_e091d4688f16,exact_digest_match
1,"[""BXDOLMLX5QS5Q4SABUKTG4M37RY3LU5U""]","[""20211012063145""]",au_pbs_archive_e0c849857e21afc0,BXDOLMLX5QS5Q4SABUKTG4M37RY3LU5U,342af9d63f2a4f91ddde2671aeeff0015b0cf2f752e930e3f5f0b6b3a858301b,cached,True,blocked_pending_explicit_permission,https://www.pbs.gov.au/info/general/copyright,True,https://www.pbs.gov.au/publication/schedule/2020/11/2020-11-01-efc-schedule.pdf,au_pbs_archive_2020_11_01_e0c849857e21,exact_digest_match
1,"[""4EL654L63P3N2O4ZJ6BLENUZJTMC5XBX""]","[""20240329100256""]",au_pbs_archive_e0f791472eb18909,4EL654L63P3N2O4ZJ6BLENUZJTMC5XBX,5c1c9f5c66930624a5a2792e2903c7cbb3b351068fc4bcdb95f477201fd7709d,cached,True,blocked_pending_explicit_permission,https://www.pbs.gov.au/info/general/copyright,True,https://www.pbs.gov.au/publication/schedule/2023/12/2023-12-01-efc-schedule.pdf,au_pbs_archive_2023_12_01_e0f791472eb1,exact_digest_match
1,"[""TVXQILLLZAAI7DKBMLXTCV7MA6O2LJZ4""]","[""20200322114642""]",au_pbs_archive_e130668f23ac29dc,TVXQILLLZAAI7DKBMLXTCV7MA6O2LJZ4,cb4bbccb04ff168a30f35e423d8ae6c37d2044c31f63c11645145cfe9d78ac26,cached,True,blocked_pending_explicit_permission,https://www.pbs.gov.au/info/general/copyright,True,https://www.pbs.gov.au/publication/schedule/2019/02/2019-02-01-general-soc.pdf,au_pbs_archive_2019_02_01_e130668f23ac,exact_digest_match
0,[],[],au_pbs_archive_e1517f8dbb857d73,3LBV547PI7XAOSK6JHUOGC6IUARPFPTG,7ff7cc6bb90e97ca50ac4362f1817c9e6887b5ce5c1640e130ceac1181565282,cached,True,blocked_pending_explicit_permission,https://www.pbs.gov.au/info/general/copyright,False,https://www.pbs.gov.au/publication/schedule/2007/2007-04-01-dental-book-soc.pdf,au_pbs_archive_2007_04_01_e1517f8dbb85,no_archive_capture
0,[],[],au_pbs_archive_e17718f0f71bc8c5,P5M53CZCVCX453RGAGWERVUL4JORNWWX,b42d71fc98ea11d9c75315277f6fdec148298f9aadade5f568c9c54d29b0b940,cached,True,blocked_pending_explicit_permission,https://www.pbs.gov.au/info/general/copyright,False,https://www.pbs.gov.au/publication/schedule/2010/2010-04-01-general-schedule.pdf,au_pbs_archive_2010_04_01_e17718f0f71b,no_archive_capture
0,[],[],au_pbs_archive_e17df634eb2423f7,PNMI5SIDTKUPRRIGPI3VK74EJPBOONRP,8df3466c7f6686f57e88aee4860d4e7d611f3c11bee7ab0aa4d9172580bba23d,cached,True,blocked_pending_explicit_permission,https://www.pbs.gov.au/info/general/copyright,False,https://www.pbs.gov.au/publication/schedule/2008/2008-06-01-dental-book-soc.pdf,au_pbs_archive_2008_06_01_e17df634eb24,no_archive_capture
0,[],[],au_pbs_archive_e18ac06b4c3a5e00,KGEGBKQXPP76NJB7LM4BCROL472N63ZC,d09fffda42d1d3bac22508b9a630c30cd6f7dac35fa85235a34ba67612c0f2fd,cached,True,blocked_pending_explicit_permission,https://www.pbs.gov.au/info/general/copyright,False,https://www.pbs.gov.au/publication/schedule/2007/2007-04-01-general-schedule-soc.pdf,au_pbs_archive_2007_04_01_e18ac06b4c3a,no_archive_capture
1,"[""XEDEB4GSABF7WIC5DFF24PS2NKH534EF""]","[""20211012063119""]",au_pbs_archive_e1a0fe04d1de59c0,XEDEB4GSABF7WIC5DFF24PS2NKH534EF,06db83b67debbdfb7febf04ebbcbdea14c43d58ba7d0107707341faba4a1eee9,cached,True,blocked_pending_explicit_permission,https://www.pbs.gov.au/info/general/copyright,True,https://www.pbs.gov.au/publication/schedule/2020/05/2020-05-01-efc-schedule.pdf,au_pbs_archive_2020_05_01_e1a0fe04d1de,exact_digest_match
1,"[""NYZ4ZVD6VEWVHRBTQOYQJW4LTX5UULKP""]","[""20120227122721""]",au_pbs_archive_e1fbf8dbcc640c65,NYZ4ZVD6VEWVHRBTQOYQJW4LTX5UULKP,7d19e721cca8f5fab67dc2429e05d1bb2cb409c24c72d8981a2df5ef6cdc9055,cached,True,blocked_pending_explicit_permission,https://www.pbs.gov.au/info/general/copyright,True,https://www.pbs.gov.au/publication/schedule/2011/06/2011-06-01-general-schedule.pdf,au_pbs_archive_2011_06_01_e1fbf8dbcc64,exact_digest_match
1,"[""B4E37PIVL4YADEFBQFMOS36SGBHQ3Y4O""]","[""20251125060747""]",au_pbs_archive_e26ca385a35af82c,B4E37PIVL4YADEFBQFMOS36SGBHQ3Y4O,91b82578dc0d9f0cc5eeb061afe22f04bc11426a34cb0a9892989022d136c265,cached,True,blocked_pending_explicit_permission,https://www.pbs.gov.au/info/general/copyright,True,https://www.pbs.gov.au/publication/schedule/2025/05/2025-05-01-general-schedule-volume-2.pdf,au_pbs_archive_2025_05_01_e26ca385a35a,exact_digest_match
1,"[""3W7BZOEQSCEHSCPD26WWTCJLHA4S4IW6""]","[""20190409045635""]",au_pbs_archive_e3af7423268af2ff,3W7BZOEQSCEHSCPD26WWTCJLHA4S4IW6,5e97755f776627abe14e8cbebba4ad9f3f941be90cb8a85aaed95c8a9fba3d70,cached,True,blocked_pending_explicit_permission,https://www.pbs.gov.au/info/general/copyright,True,https://www.pbs.gov.au/publication/schedule/2018/06/2018-06-01-efc-schedule.pdf,au_pbs_archive_2018_06_01_e3af7423268a,exact_digest_match
1,"[""DUH3VBPA34YMDYLGBOQOIGTWAWJRA62I""]","[""20180313123321""]",au_pbs_archive_e3e1a69a070615e8,DUH3VBPA34YMDYLGBOQOIGTWAWJRA62I,f45498b23141fc6f6c40dfc88d1ff1bf9cbc9bceff948b521d24856308d1e4e5,cached,True,blocked_pending_explicit_permission,https://www.pbs.gov.au/info/general/copyright,True,https://www.pbs.gov.au/publication/schedule/2018/03/2018-03-01-general-soc.pdf,au_pbs_archive_2018_03_01_e3e1a69a0706,exact_digest_match
1,"[""UJNEBI7Z5OXBJQHRJL4TPHHQ55UWV37C""]","[""20170321142714""]",au_pbs_archive_e43d2cec2caea4fb,UJNEBI7Z5OXBJQHRJL4TPHHQ55UWV37C,0e84ab30ca18dfe4b1073782b2e9f9b55956995735584a90d23a1fd6a4d00c05,cached,True,blocked_pending_explicit_permission,https://www.pbs.gov.au/info/general/copyright,True,https://www.pbs.gov.au/publication/schedule/2016/11/2016-11-01-general-soc.pdf,au_pbs_archive_2016_11_01_e43d2cec2cae,exact_digest_match
0,[],[],au_pbs_archive_e43e8c5a99789462,7IFEBN7HPBV2P27BCGI6MCKCDENEPDUN,3b422c398c2c0298982c25fa5447d55ee0071cbde700ee5de38602b3bbd23b77,cached,True,blocked_pending_explicit_permission,https://www.pbs.gov.au/info/general/copyright,False,https://www.pbs.gov.au/publication/schedule/2009/2009-12-01-general-schedule.pdf,au_pbs_archive_2009_12_01_e43e8c5a9978,no_archive_capture
0,[],[],au_pbs_archive_e4840afa13132779,2BWQAY5ASWPMQICQGDM6NGZFL45YRDLB,f168b32a4dbf5434b95914b9bdb94facd0ecfffea09e5e30239564f5c869dec1,cached,True,blocked_pending_explicit_permission,https://www.pbs.gov.au/info/general/copyright,False,https://www.pbs.gov.au/publication/schedule/1951-2002/1967-12-01-PBS-Schedule-Medical-Practitioners.pdf,au_pbs_archive_1967_12_01_e4840afa1313,no_archive_capture
1,"[""KFKSPWUZFCTYKJ3DDLUAECVHY2A5I32Q""]","[""20170321144833""]",au_pbs_archive_e48b051de51dfb71,KFKSPWUZFCTYKJ3DDLUAECVHY2A5I32Q,34de6041d0bf7b69407ed02b839c22150fad972bd4eba8ab83425ea91627d05e,cached,True,blocked_pending_explicit_permission,https://www.pbs.gov.au/info/general/copyright,True,https://www.pbs.gov.au/publication/schedule/2016/09/2016-09-01-efc-schedule.pdf,au_pbs_archive_2016_09_01_e48b051de51d,exact_digest_match
0,[],[],au_pbs_archive_e4cb6a02dac00618,XEHZFRS2VUQ5YC6CA37ZP7SAHCFIEHYO,5184c04e43884d4c2895006ae54c7a70a099a1cfb7325dfdc5baed196a51d79d,cached,True,blocked_pending_explicit_permission,https://www.pbs.gov.au/info/general/copyright,False,https://www.pbs.gov.au/publication/schedule/1951-2002/1977-12-01-consolidated-schedules.pdf,au_pbs_archive_1977_12_01_e4cb6a02dac0,no_archive_capture
0,[],[],au_pbs_archive_e4eb86a7237b90ad,IJN2UZFHDNAP35HFIN7RMD44CBIJMN6D,a5f7d2a125bd6cc7ab42caa3a2ca96a479ddad2a3fb90add44f4a41e04c0b8d5,cached,True,blocked_pending_explicit_permission,https://www.pbs.gov.au/info/general/copyright,False,https://www.pbs.gov.au/publication/schedule/2026/05/2026-05-01-general-schedule-Volume-2.pdf,au_pbs_archive_2026_05_01_e4eb86a7237b,no_archive_capture
1,"[""VDKZF24E72SY5QUW7HNC2ZZNXVV4KZFH""]","[""20221205060540""]",au_pbs_archive_e51cc2d2e412855d,VDKZF24E72SY5QUW7HNC2ZZNXVV4KZFH,846dbee85d20e587a1540787070192e7969f0bedde62d0dfa907b18e7162afec,cached,True,blocked_pending_explicit_permission,https://www.pbs.gov.au/info/general/copyright,True,https://www.pbs.gov.au/publication/schedule/2022/12/2022-12-01-general-schedule-volume-1.pdf,au_pbs_archive_2022_12_01_e51cc2d2e412,exact_digest_match
0,[],[],au_pbs_archive_e574bf4ff38a0563,GAYBFHP75GL5RSYXPRXEXSTRNZ6CPRTK,76fc1a22b7b69200947234960801bc4fb194df1004a6efea5329718b90d46b3a,cached,True,blocked_pending_explicit_permission,https://www.pbs.gov.au/info/general/copyright,False,https://www.pbs.gov.au/publication/schedule/2009/2009-03-01-general-schedule.pdf,au_pbs_archive_2009_03_01_e574bf4ff38a,no_archive_capture
1,"[""SDEUPH3YLYEDTSHJB5UMTELEXFCY26AV""]","[""20150921164409""]",au_pbs_archive_e57f3a1c364284c6,SDEUPH3YLYEDTSHJB5UMTELEXFCY26AV,b9d45f1a905b16652888dae9103fdfeb27574e8a575a4e360ccbf9f2fb371908,cached,True,blocked_pending_explicit_permission,https://www.pbs.gov.au/info/general/copyright,True,https://www.pbs.gov.au/publication/schedule/2015/06/2015-06-01-errata.pdf,au_pbs_archive_2015_06_01_e57f3a1c3642,exact_digest_match
1,"[""BLST7NQDQAPAW6WENKKITH3SGSEBMEJR""]","[""20221116172115""]",au_pbs_archive_e5914d69d4f3e653,BLST7NQDQAPAW6WENKKITH3SGSEBMEJR,7c29d678220485f39962b25327be668c45e681b7955a522e54215d7cb33e3a72,cached,True,blocked_pending_explicit_permission,https://www.pbs.gov.au/info/general/copyright,True,https://www.pbs.gov.au/publication/schedule/2022/04/2022-04-01-general-schedule-volume-1.pdf,au_pbs_archive_2022_04_01_e5914d69d4f3,exact_digest_match
1,"[""AIL4O3362CUD452NM56FI5SLT34ZD2WL""]","[""20240329094127""]",au_pbs_archive_e59ebca5cc2bdfc9,AIL4O3362CUD452NM56FI5SLT34ZD2WL,f11c5a637ebafdc2abaad188b0f597194c755ebb476d8f29612224123d2aeeed,cached,True,blocked_pending_explicit_permission,https://www.pbs.gov.au/info/general/copyright,True,https://www.pbs.gov.au/publication/schedule/2024/02/2024-02-01-general-volume-1.pdf,au_pbs_archive_2024_02_01_e59ebca5cc2b,exact_digest_match
0,[],[],au_pbs_archive_e5b0ac8a950d3fed,E75TEGQG45PENMRFBJIMMWF6OLB4HMZ6,cca8da5aeb00ad71d27ad2c1bf57c61417ea5ad667d1d63805d60a098cf72f36,cached,True,blocked_pending_explicit_permission,https://www.pbs.gov.au/info/general/copyright,False,https://www.pbs.gov.au/publication/schedule/2009/2009-11-01-dental-book.pdf,au_pbs_archive_2009_11_01_e5b0ac8a950d,no_archive_capture
1,"[""2NN6JYRUUI7J7GROG4EJQKS53ASVURA3""]","[""20120227122345""]",au_pbs_archive_e641d0253f10b212,2NN6JYRUUI7J7GROG4EJQKS53ASVURA3,e3461a78b0490407fa545e95f03c38ed39920e8c6e8d2dd2166f21e73c9cf34c,cached,True,blocked_pending_explicit_permission,https://www.pbs.gov.au/info/general/copyright,True,https://www.pbs.gov.au/publication/schedule/2011/02/2011-02-01-dental-book.pdf,au_pbs_archive_2011_02_01_e641d0253f10,exact_digest_match
1,"[""LZQEKDBHPSJWRDH5ETYV7SWETBUMOUVQ""]","[""20120412184654""]",au_pbs_archive_e67193edf26f4b33,LZQEKDBHPSJWRDH5ETYV7SWETBUMOUVQ,00115ad88776a093c343843f84b0ba66561125d529a6d3b214052c2468dcc77f,cached,True,blocked_pending_explicit_permission,https://www.pbs.gov.au/info/general/copyright,True,https://www.pbs.gov.au/publication/schedule/2009/2009-02-01-general-schedule-soc.pdf,au_pbs_archive_2009_02_01_e67193edf26f,exact_digest_match
1,"[""KHFOTQVGSVWG4M2GG5UH67GKZIZQ7ZUO""]","[""20240326203754""]",au_pbs_archive_e7321e628a34388f,KHFOTQVGSVWG4M2GG5UH67GKZIZQ7ZUO,da1401e3226a8a65ef7f3b2fb4076bb18aa8cb91591f42434f6a6263bdb1cf92,cached,True,blocked_pending_explicit_permission,https://www.pbs.gov.au/info/general/copyright,True,https://www.pbs.gov.au/publication/schedule/2024/03/2024-03-01-general-volume-1.pdf,au_pbs_archive_2024_03_01_e7321e628a34,exact_digest_match
1,"[""43L5ZCU3HUOSBPF2XG7L52VS6QGB672J""]","[""20200322104145""]",au_pbs_archive_e78b4e976a689969,43L5ZCU3HUOSBPF2XG7L52VS6QGB672J,02ee83a9fa85b47addb1edbf274e7eaa2320f867750de9cb0c9a3c27b2cd32e9,cached,True,blocked_pending_explicit_permission,https://www.pbs.gov.au/info/general/copyright,True,https://www.pbs.gov.au/publication/schedule/2020/01/2020-01-01-efc-schedule.pdf,au_pbs_archive_2020_01_01_e78b4e976a68,exact_digest_match
1,"[""2RBBMNCEKLIHYARF5UWCSI2VJ3Q3VU76""]","[""20251117031652""]",au_pbs_archive_e7bc7aaa306c1717,2RBBMNCEKLIHYARF5UWCSI2VJ3Q3VU76,20f81c6f87224db49e831d7bc2b2a71e80851c9d7aecb6b273556e695d17bc5f,cached,True,blocked_pending_explicit_permission,https://www.pbs.gov.au/info/general/copyright,True,https://www.pbs.gov.au/publication/schedule/1951-2002/1959-11-01-PBS-Schedule-Medical-Practitioners.pdf,au_pbs_archive_1959_11_01_e7bc7aaa306c,exact_digest_match
0,[],[],au_pbs_archive_e82b80dc18830035,QDO6RVUS7V7MWOFT7GWXMYLPFA6FAW7V,4777547cc43575cce9177641850a85f429388aeeea368d9754910e7fc6d1fb93,cached,True,blocked_pending_explicit_permission,https://www.pbs.gov.au/info/general/copyright,False,https://www.pbs.gov.au/publication/schedule/2015/02/2015-02-01-errata.pdf,au_pbs_archive_2015_02_01_e82b80dc1883,no_archive_capture
1,"[""QXAP7NWPRE2JUHTZDVTX5X5L7JQNIYXX""]","[""20120227125523""]",au_pbs_archive_e8ba408b81b194a6,QXAP7NWPRE2JUHTZDVTX5X5L7JQNIYXX,438124ef98e6638be7acadf077dfb90ba681347477193b47313a213ef0107338,cached,True,blocked_pending_explicit_permission,https://www.pbs.gov.au/info/general/copyright,True,https://www.pbs.gov.au/publication/schedule/2011/01/2011-01-01-general-schedule-SOC.pdf,au_pbs_archive_2011_01_01_e8ba408b81b1,exact_digest_match
0,[],[],au_pbs_archive_e8bb3f3c725ae594,QDTTUADK4RPVU6U3RRINNIXWTT5XLB7Q,2b4ee22f2b22a85d1176b07189da5b1d48ae72976e5bfa453007aaa8108eadfe,cached,True,blocked_pending_explicit_permission,https://www.pbs.gov.au/info/general/copyright,False,https://www.pbs.gov.au/publication/schedule/2003/2003-11-01-general-schedule.pdf,au_pbs_archive_2003_11_01_e8bb3f3c725a,no_archive_capture
0,[],[],au_pbs_archive_e8bb796d54eca7d8,6DMKG2NDY5JZYUWJGXODMQUGFLAVWN44,096283997d24eeb3dbafe43978bf68aa4bb16d2d3be4aac01bd9d79ea73b6ba9,cached,True,blocked_pending_explicit_permission,https://www.pbs.gov.au/info/general/copyright,False,https://www.pbs.gov.au/publication/schedule/2008/2008-09-01-dental-book.pdf,au_pbs_archive_2008_09_01_e8bb796d54ec,no_archive_capture
1,"[""3UUMUFH3F5BEUOBWNONF3NCVHXTZDY3D""]","[""20211012063118""]",au_pbs_archive_e8f74db6700f210c,3UUMUFH3F5BEUOBWNONF3NCVHXTZDY3D,4d612454013f43f45675d248b8782a0d169b2ab3f85f73238615625f69064c33,cached,True,blocked_pending_explicit_permission,https://www.pbs.gov.au/info/general/copyright,True,https://www.pbs.gov.au/publication/schedule/2021/06/2021-06-01-efc-schedule.pdf,au_pbs_archive_2021_06_01_e8f74db6700f,exact_digest_match
0,[],[],au_pbs_archive_ea3176600c4d74f9,4SWLUQ5S6XPNDTF7SSPARDL7TBEK6KTB,76de3c9abcccd5879d1e55cdb2009e42ebcb612a188b202165d91723c6be8886,cached,True,blocked_pending_explicit_permission,https://www.pbs.gov.au/info/general/copyright,False,https://www.pbs.gov.au/publication/schedule/2010/2010-11-01-chemotherapy-booklet.pdf,au_pbs_archive_2010_11_01_ea3176600c4d,no_archive_capture
0,[],[],au_pbs_archive_eb53b79a08fcca1a,YXBCTTO3Q53UASFUEZOI5LXPPHQ5SICN,8efa019177021114439dcfa8149acf3399b2e8f7b72cc6198daac317c0fd676d,cached,True,blocked_pending_explicit_permission,https://www.pbs.gov.au/info/general/copyright,False,https://www.pbs.gov.au/publication/schedule/2009/2009-04-01-dental-book.pdf,au_pbs_archive_2009_04_01_eb53b79a08fc,no_archive_capture
0,[],[],au_pbs_archive_eb783054dd625809,RAMXBP4O3TGUSEGKLUWSK242QGEZ6NOJ,c015ee5f8a2db7456b6e30e858c67ac85d5b698307dc28914ee6d28bcc35b82d,cached,True,blocked_pending_explicit_permission,https://www.pbs.gov.au/info/general/copyright,False,https://www.pbs.gov.au/publication/schedule/2009/2009-01-01-general-schedule.pdf,au_pbs_archive_2009_01_01_eb783054dd62,no_archive_capture
0,[],[],au_pbs_archive_eba86c44c8445af2,DNQGQSZ36AZ77DZIPP7QC43N4DR2SCCQ,1e02c08553bbd4ce4aa8c4b9a9e7b92048c58e2a0683a018486e4c645a991861,cached,True,blocked_pending_explicit_permission,https://www.pbs.gov.au/info/general/copyright,False,https://www.pbs.gov.au/publication/schedule/2007/2007-12-01-dental-book-soc.pdf,au_pbs_archive_2007_12_01_eba86c44c844,no_archive_capture
1,"[""CVDFQPUP7QZG5GAIRKS57GFWVFVK3W5S""]","[""20140126043711""]",au_pbs_archive_ebffed89b08ac0a2,CVDFQPUP7QZG5GAIRKS57GFWVFVK3W5S,f8bbfb4a95b3d06a730fbeeca1bdd9d8d35452f74581ac0a53adc6d6ab9850b6,cached,True,blocked_pending_explicit_permission,https://www.pbs.gov.au/info/general/copyright,True,https://www.pbs.gov.au/publication/schedule/2013/12/2013-12-01-errata.pdf,au_pbs_archive_2013_12_01_ebffed89b08a,exact_digest_match
1,"[""WGN2L6N6UI2NDJH7VKHKSFEWUKFDOR5L""]","[""20250323152432""]",au_pbs_archive_ec59a8fe8b84cca7,WGN2L6N6UI2NDJH7VKHKSFEWUKFDOR5L,bafacbbf3efa9253a85416ebfbb8c54a33fb2f29543124cb2375b0d6e3e84439,cached,True,blocked_pending_explicit_permission,https://www.pbs.gov.au/info/general/copyright,True,https://www.pbs.gov.au/publication/schedule/2025/01/Errata-Error-in-methylphenidate-listings-1-January-2025.pdf,au_pbs_archive_unknown_ec59a8fe8b84,exact_digest_match
1,"[""UZBBHDXPUELWTLGRZ7GKESHSPDSVU4KL""]","[""20190228223014""]",au_pbs_archive_ecc6c518167adbdc,UZBBHDXPUELWTLGRZ7GKESHSPDSVU4KL,80c10fc2980548849f703922e99885ab32e5f0ea0a2f965c38f4a233d9ef1aa8,cached,True,blocked_pending_explicit_permission,https://www.pbs.gov.au/info/general/copyright,True,https://www.pbs.gov.au/publication/schedule/2019/03/2019-03-01-efc-schedule.pdf,au_pbs_archive_2019_03_01_ecc6c518167a,exact_digest_match
1,"[""PNL7XL4ZYX5S545YS5L47TWODB7FATYZ""]","[""20221116170654""]",au_pbs_archive_ed03e77aa3e4d10e,PNL7XL4ZYX5S545YS5L47TWODB7FATYZ,647bf9a26a96455532ed16e029bf5c5f971aca9980bd524d7773e49f5b5711a9,cached,True,blocked_pending_explicit_permission,https://www.pbs.gov.au/info/general/copyright,True,https://www.pbs.gov.au/publication/schedule/2022/08/2022-08-01-efc-schedule.pdf,au_pbs_archive_2022_08_01_ed03e77aa3e4,exact_digest_match
1,"[""DS2QPX7T3BRSO3KXGRIIYKL636C74RZJ""]","[""20170623012906""]",au_pbs_archive_ed3fd8983394fc9d,DS2QPX7T3BRSO3KXGRIIYKL636C74RZJ,d9381fee07f55f2c15f4d47f1ac9aef427a48c016abee9d7671070c9f84a89a0,downloaded,True,blocked_pending_explicit_permission,https://www.pbs.gov.au/info/general/copyright,True,https://www.pbs.gov.au/publication/schedule/2017/06/2017-06-01-general-schedule.pdf,au_pbs_archive_2017_06_01_ed3fd8983394,exact_digest_match
1,"[""57JC27NMX7AVEMRVUT2CEVKXCTUFT4BT""]","[""20221017212231""]",au_pbs_archive_edd9f1ff56a1fa0a,57JC27NMX7AVEMRVUT2CEVKXCTUFT4BT,18352d5fce1c2c295e80ef53a4445f84af967ef53b613fbb60874a7ba2d15033,cached,True,blocked_pending_explicit_permission,https://www.pbs.gov.au/info/general/copyright,True,https://www.pbs.gov.au/publication/schedule/2022/10/2022-10-01-efc-schedule.pdf,au_pbs_archive_2022_10_01_edd9f1ff56a1,exact_digest_match
1,"[""PNW4DPUWDBH7OEULRZQ27ZM2VP23WMUP""]","[""20220120082026""]",au_pbs_archive_ef1e435fe45b1e82,PNW4DPUWDBH7OEULRZQ27ZM2VP23WMUP,dc6c884de63ced2c950c75ba1f6642155a650f30c83c821d06cbff029dc6d7ba,downloaded,True,blocked_pending_explicit_permission,https://www.pbs.gov.au/info/general/copyright,True,https://www.pbs.gov.au/publication/schedule/2022/01/2022-01-01-general-schedule-volume-2.pdf,au_pbs_archive_2022_01_01_ef1e435fe45b,exact_digest_match
1,"[""N3K7XBIZZ3KSTVFVTALXBX4T7Z7HSZU2""]","[""20170321141543""]",au_pbs_archive_ef3eee74abe82ce4,N3K7XBIZZ3KSTVFVTALXBX4T7Z7HSZU2,6c7bf4356a89bd26255cb2ef40529a20b78626ee56191b9fb615fbeb437a438b,cached,True,blocked_pending_explicit_permission,https://www.pbs.gov.au/info/general/copyright,True,https://www.pbs.gov.au/publication/schedule/2017/01/2017-01-01-general-soc.pdf,au_pbs_archive_2017_01_01_ef3eee74abe8,exact_digest_match
0,[],[],au_pbs_archive_ef7d702a95fd75fa,PQQT6LGHOXJXRZ3GJYFZSHHXSWDYAZ6S,13afbd9e7b62cf7d0dd62f71d670cdd7d9d6c1a13b59f2ad1126299350d900ba,cached,True,blocked_pending_explicit_permission,https://www.pbs.gov.au/info/general/copyright,False,https://www.pbs.gov.au/publication/schedule/2007/2007-06-01-dental-book-soc.pdf,au_pbs_archive_2007_06_01_ef7d702a95fd,no_archive_capture
0,[],[],au_pbs_archive_ef8a2d05008c3851,7PICT26FVV3WIPF7II6BRFQQIS2OZU75,d23ced583df59bed29fd5c475921da7b05bd05c0be708e552774a06cc48aca37,cached,True,blocked_pending_explicit_permission,https://www.pbs.gov.au/info/general/copyright,False,https://www.pbs.gov.au/publication/schedule/2010/2010-11-01-dental-book.pdf,au_pbs_archive_2010_11_01_ef8a2d05008c,no_archive_capture
1,"[""R6TE6UD73Z52GPTYVOHZY3ICMTMQXK22""]","[""20251125055830""]",au_pbs_archive_efe95d48cce22749,R6TE6UD73Z52GPTYVOHZY3ICMTMQXK22,ab6d47664e57d394f45cdccd8a2b88a06ad5a522d705b80f0d8d1ba21bf8a44f,cached,True,blocked_pending_explicit_permission,https://www.pbs.gov.au/info/general/copyright,True,https://www.pbs.gov.au/publication/schedule/2025/08/2025-08-01-general-schedule-volume-1.pdf,au_pbs_archive_2025_08_01_efe95d48cce2,exact_digest_match
1,"[""LO2GXED7VDZKX7QR7JR6LSPPUCXG6RHY""]","[""20150303081733""]",au_pbs_archive_f05866a00017eba9,LO2GXED7VDZKX7QR7JR6LSPPUCXG6RHY,f9416500b8bce41d8124ac4e02bb02f1cff3218799de3974d8537e698cd44ad1,cached,True,blocked_pending_explicit_permission,https://www.pbs.gov.au/info/general/copyright,True,https://www.pbs.gov.au/publication/schedule/2014/11/2014-11-01-errata.pdf,au_pbs_archive_2014_11_01_f05866a00017,exact_digest_match
1,"[""PVT6JYQFSJ6KUONDWTYF7VFJGK465ABP""]","[""20220120115230""]",au_pbs_archive_f07f539527ba83d0,PVT6JYQFSJ6KUONDWTYF7VFJGK465ABP,fbe090be6660a051f0768dacfb5bc23a52132aca4d5505ede1f32954965302cd,cached,True,blocked_pending_explicit_permission,https://www.pbs.gov.au/info/general/copyright,True,https://www.pbs.gov.au/publication/schedule/2022/01/2022-01-01-general-soc.pdf,au_pbs_archive_2022_01_01_f07f539527ba,exact_digest_match
1,"[""FAZ2I7QXRYGDEOF3MVMLIDOC6NPN4WCA""]","[""20140126044603""]",au_pbs_archive_f0a2a85042e63ec6,FAZ2I7QXRYGDEOF3MVMLIDOC6NPN4WCA,128fbe22acd847ae5b34da34b2f24b9cfc4aad9f5968426cd6e3ade9923de9d9,cached,True,blocked_pending_explicit_permission,https://www.pbs.gov.au/info/general/copyright,True,https://www.pbs.gov.au/publication/schedule/2013/07/2013-07-01-general-schedule.pdf,au_pbs_archive_2013_07_01_f0a2a85042e6,exact_digest_match
1,"[""MDVPXZKMP5MK4U6K47TU4W6TOYVEY7ET""]","[""20120316203653""]",au_pbs_archive_f0fd437ec1f2c2db,MDVPXZKMP5MK4U6K47TU4W6TOYVEY7ET,58cb6976bad7b8ad9d990469d0f7d0490c89f5f3136366ae327a2b99d3c547e2,cached,True,blocked_pending_explicit_permission,https://www.pbs.gov.au/info/general/copyright,True,https://www.pbs.gov.au/publication/schedule/2012/03/2012-03-01-general-schedule-SOC.pdf,au_pbs_archive_2012_03_01_f0fd437ec1f2,exact_digest_match
1,"[""ZO2LD66R7LTGBAAACXSH4TRCLV7INNZQ""]","[""20130423221644""]",au_pbs_archive_f11c29d83445bc54,ZO2LD66R7LTGBAAACXSH4TRCLV7INNZQ,649da86d8a4dbe0cfa83bd6e9ef61576865eb59c356662ae7cbef5d5f209f1d5,cached,True,blocked_pending_explicit_permission,https://www.pbs.gov.au/info/general/copyright,True,https://www.pbs.gov.au/publication/schedule/2012/09/2012-09-01-efc-schedule.pdf,au_pbs_archive_2012_09_01_f11c29d83445,exact_digest_match
0,[],[],au_pbs_archive_f1dd2de4c5613ad0,MXFY3O263NXVXYO6ZUG7OXO4GK4UGWSV,53fbb90db2584227865dca1381d8f45c6bd038f64dcf240359cbb34d1f629f4f,cached,True,blocked_pending_explicit_permission,https://www.pbs.gov.au/info/general/copyright,False,https://www.pbs.gov.au/publication/schedule/1951-2002/1964-11-01-PBS-Schedule-Medical-Practitioners.pdf,au_pbs_archive_1964_11_01_f1dd2de4c561,no_archive_capture
1,"[""YXCPFRFX43ZNTYOMA4TYZF357CLGLVCE""]","[""20130423222037""]",au_pbs_archive_f21b40535ec454b6,YXCPFRFX43ZNTYOMA4TYZF357CLGLVCE,ded0c4e3cf74ca92bdd59ee382bcaee761ebf16b1059140f90e01299aabb3b8b,cached,True,blocked_pending_explicit_permission,https://www.pbs.gov.au/info/general/copyright,True,https://www.pbs.gov.au/publication/schedule/2012/07/2012-07-01-general-schedule.pdf,au_pbs_archive_2012_07_01_f21b40535ec4,exact_digest_match
1,"[""CJWCCYD65NWNXJX6VO7U77HIA6FFNR7C""]","[""20250323160529""]",au_pbs_archive_f224275eb7a683c7,CJWCCYD65NWNXJX6VO7U77HIA6FFNR7C,77400b85edce07cfca45a5141d0e21941bf26052c7b273b46f40586efa39ed6d,cached,True,blocked_pending_explicit_permission,https://www.pbs.gov.au/info/general/copyright,True,https://www.pbs.gov.au/publication/schedule/2024/07/2024-07-01-efc-schedule.pdf,au_pbs_archive_2024_07_01_f224275eb7a6,exact_digest_match
0,[],[],au_pbs_archive_f25581b8a6529ce1,3OB6NLSSMDYT6DSW6ZGVWKR77YVITVL5,a0bf75ae4b74ce4f7acc90952499adb77706379cec4c4951d457328c5d3afda2,cached,True,blocked_pending_explicit_permission,https://www.pbs.gov.au/info/general/copyright,False,https://www.pbs.gov.au/publication/schedule/2008/2008-07-01-general-schedule.pdf,au_pbs_archive_2008_07_01_f25581b8a652,no_archive_capture
1,"[""2NOZQJSLY6ONG6DVEA2K7DAVV44JQBFC""]","[""20221116172053""]",au_pbs_archive_f29e8a16072f83d9,2NOZQJSLY6ONG6DVEA2K7DAVV44JQBFC,9fd6d01ac458b283fccd54e4d8dc44d9ff983f5609aeff5b762506d085b67065,cached,True,blocked_pending_explicit_permission,https://www.pbs.gov.au/info/general/copyright,True,https://www.pbs.gov.au/publication/schedule/2022/04/2022-04-01-general-soc.pdf,au_pbs_archive_2022_04_01_f29e8a16072f,exact_digest_match
0,[],[],au_pbs_archive_f2be68e44b0f7b22,2GHPST6T4LYCP5D5EBTIVSCZ7BYEKG7B,dbd6515949d9a1ed7e669a95b0da36a7ab6dcfac92ee041e2581a95338d2d927,downloaded,True,blocked_pending_explicit_permission,https://www.pbs.gov.au/info/general/copyright,False,https://www.pbs.gov.au/publication/schedule/1951-2002/1978-12-01-consolidated-schedules.pdf,au_pbs_archive_1978_12_01_f2be68e44b0f,no_archive_capture
1,"[""UJL554GA7JSCWOAC3MPF6OXSLU66WTDO""]","[""20150908012045""]",au_pbs_archive_f2c47d329c571eb0,UJL554GA7JSCWOAC3MPF6OXSLU66WTDO,a264775620c7899a6dcf5d4022d5b310e47509b8718d167805613a22611c77ed,cached,True,blocked_pending_explicit_permission,https://www.pbs.gov.au/info/general/copyright,True,https://www.pbs.gov.au/publication/schedule/2015/09/2015-09-01-efc-schedule.pdf,au_pbs_archive_2015_09_01_f2c47d329c57,exact_digest_match
1,"[""L5U55APQI3YZISS2SUPNXCOQDCSHHZN2""]","[""20170321150410""]",au_pbs_archive_f2df24afb897b6ea,L5U55APQI3YZISS2SUPNXCOQDCSHHZN2,304f6a2c28adfe1316e84df9ae0591e9dbc27fa4a3f57f74b2ab6bc56b674465,cached,True,blocked_pending_explicit_permission,https://www.pbs.gov.au/info/general/copyright,True,https://www.pbs.gov.au/publication/schedule/2016/06/2016-06-01-general-schedule.pdf,au_pbs_archive_2016_06_01_f2df24afb897,exact_digest_match
2,"[""KC4F3FTX3MQXW7AFKGO3WTF2OAG3Y7BT"", ""XDOYWJXMDG65FME5HDGYCANNQELOZNBQ""]","[""20120227123715"", ""20130421022639""]",au_pbs_archive_f2f4fc6c6b645244,XDOYWJXMDG65FME5HDGYCANNQELOZNBQ,df6bfd181dfec0dd53f0b945550cccf26345286520846c6b58e9a93d1eb620be,cached,True,blocked_pending_explicit_permission,https://www.pbs.gov.au/info/general/copyright,True,https://www.pbs.gov.au/publication/schedule/2011/06/2011-06-01-errata.pdf,au_pbs_archive_2011_06_01_f2f4fc6c6b64,exact_digest_match
1,"[""ABWUF3ZL7PWLM3IEYPQEJO4BFW5THSXA""]","[""20211012063125""]",au_pbs_archive_f306377aac1b4de3,ABWUF3ZL7PWLM3IEYPQEJO4BFW5THSXA,da84ca8577b24a398927738627278d8332da9027996994ebbcee5662a45f6d8c,downloaded,True,blocked_pending_explicit_permission,https://www.pbs.gov.au/info/general/copyright,True,https://www.pbs.gov.au/publication/schedule/2021/08/2021-08-01-general-schedule-volume-2.pdf,au_pbs_archive_2021_08_01_f306377aac1b,exact_digest_match
1,"[""YA4RVIHM3K4SPEA6GJ6QQGA5JT7PEK7T""]","[""20250323153122""]",au_pbs_archive_f35d2aa9801571b0,YA4RVIHM3K4SPEA6GJ6QQGA5JT7PEK7T,aa6c68595b1e9677285a466e36a93cf3a31c10f000c516eaff089a22b06a92c1,cached,True,blocked_pending_explicit_permission,https://www.pbs.gov.au/info/general/copyright,True,https://www.pbs.gov.au/publication/schedule/2024/12/2024-12-01-general-soc.pdf,au_pbs_archive_2024_12_01_f35d2aa98015,exact_digest_match
0,[],[],au_pbs_archive_f3f612bf0f65ab7d,XRNRQKLF3ZZWFZOSZWFAKXPGWGIUI3NR,b74ac868e9d963125b087153f580631ba63379a1fe9c6c865f8fde23b94f3289,cached,True,blocked_pending_explicit_permission,https://www.pbs.gov.au/info/general/copyright,False,https://www.pbs.gov.au/publication/schedule/1951-2002/1954-05-01-PBS-Schedule-Medical-Practitioners.pdf,au_pbs_archive_1954_05_01_f3f612bf0f65,no_archive_capture
0,[],[],au_pbs_archive_f40d07621b5138a8,MD2LYQKENH7GPGZROKKPWWHVDUPLEGUI,89a2a24bb8efdc9a95c8e5ca76238aae74aafc18cdee1c186e06b86306d23bce,cached,True,blocked_pending_explicit_permission,https://www.pbs.gov.au/info/general/copyright,False,https://www.pbs.gov.au/publication/schedule/2009/2009-12-01-dental-book.pdf,au_pbs_archive_2009_12_01_f40d07621b51,no_archive_capture
0,[],[],au_pbs_archive_f4665e9f6a14c982,NJKCDNUHDKPH5E3BH3W56AGUZIHD2ZFO,25e3a8d7174866b4d913a158cedf986e21b25ddf2475cf302667954aad33e2d2,cached,True,blocked_pending_explicit_permission,https://www.pbs.gov.au/info/general/copyright,False,https://www.pbs.gov.au/publication/schedule/2009/2009-09-01-general-schedule.pdf,au_pbs_archive_2009_09_01_f4665e9f6a14,no_archive_capture
1,"[""SELSHLF2GGHQ5FGF6H6A6EDTA7ENFBK2""]","[""20140126044656""]",au_pbs_archive_f492b3aca391d51c,SELSHLF2GGHQ5FGF6H6A6EDTA7ENFBK2,2eac8e15b624b1e0585de401e692e0824bc18d2fcdb96056eb5dbb6c9c76042d,cached,True,blocked_pending_explicit_permission,https://www.pbs.gov.au/info/general/copyright,True,https://www.pbs.gov.au/publication/schedule/2013/07/2013-07-01-efc-schedule-soc.pdf,au_pbs_archive_2013_07_01_f492b3aca391,exact_digest_match
1,"[""O6M2UCPHYX2TATCPDW7MI2XR6X4SYG5F""]","[""20140126044738""]",au_pbs_archive_f50ae7a01c30333b,O6M2UCPHYX2TATCPDW7MI2XR6X4SYG5F,2b8de7a0ffa862948df3df232f838f74ef10db6e4a98fc71f05aaacb2718118c,downloaded,True,blocked_pending_explicit_permission,https://www.pbs.gov.au/info/general/copyright,True,https://www.pbs.gov.au/publication/schedule/2013/06/2013-06-01-general-schedule.pdf,au_pbs_archive_2013_06_01_f50ae7a01c30,exact_digest_match
1,"[""T55EJNHHC5UQKSFQK5AEUC77BHBYWLWD""]","[""20250323155106""]",au_pbs_archive_f5909c02107e2358,T55EJNHHC5UQKSFQK5AEUC77BHBYWLWD,bf47f998767330d482e7b305493f11948bfe051b51e32d44dc5d4fcf09267875,cached,True,blocked_pending_explicit_permission,https://www.pbs.gov.au/info/general/copyright,True,https://www.pbs.gov.au/publication/schedule/2024/08/2024-08-01-Errata.pdf,au_pbs_archive_2024_08_01_f5909c02107e,exact_digest_match
1,"[""UEK52ZOGL7E6HICUWKEIMFHEAIT6E47U""]","[""20130423221726""]",au_pbs_archive_f5abe7b44f3f06cc,UEK52ZOGL7E6HICUWKEIMFHEAIT6E47U,2d20d935b6fb3128514620506465744d84ab34f0bbb4f62df14bbe3d274f3ed3,cached,True,blocked_pending_explicit_permission,https://www.pbs.gov.au/info/general/copyright,True,https://www.pbs.gov.au/publication/schedule/2012/08/2012-08-01-general-schedule-SOC-addendum.pdf,au_pbs_archive_2012_08_01_f5abe7b44f3f,exact_digest_match
1,"[""QWCU35K4UBTV3U5CNKH3SKXIIGY3RFTR""]","[""20130423222132""]",au_pbs_archive_f5b7b1be926fb1ca,QWCU35K4UBTV3U5CNKH3SKXIIGY3RFTR,53fd5873a5c10b09e652a08a905492a7b0e8cd92f527756aaed5e08c8d1ca24e,cached,True,blocked_pending_explicit_permission,https://www.pbs.gov.au/info/general/copyright,True,https://www.pbs.gov.au/publication/schedule/2012/07/2012-07-01-dental-book-SOC.pdf,au_pbs_archive_2012_07_01_f5b7b1be926f,exact_digest_match
1,"[""H3XKEBN6N62Z6BAXPK4OAJ2G6VZHJP6X""]","[""20230814195115""]",au_pbs_archive_f5da89c9e4fce2c4,H3XKEBN6N62Z6BAXPK4OAJ2G6VZHJP6X,285d496df53a39b9691219c68b08108809075f9158c3cb50e8d08bf841d71842,cached,True,blocked_pending_explicit_permission,https://www.pbs.gov.au/info/general/copyright,True,https://www.pbs.gov.au/publication/schedule/2023/04/2023-04-01-general-soc.pdf,au_pbs_archive_2023_04_01_f5da89c9e4fc,exact_digest_match
0,[],[],au_pbs_archive_f5f601a03f5b8958,EN35GBIMLLIYPO4DI4WUPIKX25EFHETE,63aecbe9eefa88021af7954806ade88002963df39e76696f79e6dc31d1552efe,cached,True,blocked_pending_explicit_permission,https://www.pbs.gov.au/info/general/copyright,False,https://www.pbs.gov.au/publication/schedule/2008/2008-09-01-dental-book-soc.pdf,au_pbs_archive_2008_09_01_f5f601a03f5b,no_archive_capture
1,"[""3FKNVDJBPCNVIKDXCX5WNV344GA3SMTI""]","[""20160312094723""]",au_pbs_archive_f6498a8af3554907,3FKNVDJBPCNVIKDXCX5WNV344GA3SMTI,03bea7c15f000a806bf20ff4cf07f45f7f0c29b9f4ed69c22e64a0e8cfffc4b8,downloaded,True,blocked_pending_explicit_permission,https://www.pbs.gov.au/info/general/copyright,True,https://www.pbs.gov.au/publication/schedule/2015/12/2015-12-01-general-schedule-soc.pdf,au_pbs_archive_2015_12_01_f6498a8af355,exact_digest_match
0,[],[],au_pbs_archive_f7181f17acc18202,HINYVUT5NWG3JACWEO3RCAD4C6VA252A,e307aee961d55ff3672a2b9665bc97786e7ba0464111f13d44bb6c65d2d87d1e,downloaded,True,blocked_pending_explicit_permission,https://www.pbs.gov.au/info/general/copyright,False,https://www.pbs.gov.au/publication/schedule/2025/12/2025-12-01-general-schedule-volume-1.pdf,au_pbs_archive_2025_12_01_f7181f17acc1,no_archive_capture
1,"[""4AWFEJKDUQKEIFDIIDWDEILUF4HKIZSJ""]","[""20220320190057""]",au_pbs_archive_f7732fdfdda85434,4AWFEJKDUQKEIFDIIDWDEILUF4HKIZSJ,16a27c4b2122d66829f12c7afc1c3ea0cec1ec97539290d724905c67e20ca04f,downloaded,True,blocked_pending_explicit_permission,https://www.pbs.gov.au/info/general/copyright,True,https://www.pbs.gov.au/publication/schedule/2022/03/2022-03-01-general-schedule-volume-1.pdf,au_pbs_archive_2022_03_01_f7732fdfdda8,exact_digest_match
1,"[""IP4H4J6XHV4L46SPMIFMSERAFAXMBVYN""]","[""20150921160353""]",au_pbs_archive_f78be62741efef7f,IP4H4J6XHV4L46SPMIFMSERAFAXMBVYN,88aaa6cb4b9b5dec443f1867de3129ede4551f13635af2ff58118c2dd0699a5c,downloaded,True,blocked_pending_explicit_permission,https://www.pbs.gov.au/info/general/copyright,True,https://www.pbs.gov.au/publication/schedule/2015/07/2015-07-01-efc-schedule.pdf,au_pbs_archive_2015_07_01_f78be62741ef,exact_digest_match
1,"[""M5Y4Z3FVE7LWLCJP63ZFKDNLWLMEPPKY""]","[""20150303081805""]",au_pbs_archive_f79cfc24a90d5e2e,M5Y4Z3FVE7LWLCJP63ZFKDNLWLMEPPKY,ea4ddfa19a1d9760ea2f7ccc4c80e7b86fca660f1c153c7cf6d7f3035b963850,downloaded,True,blocked_pending_explicit_permission,https://www.pbs.gov.au/info/general/copyright,True,https://www.pbs.gov.au/publication/schedule/2014/11/2014-11-01-general-schedule.pdf,au_pbs_archive_2014_11_01_f79cfc24a90d,exact_digest_match
1,"[""A2KLU4RK2RVFPWOE7PQPIZOFMYOJ5D6D""]","[""20190409042605""]",au_pbs_archive_f81640f7b3ce0f8c,A2KLU4RK2RVFPWOE7PQPIZOFMYOJ5D6D,d58325621c1d11f094bfcaf56c460b6f724779166b42542ffa9628afc8c7812d,cached,True,blocked_pending_explicit_permission,https://www.pbs.gov.au/info/general/copyright,True,https://www.pbs.gov.au/publication/schedule/2018/11/2018-11-01-general-soc.pdf,au_pbs_archive_2018_11_01_f81640f7b3ce,exact_digest_match
1,"[""AWPSC6LDTZBKJQAFDPU7YD2LBSN4U77W""]","[""20130423160358""]",au_pbs_archive_f817606907dd06ff,AWPSC6LDTZBKJQAFDPU7YD2LBSN4U77W,5d502ad25b01196b95a8fb6f06c1f518f092d8375f0d6fb250badd564563e94e,cached,True,blocked_pending_explicit_permission,https://www.pbs.gov.au/info/general/copyright,True,https://www.pbs.gov.au/publication/schedule/2012/12/2012-12-01-errata-notes.pdf,au_pbs_archive_2012_12_01_f817606907dd,exact_digest_match
1,"[""LT4PBYLRX5RDOMSURYIKKRPQL5K4Z5HL""]","[""20120227081609""]",au_pbs_archive_f8425b35c91a5154,LT4PBYLRX5RDOMSURYIKKRPQL5K4Z5HL,1055768dda1687aff1133a87092ecb5fb0ad4f9784bcb5ff26183c5ec393c359,cached,True,blocked_pending_explicit_permission,https://www.pbs.gov.au/info/general/copyright,True,https://www.pbs.gov.au/publication/schedule/2012/01/2012-01-01-general-schedule-SOC.pdf,au_pbs_archive_2012_01_01_f8425b35c91a,exact_digest_match
1,"[""4LUVTFN6JGVOQJTCU6NY4GZYRSWYYV34""]","[""20211012063343""]",au_pbs_archive_f8a6668bc9796676,4LUVTFN6JGVOQJTCU6NY4GZYRSWYYV34,62ffbb170b24dbdf95b72ec603f53f9f4eaf312c308b3452840fbf3ea625152f,downloaded,True,blocked_pending_explicit_permission,https://www.pbs.gov.au/info/general/copyright,True,https://www.pbs.gov.au/publication/schedule/2020/04/2020-04-01-efc-schedule.pdf,au_pbs_archive_2020_04_01_f8a6668bc979,exact_digest_match
1,"[""T5MOCP5VAKRIVDY2EJCVJTRSBBRQL4K6""]","[""20211012063135""]",au_pbs_archive_f8cb67aa8fd1eec6,T5MOCP5VAKRIVDY2EJCVJTRSBBRQL4K6,166b56bd06ca3915208cd45e5f297ff12f42af8692cf3c35cc3e5cd56efcbaf2,downloaded,True,blocked_pending_explicit_permission,https://www.pbs.gov.au/info/general/copyright,True,https://www.pbs.gov.au/publication/schedule/2021/08/2021-08-01-efc-schedule.pdf,au_pbs_archive_2021_08_01_f8cb67aa8fd1,exact_digest_match
1,"[""5UVSWTDDY3ED24KLNVBEJ2PJEGFNMYZX""]","[""20211012063213""]",au_pbs_archive_f944254ea93a39cf,5UVSWTDDY3ED24KLNVBEJ2PJEGFNMYZX,dace7bda90ed966ef041590a98272415013f4f55a9dec8e47aa98291a261b9d2,cached,True,blocked_pending_explicit_permission,https://www.pbs.gov.au/info/general/copyright,True,https://www.pbs.gov.au/publication/schedule/2020/12/2020-12-01-general-soc.pdf,au_pbs_archive_2020_12_01_f944254ea93a,exact_digest_match
1,"[""OFQJEXXTSBIEJAY2VF35CN2QB7VSDJWV""]","[""20221116170729""]",au_pbs_archive_f96b051f66c7b9be,OFQJEXXTSBIEJAY2VF35CN2QB7VSDJWV,93eaf61cb99e96f04129cfc629b225b157d7742de8be26afbf7871656643f28c,cached,True,blocked_pending_explicit_permission,https://www.pbs.gov.au/info/general/copyright,True,https://www.pbs.gov.au/publication/schedule/2022/07/2022-07-01-erratum.pdf,au_pbs_archive_2022_07_01_f96b051f66c7,exact_digest_match
1,"[""VDRMPZMUAO7ELLNK2UXBH4LFTP5CXCH4""]","[""20160312095130""]",au_pbs_archive_f97478f893980d47,VDRMPZMUAO7ELLNK2UXBH4LFTP5CXCH4,ff727fcc8eac02aa65e841b3b2662994fd26c3e8482d452888097f97e419dfb7,cached,True,blocked_pending_explicit_permission,https://www.pbs.gov.au/info/general/copyright,True,https://www.pbs.gov.au/publication/schedule/2015/10/2015-10-01-errata.pdf,au_pbs_archive_2015_10_01_f97478f89398,exact_digest_match
1,"[""XZOPIUHIOFQRCQ5DQM3FVRBR6EOL4PQT""]","[""20221116170736""]",au_pbs_archive_f9833b15546c40ac,XZOPIUHIOFQRCQ5DQM3FVRBR6EOL4PQT,6c77041171076a1651b19c92640a9147c6a1495a3878675f88972a110dfae404,cached,True,blocked_pending_explicit_permission,https://www.pbs.gov.au/info/general/copyright,True,https://www.pbs.gov.au/publication/schedule/2022/07/2022-07-01-general-soc.pdf,au_pbs_archive_2022_07_01_f9833b15546c,exact_digest_match
1,"[""B7PBHWXKVPXJ6DJNNWNKOKCEXMGCI6GQ""]","[""20231106133730""]",au_pbs_archive_f9e89c06b6ffd203,B7PBHWXKVPXJ6DJNNWNKOKCEXMGCI6GQ,69ea15eac16712a8935de45fd805d5d75949f7fa3e1215548829f537e84ccfb6,downloaded,True,blocked_pending_explicit_permission,https://www.pbs.gov.au/info/general/copyright,True,https://www.pbs.gov.au/publication/schedule/2023/08/2023-08-01-general-schedule-volume-2.pdf,au_pbs_archive_2023_08_01_f9e89c06b6ff,exact_digest_match
0,[],[],au_pbs_archive_f9ece69c9aae9c74,43OAY4MK23XRXPLFOKMYQVNB63WVVP34,246fffdb4f26c709e4ec012281910097bf291b73bdf94913bbbcbe2cac7602fc,cached,True,blocked_pending_explicit_permission,https://www.pbs.gov.au/info/general/copyright,False,https://www.pbs.gov.au/publication/schedule/2009/2009-04-01-general-schedule-soc.pdf,au_pbs_archive_2009_04_01_f9ece69c9aae,no_archive_capture
1,"[""YDMQIEK7P7U6HIKUUJLVPXOHNRNDO4RT""]","[""20170321151628""]",au_pbs_archive_fa0864cef45973c0,YDMQIEK7P7U6HIKUUJLVPXOHNRNDO4RT,b52ef24e162f0bad147b1bdcd739eb358c6ca4945bb3dbb8ce11e8aa2a2feaf7,cached,True,blocked_pending_explicit_permission,https://www.pbs.gov.au/info/general/copyright,True,https://www.pbs.gov.au/publication/schedule/2016/05/2016-05-01-efc-schedule.pdf,au_pbs_archive_2016_05_01_fa0864cef459,exact_digest_match
1,"[""2BXHSZAL2OBVV3LWPVWGQVREFQ4GNJ6S""]","[""20240427031104""]",au_pbs_archive_fa09847cce529809,2BXHSZAL2OBVV3LWPVWGQVREFQ4GNJ6S,986fbfc36fb8adaa23e393400533cbde813e9c464dbb3c395d3a248e26f7abe7,cached,True,blocked_pending_explicit_permission,https://www.pbs.gov.au/info/general/copyright,True,https://www.pbs.gov.au/publication/schedule/2024/04/2024-04-01-Errata.pdf,au_pbs_archive_2024_04_01_fa09847cce52,exact_digest_match
1,"[""D4MTXOAMNBVIWMICBFV76I7NNR6QP2BV""]","[""20250323152507""]",au_pbs_archive_fa68e59505cbb2a0,D4MTXOAMNBVIWMICBFV76I7NNR6QP2BV,f154a351ce7a1d03943cc6fde8f69489e1a210e970f6c2a3106d4a2ed2409978,downloaded,True,blocked_pending_explicit_permission,https://www.pbs.gov.au/info/general/copyright,True,https://www.pbs.gov.au/publication/schedule/2025/01/2025-01-01-general-schedule-volume-1.pdf,au_pbs_archive_2025_01_01_fa68e59505cb,exact_digest_match
1,"[""I4V3PFOFCNGJAXN7GIXWA6FRRJ7PZYRW""]","[""20150921162334""]",au_pbs_archive_fadee5f1efbfcb89,I4V3PFOFCNGJAXN7GIXWA6FRRJ7PZYRW,cd1a01aa32e48950a445b22f5c73d82291a10493e0962fe4c03a22944476cae6,cached,True,blocked_pending_explicit_permission,https://www.pbs.gov.au/info/general/copyright,True,https://www.pbs.gov.au/publication/schedule/2015/06/2015-06-01-general-schedule-soc.pdf,au_pbs_archive_2015_06_01_fadee5f1efbf,exact_digest_match
0,[],[],au_pbs_archive_fb73215509e77025,UXDKVXKTS6TSFOO6BWE7SE5HUXJ5M4BC,14ce76906980d52d03caa9b95ca299b9f5367429a48820656f088c0a3aa4bb9a,downloaded,True,blocked_pending_explicit_permission,https://www.pbs.gov.au/info/general/copyright,False,https://www.pbs.gov.au/publication/schedule/2010/2010-10-01-HSD-schedule.pdf,au_pbs_archive_2010_10_01_fb73215509e7,no_archive_capture
0,[],[],au_pbs_archive_fb96e83bf0d22229,XZMFIKKJM6ZXRMR3DN2JHQPTX25XVFZU,1e370b69db9ec76bce0f3d257f6e7dc64f93e46ae58696f4cd10546e27243375,cached,True,blocked_pending_explicit_permission,https://www.pbs.gov.au/info/general/copyright,False,https://www.pbs.gov.au/publication/schedule/2014/07/2014-07-01-efc-schedule.pdf,au_pbs_archive_2014_07_01_fb96e83bf0d2,no_archive_capture
0,[],[],au_pbs_archive_fb9969e4157bc6f2,HKGSOEVTFVGFKJ4PK65HO3MV5YJLPYD4,e66635ab87b13acd0facaf88de4bb4b4cf98927d01da5607ad69aba33349ceb1,cached,True,blocked_pending_explicit_permission,https://www.pbs.gov.au/info/general/copyright,False,https://www.pbs.gov.au/publication/schedule/2009/2009-10-01-dental-book.pdf,au_pbs_archive_2009_10_01_fb9969e4157b,no_archive_capture
1,"[""6KHF7MKU2O7BLAIYYW6DUUU4XFQ7GEYU""]","[""20150303082359""]",au_pbs_archive_fba13ef37648dbb3,6KHF7MKU2O7BLAIYYW6DUUU4XFQ7GEYU,f632254038c7417a11cca9c3f8574b954eefbf8a935edb04d26336c675d83eaf,cached,True,blocked_pending_explicit_permission,https://www.pbs.gov.au/info/general/copyright,True,https://www.pbs.gov.au/publication/schedule/2014/08/2014-08-01-general-schedule-soc.pdf,au_pbs_archive_2014_08_01_fba13ef37648,exact_digest_match
0,[],[],au_pbs_archive_fba9518959cb85ca,FAH5KFOHTXIAE2RJ5HNFYXEBARG76G3V,0ae3a95cb515d9f16507a60faea7a5a07dc3ce659b86fc3ea5ab15ac83c1b8f1,cached,True,blocked_pending_explicit_permission,https://www.pbs.gov.au/info/general/copyright,False,https://www.pbs.gov.au/publication/schedule/2007/2007-02-01-dental-book-soc.pdf,au_pbs_archive_2007_02_01_fba9518959cb,no_archive_capture
1,"[""DHGV7KENBRZHRU36MNPGUEANJ7VTCPLP""]","[""20200322113520""]",au_pbs_archive_fbb2cc8316ad164c,DHGV7KENBRZHRU36MNPGUEANJ7VTCPLP,29a1c245f9abf820531c0ba6ebd342e6ba08667d4b2090b5b5c1b2255ac8dc63,downloaded,True,blocked_pending_explicit_permission,https://www.pbs.gov.au/info/general/copyright,True,https://www.pbs.gov.au/publication/schedule/2019/05/2019-05-01-efc-schedule.pdf,au_pbs_archive_2019_05_01_fbb2cc8316ad,exact_digest_match
1,"[""OCHW7OVZ244UCERVQSWNDOO2GXX3HSNV""]","[""20180414091535""]",au_pbs_archive_fbc5d58cf7a5c4c3,OCHW7OVZ244UCERVQSWNDOO2GXX3HSNV,5d705ead181349d2189d9b1d68ed4f03b2cef60cf8b5df098b96421c8c36a7b8,downloaded,True,blocked_pending_explicit_permission,https://www.pbs.gov.au/info/general/copyright,True,https://www.pbs.gov.au/publication/schedule/2017/12/2017-12-01-general-soc.pdf,au_pbs_archive_2017_12_01_fbc5d58cf7a5,exact_digest_match
1,"[""JSHD2QWVGJGJQ2ITEAYDF274FU2XOUYC""]","[""20220120083213""]",au_pbs_archive_fbd898755baaf72c,JSHD2QWVGJGJQ2ITEAYDF274FU2XOUYC,85456aacca4e351ed8704a8235a0bf845fc25f29e46f7ba47d75731c6108165f,downloaded,True,blocked_pending_explicit_permission,https://www.pbs.gov.au/info/general/copyright,True,https://www.pbs.gov.au/publication/schedule/2021/11/2021-11-01-efc-schedule.pdf,au_pbs_archive_2021_11_01_fbd898755baa,exact_digest_match
1,"[""FBDOWPFIDHXCKSRFXZO2UML44A45YSSM""]","[""20230310024132""]",au_pbs_archive_fc015666d4414946,FBDOWPFIDHXCKSRFXZO2UML44A45YSSM,037727cd2aa0207459e986b18f4cb99a5b3e5ccaecdeb24b29c5c3e423a06c9c,cached,True,blocked_pending_explicit_permission,https://www.pbs.gov.au/info/general/copyright,True,https://www.pbs.gov.au/publication/schedule/2023/02/2023-02-01-general-soc.pdf,au_pbs_archive_2023_02_01_fc015666d441,exact_digest_match
1,"[""Z4EF55YQWNP4NXHBTD46W3TMNDZQFERR""]","[""20220311055922""]",au_pbs_archive_fc2c9a9ac539b4ef,Z4EF55YQWNP4NXHBTD46W3TMNDZQFERR,f7f09dba1fee737cc3b4db24629ad660a05a8bc366755973693cf6fb4b32dfd9,downloaded,True,blocked_pending_explicit_permission,https://www.pbs.gov.au/info/general/copyright,True,https://www.pbs.gov.au/publication/schedule/2022/02/2022-02-01-general-schedule-volume-2.pdf,au_pbs_archive_2022_02_01_fc2c9a9ac539,exact_digest_match
1,"[""6CJO27TG3DMOHICZFB2D56KOZVJUZBXZ""]","[""20200322113116""]",au_pbs_archive_fc3ad28583e11d95,6CJO27TG3DMOHICZFB2D56KOZVJUZBXZ,3699c92191a203dffe7cdd284c0523eb6ef90ac376b5301341bd2277a5c94e51,downloaded,True,blocked_pending_explicit_permission,https://www.pbs.gov.au/info/general/copyright,True,https://www.pbs.gov.au/publication/schedule/2019/05/2019-05-01-general-schedule.pdf,au_pbs_archive_2019_05_01_fc3ad28583e1,exact_digest_match
1,"[""D7GGW7RYMHBWMNR7OEOSM227ED7O6ZWT""]","[""20130423222212""]",au_pbs_archive_fd0fe84c40180683,D7GGW7RYMHBWMNR7OEOSM227ED7O6ZWT,d9dc82f805ff35f674269fe991367426009854be9e45e12d5d36290ae1de7b06,downloaded,True,blocked_pending_explicit_permission,https://www.pbs.gov.au/info/general/copyright,True,https://www.pbs.gov.au/publication/schedule/2012/07/2012-07-01-efc-schedule.pdf,au_pbs_archive_2012_07_01_fd0fe84c4018,exact_digest_match
1,"[""S6B7F5VNDKZPOCMYL2AMRDYHEEARPP7W""]","[""20150303081351""]",au_pbs_archive_fd193e02828e7101,S6B7F5VNDKZPOCMYL2AMRDYHEEARPP7W,d922162e46b207ac07fb4c090bde3f57d68619508a70d934450606f87d8951bf,downloaded,True,blocked_pending_explicit_permission,https://www.pbs.gov.au/info/general/copyright,True,https://www.pbs.gov.au/publication/schedule/2015/01/2015-01-01-general-schedule.pdf,au_pbs_archive_2015_01_01_fd193e02828e,exact_digest_match
1,"[""RG47JXTUBHOC5SPXLTQWT2AFHHCK2JCL""]","[""20180414092040""]",au_pbs_archive_fd263a900a910b84,RG47JXTUBHOC5SPXLTQWT2AFHHCK2JCL,bab66a6213b190f93f951d83d5f21c5051e513e8d662d33b9978e7d3b1c40bf2,downloaded,True,blocked_pending_explicit_permission,https://www.pbs.gov.au/info/general/copyright,True,https://www.pbs.gov.au/publication/schedule/2017/12/2017-12-01-general-schedule.pdf,au_pbs_archive_2017_12_01_fd263a900a91,exact_digest_match
0,[],[],au_pbs_archive_fe0a9edfae95b526,YPZJUIOK2PPUDGKRMZN4YYFRNXX3X3SR,e0b005c7b1f98efd8dbb14eb6280056ca70b0cd02f01bcb2c3821f9ea7564c9f,cached,True,blocked_pending_explicit_permission,https://www.pbs.gov.au/info/general/copyright,False,https://www.pbs.gov.au/publication/schedule/2010/2010-01-01-general-schedule-soc.pdf,au_pbs_archive_2010_01_01_fe0a9edfae95,no_archive_capture
0,[],[],au_pbs_archive_fe223acb1c9591c1,4J2GSEI3HAGA3CBL5YKL6ZXKZAUPWZAO,0190cdd4da0848449e44dc1a6f8a826d959655a8a6c81df81a865c29f688f17c,cached,True,blocked_pending_explicit_permission,https://www.pbs.gov.au/info/general/copyright,False,https://www.pbs.gov.au/publication/schedule/2010/2010-04-01-dental-book-SOC.pdf,au_pbs_archive_2010_04_01_fe223acb1c95,no_archive_capture
1,"[""4BP2FAXW762JZOMTJZ7BJ2ECQEKJBK42""]","[""20120227122506""]",au_pbs_archive_fee28320ee316ee4,4BP2FAXW762JZOMTJZ7BJ2ECQEKJBK42,757f574f04cec46dab2d233a049b9e14fca908276c2c948af6ffb28a5113f38e,cached,True,blocked_pending_explicit_permission,https://www.pbs.gov.au/info/general/copyright,True,https://www.pbs.gov.au/publication/schedule/2011/12/2011-12-01-efficient-funding-of-chemotherapy-erratum.pdf,au_pbs_archive_2011_12_01_fee28320ee31,exact_digest_match
1,"[""JMN3WL5KIAWAAXSGPF3HOARA6ZF6AOV4""]","[""20220320190023""]",au_pbs_archive_fee4da9fdf4fba44,JMN3WL5KIAWAAXSGPF3HOARA6ZF6AOV4,f01f62dc923d408d8963e838fca8f4190de63ed380013894f405b1892ccf3b3a,downloaded,True,blocked_pending_explicit_permission,https://www.pbs.gov.au/info/general/copyright,True,https://www.pbs.gov.au/publication/schedule/2022/03/2022-03-01-general-soc.pdf,au_pbs_archive_2022_03_01_fee4da9fdf4f,exact_digest_match
1,"[""6EQQIW5LT7LAMOQOMVD2ZUONZVNQTQQG""]","[""20231106133459""]",au_pbs_archive_ff3a74f0211246f2,6EQQIW5LT7LAMOQOMVD2ZUONZVNQTQQG,22962e5296c761f9fcf17030b3e996315c6e4146810a1aba7eebbe50b2be395b,downloaded,True,blocked_pending_explicit_permission,https://www.pbs.gov.au/info/general/copyright,True,https://www.pbs.gov.au/publication/schedule/2023/09/2023-09-01-general-schedule-volume-2.pdf,au_pbs_archive_2023_09_01_ff3a74f02112,exact_digest_match
1,"[""GETGQKOYGD2TQFAYL4WE7LPN7CVS7F6O""]","[""20180414093219""]",au_pbs_archive_ff5c55474642b275,GETGQKOYGD2TQFAYL4WE7LPN7CVS7F6O,1169cfc3223780b545a72ee6653e87baea0a11b1a917e04b45d1a3a03807c047,downloaded,True,blocked_pending_explicit_permission,https://www.pbs.gov.au/info/general/copyright,True,https://www.pbs.gov.au/publication/schedule/2017/11/2017-11-01-general-schedule.pdf,au_pbs_archive_2017_11_01_ff5c55474642,exact_digest_match
1,"[""BNJZEOSR6HA26ZEOHH5C5U6EXAGE3KLK""]","[""20231106133840""]",au_pbs_archive_ff69747c945d500d,BNJZEOSR6HA26ZEOHH5C5U6EXAGE3KLK,8ebd7fe33efda4901bae7a7e91fc41e7ad388162008d61448460af6e84ce4328,downloaded,True,blocked_pending_explicit_permission,https://www.pbs.gov.au/info/general/copyright,True,https://www.pbs.gov.au/publication/schedule/2023/07/2023-07-01-general-soc.pdf,au_pbs_archive_2023_07_01_ff69747c945d,exact_digest_match
1,"[""TLX5BCEMFAYKBYD3NMZILZQNLXDBSUJ6""]","[""20211012063120""]",au_pbs_archive_ff7333b6011df005,TLX5BCEMFAYKBYD3NMZILZQNLXDBSUJ6,67f9f4ee91a3a3652c7f6ebf784e49ec84b1e5813ebc11fc98adb97a34406871,downloaded,True,blocked_pending_explicit_permission,https://www.pbs.gov.au/info/general/copyright,True,https://www.pbs.gov.au/publication/schedule/2020/07/2020-07-01-general-schedule-volume-2.pdf,au_pbs_archive_2020_07_01_ff7333b6011d,exact_digest_match
0,[],[],au_pbs_archive_ff7f8a879e8a3a7d,NA4GXW7MXX4M6AKXP6NS4E25G2JXILSP,c8de86f181f3fa10634df60a4f8a692e1703262bc68325188af834de5f8699e8,cached,True,blocked_pending_explicit_permission,https://www.pbs.gov.au/info/general/copyright,False,https://www.pbs.gov.au/publication/schedule/2026/04/2026-04-01-general-soc.pdf,au_pbs_archive_2026_04_01_ff7f8a879e8a,no_archive_capture
1,"[""4ZIPDBZPAQCJBBVIIYGYDPKU6D5MUD4O""]","[""20211012063148""]",au_pbs_archive_ffa4151125a2e710,4ZIPDBZPAQCJBBVIIYGYDPKU6D5MUD4O,d1452cd32cafd5616526251eafaf8f2efb7320a81524a9aa156b929f7d7c2b15,cached,True,blocked_pending_explicit_permission,https://www.pbs.gov.au/info/general/copyright,True,https://www.pbs.gov.au/publication/schedule/2020/08/2020-08-01-general-soc.pdf,au_pbs_archive_2020_08_01_ffa4151125a2,exact_digest_match
1,"[""GO7DFGBVB5YV5H5ZDLMDM5XUFU4E7WFI""]","[""20120227125340""]",au_pbs_archive_ffab30a22e94c45a,GO7DFGBVB5YV5H5ZDLMDM5XUFU4E7WFI,5494856015689e0d330106960fe9f8495f457ed454667752e84df46a93faa531,cached,True,blocked_pending_explicit_permission,https://www.pbs.gov.au/info/general/copyright,True,https://www.pbs.gov.au/publication/schedule/2011/05/2011-05-01-general-schedule-SOC.pdf,au_pbs_archive_2011_05_01_ffab30a22e94,exact_digest_match
1,"[""2DPYWVGSOUUFBTHKPHSDKBMLBOFII64I""]","[""20190411034313""]",au_pbs_archive_ffcce3e2fce4ef01,2DPYWVGSOUUFBTHKPHSDKBMLBOFII64I,987b6c7862cc47e95266e09fca4a86d7a9a967e166d7eea4b92bf8cf0e415444,cached,True,blocked_pending_explicit_permission,https://www.pbs.gov.au/info/general/copyright,True,https://www.pbs.gov.au/publication/schedule/2018/04/2018-04-01-efc-schedule.pdf,au_pbs_archive_2018_04_01_ffcce3e2fce4,exact_digest_match
