archive_page,byte_size,cache_path,checksum_sha256,citation_key,detail,file_kind,file_name,id,licence_gate,review_status,signature_valid,source_id,source_url,source_version_id,status,transformation_process
https://www.pbs.gov.au/info/publication/schedule/2020,7358980,[ignored-local-raw-cache]/historical_sources/pbs_structured_archive/au_pbs_structured_00a2f9d066af9715.zip,f0ed467f0f4996675c6a21a23b1b0feec52f975e469fb2639cb1436b9fc75df7,reimbursement_atlas:au_pbs_structured_2020_02_01_00a2f9d066af,Existing local cache retained; use --force to replace it.,zip,2020-02-01-xml-V3.zip,au_pbs_structured_00a2f9d066af9715,public_reuse_review,pending_human_review,True,au_pbs,https://www.pbs.gov.au/publication/schedule/2020/02/2020-02-01-xml-V3.zip?variant=3,au_pbs_structured_2020_02_01_00a2f9d066af,cached,data/derived/processes/historical_source_transformation.bpmn
https://www.pbs.gov.au/info/publication/schedule/2016,3683646,[ignored-local-raw-cache]/historical_sources/pbs_structured_archive/au_pbs_structured_011a98fd7eaf6182.zip,89c493600284f835d84d241a629152a5764d81cd3e7a47ba2e542f8aa801d7ff,reimbursement_atlas:au_pbs_structured_2016_06_01_011a98fd7eaf,Existing local cache retained; use --force to replace it.,zip,2016-06-01-extracts.zip,au_pbs_structured_011a98fd7eaf6182,public_reuse_review,pending_human_review,True,au_pbs,https://www.pbs.gov.au/publication/schedule/2016/06/2016-06-01-extracts.zip?variant=3,au_pbs_structured_2016_06_01_011a98fd7eaf,cached,data/derived/processes/historical_source_transformation.bpmn
https://www.pbs.gov.au/info/publication/schedule/2019,7489170,[ignored-local-raw-cache]/historical_sources/pbs_structured_archive/au_pbs_structured_016a7766bc044aa5.zip,83af9940b1f1dbbbd546e7ad06773a5156ec9cc282f2a76818e9c70838bf0d79,reimbursement_atlas:au_pbs_structured_2019_10_01_016a7766bc04,Existing local cache retained; use --force to replace it.,zip,2019-10-01-V2-down-converted.zip,au_pbs_structured_016a7766bc044aa5,public_reuse_review,pending_human_review,True,au_pbs,https://www.pbs.gov.au/publication/schedule/2019/10/2019-10-01-V2-down-converted.zip?variant=3,au_pbs_structured_2019_10_01_016a7766bc04,cached,data/derived/processes/historical_source_transformation.bpmn
https://www.pbs.gov.au/info/publication/schedule/2020,7544502,[ignored-local-raw-cache]/historical_sources/pbs_structured_archive/au_pbs_structured_01b395764f65fd81.zip,46a6becb3f2c659765a7a2ed97954c9778e11e9be6e6f35669fb34ef1cb76c18,reimbursement_atlas:au_pbs_structured_2020_08_01_01b395764f65,Existing local cache retained; use --force to replace it.,zip,2020-08-01-xml-V3.zip,au_pbs_structured_01b395764f65fd81,public_reuse_review,pending_human_review,True,au_pbs,https://www.pbs.gov.au/publication/schedule/2020/08/2020-08-01-xml-V3.zip?variant=3,au_pbs_structured_2020_08_01_01b395764f65,cached,data/derived/processes/historical_source_transformation.bpmn
https://www.pbs.gov.au/info/publication/schedule/2018,4096821,[ignored-local-raw-cache]/historical_sources/pbs_structured_archive/au_pbs_structured_0246cd33eab3396d.zip,81c1ad398be13b1c7e3d3dd5f4ab7ef890297638638783b9ce63f222ebdbb36c,reimbursement_atlas:au_pbs_structured_2018_09_01_0246cd33eab3,Existing local cache retained; use --force to replace it.,zip,2018-09-01-extracts-down-converted.zip,au_pbs_structured_0246cd33eab3396d,public_reuse_review,pending_human_review,True,au_pbs,https://www.pbs.gov.au/publication/schedule/2018/09/2018-09-01-extracts-down-converted.zip?variant=3,au_pbs_structured_2018_09_01_0246cd33eab3,cached,data/derived/processes/historical_source_transformation.bpmn
https://www.pbs.gov.au/info/publication/schedule/2013,2833831,[ignored-local-raw-cache]/historical_sources/pbs_structured_archive/au_pbs_structured_0288d49a9b5ee2d1.zip,f64a255af90d7ce898440c4b15927c317530b5cfbddca91d5deeb6fe2cdc551c,reimbursement_atlas:au_pbs_structured_2013_02_01_0288d49a9b5e,Existing local cache retained; use --force to replace it.,zip,2013-02-01-xml.zip,au_pbs_structured_0288d49a9b5ee2d1,public_reuse_review,pending_human_review,True,au_pbs,https://www.pbs.gov.au/publication/schedule/2013/02/2013-02-01-xml.zip?variant=3,au_pbs_structured_2013_02_01_0288d49a9b5e,cached,data/derived/processes/historical_source_transformation.bpmn
https://www.pbs.gov.au/info/publication/schedule/2024,10227912,[ignored-local-raw-cache]/historical_sources/pbs_structured_archive/au_pbs_structured_032f04500e8b2ba3.zip,e76fb43cbd16af8737b042f662cbaec58f824e58b6c21e78a4565241310d91fb,reimbursement_atlas:au_pbs_structured_2024_12_01_032f04500e8b,Existing local cache retained; use --force to replace it.,zip,2024-12-01-xml-V3.zip,au_pbs_structured_032f04500e8b2ba3,public_reuse_review,pending_human_review,True,au_pbs,https://www.pbs.gov.au/publication/schedule/2024/12/2024-12-01-xml-V3.zip?variant=3,au_pbs_structured_2024_12_01_032f04500e8b,cached,data/derived/processes/historical_source_transformation.bpmn
https://www.pbs.gov.au/info/publication/schedule/2016,3599100,[ignored-local-raw-cache]/historical_sources/pbs_structured_archive/au_pbs_structured_0351cae1eb4c9e67.zip,d0e6b68be5b934486ad01c44c12952f605042fc30088a8f10e982e8816cf0539,reimbursement_atlas:au_pbs_structured_2016_04_01_0351cae1eb4c,Existing local cache retained; use --force to replace it.,zip,2016-04-01-extracts.zip,au_pbs_structured_0351cae1eb4c9e67,public_reuse_review,pending_human_review,True,au_pbs,https://www.pbs.gov.au/publication/schedule/2016/04/2016-04-01-extracts.zip?variant=3,au_pbs_structured_2016_04_01_0351cae1eb4c,cached,data/derived/processes/historical_source_transformation.bpmn
https://www.pbs.gov.au/info/publication/schedule/2009,1035782,[ignored-local-raw-cache]/historical_sources/pbs_structured_archive/au_pbs_structured_04e28e5c6bf1cf4f.zip,cc8542f9b5803a3a4ca44ed9c2354809a2ffdd1730a39aa9ecd8d74c6106bbce,reimbursement_atlas:au_pbs_structured_2009_06_01_04e28e5c6bf1,Existing local cache retained; use --force to replace it.,zip,2009-06-01-general-schedule-xml.zip,au_pbs_structured_04e28e5c6bf1cf4f,public_reuse_review,pending_human_review,True,au_pbs,https://www.pbs.gov.au/publication/schedule/2009/2009-06-01-general-schedule-xml.zip?variant=3,au_pbs_structured_2009_06_01_04e28e5c6bf1,cached,data/derived/processes/historical_source_transformation.bpmn
https://www.pbs.gov.au/info/publication/schedule/2025,3662219,[ignored-local-raw-cache]/historical_sources/pbs_structured_archive/au_pbs_structured_05626b764201258d.zip,80b76dac59f98ccc66dd90131c9c9bed6fd504c88a531ea0507ffbf5a6d2c0c0,reimbursement_atlas:au_pbs_structured_2025_04_01_05626b764201,Existing local cache retained; use --force to replace it.,zip,2025-04-01-PBS-API-CSV-files.zip,au_pbs_structured_05626b764201258d,public_reuse_review,pending_human_review,True,au_pbs,https://www.pbs.gov.au/publication/schedule/2025/04/2025-04-01-PBS-API-CSV-files.zip?variant=3,au_pbs_structured_2025_04_01_05626b764201,cached,data/derived/processes/historical_source_transformation.bpmn
https://www.pbs.gov.au/info/publication/schedule/2025,9940573,[ignored-local-raw-cache]/historical_sources/pbs_structured_archive/au_pbs_structured_075af8a07d28a8c8.zip,a73ef79db2990951aeea860acef7e594a65d26ec244c3c839050348574ec6b23,reimbursement_atlas:au_pbs_structured_2025_06_01_075af8a07d28,Existing local cache retained; use --force to replace it.,zip,2025-06-01-v2-down-converted.zip,au_pbs_structured_075af8a07d28a8c8,public_reuse_review,pending_human_review,True,au_pbs,https://www.pbs.gov.au/publication/schedule/2025/06/2025-06-01-v2-down-converted.zip?variant=3,au_pbs_structured_2025_06_01_075af8a07d28,cached,data/derived/processes/historical_source_transformation.bpmn
https://www.pbs.gov.au/info/publication/schedule/2018,6481020,[ignored-local-raw-cache]/historical_sources/pbs_structured_archive/au_pbs_structured_079045b997b5de8b.zip,51abb8298001ee7f986c82ed5bbe43508034bdb52fc526e2787bccebba6527ed,reimbursement_atlas:au_pbs_structured_2018_03_01_079045b997b5,Existing local cache retained; use --force to replace it.,zip,2018-03-01-V2-down-converted.zip,au_pbs_structured_079045b997b5de8b,public_reuse_review,pending_human_review,True,au_pbs,https://www.pbs.gov.au/publication/schedule/2018/03/2018-03-01-V2-down-converted.zip?variant=3,au_pbs_structured_2018_03_01_079045b997b5,cached,data/derived/processes/historical_source_transformation.bpmn
https://www.pbs.gov.au/info/publication/schedule/2024,3454551,[ignored-local-raw-cache]/historical_sources/pbs_structured_archive/au_pbs_structured_07d627f4f6d19af4.zip,6497c2c3e8569625876fe1b6b78bea5514dbb957532e93e36961c76df0411040,reimbursement_atlas:au_pbs_structured_2024_07_01_07d627f4f6d1,Existing local cache retained; use --force to replace it.,zip,2024-07-01-v3extracts.zip,au_pbs_structured_07d627f4f6d19af4,public_reuse_review,pending_human_review,True,au_pbs,https://www.pbs.gov.au/publication/schedule/2024/07/2024-07-01-v3extracts.zip?variant=3,au_pbs_structured_2024_07_01_07d627f4f6d1,cached,data/derived/processes/historical_source_transformation.bpmn
https://www.pbs.gov.au/info/publication/schedule/2025,2305120,[ignored-local-raw-cache]/historical_sources/pbs_structured_archive/au_pbs_structured_0949326b4a696a25.zip,e76ab57e12f85c345eba93e4cdfd5cb2a6556871b8dbeaf75f2ab13c159f9a77,reimbursement_atlas:au_pbs_structured_2025_04_01_0949326b4a69,Existing local cache retained; use --force to replace it.,zip,2025-04-01-v3soextracts.zip,au_pbs_structured_0949326b4a696a25,public_reuse_review,pending_human_review,True,au_pbs,https://www.pbs.gov.au/publication/schedule/2025/04/2025-04-01-v3soextracts.zip?variant=3,au_pbs_structured_2025_04_01_0949326b4a69,cached,data/derived/processes/historical_source_transformation.bpmn
https://www.pbs.gov.au/info/publication/schedule/2022,8117408,[ignored-local-raw-cache]/historical_sources/pbs_structured_archive/au_pbs_structured_0960627a170ad66a.zip,3ad572360929f19b2782ef50a7e1c0d6f1797051f5f2442c6218e87f63a1301f,reimbursement_atlas:au_pbs_structured_2022_03_01_0960627a170a,Existing local cache retained; use --force to replace it.,zip,2022-03-01-xml-V3.zip,au_pbs_structured_0960627a170ad66a,public_reuse_review,pending_human_review,True,au_pbs,https://www.pbs.gov.au/publication/schedule/2022/03/2022-03-01-xml-V3.zip?variant=3,au_pbs_structured_2022_03_01_0960627a170a,cached,data/derived/processes/historical_source_transformation.bpmn
https://www.pbs.gov.au/info/publication/schedule/2022,8050196,[ignored-local-raw-cache]/historical_sources/pbs_structured_archive/au_pbs_structured_0a4cc213fe023197.zip,18ef89ac469fa5069ad5f502979ae28805ce8202a48ff20e879537441719fa18,reimbursement_atlas:au_pbs_structured_2022_02_01_0a4cc213fe02,Existing local cache retained; use --force to replace it.,zip,2022-02-01-xml-V3.zip,au_pbs_structured_0a4cc213fe023197,public_reuse_review,pending_human_review,True,au_pbs,https://www.pbs.gov.au/publication/schedule/2022/02/2022-02-01-xml-V3.zip?variant=3,au_pbs_structured_2022_02_01_0a4cc213fe02,cached,data/derived/processes/historical_source_transformation.bpmn
https://www.pbs.gov.au/info/publication/schedule/2018,6841300,[ignored-local-raw-cache]/historical_sources/pbs_structured_archive/au_pbs_structured_0ac69330c3728c65.zip,6829f68efce2d77f335980b6f4990c7e6d31cc223bc180e9904fd424d3ba0ac2,reimbursement_atlas:au_pbs_structured_2018_11_01_0ac69330c372,Existing local cache retained; use --force to replace it.,zip,2018-11-01-V2-down-converted.zip,au_pbs_structured_0ac69330c3728c65,public_reuse_review,pending_human_review,True,au_pbs,https://www.pbs.gov.au/publication/schedule/2018/11/2018-11-01-V2-down-converted.zip?variant=3,au_pbs_structured_2018_11_01_0ac69330c372,cached,data/derived/processes/historical_source_transformation.bpmn
https://www.pbs.gov.au/info/publication/schedule/2010,498749,[ignored-local-raw-cache]/historical_sources/pbs_structured_archive/au_pbs_structured_0adc89d9c6ecf1a4.zip,3097f12e36164ffc95e17de0dcdaa0fdb2b5589c6ed52eb503cee44924ab5839,reimbursement_atlas:au_pbs_structured_2010_04_01_0adc89d9c6ec,Existing local cache retained; use --force to replace it.,zip,2010-04-01-general-schedule-ascii.zip,au_pbs_structured_0adc89d9c6ecf1a4,public_reuse_review,pending_human_review,True,au_pbs,https://www.pbs.gov.au/publication/schedule/2010/2010-04-01-general-schedule-ascii.zip?variant=3,au_pbs_structured_2010_04_01_0adc89d9c6ec,cached,data/derived/processes/historical_source_transformation.bpmn
https://www.pbs.gov.au/info/publication/schedule/2023,8435946,[ignored-local-raw-cache]/historical_sources/pbs_structured_archive/au_pbs_structured_0b6d91952a087746.zip,62db19d4fd633b832e5c1a0debe9ff38d32cc78bb114a152debe51cea7e72d1b,reimbursement_atlas:au_pbs_structured_2023_05_01_0b6d91952a08,Existing local cache retained; use --force to replace it.,zip,2023-05-01-xml-V3.zip,au_pbs_structured_0b6d91952a087746,public_reuse_review,pending_human_review,True,au_pbs,https://www.pbs.gov.au/publication/schedule/2023/05/2023-05-01-xml-V3.zip?variant=3,au_pbs_structured_2023_05_01_0b6d91952a08,cached,data/derived/processes/historical_source_transformation.bpmn
https://www.pbs.gov.au/info/publication/schedule/2007,881021,[ignored-local-raw-cache]/historical_sources/pbs_structured_archive/au_pbs_structured_0b97a0f186c177b2.zip,99362a7b2e8d2f200c47aa0744624befa1228d047c3d989e3d651c591fa70768,reimbursement_atlas:au_pbs_structured_2007_11_01_0b97a0f186c1,Existing local cache retained; use --force to replace it.,zip,2007-11-01-general-schedule-xml.zip,au_pbs_structured_0b97a0f186c177b2,public_reuse_review,pending_human_review,True,au_pbs,https://www.pbs.gov.au/publication/schedule/2007/2007-11-01-general-schedule-xml.zip?variant=3,au_pbs_structured_2007_11_01_0b97a0f186c1,cached,data/derived/processes/historical_source_transformation.bpmn
https://www.pbs.gov.au/info/publication/schedule/2008,992319,[ignored-local-raw-cache]/historical_sources/pbs_structured_archive/au_pbs_structured_0c2200b1ac1ea424.zip,7e708c26cc0f255b7d8fb1ba5449ef70e8cafd6e62f3bd04f2787d4c4cb022fc,reimbursement_atlas:au_pbs_structured_2008_11_01_0c2200b1ac1e,Existing local cache retained; use --force to replace it.,zip,2008-11-01-general-schedule-xml.zip,au_pbs_structured_0c2200b1ac1ea424,public_reuse_review,pending_human_review,True,au_pbs,https://www.pbs.gov.au/publication/schedule/2008/2008-11-01-general-schedule-xml.zip?variant=3,au_pbs_structured_2008_11_01_0c2200b1ac1e,cached,data/derived/processes/historical_source_transformation.bpmn
https://www.pbs.gov.au/info/publication/schedule/2026,4282648,[ignored-local-raw-cache]/historical_sources/pbs_structured_archive/au_pbs_structured_0c4047bf4290fb15.zip,6f9a5db4831bc6b3369c4b9078fe4ff6b00a37c6b3bd97971e56d208b561038b,reimbursement_atlas:au_pbs_structured_2026_03_01_0c4047bf4290,Existing local cache retained; use --force to replace it.,zip,2026-03-01-PBS-API-CSV-files.zip,au_pbs_structured_0c4047bf4290fb15,public_reuse_review,pending_human_review,True,au_pbs,https://www.pbs.gov.au/publication/schedule/2026/03/2026-03-01-PBS-API-CSV-files.zip?variant=3,au_pbs_structured_2026_03_01_0c4047bf4290,cached,data/derived/processes/historical_source_transformation.bpmn
https://www.pbs.gov.au/info/publication/schedule/2024,3487872,[ignored-local-raw-cache]/historical_sources/pbs_structured_archive/au_pbs_structured_0c567c9fb357fbf4.zip,0e7abc222c58cfa0895de6cf4418461957e03c170c8490dc51a27c1a9c214c2c,reimbursement_atlas:au_pbs_structured_2024_05_01_0c567c9fb357,Existing local cache retained; use --force to replace it.,zip,2024-05-01-v3extracts.zip,au_pbs_structured_0c567c9fb357fbf4,public_reuse_review,pending_human_review,True,au_pbs,https://www.pbs.gov.au/publication/schedule/2024/05/2024-05-01-v3extracts.zip?variant=3,au_pbs_structured_2024_05_01_0c567c9fb357,cached,data/derived/processes/historical_source_transformation.bpmn
https://www.pbs.gov.au/info/publication/schedule/2020,8660327,[ignored-local-raw-cache]/historical_sources/pbs_structured_archive/au_pbs_structured_0c9a68f890907076.zip,ef81f216d4d56e388555960e4f3f6925a21eccd410c549996c9122e75b28549f,reimbursement_atlas:au_pbs_structured_2020_07_01_0c9a68f89090,Existing local cache retained; use --force to replace it.,zip,2020-07-01-xml-V3.zip,au_pbs_structured_0c9a68f890907076,public_reuse_review,pending_human_review,True,au_pbs,https://www.pbs.gov.au/publication/schedule/2020/07/2020-07-01-xml-V3.zip?variant=3,au_pbs_structured_2020_07_01_0c9a68f89090,cached,data/derived/processes/historical_source_transformation.bpmn
https://www.pbs.gov.au/info/publication/schedule/2023,3322317,[ignored-local-raw-cache]/historical_sources/pbs_structured_archive/au_pbs_structured_0ccdc41f94445785.zip,ac2f8e4ce66f9ee95339d2146963ea858d975e1cc1a9d515283c61bb57f3dd59,reimbursement_atlas:au_pbs_structured_2023_12_01_0ccdc41f9444,Existing local cache retained; use --force to replace it.,zip,2023-12-01-v3extracts.zip,au_pbs_structured_0ccdc41f94445785,public_reuse_review,pending_human_review,True,au_pbs,https://www.pbs.gov.au/publication/schedule/2023/12/2023-12-01-v3extracts.zip?variant=3,au_pbs_structured_2023_12_01_0ccdc41f9444,cached,data/derived/processes/historical_source_transformation.bpmn
https://www.pbs.gov.au/info/publication/schedule/2024,2193328,[ignored-local-raw-cache]/historical_sources/pbs_structured_archive/au_pbs_structured_0d35f1dbd7659232.zip,cb478d2234527a666b49ea9ff38dbc06d461b656d4a913b6cd1b74f4abd19daa,reimbursement_atlas:au_pbs_structured_2024_03_01_0d35f1dbd765,Existing local cache retained; use --force to replace it.,zip,2024-03-01-v3soextracts.zip,au_pbs_structured_0d35f1dbd7659232,public_reuse_review,pending_human_review,True,au_pbs,https://www.pbs.gov.au/publication/schedule/2024/03/2024-03-01-v3soextracts.zip?variant=3,au_pbs_structured_2024_03_01_0d35f1dbd765,cached,data/derived/processes/historical_source_transformation.bpmn
https://www.pbs.gov.au/info/publication/schedule/2018,6582130,[ignored-local-raw-cache]/historical_sources/pbs_structured_archive/au_pbs_structured_0d413e6a93717e8a.zip,46b2a205e25ac30dc15d1d88169335c7cf7bc5e68c9cfda97347e30dd99bfd5a,reimbursement_atlas:au_pbs_structured_2018_12_01_0d413e6a9371,Existing local cache retained; use --force to replace it.,zip,2018-12-01-V2-down-converted.zip,au_pbs_structured_0d413e6a93717e8a,public_reuse_review,pending_human_review,True,au_pbs,https://www.pbs.gov.au/publication/schedule/2018/12/2018-12-01-V2-down-converted.zip?variant=3,au_pbs_structured_2018_12_01_0d413e6a9371,cached,data/derived/processes/historical_source_transformation.bpmn
https://www.pbs.gov.au/info/publication/schedule/2021,1879145,[ignored-local-raw-cache]/historical_sources/pbs_structured_archive/au_pbs_structured_0e0a48377a249979.zip,bc7fc8ed2d806ee40573dd7df9677f5a0ee9303c72bebb07246c9f5c971098be,reimbursement_atlas:au_pbs_structured_2021_10_01_0e0a48377a24,Existing local cache retained; use --force to replace it.,zip,2021-10-01-v3soextracts.zip,au_pbs_structured_0e0a48377a249979,public_reuse_review,pending_human_review,True,au_pbs,https://www.pbs.gov.au/publication/schedule/2021/10/2021-10-01-v3soextracts.zip?variant=3,au_pbs_structured_2021_10_01_0e0a48377a24,cached,data/derived/processes/historical_source_transformation.bpmn
https://www.pbs.gov.au/info/publication/schedule/2012,352107,[ignored-local-raw-cache]/historical_sources/pbs_structured_archive/au_pbs_structured_0ee7cff2fd3eff04.zip,b27d3ff4cd0b58fd72278b67385e7cf529e526c062136c40fe7de4eeab32df8d,reimbursement_atlas:au_pbs_structured_2012_05_01_0ee7cff2fd3e,Existing local cache retained; use --force to replace it.,zip,2012-05-01-efc-extracts.zip,au_pbs_structured_0ee7cff2fd3eff04,public_reuse_review,pending_human_review,True,au_pbs,https://www.pbs.gov.au/publication/schedule/2012/05/2012-05-01-efc-extracts.zip?variant=3,au_pbs_structured_2012_05_01_0ee7cff2fd3e,cached,data/derived/processes/historical_source_transformation.bpmn
https://www.pbs.gov.au/info/publication/schedule/2025,3686484,[ignored-local-raw-cache]/historical_sources/pbs_structured_archive/au_pbs_structured_0f5cb9b31b527dff.zip,919ee9f74b932114f835c653ae1478e30566eb18fd8492ea1dc467b4906962aa,reimbursement_atlas:au_pbs_structured_2025_03_01_0f5cb9b31b52,Existing local cache retained; use --force to replace it.,zip,2025-03-01-v3extracts.zip,au_pbs_structured_0f5cb9b31b527dff,public_reuse_review,pending_human_review,True,au_pbs,https://www.pbs.gov.au/publication/schedule/2025/03/2025-03-01-v3extracts.zip?variant=3,au_pbs_structured_2025_03_01_0f5cb9b31b52,cached,data/derived/processes/historical_source_transformation.bpmn
https://www.pbs.gov.au/info/publication/schedule/2008,987773,[ignored-local-raw-cache]/historical_sources/pbs_structured_archive/au_pbs_structured_0f8dadec3e786e27.zip,0850195a3ea14fabfe70d7f5550ffa2aaff297d19eba17bc63df45503516291a,reimbursement_atlas:au_pbs_structured_2008_10_01_0f8dadec3e78,Existing local cache retained; use --force to replace it.,zip,2008-10-01-general-schedule-xml.zip,au_pbs_structured_0f8dadec3e786e27,public_reuse_review,pending_human_review,True,au_pbs,https://www.pbs.gov.au/publication/schedule/2008/2008-10-01-general-schedule-xml.zip?variant=3,au_pbs_structured_2008_10_01_0f8dadec3e78,cached,data/derived/processes/historical_source_transformation.bpmn
https://www.pbs.gov.au/info/publication/schedule/2020,4547441,[ignored-local-raw-cache]/historical_sources/pbs_structured_archive/au_pbs_structured_0fe2bb3f934f9ba8.zip,4cbf35f5cccb90fb9b2e3a06cb371c9cdcc62b836cf1ece967f6172403fd7774,reimbursement_atlas:au_pbs_structured_2020_07_01_0fe2bb3f934f,Existing local cache retained; use --force to replace it.,zip,2020-07-01-extracts-down-converted.zip,au_pbs_structured_0fe2bb3f934f9ba8,public_reuse_review,pending_human_review,True,au_pbs,https://www.pbs.gov.au/publication/schedule/2020/07/2020-07-01-extracts-down-converted.zip?variant=3,au_pbs_structured_2020_07_01_0fe2bb3f934f,cached,data/derived/processes/historical_source_transformation.bpmn
https://www.pbs.gov.au/info/publication/schedule/2021,2927920,[ignored-local-raw-cache]/historical_sources/pbs_structured_archive/au_pbs_structured_0fe4547a0d0cab72.zip,8394fbc83da4211292bf3a0188ab85df1fa26563df4aa6bd3992ee336eba48db,reimbursement_atlas:au_pbs_structured_2021_08_01_0fe4547a0d0c,Existing local cache retained; use --force to replace it.,zip,2021-08-01-v3extracts.zip,au_pbs_structured_0fe4547a0d0cab72,public_reuse_review,pending_human_review,True,au_pbs,https://www.pbs.gov.au/publication/schedule/2021/08/2021-08-01-v3extracts.zip?variant=3,au_pbs_structured_2021_08_01_0fe4547a0d0c,cached,data/derived/processes/historical_source_transformation.bpmn
https://www.pbs.gov.au/info/publication/schedule/2011,568804,[ignored-local-raw-cache]/historical_sources/pbs_structured_archive/au_pbs_structured_105960785e0f20b0.zip,6491567263dafd27e761bf0318e93b63b3151979aaf6f04ea9a5d0f0887dbdb6,reimbursement_atlas:au_pbs_structured_2011_04_01_105960785e0f,Existing local cache retained; use --force to replace it.,zip,2011-04-01-general-schedule-ascii.zip,au_pbs_structured_105960785e0f20b0,public_reuse_review,pending_human_review,True,au_pbs,https://www.pbs.gov.au/publication/schedule/2011/04/2011-04-01-general-schedule-ascii.zip?variant=3,au_pbs_structured_2011_04_01_105960785e0f,cached,data/derived/processes/historical_source_transformation.bpmn
https://www.pbs.gov.au/info/publication/schedule/2012,321364,[ignored-local-raw-cache]/historical_sources/pbs_structured_archive/au_pbs_structured_111d49606269a855.zip,61ff911f91cfa321181163ec0f7e6eb50c0ea8562866d9701062fe2a1f83d11a,reimbursement_atlas:au_pbs_structured_2012_03_01_111d49606269,Existing local cache retained; use --force to replace it.,zip,2012-03-01-efficient-funding-of-chemotherapy-extracts.zip,au_pbs_structured_111d49606269a855,public_reuse_review,pending_human_review,True,au_pbs,https://www.pbs.gov.au/publication/schedule/2012/03/2012-03-01-efficient-funding-of-chemotherapy-extracts.zip?variant=3,au_pbs_structured_2012_03_01_111d49606269,cached,data/derived/processes/historical_source_transformation.bpmn
https://www.pbs.gov.au/info/publication/schedule/2021,8355818,[ignored-local-raw-cache]/historical_sources/pbs_structured_archive/au_pbs_structured_1122c73e6246b478.zip,a58524edfa8f6be2894c34034eeafcdcf25c55a63992cfed90cee2a76755f640,reimbursement_atlas:au_pbs_structured_2021_12_01_1122c73e6246,Existing local cache retained; use --force to replace it.,zip,2021-12-01-xml-V3.zip,au_pbs_structured_1122c73e6246b478,public_reuse_review,pending_human_review,True,au_pbs,https://www.pbs.gov.au/publication/schedule/2021/12/2021-12-01-xml-V3.zip?variant=3,au_pbs_structured_2021_12_01_1122c73e6246,cached,data/derived/processes/historical_source_transformation.bpmn
https://www.pbs.gov.au/info/publication/schedule/2024,9309795,[ignored-local-raw-cache]/historical_sources/pbs_structured_archive/au_pbs_structured_11321a926d1085ec.zip,799a3ef519a3604453153d416673d0052685036d88638493935e9a85c13dec7e,reimbursement_atlas:au_pbs_structured_2024_05_01_11321a926d10,Existing local cache retained; use --force to replace it.,zip,2024-05-01-xml-V3.zip,au_pbs_structured_11321a926d1085ec,public_reuse_review,pending_human_review,True,au_pbs,https://www.pbs.gov.au/publication/schedule/2024/05/2024-05-01-xml-V3.zip?variant=3,au_pbs_structured_2024_05_01_11321a926d10,cached,data/derived/processes/historical_source_transformation.bpmn
https://www.pbs.gov.au/info/publication/schedule/2026,4276308,[ignored-local-raw-cache]/historical_sources/pbs_structured_archive/au_pbs_structured_11c04f1bd7020162.zip,7da60dbd716634aa59c42c77e9bf1daf43082ee5b5f3af49e1e8923a216ecb0e,reimbursement_atlas:au_pbs_structured_2026_02_01_11c04f1bd702,Existing local cache retained; use --force to replace it.,zip,2026-02-01-PBS-API-CSV-files.zip,au_pbs_structured_11c04f1bd7020162,public_reuse_review,pending_human_review,True,au_pbs,https://www.pbs.gov.au/publication/schedule/2026/02/2026-02-01-PBS-API-CSV-files.zip?variant=3,au_pbs_structured_2026_02_01_11c04f1bd702,cached,data/derived/processes/historical_source_transformation.bpmn
https://www.pbs.gov.au/info/publication/schedule/2018,6437512,[ignored-local-raw-cache]/historical_sources/pbs_structured_archive/au_pbs_structured_12b39a569ef8c9ed.zip,677444d975c1a7015acf91f0c8508dcfebdd4aa51a33cbcfbaf3d9029a3a8db1,reimbursement_atlas:au_pbs_structured_2018_03_01_12b39a569ef8,Existing local cache retained; use --force to replace it.,zip,2018-03-01-xml-V3.zip,au_pbs_structured_12b39a569ef8c9ed,public_reuse_review,pending_human_review,True,au_pbs,https://www.pbs.gov.au/publication/schedule/2018/03/2018-03-01-xml-V3.zip?variant=3,au_pbs_structured_2018_03_01_12b39a569ef8,cached,data/derived/processes/historical_source_transformation.bpmn
https://www.pbs.gov.au/info/publication/schedule/2022,8526645,[ignored-local-raw-cache]/historical_sources/pbs_structured_archive/au_pbs_structured_12f705f4722dd634.zip,58271b5ec4b52077de5a9d81adcb22d4095c0c9b91760c40b6280ba2f265f1b9,reimbursement_atlas:au_pbs_structured_2022_06_01_12f705f4722d,Existing local cache retained; use --force to replace it.,zip,2022-06-01-V2-down-converted.zip,au_pbs_structured_12f705f4722dd634,public_reuse_review,pending_human_review,True,au_pbs,https://www.pbs.gov.au/publication/schedule/2022/06/2022-06-01-V2-down-converted.zip?variant=3,au_pbs_structured_2022_06_01_12f705f4722d,cached,data/derived/processes/historical_source_transformation.bpmn
https://www.pbs.gov.au/info/publication/schedule/2015,5706199,[ignored-local-raw-cache]/historical_sources/pbs_structured_archive/au_pbs_structured_13cdbc37e30ceac1.zip,290b8da46d1df0b85a2ec2ee85dc8de2fc977678b756cd401f4ccd3b08d1cd4c,reimbursement_atlas:au_pbs_structured_2015_09_01_13cdbc37e30c,Existing local cache retained; use --force to replace it.,zip,2015-09-01-xml.zip,au_pbs_structured_13cdbc37e30ceac1,public_reuse_review,pending_human_review,True,au_pbs,https://www.pbs.gov.au/publication/schedule/2015/09/2015-09-01-xml.zip?variant=3,au_pbs_structured_2015_09_01_13cdbc37e30c,cached,data/derived/processes/historical_source_transformation.bpmn
https://www.pbs.gov.au/info/publication/schedule/2018,6721341,[ignored-local-raw-cache]/historical_sources/pbs_structured_archive/au_pbs_structured_1415136dafbfebf4.zip,6702746eb339018258dcffe9503f76095f44ff04d771790f63fb472fc730056c,reimbursement_atlas:au_pbs_structured_2018_11_01_1415136dafbf,Existing local cache retained; use --force to replace it.,zip,2018-11-01-xml-V3.zip,au_pbs_structured_1415136dafbfebf4,public_reuse_review,pending_human_review,True,au_pbs,https://www.pbs.gov.au/publication/schedule/2018/11/2018-11-01-xml-V3.zip?variant=3,au_pbs_structured_2018_11_01_1415136dafbf,cached,data/derived/processes/historical_source_transformation.bpmn
https://www.pbs.gov.au/info/publication/schedule/2010,500134,[ignored-local-raw-cache]/historical_sources/pbs_structured_archive/au_pbs_structured_1519712cf5ea6887.zip,56e88bdb58177ccc9b36cb4795c2025e5252cca356742e5ca65507e81e637e89,reimbursement_atlas:au_pbs_structured_2010_05_01_1519712cf5ea,Existing local cache retained; use --force to replace it.,zip,2010-05-01-general-schedule-ascii.zip,au_pbs_structured_1519712cf5ea6887,public_reuse_review,pending_human_review,True,au_pbs,https://www.pbs.gov.au/publication/schedule/2010/2010-05-01-general-schedule-ascii.zip?variant=3,au_pbs_structured_2010_05_01_1519712cf5ea,cached,data/derived/processes/historical_source_transformation.bpmn
https://www.pbs.gov.au/info/publication/schedule/2017,6659050,[ignored-local-raw-cache]/historical_sources/pbs_structured_archive/au_pbs_structured_16021bab52d06b3f.zip,a1428031b68a6ebf5a7b9fe3e3666e3c6396628da9eb2d3b22601f7562522bef,reimbursement_atlas:au_pbs_structured_2017_10_01_16021bab52d0,Existing local cache retained; use --force to replace it.,zip,2017-10-01-xml-V2-down-converted.zip,au_pbs_structured_16021bab52d06b3f,public_reuse_review,pending_human_review,True,au_pbs,https://www.pbs.gov.au/publication/schedule/2017/10/2017-10-01-xml-V2-down-converted.zip?variant=3,au_pbs_structured_2017_10_01_16021bab52d0,cached,data/derived/processes/historical_source_transformation.bpmn
https://www.pbs.gov.au/info/publication/schedule/2024,3624077,[ignored-local-raw-cache]/historical_sources/pbs_structured_archive/au_pbs_structured_16187cae1ba19ee9.zip,1a10407a80e49e9cf5054fa5c9beacec77c7a1c79a7686f4d9050facfce41c47,reimbursement_atlas:au_pbs_structured_2024_09_01_16187cae1ba1,Existing local cache retained; use --force to replace it.,zip,2024-09-01-v3extracts.zip,au_pbs_structured_16187cae1ba19ee9,public_reuse_review,pending_human_review,True,au_pbs,https://www.pbs.gov.au/publication/schedule/2024/09/2024-09-01-v3extracts.zip?variant=3,au_pbs_structured_2024_09_01_16187cae1ba1,cached,data/derived/processes/historical_source_transformation.bpmn
https://www.pbs.gov.au/info/publication/schedule/2016,3768069,[ignored-local-raw-cache]/historical_sources/pbs_structured_archive/au_pbs_structured_166a559ee8dcf24d.zip,f0e4fabda5a7232e738dcf6f4349b61ef8b9326cdaef4926dc5af0c5148397c4,reimbursement_atlas:au_pbs_structured_2016_12_01_166a559ee8dc,Existing local cache retained; use --force to replace it.,zip,2016-12-01-extracts.zip,au_pbs_structured_166a559ee8dcf24d,public_reuse_review,pending_human_review,True,au_pbs,https://www.pbs.gov.au/publication/schedule/2016/12/2016-12-01-extracts.zip?variant=3,au_pbs_structured_2016_12_01_166a559ee8dc,cached,data/derived/processes/historical_source_transformation.bpmn
https://www.pbs.gov.au/info/publication/schedule/2024,9822024,[ignored-local-raw-cache]/historical_sources/pbs_structured_archive/au_pbs_structured_16e4ac47cbb15139.zip,b831dd620bbd393af3e69b6c50c4816998545b52b4cc110eb47fa545d9a14284,reimbursement_atlas:au_pbs_structured_2024_11_01_16e4ac47cbb1,Existing local cache retained; use --force to replace it.,zip,2024-11-01-V2-down-converted.zip,au_pbs_structured_16e4ac47cbb15139,public_reuse_review,pending_human_review,True,au_pbs,https://www.pbs.gov.au/publication/schedule/2024/11/2024-11-01-V2-down-converted.zip?variant=3,au_pbs_structured_2024_11_01_16e4ac47cbb1,cached,data/derived/processes/historical_source_transformation.bpmn
https://www.pbs.gov.au/info/publication/schedule/2026,10237088,[ignored-local-raw-cache]/historical_sources/pbs_structured_archive/au_pbs_structured_170d9c4be1dc8339.zip,bb017fde541c43020f600f21080309d5091f01201faee05da214483b2ec0b132,reimbursement_atlas:au_pbs_structured_2026_02_01_170d9c4be1dc,Existing local cache retained; use --force to replace it.,zip,2026-02-01-V2-down-converted.zip,au_pbs_structured_170d9c4be1dc8339,public_reuse_review,pending_human_review,True,au_pbs,https://www.pbs.gov.au/publication/schedule/2026/02/2026-02-01-V2-down-converted.zip?variant=3,au_pbs_structured_2026_02_01_170d9c4be1dc,cached,data/derived/processes/historical_source_transformation.bpmn
https://www.pbs.gov.au/info/publication/schedule/2023,2005215,[ignored-local-raw-cache]/historical_sources/pbs_structured_archive/au_pbs_structured_175b4f9c12293847.zip,d0775b2dde8e13e8deaef9a4ba8892b3a6272978e184e16965284aab0f2636b9,reimbursement_atlas:au_pbs_structured_2023_03_01_175b4f9c1229,Existing local cache retained; use --force to replace it.,zip,2023-03-01-v3soextracts.zip,au_pbs_structured_175b4f9c12293847,public_reuse_review,pending_human_review,True,au_pbs,https://www.pbs.gov.au/publication/schedule/2023/03/2023-03-01-v3soextracts.zip?variant=3,au_pbs_structured_2023_03_01_175b4f9c1229,cached,data/derived/processes/historical_source_transformation.bpmn
https://www.pbs.gov.au/info/publication/schedule/2019,6904782,[ignored-local-raw-cache]/historical_sources/pbs_structured_archive/au_pbs_structured_17661e33bdac82eb.zip,12fdfa7734b7ff678b84e1f2f3282d5450cc6a5021407c0d37097d2801837439,reimbursement_atlas:au_pbs_structured_2019_03_01_17661e33bdac,Existing local cache retained; use --force to replace it.,zip,2019-03-01-xml-V3.zip,au_pbs_structured_17661e33bdac82eb,public_reuse_review,pending_human_review,True,au_pbs,https://www.pbs.gov.au/publication/schedule/2019/03/2019-03-01-xml-V3.zip?variant=3,au_pbs_structured_2019_03_01_17661e33bdac,cached,data/derived/processes/historical_source_transformation.bpmn
https://www.pbs.gov.au/info/publication/schedule/2019,7281943,[ignored-local-raw-cache]/historical_sources/pbs_structured_archive/au_pbs_structured_17aa72d96c785bec.zip,4dcdfb185d45e1bea03edc6a556e2f653073791baae7ebba622874d4c6df7f61,reimbursement_atlas:au_pbs_structured_2019_11_01_17aa72d96c78,Existing local cache retained; use --force to replace it.,zip,2019-11-01-xml-V3.zip,au_pbs_structured_17aa72d96c785bec,public_reuse_review,pending_human_review,True,au_pbs,https://www.pbs.gov.au/publication/schedule/2019/11/2019-11-01-xml-V3.zip?variant=3,au_pbs_structured_2019_11_01_17aa72d96c78,cached,data/derived/processes/historical_source_transformation.bpmn
https://www.pbs.gov.au/info/publication/schedule/2018,4110535,[ignored-local-raw-cache]/historical_sources/pbs_structured_archive/au_pbs_structured_1809e2692d12de88.zip,688c64a15af8ca368901fea2eb061e6df47ed5b45874ddb8a2938dcc2ce49394,reimbursement_atlas:au_pbs_structured_2018_08_01_1809e2692d12,Existing local cache retained; use --force to replace it.,zip,2018-08-01-extracts-down-converted.zip,au_pbs_structured_1809e2692d12de88,public_reuse_review,pending_human_review,True,au_pbs,https://www.pbs.gov.au/publication/schedule/2018/08/2018-08-01-extracts-down-converted.zip?variant=3,au_pbs_structured_2018_08_01_1809e2692d12,cached,data/derived/processes/historical_source_transformation.bpmn
https://www.pbs.gov.au/info/publication/schedule/2014,4842721,[ignored-local-raw-cache]/historical_sources/pbs_structured_archive/au_pbs_structured_18111fa1fd8693f6.zip,65b8d0ed450cbf5f44e317495a0af79622b326350e6f433ee753efd37ae7261f,reimbursement_atlas:au_pbs_structured_2014_10_01_18111fa1fd86,Existing local cache retained; use --force to replace it.,zip,2014-10-01-xml.zip,au_pbs_structured_18111fa1fd8693f6,public_reuse_review,pending_human_review,True,au_pbs,https://www.pbs.gov.au/publication/schedule/2014/10/2014-10-01-xml.zip?variant=3,au_pbs_structured_2014_10_01_18111fa1fd86,cached,data/derived/processes/historical_source_transformation.bpmn
https://www.pbs.gov.au/info/publication/schedule/2024,2189833,[ignored-local-raw-cache]/historical_sources/pbs_structured_archive/au_pbs_structured_1813d2efe4b70314.zip,9631608c25460089fadc20f9061ae7893bbba1a5afa7e3c66398a89ef819c032,reimbursement_atlas:au_pbs_structured_2024_07_01_1813d2efe4b7,Existing local cache retained; use --force to replace it.,zip,2024-07-01-v3soextracts.zip,au_pbs_structured_1813d2efe4b70314,public_reuse_review,pending_human_review,True,au_pbs,https://www.pbs.gov.au/publication/schedule/2024/07/2024-07-01-v3soextracts.zip?variant=3,au_pbs_structured_2024_07_01_1813d2efe4b7,cached,data/derived/processes/historical_source_transformation.bpmn
https://www.pbs.gov.au/info/publication/schedule/2023,3121604,[ignored-local-raw-cache]/historical_sources/pbs_structured_archive/au_pbs_structured_1838d4ab7f976843.zip,895271a5c3da7bef705d2873d5fd53f5ba3aa56630c73cca0348359f9576e994,reimbursement_atlas:au_pbs_structured_2023_01_01_1838d4ab7f97,Existing local cache retained; use --force to replace it.,zip,2023-01-01-v3extracts.zip,au_pbs_structured_1838d4ab7f976843,public_reuse_review,pending_human_review,True,au_pbs,https://www.pbs.gov.au/publication/schedule/2023/01/2023-01-01-v3extracts.zip?variant=3,au_pbs_structured_2023_01_01_1838d4ab7f97,cached,data/derived/processes/historical_source_transformation.bpmn
https://www.pbs.gov.au/info/publication/schedule/2020,6995152,[ignored-local-raw-cache]/historical_sources/pbs_structured_archive/au_pbs_structured_189f2f23521bb3c9.zip,5af432cd2fe391e4df70757e9d45156e00fc48eb9b9dd9006440dbedcd06413c,reimbursement_atlas:au_pbs_structured_2020_03_01_189f2f23521b,Existing local cache retained; use --force to replace it.,zip,2020-03-01-V2-down-converted.zip,au_pbs_structured_189f2f23521bb3c9,public_reuse_review,pending_human_review,True,au_pbs,https://www.pbs.gov.au/publication/schedule/2020/03/2020-03-01-V2-down-converted.zip?variant=3,au_pbs_structured_2020_03_01_189f2f23521b,cached,data/derived/processes/historical_source_transformation.bpmn
https://www.pbs.gov.au/info/publication/schedule/2010,549654,[ignored-local-raw-cache]/historical_sources/pbs_structured_archive/au_pbs_structured_18acff54c628c718.zip,f4679f288e7b14f9db89798f6a406b5969e285070a6ad0e32705b0eff5e6cdb5,reimbursement_atlas:au_pbs_structured_2010_09_01_18acff54c628,Existing local cache retained; use --force to replace it.,zip,2010-09-01-general-schedule-ascii.zip,au_pbs_structured_18acff54c628c718,public_reuse_review,pending_human_review,True,au_pbs,https://www.pbs.gov.au/publication/schedule/2010/2010-09-01-general-schedule-ascii.zip?variant=3,au_pbs_structured_2010_09_01_18acff54c628,cached,data/derived/processes/historical_source_transformation.bpmn
https://www.pbs.gov.au/info/publication/schedule/2023,9435213,[ignored-local-raw-cache]/historical_sources/pbs_structured_archive/au_pbs_structured_1980600a94324b1f.zip,9370584f76db39b239af583494141f7a6e6826991cfbe37396511ba49d553df2,reimbursement_atlas:au_pbs_structured_2023_04_01_1980600a9432,Existing local cache retained; use --force to replace it.,zip,2023-04-01-xml-V3.zip,au_pbs_structured_1980600a94324b1f,public_reuse_review,pending_human_review,True,au_pbs,https://www.pbs.gov.au/publication/schedule/2023/04/2023-04-01-xml-V3.zip?variant=3,au_pbs_structured_2023_04_01_1980600a9432,cached,data/derived/processes/historical_source_transformation.bpmn
https://www.pbs.gov.au/info/publication/schedule/2023,9322401,[ignored-local-raw-cache]/historical_sources/pbs_structured_archive/au_pbs_structured_1aaf8b406b10549e.zip,7cdcd82fb3a961e98aea8cca2e59e06e6b1c26b9f4eff2e424c025fc6ccceb29,reimbursement_atlas:au_pbs_structured_2023_10_01_1aaf8b406b10,Existing local cache retained; use --force to replace it.,zip,2023-10-01-xml-V3.zip,au_pbs_structured_1aaf8b406b10549e,public_reuse_review,pending_human_review,True,au_pbs,https://www.pbs.gov.au/publication/schedule/2023/10/2023-10-01-xml-V3.zip?variant=3,au_pbs_structured_2023_10_01_1aaf8b406b10,cached,data/derived/processes/historical_source_transformation.bpmn
https://www.pbs.gov.au/info/publication/schedule/2026,3837686,[ignored-local-raw-cache]/historical_sources/pbs_structured_archive/au_pbs_structured_1b0bc07bf390b7ec.zip,d8d9c55d04ff112872085874730008c127454bc2343ea827c4290040fb54524c,reimbursement_atlas:au_pbs_structured_2026_02_01_1b0bc07bf390,Existing local cache retained; use --force to replace it.,zip,2026-02-01-v3extracts.zip,au_pbs_structured_1b0bc07bf390b7ec,public_reuse_review,pending_human_review,True,au_pbs,https://www.pbs.gov.au/publication/schedule/2026/02/2026-02-01-v3extracts.zip?variant=3,au_pbs_structured_2026_02_01_1b0bc07bf390,cached,data/derived/processes/historical_source_transformation.bpmn
https://www.pbs.gov.au/info/publication/schedule/2018,7048846,[ignored-local-raw-cache]/historical_sources/pbs_structured_archive/au_pbs_structured_1bd48d8957b6bb19.zip,9a246c6ee284a308550a15dbbd095a626adcf41c360ffb47822e73d19eacad23,reimbursement_atlas:au_pbs_structured_2018_10_01_1bd48d8957b6,Existing local cache retained; use --force to replace it.,zip,2018-10-01-V2-down-converted.zip,au_pbs_structured_1bd48d8957b6bb19,public_reuse_review,pending_human_review,True,au_pbs,https://www.pbs.gov.au/publication/schedule/2018/10/2018-10-01-V2-down-converted.zip?variant=3,au_pbs_structured_2018_10_01_1bd48d8957b6,cached,data/derived/processes/historical_source_transformation.bpmn
https://www.pbs.gov.au/info/publication/schedule/2019,4419157,[ignored-local-raw-cache]/historical_sources/pbs_structured_archive/au_pbs_structured_1c590e56f8a31e60.zip,2aa03f24d5c9b813ebcf15eea1a73c2ec95df5a2b99792bf928411c5eac7e052,reimbursement_atlas:au_pbs_structured_2019_11_01_1c590e56f8a3,Existing local cache retained; use --force to replace it.,zip,2019-11-01-extracts-down-converted.zip,au_pbs_structured_1c590e56f8a31e60,public_reuse_review,pending_human_review,True,au_pbs,https://www.pbs.gov.au/publication/schedule/2019/11/2019-11-01-extracts-down-converted.zip?variant=3,au_pbs_structured_2019_11_01_1c590e56f8a3,cached,data/derived/processes/historical_source_transformation.bpmn
https://www.pbs.gov.au/info/publication/schedule/2023,2113632,[ignored-local-raw-cache]/historical_sources/pbs_structured_archive/au_pbs_structured_1c5f76ccbe98f3fe.zip,7194b7969ccf7fd2ccfa48a30e9b52230c533020292e93693e7eb545de46aef6,reimbursement_atlas:au_pbs_structured_2023_12_01_1c5f76ccbe98,Existing local cache retained; use --force to replace it.,zip,2023-12-01-v3soextracts.zip,au_pbs_structured_1c5f76ccbe98f3fe,public_reuse_review,pending_human_review,True,au_pbs,https://www.pbs.gov.au/publication/schedule/2023/12/2023-12-01-v3soextracts.zip?variant=3,au_pbs_structured_2023_12_01_1c5f76ccbe98,cached,data/derived/processes/historical_source_transformation.bpmn
https://www.pbs.gov.au/info/publication/schedule/2023,2113636,[ignored-local-raw-cache]/historical_sources/pbs_structured_archive/au_pbs_structured_1c842afe75a5fb73.zip,8258a48d3e48435ebeffec6df2f7ec695095dd669e3ceffb66a4a7dabd0bb1fa,reimbursement_atlas:au_pbs_structured_2023_10_01_1c842afe75a5,Existing local cache retained; use --force to replace it.,zip,2023-10-01-v3soextracts.zip,au_pbs_structured_1c842afe75a5fb73,public_reuse_review,pending_human_review,True,au_pbs,https://www.pbs.gov.au/publication/schedule/2023/10/2023-10-01-v3soextracts.zip?variant=3,au_pbs_structured_2023_10_01_1c842afe75a5,cached,data/derived/processes/historical_source_transformation.bpmn
https://www.pbs.gov.au/info/publication/schedule/2014,2952668,[ignored-local-raw-cache]/historical_sources/pbs_structured_archive/au_pbs_structured_1d6e10ca35ddacd7.zip,b84fe2a80c54d576cef0b34e05d8ed374e80ceb7ebb294f3f92ccb7446ac75d5,reimbursement_atlas:au_pbs_structured_2014_02_01_1d6e10ca35dd,Existing local cache retained; use --force to replace it.,zip,2014-02-01-extracts.zip,au_pbs_structured_1d6e10ca35ddacd7,public_reuse_review,pending_human_review,True,au_pbs,https://www.pbs.gov.au/publication/schedule/2014/02/2014-02-01-extracts.zip?variant=3,au_pbs_structured_2014_02_01_1d6e10ca35dd,cached,data/derived/processes/historical_source_transformation.bpmn
https://www.pbs.gov.au/info/publication/schedule/2023,2048576,[ignored-local-raw-cache]/historical_sources/pbs_structured_archive/au_pbs_structured_1d89e92e95ce5f10.zip,397fb343edba01980f92456ec84280b113852d51942da2eb1adb65f731801ce3,reimbursement_atlas:au_pbs_structured_2023_07_01_1d89e92e95ce,Existing local cache retained; use --force to replace it.,zip,2023-07-01-v3soextracts.zip,au_pbs_structured_1d89e92e95ce5f10,public_reuse_review,pending_human_review,True,au_pbs,https://www.pbs.gov.au/publication/schedule/2023/07/2023-07-01-v3soextracts.zip?variant=3,au_pbs_structured_2023_07_01_1d89e92e95ce,cached,data/derived/processes/historical_source_transformation.bpmn
https://www.pbs.gov.au/info/publication/schedule/2026,3840659,[ignored-local-raw-cache]/historical_sources/pbs_structured_archive/au_pbs_structured_1d8ab873d3724957.zip,ea3b334fec38e34e0f195e10de721864a5f4db7d62d02f8f76e0a9de8ae7c7a0,reimbursement_atlas:au_pbs_structured_2026_01_01_1d8ab873d372,Existing local cache retained; use --force to replace it.,zip,2026-01-01-v3extracts.zip,au_pbs_structured_1d8ab873d3724957,public_reuse_review,pending_human_review,True,au_pbs,https://www.pbs.gov.au/publication/schedule/2026/01/2026-01-01-v3extracts.zip?variant=3,au_pbs_structured_2026_01_01_1d8ab873d372,cached,data/derived/processes/historical_source_transformation.bpmn
https://www.pbs.gov.au/info/publication/schedule/2007,391890,[ignored-local-raw-cache]/historical_sources/pbs_structured_archive/au_pbs_structured_1e09f7859ceeec65.zip,7fa932e48db61c616f3cafc22e65518e15f11ff43adf170c3c159835a8ce9c20,reimbursement_atlas:au_pbs_structured_2007_07_01_1e09f7859cee,Existing local cache retained; use --force to replace it.,zip,2007-07-01-general-schedule-ascii.zip,au_pbs_structured_1e09f7859ceeec65,public_reuse_review,pending_human_review,True,au_pbs,https://www.pbs.gov.au/publication/schedule/2007/2007-07-01-general-schedule-ascii.zip?variant=3,au_pbs_structured_2007_07_01_1e09f7859cee,cached,data/derived/processes/historical_source_transformation.bpmn
https://www.pbs.gov.au/info/publication/schedule/2011,567713,[ignored-local-raw-cache]/historical_sources/pbs_structured_archive/au_pbs_structured_1ec7c4732827cccd.zip,29a084637eb95b35971349410062ec70d545d361f51c5c1b0d7ea8f0b38ef0d2,reimbursement_atlas:au_pbs_structured_2011_06_01_1ec7c4732827,Existing local cache retained; use --force to replace it.,zip,2011-06-01-general-schedule-ascii.zip,au_pbs_structured_1ec7c4732827cccd,public_reuse_review,pending_human_review,True,au_pbs,https://www.pbs.gov.au/publication/schedule/2011/06/2011-06-01-general-schedule-ascii.zip?variant=3,au_pbs_structured_2011_06_01_1ec7c4732827,cached,data/derived/processes/historical_source_transformation.bpmn
https://www.pbs.gov.au/info/publication/schedule/2018,6355847,[ignored-local-raw-cache]/historical_sources/pbs_structured_archive/au_pbs_structured_1edba7524fb728c3.zip,7de870d69440cb9d2430dcbe0a8bc6ce1968ff0645ee9dfbc68764987edbcda0,reimbursement_atlas:au_pbs_structured_2018_08_01_1edba7524fb7,Existing local cache retained; use --force to replace it.,zip,2018-08-01-V2-down-converted.zip,au_pbs_structured_1edba7524fb728c3,public_reuse_review,pending_human_review,True,au_pbs,https://www.pbs.gov.au/publication/schedule/2018/08/2018-08-01-V2-down-converted.zip?variant=3,au_pbs_structured_2018_08_01_1edba7524fb7,cached,data/derived/processes/historical_source_transformation.bpmn
https://www.pbs.gov.au/info/publication/schedule/2026,3843880,[ignored-local-raw-cache]/historical_sources/pbs_structured_archive/au_pbs_structured_1ee1291f9a34918e.zip,cf772139da0985eb0adb9db1b5f7915e17474bfbe4540889def3d4c58d8c901c,reimbursement_atlas:au_pbs_structured_2026_03_01_1ee1291f9a34,Existing local cache retained; use --force to replace it.,zip,2026-03-01-v3extracts.zip,au_pbs_structured_1ee1291f9a34918e,public_reuse_review,pending_human_review,True,au_pbs,https://www.pbs.gov.au/publication/schedule/2026/03/2026-03-01-v3extracts.zip?variant=3,au_pbs_structured_2026_03_01_1ee1291f9a34,cached,data/derived/processes/historical_source_transformation.bpmn
https://www.pbs.gov.au/info/publication/schedule/2012,551835,[ignored-local-raw-cache]/historical_sources/pbs_structured_archive/au_pbs_structured_1ee6c7be4ac6d7b8.zip,27d5f0893b9d72710456a8e77fd6d26eadd55177e7658a9e5b3e83e6be295c7f,reimbursement_atlas:au_pbs_structured_2012_08_01_1ee6c7be4ac6,Existing local cache retained; use --force to replace it.,zip,2012-08-01-efc-xml.zip,au_pbs_structured_1ee6c7be4ac6d7b8,public_reuse_review,pending_human_review,True,au_pbs,https://www.pbs.gov.au/publication/schedule/2012/08/2012-08-01-efc-xml.zip?variant=3,au_pbs_structured_2012_08_01_1ee6c7be4ac6,cached,data/derived/processes/historical_source_transformation.bpmn
https://www.pbs.gov.au/info/publication/schedule/2009,479998,[ignored-local-raw-cache]/historical_sources/pbs_structured_archive/au_pbs_structured_1f2d94ecca191bce.zip,d00a0baa97552f8e7bde878b45df6fc38f4ca4a10cca0f8a192c406453a8229c,reimbursement_atlas:au_pbs_structured_2009_02_01_1f2d94ecca19,Existing local cache retained; use --force to replace it.,zip,2009-02-01-general-schedule-ascii.zip,au_pbs_structured_1f2d94ecca191bce,public_reuse_review,pending_human_review,True,au_pbs,https://www.pbs.gov.au/publication/schedule/2009/2009-02-01-general-schedule-ascii.zip?variant=3,au_pbs_structured_2009_02_01_1f2d94ecca19,cached,data/derived/processes/historical_source_transformation.bpmn
https://www.pbs.gov.au/info/publication/schedule/2011,1510185,[ignored-local-raw-cache]/historical_sources/pbs_structured_archive/au_pbs_structured_1f4559b0f64bd5e0.zip,0de4191301101d27217759cd068c25f103cdc10fc6e72d4202196f18bdc23c7b,reimbursement_atlas:au_pbs_structured_2011_07_01_1f4559b0f64b,Existing local cache retained; use --force to replace it.,zip,2011-07-01-general-schedule-xml.zip,au_pbs_structured_1f4559b0f64bd5e0,public_reuse_review,pending_human_review,True,au_pbs,https://www.pbs.gov.au/publication/schedule/2011/07/2011-07-01-general-schedule-xml.zip?variant=3,au_pbs_structured_2011_07_01_1f4559b0f64b,cached,data/derived/processes/historical_source_transformation.bpmn
https://www.pbs.gov.au/info/publication/schedule/2023,8809547,[ignored-local-raw-cache]/historical_sources/pbs_structured_archive/au_pbs_structured_1f75c4c10832dd91.zip,e6367d7aed38b43a7953fddf76f7a346500d4136682bb1974961498dd9e16973,reimbursement_atlas:au_pbs_structured_2023_01_01_1f75c4c10832,Existing local cache retained; use --force to replace it.,zip,2023-01-01-V2-down-converted.zip,au_pbs_structured_1f75c4c10832dd91,public_reuse_review,pending_human_review,True,au_pbs,https://www.pbs.gov.au/publication/schedule/2023/01/2023-01-01-V2-down-converted.zip?variant=3,au_pbs_structured_2023_01_01_1f75c4c10832,cached,data/derived/processes/historical_source_transformation.bpmn
https://www.pbs.gov.au/info/publication/schedule/2023,2010056,[ignored-local-raw-cache]/historical_sources/pbs_structured_archive/au_pbs_structured_1f92633bf3433801.zip,9378ee6a001948e49dbdcd5e7259e0fc682309fd66fb4138ac5efbbd8e4f678a,reimbursement_atlas:au_pbs_structured_2023_02_01_1f92633bf343,Existing local cache retained; use --force to replace it.,zip,2023-02-01-v3soextracts.zip,au_pbs_structured_1f92633bf3433801,public_reuse_review,pending_human_review,True,au_pbs,https://www.pbs.gov.au/publication/schedule/2023/02/2023-02-01-v3soextracts.zip?variant=3,au_pbs_structured_2023_02_01_1f92633bf343,cached,data/derived/processes/historical_source_transformation.bpmn
https://www.pbs.gov.au/info/publication/schedule/2022,1925682,[ignored-local-raw-cache]/historical_sources/pbs_structured_archive/au_pbs_structured_211a0372c1bf431e.zip,a569ed97b3cc2525d9f5fd55a3aa9c74fb686517d1971b6f32dc100aa1fb085d,reimbursement_atlas:au_pbs_structured_2022_06_01_211a0372c1bf,Existing local cache retained; use --force to replace it.,zip,2022-06-01-v3soextracts.zip,au_pbs_structured_211a0372c1bf431e,public_reuse_review,pending_human_review,True,au_pbs,https://www.pbs.gov.au/publication/schedule/2022/06/2022-06-01-v3soextracts.zip?variant=3,au_pbs_structured_2022_06_01_211a0372c1bf,cached,data/derived/processes/historical_source_transformation.bpmn
https://www.pbs.gov.au/info/publication/schedule/2012,484032,[ignored-local-raw-cache]/historical_sources/pbs_structured_archive/au_pbs_structured_2139c62dcaefe28c.zip,53437e41b6ff65901cb3b98f3f05049e1f5c14c598f83999cef8cfc5eaec5249,reimbursement_atlas:au_pbs_structured_2012_01_01_2139c62dcaef,Existing local cache retained; use --force to replace it.,zip,2012-01-01-chemotherapy-xml.zip,au_pbs_structured_2139c62dcaefe28c,public_reuse_review,pending_human_review,True,au_pbs,https://www.pbs.gov.au/publication/schedule/2012/01/2012-01-01-chemotherapy-xml.zip?variant=3,au_pbs_structured_2012_01_01_2139c62dcaef,cached,data/derived/processes/historical_source_transformation.bpmn
https://www.pbs.gov.au/info/publication/schedule/2024,10301256,[ignored-local-raw-cache]/historical_sources/pbs_structured_archive/au_pbs_structured_21d02e030e5137bb.zip,2dbb9e2d30ea95a09d6096cdb968b944d2c7ebe89097670ed83021c5b53c0f4e,reimbursement_atlas:au_pbs_structured_2024_04_01_21d02e030e51,Existing local cache retained; use --force to replace it.,zip,2024-04-01-xml-V3.zip,au_pbs_structured_21d02e030e5137bb,public_reuse_review,pending_human_review,True,au_pbs,https://www.pbs.gov.au/publication/schedule/2024/04/2024-04-01-xml-V3.zip?variant=3,au_pbs_structured_2024_04_01_21d02e030e51,cached,data/derived/processes/historical_source_transformation.bpmn
https://www.pbs.gov.au/info/publication/schedule/2010,560241,[ignored-local-raw-cache]/historical_sources/pbs_structured_archive/au_pbs_structured_21f669654f058bcb.zip,5dd501c5f54786869127510ecc3da4dc293211df76e9b485b1dc1be933f5ae55,reimbursement_atlas:au_pbs_structured_2010_12_01_21f669654f05,Existing local cache retained; use --force to replace it.,zip,2010-12-01-general-schedule-ascii.zip,au_pbs_structured_21f669654f058bcb,public_reuse_review,pending_human_review,True,au_pbs,https://www.pbs.gov.au/publication/schedule/2010/2010-12-01-general-schedule-ascii.zip?variant=3,au_pbs_structured_2010_12_01_21f669654f05,cached,data/derived/processes/historical_source_transformation.bpmn
https://www.pbs.gov.au/info/publication/schedule/2025,2284965,[ignored-local-raw-cache]/historical_sources/pbs_structured_archive/au_pbs_structured_221cde38468a4dc8.zip,8d300273130d96c1f030c880425db2c1d15741053b9739bb4777f1f198d9b151,reimbursement_atlas:au_pbs_structured_2025_01_01_221cde38468a,Existing local cache retained; use --force to replace it.,zip,2025-01-01-v3soextracts.zip,au_pbs_structured_221cde38468a4dc8,public_reuse_review,pending_human_review,True,au_pbs,https://www.pbs.gov.au/publication/schedule/2025/01/2025-01-01-v3soextracts.zip?variant=3,au_pbs_structured_2025_01_01_221cde38468a,cached,data/derived/processes/historical_source_transformation.bpmn
https://www.pbs.gov.au/info/publication/schedule/2012,362612,[ignored-local-raw-cache]/historical_sources/pbs_structured_archive/au_pbs_structured_233dc1755cbc162a.zip,14e13fe198aecc0b58688b64715761dfb7559cd735339208e70d18078b3658a7,reimbursement_atlas:au_pbs_structured_2012_08_01_233dc1755cbc,Existing local cache retained; use --force to replace it.,zip,2012-08-01-efc-extracts.zip,au_pbs_structured_233dc1755cbc162a,public_reuse_review,pending_human_review,True,au_pbs,https://www.pbs.gov.au/publication/schedule/2012/08/2012-08-01-efc-extracts.zip?variant=3,au_pbs_structured_2012_08_01_233dc1755cbc,cached,data/derived/processes/historical_source_transformation.bpmn
https://www.pbs.gov.au/info/publication/schedule/2013,3416519,[ignored-local-raw-cache]/historical_sources/pbs_structured_archive/au_pbs_structured_23677ee8ee07fd99.zip,6b6f1989be0116d5a41fe0fb62f0d6342c0759a362c868d3debc846a9a071d84,reimbursement_atlas:au_pbs_structured_2013_09_01_23677ee8ee07,Existing local cache retained; use --force to replace it.,zip,2013-09-01-xml.zip,au_pbs_structured_23677ee8ee07fd99,public_reuse_review,pending_human_review,True,au_pbs,https://www.pbs.gov.au/publication/schedule/2013/09/2013-09-01-xml.zip?variant=3,au_pbs_structured_2013_09_01_23677ee8ee07,cached,data/derived/processes/historical_source_transformation.bpmn
https://www.pbs.gov.au/info/publication/schedule/2017,7129895,[ignored-local-raw-cache]/historical_sources/pbs_structured_archive/au_pbs_structured_23f3470a419b9f51.zip,56ccc1906f4294c6c5dfe577d3f0090d057957a47773504cbc6d53237bf2734f,reimbursement_atlas:au_pbs_structured_2017_07_01_23f3470a419b,Existing local cache retained; use --force to replace it.,zip,2017-07-01-xml.zip,au_pbs_structured_23f3470a419b9f51,public_reuse_review,pending_human_review,True,au_pbs,https://www.pbs.gov.au/publication/schedule/2017/07/2017-07-01-xml.zip?variant=3,au_pbs_structured_2017_07_01_23f3470a419b,cached,data/derived/processes/historical_source_transformation.bpmn
https://www.pbs.gov.au/info/publication/schedule/2023,2014793,[ignored-local-raw-cache]/historical_sources/pbs_structured_archive/au_pbs_structured_245fc3301c0add6c.zip,fcaa96e4e482d8a897b47d173e1be851e2b444bed4a6e6f2e1035b0218060a99,reimbursement_atlas:au_pbs_structured_2023_01_01_245fc3301c0a,Existing local cache retained; use --force to replace it.,zip,2023-01-01-v3soextracts.zip,au_pbs_structured_245fc3301c0add6c,public_reuse_review,pending_human_review,True,au_pbs,https://www.pbs.gov.au/publication/schedule/2023/01/2023-01-01-v3soextracts.zip?variant=3,au_pbs_structured_2023_01_01_245fc3301c0a,cached,data/derived/processes/historical_source_transformation.bpmn
https://www.pbs.gov.au/info/publication/schedule/2026,10194462,[ignored-local-raw-cache]/historical_sources/pbs_structured_archive/au_pbs_structured_252bd4dd2651c357.zip,5342d60554891b5f265e9d830eedf8a5dfd36b37da12e5782a686d2936ac4684,reimbursement_atlas:au_pbs_structured_2026_03_01_252bd4dd2651,Existing local cache retained; use --force to replace it.,zip,2026-03-01-V2-down-converted.zip,au_pbs_structured_252bd4dd2651c357,public_reuse_review,pending_human_review,True,au_pbs,https://www.pbs.gov.au/publication/schedule/2026/03/2026-03-01-V2-down-converted.zip?variant=3,au_pbs_structured_2026_03_01_252bd4dd2651,cached,data/derived/processes/historical_source_transformation.bpmn
https://www.pbs.gov.au/info/publication/schedule/2012,1561760,[ignored-local-raw-cache]/historical_sources/pbs_structured_archive/au_pbs_structured_25a1233aa9cacef7.zip,6f2cd398061522c28f3aecd658c8b0a244e80e0a8fc2cb8e79bec035ec3ea517,reimbursement_atlas:au_pbs_structured_2012_07_01_25a1233aa9ca,Existing local cache retained; use --force to replace it.,zip,2012-07-01-general-schedule-xml.zip,au_pbs_structured_25a1233aa9cacef7,public_reuse_review,pending_human_review,True,au_pbs,https://www.pbs.gov.au/publication/schedule/2012/07/2012-07-01-general-schedule-xml.zip?variant=3,au_pbs_structured_2012_07_01_25a1233aa9ca,cached,data/derived/processes/historical_source_transformation.bpmn
https://www.pbs.gov.au/info/publication/schedule/2014,3087495,[ignored-local-raw-cache]/historical_sources/pbs_structured_archive/au_pbs_structured_26814d0d0fdf2e78.zip,b193f7522776ca442145719d8bf5b6293550c06e167ef561236a4bf8acee456b,reimbursement_atlas:au_pbs_structured_2014_09_01_26814d0d0fdf,Existing local cache retained; use --force to replace it.,zip,2014-09-01-extracts.zip,au_pbs_structured_26814d0d0fdf2e78,public_reuse_review,pending_human_review,True,au_pbs,https://www.pbs.gov.au/publication/schedule/2014/09/2014-09-01-extracts.zip?variant=3,au_pbs_structured_2014_09_01_26814d0d0fdf,cached,data/derived/processes/historical_source_transformation.bpmn
https://www.pbs.gov.au/info/publication/schedule/2023,2102936,[ignored-local-raw-cache]/historical_sources/pbs_structured_archive/au_pbs_structured_2754224c60bb9945.zip,4085ec1d966354b6459917ba9e35c5cd481e53cd31c8db6267711de6cd23d70b,reimbursement_atlas:au_pbs_structured_2023_09_01_2754224c60bb,Existing local cache retained; use --force to replace it.,zip,2023-09-01-v3soextracts.zip,au_pbs_structured_2754224c60bb9945,public_reuse_review,pending_human_review,True,au_pbs,https://www.pbs.gov.au/publication/schedule/2023/09/2023-09-01-v3soextracts.zip?variant=3,au_pbs_structured_2023_09_01_2754224c60bb,cached,data/derived/processes/historical_source_transformation.bpmn
https://www.pbs.gov.au/info/publication/schedule/2008,469975,[ignored-local-raw-cache]/historical_sources/pbs_structured_archive/au_pbs_structured_277c4cf56fcea45b.zip,aef93c075d9183deb0f7cbd5407305341da4cd7ca4420b515ac5be5eab6ec43d,reimbursement_atlas:au_pbs_structured_2008_10_01_277c4cf56fce,Existing local cache retained; use --force to replace it.,zip,2008-10-01-general-schedule-ascii.zip,au_pbs_structured_277c4cf56fcea45b,public_reuse_review,pending_human_review,True,au_pbs,https://www.pbs.gov.au/publication/schedule/2008/2008-10-01-general-schedule-ascii.zip?variant=3,au_pbs_structured_2008_10_01_277c4cf56fce,cached,data/derived/processes/historical_source_transformation.bpmn
https://www.pbs.gov.au/info/publication/schedule/2021,2970433,[ignored-local-raw-cache]/historical_sources/pbs_structured_archive/au_pbs_structured_28177b9cd9f88d64.zip,e46e0e125fc8f9d1d222119aeccc514ad31bbd9f96472be70f98e4ab7866daad,reimbursement_atlas:au_pbs_structured_2021_11_01_28177b9cd9f8,Existing local cache retained; use --force to replace it.,zip,2021-11-01-v3extracts.zip,au_pbs_structured_28177b9cd9f88d64,public_reuse_review,pending_human_review,True,au_pbs,https://www.pbs.gov.au/publication/schedule/2021/11/2021-11-01-v3extracts.zip?variant=3,au_pbs_structured_2021_11_01_28177b9cd9f8,cached,data/derived/processes/historical_source_transformation.bpmn
https://www.pbs.gov.au/info/publication/schedule/2020,7135833,[ignored-local-raw-cache]/historical_sources/pbs_structured_archive/au_pbs_structured_28c2825a6439f4c4.zip,45a71b02a41c6c0ad53249e40f4d3d1d14a1c35371e9c77003047140fcc1a369,reimbursement_atlas:au_pbs_structured_2020_06_01_28c2825a6439,Existing local cache retained; use --force to replace it.,zip,2020-06-01-V2-down-converted.zip,au_pbs_structured_28c2825a6439f4c4,public_reuse_review,pending_human_review,True,au_pbs,https://www.pbs.gov.au/publication/schedule/2020/06/2020-06-01-V2-down-converted.zip?variant=3,au_pbs_structured_2020_06_01_28c2825a6439,cached,data/derived/processes/historical_source_transformation.bpmn
https://www.pbs.gov.au/info/publication/schedule/2025,5827162,[ignored-local-raw-cache]/historical_sources/pbs_structured_archive/au_pbs_structured_28ef7f6eefc6309f.zip,60ade25f04a6451239587ac546c34390099b231036349b3a4eaf28409eefdf59,reimbursement_atlas:au_pbs_structured_2025_09_01_28ef7f6eefc6,Existing local cache retained; use --force to replace it.,zip,2025-09-01-PBS-API-CSV-files.zip,au_pbs_structured_28ef7f6eefc6309f,public_reuse_review,pending_human_review,True,au_pbs,https://www.pbs.gov.au/publication/schedule/2025/09/2025-09-01-PBS-API-CSV-files.zip?variant=3,au_pbs_structured_2025_09_01_28ef7f6eefc6,cached,data/derived/processes/historical_source_transformation.bpmn
https://www.pbs.gov.au/info/publication/schedule/2022,3110638,[ignored-local-raw-cache]/historical_sources/pbs_structured_archive/au_pbs_structured_293f2b5c32878473.zip,01d4ec8dc4c50a434952856912aa3a7b881488b6cd07cf4e2752411538389274,reimbursement_atlas:au_pbs_structured_2022_11_01_293f2b5c3287,Existing local cache retained; use --force to replace it.,zip,2022-11-01-v3extracts.zip,au_pbs_structured_293f2b5c32878473,public_reuse_review,pending_human_review,True,au_pbs,https://www.pbs.gov.au/publication/schedule/2022/11/2022-11-01-v3extracts.zip?variant=3,au_pbs_structured_2022_11_01_293f2b5c3287,cached,data/derived/processes/historical_source_transformation.bpmn
https://www.pbs.gov.au/info/publication/schedule/2018,6758294,[ignored-local-raw-cache]/historical_sources/pbs_structured_archive/au_pbs_structured_2959c4c24ffc582f.zip,60d0bda9822a14279b24ce931322bf544f26e98838f3de77bfaebb96f42638e6,reimbursement_atlas:au_pbs_structured_2018_01_01_2959c4c24ffc,Existing local cache retained; use --force to replace it.,zip,2018-01-01-xml-V3.zip,au_pbs_structured_2959c4c24ffc582f,public_reuse_review,pending_human_review,True,au_pbs,https://www.pbs.gov.au/publication/schedule/2018/01/2018-01-01-xml-V3.zip?variant=3,au_pbs_structured_2018_01_01_2959c4c24ffc,cached,data/derived/processes/historical_source_transformation.bpmn
https://www.pbs.gov.au/info/publication/schedule/2020,7534028,[ignored-local-raw-cache]/historical_sources/pbs_structured_archive/au_pbs_structured_2a8f5e1194462a1e.zip,ffad5bd6db4080dbb20b0976279ed06ce6109c90f0849a31bbcb181aa6259e4d,reimbursement_atlas:au_pbs_structured_2020_09_01_2a8f5e119446,Existing local cache retained; use --force to replace it.,zip,2020-09-01-xml-V3.zip,au_pbs_structured_2a8f5e1194462a1e,public_reuse_review,pending_human_review,True,au_pbs,https://www.pbs.gov.au/publication/schedule/2020/09/2020-09-01-xml-V3.zip?variant=3,au_pbs_structured_2020_09_01_2a8f5e119446,cached,data/derived/processes/historical_source_transformation.bpmn
https://www.pbs.gov.au/info/publication/schedule/2008,890544,[ignored-local-raw-cache]/historical_sources/pbs_structured_archive/au_pbs_structured_2ac907283871777f.zip,849383d1b33a6e6a938025b88bfd0f311a955426841fea532fad6b25c3de54cb,reimbursement_atlas:au_pbs_structured_2008_01_01_2ac907283871,Existing local cache retained; use --force to replace it.,zip,2008-01-01-general-schedule-xml.zip,au_pbs_structured_2ac907283871777f,public_reuse_review,pending_human_review,True,au_pbs,https://www.pbs.gov.au/publication/schedule/2008/2008-01-01-general-schedule-xml.zip?variant=3,au_pbs_structured_2008_01_01_2ac907283871,cached,data/derived/processes/historical_source_transformation.bpmn
https://www.pbs.gov.au/info/publication/schedule/2011,556583,[ignored-local-raw-cache]/historical_sources/pbs_structured_archive/au_pbs_structured_2b092d33931f94cb.zip,217ee2ec8a88cc45e65e2370ab3e6d6c3b9dc363962abff0cf821436af7ae3da,reimbursement_atlas:au_pbs_structured_2011_02_01_2b092d33931f,Existing local cache retained; use --force to replace it.,zip,2011-02-01-general-schedule-ascii.zip,au_pbs_structured_2b092d33931f94cb,public_reuse_review,pending_human_review,True,au_pbs,https://www.pbs.gov.au/publication/schedule/2011/01/2011-02-01-general-schedule-ascii.zip?variant=3,au_pbs_structured_2011_02_01_2b092d33931f,cached,data/derived/processes/historical_source_transformation.bpmn
https://www.pbs.gov.au/info/publication/schedule/2026,10657393,[ignored-local-raw-cache]/historical_sources/pbs_structured_archive/au_pbs_structured_2b63f17627297394.zip,f6321cae097aaf23716ea3519aceed397b45f9a410f3f7e4e19fac5a13cfda33,reimbursement_atlas:au_pbs_structured_2026_05_01_2b63f1762729,Existing local cache retained; use --force to replace it.,zip,2026-05-01-XML-V3.zip,au_pbs_structured_2b63f17627297394,public_reuse_review,pending_human_review,True,au_pbs,https://www.pbs.gov.au/publication/schedule/2026/05/2026-05-01-XML-V3.zip?variant=3,au_pbs_structured_2026_05_01_2b63f1762729,cached,data/derived/processes/historical_source_transformation.bpmn
https://www.pbs.gov.au/info/publication/schedule/2016,3555946,[ignored-local-raw-cache]/historical_sources/pbs_structured_archive/au_pbs_structured_2c56eb7a1c58d74a.zip,ddeee352051578ffa0ece21542eba3e62e86818663fb529af051e3af6d26e700,reimbursement_atlas:au_pbs_structured_2016_01_01_2c56eb7a1c58,Existing local cache retained; use --force to replace it.,zip,2016-01-01-extracts.zip,au_pbs_structured_2c56eb7a1c58d74a,public_reuse_review,pending_human_review,True,au_pbs,https://www.pbs.gov.au/publication/schedule/2016/01/2016-01-01-extracts.zip?variant=3,au_pbs_structured_2016_01_01_2c56eb7a1c58,cached,data/derived/processes/historical_source_transformation.bpmn
https://www.pbs.gov.au/info/publication/schedule/2022,2992240,[ignored-local-raw-cache]/historical_sources/pbs_structured_archive/au_pbs_structured_2c74c175290b20ab.zip,fa12007a32429c4211419068114c694d69f400aa968af9a91eb1a1e8f454bac1,reimbursement_atlas:au_pbs_structured_2022_01_01_2c74c175290b,Existing local cache retained; use --force to replace it.,zip,2022-01-01-v3extracts.zip,au_pbs_structured_2c74c175290b20ab,public_reuse_review,pending_human_review,True,au_pbs,https://www.pbs.gov.au/publication/schedule/2022/01/2022-01-01-v3extracts.zip?variant=3,au_pbs_structured_2022_01_01_2c74c175290b,cached,data/derived/processes/historical_source_transformation.bpmn
https://www.pbs.gov.au/info/publication/schedule/2007,880503,[ignored-local-raw-cache]/historical_sources/pbs_structured_archive/au_pbs_structured_2c79ec5d574523da.zip,e96cd46d7a3ed718fea96043a17b595504e29c617d4d0cecf76fb2fbdcaa0fb2,reimbursement_atlas:au_pbs_structured_2007_08_01_2c79ec5d5745,Existing local cache retained; use --force to replace it.,zip,2007-08-01-general-schedule-xml.zip,au_pbs_structured_2c79ec5d574523da,public_reuse_review,pending_human_review,True,au_pbs,https://www.pbs.gov.au/publication/schedule/2007/2007-08-01-general-schedule-xml.zip?variant=3,au_pbs_structured_2007_08_01_2c79ec5d5745,cached,data/derived/processes/historical_source_transformation.bpmn
https://www.pbs.gov.au/info/publication/schedule/2024,3505013,[ignored-local-raw-cache]/historical_sources/pbs_structured_archive/au_pbs_structured_2cb9e856c5f5d43f.zip,26f4ea523759b585577cb5e94d3aed4ce3a6259939c6b7fbb91b69070273dfba,reimbursement_atlas:au_pbs_structured_2024_08_01_2cb9e856c5f5,Existing local cache retained; use --force to replace it.,zip,2024-08-01-v3extracts.zip,au_pbs_structured_2cb9e856c5f5d43f,public_reuse_review,pending_human_review,True,au_pbs,https://www.pbs.gov.au/publication/schedule/2024/08/2024-08-01-v3extracts.zip?variant=3,au_pbs_structured_2024_08_01_2cb9e856c5f5,cached,data/derived/processes/historical_source_transformation.bpmn
https://www.pbs.gov.au/info/publication/schedule/2025,2325545,[ignored-local-raw-cache]/historical_sources/pbs_structured_archive/au_pbs_structured_2d2c06b15ba45d49.zip,c76c258d0bb0decb5d0c8bf6605065d6684590ad5c570cf56c4997bac60cf8ae,reimbursement_atlas:au_pbs_structured_2025_05_01_2d2c06b15ba4,Existing local cache retained; use --force to replace it.,zip,2025-05-01-v3soextracts.zip,au_pbs_structured_2d2c06b15ba45d49,public_reuse_review,pending_human_review,True,au_pbs,https://www.pbs.gov.au/publication/schedule/2025/05/2025-05-01-v3soextracts.zip?variant=3,au_pbs_structured_2025_05_01_2d2c06b15ba4,cached,data/derived/processes/historical_source_transformation.bpmn
https://www.pbs.gov.au/info/publication/schedule/2019,4282729,[ignored-local-raw-cache]/historical_sources/pbs_structured_archive/au_pbs_structured_2d3d568cf040371c.zip,b6440e12d1c0252219ed3fdd56d73f7d0d81fb8c9a5112d91afeb2256ceb6e42,reimbursement_atlas:au_pbs_structured_2019_03_01_2d3d568cf040,Existing local cache retained; use --force to replace it.,zip,2019-03-01-extracts-down-converted.zip,au_pbs_structured_2d3d568cf040371c,public_reuse_review,pending_human_review,True,au_pbs,https://www.pbs.gov.au/publication/schedule/2019/03/2019-03-01-extracts-down-converted.zip?variant=3,au_pbs_structured_2019_03_01_2d3d568cf040,cached,data/derived/processes/historical_source_transformation.bpmn
https://www.pbs.gov.au/info/publication/schedule/2023,3181126,[ignored-local-raw-cache]/historical_sources/pbs_structured_archive/au_pbs_structured_2d628af2f0a48528.zip,3b077a5d07f2ef812e4e305a940fa87569bb0662777c2b16869b2544a9f79655,reimbursement_atlas:au_pbs_structured_2023_07_01_2d628af2f0a4,Existing local cache retained; use --force to replace it.,zip,2023-07-01-v3extracts.zip,au_pbs_structured_2d628af2f0a48528,public_reuse_review,pending_human_review,True,au_pbs,https://www.pbs.gov.au/publication/schedule/2023/07/2023-07-01-v3extracts.zip?variant=3,au_pbs_structured_2023_07_01_2d628af2f0a4,cached,data/derived/processes/historical_source_transformation.bpmn
https://www.pbs.gov.au/info/publication/schedule/2019,7039705,[ignored-local-raw-cache]/historical_sources/pbs_structured_archive/au_pbs_structured_2dcaadd95749cdcf.zip,cd9a9fb40d333abbe5a9d7b59e63962935d191104030ecf3d8afafbd914fe396,reimbursement_atlas:au_pbs_structured_2019_07_01_2dcaadd95749,Existing local cache retained; use --force to replace it.,zip,2019-07-01-V2-down-converted.zip,au_pbs_structured_2dcaadd95749cdcf,public_reuse_review,pending_human_review,True,au_pbs,https://www.pbs.gov.au/publication/schedule/2019/07/2019-07-01-V2-down-converted.zip?variant=3,au_pbs_structured_2019_07_01_2dcaadd95749,cached,data/derived/processes/historical_source_transformation.bpmn
https://www.pbs.gov.au/info/publication/schedule/2025,2371820,[ignored-local-raw-cache]/historical_sources/pbs_structured_archive/au_pbs_structured_2e0563c727b62963.zip,f1562fe97b886692594e6ae7b48448b44bb076bf52f4d325113149647170730e,reimbursement_atlas:au_pbs_structured_2025_08_01_2e0563c727b6,Existing local cache retained; use --force to replace it.,zip,2025-08-01-v3soextracts.zip,au_pbs_structured_2e0563c727b62963,public_reuse_review,pending_human_review,True,au_pbs,https://www.pbs.gov.au/publication/schedule/2025/08/2025-08-01-v3soextracts.zip?variant=3,au_pbs_structured_2025_08_01_2e0563c727b6,cached,data/derived/processes/historical_source_transformation.bpmn
https://www.pbs.gov.au/info/publication/schedule/2025,3816588,[ignored-local-raw-cache]/historical_sources/pbs_structured_archive/au_pbs_structured_2eba682a44db236d.zip,50c461ccf99a06c29c2e70e6873a96b8f039dae3ae0c0e73d4af19c46194e286,reimbursement_atlas:au_pbs_structured_2025_12_01_2eba682a44db,Existing local cache retained; use --force to replace it.,zip,2025-12-01-v3extracts.zip,au_pbs_structured_2eba682a44db236d,public_reuse_review,pending_human_review,True,au_pbs,https://www.pbs.gov.au/publication/schedule/2025/12/2025-12-01-v3extracts.zip?variant=3,au_pbs_structured_2025_12_01_2eba682a44db,cached,data/derived/processes/historical_source_transformation.bpmn
https://www.pbs.gov.au/info/publication/schedule/2022,8822937,[ignored-local-raw-cache]/historical_sources/pbs_structured_archive/au_pbs_structured_2f2259c5b1271f48.zip,b37f2ffacbb0575171e0dff82c0962570dd8de56b6cbe6ca591d5e1a7d94dd82,reimbursement_atlas:au_pbs_structured_2022_03_01_2f2259c5b127,Existing local cache retained; use --force to replace it.,zip,2022-03-01-V2-down-converted.zip,au_pbs_structured_2f2259c5b1271f48,public_reuse_review,pending_human_review,True,au_pbs,https://www.pbs.gov.au/publication/schedule/2022/03/2022-03-01-V2-down-converted.zip?variant=3,au_pbs_structured_2022_03_01_2f2259c5b127,cached,data/derived/processes/historical_source_transformation.bpmn
https://www.pbs.gov.au/info/publication/schedule/2022,8969495,[ignored-local-raw-cache]/historical_sources/pbs_structured_archive/au_pbs_structured_2f46577595b43c1f.zip,99d3c3435d8e7a13d8b3fd06a7af6e23e5cf9df2922fed5986a362c40224281d,reimbursement_atlas:au_pbs_structured_2022_09_01_2f46577595b4,Existing local cache retained; use --force to replace it.,zip,2022-09-01-V2-down-converted.zip,au_pbs_structured_2f46577595b43c1f,public_reuse_review,pending_human_review,True,au_pbs,https://www.pbs.gov.au/publication/schedule/2022/09/2022-09-01-V2-down-converted.zip?variant=3,au_pbs_structured_2022_09_01_2f46577595b4,cached,data/derived/processes/historical_source_transformation.bpmn
https://www.pbs.gov.au/info/publication/schedule/2010,1102757,[ignored-local-raw-cache]/historical_sources/pbs_structured_archive/au_pbs_structured_2fdf8a5a6e577b3b.zip,f0678ba05af8a239423a186cce8c5251563d6df3fcff6cd97480fd5bba39855f,reimbursement_atlas:au_pbs_structured_2010_06_01_2fdf8a5a6e57,Existing local cache retained; use --force to replace it.,zip,2010-06-01-general-schedule-xml.zip,au_pbs_structured_2fdf8a5a6e577b3b,public_reuse_review,pending_human_review,True,au_pbs,https://www.pbs.gov.au/publication/schedule/2010/2010-06-01-general-schedule-xml.zip?variant=3,au_pbs_structured_2010_06_01_2fdf8a5a6e57,cached,data/derived/processes/historical_source_transformation.bpmn
https://www.pbs.gov.au/info/publication/schedule/2008,983816,[ignored-local-raw-cache]/historical_sources/pbs_structured_archive/au_pbs_structured_305c4a67bc9c6ab2.zip,fe8964fc4394563e10bf2fb5274e721a97bb3a3be4a1bac63e0b7b097b7ff781,reimbursement_atlas:au_pbs_structured_2008_08_01_305c4a67bc9c,Existing local cache retained; use --force to replace it.,zip,2008-08-01-general-schedule-xml.zip,au_pbs_structured_305c4a67bc9c6ab2,public_reuse_review,pending_human_review,True,au_pbs,https://www.pbs.gov.au/publication/schedule/2008/2008-08-01-general-schedule-xml.zip?variant=3,au_pbs_structured_2008_08_01_305c4a67bc9c,cached,data/derived/processes/historical_source_transformation.bpmn
https://www.pbs.gov.au/info/publication/schedule/2023,8447455,[ignored-local-raw-cache]/historical_sources/pbs_structured_archive/au_pbs_structured_31d11d20a19ecb63.zip,5a51b9995af7c49f4e0bbe4c9e031a57e3b86b83ad09c2f8b50013b7687efd0c,reimbursement_atlas:au_pbs_structured_2023_02_01_31d11d20a19e,Existing local cache retained; use --force to replace it.,zip,2023-02-01-xml-V3.zip,au_pbs_structured_31d11d20a19ecb63,public_reuse_review,pending_human_review,True,au_pbs,https://www.pbs.gov.au/publication/schedule/2023/02/2023-02-01-xml-V3.zip?variant=3,au_pbs_structured_2023_02_01_31d11d20a19e,cached,data/derived/processes/historical_source_transformation.bpmn
https://www.pbs.gov.au/info/publication/schedule/2015,4941680,[ignored-local-raw-cache]/historical_sources/pbs_structured_archive/au_pbs_structured_3229b70e186fc0c4.zip,fa8bacd384761dd8bd6bb68531eff98d50652c3887528ea2ba997bd250b587a9,reimbursement_atlas:au_pbs_structured_2015_11_01_3229b70e186f,Existing local cache retained; use --force to replace it.,zip,2015-11-01-xml.zip,au_pbs_structured_3229b70e186fc0c4,public_reuse_review,pending_human_review,True,au_pbs,https://www.pbs.gov.au/publication/schedule/2015/11/2015-11-01-xml.zip?variant=3,au_pbs_structured_2015_11_01_3229b70e186f,cached,data/derived/processes/historical_source_transformation.bpmn
https://www.pbs.gov.au/info/publication/schedule/2011,1511632,[ignored-local-raw-cache]/historical_sources/pbs_structured_archive/au_pbs_structured_3430d876cbf6705e.zip,1b9b01409386e41192898d19fe9a89053152839ad051df9df6d5f89d00a057ef,reimbursement_atlas:au_pbs_structured_2011_10_01_3430d876cbf6,Existing local cache retained; use --force to replace it.,zip,2011-10-01-general-schedule-xml.zip,au_pbs_structured_3430d876cbf6705e,public_reuse_review,pending_human_review,True,au_pbs,https://www.pbs.gov.au/publication/schedule/2011/10/2011-10-01-general-schedule-xml.zip?variant=3,au_pbs_structured_2011_10_01_3430d876cbf6,cached,data/derived/processes/historical_source_transformation.bpmn
https://www.pbs.gov.au/info/publication/schedule/2018,4106281,[ignored-local-raw-cache]/historical_sources/pbs_structured_archive/au_pbs_structured_345740c2ea717732.zip,efd6d05fc8af85b9dc77d994953fc5aac9245a8fbedb9da93ab82c93ee733b3c,reimbursement_atlas:au_pbs_structured_2018_06_01_345740c2ea71,Existing local cache retained; use --force to replace it.,zip,2018-06-01-extracts-down-converted.zip,au_pbs_structured_345740c2ea717732,public_reuse_review,pending_human_review,True,au_pbs,https://www.pbs.gov.au/publication/schedule/2018/06/2018-06-01-extracts-down-converted.zip?variant=3,au_pbs_structured_2018_06_01_345740c2ea71,cached,data/derived/processes/historical_source_transformation.bpmn
https://www.pbs.gov.au/info/publication/schedule/2011,555991,[ignored-local-raw-cache]/historical_sources/pbs_structured_archive/au_pbs_structured_349b2cd6dfb434f3.zip,94e934eef3ae744c378ba2df8a9e9d6993dddd8f506d41d42776bfa46b39aa3e,reimbursement_atlas:au_pbs_structured_2011_01_01_349b2cd6dfb4,Existing local cache retained; use --force to replace it.,zip,2011-01-01-general-schedule-ascii.zip,au_pbs_structured_349b2cd6dfb434f3,public_reuse_review,pending_human_review,True,au_pbs,https://www.pbs.gov.au/publication/schedule/2011/01/2011-01-01-general-schedule-ascii.zip?variant=3,au_pbs_structured_2011_01_01_349b2cd6dfb4,cached,data/derived/processes/historical_source_transformation.bpmn
https://www.pbs.gov.au/info/publication/schedule/2018,7341545,[ignored-local-raw-cache]/historical_sources/pbs_structured_archive/au_pbs_structured_34e2eb3369aa7e1d.zip,dd4e527641759e4dffe944e57c3305e2f8166f18972726580dfff18367e389ba,reimbursement_atlas:au_pbs_structured_2018_10_01_34e2eb3369aa,Existing local cache retained; use --force to replace it.,zip,2018-10-01-xml-V3.zip,au_pbs_structured_34e2eb3369aa7e1d,public_reuse_review,pending_human_review,True,au_pbs,https://www.pbs.gov.au/publication/schedule/2018/10/2018-10-01-xml-V3.zip?variant=3,au_pbs_structured_2018_10_01_34e2eb3369aa,cached,data/derived/processes/historical_source_transformation.bpmn
https://www.pbs.gov.au/info/publication/schedule/2007,841915,[ignored-local-raw-cache]/historical_sources/pbs_structured_archive/au_pbs_structured_34e76542b8f73231.zip,4b5b401df173428ed313a0349b47aabb63b2ebfd2189201f094b3d49bd0a65ed,reimbursement_atlas:au_pbs_structured_2007_07_01_34e76542b8f7,Existing local cache retained; use --force to replace it.,zip,2007-07-01-general-schedule-xml.zip,au_pbs_structured_34e76542b8f73231,public_reuse_review,pending_human_review,True,au_pbs,https://www.pbs.gov.au/publication/schedule/2007/2007-07-01-general-schedule-xml.zip?variant=3,au_pbs_structured_2007_07_01_34e76542b8f7,cached,data/derived/processes/historical_source_transformation.bpmn
https://www.pbs.gov.au/info/publication/schedule/2013,4656832,[ignored-local-raw-cache]/historical_sources/pbs_structured_archive/au_pbs_structured_3540db37f0aeea48.zip,0bfb1a9065e4f5cd961f2843334c3fa463277f563ce2efba0e7729a3fa1c36a2,reimbursement_atlas:au_pbs_structured_2013_07_01_3540db37f0ae,Existing local cache retained; use --force to replace it.,zip,2013-07-01-xml.zip,au_pbs_structured_3540db37f0aeea48,public_reuse_review,pending_human_review,True,au_pbs,https://www.pbs.gov.au/publication/schedule/2013/07/2013-07-01-xml.zip?variant=3,au_pbs_structured_2013_07_01_3540db37f0ae,cached,data/derived/processes/historical_source_transformation.bpmn
https://www.pbs.gov.au/info/publication/schedule/2023,3295348,[ignored-local-raw-cache]/historical_sources/pbs_structured_archive/au_pbs_structured_35dd7ad2d4ee6fe0.zip,a78711a4b5b7b454dedf97b837710168c2d905cb57d554095f852f8a4838cd7f,reimbursement_atlas:au_pbs_structured_2023_09_01_35dd7ad2d4ee,Existing local cache retained; use --force to replace it.,zip,2023-09-01-v3extracts.zip,au_pbs_structured_35dd7ad2d4ee6fe0,public_reuse_review,pending_human_review,True,au_pbs,https://www.pbs.gov.au/publication/schedule/2023/09/2023-09-01-v3extracts.zip?variant=3,au_pbs_structured_2023_09_01_35dd7ad2d4ee,cached,data/derived/processes/historical_source_transformation.bpmn
https://www.pbs.gov.au/info/publication/schedule/2010,490066,[ignored-local-raw-cache]/historical_sources/pbs_structured_archive/au_pbs_structured_35faedd138bd42a0.zip,6d8b1729d36fea39c2b3017a2e74d6818012833a81a73aa8e4bdf0c0fef7a70f,reimbursement_atlas:au_pbs_structured_2010_01_01_35faedd138bd,Existing local cache retained; use --force to replace it.,zip,2010-01-01-general-schedule-ascii.zip,au_pbs_structured_35faedd138bd42a0,public_reuse_review,pending_human_review,True,au_pbs,https://www.pbs.gov.au/publication/schedule/2010/2010-01-01-general-schedule-ascii.zip?variant=3,au_pbs_structured_2010_01_01_35faedd138bd,cached,data/derived/processes/historical_source_transformation.bpmn
https://www.pbs.gov.au/info/publication/schedule/2024,2275563,[ignored-local-raw-cache]/historical_sources/pbs_structured_archive/au_pbs_structured_36f4605ed47c2f12.zip,749e0434471e66e39da706678cfff0af5e92a300a6b4bf1e33ed7f1ae296a788,reimbursement_atlas:au_pbs_structured_2024_11_01_36f4605ed47c,Existing local cache retained; use --force to replace it.,zip,2024-11-01-v3soextracts.zip,au_pbs_structured_36f4605ed47c2f12,public_reuse_review,pending_human_review,True,au_pbs,https://www.pbs.gov.au/publication/schedule/2024/11/2024-11-01-v3soextracts.zip?variant=3,au_pbs_structured_2024_11_01_36f4605ed47c,cached,data/derived/processes/historical_source_transformation.bpmn
https://www.pbs.gov.au/info/publication/schedule/2009,486937,[ignored-local-raw-cache]/historical_sources/pbs_structured_archive/au_pbs_structured_370ffa1551de562e.zip,18a6c4f93a0c71be985cde14002a3ed0f22d28e5588fd0cd5262fecf086f2760,reimbursement_atlas:au_pbs_structured_2009_11_01_370ffa1551de,Existing local cache retained; use --force to replace it.,zip,2009-11-01-general-schedule-ascii.zip,au_pbs_structured_370ffa1551de562e,public_reuse_review,pending_human_review,True,au_pbs,https://www.pbs.gov.au/publication/schedule/2009/2009-11-01-general-schedule-ascii.zip?variant=3,au_pbs_structured_2009_11_01_370ffa1551de,cached,data/derived/processes/historical_source_transformation.bpmn
https://www.pbs.gov.au/info/publication/schedule/2013,2869208,[ignored-local-raw-cache]/historical_sources/pbs_structured_archive/au_pbs_structured_376b0f974ab3bec5.zip,5ce62794150e9a511cdcb1824a6704e97c0b1d4e783825443f70540e4437047a,reimbursement_atlas:au_pbs_structured_2013_09_01_376b0f974ab3,Existing local cache retained; use --force to replace it.,zip,2013-09-01-extracts.zip,au_pbs_structured_376b0f974ab3bec5,public_reuse_review,pending_human_review,True,au_pbs,https://www.pbs.gov.au/publication/schedule/2013/09/2013-09-01-extracts.zip?variant=3,au_pbs_structured_2013_09_01_376b0f974ab3,cached,data/derived/processes/historical_source_transformation.bpmn
https://www.pbs.gov.au/info/publication/schedule/2021,8684287,[ignored-local-raw-cache]/historical_sources/pbs_structured_archive/au_pbs_structured_3797361b06a9e834.zip,b6d06dea1ee2df56a3b3213a68bfd492fea894ca8edb52392e51189d4acee8c0,reimbursement_atlas:au_pbs_structured_2021_10_01_3797361b06a9,Existing local cache retained; use --force to replace it.,zip,2021-10-01-V2-down-converted.zip,au_pbs_structured_3797361b06a9e834,public_reuse_review,pending_human_review,True,au_pbs,https://www.pbs.gov.au/publication/schedule/2021/10/2021-10-01-V2-down-converted.zip?variant=3,au_pbs_structured_2021_10_01_3797361b06a9,cached,data/derived/processes/historical_source_transformation.bpmn
https://www.pbs.gov.au/info/publication/schedule/2022,9557290,[ignored-local-raw-cache]/historical_sources/pbs_structured_archive/au_pbs_structured_37f8fd8a8ecddb4a.zip,e7e4d63ad99bd7589ad78bf5daf4ba38986cf4d5c90b73ff4d25560cac9219bf,reimbursement_atlas:au_pbs_structured_2022_10_01_37f8fd8a8ecd,Existing local cache retained; use --force to replace it.,zip,2022-10-01-xml-V3.zip,au_pbs_structured_37f8fd8a8ecddb4a,public_reuse_review,pending_human_review,True,au_pbs,https://www.pbs.gov.au/publication/schedule/2022/10/2022-10-01-xml-V3.zip?variant=3,au_pbs_structured_2022_10_01_37f8fd8a8ecd,cached,data/derived/processes/historical_source_transformation.bpmn
https://www.pbs.gov.au/info/publication/schedule/2025,10975434,[ignored-local-raw-cache]/historical_sources/pbs_structured_archive/au_pbs_structured_38a5abafcc4f0e00.zip,046b820c09bb8c4456a2f2fec2f3ea385001d117b2df75a85c4cd4f5c992a855,reimbursement_atlas:au_pbs_structured_2025_04_01_38a5abafcc4f,Existing local cache retained; use --force to replace it.,zip,2025-04-01-xml-V3.zip,au_pbs_structured_38a5abafcc4f0e00,public_reuse_review,pending_human_review,True,au_pbs,https://www.pbs.gov.au/publication/schedule/2025/04/2025-04-01-xml-V3.zip?variant=3,au_pbs_structured_2025_04_01_38a5abafcc4f,cached,data/derived/processes/historical_source_transformation.bpmn
https://www.pbs.gov.au/info/publication/schedule/2008,988884,[ignored-local-raw-cache]/historical_sources/pbs_structured_archive/au_pbs_structured_39035a4f760e5c5e.zip,fb51ce39aa6072e756ffe9d368fab0f41e955ad67bb6bfc0ca409e4e42e987da,reimbursement_atlas:au_pbs_structured_2008_09_01_39035a4f760e,Existing local cache retained; use --force to replace it.,zip,2008-09-01-general-schedule-xml.zip,au_pbs_structured_39035a4f760e5c5e,public_reuse_review,pending_human_review,True,au_pbs,https://www.pbs.gov.au/publication/schedule/2008/2008-09-01-general-schedule-xml.zip?variant=3,au_pbs_structured_2008_09_01_39035a4f760e,cached,data/derived/processes/historical_source_transformation.bpmn
https://www.pbs.gov.au/info/publication/schedule/2025,2299973,[ignored-local-raw-cache]/historical_sources/pbs_structured_archive/au_pbs_structured_391225676b98f294.zip,88a115de52db33241ce0331da7b2dce69b4e75dd9e8bf1192892eae01b316572,reimbursement_atlas:au_pbs_structured_2025_06_01_391225676b98,Existing local cache retained; use --force to replace it.,zip,2025-06-01-v3soextracts.zip,au_pbs_structured_391225676b98f294,public_reuse_review,pending_human_review,True,au_pbs,https://www.pbs.gov.au/publication/schedule/2025/06/2025-06-01-v3soextracts.zip?variant=3,au_pbs_structured_2025_06_01_391225676b98,cached,data/derived/processes/historical_source_transformation.bpmn
https://www.pbs.gov.au/info/publication/schedule/2020,7168871,[ignored-local-raw-cache]/historical_sources/pbs_structured_archive/au_pbs_structured_3918173c8453acbb.zip,f45b4e7f6fe3b47ba8509482a7b1e08f4454b361825e97559fdbfde955fa2f13,reimbursement_atlas:au_pbs_structured_2020_04_01_3918173c8453,Existing local cache retained; use --force to replace it.,zip,2020-04-01-V2-down-converted.zip,au_pbs_structured_3918173c8453acbb,public_reuse_review,pending_human_review,True,au_pbs,https://www.pbs.gov.au/publication/schedule/2020/04/2020-04-01-V2-down-converted.zip?variant=3,au_pbs_structured_2020_04_01_3918173c8453,cached,data/derived/processes/historical_source_transformation.bpmn
https://www.pbs.gov.au/info/publication/schedule/2018,6583447,[ignored-local-raw-cache]/historical_sources/pbs_structured_archive/au_pbs_structured_3994f8c72e79c85b.zip,37ba9666d5d978a01bd7809dc96baf6a406e555e083ed1a5003959e13651bdde,reimbursement_atlas:au_pbs_structured_2018_01_01_3994f8c72e79,Existing local cache retained; use --force to replace it.,zip,2018-01-01-V2-down-converted.zip,au_pbs_structured_3994f8c72e79c85b,public_reuse_review,pending_human_review,True,au_pbs,https://www.pbs.gov.au/publication/schedule/2018/01/2018-01-01-V2-down-converted.zip?variant=3,au_pbs_structured_2018_01_01_3994f8c72e79,cached,data/derived/processes/historical_source_transformation.bpmn
https://www.pbs.gov.au/info/publication/schedule/2025,10174876,[ignored-local-raw-cache]/historical_sources/pbs_structured_archive/au_pbs_structured_39bdfac34b30d54b.zip,5f7215db727dd4e2fce39dc2c7e084d7db86c4d2ea252daf755037b9cc870db3,reimbursement_atlas:au_pbs_structured_2025_11_01_39bdfac34b30,Existing local cache retained; use --force to replace it.,zip,2025-11-01-V2-down-converted.zip,au_pbs_structured_39bdfac34b30d54b,public_reuse_review,pending_human_review,True,au_pbs,https://www.pbs.gov.au/publication/schedule/2025/11/2025-11-01-V2-down-converted.zip?variant=3,au_pbs_structured_2025_11_01_39bdfac34b30,cached,data/derived/processes/historical_source_transformation.bpmn
https://www.pbs.gov.au/info/publication/schedule/2008,473411,[ignored-local-raw-cache]/historical_sources/pbs_structured_archive/au_pbs_structured_39cbb701c5976ba1.zip,52661f742d214994d34954d33dcfd89d131b8d83d381f1ca002d76d952a3e223,reimbursement_atlas:au_pbs_structured_2008_08_01_39cbb701c597,Existing local cache retained; use --force to replace it.,zip,2008-08-01-general-schedule-ascii.zip,au_pbs_structured_39cbb701c5976ba1,public_reuse_review,pending_human_review,True,au_pbs,https://www.pbs.gov.au/publication/schedule/2008/2008-08-01-general-schedule-ascii.zip?variant=3,au_pbs_structured_2008_08_01_39cbb701c597,cached,data/derived/processes/historical_source_transformation.bpmn
https://www.pbs.gov.au/info/publication/schedule/2013,2880762,[ignored-local-raw-cache]/historical_sources/pbs_structured_archive/au_pbs_structured_39d8c9a4711fcabf.zip,5b4799a9e14c95329d507fb04cc7077d4f135b9836d096b5aca001c7c9ae771f,reimbursement_atlas:au_pbs_structured_2013_05_01_39d8c9a4711f,Existing local cache retained; use --force to replace it.,zip,2013-05-01-extracts.zip,au_pbs_structured_39d8c9a4711fcabf,public_reuse_review,pending_human_review,True,au_pbs,https://www.pbs.gov.au/publication/schedule/2013/05/2013-05-01-extracts.zip?variant=3,au_pbs_structured_2013_05_01_39d8c9a4711f,cached,data/derived/processes/historical_source_transformation.bpmn
https://www.pbs.gov.au/info/publication/schedule/2026,4348196,[ignored-local-raw-cache]/historical_sources/pbs_structured_archive/au_pbs_structured_3a433351839d0c41.zip,a1c6f2993241f504132b3a3907bdad829928a0bb4436a434390a0fc57a76a602,reimbursement_atlas:au_pbs_structured_2026_05_01_3a433351839d,Existing local cache retained; use --force to replace it.,zip,2026-05-01-PBS-API-CSV-files.zip,au_pbs_structured_3a433351839d0c41,public_reuse_review,pending_human_review,True,au_pbs,https://www.pbs.gov.au/publication/schedule/2026/05/2026-05-01-PBS-API-CSV-files.zip?variant=3,au_pbs_structured_2026_05_01_3a433351839d,cached,data/derived/processes/historical_source_transformation.bpmn
https://www.pbs.gov.au/info/publication/schedule/2012,562901,[ignored-local-raw-cache]/historical_sources/pbs_structured_archive/au_pbs_structured_3a77ed17996d4eca.zip,759ddaa9542404bffc810861887fe679616b4941d4dbf934bfaff2ecb103c71e,reimbursement_atlas:au_pbs_structured_2012_01_01_3a77ed17996d,Existing local cache retained; use --force to replace it.,zip,2012-01-01-general-schedule-ascii.zip,au_pbs_structured_3a77ed17996d4eca,public_reuse_review,pending_human_review,True,au_pbs,https://www.pbs.gov.au/publication/schedule/2012/01/2012-01-01-general-schedule-ascii.zip?variant=3,au_pbs_structured_2012_01_01_3a77ed17996d,cached,data/derived/processes/historical_source_transformation.bpmn
https://www.pbs.gov.au/info/publication/schedule/2010,1100621,[ignored-local-raw-cache]/historical_sources/pbs_structured_archive/au_pbs_structured_3a92b7dc2e4464e0.zip,447ef21c2f724c71a25c78e570ad471996c8ba14a6dee3a3beb0d36942af3867,reimbursement_atlas:au_pbs_structured_2010_05_01_3a92b7dc2e44,Existing local cache retained; use --force to replace it.,zip,2010-05-01-general-schedule-xml.zip,au_pbs_structured_3a92b7dc2e4464e0,public_reuse_review,pending_human_review,True,au_pbs,https://www.pbs.gov.au/publication/schedule/2010/2010-05-01-general-schedule-xml.zip?variant=3,au_pbs_structured_2010_05_01_3a92b7dc2e44,cached,data/derived/processes/historical_source_transformation.bpmn
https://www.pbs.gov.au/info/publication/schedule/2007,418990,[ignored-local-raw-cache]/historical_sources/pbs_structured_archive/au_pbs_structured_3b16465e6b71bfb6.zip,691b79f1a09b54ef82a42aeaaa404adbf0dfbb9baaa85d2b248c43d81f974fe6,reimbursement_atlas:au_pbs_structured_2007_10_01_3b16465e6b71,Existing local cache retained; use --force to replace it.,zip,2007-10-01-general-schedule-ascii.zip,au_pbs_structured_3b16465e6b71bfb6,public_reuse_review,pending_human_review,True,au_pbs,https://www.pbs.gov.au/publication/schedule/2007/2007-10-01-general-schedule-ascii.zip?variant=3,au_pbs_structured_2007_10_01_3b16465e6b71,cached,data/derived/processes/historical_source_transformation.bpmn
https://www.pbs.gov.au/info/publication/schedule/2021,1863271,[ignored-local-raw-cache]/historical_sources/pbs_structured_archive/au_pbs_structured_3bb0968f70c807c6.zip,0ccf192bb52ab0f1e8407792eacd1df05a286630dab779ae9744ea435296d90a,reimbursement_atlas:au_pbs_structured_2021_11_01_3bb0968f70c8,Existing local cache retained; use --force to replace it.,zip,2021-11-01-v3soextracts.zip,au_pbs_structured_3bb0968f70c807c6,public_reuse_review,pending_human_review,True,au_pbs,https://www.pbs.gov.au/publication/schedule/2021/11/2021-11-01-v3soextracts.zip?variant=3,au_pbs_structured_2021_11_01_3bb0968f70c8,cached,data/derived/processes/historical_source_transformation.bpmn
https://www.pbs.gov.au/info/publication/schedule/2020,2834966,[ignored-local-raw-cache]/historical_sources/pbs_structured_archive/au_pbs_structured_3bebb905dc8f1d5b.zip,87de0610821ef0a227e8af67b5b007aa79a86f868b17fca5e5c9f62070c2cf0c,reimbursement_atlas:au_pbs_structured_2020_12_01_3bebb905dc8f,Existing local cache retained; use --force to replace it.,zip,2020-12-01-v3extracts.zip,au_pbs_structured_3bebb905dc8f1d5b,public_reuse_review,pending_human_review,True,au_pbs,https://www.pbs.gov.au/publication/schedule/2020/12/2020-12-01-v3extracts.zip?variant=3,au_pbs_structured_2020_12_01_3bebb905dc8f,cached,data/derived/processes/historical_source_transformation.bpmn
https://www.pbs.gov.au/info/publication/schedule/2013,4136859,[ignored-local-raw-cache]/historical_sources/pbs_structured_archive/au_pbs_structured_3c0890d4eeea5253.zip,c2a3a722dec877d182b9bdc281774224e457aee4802f98f7eb2bfc6f3ee41b27,reimbursement_atlas:au_pbs_structured_2013_06_01_3c0890d4eeea,Existing local cache retained; use --force to replace it.,zip,2013-06-01-xml.zip,au_pbs_structured_3c0890d4eeea5253,public_reuse_review,pending_human_review,True,au_pbs,https://www.pbs.gov.au/publication/schedule/2013/06/2013-06-01-xml.zip?variant=3,au_pbs_structured_2013_06_01_3c0890d4eeea,cached,data/derived/processes/historical_source_transformation.bpmn
https://www.pbs.gov.au/info/publication/schedule/2020,4554005,[ignored-local-raw-cache]/historical_sources/pbs_structured_archive/au_pbs_structured_3c09823e45299b10.zip,284ec9b75ba6d0a27d182fec61bb56cf0528ae31480abebcb67d3e1ce77d1b26,reimbursement_atlas:au_pbs_structured_2020_05_01_3c09823e4529,Existing local cache retained; use --force to replace it.,zip,2020-05-01-extracts-down-converted.zip,au_pbs_structured_3c09823e45299b10,public_reuse_review,pending_human_review,True,au_pbs,https://www.pbs.gov.au/publication/schedule/2020/05/2020-05-01-extracts-down-converted.zip?variant=3,au_pbs_structured_2020_05_01_3c09823e4529,cached,data/derived/processes/historical_source_transformation.bpmn
https://www.pbs.gov.au/info/publication/schedule/2019,6861481,[ignored-local-raw-cache]/historical_sources/pbs_structured_archive/au_pbs_structured_3c7f077ba9de1ae6.zip,ca272d4621de6afcafbf07dcc21a043afaf97edcb2884ce51cada3ed107224d5,reimbursement_atlas:au_pbs_structured_2019_06_01_3c7f077ba9de,Existing local cache retained; use --force to replace it.,zip,2019-06-01-xml-V3.zip,au_pbs_structured_3c7f077ba9de1ae6,public_reuse_review,pending_human_review,True,au_pbs,https://www.pbs.gov.au/publication/schedule/2019/06/2019-06-01-xml-V3.zip?variant=3,au_pbs_structured_2019_06_01_3c7f077ba9de,cached,data/derived/processes/historical_source_transformation.bpmn
https://www.pbs.gov.au/info/publication/schedule/2011,1449992,[ignored-local-raw-cache]/historical_sources/pbs_structured_archive/au_pbs_structured_3c9ad7d46c349d4a.zip,56081e1d1eb36e4194bb8bda8d62079dcaad9019ff6ecd44142ba030d6445d13,reimbursement_atlas:au_pbs_structured_2011_02_01_3c9ad7d46c34,Existing local cache retained; use --force to replace it.,zip,2011-02-01-general-schedule-xml.zip,au_pbs_structured_3c9ad7d46c349d4a,public_reuse_review,pending_human_review,True,au_pbs,https://www.pbs.gov.au/publication/schedule/2011/01/2011-02-01-general-schedule-xml.zip?variant=3,au_pbs_structured_2011_02_01_3c9ad7d46c34,cached,data/derived/processes/historical_source_transformation.bpmn
https://www.pbs.gov.au/info/publication/schedule/2018,6551992,[ignored-local-raw-cache]/historical_sources/pbs_structured_archive/au_pbs_structured_3d732fa901f4895d.zip,64f3c3ff72a37ce554c5d7f6dffb5b866f8f52cb7fec2c8106015bd750471030,reimbursement_atlas:au_pbs_structured_2018_04_01_3d732fa901f4,Existing local cache retained; use --force to replace it.,zip,2018-04-01-V2-down-converted.zip,au_pbs_structured_3d732fa901f4895d,public_reuse_review,pending_human_review,True,au_pbs,https://www.pbs.gov.au/publication/schedule/2018/04/2018-04-01-V2-down-converted.zip?variant=3,au_pbs_structured_2018_04_01_3d732fa901f4,cached,data/derived/processes/historical_source_transformation.bpmn
https://www.pbs.gov.au/info/publication/schedule/2010,551021,[ignored-local-raw-cache]/historical_sources/pbs_structured_archive/au_pbs_structured_3d852b8c017c16e3.zip,6ba55520319bbbcf72df1dd50aba6b0bfa9d3cdf1a7c78377d028004a931dbe9,reimbursement_atlas:au_pbs_structured_2010_10_01_3d852b8c017c,Existing local cache retained; use --force to replace it.,zip,2010-10-01-general-schedule-ascii.zip,au_pbs_structured_3d852b8c017c16e3,public_reuse_review,pending_human_review,True,au_pbs,https://www.pbs.gov.au/publication/schedule/2010/2010-10-01-general-schedule-ascii.zip?variant=3,au_pbs_structured_2010_10_01_3d852b8c017c,cached,data/derived/processes/historical_source_transformation.bpmn
https://www.pbs.gov.au/info/publication/schedule/2020,8486621,[ignored-local-raw-cache]/historical_sources/pbs_structured_archive/au_pbs_structured_3dade34faf031b8d.zip,be1a01fc1a3c2ed529f549e1bf5f205a1c23eafb4decbbfd7d48deed7971561b,reimbursement_atlas:au_pbs_structured_2020_11_01_3dade34faf03,Existing local cache retained; use --force to replace it.,zip,2020-11-01-V2-down-converted.zip,au_pbs_structured_3dade34faf031b8d,public_reuse_review,pending_human_review,True,au_pbs,https://www.pbs.gov.au/publication/schedule/2020/11/2020-11-01-V2-down-converted.zip?variant=3,au_pbs_structured_2020_11_01_3dade34faf03,cached,data/derived/processes/historical_source_transformation.bpmn
https://www.pbs.gov.au/info/publication/schedule/2022,1919269,[ignored-local-raw-cache]/historical_sources/pbs_structured_archive/au_pbs_structured_3de9b2913d057cf0.zip,443c38a0bf3caced87079bb13b7f70b0fb40a0be5203c3a5e637b9b21a454246,reimbursement_atlas:au_pbs_structured_2022_04_01_3de9b2913d05,Existing local cache retained; use --force to replace it.,zip,2022-04-01-v3soextracts-release-2.zip,au_pbs_structured_3de9b2913d057cf0,public_reuse_review,pending_human_review,True,au_pbs,https://www.pbs.gov.au/publication/schedule/2022/04/2022-04-01-v3soextracts-release-2.zip?variant=3,au_pbs_structured_2022_04_01_3de9b2913d05,cached,data/derived/processes/historical_source_transformation.bpmn
https://www.pbs.gov.au/info/publication/schedule/2013,3226002,[ignored-local-raw-cache]/historical_sources/pbs_structured_archive/au_pbs_structured_3eda8df56a5b4b16.zip,87e7f44018f79f99acdb5e1947c16b7bacc61ef94752b12ed3bdf761d8538842,reimbursement_atlas:au_pbs_structured_2013_01_01_3eda8df56a5b,Existing local cache retained; use --force to replace it.,zip,2013-01-01-xml.zip,au_pbs_structured_3eda8df56a5b4b16,public_reuse_review,pending_human_review,True,au_pbs,https://www.pbs.gov.au/publication/schedule/2013/01/2013-01-01-xml.zip?variant=3,au_pbs_structured_2013_01_01_3eda8df56a5b,cached,data/derived/processes/historical_source_transformation.bpmn
https://www.pbs.gov.au/info/publication/schedule/2022,3043183,[ignored-local-raw-cache]/historical_sources/pbs_structured_archive/au_pbs_structured_3f2cc495f4abecb6.zip,a6ec01049ecbf2ddfcb2a5f497b553fc316cbd595b70a90eaf0ba8c9c7d63fa4,reimbursement_atlas:au_pbs_structured_2022_07_01_3f2cc495f4ab,Existing local cache retained; use --force to replace it.,zip,2022-07-01-v3extracts.zip,au_pbs_structured_3f2cc495f4abecb6,public_reuse_review,pending_human_review,True,au_pbs,https://www.pbs.gov.au/publication/schedule/2022/07/2022-07-01-v3extracts.zip?variant=3,au_pbs_structured_2022_07_01_3f2cc495f4ab,cached,data/derived/processes/historical_source_transformation.bpmn
https://www.pbs.gov.au/info/publication/schedule/2026,4262049,[ignored-local-raw-cache]/historical_sources/pbs_structured_archive/au_pbs_structured_3f3e2cbfef7ceb72.zip,11ebbcd34d6b6df9d99bc29b09f572f5e2d08ad16d1934444ccbb498e3c81f8b,reimbursement_atlas:au_pbs_structured_2026_01_01_3f3e2cbfef7c,Existing local cache retained; use --force to replace it.,zip,2026-01-01-PBS-API-CSV-files.zip,au_pbs_structured_3f3e2cbfef7ceb72,public_reuse_review,pending_human_review,True,au_pbs,https://www.pbs.gov.au/publication/schedule/2026/01/2026-01-01-PBS-API-CSV-files.zip?variant=3,au_pbs_structured_2026_01_01_3f3e2cbfef7c,cached,data/derived/processes/historical_source_transformation.bpmn
https://www.pbs.gov.au/info/publication/schedule/2019,7127829,[ignored-local-raw-cache]/historical_sources/pbs_structured_archive/au_pbs_structured_3ff73af1bc75e57e.zip,60fa702ffd54f69e49b6e48e7922692133ff0dd90453dfb1396b5bcd69e171d5,reimbursement_atlas:au_pbs_structured_2019_12_01_3ff73af1bc75,Existing local cache retained; use --force to replace it.,zip,2019-12-01-V2-down-converted.zip,au_pbs_structured_3ff73af1bc75e57e,public_reuse_review,pending_human_review,True,au_pbs,https://www.pbs.gov.au/publication/schedule/2019/12/2019-12-01-V2-down-converted.zip?variant=3,au_pbs_structured_2019_12_01_3ff73af1bc75,cached,data/derived/processes/historical_source_transformation.bpmn
https://www.pbs.gov.au/info/publication/schedule/2021,1698233,[ignored-local-raw-cache]/historical_sources/pbs_structured_archive/au_pbs_structured_4079c0636a9084a1.zip,6de7d75abf7a7f81fbf7ea90c47ddc725a2fb97f00b8b28b3a46f21490c29e1e,reimbursement_atlas:au_pbs_structured_2021_02_01_4079c0636a90,Existing local cache retained; use --force to replace it.,zip,2021-02-01-v3soextracts-r2.zip,au_pbs_structured_4079c0636a9084a1,public_reuse_review,pending_human_review,True,au_pbs,https://www.pbs.gov.au/publication/schedule/2021/02/2021-02-01-v3soextracts-r2.zip?variant=3,au_pbs_structured_2021_02_01_4079c0636a90,cached,data/derived/processes/historical_source_transformation.bpmn
https://www.pbs.gov.au/info/publication/schedule/2009,494146,[ignored-local-raw-cache]/historical_sources/pbs_structured_archive/au_pbs_structured_408fd9a67c53bc48.zip,d3e6941291b6354a754b58c5dcc0541089b600501d329d025760eeebd2a1779a,reimbursement_atlas:au_pbs_structured_2009_12_01_408fd9a67c53,Existing local cache retained; use --force to replace it.,zip,2009-12-01-general-schedule-ascii.zip,au_pbs_structured_408fd9a67c53bc48,public_reuse_review,pending_human_review,True,au_pbs,https://www.pbs.gov.au/publication/schedule/2009/2009-12-01-general-schedule-ascii.zip?variant=3,au_pbs_structured_2009_12_01_408fd9a67c53,cached,data/derived/processes/historical_source_transformation.bpmn
https://www.pbs.gov.au/info/publication/schedule/2014,4428955,[ignored-local-raw-cache]/historical_sources/pbs_structured_archive/au_pbs_structured_41ef79f04f8c7a15.zip,0fb9abae6a916d64f50a10da0ebeeeab6ebfe108e15ccac8a081e839c2848109,reimbursement_atlas:au_pbs_structured_2014_01_01_41ef79f04f8c,Existing local cache retained; use --force to replace it.,zip,2014-01-01-xml.zip,au_pbs_structured_41ef79f04f8c7a15,public_reuse_review,pending_human_review,True,au_pbs,https://www.pbs.gov.au/publication/schedule/2014/01/2014-01-01-xml.zip?variant=3,au_pbs_structured_2014_01_01_41ef79f04f8c,cached,data/derived/processes/historical_source_transformation.bpmn
https://www.pbs.gov.au/info/publication/schedule/2014,3858683,[ignored-local-raw-cache]/historical_sources/pbs_structured_archive/au_pbs_structured_4232ff6f2ebda96a.zip,fc6d7cee1fc2f06e20c5dfb9212362cbaabe3b481cda1db9ca3f74bdc437eeaf,reimbursement_atlas:au_pbs_structured_2014_06_01_4232ff6f2ebd,Existing local cache retained; use --force to replace it.,zip,2014-06-01-xml.zip,au_pbs_structured_4232ff6f2ebda96a,public_reuse_review,pending_human_review,True,au_pbs,https://www.pbs.gov.au/publication/schedule/2014/06/2014-06-01-xml.zip?variant=3,au_pbs_structured_2014_06_01_4232ff6f2ebd,cached,data/derived/processes/historical_source_transformation.bpmn
https://www.pbs.gov.au/info/publication/schedule/2018,4091113,[ignored-local-raw-cache]/historical_sources/pbs_structured_archive/au_pbs_structured_4308742961bc6d0a.zip,4fd0f5009057e29fa505d5f4e8b03589e073bfe962b4febd07f2f8290e0531e3,reimbursement_atlas:au_pbs_structured_2018_07_01_4308742961bc,Existing local cache retained; use --force to replace it.,zip,2018-07-01-extracts-down-converted.zip,au_pbs_structured_4308742961bc6d0a,public_reuse_review,pending_human_review,True,au_pbs,https://www.pbs.gov.au/publication/schedule/2018/07/2018-07-01-extracts-down-converted.zip?variant=3,au_pbs_structured_2018_07_01_4308742961bc,cached,data/derived/processes/historical_source_transformation.bpmn
https://www.pbs.gov.au/info/publication/schedule/2020,4432520,[ignored-local-raw-cache]/historical_sources/pbs_structured_archive/au_pbs_structured_4330d3595dadcb24.zip,d85345b949ee10232249a2d4143a8c237f510e2e25603bc8f89251889aee1954,reimbursement_atlas:au_pbs_structured_2020_04_01_4330d3595dad,Existing local cache retained; use --force to replace it.,zip,2020-04-01-extracts-down-converted.zip,au_pbs_structured_4330d3595dadcb24,public_reuse_review,pending_human_review,True,au_pbs,https://www.pbs.gov.au/publication/schedule/2020/04/2020-04-01-extracts-down-converted.zip?variant=3,au_pbs_structured_2020_04_01_4330d3595dad,cached,data/derived/processes/historical_source_transformation.bpmn
https://www.pbs.gov.au/info/publication/schedule/2015,5225644,[ignored-local-raw-cache]/historical_sources/pbs_structured_archive/au_pbs_structured_434323cfbaa71c5b.zip,7bfcb6324b34a4f543296e7f35183d6126a1926fdfc74f41d6e28e9874b3bf15,reimbursement_atlas:au_pbs_structured_2015_01_01_434323cfbaa7,Existing local cache retained; use --force to replace it.,zip,2015-01-01-xml.zip,au_pbs_structured_434323cfbaa71c5b,public_reuse_review,pending_human_review,True,au_pbs,https://www.pbs.gov.au/publication/schedule/2015/01/2015-01-01-xml.zip?variant=3,au_pbs_structured_2015_01_01_434323cfbaa7,cached,data/derived/processes/historical_source_transformation.bpmn
https://www.pbs.gov.au/info/publication/schedule/2012,2859282,[ignored-local-raw-cache]/historical_sources/pbs_structured_archive/au_pbs_structured_4358ace4c52afafc.zip,a6713ef16c133d290aaeb9510864a652b0fab8127ca9345262af042ab8203aba,reimbursement_atlas:au_pbs_structured_2012_12_01_4358ace4c52a,Existing local cache retained; use --force to replace it.,zip,2012-12-01-extracts.zip,au_pbs_structured_4358ace4c52afafc,public_reuse_review,pending_human_review,True,au_pbs,https://www.pbs.gov.au/publication/schedule/2012/12/2012-12-01-extracts.zip?variant=3,au_pbs_structured_2012_12_01_4358ace4c52a,cached,data/derived/processes/historical_source_transformation.bpmn
https://www.pbs.gov.au/info/publication/schedule/2022,3033421,[ignored-local-raw-cache]/historical_sources/pbs_structured_archive/au_pbs_structured_43cd97d1b31cc0a5.zip,8b391e1abb379202d3fd14f5a00fd0cc8f24b3de53847252b60393a9f6bc115a,reimbursement_atlas:au_pbs_structured_2022_03_01_43cd97d1b31c,Existing local cache retained; use --force to replace it.,zip,2022-03-01-v3extracts.zip,au_pbs_structured_43cd97d1b31cc0a5,public_reuse_review,pending_human_review,True,au_pbs,https://www.pbs.gov.au/publication/schedule/2022/03/2022-03-01-v3extracts.zip?variant=3,au_pbs_structured_2022_03_01_43cd97d1b31c,cached,data/derived/processes/historical_source_transformation.bpmn
https://www.pbs.gov.au/info/publication/schedule/2018,6594514,[ignored-local-raw-cache]/historical_sources/pbs_structured_archive/au_pbs_structured_4437ba611016e314.zip,fa8404bc7a008e594925f335daa8169440b391f95a6b8d5069a2a5a9a72de822,reimbursement_atlas:au_pbs_structured_2018_02_01_4437ba611016,Existing local cache retained; use --force to replace it.,zip,2018-02-01-xml-V3.zip,au_pbs_structured_4437ba611016e314,public_reuse_review,pending_human_review,True,au_pbs,https://www.pbs.gov.au/publication/schedule/2018/02/2018-02-01-xml-V3.zip?variant=3,au_pbs_structured_2018_02_01_4437ba611016,cached,data/derived/processes/historical_source_transformation.bpmn
https://www.pbs.gov.au/info/publication/schedule/2024,3438179,[ignored-local-raw-cache]/historical_sources/pbs_structured_archive/au_pbs_structured_4505cb246a7b6ce8.zip,699a40f597a9d6db3e630e8ce2969cd24877c9671dd33063ba14b7bd3730b85a,reimbursement_atlas:au_pbs_structured_2024_06_01_4505cb246a7b,Existing local cache retained; use --force to replace it.,zip,2024-06-01-v3extracts.zip,au_pbs_structured_4505cb246a7b6ce8,public_reuse_review,pending_human_review,True,au_pbs,https://www.pbs.gov.au/publication/schedule/2024/06/2024-06-01-v3extracts.zip?variant=3,au_pbs_structured_2024_06_01_4505cb246a7b,cached,data/derived/processes/historical_source_transformation.bpmn
https://www.pbs.gov.au/info/publication/schedule/2025,3655380,[ignored-local-raw-cache]/historical_sources/pbs_structured_archive/au_pbs_structured_4549b9317cfbc952.zip,ab476a3bf2fe1e9164eab406938d342fc7618ccd1de515db951fbda8eeacd066,reimbursement_atlas:au_pbs_structured_2025_01_01_4549b9317cfb,Existing local cache retained; use --force to replace it.,zip,2025-01-01-v3extracts.zip,au_pbs_structured_4549b9317cfbc952,public_reuse_review,pending_human_review,True,au_pbs,https://www.pbs.gov.au/publication/schedule/2025/01/2025-01-01-v3extracts.zip?variant=3,au_pbs_structured_2025_01_01_4549b9317cfb,cached,data/derived/processes/historical_source_transformation.bpmn
https://www.pbs.gov.au/info/publication/schedule/2025,3813242,[ignored-local-raw-cache]/historical_sources/pbs_structured_archive/au_pbs_structured_4584801d590b163a.zip,008dc4535b15703dc678df81080ba26c599b18ed6de345d97cf7ce385582767d,reimbursement_atlas:au_pbs_structured_2025_09_01_4584801d590b,Existing local cache retained; use --force to replace it.,zip,2025-09-01-v3extracts.zip,au_pbs_structured_4584801d590b163a,public_reuse_review,pending_human_review,True,au_pbs,https://www.pbs.gov.au/publication/schedule/2025/09/2025-09-01-v3extracts.zip?variant=3,au_pbs_structured_2025_09_01_4584801d590b,cached,data/derived/processes/historical_source_transformation.bpmn
https://www.pbs.gov.au/info/publication/schedule/2014,3018827,[ignored-local-raw-cache]/historical_sources/pbs_structured_archive/au_pbs_structured_45df26642f580a57.zip,682df5880fca4df30520431d8a6be890c342cee4f0efefbb9a59c38fb0718402,reimbursement_atlas:au_pbs_structured_2014_01_01_45df26642f58,Existing local cache retained; use --force to replace it.,zip,2014-01-01-extracts.zip,au_pbs_structured_45df26642f580a57,public_reuse_review,pending_human_review,True,au_pbs,https://www.pbs.gov.au/publication/schedule/2014/01/2014-01-01-extracts.zip?variant=3,au_pbs_structured_2014_01_01_45df26642f58,cached,data/derived/processes/historical_source_transformation.bpmn
https://www.pbs.gov.au/info/publication/schedule/2012,358945,[ignored-local-raw-cache]/historical_sources/pbs_structured_archive/au_pbs_structured_463bb0ef191e9e0b.zip,20d89f9269693063f63de116ed9ac4280e13bdd1f2e8326063fc37fbcb2c0af6,reimbursement_atlas:au_pbs_structured_2012_09_01_463bb0ef191e,Existing local cache retained; use --force to replace it.,zip,2012-09-01-efc-extracts.zip,au_pbs_structured_463bb0ef191e9e0b,public_reuse_review,pending_human_review,True,au_pbs,https://www.pbs.gov.au/publication/schedule/2012/09/2012-09-01-efc-extracts.zip?variant=3,au_pbs_structured_2012_09_01_463bb0ef191e,cached,data/derived/processes/historical_source_transformation.bpmn
https://www.pbs.gov.au/info/publication/schedule/2008,442168,[ignored-local-raw-cache]/historical_sources/pbs_structured_archive/au_pbs_structured_4693b93ca6908f17.zip,b49f4407ad9382d4bd463d0c3566a823ed8b75a049a183839103e49d8cb9ea2d,reimbursement_atlas:au_pbs_structured_2008_03_01_4693b93ca690,Existing local cache retained; use --force to replace it.,zip,2008-03-01-general-schedule-ascii.zip,au_pbs_structured_4693b93ca6908f17,public_reuse_review,pending_human_review,True,au_pbs,https://www.pbs.gov.au/publication/schedule/2008/2008-03-01-general-schedule-ascii.zip?variant=3,au_pbs_structured_2008_03_01_4693b93ca690,cached,data/derived/processes/historical_source_transformation.bpmn
https://www.pbs.gov.au/info/publication/schedule/2007,387924,[ignored-local-raw-cache]/historical_sources/pbs_structured_archive/au_pbs_structured_46ddd1684ee5a1a9.zip,015aea4d87a8efa1a81fb9c8681784e27285bfd1dd28f2a68780e957b552296e,reimbursement_atlas:au_pbs_structured_2007_05_01_46ddd1684ee5,Existing local cache retained; use --force to replace it.,zip,2007-05-01-general-schedule-ascii.zip,au_pbs_structured_46ddd1684ee5a1a9,public_reuse_review,pending_human_review,True,au_pbs,https://www.pbs.gov.au/publication/schedule/2007/2007-05-01-general-schedule-ascii.zip?variant=3,au_pbs_structured_2007_05_01_46ddd1684ee5,cached,data/derived/processes/historical_source_transformation.bpmn
https://www.pbs.gov.au/info/publication/schedule/2011,1583608,[ignored-local-raw-cache]/historical_sources/pbs_structured_archive/au_pbs_structured_471512c107f3640e.zip,1dfb1777d0b7d2167455299beeda7778676ac0f297e23c731acee8ddf58e4b3c,reimbursement_atlas:au_pbs_structured_2011_06_01_471512c107f3,Existing local cache retained; use --force to replace it.,zip,2011-06-01-general-schedule-xml.zip,au_pbs_structured_471512c107f3640e,public_reuse_review,pending_human_review,True,au_pbs,https://www.pbs.gov.au/publication/schedule/2011/06/2011-06-01-general-schedule-xml.zip?variant=3,au_pbs_structured_2011_06_01_471512c107f3,cached,data/derived/processes/historical_source_transformation.bpmn
https://www.pbs.gov.au/info/publication/schedule/2009,1040593,[ignored-local-raw-cache]/historical_sources/pbs_structured_archive/au_pbs_structured_475ec0d9a4c1e01e.zip,4ed1aa47cd5d7dbc3577d10a6a7d8608c12141072cef33936cb2c4536acd7db8,reimbursement_atlas:au_pbs_structured_2009_07_01_475ec0d9a4c1,Existing local cache retained; use --force to replace it.,zip,2009-07-01-general-schedule-xml.zip,au_pbs_structured_475ec0d9a4c1e01e,public_reuse_review,pending_human_review,True,au_pbs,https://www.pbs.gov.au/publication/schedule/2009/2009-07-01-general-schedule-xml.zip?variant=3,au_pbs_structured_2009_07_01_475ec0d9a4c1,cached,data/derived/processes/historical_source_transformation.bpmn
https://www.pbs.gov.au/info/publication/schedule/2011,1449492,[ignored-local-raw-cache]/historical_sources/pbs_structured_archive/au_pbs_structured_47c71d73805381f6.zip,8f0370680e74f17900455210b03915935a0ab8c1cefbf523a1ad31ed4b02e589,reimbursement_atlas:au_pbs_structured_2011_03_01_47c71d738053,Existing local cache retained; use --force to replace it.,zip,2011-03-01-general-schedule-xml.zip,au_pbs_structured_47c71d73805381f6,public_reuse_review,pending_human_review,True,au_pbs,https://www.pbs.gov.au/publication/schedule/2011/03/2011-03-01-general-schedule-xml.zip?variant=3,au_pbs_structured_2011_03_01_47c71d738053,cached,data/derived/processes/historical_source_transformation.bpmn
https://www.pbs.gov.au/info/publication/schedule/2012,501231,[ignored-local-raw-cache]/historical_sources/pbs_structured_archive/au_pbs_structured_485b9e1e1cf52c29.zip,dc52163a74b3b74f4ae68377477a8d9068f6ca439327b151ff7982c0cb3264b1,reimbursement_atlas:au_pbs_structured_2012_05_01_485b9e1e1cf5,Existing local cache retained; use --force to replace it.,zip,2012-05-01-efc-xml.zip,au_pbs_structured_485b9e1e1cf52c29,public_reuse_review,pending_human_review,True,au_pbs,https://www.pbs.gov.au/publication/schedule/2012/05/2012-05-01-efc-xml.zip?variant=3,au_pbs_structured_2012_05_01_485b9e1e1cf5,cached,data/derived/processes/historical_source_transformation.bpmn
https://www.pbs.gov.au/info/publication/schedule/2015,6883051,[ignored-local-raw-cache]/historical_sources/pbs_structured_archive/au_pbs_structured_48759c04140e9d1e.zip,a812b0940f691eb825c9a62269779c312ef86fd871cf887f89fbaef9b7db0a5c,reimbursement_atlas:au_pbs_structured_2015_07_01_48759c04140e,Existing local cache retained; use --force to replace it.,zip,2015-07-01-xml.zip,au_pbs_structured_48759c04140e9d1e,public_reuse_review,pending_human_review,True,au_pbs,https://www.pbs.gov.au/publication/schedule/2015/07/2015-07-01-xml.zip?variant=3,au_pbs_structured_2015_07_01_48759c04140e,cached,data/derived/processes/historical_source_transformation.bpmn
https://www.pbs.gov.au/info/publication/schedule/2025,9722290,[ignored-local-raw-cache]/historical_sources/pbs_structured_archive/au_pbs_structured_48d4bbce86fcfcd2.zip,e6cc5a570aa969e6a39fb501f6a89795ab0e0b408fadadf3dbcb664eb5b366b2,reimbursement_atlas:au_pbs_structured_2025_03_01_48d4bbce86fc,Existing local cache retained; use --force to replace it.,zip,2025-03-01-V2-down-converted.zip,au_pbs_structured_48d4bbce86fcfcd2,public_reuse_review,pending_human_review,True,au_pbs,https://www.pbs.gov.au/publication/schedule/2025/03/2025-03-01-V2-down-converted.zip?variant=3,au_pbs_structured_2025_03_01_48d4bbce86fc,cached,data/derived/processes/historical_source_transformation.bpmn
https://www.pbs.gov.au/info/publication/schedule/2019,4433585,[ignored-local-raw-cache]/historical_sources/pbs_structured_archive/au_pbs_structured_48e1301f0486e4a5.zip,57fa6ed06218f9f27d9482134850ce38a128dc1a0d20155c3694a9daed85f6e5,reimbursement_atlas:au_pbs_structured_2019_02_01_48e1301f0486,Existing local cache retained; use --force to replace it.,zip,2019-02-01-extracts-down-converted.zip,au_pbs_structured_48e1301f0486e4a5,public_reuse_review,pending_human_review,True,au_pbs,https://www.pbs.gov.au/publication/schedule/2019/02/2019-02-01-extracts-down-converted.zip?variant=3,au_pbs_structured_2019_02_01_48e1301f0486,cached,data/derived/processes/historical_source_transformation.bpmn
https://www.pbs.gov.au/info/publication/schedule/2023,8401514,[ignored-local-raw-cache]/historical_sources/pbs_structured_archive/au_pbs_structured_49149126de0d156a.zip,9d34d075a84fab68648b1672331f9a840feb8e5bff858c7bf0170c5c1f89c4f0,reimbursement_atlas:au_pbs_structured_2023_08_01_49149126de0d,Existing local cache retained; use --force to replace it.,zip,2023-08-01-xml-V3.zip,au_pbs_structured_49149126de0d156a,public_reuse_review,pending_human_review,True,au_pbs,https://www.pbs.gov.au/publication/schedule/2023/08/2023-08-01-xml-V3.zip?variant=3,au_pbs_structured_2023_08_01_49149126de0d,cached,data/derived/processes/historical_source_transformation.bpmn
https://www.pbs.gov.au/info/publication/schedule/2025,4756131,[ignored-local-raw-cache]/historical_sources/pbs_structured_archive/au_pbs_structured_49d24383b53bdf59.zip,98f3a86b4c270b544eb410fe682f23d25614d1c4b4f598cb5013200b0bc9c3ea,reimbursement_atlas:au_pbs_structured_2025_08_01_49d24383b53b,Existing local cache retained; use --force to replace it.,zip,2025-08-01-PBS-API-CSV-files.zip,au_pbs_structured_49d24383b53bdf59,public_reuse_review,pending_human_review,True,au_pbs,https://www.pbs.gov.au/publication/schedule/2025/08/2025-08-01-PBS-API-CSV-files.zip?variant=3,au_pbs_structured_2025_08_01_49d24383b53b,cached,data/derived/processes/historical_source_transformation.bpmn
https://www.pbs.gov.au/info/publication/schedule/2007,804967,[ignored-local-raw-cache]/historical_sources/pbs_structured_archive/au_pbs_structured_4a0c81b656408a33.zip,ebda4ce13d43fdc3691c6ec1ec0fc6cb2755bc85b61c57cd1a4af1d001e19a42,reimbursement_atlas:au_pbs_structured_2007_05_01_4a0c81b65640,Existing local cache retained; use --force to replace it.,zip,2007-05-01-general-schedule-xml.zip,au_pbs_structured_4a0c81b656408a33,public_reuse_review,pending_human_review,True,au_pbs,https://www.pbs.gov.au/publication/schedule/2007/2007-05-01-general-schedule-xml.zip?variant=3,au_pbs_structured_2007_05_01_4a0c81b65640,cached,data/derived/processes/historical_source_transformation.bpmn
https://www.pbs.gov.au/info/publication/schedule/2022,8284438,[ignored-local-raw-cache]/historical_sources/pbs_structured_archive/au_pbs_structured_4a0ceca4b7f0cb29.zip,af828f20da05c4743672f03b3e61050b571f4441d3f99a67691311132f62aa6d,reimbursement_atlas:au_pbs_structured_2022_04_01_4a0ceca4b7f0,Existing local cache retained; use --force to replace it.,zip,2022-04-01-xml-V3-release-2.zip,au_pbs_structured_4a0ceca4b7f0cb29,public_reuse_review,pending_human_review,True,au_pbs,https://www.pbs.gov.au/publication/schedule/2022/04/2022-04-01-xml-V3-release-2.zip?variant=3,au_pbs_structured_2022_04_01_4a0ceca4b7f0,cached,data/derived/processes/historical_source_transformation.bpmn
https://www.pbs.gov.au/info/publication/schedule/2015,3165858,[ignored-local-raw-cache]/historical_sources/pbs_structured_archive/au_pbs_structured_4a4c5c96c2717ca4.zip,593ecf49eecf05563f8773facc662f7614d8f25c8380d02988df328b6f932279,reimbursement_atlas:au_pbs_structured_2015_02_01_4a4c5c96c271,Existing local cache retained; use --force to replace it.,zip,2015-02-01-extracts.zip,au_pbs_structured_4a4c5c96c2717ca4,public_reuse_review,pending_human_review,True,au_pbs,https://www.pbs.gov.au/publication/schedule/2015/02/2015-02-01-extracts.zip?variant=3,au_pbs_structured_2015_02_01_4a4c5c96c271,cached,data/derived/processes/historical_source_transformation.bpmn
https://www.pbs.gov.au/info/publication/schedule/2012,567574,[ignored-local-raw-cache]/historical_sources/pbs_structured_archive/au_pbs_structured_4b17fc16bc0d0a4a.zip,1e0751ecb9cf01afea592b7d3ae18acfb2d3d9636f6559b047a1718efbbb34fa,reimbursement_atlas:au_pbs_structured_2012_03_01_4b17fc16bc0d,Existing local cache retained; use --force to replace it.,zip,2012-03-01-general-schedule-ascii.zip,au_pbs_structured_4b17fc16bc0d0a4a,public_reuse_review,pending_human_review,True,au_pbs,https://www.pbs.gov.au/publication/schedule/2012/03/2012-03-01-general-schedule-ascii.zip?variant=3,au_pbs_structured_2012_03_01_4b17fc16bc0d,cached,data/derived/processes/historical_source_transformation.bpmn
https://www.pbs.gov.au/info/publication/schedule/2019,6965139,[ignored-local-raw-cache]/historical_sources/pbs_structured_archive/au_pbs_structured_4b3ddb40d7284515.zip,5f0b42dc5a8f0dc96f5420ffc4ff06ad149f74fe1fa2e42b7fa7d2f0ea43c8f7,reimbursement_atlas:au_pbs_structured_2019_04_01_4b3ddb40d728,Existing local cache retained; use --force to replace it.,zip,2019-04-01-V2-down-converted.zip,au_pbs_structured_4b3ddb40d7284515,public_reuse_review,pending_human_review,True,au_pbs,https://www.pbs.gov.au/publication/schedule/2019/04/2019-04-01-V2-down-converted.zip?variant=3,au_pbs_structured_2019_04_01_4b3ddb40d728,cached,data/derived/processes/historical_source_transformation.bpmn
https://www.pbs.gov.au/info/publication/schedule/2017,6911761,[ignored-local-raw-cache]/historical_sources/pbs_structured_archive/au_pbs_structured_4b9f990d87f696c2.zip,1a0a38273933ab411e1c7b38408ea764c584f70859673e3a4bbf471dcef7e6dc,reimbursement_atlas:au_pbs_structured_2017_12_01_4b9f990d87f6,Existing local cache retained; use --force to replace it.,zip,2017-12-01-V2-down-converted.zip,au_pbs_structured_4b9f990d87f696c2,public_reuse_review,pending_human_review,True,au_pbs,https://www.pbs.gov.au/publication/schedule/2017/12/2017-12-01-V2-down-converted.zip?variant=3,au_pbs_structured_2017_12_01_4b9f990d87f6,cached,data/derived/processes/historical_source_transformation.bpmn
https://www.pbs.gov.au/info/publication/schedule/2021,7890661,[ignored-local-raw-cache]/historical_sources/pbs_structured_archive/au_pbs_structured_4cbf39e42a472880.zip,e66705a9a5318a8c292174d8568c8d840b818a1bdb21989d9fd8031812059e96,reimbursement_atlas:au_pbs_structured_2021_05_01_4cbf39e42a47,Existing local cache retained; use --force to replace it.,zip,2021-05-01-xml-V3.zip,au_pbs_structured_4cbf39e42a472880,public_reuse_review,pending_human_review,True,au_pbs,https://www.pbs.gov.au/publication/schedule/2021/05/2021-05-01-xml-V3.zip?variant=3,au_pbs_structured_2021_05_01_4cbf39e42a47,cached,data/derived/processes/historical_source_transformation.bpmn
https://www.pbs.gov.au/info/publication/schedule/2013,3500144,[ignored-local-raw-cache]/historical_sources/pbs_structured_archive/au_pbs_structured_4d21d7f85ee90503.zip,5a47ff94d8cfc441d3ca90f6fa5a3312d383a1ae1dfe3909b9a0733b77b63f4a,reimbursement_atlas:au_pbs_structured_2013_10_01_4d21d7f85ee9,Existing local cache retained; use --force to replace it.,zip,2013-10-01-xml.zip,au_pbs_structured_4d21d7f85ee90503,public_reuse_review,pending_human_review,True,au_pbs,https://www.pbs.gov.au/publication/schedule/2013/10/2013-10-01-xml.zip?variant=3,au_pbs_structured_2013_10_01_4d21d7f85ee9,cached,data/derived/processes/historical_source_transformation.bpmn
https://www.pbs.gov.au/info/publication/schedule/2024,3657881,[ignored-local-raw-cache]/historical_sources/pbs_structured_archive/au_pbs_structured_4d514ea1ca68091e.zip,31fb563f251d29de58907a3a7e00adc9c3685fb1782d53e304c508b82c490857,reimbursement_atlas:au_pbs_structured_2024_12_01_4d514ea1ca68,Existing local cache retained; use --force to replace it.,zip,2024-12-01-v3extracts.zip,au_pbs_structured_4d514ea1ca68091e,public_reuse_review,pending_human_review,True,au_pbs,https://www.pbs.gov.au/publication/schedule/2024/12/2024-12-01-v3extracts.zip?variant=3,au_pbs_structured_2024_12_01_4d514ea1ca68,cached,data/derived/processes/historical_source_transformation.bpmn
https://www.pbs.gov.au/info/publication/schedule/2017,5654880,[ignored-local-raw-cache]/historical_sources/pbs_structured_archive/au_pbs_structured_4e6d790174e3b417.zip,9f254ebe0d5e26bea643f87c027fb62df6a7af8dd01559555c214575b6f2b321,reimbursement_atlas:au_pbs_structured_2017_01_01_4e6d790174e3,Existing local cache retained; use --force to replace it.,zip,2017-01-01-xml.zip,au_pbs_structured_4e6d790174e3b417,public_reuse_review,pending_human_review,True,au_pbs,https://www.pbs.gov.au/publication/schedule/2017/01/2017-01-01-xml.zip?variant=3,au_pbs_structured_2017_01_01_4e6d790174e3,cached,data/derived/processes/historical_source_transformation.bpmn
https://www.pbs.gov.au/info/publication/schedule/2022,9382376,[ignored-local-raw-cache]/historical_sources/pbs_structured_archive/au_pbs_structured_4e86883a4597a021.zip,1f2486ff5ef01cb7fbf7b6a9b6435c96e9b1254bdd8bee896e37313e6c687fb8,reimbursement_atlas:au_pbs_structured_2022_05_01_4e86883a4597,Existing local cache retained; use --force to replace it.,zip,2022-05-01-V2-down-converted.zip,au_pbs_structured_4e86883a4597a021,public_reuse_review,pending_human_review,True,au_pbs,https://www.pbs.gov.au/publication/schedule/2022/05/2022-05-01-V2-down-converted.zip?variant=3,au_pbs_structured_2022_05_01_4e86883a4597,cached,data/derived/processes/historical_source_transformation.bpmn
https://www.pbs.gov.au/info/publication/schedule/2013,3513243,[ignored-local-raw-cache]/historical_sources/pbs_structured_archive/au_pbs_structured_4f3f5c0a5e9178c2.zip,6bd14b84c8225e8ad8b462a9eea9a23767417ec975e20b91fead55cf1f0c2122,reimbursement_atlas:au_pbs_structured_2013_11_01_4f3f5c0a5e91,Existing local cache retained; use --force to replace it.,zip,2013-11-01-xml.zip,au_pbs_structured_4f3f5c0a5e9178c2,public_reuse_review,pending_human_review,True,au_pbs,https://www.pbs.gov.au/publication/schedule/2013/11/2013-11-01-xml.zip?variant=3,au_pbs_structured_2013_11_01_4f3f5c0a5e91,cached,data/derived/processes/historical_source_transformation.bpmn
https://www.pbs.gov.au/info/publication/schedule/2012,554868,[ignored-local-raw-cache]/historical_sources/pbs_structured_archive/au_pbs_structured_50310ed8468fbca8.zip,4127e2ef5afd8a4c34d4351d7869dc609041ae6808e396b0b340621e3d5eac75,reimbursement_atlas:au_pbs_structured_2012_10_01_50310ed8468f,Existing local cache retained; use --force to replace it.,zip,2012-10-01-efc-xml.zip,au_pbs_structured_50310ed8468fbca8,public_reuse_review,pending_human_review,True,au_pbs,https://www.pbs.gov.au/publication/schedule/2012/10/2012-10-01-efc-xml.zip?variant=3,au_pbs_structured_2012_10_01_50310ed8468f,cached,data/derived/processes/historical_source_transformation.bpmn
https://www.pbs.gov.au/info/publication/schedule/2020,1690483,[ignored-local-raw-cache]/historical_sources/pbs_structured_archive/au_pbs_structured_5035b1ea24d215ca.zip,b810c5768c4a6e9894b2c90156158eb71ca339802fecf9ef5b60991f0dc2e3e6,reimbursement_atlas:au_pbs_structured_2020_12_01_5035b1ea24d2,Existing local cache retained; use --force to replace it.,zip,2020-12-01-v3soextracts-supply-only.zip,au_pbs_structured_5035b1ea24d215ca,public_reuse_review,pending_human_review,True,au_pbs,https://www.pbs.gov.au/publication/schedule/2020/12/2020-12-01-v3soextracts-supply-only.zip?variant=3,au_pbs_structured_2020_12_01_5035b1ea24d2,cached,data/derived/processes/historical_source_transformation.bpmn
https://www.pbs.gov.au/info/publication/schedule/2025,2295923,[ignored-local-raw-cache]/historical_sources/pbs_structured_archive/au_pbs_structured_505128a08768554a.zip,8adc1281ef8e9e17a6d69c06ea7fdf8144f2b0f6b64c07aa6607496822c09f32,reimbursement_atlas:au_pbs_structured_2025_03_01_505128a08768,Existing local cache retained; use --force to replace it.,zip,2025-03-01-v3soextracts.zip,au_pbs_structured_505128a08768554a,public_reuse_review,pending_human_review,True,au_pbs,https://www.pbs.gov.au/publication/schedule/2025/03/2025-03-01-v3soextracts.zip?variant=3,au_pbs_structured_2025_03_01_505128a08768,cached,data/derived/processes/historical_source_transformation.bpmn
https://www.pbs.gov.au/info/publication/schedule/2014,3162753,[ignored-local-raw-cache]/historical_sources/pbs_structured_archive/au_pbs_structured_510c2579ffcdc540.zip,b6ec9f714f247e8e306d235ea516e5e618bfc5fefddd90c8d9a0485ca47aacc7,reimbursement_atlas:au_pbs_structured_2014_12_01_510c2579ffcd,Existing local cache retained; use --force to replace it.,zip,2014-12-01-extracts.zip,au_pbs_structured_510c2579ffcdc540,public_reuse_review,pending_human_review,True,au_pbs,https://www.pbs.gov.au/publication/schedule/2014/12/2014-12-01-extracts.zip?variant=3,au_pbs_structured_2014_12_01_510c2579ffcd,cached,data/derived/processes/historical_source_transformation.bpmn
https://www.pbs.gov.au/info/publication/schedule/2024,10707056,[ignored-local-raw-cache]/historical_sources/pbs_structured_archive/au_pbs_structured_5171d93ad3bb3239.zip,559be48093713b0c5ff86ee08a921c9f616bd389f6c15aeff02cacaa8a2f7e67,reimbursement_atlas:au_pbs_structured_2024_10_01_5171d93ad3bb,Existing local cache retained; use --force to replace it.,zip,2024-10-01-xml-V3.zip,au_pbs_structured_5171d93ad3bb3239,public_reuse_review,pending_human_review,True,au_pbs,https://www.pbs.gov.au/publication/schedule/2024/10/2024-10-01-xml-V3.zip?variant=3,au_pbs_structured_2024_10_01_5171d93ad3bb,cached,data/derived/processes/historical_source_transformation.bpmn
https://www.pbs.gov.au/info/publication/schedule/2015,3240520,[ignored-local-raw-cache]/historical_sources/pbs_structured_archive/au_pbs_structured_53df01d8c09a2491.zip,68bb46f04d0c11c61e87b067fd507647ee692efbff3600493ea3fae86668152f,reimbursement_atlas:au_pbs_structured_2015_08_01_53df01d8c09a,Existing local cache retained; use --force to replace it.,zip,2015-08-01-extracts.zip,au_pbs_structured_53df01d8c09a2491,public_reuse_review,pending_human_review,True,au_pbs,https://www.pbs.gov.au/publication/schedule/2015/08/2015-08-01-extracts.zip?variant=3,au_pbs_structured_2015_08_01_53df01d8c09a,cached,data/derived/processes/historical_source_transformation.bpmn
https://www.pbs.gov.au/info/publication/schedule/2024,3462837,[ignored-local-raw-cache]/historical_sources/pbs_structured_archive/au_pbs_structured_54a3b90e42aa4950.zip,c8b672e3102f3121494a1feda73032dd9329c4e4cf1840c2a1863b37ae9ab3a1,reimbursement_atlas:au_pbs_structured_2024_04_01_54a3b90e42aa,Existing local cache retained; use --force to replace it.,zip,2024-04-01-v3extracts.zip,au_pbs_structured_54a3b90e42aa4950,public_reuse_review,pending_human_review,True,au_pbs,https://www.pbs.gov.au/publication/schedule/2024/04/2024-04-01-v3extracts.zip?variant=3,au_pbs_structured_2024_04_01_54a3b90e42aa,cached,data/derived/processes/historical_source_transformation.bpmn
https://www.pbs.gov.au/info/publication/schedule/2023,9093020,[ignored-local-raw-cache]/historical_sources/pbs_structured_archive/au_pbs_structured_54ba39f246db25b0.zip,2025d426c9dbe747626ed52e58795a963fd393e6875943938fe9e33fcd20b78c,reimbursement_atlas:au_pbs_structured_2023_09_01_54ba39f246db,Existing local cache retained; use --force to replace it.,zip,2023-09-01-xml-V3.zip,au_pbs_structured_54ba39f246db25b0,public_reuse_review,pending_human_review,True,au_pbs,https://www.pbs.gov.au/publication/schedule/2023/09/2023-09-01-xml-V3.zip?variant=3,au_pbs_structured_2023_09_01_54ba39f246db,cached,data/derived/processes/historical_source_transformation.bpmn
https://www.pbs.gov.au/info/publication/schedule/2021,7892997,[ignored-local-raw-cache]/historical_sources/pbs_structured_archive/au_pbs_structured_558364236e2d51ae.zip,862d7a54a267258177a69e2f1ee9574c0de57990d88babbf9542963077a238bc,reimbursement_atlas:au_pbs_structured_2021_02_01_558364236e2d,Existing local cache retained; use --force to replace it.,zip,2021-02-01-xml-V3.zip,au_pbs_structured_558364236e2d51ae,public_reuse_review,pending_human_review,True,au_pbs,https://www.pbs.gov.au/publication/schedule/2021/02/2021-02-01-xml-V3.zip?variant=3,au_pbs_structured_2021_02_01_558364236e2d,cached,data/derived/processes/historical_source_transformation.bpmn
https://www.pbs.gov.au/info/publication/schedule/2025,10295380,[ignored-local-raw-cache]/historical_sources/pbs_structured_archive/au_pbs_structured_57054729a02f980a.zip,8d2ad404abcb3a4645dd3f9da2933a024170bfdce0c5c11a55474f2b38a9691a,reimbursement_atlas:au_pbs_structured_2025_01_01_57054729a02f,Existing local cache retained; use --force to replace it.,zip,2025-01-01-V2-down-converted.zip,au_pbs_structured_57054729a02f980a,public_reuse_review,pending_human_review,True,au_pbs,https://www.pbs.gov.au/publication/schedule/2025/01/2025-01-01-V2-down-converted.zip?variant=3,au_pbs_structured_2025_01_01_57054729a02f,cached,data/derived/processes/historical_source_transformation.bpmn
https://www.pbs.gov.au/info/publication/schedule/2007,398712,[ignored-local-raw-cache]/historical_sources/pbs_structured_archive/au_pbs_structured_5731f8e990da371b.zip,66520e84877a97a957af1004db2121cead5461dd6904368ddd3e3b46f9fa1692,reimbursement_atlas:au_pbs_structured_2007_09_01_5731f8e990da,Existing local cache retained; use --force to replace it.,zip,2007-09-01-general-schedule-ascii.zip,au_pbs_structured_5731f8e990da371b,public_reuse_review,pending_human_review,True,au_pbs,https://www.pbs.gov.au/publication/schedule/2007/2007-09-01-general-schedule-ascii.zip?variant=3,au_pbs_structured_2007_09_01_5731f8e990da,cached,data/derived/processes/historical_source_transformation.bpmn
https://www.pbs.gov.au/info/publication/schedule/2025,10005836,[ignored-local-raw-cache]/historical_sources/pbs_structured_archive/au_pbs_structured_575b2cbeec9f22b6.zip,4fe000b7c96f05599844626b277f93175d84210c2f56d76011eb8ad25c9ec3cd,reimbursement_atlas:au_pbs_structured_2025_08_01_575b2cbeec9f,Existing local cache retained; use --force to replace it.,zip,2025-08-01-V2-down-converted.zip,au_pbs_structured_575b2cbeec9f22b6,public_reuse_review,pending_human_review,True,au_pbs,https://www.pbs.gov.au/publication/schedule/2025/08/2025-08-01-V2-down-converted.zip?variant=3,au_pbs_structured_2025_08_01_575b2cbeec9f,cached,data/derived/processes/historical_source_transformation.bpmn
https://www.pbs.gov.au/info/publication/schedule/2017,5245676,[ignored-local-raw-cache]/historical_sources/pbs_structured_archive/au_pbs_structured_578d258896785d9a.zip,bf69f5745c5dba92cd0d47c3cf9a3ef9ff4be603713cfcc87627334253fe6439,reimbursement_atlas:au_pbs_structured_2017_05_01_578d25889678,Existing local cache retained; use --force to replace it.,zip,2017-05-01-xml.zip,au_pbs_structured_578d258896785d9a,public_reuse_review,pending_human_review,True,au_pbs,https://www.pbs.gov.au/publication/schedule/2017/05/2017-05-01-xml.zip?variant=3,au_pbs_structured_2017_05_01_578d25889678,cached,data/derived/processes/historical_source_transformation.bpmn
https://www.pbs.gov.au/info/publication/schedule/2009,477705,[ignored-local-raw-cache]/historical_sources/pbs_structured_archive/au_pbs_structured_57a9d83612a7b30e.zip,14b6a9f480bda74640019b3ead37ac61c708cef8bb1f7afad410ad3ef39347b6,reimbursement_atlas:au_pbs_structured_2009_01_01_57a9d83612a7,Existing local cache retained; use --force to replace it.,zip,2009-01-01-general-schedule-ascii.zip,au_pbs_structured_57a9d83612a7b30e,public_reuse_review,pending_human_review,True,au_pbs,https://www.pbs.gov.au/publication/schedule/2009/2009-01-01-general-schedule-ascii.zip?variant=3,au_pbs_structured_2009_01_01_57a9d83612a7,cached,data/derived/processes/historical_source_transformation.bpmn
https://www.pbs.gov.au/info/publication/schedule/2012,527385,[ignored-local-raw-cache]/historical_sources/pbs_structured_archive/au_pbs_structured_57ae8a19927a81b6.zip,9986021ac8c29845800ad98941d4ab266356420c272c7dcfe47310bb981574cd,reimbursement_atlas:au_pbs_structured_2012_04_01_57ae8a19927a,Existing local cache retained; use --force to replace it.,zip,2012-04-01-efc-xml.zip,au_pbs_structured_57ae8a19927a81b6,public_reuse_review,pending_human_review,True,au_pbs,https://www.pbs.gov.au/publication/schedule/2012/04/2012-04-01-efc-xml.zip?variant=3,au_pbs_structured_2012_04_01_57ae8a19927a,cached,data/derived/processes/historical_source_transformation.bpmn
https://www.pbs.gov.au/info/publication/schedule/2014,3768555,[ignored-local-raw-cache]/historical_sources/pbs_structured_archive/au_pbs_structured_57c7e4300d2dafff.zip,3241dd32a7ad493993e6a1a1ad6783972bf6515a4d0536d604518dfc73222f94,reimbursement_atlas:au_pbs_structured_2014_11_01_57c7e4300d2d,Existing local cache retained; use --force to replace it.,zip,2014-11-01-xml.zip,au_pbs_structured_57c7e4300d2dafff,public_reuse_review,pending_human_review,True,au_pbs,https://www.pbs.gov.au/publication/schedule/2014/11/2014-11-01-xml.zip?variant=3,au_pbs_structured_2014_11_01_57c7e4300d2d,cached,data/derived/processes/historical_source_transformation.bpmn
https://www.pbs.gov.au/info/publication/schedule/2018,7200154,[ignored-local-raw-cache]/historical_sources/pbs_structured_archive/au_pbs_structured_59373422c96f416c.zip,926726835a7665bf24fd3ca2357490fae514e9378aff44da3c2db64b96c8c6e7,reimbursement_atlas:au_pbs_structured_2018_06_01_59373422c96f,Existing local cache retained; use --force to replace it.,zip,2018-06-01-xml-V3.zip,au_pbs_structured_59373422c96f416c,public_reuse_review,pending_human_review,True,au_pbs,https://www.pbs.gov.au/publication/schedule/2018/06/2018-06-01-xml-V3.zip?variant=3,au_pbs_structured_2018_06_01_59373422c96f,cached,data/derived/processes/historical_source_transformation.bpmn
https://www.pbs.gov.au/info/publication/schedule/2019,4409845,[ignored-local-raw-cache]/historical_sources/pbs_structured_archive/au_pbs_structured_5996cd1da9101afc.zip,2e7aaf11df892c4c3be0c4838b952e10b6cc50caeb92b398798c66bb0aa3c525,reimbursement_atlas:au_pbs_structured_2019_12_01_5996cd1da910,Existing local cache retained; use --force to replace it.,zip,2019-12-01-extracts-down-converted.zip,au_pbs_structured_5996cd1da9101afc,public_reuse_review,pending_human_review,True,au_pbs,https://www.pbs.gov.au/publication/schedule/2019/12/2019-12-01-extracts-down-converted.zip?variant=3,au_pbs_structured_2019_12_01_5996cd1da910,cached,data/derived/processes/historical_source_transformation.bpmn
https://www.pbs.gov.au/info/publication/schedule/2023,18565,[ignored-local-raw-cache]/historical_sources/pbs_structured_archive/au_pbs_structured_59ccd510180cbf39.csv,da4437d35e2e89fd2b1970abd42462e8ac3db482dc6f66a7a095305ebdc553eb,reimbursement_atlas:au_pbs_structured_unknown_59ccd510180c,Existing local cache retained; use --force to replace it.,csv,Supply-Only-Listings-Nov-2023-Public.csv,au_pbs_structured_59ccd510180cbf39,public_reuse_review,pending_human_review,True,au_pbs,https://www.pbs.gov.au/publication/schedule/2023/11/Supply-Only-Listings-Nov-2023-Public.csv?variant=3,au_pbs_structured_unknown_59ccd510180c,cached,data/derived/processes/historical_source_transformation.bpmn
https://www.pbs.gov.au/info/publication/schedule/2015,3287074,[ignored-local-raw-cache]/historical_sources/pbs_structured_archive/au_pbs_structured_59daf90c7b15bcc1.zip,678d1f92548a8e3e54b6175e5ae959da2a1e7a1a0a5b18ebc84ade644dc1a2cc,reimbursement_atlas:au_pbs_structured_2015_01_01_59daf90c7b15,Existing local cache retained; use --force to replace it.,zip,2015-01-01-extracts.zip,au_pbs_structured_59daf90c7b15bcc1,public_reuse_review,pending_human_review,True,au_pbs,https://www.pbs.gov.au/publication/schedule/2015/01/2015-01-01-extracts.zip?variant=3,au_pbs_structured_2015_01_01_59daf90c7b15,cached,data/derived/processes/historical_source_transformation.bpmn
https://www.pbs.gov.au/info/publication/schedule/2025,10387807,[ignored-local-raw-cache]/historical_sources/pbs_structured_archive/au_pbs_structured_5a28c7bba5faf25f.zip,9c0b486f6d177d78f9e3668cee41e4e7b34ba3d0e21ff3eb87efd76f45435cdb,reimbursement_atlas:au_pbs_structured_2025_11_01_5a28c7bba5fa,Existing local cache retained; use --force to replace it.,zip,2025-11-01-xml-V3.zip,au_pbs_structured_5a28c7bba5faf25f,public_reuse_review,pending_human_review,True,au_pbs,https://www.pbs.gov.au/publication/schedule/2025/11/2025-11-01-xml-V3.zip?variant=3,au_pbs_structured_2025_11_01_5a28c7bba5fa,cached,data/derived/processes/historical_source_transformation.bpmn
https://www.pbs.gov.au/info/publication/schedule/2018,4067640,[ignored-local-raw-cache]/historical_sources/pbs_structured_archive/au_pbs_structured_5c0244c02c930485.zip,e0f064da47eaa76eb091328d480eaf3ad866d6eb8550e314fe65a1e42ff594f8,reimbursement_atlas:au_pbs_structured_2018_05_01_5c0244c02c93,Existing local cache retained; use --force to replace it.,zip,2018-05-01-extracts-down-converted.zip,au_pbs_structured_5c0244c02c930485,public_reuse_review,pending_human_review,True,au_pbs,https://www.pbs.gov.au/publication/schedule/2018/05/2018-05-01-extracts-down-converted.zip?variant=3,au_pbs_structured_2018_05_01_5c0244c02c93,cached,data/derived/processes/historical_source_transformation.bpmn
https://www.pbs.gov.au/info/publication/schedule/2014,2967195,[ignored-local-raw-cache]/historical_sources/pbs_structured_archive/au_pbs_structured_5c9a983c11a5cd0b.zip,f7d66578161980513aa5da799bbdc34e651a4a4da96b47c8837a82ee48e48c8a,reimbursement_atlas:au_pbs_structured_2014_03_01_5c9a983c11a5,Existing local cache retained; use --force to replace it.,zip,2014-03-01-extracts.zip,au_pbs_structured_5c9a983c11a5cd0b,public_reuse_review,pending_human_review,True,au_pbs,https://www.pbs.gov.au/publication/schedule/2014/03/2014-03-01-extracts.zip?variant=3,au_pbs_structured_2014_03_01_5c9a983c11a5,cached,data/derived/processes/historical_source_transformation.bpmn
https://www.pbs.gov.au/info/publication/schedule/2022,1976373,[ignored-local-raw-cache]/historical_sources/pbs_structured_archive/au_pbs_structured_5caa3ddbd1fc6594.zip,2d1c60c08d860eb57a91a4312d63b3fb7e91058e14fed9171b33cb8d607ca357,reimbursement_atlas:au_pbs_structured_2022_10_01_5caa3ddbd1fc,Existing local cache retained; use --force to replace it.,zip,2022-10-01-v3soextracts.zip,au_pbs_structured_5caa3ddbd1fc6594,public_reuse_review,pending_human_review,True,au_pbs,https://www.pbs.gov.au/publication/schedule/2022/10/2022-10-01-v3soextracts.zip?variant=3,au_pbs_structured_2022_10_01_5caa3ddbd1fc,cached,data/derived/processes/historical_source_transformation.bpmn
https://www.pbs.gov.au/info/publication/schedule/2016,6789862,[ignored-local-raw-cache]/historical_sources/pbs_structured_archive/au_pbs_structured_5d27ad185816808c.zip,2e3c7def0ee3bd61fad752944a450471128fe2513c07309fa9249cccc1d696b3,reimbursement_atlas:au_pbs_structured_2016_04_01_5d27ad185816,Existing local cache retained; use --force to replace it.,zip,2016-04-01-xml.zip,au_pbs_structured_5d27ad185816808c,public_reuse_review,pending_human_review,True,au_pbs,https://www.pbs.gov.au/publication/schedule/2016/04/2016-04-01-xml.zip?variant=3,au_pbs_structured_2016_04_01_5d27ad185816,cached,data/derived/processes/historical_source_transformation.bpmn
https://www.pbs.gov.au/info/publication/schedule/2007,873081,[ignored-local-raw-cache]/historical_sources/pbs_structured_archive/au_pbs_structured_5dbf07d3579e74a8.zip,aec5f50bddd37bc892902edb5d5b7bcf7f8fbcf43b41ecbc1d5ce7c41d0801d4,reimbursement_atlas:au_pbs_structured_2007_10_01_5dbf07d3579e,Existing local cache retained; use --force to replace it.,zip,2007-10-01-general-schedule-xml.zip,au_pbs_structured_5dbf07d3579e74a8,public_reuse_review,pending_human_review,True,au_pbs,https://www.pbs.gov.au/publication/schedule/2007/2007-10-01-general-schedule-xml.zip?variant=3,au_pbs_structured_2007_10_01_5dbf07d3579e,cached,data/derived/processes/historical_source_transformation.bpmn
https://www.pbs.gov.au/info/publication/schedule/2017,5352355,[ignored-local-raw-cache]/historical_sources/pbs_structured_archive/au_pbs_structured_5dc917ee79deb3cb.zip,7fcceddb7d9ff14bad6c817064cfc06e07be40afa1b3f313a696c12ec583e63c,reimbursement_atlas:au_pbs_structured_2017_06_01_5dc917ee79de,Existing local cache retained; use --force to replace it.,zip,2017-06-01-xml.zip,au_pbs_structured_5dc917ee79deb3cb,public_reuse_review,pending_human_review,True,au_pbs,https://www.pbs.gov.au/publication/schedule/2017/06/2017-06-01-xml.zip?variant=3,au_pbs_structured_2017_06_01_5dc917ee79de,cached,data/derived/processes/historical_source_transformation.bpmn
https://www.pbs.gov.au/info/publication/schedule/2019,7309715,[ignored-local-raw-cache]/historical_sources/pbs_structured_archive/au_pbs_structured_5dcc53cf93a2c9f0.zip,dd110581e64760f72106665c909e6ad396658207e3ddc9a7202a9148da13297f,reimbursement_atlas:au_pbs_structured_2019_05_01_5dcc53cf93a2,Existing local cache retained; use --force to replace it.,zip,2019-05-01-xml-V3.zip,au_pbs_structured_5dcc53cf93a2c9f0,public_reuse_review,pending_human_review,True,au_pbs,https://www.pbs.gov.au/publication/schedule/2019/05/2019-05-01-xml-V3.zip?variant=3,au_pbs_structured_2019_05_01_5dcc53cf93a2,cached,data/derived/processes/historical_source_transformation.bpmn
https://www.pbs.gov.au/info/publication/schedule/2024,8910061,[ignored-local-raw-cache]/historical_sources/pbs_structured_archive/au_pbs_structured_5ef154f8c832a49a.zip,ab5281fa8fdc3ff2e31e18fe0c535e921a99c1b3c90bd5f522227ad0269f127d,reimbursement_atlas:au_pbs_structured_2024_02_01_5ef154f8c832,Existing local cache retained; use --force to replace it.,zip,2024-02-01-V2-down-converted.zip,au_pbs_structured_5ef154f8c832a49a,public_reuse_review,pending_human_review,True,au_pbs,https://www.pbs.gov.au/publication/schedule/2024/02/2024-02-01-V2-down-converted.zip?variant=3,au_pbs_structured_2024_02_01_5ef154f8c832,cached,data/derived/processes/historical_source_transformation.bpmn
https://www.pbs.gov.au/info/publication/schedule/2012,1716876,[ignored-local-raw-cache]/historical_sources/pbs_structured_archive/au_pbs_structured_5f00a10bf6bf56e1.zip,8551f1bf1314389ac44ab5e50407199d4854bcaa6d693cbe08a96aa133aed04a,reimbursement_atlas:au_pbs_structured_2012_09_01_5f00a10bf6bf,Existing local cache retained; use --force to replace it.,zip,2012-09-01-general-schedule-xml.zip,au_pbs_structured_5f00a10bf6bf56e1,public_reuse_review,pending_human_review,True,au_pbs,https://www.pbs.gov.au/publication/schedule/2012/09/2012-09-01-general-schedule-xml.zip?variant=3,au_pbs_structured_2012_09_01_5f00a10bf6bf,cached,data/derived/processes/historical_source_transformation.bpmn
https://www.pbs.gov.au/info/publication/schedule/2025,3671986,[ignored-local-raw-cache]/historical_sources/pbs_structured_archive/au_pbs_structured_607c89cfdaad45c6.zip,6bb90f5de3eaab3b096fb8be211d7d76e8bb63b3abd6f9bf9cb480f33d24fdbf,reimbursement_atlas:au_pbs_structured_2025_05_01_607c89cfdaad,Existing local cache retained; use --force to replace it.,zip,2025-05-01-PBS-API-CSV-files.zip,au_pbs_structured_607c89cfdaad45c6,public_reuse_review,pending_human_review,True,au_pbs,https://www.pbs.gov.au/publication/schedule/2025/05/2025-05-01-PBS-API-CSV-files.zip?variant=3,au_pbs_structured_2025_05_01_607c89cfdaad,cached,data/derived/processes/historical_source_transformation.bpmn
https://www.pbs.gov.au/info/publication/schedule/2010,490276,[ignored-local-raw-cache]/historical_sources/pbs_structured_archive/au_pbs_structured_609e847d6b5809b2.zip,07ebac90dd64f2fa1ca6604517b2a1f59a544f36b3d7af5bacbf527ade3d52fc,reimbursement_atlas:au_pbs_structured_2010_02_01_609e847d6b58,Existing local cache retained; use --force to replace it.,zip,2010-02-01-general-schedule-ascii.zip,au_pbs_structured_609e847d6b5809b2,public_reuse_review,pending_human_review,True,au_pbs,https://www.pbs.gov.au/publication/schedule/2010/2010-02-01-general-schedule-ascii.zip?variant=3,au_pbs_structured_2010_02_01_609e847d6b58,cached,data/derived/processes/historical_source_transformation.bpmn
https://www.pbs.gov.au/info/publication/schedule/2018,8273945,[ignored-local-raw-cache]/historical_sources/pbs_structured_archive/au_pbs_structured_60fec89a37bbdda9.zip,a9f7edbb43b2186e58b3b3f14906fa32429346057059ca88ae8b7a053ba36565,reimbursement_atlas:au_pbs_structured_2018_07_01_60fec89a37bb,Existing local cache retained; use --force to replace it.,zip,2018-07-01-xml-V3.zip,au_pbs_structured_60fec89a37bbdda9,public_reuse_review,pending_human_review,True,au_pbs,https://www.pbs.gov.au/publication/schedule/2018/07/2018-07-01-xml-V3.zip?variant=3,au_pbs_structured_2018_07_01_60fec89a37bb,cached,data/derived/processes/historical_source_transformation.bpmn
https://www.pbs.gov.au/info/publication/schedule/2021,2903943,[ignored-local-raw-cache]/historical_sources/pbs_structured_archive/au_pbs_structured_61066847c82bb8dd.zip,93756a1d77ca5bcbd3f963b5ad84b2594b5be4df539e30f3019dff47c767e811,reimbursement_atlas:au_pbs_structured_2021_07_01_61066847c82b,Existing local cache retained; use --force to replace it.,zip,2021-07-01-v3extracts.zip,au_pbs_structured_61066847c82bb8dd,public_reuse_review,pending_human_review,True,au_pbs,https://www.pbs.gov.au/publication/schedule/2021/07/2021-07-01-v3extracts.zip?variant=3,au_pbs_structured_2021_07_01_61066847c82b,cached,data/derived/processes/historical_source_transformation.bpmn
https://www.pbs.gov.au/info/publication/schedule/2012,113108,[ignored-local-raw-cache]/historical_sources/pbs_structured_archive/au_pbs_structured_613be758035dce57.zip,1464b8772ae1e6d3609f532536f93e5858c8df632bc2922989a67766d6d5bf39,reimbursement_atlas:au_pbs_structured_2012_01_01_613be758035d,Existing local cache retained; use --force to replace it.,zip,2012-01-01-chemotherapy-extracts.zip,au_pbs_structured_613be758035dce57,public_reuse_review,pending_human_review,True,au_pbs,https://www.pbs.gov.au/publication/schedule/2012/01/2012-01-01-chemotherapy-extracts.zip?variant=3,au_pbs_structured_2012_01_01_613be758035d,cached,data/derived/processes/historical_source_transformation.bpmn
https://www.pbs.gov.au/info/publication/schedule/2021,1797182,[ignored-local-raw-cache]/historical_sources/pbs_structured_archive/au_pbs_structured_614371372d70a564.zip,aae10c9426f197139cb390a274e34bed0acf56cf9e0f135b3fb798918e40a7da,reimbursement_atlas:au_pbs_structured_2021_04_01_614371372d70,Existing local cache retained; use --force to replace it.,zip,2021-04-01-v3soextracts.zip,au_pbs_structured_614371372d70a564,public_reuse_review,pending_human_review,True,au_pbs,https://www.pbs.gov.au/publication/schedule/2021/04/2021-04-01-v3soextracts.zip?variant=3,au_pbs_structured_2021_04_01_614371372d70,cached,data/derived/processes/historical_source_transformation.bpmn
https://www.pbs.gov.au/info/publication/schedule/2007,796434,[ignored-local-raw-cache]/historical_sources/pbs_structured_archive/au_pbs_structured_61ec0fd5efbcef8c.zip,6073a5aa929017c1c0a02f2f602b24b2e1ca20c71f1671a9c8b97514942ca207,reimbursement_atlas:au_pbs_structured_2007_04_01_61ec0fd5efbc,Existing local cache retained; use --force to replace it.,zip,2007-04-01-general-schedule-xml.zip,au_pbs_structured_61ec0fd5efbcef8c,public_reuse_review,pending_human_review,True,au_pbs,https://www.pbs.gov.au/publication/schedule/2007/2007-04-01-general-schedule-xml.zip?variant=3,au_pbs_structured_2007_04_01_61ec0fd5efbc,cached,data/derived/processes/historical_source_transformation.bpmn
https://www.pbs.gov.au/info/publication/schedule/2025,3704253,[ignored-local-raw-cache]/historical_sources/pbs_structured_archive/au_pbs_structured_6252446f4fba873a.zip,55bfd7b50e93f61694e027838c581696e0794233aea4cbb0cb12980c80a12340,reimbursement_atlas:au_pbs_structured_2025_06_01_6252446f4fba,Existing local cache retained; use --force to replace it.,zip,2025-06-01-v3extracts.zip,au_pbs_structured_6252446f4fba873a,public_reuse_review,pending_human_review,True,au_pbs,https://www.pbs.gov.au/publication/schedule/2025/06/2025-06-01-v3extracts.zip?variant=3,au_pbs_structured_2025_06_01_6252446f4fba,cached,data/derived/processes/historical_source_transformation.bpmn
https://www.pbs.gov.au/info/publication/schedule/2014,3040140,[ignored-local-raw-cache]/historical_sources/pbs_structured_archive/au_pbs_structured_626848a5316ea3e3.zip,12e4b19de54d58eb593078fef230afc17170d84141340eba545dd18bca5ffd80,reimbursement_atlas:au_pbs_structured_2014_10_01_626848a5316e,Existing local cache retained; use --force to replace it.,zip,2014-10-01-extracts.zip,au_pbs_structured_626848a5316ea3e3,public_reuse_review,pending_human_review,True,au_pbs,https://www.pbs.gov.au/publication/schedule/2014/10/2014-10-01-extracts.zip?variant=3,au_pbs_structured_2014_10_01_626848a5316e,cached,data/derived/processes/historical_source_transformation.bpmn
https://www.pbs.gov.au/info/publication/schedule/2019,4263548,[ignored-local-raw-cache]/historical_sources/pbs_structured_archive/au_pbs_structured_62a4512d6d6094da.zip,0a6476f1e8df0b725f81ce9c86d85a1b65d683703748b41a54ecdbb48449f076,reimbursement_atlas:au_pbs_structured_2019_07_01_62a4512d6d60,Existing local cache retained; use --force to replace it.,zip,2019-07-01-extracts-down-converted.zip,au_pbs_structured_62a4512d6d6094da,public_reuse_review,pending_human_review,True,au_pbs,https://www.pbs.gov.au/publication/schedule/2019/07/2019-07-01-extracts-down-converted.zip?variant=3,au_pbs_structured_2019_07_01_62a4512d6d60,cached,data/derived/processes/historical_source_transformation.bpmn
https://www.pbs.gov.au/info/publication/schedule/2026,2452119,[ignored-local-raw-cache]/historical_sources/pbs_structured_archive/au_pbs_structured_62c52afccc87e42e.zip,59b0d40b339a0b25ed1cd9569d6ed4f44aeb8a14136d19991d882297723f441b,reimbursement_atlas:au_pbs_structured_2026_05_01_62c52afccc87,Existing local cache retained; use --force to replace it.,zip,2026-05-01-v3soextracts.zip,au_pbs_structured_62c52afccc87e42e,public_reuse_review,pending_human_review,True,au_pbs,https://www.pbs.gov.au/publication/schedule/2026/05/2026-05-01-v3soextracts.zip?variant=3,au_pbs_structured_2026_05_01_62c52afccc87,cached,data/derived/processes/historical_source_transformation.bpmn
https://www.pbs.gov.au/info/publication/schedule/2020,4529265,[ignored-local-raw-cache]/historical_sources/pbs_structured_archive/au_pbs_structured_62d114f74834c4bf.zip,a1dac9e23f9fab515ce4784e404b6f5561095660a23f845f8b6c9882ebed90ac,reimbursement_atlas:au_pbs_structured_2020_08_01_62d114f74834,Existing local cache retained; use --force to replace it.,zip,2020-08-01-extracts-down-converted.zip,au_pbs_structured_62d114f74834c4bf,public_reuse_review,pending_human_review,True,au_pbs,https://www.pbs.gov.au/publication/schedule/2020/08/2020-08-01-extracts-down-converted.zip?variant=3,au_pbs_structured_2020_08_01_62d114f74834,cached,data/derived/processes/historical_source_transformation.bpmn
https://www.pbs.gov.au/info/publication/schedule/2009,486315,[ignored-local-raw-cache]/historical_sources/pbs_structured_archive/au_pbs_structured_62f1d7cc5fee6277.zip,8e0cacf604113ff1466b9532afaa9da35f8e54b46bcde9b02996b53093ee36fd,reimbursement_atlas:au_pbs_structured_2009_07_01_62f1d7cc5fee,Existing local cache retained; use --force to replace it.,zip,2009-07-01-general-schedule-ascii.zip,au_pbs_structured_62f1d7cc5fee6277,public_reuse_review,pending_human_review,True,au_pbs,https://www.pbs.gov.au/publication/schedule/2009/2009-07-01-general-schedule-ascii.zip?variant=3,au_pbs_structured_2009_07_01_62f1d7cc5fee,cached,data/derived/processes/historical_source_transformation.bpmn
https://www.pbs.gov.au/info/publication/schedule/2016,5074216,[ignored-local-raw-cache]/historical_sources/pbs_structured_archive/au_pbs_structured_62f36bbcd9ec1572.zip,02e74b1dd2c769ff5251e0955762653c0626e8ceee62101a59bb442ebce675bb,reimbursement_atlas:au_pbs_structured_2016_06_01_62f36bbcd9ec,Existing local cache retained; use --force to replace it.,zip,2016-06-01-xml.zip,au_pbs_structured_62f36bbcd9ec1572,public_reuse_review,pending_human_review,True,au_pbs,https://www.pbs.gov.au/publication/schedule/2016/06/2016-06-01-xml.zip?variant=3,au_pbs_structured_2016_06_01_62f36bbcd9ec,cached,data/derived/processes/historical_source_transformation.bpmn
https://www.pbs.gov.au/info/publication/schedule/2024,2145405,[ignored-local-raw-cache]/historical_sources/pbs_structured_archive/au_pbs_structured_632274acccac15c5.zip,1d053982fa539c7f64fe56d4de8e10e1cf46ca7e6b7595de6ecbeae5671f69a0,reimbursement_atlas:au_pbs_structured_2024_01_01_632274acccac,Existing local cache retained; use --force to replace it.,zip,2024-01-01-v3soextracts.zip,au_pbs_structured_632274acccac15c5,public_reuse_review,pending_human_review,True,au_pbs,https://www.pbs.gov.au/publication/schedule/2024/01/2024-01-01-v3soextracts.zip?variant=3,au_pbs_structured_2024_01_01_632274acccac,cached,data/derived/processes/historical_source_transformation.bpmn
https://www.pbs.gov.au/info/publication/schedule/2020,7856783,[ignored-local-raw-cache]/historical_sources/pbs_structured_archive/au_pbs_structured_635941ccfb913421.zip,5fe1715d9339946e114e09c87a80fb3691071583bc5bfb97328baab74c2c4f2b,reimbursement_atlas:au_pbs_structured_2020_12_01_635941ccfb91,Existing local cache retained; use --force to replace it.,zip,2020-12-01-xml-V3.zip,au_pbs_structured_635941ccfb913421,public_reuse_review,pending_human_review,True,au_pbs,https://www.pbs.gov.au/publication/schedule/2020/12/2020-12-01-xml-V3.zip?variant=3,au_pbs_structured_2020_12_01_635941ccfb91,cached,data/derived/processes/historical_source_transformation.bpmn
https://www.pbs.gov.au/info/publication/schedule/2013,2857918,[ignored-local-raw-cache]/historical_sources/pbs_structured_archive/au_pbs_structured_63842a3829119bc5.zip,c0272a601e2de8a7917afe3e2f78537458c27a41918bae332fba64485509ab95,reimbursement_atlas:au_pbs_structured_2013_04_01_63842a382911,Existing local cache retained; use --force to replace it.,zip,2013-04-01-extracts.zip,au_pbs_structured_63842a3829119bc5,public_reuse_review,pending_human_review,True,au_pbs,https://www.pbs.gov.au/publication/schedule/2013/04/2013-04-01-extracts.zip?variant=3,au_pbs_structured_2013_04_01_63842a382911,cached,data/derived/processes/historical_source_transformation.bpmn
https://www.pbs.gov.au/info/publication/schedule/2019,4229324,[ignored-local-raw-cache]/historical_sources/pbs_structured_archive/au_pbs_structured_638d74e9202e5729.zip,c2646848ec3648086b3cb11f3a1ddfde605c83b33b72f7ffc93dfeab1128d61f,reimbursement_atlas:au_pbs_structured_2019_01_01_638d74e9202e,Existing local cache retained; use --force to replace it.,zip,2019-01-01-extracts-down-converted.zip,au_pbs_structured_638d74e9202e5729,public_reuse_review,pending_human_review,True,au_pbs,https://www.pbs.gov.au/publication/schedule/2019/01/2019-01-01-extracts-down-converted.zip?variant=3,au_pbs_structured_2019_01_01_638d74e9202e,cached,data/derived/processes/historical_source_transformation.bpmn
https://www.pbs.gov.au/info/publication/schedule/2023,3131602,[ignored-local-raw-cache]/historical_sources/pbs_structured_archive/au_pbs_structured_641c9cb45fb7ce83.zip,c49bf81946fac266231f2a117e1f1ba4e6d1bb58d367e5c39543782abcc5f6d1,reimbursement_atlas:au_pbs_structured_2023_02_01_641c9cb45fb7,Existing local cache retained; use --force to replace it.,zip,2023-02-01-v3extracts.zip,au_pbs_structured_641c9cb45fb7ce83,public_reuse_review,pending_human_review,True,au_pbs,https://www.pbs.gov.au/publication/schedule/2023/02/2023-02-01-v3extracts.zip?variant=3,au_pbs_structured_2023_02_01_641c9cb45fb7,cached,data/derived/processes/historical_source_transformation.bpmn
https://www.pbs.gov.au/info/publication/schedule/2013,2685162,[ignored-local-raw-cache]/historical_sources/pbs_structured_archive/au_pbs_structured_646bc1df91ffc9c9.zip,ce195d7ce99b9ce44a0c3fac12ad0fb4518250a6af569ef4b9015fe6d89da530,reimbursement_atlas:au_pbs_structured_2013_01_01_646bc1df91ff,Existing local cache retained; use --force to replace it.,zip,2013-01-01-extracts.zip,au_pbs_structured_646bc1df91ffc9c9,public_reuse_review,pending_human_review,True,au_pbs,https://www.pbs.gov.au/publication/schedule/2013/01/2013-01-01-extracts.zip?variant=3,au_pbs_structured_2013_01_01_646bc1df91ff,cached,data/derived/processes/historical_source_transformation.bpmn
https://www.pbs.gov.au/info/publication/schedule/2020,7196816,[ignored-local-raw-cache]/historical_sources/pbs_structured_archive/au_pbs_structured_6526ff8049fa4575.zip,18a892c123a717a580345a6901d481374f04f210934a754f894be01c62cb8812,reimbursement_atlas:au_pbs_structured_2020_01_01_6526ff8049fa,Existing local cache retained; use --force to replace it.,zip,2020-01-01-V2-down-converted.zip,au_pbs_structured_6526ff8049fa4575,public_reuse_review,pending_human_review,True,au_pbs,https://www.pbs.gov.au/publication/schedule/2020/01/2020-01-01-V2-down-converted.zip?variant=3,au_pbs_structured_2020_01_01_6526ff8049fa,cached,data/derived/processes/historical_source_transformation.bpmn
https://www.pbs.gov.au/info/publication/schedule/2022,3066763,[ignored-local-raw-cache]/historical_sources/pbs_structured_archive/au_pbs_structured_6548072299e13719.zip,1e161f4884bd310737d6a82959885bdfeecb71c91be1352b357754bfbf66b336,reimbursement_atlas:au_pbs_structured_2022_09_01_6548072299e1,Existing local cache retained; use --force to replace it.,zip,2022-09-01-v3extracts.zip,au_pbs_structured_6548072299e13719,public_reuse_review,pending_human_review,True,au_pbs,https://www.pbs.gov.au/publication/schedule/2022/09/2022-09-01-v3extracts.zip?variant=3,au_pbs_structured_2022_09_01_6548072299e1,cached,data/derived/processes/historical_source_transformation.bpmn
https://www.pbs.gov.au/info/publication/schedule/2019,4317166,[ignored-local-raw-cache]/historical_sources/pbs_structured_archive/au_pbs_structured_65c354f0355e6f29.zip,163ecf930f8c74551847a2e0779a0cb4922085246677f2147f1c3ca6730f61f6,reimbursement_atlas:au_pbs_structured_2019_09_01_65c354f0355e,Existing local cache retained; use --force to replace it.,zip,2019-09-01-extracts-down-converted.zip,au_pbs_structured_65c354f0355e6f29,public_reuse_review,pending_human_review,True,au_pbs,https://www.pbs.gov.au/publication/schedule/2019/09/2019-09-01-extracts-down-converted.zip?variant=3,au_pbs_structured_2019_09_01_65c354f0355e,cached,data/derived/processes/historical_source_transformation.bpmn
https://www.pbs.gov.au/info/publication/schedule/2015,3203988,[ignored-local-raw-cache]/historical_sources/pbs_structured_archive/au_pbs_structured_65c6d0f3cfb1db4c.zip,b724c58f0a32da83e97cf35415adc8783ce59e9ba1eb61971c80feff2f2c5c4e,reimbursement_atlas:au_pbs_structured_2015_06_01_65c6d0f3cfb1,Existing local cache retained; use --force to replace it.,zip,2015-06-01-extracts.zip,au_pbs_structured_65c6d0f3cfb1db4c,public_reuse_review,pending_human_review,True,au_pbs,https://www.pbs.gov.au/publication/schedule/2015/06/2015-06-01-extracts.zip?variant=3,au_pbs_structured_2015_06_01_65c6d0f3cfb1,cached,data/derived/processes/historical_source_transformation.bpmn
https://www.pbs.gov.au/info/publication/schedule/2021,8558415,[ignored-local-raw-cache]/historical_sources/pbs_structured_archive/au_pbs_structured_66ded8b55bf339f4.zip,26800722eef05fc9b9555cbb9bf25abc91325f5c2a3f1588ceea0cf93497a9a6,reimbursement_atlas:au_pbs_structured_2021_12_01_66ded8b55bf3,Existing local cache retained; use --force to replace it.,zip,2021-12-01-V2-down-converted.zip,au_pbs_structured_66ded8b55bf339f4,public_reuse_review,pending_human_review,True,au_pbs,https://www.pbs.gov.au/publication/schedule/2021/12/2021-12-01-V2-down-converted.zip?variant=3,au_pbs_structured_2021_12_01_66ded8b55bf3,cached,data/derived/processes/historical_source_transformation.bpmn
https://www.pbs.gov.au/info/publication/schedule/2011,589538,[ignored-local-raw-cache]/historical_sources/pbs_structured_archive/au_pbs_structured_66ecc3a06958265f.zip,140c1d607bb01e1015205d8ebf43111c2b8fea34a6068d459f31913287aa757e,reimbursement_atlas:au_pbs_structured_2011_10_01_66ecc3a06958,Existing local cache retained; use --force to replace it.,zip,2011-10-01-general-schedule-ascii.zip,au_pbs_structured_66ecc3a06958265f,public_reuse_review,pending_human_review,True,au_pbs,https://www.pbs.gov.au/publication/schedule/2011/10/2011-10-01-general-schedule-ascii.zip?variant=3,au_pbs_structured_2011_10_01_66ecc3a06958,cached,data/derived/processes/historical_source_transformation.bpmn
https://www.pbs.gov.au/info/publication/schedule/2023,2114888,[ignored-local-raw-cache]/historical_sources/pbs_structured_archive/au_pbs_structured_6725955cd557155a.zip,a4b899411fc646c42ac6e933fbff5daecc80ad43c058935fd5595b8b5ae4985e,reimbursement_atlas:au_pbs_structured_2023_11_01_6725955cd557,Existing local cache retained; use --force to replace it.,zip,2023-11-01-v3soextracts.zip,au_pbs_structured_6725955cd557155a,public_reuse_review,pending_human_review,True,au_pbs,https://www.pbs.gov.au/publication/schedule/2023/11/2023-11-01-v3soextracts.zip?variant=3,au_pbs_structured_2023_11_01_6725955cd557,cached,data/derived/processes/historical_source_transformation.bpmn
https://www.pbs.gov.au/info/publication/schedule/2015,3193702,[ignored-local-raw-cache]/historical_sources/pbs_structured_archive/au_pbs_structured_6732196b677a3b05.zip,5ccc28cd2fb89925f09df2e27f5f47a62176cdaf9a0dd5fa3d1c3f7791beba3b,reimbursement_atlas:au_pbs_structured_2015_05_01_6732196b677a,Existing local cache retained; use --force to replace it.,zip,2015-05-01-extracts.zip,au_pbs_structured_6732196b677a3b05,public_reuse_review,pending_human_review,True,au_pbs,https://www.pbs.gov.au/publication/schedule/2015/05/2015-05-01-extracts.zip?variant=3,au_pbs_structured_2015_05_01_6732196b677a,cached,data/derived/processes/historical_source_transformation.bpmn
https://www.pbs.gov.au/info/publication/schedule/2023,3195703,[ignored-local-raw-cache]/historical_sources/pbs_structured_archive/au_pbs_structured_677a27473f6bb2b4.zip,567a7923cefd0cf2a8d3c1670a675cbbca35068aef40117351350e80a74b2938,reimbursement_atlas:au_pbs_structured_2023_08_01_677a27473f6b,Existing local cache retained; use --force to replace it.,zip,2023-08-01-v3extracts.zip,au_pbs_structured_677a27473f6bb2b4,public_reuse_review,pending_human_review,True,au_pbs,https://www.pbs.gov.au/publication/schedule/2023/08/2023-08-01-v3extracts.zip?variant=3,au_pbs_structured_2023_08_01_677a27473f6b,cached,data/derived/processes/historical_source_transformation.bpmn
https://www.pbs.gov.au/info/publication/schedule/2010,1400317,[ignored-local-raw-cache]/historical_sources/pbs_structured_archive/au_pbs_structured_679ac97baad4f387.zip,b94b19c11f05c0123cc797fdc60a3484e3b52bf05539a782f8c882ffb36ebce8,reimbursement_atlas:au_pbs_structured_2010_10_01_679ac97baad4,Existing local cache retained; use --force to replace it.,zip,2010-10-01-general-schedule-xml.zip,au_pbs_structured_679ac97baad4f387,public_reuse_review,pending_human_review,True,au_pbs,https://www.pbs.gov.au/publication/schedule/2010/2010-10-01-general-schedule-xml.zip?variant=3,au_pbs_structured_2010_10_01_679ac97baad4,cached,data/derived/processes/historical_source_transformation.bpmn
https://www.pbs.gov.au/info/publication/schedule/2022,8217160,[ignored-local-raw-cache]/historical_sources/pbs_structured_archive/au_pbs_structured_67b18c326a1212ba.zip,66d35d80ec7c5e7bbe19f025a075eed5d7af592c4998a5d41ec5497d026b379d,reimbursement_atlas:au_pbs_structured_2022_11_01_67b18c326a12,Existing local cache retained; use --force to replace it.,zip,2022-11-01-xml-V3.zip,au_pbs_structured_67b18c326a1212ba,public_reuse_review,pending_human_review,True,au_pbs,https://www.pbs.gov.au/publication/schedule/2022/11/2022-11-01-xml-V3.zip?variant=3,au_pbs_structured_2022_11_01_67b18c326a12,cached,data/derived/processes/historical_source_transformation.bpmn
https://www.pbs.gov.au/info/publication/schedule/2010,1086763,[ignored-local-raw-cache]/historical_sources/pbs_structured_archive/au_pbs_structured_693d56ef71bd2960.zip,b3c7265ec2ad7a69501a4fa30b14d79c0f4c9da0d9790b2015217c57ea6c7d09,reimbursement_atlas:au_pbs_structured_2010_03_01_693d56ef71bd,Existing local cache retained; use --force to replace it.,zip,2010-03-01-general-schedule-xml.zip,au_pbs_structured_693d56ef71bd2960,public_reuse_review,pending_human_review,True,au_pbs,https://www.pbs.gov.au/publication/schedule/2010/2010-03-01-general-schedule-xml.zip?variant=3,au_pbs_structured_2010_03_01_693d56ef71bd,cached,data/derived/processes/historical_source_transformation.bpmn
https://www.pbs.gov.au/info/publication/schedule/2016,4937435,[ignored-local-raw-cache]/historical_sources/pbs_structured_archive/au_pbs_structured_693f4b719e976b9f.zip,f0d88a695338c987e3bec418eca7b987d0a3f1dbcc222d0498aad82c79084c37,reimbursement_atlas:au_pbs_structured_2016_09_01_693f4b719e97,Existing local cache retained; use --force to replace it.,zip,2016-09-01-xml.zip,au_pbs_structured_693f4b719e976b9f,public_reuse_review,pending_human_review,True,au_pbs,https://www.pbs.gov.au/publication/schedule/2016/09/2016-09-01-xml.zip?variant=3,au_pbs_structured_2016_09_01_693f4b719e97,cached,data/derived/processes/historical_source_transformation.bpmn
https://www.pbs.gov.au/info/publication/schedule/2024,3353883,[ignored-local-raw-cache]/historical_sources/pbs_structured_archive/au_pbs_structured_69a55afab48e3ec9.zip,28cf0c88ad35bce8941fc9bbac30a93e45dbaf7f32ea48f481c53a86aa80a5fb,reimbursement_atlas:au_pbs_structured_2024_02_01_69a55afab48e,Existing local cache retained; use --force to replace it.,zip,2024-02-01-v3extracts.zip,au_pbs_structured_69a55afab48e3ec9,public_reuse_review,pending_human_review,True,au_pbs,https://www.pbs.gov.au/publication/schedule/2024/02/2024-02-01-v3extracts.zip?variant=3,au_pbs_structured_2024_02_01_69a55afab48e,cached,data/derived/processes/historical_source_transformation.bpmn
https://www.pbs.gov.au/info/publication/schedule/2023,3176212,[ignored-local-raw-cache]/historical_sources/pbs_structured_archive/au_pbs_structured_6a25d21589ae4b75.zip,395864714c4d7ff12707a9aec8d2fe33ef90f6ae253daca4a94791f4cc52935f,reimbursement_atlas:au_pbs_structured_2023_06_01_6a25d21589ae,Existing local cache retained; use --force to replace it.,zip,2023-06-01-v3extracts.zip,au_pbs_structured_6a25d21589ae4b75,public_reuse_review,pending_human_review,True,au_pbs,https://www.pbs.gov.au/publication/schedule/2023/06/2023-06-01-v3extracts.zip?variant=3,au_pbs_structured_2023_06_01_6a25d21589ae,cached,data/derived/processes/historical_source_transformation.bpmn
https://www.pbs.gov.au/info/publication/schedule/2024,2200584,[ignored-local-raw-cache]/historical_sources/pbs_structured_archive/au_pbs_structured_6acbcb6d251155b3.zip,525fc9576412b48beabca9afd57cdd841f3a87d9ea9a015908e41c9a2ae683d4,reimbursement_atlas:au_pbs_structured_2024_04_01_6acbcb6d2511,Existing local cache retained; use --force to replace it.,zip,2024-04-01-v3soextracts.zip,au_pbs_structured_6acbcb6d251155b3,public_reuse_review,pending_human_review,True,au_pbs,https://www.pbs.gov.au/publication/schedule/2024/04/2024-04-01-v3soextracts.zip?variant=3,au_pbs_structured_2024_04_01_6acbcb6d2511,cached,data/derived/processes/historical_source_transformation.bpmn
https://www.pbs.gov.au/info/publication/schedule/2019,7131507,[ignored-local-raw-cache]/historical_sources/pbs_structured_archive/au_pbs_structured_6aeaac45d9a9269e.zip,1cfbce58413d39a7a25d953f19c7e64ace91262831a4164d3379befebbd3df8f,reimbursement_atlas:au_pbs_structured_2019_09_01_6aeaac45d9a9,Existing local cache retained; use --force to replace it.,zip,2019-09-01-xml-V3.zip,au_pbs_structured_6aeaac45d9a9269e,public_reuse_review,pending_human_review,True,au_pbs,https://www.pbs.gov.au/publication/schedule/2019/09/2019-09-01-xml-V3.zip?variant=3,au_pbs_structured_2019_09_01_6aeaac45d9a9,cached,data/derived/processes/historical_source_transformation.bpmn
https://www.pbs.gov.au/info/publication/schedule/2017,5234718,[ignored-local-raw-cache]/historical_sources/pbs_structured_archive/au_pbs_structured_6b4e3eae577405a9.zip,84059b2265211e557b8267f8839bdca402127987aa44f4bee4caa1422617a848,reimbursement_atlas:au_pbs_structured_2017_08_01_6b4e3eae5774,Existing local cache retained; use --force to replace it.,zip,2017-08-01-xml.zip,au_pbs_structured_6b4e3eae577405a9,public_reuse_review,pending_human_review,True,au_pbs,https://www.pbs.gov.au/publication/schedule/2017/08/2017-08-01-xml.zip?variant=3,au_pbs_structured_2017_08_01_6b4e3eae5774,cached,data/derived/processes/historical_source_transformation.bpmn
https://www.pbs.gov.au/info/publication/schedule/2024,3658812,[ignored-local-raw-cache]/historical_sources/pbs_structured_archive/au_pbs_structured_6c8604aca33f3d2a.zip,cfc00ec1d7d8149196edb2195ae458c8c2d5588ca6c2d31cea6279f51b65a7bf,reimbursement_atlas:au_pbs_structured_2024_11_01_6c8604aca33f,Existing local cache retained; use --force to replace it.,zip,2024-11-01-v3extracts.zip,au_pbs_structured_6c8604aca33f3d2a,public_reuse_review,pending_human_review,True,au_pbs,https://www.pbs.gov.au/publication/schedule/2024/11/2024-11-01-v3extracts.zip?variant=3,au_pbs_structured_2024_11_01_6c8604aca33f,cached,data/derived/processes/historical_source_transformation.bpmn
https://www.pbs.gov.au/info/publication/schedule/2025,10967633,[ignored-local-raw-cache]/historical_sources/pbs_structured_archive/au_pbs_structured_6c991da5519537b9.zip,d8c81cf2c276e5d7f1b015dda456f77a6ebe922c57d5588213719e1367401b28,reimbursement_atlas:au_pbs_structured_2025_10_01_6c991da55195,Existing local cache retained; use --force to replace it.,zip,2025-10-01-V2-down-converted.zip,au_pbs_structured_6c991da5519537b9,public_reuse_review,pending_human_review,True,au_pbs,https://www.pbs.gov.au/publication/schedule/2025/10/2025-10-01-V2-down-converted.zip?variant=3,au_pbs_structured_2025_10_01_6c991da55195,cached,data/derived/processes/historical_source_transformation.bpmn
https://www.pbs.gov.au/info/publication/schedule/2016,3724268,[ignored-local-raw-cache]/historical_sources/pbs_structured_archive/au_pbs_structured_6ccd4e272b5b931d.zip,9fdcc21e6d2d2ad71413c9815c8387f6a7680525a8f199b5d2aa31269f48f28f,reimbursement_atlas:au_pbs_structured_2016_05_01_6ccd4e272b5b,Existing local cache retained; use --force to replace it.,zip,2016-05-01-extracts.zip,au_pbs_structured_6ccd4e272b5b931d,public_reuse_review,pending_human_review,True,au_pbs,https://www.pbs.gov.au/publication/schedule/2016/05/2016-05-01-extracts.zip?variant=3,au_pbs_structured_2016_05_01_6ccd4e272b5b,cached,data/derived/processes/historical_source_transformation.bpmn
https://www.pbs.gov.au/info/publication/schedule/2022,3094572,[ignored-local-raw-cache]/historical_sources/pbs_structured_archive/au_pbs_structured_6cf087f8088e410b.zip,28c3e38dbe573048b66a8a4e3852cd2c799926f342960d7896472bd52c52fa88,reimbursement_atlas:au_pbs_structured_2022_10_01_6cf087f8088e,Existing local cache retained; use --force to replace it.,zip,2022-10-01-v3extracts.zip,au_pbs_structured_6cf087f8088e410b,public_reuse_review,pending_human_review,True,au_pbs,https://www.pbs.gov.au/publication/schedule/2022/10/2022-10-01-v3extracts.zip?variant=3,au_pbs_structured_2022_10_01_6cf087f8088e,cached,data/derived/processes/historical_source_transformation.bpmn
https://www.pbs.gov.au/info/publication/schedule/2016,3749676,[ignored-local-raw-cache]/historical_sources/pbs_structured_archive/au_pbs_structured_6d0fedb2a534e861.zip,b526e652660b37d378d09913611b83826e153e6567f3ffe1dce04166ef21ddaa,reimbursement_atlas:au_pbs_structured_2016_10_01_6d0fedb2a534,Existing local cache retained; use --force to replace it.,zip,2016-10-01-extracts.zip,au_pbs_structured_6d0fedb2a534e861,public_reuse_review,pending_human_review,True,au_pbs,https://www.pbs.gov.au/publication/schedule/2016/10/2016-10-01-extracts.zip?variant=3,au_pbs_structured_2016_10_01_6d0fedb2a534,cached,data/derived/processes/historical_source_transformation.bpmn
https://www.pbs.gov.au/info/publication/schedule/2016,5330313,[ignored-local-raw-cache]/historical_sources/pbs_structured_archive/au_pbs_structured_6d59f3a6c4f3f618.zip,e2b438aa8383d24e8e416f00da2daba25f026d0128523b4ba127838f00e37877,reimbursement_atlas:au_pbs_structured_2016_05_01_6d59f3a6c4f3,Existing local cache retained; use --force to replace it.,zip,2016-05-01-xml.zip,au_pbs_structured_6d59f3a6c4f3f618,public_reuse_review,pending_human_review,True,au_pbs,https://www.pbs.gov.au/publication/schedule/2016/05/2016-05-01-xml.zip?variant=3,au_pbs_structured_2016_05_01_6d59f3a6c4f3,cached,data/derived/processes/historical_source_transformation.bpmn
https://www.pbs.gov.au/info/publication/schedule/2012,569720,[ignored-local-raw-cache]/historical_sources/pbs_structured_archive/au_pbs_structured_6d90ef4d9de34e47.zip,bfab6fb18bb1b728803ae69830592f2224dede238f61df08382ead077f357741,reimbursement_atlas:au_pbs_structured_2012_07_01_6d90ef4d9de3,Existing local cache retained; use --force to replace it.,zip,2012-07-01-general-schedule-ascii.zip,au_pbs_structured_6d90ef4d9de34e47,public_reuse_review,pending_human_review,True,au_pbs,https://www.pbs.gov.au/publication/schedule/2012/07/2012-07-01-general-schedule-ascii.zip?variant=3,au_pbs_structured_2012_07_01_6d90ef4d9de3,cached,data/derived/processes/historical_source_transformation.bpmn
https://www.pbs.gov.au/info/publication/schedule/2018,6387379,[ignored-local-raw-cache]/historical_sources/pbs_structured_archive/au_pbs_structured_6df3c128e504005f.zip,2ec3fabb66d71eb4cbdd6fba2ca0b7fc899dd14bebbb1eecabb25ae4cc259ae9,reimbursement_atlas:au_pbs_structured_2018_05_01_6df3c128e504,Existing local cache retained; use --force to replace it.,zip,2018-05-01-xml-V3.zip,au_pbs_structured_6df3c128e504005f,public_reuse_review,pending_human_review,True,au_pbs,https://www.pbs.gov.au/publication/schedule/2018/05/2018-05-01-xml-V3.zip?variant=3,au_pbs_structured_2018_05_01_6df3c128e504,cached,data/derived/processes/historical_source_transformation.bpmn
https://www.pbs.gov.au/info/publication/schedule/2017,5389803,[ignored-local-raw-cache]/historical_sources/pbs_structured_archive/au_pbs_structured_6e9386069e73c651.zip,206377e01339919d8aa942ab82a3ff478f0415e8c57076c2699da3ec5d623259,reimbursement_atlas:au_pbs_structured_2017_02_01_6e9386069e73,Existing local cache retained; use --force to replace it.,zip,2017-02-01-xml.zip,au_pbs_structured_6e9386069e73c651,public_reuse_review,pending_human_review,True,au_pbs,https://www.pbs.gov.au/publication/schedule/2017/02/2017-02-01-xml.zip?variant=3,au_pbs_structured_2017_02_01_6e9386069e73,cached,data/derived/processes/historical_source_transformation.bpmn
https://www.pbs.gov.au/info/publication/schedule/2026,11156706,[ignored-local-raw-cache]/historical_sources/pbs_structured_archive/au_pbs_structured_6f905abc167f052d.zip,f3e7af3610637b85577d0518ef50d3be9e692888e9acd3b5897d313706365c20,reimbursement_atlas:au_pbs_structured_2026_04_01_6f905abc167f,Existing local cache retained; use --force to replace it.,zip,2026-04-01-XML-V3.zip,au_pbs_structured_6f905abc167f052d,public_reuse_review,pending_human_review,True,au_pbs,https://www.pbs.gov.au/publication/schedule/2026/04/2026-04-01-XML-V3.zip?variant=3,au_pbs_structured_2026_04_01_6f905abc167f,cached,data/derived/processes/historical_source_transformation.bpmn
https://www.pbs.gov.au/info/publication/schedule/2021,1870566,[ignored-local-raw-cache]/historical_sources/pbs_structured_archive/au_pbs_structured_6fda768da1782d59.zip,15c1155f57f6f8469750a3b334496ddb088b2e5e1ce29d388f8e1558f86b4aef,reimbursement_atlas:au_pbs_structured_2021_08_01_6fda768da178,Existing local cache retained; use --force to replace it.,zip,2021-08-01-v3soextracts.zip,au_pbs_structured_6fda768da1782d59,public_reuse_review,pending_human_review,True,au_pbs,https://www.pbs.gov.au/publication/schedule/2021/08/2021-08-01-v3soextracts.zip?variant=3,au_pbs_structured_2021_08_01_6fda768da178,cached,data/derived/processes/historical_source_transformation.bpmn
https://www.pbs.gov.au/info/publication/schedule/2024,9296637,[ignored-local-raw-cache]/historical_sources/pbs_structured_archive/au_pbs_structured_6fddb056cec910f1.zip,2451eb8e0f42c058b1274c95e8f66fde4c1c65bea4835dcd384842bd6edecec4,reimbursement_atlas:au_pbs_structured_2024_03_01_6fddb056cec9,Existing local cache retained; use --force to replace it.,zip,2024-03-01-xml-V3.zip,au_pbs_structured_6fddb056cec910f1,public_reuse_review,pending_human_review,True,au_pbs,https://www.pbs.gov.au/publication/schedule/2024/03/2024-03-01-xml-V3.zip?variant=3,au_pbs_structured_2024_03_01_6fddb056cec9,cached,data/derived/processes/historical_source_transformation.bpmn
https://www.pbs.gov.au/info/publication/schedule/2012,355775,[ignored-local-raw-cache]/historical_sources/pbs_structured_archive/au_pbs_structured_702cdd9350ff6678.zip,47a71abfd14544642af3257537438bee5544486fae37e902525646e6d4c12a02,reimbursement_atlas:au_pbs_structured_2012_07_01_702cdd9350ff,Existing local cache retained; use --force to replace it.,zip,2012-07-01-efc-extracts.zip,au_pbs_structured_702cdd9350ff6678,public_reuse_review,pending_human_review,True,au_pbs,https://www.pbs.gov.au/publication/schedule/2012/07/2012-07-01-efc-extracts.zip?variant=3,au_pbs_structured_2012_07_01_702cdd9350ff,cached,data/derived/processes/historical_source_transformation.bpmn
https://www.pbs.gov.au/info/publication/schedule/2023,2051639,[ignored-local-raw-cache]/historical_sources/pbs_structured_archive/au_pbs_structured_7064fb576bd52631.zip,355e7f2df677796104a69b2286d3634abe0d73199718fc62aeeb053c019178c9,reimbursement_atlas:au_pbs_structured_2023_06_01_7064fb576bd5,Existing local cache retained; use --force to replace it.,zip,2023-06-01-v3soextracts.zip,au_pbs_structured_7064fb576bd52631,public_reuse_review,pending_human_review,True,au_pbs,https://www.pbs.gov.au/publication/schedule/2023/06/2023-06-01-v3soextracts.zip?variant=3,au_pbs_structured_2023_06_01_7064fb576bd5,cached,data/derived/processes/historical_source_transformation.bpmn
https://www.pbs.gov.au/info/publication/schedule/2019,6846698,[ignored-local-raw-cache]/historical_sources/pbs_structured_archive/au_pbs_structured_7080f9378776bd3b.zip,3f2a5eb4e4efeea4d1ab5b38fb0c30377451263f580e05ccef7e6134af09fd6e,reimbursement_atlas:au_pbs_structured_2019_09_01_7080f9378776,Existing local cache retained; use --force to replace it.,zip,2019-09-01-V2-down-converted.zip,au_pbs_structured_7080f9378776bd3b,public_reuse_review,pending_human_review,True,au_pbs,https://www.pbs.gov.au/publication/schedule/2019/09/2019-09-01-V2-down-converted.zip?variant=3,au_pbs_structured_2019_09_01_7080f9378776,cached,data/derived/processes/historical_source_transformation.bpmn
https://www.pbs.gov.au/info/publication/schedule/2016,3727682,[ignored-local-raw-cache]/historical_sources/pbs_structured_archive/au_pbs_structured_711c68d2b7c1a843.zip,63e2303cc64e8495655b9a6d653d5dc1342924b282817dc7da7cdc00138a756b,reimbursement_atlas:au_pbs_structured_2016_11_01_711c68d2b7c1,Existing local cache retained; use --force to replace it.,zip,2016-11-01-extracts.zip,au_pbs_structured_711c68d2b7c1a843,public_reuse_review,pending_human_review,True,au_pbs,https://www.pbs.gov.au/publication/schedule/2016/11/2016-11-01-extracts.zip?variant=3,au_pbs_structured_2016_11_01_711c68d2b7c1,cached,data/derived/processes/historical_source_transformation.bpmn
https://www.pbs.gov.au/info/publication/schedule/2024,2179439,[ignored-local-raw-cache]/historical_sources/pbs_structured_archive/au_pbs_structured_7135b5424f39bfc7.zip,a7724d0ea41bd8e07cc7ff47d15558a1d8f7b0c6c76e0b8086abfd74c784ab3c,reimbursement_atlas:au_pbs_structured_2024_06_01_7135b5424f39,Existing local cache retained; use --force to replace it.,zip,2024-06-01-v3soextracts.zip,au_pbs_structured_7135b5424f39bfc7,public_reuse_review,pending_human_review,True,au_pbs,https://www.pbs.gov.au/publication/schedule/2024/06/2024-06-01-v3soextracts.zip?variant=3,au_pbs_structured_2024_06_01_7135b5424f39,cached,data/derived/processes/historical_source_transformation.bpmn
https://www.pbs.gov.au/info/publication/schedule/2022,3004558,[ignored-local-raw-cache]/historical_sources/pbs_structured_archive/au_pbs_structured_71498e6de86b317d.zip,d31d32862e1174eeb4ed6619484994be8489f6649bf566cfed647a6740febf4b,reimbursement_atlas:au_pbs_structured_2022_02_01_71498e6de86b,Existing local cache retained; use --force to replace it.,zip,2022-02-01-v3extracts.zip,au_pbs_structured_71498e6de86b317d,public_reuse_review,pending_human_review,True,au_pbs,https://www.pbs.gov.au/publication/schedule/2022/02/2022-02-01-v3extracts.zip?variant=3,au_pbs_structured_2022_02_01_71498e6de86b,cached,data/derived/processes/historical_source_transformation.bpmn
https://www.pbs.gov.au/info/publication/schedule/2023,8915651,[ignored-local-raw-cache]/historical_sources/pbs_structured_archive/au_pbs_structured_714ebaabeb1ef030.zip,a0d81300a1f5f0bf6497c197c4b7762135c39af9f4700f6321f97399b666cec4,reimbursement_atlas:au_pbs_structured_2023_04_01_714ebaabeb1e,Existing local cache retained; use --force to replace it.,zip,2023-04-01-V2-down-converted.zip,au_pbs_structured_714ebaabeb1ef030,public_reuse_review,pending_human_review,True,au_pbs,https://www.pbs.gov.au/publication/schedule/2023/04/2023-04-01-V2-down-converted.zip?variant=3,au_pbs_structured_2023_04_01_714ebaabeb1e,cached,data/derived/processes/historical_source_transformation.bpmn
https://www.pbs.gov.au/info/publication/schedule/2022,3045902,[ignored-local-raw-cache]/historical_sources/pbs_structured_archive/au_pbs_structured_71c33c6a49c39fd0.zip,997495e0baaf8189932e8ee94561f2edcbdddfec592f3f29a6abad084fa3df3c,reimbursement_atlas:au_pbs_structured_2022_05_01_71c33c6a49c3,Existing local cache retained; use --force to replace it.,zip,2022-05-01-v3extracts.zip,au_pbs_structured_71c33c6a49c39fd0,public_reuse_review,pending_human_review,True,au_pbs,https://www.pbs.gov.au/publication/schedule/2022/05/2022-05-01-v3extracts.zip?variant=3,au_pbs_structured_2022_05_01_71c33c6a49c3,cached,data/derived/processes/historical_source_transformation.bpmn
https://www.pbs.gov.au/info/publication/schedule/2025,10164828,[ignored-local-raw-cache]/historical_sources/pbs_structured_archive/au_pbs_structured_7226137b9af99fde.zip,2673b61da1650dd4c23dcc71988aec992745b5990594bced903552f58cf3aba8,reimbursement_atlas:au_pbs_structured_2025_01_01_7226137b9af9,Existing local cache retained; use --force to replace it.,zip,2025-01-01-xml-V3.zip,au_pbs_structured_7226137b9af99fde,public_reuse_review,pending_human_review,True,au_pbs,https://www.pbs.gov.au/publication/schedule/2025/01/2025-01-01-xml-V3.zip?variant=3,au_pbs_structured_2025_01_01_7226137b9af9,cached,data/derived/processes/historical_source_transformation.bpmn
https://www.pbs.gov.au/info/publication/schedule/2018,4124448,[ignored-local-raw-cache]/historical_sources/pbs_structured_archive/au_pbs_structured_7283790bf1241f17.zip,4be979cdcc03acc554e50c6dd61f33da0cf8d97f1234bda8fc6a7beca00db6bb,reimbursement_atlas:au_pbs_structured_2018_10_01_7283790bf124,Existing local cache retained; use --force to replace it.,zip,2018-10-01-extracts-down-converted.zip,au_pbs_structured_7283790bf1241f17,public_reuse_review,pending_human_review,True,au_pbs,https://www.pbs.gov.au/publication/schedule/2018/10/2018-10-01-extracts-down-converted.zip?variant=3,au_pbs_structured_2018_10_01_7283790bf124,cached,data/derived/processes/historical_source_transformation.bpmn
https://www.pbs.gov.au/info/publication/schedule/2026,10990785,[ignored-local-raw-cache]/historical_sources/pbs_structured_archive/au_pbs_structured_728668d85a3305ef.zip,33a201c0ab2442d80f32366ddfd1f91c8e6d4abe9c03b67591d0e2ed680c0fb8,reimbursement_atlas:au_pbs_structured_2026_01_01_728668d85a33,Existing local cache retained; use --force to replace it.,zip,2026-01-01-xml-V3.zip,au_pbs_structured_728668d85a3305ef,public_reuse_review,pending_human_review,True,au_pbs,https://www.pbs.gov.au/publication/schedule/2026/01/2026-01-01-xml-V3.zip?variant=3,au_pbs_structured_2026_01_01_728668d85a33,cached,data/derived/processes/historical_source_transformation.bpmn
https://www.pbs.gov.au/info/publication/schedule/2010,499461,[ignored-local-raw-cache]/historical_sources/pbs_structured_archive/au_pbs_structured_72b12f3e082b9655.zip,42f33a332956f9a600afbd213bbf33296682091a5b6f1c20992e131cb1621783,reimbursement_atlas:au_pbs_structured_2010_06_01_72b12f3e082b,Existing local cache retained; use --force to replace it.,zip,2010-06-01-general-schedule-ascii.zip,au_pbs_structured_72b12f3e082b9655,public_reuse_review,pending_human_review,True,au_pbs,https://www.pbs.gov.au/publication/schedule/2010/2010-06-01-general-schedule-ascii.zip?variant=3,au_pbs_structured_2010_06_01_72b12f3e082b,cached,data/derived/processes/historical_source_transformation.bpmn
https://www.pbs.gov.au/info/publication/schedule/2010,547548,[ignored-local-raw-cache]/historical_sources/pbs_structured_archive/au_pbs_structured_72be9c9b881fccf0.zip,23d0e331a902ee1e065e251bd0d85254f21edc2d84f9a1643cc52f6193835704,reimbursement_atlas:au_pbs_structured_2010_11_01_72be9c9b881f,Existing local cache retained; use --force to replace it.,zip,2010-11-01-general-schedule-ascii.zip,au_pbs_structured_72be9c9b881fccf0,public_reuse_review,pending_human_review,True,au_pbs,https://www.pbs.gov.au/publication/schedule/2010/2010-11-01-general-schedule-ascii.zip?variant=3,au_pbs_structured_2010_11_01_72be9c9b881f,cached,data/derived/processes/historical_source_transformation.bpmn
https://www.pbs.gov.au/info/publication/schedule/2009,1078298,[ignored-local-raw-cache]/historical_sources/pbs_structured_archive/au_pbs_structured_733ffbb8ef695196.zip,dacbea754505a88db4941f17e9ff09fd98b9756cc36b36fc26a6ed3b652fa9af,reimbursement_atlas:au_pbs_structured_2009_12_01_733ffbb8ef69,Existing local cache retained; use --force to replace it.,zip,2009-12-01-general-schedule-xml.zip,au_pbs_structured_733ffbb8ef695196,public_reuse_review,pending_human_review,True,au_pbs,https://www.pbs.gov.au/publication/schedule/2009/2009-12-01-general-schedule-xml.zip?variant=3,au_pbs_structured_2009_12_01_733ffbb8ef69,cached,data/derived/processes/historical_source_transformation.bpmn
https://www.pbs.gov.au/info/publication/schedule/2015,5629781,[ignored-local-raw-cache]/historical_sources/pbs_structured_archive/au_pbs_structured_73bae3e428366fb1.zip,cf55a5c4d2372206149c7156ec5dad0914ed2f80433d82ccc18b153c53a3ad5d,reimbursement_atlas:au_pbs_structured_2015_04_01_73bae3e42836,Existing local cache retained; use --force to replace it.,zip,2015-04-01-xml.zip,au_pbs_structured_73bae3e428366fb1,public_reuse_review,pending_human_review,True,au_pbs,https://www.pbs.gov.au/publication/schedule/2015/04/2015-04-01-xml.zip?variant=3,au_pbs_structured_2015_04_01_73bae3e42836,cached,data/derived/processes/historical_source_transformation.bpmn
https://www.pbs.gov.au/info/publication/schedule/2009,1054119,[ignored-local-raw-cache]/historical_sources/pbs_structured_archive/au_pbs_structured_73e8291a4e677c0d.zip,dbe31925832e0839e7a9158ab4441d671686e94f894131dff61eb6ebded1af33,reimbursement_atlas:au_pbs_structured_2009_09_01_73e8291a4e67,Existing local cache retained; use --force to replace it.,zip,2009-09-01-general-schedule-xml.zip,au_pbs_structured_73e8291a4e677c0d,public_reuse_review,pending_human_review,True,au_pbs,https://www.pbs.gov.au/publication/schedule/2009/2009-09-01-general-schedule-xml.zip?variant=3,au_pbs_structured_2009_09_01_73e8291a4e67,cached,data/derived/processes/historical_source_transformation.bpmn
https://www.pbs.gov.au/info/publication/schedule/2022,8431906,[ignored-local-raw-cache]/historical_sources/pbs_structured_archive/au_pbs_structured_742a277eb6a78e46.zip,ed0a99650bfc298d565985921feabb673f413f37b4d4ef0fa2adc31f3e5968eb,reimbursement_atlas:au_pbs_structured_2022_01_01_742a277eb6a7,Existing local cache retained; use --force to replace it.,zip,2022-01-01-xml-V3.zip,au_pbs_structured_742a277eb6a78e46,public_reuse_review,pending_human_review,True,au_pbs,https://www.pbs.gov.au/publication/schedule/2022/01/2022-01-01-xml-V3.zip?variant=3,au_pbs_structured_2022_01_01_742a277eb6a7,cached,data/derived/processes/historical_source_transformation.bpmn
https://www.pbs.gov.au/info/publication/schedule/2011,564011,[ignored-local-raw-cache]/historical_sources/pbs_structured_archive/au_pbs_structured_74b565aa02d4f4c3.zip,df66e9071677ffc07229bddaf76bfe7c07d9deb6d54200788e82f010d4ca7ff7,reimbursement_atlas:au_pbs_structured_2011_05_01_74b565aa02d4,Existing local cache retained; use --force to replace it.,zip,2011-05-01-general-schedule-ascii.zip,au_pbs_structured_74b565aa02d4f4c3,public_reuse_review,pending_human_review,True,au_pbs,https://www.pbs.gov.au/publication/schedule/2011/05/2011-05-01-general-schedule-ascii.zip?variant=3,au_pbs_structured_2011_05_01_74b565aa02d4,cached,data/derived/processes/historical_source_transformation.bpmn
https://www.pbs.gov.au/info/publication/schedule/2025,10430076,[ignored-local-raw-cache]/historical_sources/pbs_structured_archive/au_pbs_structured_74bd0c9ec1932b0e.zip,ba855fca583a47fc52e03259f495dbc822fbbad7142c18746c719a5d7659a137,reimbursement_atlas:au_pbs_structured_2025_12_01_74bd0c9ec193,Existing local cache retained; use --force to replace it.,zip,2025-12-01-xml-V3.zip,au_pbs_structured_74bd0c9ec1932b0e,public_reuse_review,pending_human_review,True,au_pbs,https://www.pbs.gov.au/publication/schedule/2025/12/2025-12-01-xml-V3.zip?variant=3,au_pbs_structured_2025_12_01_74bd0c9ec193,cached,data/derived/processes/historical_source_transformation.bpmn
https://www.pbs.gov.au/info/publication/schedule/2026,4357340,[ignored-local-raw-cache]/historical_sources/pbs_structured_archive/au_pbs_structured_74e0e67f39d96723.zip,eabc2ef72c5a30fc1e7187019ec22ed96689c8d1657d0cddf97661ddacfad559,reimbursement_atlas:au_pbs_structured_2026_04_01_74e0e67f39d9,Existing local cache retained; use --force to replace it.,zip,2026-04-01-PBS-API-CSV-files.zip,au_pbs_structured_74e0e67f39d96723,public_reuse_review,pending_human_review,True,au_pbs,https://www.pbs.gov.au/publication/schedule/2026/04/2026-04-01-PBS-API-CSV-files.zip?variant=3,au_pbs_structured_2026_04_01_74e0e67f39d9,cached,data/derived/processes/historical_source_transformation.bpmn
https://www.pbs.gov.au/info/publication/schedule/2010,1386094,[ignored-local-raw-cache]/historical_sources/pbs_structured_archive/au_pbs_structured_751723fe16d9c933.zip,49c53387ce413428e0c20c5f94c3ff6963300417d641a31f7b147a4e368254a0,reimbursement_atlas:au_pbs_structured_2010_08_01_751723fe16d9,Existing local cache retained; use --force to replace it.,zip,2010-08-01-general-schedule-xml.zip,au_pbs_structured_751723fe16d9c933,public_reuse_review,pending_human_review,True,au_pbs,https://www.pbs.gov.au/publication/schedule/2010/2010-08-01-general-schedule-xml.zip?variant=3,au_pbs_structured_2010_08_01_751723fe16d9,cached,data/derived/processes/historical_source_transformation.bpmn
https://www.pbs.gov.au/info/publication/schedule/2012,581840,[ignored-local-raw-cache]/historical_sources/pbs_structured_archive/au_pbs_structured_757fc04c758610ed.zip,7d4387b54bc206dd30e313388f922cecb546fb7b33cee0caeacf5a7637389855,reimbursement_atlas:au_pbs_structured_2012_09_01_757fc04c7586,Existing local cache retained; use --force to replace it.,zip,2012-09-01-general-schedule-ascii.zip,au_pbs_structured_757fc04c758610ed,public_reuse_review,pending_human_review,True,au_pbs,https://www.pbs.gov.au/publication/schedule/2012/09/2012-09-01-general-schedule-ascii.zip?variant=3,au_pbs_structured_2012_09_01_757fc04c7586,cached,data/derived/processes/historical_source_transformation.bpmn
https://www.pbs.gov.au/info/publication/schedule/2018,6826321,[ignored-local-raw-cache]/historical_sources/pbs_structured_archive/au_pbs_structured_75ff3a9c9b221170.zip,ab3ec3a62b98e3037513d8ebf50e6b58689ffd3623486ad31b1cee81a61a2cbf,reimbursement_atlas:au_pbs_structured_2018_04_01_75ff3a9c9b22,Existing local cache retained; use --force to replace it.,zip,2018-04-01-xml-V3.zip,au_pbs_structured_75ff3a9c9b221170,public_reuse_review,pending_human_review,True,au_pbs,https://www.pbs.gov.au/publication/schedule/2018/04/2018-04-01-xml-V3.zip?variant=3,au_pbs_structured_2018_04_01_75ff3a9c9b22,cached,data/derived/processes/historical_source_transformation.bpmn
https://www.pbs.gov.au/info/publication/schedule/2025,3729253,[ignored-local-raw-cache]/historical_sources/pbs_structured_archive/au_pbs_structured_76332cd62ac26e83.zip,2dbf1183b8a70687836d47576941dc081f90702b0ff8b1b953c16e1ea225395a,reimbursement_atlas:au_pbs_structured_2025_07_01_76332cd62ac2,Existing local cache retained; use --force to replace it.,zip,2025-07-01-v3extracts.zip,au_pbs_structured_76332cd62ac26e83,public_reuse_review,pending_human_review,True,au_pbs,https://www.pbs.gov.au/publication/schedule/2025/07/2025-07-01-v3extracts.zip?variant=3,au_pbs_structured_2025_07_01_76332cd62ac2,cached,data/derived/processes/historical_source_transformation.bpmn
https://www.pbs.gov.au/info/publication/schedule/2007,433637,[ignored-local-raw-cache]/historical_sources/pbs_structured_archive/au_pbs_structured_7665d848c1209b4a.zip,706d2f244cf6f696ce4ae0f58520a2fe4f50c8b1a692926960aeac106920c970,reimbursement_atlas:au_pbs_structured_2007_11_01_7665d848c120,Existing local cache retained; use --force to replace it.,zip,2007-11-01-general-schedule-ascii.zip,au_pbs_structured_7665d848c1209b4a,public_reuse_review,pending_human_review,True,au_pbs,https://www.pbs.gov.au/publication/schedule/2007/2007-11-01-general-schedule-ascii.zip?variant=3,au_pbs_structured_2007_11_01_7665d848c120,cached,data/derived/processes/historical_source_transformation.bpmn
https://www.pbs.gov.au/info/publication/schedule/2021,8317532,[ignored-local-raw-cache]/historical_sources/pbs_structured_archive/au_pbs_structured_76b65e59d9caa248.zip,0f3220534d9805a857f517d185c755e5be7294e5eae246c3ea1aad8f07df4dc0,reimbursement_atlas:au_pbs_structured_2021_08_01_76b65e59d9ca,Existing local cache retained; use --force to replace it.,zip,2021-08-01-xml-V3.zip,au_pbs_structured_76b65e59d9caa248,public_reuse_review,pending_human_review,True,au_pbs,https://www.pbs.gov.au/publication/schedule/2021/08/2021-08-01-xml-V3.zip?variant=3,au_pbs_structured_2021_08_01_76b65e59d9ca,cached,data/derived/processes/historical_source_transformation.bpmn
https://www.pbs.gov.au/info/publication/schedule/2018,4058809,[ignored-local-raw-cache]/historical_sources/pbs_structured_archive/au_pbs_structured_76d36407d066edc7.zip,80b2cefa8eabffff3bff5be3c7da79635ef76a5988125d9bbcb1d7adb3eb838b,reimbursement_atlas:au_pbs_structured_2018_02_01_76d36407d066,Existing local cache retained; use --force to replace it.,zip,2018-02-01-extracts-down-converted.zip,au_pbs_structured_76d36407d066edc7,public_reuse_review,pending_human_review,True,au_pbs,https://www.pbs.gov.au/publication/schedule/2018/02/2018-02-01-extracts-down-converted.zip?variant=3,au_pbs_structured_2018_02_01_76d36407d066,cached,data/derived/processes/historical_source_transformation.bpmn
https://www.pbs.gov.au/info/publication/schedule/2017,6429024,[ignored-local-raw-cache]/historical_sources/pbs_structured_archive/au_pbs_structured_77571018b28a5ab8.zip,09e0fc190d1aef6297f33a6507ca545728baf251c5c5ebbd68253dc0c6254bbe,reimbursement_atlas:au_pbs_structured_2017_09_01_77571018b28a,Existing local cache retained; use --force to replace it.,zip,2017-09-01-xml-V2.zip,au_pbs_structured_77571018b28a5ab8,public_reuse_review,pending_human_review,True,au_pbs,https://www.pbs.gov.au/publication/schedule/2017/09/2017-09-01-xml-V2.zip?variant=3,au_pbs_structured_2017_09_01_77571018b28a,cached,data/derived/processes/historical_source_transformation.bpmn
https://www.pbs.gov.au/info/publication/schedule/2019,7270215,[ignored-local-raw-cache]/historical_sources/pbs_structured_archive/au_pbs_structured_7784e177c73dd5a0.zip,e75fa8630727530271449ad34669798e663b445a18667ec53fea9854c302cd1e,reimbursement_atlas:au_pbs_structured_2019_04_01_7784e177c73d,Existing local cache retained; use --force to replace it.,zip,2019-04-01-xml-V3.zip,au_pbs_structured_7784e177c73dd5a0,public_reuse_review,pending_human_review,True,au_pbs,https://www.pbs.gov.au/publication/schedule/2019/04/2019-04-01-xml-V3.zip?variant=3,au_pbs_structured_2019_04_01_7784e177c73d,cached,data/derived/processes/historical_source_transformation.bpmn
https://www.pbs.gov.au/info/publication/schedule/2020,7303618,[ignored-local-raw-cache]/historical_sources/pbs_structured_archive/au_pbs_structured_77b356a11e51f8df.zip,7f90bde1c8257ae5ddb25f670a83b6cfde7c7be74d0fa0a472bc1087f90507d1,reimbursement_atlas:au_pbs_structured_2020_09_01_77b356a11e51,Existing local cache retained; use --force to replace it.,zip,2020-09-01-V2-down-converted.zip,au_pbs_structured_77b356a11e51f8df,public_reuse_review,pending_human_review,True,au_pbs,https://www.pbs.gov.au/publication/schedule/2020/09/2020-09-01-V2-down-converted.zip?variant=3,au_pbs_structured_2020_09_01_77b356a11e51,cached,data/derived/processes/historical_source_transformation.bpmn
https://www.pbs.gov.au/info/publication/schedule/2012,365228,[ignored-local-raw-cache]/historical_sources/pbs_structured_archive/au_pbs_structured_781c42002880c338.zip,3a6dcfacd36bb07caddb9d72c19ab15194a9dd24d139722781b5709e307d2b08,reimbursement_atlas:au_pbs_structured_2012_10_01_781c42002880,Existing local cache retained; use --force to replace it.,zip,2012-10-01-efc-extracts.zip,au_pbs_structured_781c42002880c338,public_reuse_review,pending_human_review,True,au_pbs,https://www.pbs.gov.au/publication/schedule/2012/10/2012-10-01-efc-extracts.zip?variant=3,au_pbs_structured_2012_10_01_781c42002880,cached,data/derived/processes/historical_source_transformation.bpmn
https://www.pbs.gov.au/info/publication/schedule/2011,1424206,[ignored-local-raw-cache]/historical_sources/pbs_structured_archive/au_pbs_structured_784400b94443e321.zip,d6d29e255f08e6c12185b59c4c1aae6369b3a8df4c84c7467e94992c081df85d,reimbursement_atlas:au_pbs_structured_2011_01_01_784400b94443,Existing local cache retained; use --force to replace it.,zip,2011-01-01-general-schedule-xml.zip,au_pbs_structured_784400b94443e321,public_reuse_review,pending_human_review,True,au_pbs,https://www.pbs.gov.au/publication/schedule/2011/01/2011-01-01-general-schedule-xml.zip?variant=3,au_pbs_structured_2011_01_01_784400b94443,cached,data/derived/processes/historical_source_transformation.bpmn
https://www.pbs.gov.au/info/publication/schedule/2008,1008000,[ignored-local-raw-cache]/historical_sources/pbs_structured_archive/au_pbs_structured_784690600cb4c245.zip,a3b4b38d53a61f772692874034bc9144ad7239fddc295ded3fa3b3cfddaa1e20,reimbursement_atlas:au_pbs_structured_2008_12_01_784690600cb4,Existing local cache retained; use --force to replace it.,zip,2008-12-01-general-schedule-xml.zip,au_pbs_structured_784690600cb4c245,public_reuse_review,pending_human_review,True,au_pbs,https://www.pbs.gov.au/publication/schedule/2008/2008-12-01-general-schedule-xml.zip?variant=3,au_pbs_structured_2008_12_01_784690600cb4,cached,data/derived/processes/historical_source_transformation.bpmn
https://www.pbs.gov.au/info/publication/schedule/2015,3534153,[ignored-local-raw-cache]/historical_sources/pbs_structured_archive/au_pbs_structured_787be8711d836a93.zip,f3d3e2fc5713db00232ac99108c56de37025245ff89af8c5387cd433e6cf8299,reimbursement_atlas:au_pbs_structured_2015_11_01_787be8711d83,Existing local cache retained; use --force to replace it.,zip,2015-11-01-extracts.zip,au_pbs_structured_787be8711d836a93,public_reuse_review,pending_human_review,True,au_pbs,https://www.pbs.gov.au/publication/schedule/2015/11/2015-11-01-extracts.zip?variant=3,au_pbs_structured_2015_11_01_787be8711d83,cached,data/derived/processes/historical_source_transformation.bpmn
https://www.pbs.gov.au/info/publication/schedule/2008,452445,[ignored-local-raw-cache]/historical_sources/pbs_structured_archive/au_pbs_structured_7880cfe313343569.zip,6deefe53b92c07657933b9292c3527ee15b0ffb240ff9af17b9988b93b99aaea,reimbursement_atlas:au_pbs_structured_2008_07_01_7880cfe31334,Existing local cache retained; use --force to replace it.,zip,2008-07-01-general-schedule-ascii.zip,au_pbs_structured_7880cfe313343569,public_reuse_review,pending_human_review,True,au_pbs,https://www.pbs.gov.au/publication/schedule/2008/2008-07-01-general-schedule-ascii.zip?variant=3,au_pbs_structured_2008_07_01_7880cfe31334,cached,data/derived/processes/historical_source_transformation.bpmn
https://www.pbs.gov.au/info/publication/schedule/2023,9008170,[ignored-local-raw-cache]/historical_sources/pbs_structured_archive/au_pbs_structured_78de7fb6856bd3f1.zip,fb86e26ed3a95f96dc46cb701a2dafb74f714465b418793fb486b1dc59e06ea4,reimbursement_atlas:au_pbs_structured_2023_11_01_78de7fb6856b,Existing local cache retained; use --force to replace it.,zip,2023-11-01-xml-V3.zip,au_pbs_structured_78de7fb6856bd3f1,public_reuse_review,pending_human_review,True,au_pbs,https://www.pbs.gov.au/publication/schedule/2023/11/2023-11-01-xml-V3.zip?variant=3,au_pbs_structured_2023_11_01_78de7fb6856b,cached,data/derived/processes/historical_source_transformation.bpmn
https://www.pbs.gov.au/info/publication/schedule/2015,4526602,[ignored-local-raw-cache]/historical_sources/pbs_structured_archive/au_pbs_structured_79833d22c1b84d15.zip,e2baef15776457821b117b7240cb3dd07f68687389ddf29a38ccf89c4c98006d,reimbursement_atlas:au_pbs_structured_2015_08_01_79833d22c1b8,Existing local cache retained; use --force to replace it.,zip,2015-08-01-xml.zip,au_pbs_structured_79833d22c1b84d15,public_reuse_review,pending_human_review,True,au_pbs,https://www.pbs.gov.au/publication/schedule/2015/08/2015-08-01-xml.zip?variant=3,au_pbs_structured_2015_08_01_79833d22c1b8,cached,data/derived/processes/historical_source_transformation.bpmn
https://www.pbs.gov.au/info/publication/schedule/2007,528752,[ignored-local-raw-cache]/historical_sources/pbs_structured_archive/au_pbs_structured_7a74603e0988ffdf.zip,518763247ddbd87e09c79c0ce616f97bd5047e2b4b23b23e8c9266991e488ba1,reimbursement_atlas:au_pbs_structured_2007_06_01_7a74603e0988,Existing local cache retained; use --force to replace it.,zip,2007-06-01-general-schedule-ascii.zip,au_pbs_structured_7a74603e0988ffdf,public_reuse_review,pending_human_review,True,au_pbs,https://www.pbs.gov.au/publication/schedule/2007/2007-06-01-general-schedule-ascii.zip?variant=3,au_pbs_structured_2007_06_01_7a74603e0988,cached,data/derived/processes/historical_source_transformation.bpmn
https://www.pbs.gov.au/info/publication/schedule/2020,7616700,[ignored-local-raw-cache]/historical_sources/pbs_structured_archive/au_pbs_structured_7a9b2dd0071e69b9.zip,031cbf2dc1115b95a8973a7414d3967c5ff3ed71960788dba31c0a5d4c6dab3f,reimbursement_atlas:au_pbs_structured_2020_10_01_7a9b2dd0071e,Existing local cache retained; use --force to replace it.,zip,2020-10-01-V2-down-converted.zip,au_pbs_structured_7a9b2dd0071e69b9,public_reuse_review,pending_human_review,True,au_pbs,https://www.pbs.gov.au/publication/schedule/2020/10/2020-10-01-V2-down-converted.zip?variant=3,au_pbs_structured_2020_10_01_7a9b2dd0071e,cached,data/derived/processes/historical_source_transformation.bpmn
https://www.pbs.gov.au/info/publication/schedule/2017,4025765,[ignored-local-raw-cache]/historical_sources/pbs_structured_archive/au_pbs_structured_7ad78599ea80df57.zip,13781a3eadceca172dabca632929140e6155f1b19c13c52bcf8186fa15e32c66,reimbursement_atlas:au_pbs_structured_2017_11_01_7ad78599ea80,Existing local cache retained; use --force to replace it.,zip,2017-11-01-extracts-down-converted.zip,au_pbs_structured_7ad78599ea80df57,public_reuse_review,pending_human_review,True,au_pbs,https://www.pbs.gov.au/publication/schedule/2017/11/2017-11-01-extracts-down-converted.zip?variant=3,au_pbs_structured_2017_11_01_7ad78599ea80,cached,data/derived/processes/historical_source_transformation.bpmn
https://www.pbs.gov.au/info/publication/schedule/2025,2401561,[ignored-local-raw-cache]/historical_sources/pbs_structured_archive/au_pbs_structured_7b119a9e0d97f446.zip,5e8a9f7517c56b33ffdb6f282116fa924c68785370567f196d537df8a40956fd,reimbursement_atlas:au_pbs_structured_2025_12_01_7b119a9e0d97,Existing local cache retained; use --force to replace it.,zip,2025-12-01-v3soextracts.zip,au_pbs_structured_7b119a9e0d97f446,public_reuse_review,pending_human_review,True,au_pbs,https://www.pbs.gov.au/publication/schedule/2025/12/2025-12-01-v3soextracts.zip?variant=3,au_pbs_structured_2025_12_01_7b119a9e0d97,cached,data/derived/processes/historical_source_transformation.bpmn
https://www.pbs.gov.au/info/publication/schedule/2020,7026239,[ignored-local-raw-cache]/historical_sources/pbs_structured_archive/au_pbs_structured_7b22c436a0b65e3c.zip,b69dd840192d489460ea84f1dbf64c9810b5ded039557f085212bdd7413f672d,reimbursement_atlas:au_pbs_structured_2020_02_01_7b22c436a0b6,Existing local cache retained; use --force to replace it.,zip,2020-02-01-V2-down-converted.zip,au_pbs_structured_7b22c436a0b65e3c,public_reuse_review,pending_human_review,True,au_pbs,https://www.pbs.gov.au/publication/schedule/2020/02/2020-02-01-V2-down-converted.zip?variant=3,au_pbs_structured_2020_02_01_7b22c436a0b6,cached,data/derived/processes/historical_source_transformation.bpmn
https://www.pbs.gov.au/info/publication/schedule/2017,4270513,[ignored-local-raw-cache]/historical_sources/pbs_structured_archive/au_pbs_structured_7bd91737ae70b3a2.zip,20bbad97a06a11e279ba93d5c504b80443fea38c526cf30b90bf0dad78ad36c0,reimbursement_atlas:au_pbs_structured_2017_09_01_7bd91737ae70,Existing local cache retained; use --force to replace it.,zip,2017-09-01-extracts.zip,au_pbs_structured_7bd91737ae70b3a2,public_reuse_review,pending_human_review,True,au_pbs,https://www.pbs.gov.au/publication/schedule/2017/09/2017-09-01-extracts.zip?variant=3,au_pbs_structured_2017_09_01_7bd91737ae70,cached,data/derived/processes/historical_source_transformation.bpmn
https://www.pbs.gov.au/info/publication/schedule/2012,541094,[ignored-local-raw-cache]/historical_sources/pbs_structured_archive/au_pbs_structured_7bf724c70cbb8b8c.zip,d740bf970bc1805fa07c9c2ad98e2bf66efc221cc616d252009246ea7ddf529d,reimbursement_atlas:au_pbs_structured_2012_06_01_7bf724c70cbb,Existing local cache retained; use --force to replace it.,zip,2012-06-01-efc-xml.zip,au_pbs_structured_7bf724c70cbb8b8c,public_reuse_review,pending_human_review,True,au_pbs,https://www.pbs.gov.au/publication/schedule/2012/06/2012-06-01-efc-xml.zip?variant=3,au_pbs_structured_2012_06_01_7bf724c70cbb,cached,data/derived/processes/historical_source_transformation.bpmn
https://www.pbs.gov.au/info/publication/schedule/2021,2846253,[ignored-local-raw-cache]/historical_sources/pbs_structured_archive/au_pbs_structured_7cd6261ac7db447c.zip,400c598d138b4449f376e25b5734b65ec75d509f6873d709aae178c5bad01a6b,reimbursement_atlas:au_pbs_structured_2021_06_01_7cd6261ac7db,Existing local cache retained; use --force to replace it.,zip,2021-06-01-v3extracts.zip,au_pbs_structured_7cd6261ac7db447c,public_reuse_review,pending_human_review,True,au_pbs,https://www.pbs.gov.au/publication/schedule/2021/06/2021-06-01-v3extracts.zip?variant=3,au_pbs_structured_2021_06_01_7cd6261ac7db,cached,data/derived/processes/historical_source_transformation.bpmn
https://www.pbs.gov.au/info/publication/schedule/2026,10225341,[ignored-local-raw-cache]/historical_sources/pbs_structured_archive/au_pbs_structured_7cfd53c73110ff28.zip,e5e474e88bcd06ff75a7f24a4380a78fc1301880e166f499946afb22b64855b2,reimbursement_atlas:au_pbs_structured_2026_05_01_7cfd53c73110,Existing local cache retained; use --force to replace it.,zip,2026-05-01-V2-down-converted.zip,au_pbs_structured_7cfd53c73110ff28,public_reuse_review,pending_human_review,True,au_pbs,https://www.pbs.gov.au/publication/schedule/2026/05/2026-05-01-V2-down-converted.zip?variant=3,au_pbs_structured_2026_05_01_7cfd53c73110,cached,data/derived/processes/historical_source_transformation.bpmn
https://www.pbs.gov.au/info/publication/schedule/2023,23552,[ignored-local-raw-cache]/historical_sources/pbs_structured_archive/au_pbs_structured_7d644eacdd6e0941.csv,61c9c3910b3caf6fad1d45d365ea19a4281b79a8f2c4b0b78e668c701d91c803,reimbursement_atlas:au_pbs_structured_unknown_7d644eacdd6e,Existing local cache retained; use --force to replace it.,csv,Supply-Only-Listings-Dec-2023-Public.csv,au_pbs_structured_7d644eacdd6e0941,public_reuse_review,pending_human_review,True,au_pbs,https://www.pbs.gov.au/publication/schedule/2023/12/Supply-Only-Listings-Dec-2023-Public.csv?variant=3,au_pbs_structured_unknown_7d644eacdd6e,cached,data/derived/processes/historical_source_transformation.bpmn
https://www.pbs.gov.au/info/publication/schedule/2013,3876810,[ignored-local-raw-cache]/historical_sources/pbs_structured_archive/au_pbs_structured_7d7169aa0bd1dd74.zip,e7da3dbf25863c891398700c4e0862613a1cf9fb506cbc68efc6d9afe014b27f,reimbursement_atlas:au_pbs_structured_2013_12_01_7d7169aa0bd1,Existing local cache retained; use --force to replace it.,zip,2013-12-01-xml.zip,au_pbs_structured_7d7169aa0bd1dd74,public_reuse_review,pending_human_review,True,au_pbs,https://www.pbs.gov.au/publication/schedule/2013/12/2013-12-01-xml.zip?variant=3,au_pbs_structured_2013_12_01_7d7169aa0bd1,cached,data/derived/processes/historical_source_transformation.bpmn
https://www.pbs.gov.au/info/publication/schedule/2020,4381231,[ignored-local-raw-cache]/historical_sources/pbs_structured_archive/au_pbs_structured_7d71d79fef3ff7a4.zip,e44fd3d1fe505b44d0341b499fa35249cfc355d8f34c6749549de768cda34639,reimbursement_atlas:au_pbs_structured_2020_02_01_7d71d79fef3f,Existing local cache retained; use --force to replace it.,zip,2020-02-01-extracts-down-converted.zip,au_pbs_structured_7d71d79fef3ff7a4,public_reuse_review,pending_human_review,True,au_pbs,https://www.pbs.gov.au/publication/schedule/2020/02/2020-02-01-extracts-down-converted.zip?variant=3,au_pbs_structured_2020_02_01_7d71d79fef3f,cached,data/derived/processes/historical_source_transformation.bpmn
https://www.pbs.gov.au/info/publication/schedule/2022,8624835,[ignored-local-raw-cache]/historical_sources/pbs_structured_archive/au_pbs_structured_7d7d299e10ba2e4b.zip,6b068ae04cdf42545f3b135252c6c8cf165cc9374c221a9f0c7c8d6711b3d660,reimbursement_atlas:au_pbs_structured_2022_01_01_7d7d299e10ba,Existing local cache retained; use --force to replace it.,zip,2022-01-01-V2-down-converted.zip,au_pbs_structured_7d7d299e10ba2e4b,public_reuse_review,pending_human_review,True,au_pbs,https://www.pbs.gov.au/publication/schedule/2022/01/2022-01-01-V2-down-converted.zip?variant=3,au_pbs_structured_2022_01_01_7d7d299e10ba,cached,data/derived/processes/historical_source_transformation.bpmn
https://www.pbs.gov.au/info/publication/schedule/2019,4339342,[ignored-local-raw-cache]/historical_sources/pbs_structured_archive/au_pbs_structured_7dbff5bd123ed006.zip,d5e728781425da215ab4f61e2005fa556e1766f0362f9cc81ea6ff46292e4e77,reimbursement_atlas:au_pbs_structured_2019_08_01_7dbff5bd123e,Existing local cache retained; use --force to replace it.,zip,2019-08-01-extracts-down-converted.zip,au_pbs_structured_7dbff5bd123ed006,public_reuse_review,pending_human_review,True,au_pbs,https://www.pbs.gov.au/publication/schedule/2019/08/2019-08-01-extracts-down-converted.zip?variant=3,au_pbs_structured_2019_08_01_7dbff5bd123e,cached,data/derived/processes/historical_source_transformation.bpmn
https://www.pbs.gov.au/info/publication/schedule/2021,2837459,[ignored-local-raw-cache]/historical_sources/pbs_structured_archive/au_pbs_structured_7df7121b6fb93c06.zip,1def9de7d7004c99aad5aa82148e3207f9a07b1408defbe40214aa068b921df0,reimbursement_atlas:au_pbs_structured_2021_05_01_7df7121b6fb9,Existing local cache retained; use --force to replace it.,zip,2021-05-01-v3extracts.zip,au_pbs_structured_7df7121b6fb93c06,public_reuse_review,pending_human_review,True,au_pbs,https://www.pbs.gov.au/publication/schedule/2021/05/2021-05-01-v3extracts.zip?variant=3,au_pbs_structured_2021_05_01_7df7121b6fb9,cached,data/derived/processes/historical_source_transformation.bpmn
https://www.pbs.gov.au/info/publication/schedule/2009,480224,[ignored-local-raw-cache]/historical_sources/pbs_structured_archive/au_pbs_structured_7dff2211222e5c1d.zip,f93f1c7d3a06f9d92b37ce5b9f1c6afa82be54c791d885cb0e5819a86ce5f808,reimbursement_atlas:au_pbs_structured_2009_03_01_7dff2211222e,Existing local cache retained; use --force to replace it.,zip,2009-03-01-general-schedule-ascii.zip,au_pbs_structured_7dff2211222e5c1d,public_reuse_review,pending_human_review,True,au_pbs,https://www.pbs.gov.au/publication/schedule/2009/2009-03-01-general-schedule-ascii.zip?variant=3,au_pbs_structured_2009_03_01_7dff2211222e,cached,data/derived/processes/historical_source_transformation.bpmn
https://www.pbs.gov.au/info/publication/schedule/2022,1931735,[ignored-local-raw-cache]/historical_sources/pbs_structured_archive/au_pbs_structured_7e1a9d22e1591934.zip,76b3213e3be19ed7a9e5fdfdca95c9c3a9a4f9557965c4ba7056ad7e9e46cccd,reimbursement_atlas:au_pbs_structured_2022_05_01_7e1a9d22e159,Existing local cache retained; use --force to replace it.,zip,2022-05-01-v3soextracts.zip,au_pbs_structured_7e1a9d22e1591934,public_reuse_review,pending_human_review,True,au_pbs,https://www.pbs.gov.au/publication/schedule/2022/05/2022-05-01-v3soextracts.zip?variant=3,au_pbs_structured_2022_05_01_7e1a9d22e159,cached,data/derived/processes/historical_source_transformation.bpmn
https://www.pbs.gov.au/info/publication/schedule/2016,4801368,[ignored-local-raw-cache]/historical_sources/pbs_structured_archive/au_pbs_structured_7ec0b3fee80d724a.zip,ed9f297d9ded5d0ccbc8302cf0f0ec1b8218af1aa5819a0daff61596253eaf5c,reimbursement_atlas:au_pbs_structured_2016_08_01_7ec0b3fee80d,Existing local cache retained; use --force to replace it.,zip,2016-08-01-xml.zip,au_pbs_structured_7ec0b3fee80d724a,public_reuse_review,pending_human_review,True,au_pbs,https://www.pbs.gov.au/publication/schedule/2016/08/2016-08-01-xml.zip?variant=3,au_pbs_structured_2016_08_01_7ec0b3fee80d,cached,data/derived/processes/historical_source_transformation.bpmn
https://www.pbs.gov.au/info/publication/schedule/2012,592736,[ignored-local-raw-cache]/historical_sources/pbs_structured_archive/au_pbs_structured_7f8ec27a5e35899f.zip,c4be23bb209ae0af71e3c380484708429bc96945d937d7c194fcaccddc991ce5,reimbursement_atlas:au_pbs_structured_2012_08_01_7f8ec27a5e35,Existing local cache retained; use --force to replace it.,zip,2012-08-01-general-schedule-ascii.zip,au_pbs_structured_7f8ec27a5e35899f,public_reuse_review,pending_human_review,True,au_pbs,https://www.pbs.gov.au/publication/schedule/2012/08/2012-08-01-general-schedule-ascii.zip?variant=3,au_pbs_structured_2012_08_01_7f8ec27a5e35,cached,data/derived/processes/historical_source_transformation.bpmn
https://www.pbs.gov.au/info/publication/schedule/2009,1033543,[ignored-local-raw-cache]/historical_sources/pbs_structured_archive/au_pbs_structured_7f99cba639e789ea.zip,61b7980cf77ab542d3c65652115bab9a7801f17c83ab073542520c0a4b9d68de,reimbursement_atlas:au_pbs_structured_2009_05_01_7f99cba639e7,Existing local cache retained; use --force to replace it.,zip,2009-05-01-general-schedule-xml.zip,au_pbs_structured_7f99cba639e789ea,public_reuse_review,pending_human_review,True,au_pbs,https://www.pbs.gov.au/publication/schedule/2009/2009-05-01-general-schedule-xml.zip?variant=3,au_pbs_structured_2009_05_01_7f99cba639e7,cached,data/derived/processes/historical_source_transformation.bpmn
https://www.pbs.gov.au/info/publication/schedule/2025,10316767,[ignored-local-raw-cache]/historical_sources/pbs_structured_archive/au_pbs_structured_7fc50d4435fefdf3.zip,312b95d9ed349a42fb2182953ce6b89709a262ebad3efab22aad856ce15ccce7,reimbursement_atlas:au_pbs_structured_2025_07_01_7fc50d4435fe,Existing local cache retained; use --force to replace it.,zip,2025-07-01-v2-down-converted.zip,au_pbs_structured_7fc50d4435fefdf3,public_reuse_review,pending_human_review,True,au_pbs,https://www.pbs.gov.au/publication/schedule/2025/07/2025-07-01-v2-down-converted.zip?variant=3,au_pbs_structured_2025_07_01_7fc50d4435fe,cached,data/derived/processes/historical_source_transformation.bpmn
https://www.pbs.gov.au/info/publication/schedule/2020,7812138,[ignored-local-raw-cache]/historical_sources/pbs_structured_archive/au_pbs_structured_80b071b17b8e5e94.zip,bb91de2df202a0d8f00b644d4c2b1a4493527dd70147c4e1523e10ec60e2d309,reimbursement_atlas:au_pbs_structured_2020_11_01_80b071b17b8e,Existing local cache retained; use --force to replace it.,zip,2020-11-01-xml-V3.zip,au_pbs_structured_80b071b17b8e5e94,public_reuse_review,pending_human_review,True,au_pbs,https://www.pbs.gov.au/publication/schedule/2020/11/2020-11-01-xml-V3.zip?variant=3,au_pbs_structured_2020_11_01_80b071b17b8e,cached,data/derived/processes/historical_source_transformation.bpmn
https://www.pbs.gov.au/info/publication/schedule/2023,9350499,[ignored-local-raw-cache]/historical_sources/pbs_structured_archive/au_pbs_structured_80d833bbd1564a18.zip,ac390c28a64177061cf8c4d1d67b66289fd8c738507fbeab34a58ef31e1328c3,reimbursement_atlas:au_pbs_structured_2023_07_01_80d833bbd156,Existing local cache retained; use --force to replace it.,zip,2023-07-01-xml-V3.zip,au_pbs_structured_80d833bbd1564a18,public_reuse_review,pending_human_review,True,au_pbs,https://www.pbs.gov.au/publication/schedule/2023/07/2023-07-01-xml-V3.zip?variant=3,au_pbs_structured_2023_07_01_80d833bbd156,cached,data/derived/processes/historical_source_transformation.bpmn
https://www.pbs.gov.au/info/publication/schedule/2008,470205,[ignored-local-raw-cache]/historical_sources/pbs_structured_archive/au_pbs_structured_813e09942fc17971.zip,69aeb2a49d6be0819fad271e31a6c7b06d46aec095dec56b6f9cdcb66d5b5919,reimbursement_atlas:au_pbs_structured_2008_12_01_813e09942fc1,Existing local cache retained; use --force to replace it.,zip,2008-12-01-general-schedule-ascii.zip,au_pbs_structured_813e09942fc17971,public_reuse_review,pending_human_review,True,au_pbs,https://www.pbs.gov.au/publication/schedule/2008/2008-12-01-general-schedule-ascii.zip?variant=3,au_pbs_structured_2008_12_01_813e09942fc1,cached,data/derived/processes/historical_source_transformation.bpmn
https://www.pbs.gov.au/info/publication/schedule/2014,3768008,[ignored-local-raw-cache]/historical_sources/pbs_structured_archive/au_pbs_structured_816a3482cc30fa90.zip,ba608315c4149520a378e8876d7fb57fa8d185c588206e48d3997e383552e8e6,reimbursement_atlas:au_pbs_structured_2014_05_01_816a3482cc30,Existing local cache retained; use --force to replace it.,zip,2014-05-01-xml.zip,au_pbs_structured_816a3482cc30fa90,public_reuse_review,pending_human_review,True,au_pbs,https://www.pbs.gov.au/publication/schedule/2014/05/2014-05-01-xml.zip?variant=3,au_pbs_structured_2014_05_01_816a3482cc30,cached,data/derived/processes/historical_source_transformation.bpmn
https://www.pbs.gov.au/info/publication/schedule/2011,566028,[ignored-local-raw-cache]/historical_sources/pbs_structured_archive/au_pbs_structured_8184b8601e1f42a0.zip,6d59f69bb8908a8903910257ce532034ccea4dd8c4996ed0cca48178da89f3e3,reimbursement_atlas:au_pbs_structured_2011_12_01_8184b8601e1f,Existing local cache retained; use --force to replace it.,zip,2011-12-01-general-schedule-ascii.zip,au_pbs_structured_8184b8601e1f42a0,public_reuse_review,pending_human_review,True,au_pbs,https://www.pbs.gov.au/publication/schedule/2011/12/2011-12-01-general-schedule-ascii.zip?variant=3,au_pbs_structured_2011_12_01_8184b8601e1f,cached,data/derived/processes/historical_source_transformation.bpmn
https://www.pbs.gov.au/info/publication/schedule/2024,9836899,[ignored-local-raw-cache]/historical_sources/pbs_structured_archive/au_pbs_structured_820aabb015d1996b.zip,41fd3beaa84bef4f9593478727f20730723c4dbba5ea72a5a4d1101549521b32,reimbursement_atlas:au_pbs_structured_2024_09_01_820aabb015d1,Existing local cache retained; use --force to replace it.,zip,2024-09-01-V2-down-converted.zip,au_pbs_structured_820aabb015d1996b,public_reuse_review,pending_human_review,True,au_pbs,https://www.pbs.gov.au/publication/schedule/2024/09/2024-09-01-V2-down-converted.zip?variant=3,au_pbs_structured_2024_09_01_820aabb015d1,cached,data/derived/processes/historical_source_transformation.bpmn
https://www.pbs.gov.au/info/publication/schedule/2020,7694344,[ignored-local-raw-cache]/historical_sources/pbs_structured_archive/au_pbs_structured_8241538d5146c9cc.zip,792c9c7f04144d8dca4b1ef8ee6f593f7faf5970b999674b1e7ed00c39f604fa,reimbursement_atlas:au_pbs_structured_2020_10_01_8241538d5146,Existing local cache retained; use --force to replace it.,zip,2020-10-01-xml-V3.zip,au_pbs_structured_8241538d5146c9cc,public_reuse_review,pending_human_review,True,au_pbs,https://www.pbs.gov.au/publication/schedule/2020/10/2020-10-01-xml-V3.zip?variant=3,au_pbs_structured_2020_10_01_8241538d5146,cached,data/derived/processes/historical_source_transformation.bpmn
https://www.pbs.gov.au/info/publication/schedule/2018,6434997,[ignored-local-raw-cache]/historical_sources/pbs_structured_archive/au_pbs_structured_8261f457d0ea13d7.zip,2372ab27ac434edefba239f7dd561b0c489cc26997ddedb92d758c51d6f7c124,reimbursement_atlas:au_pbs_structured_2018_02_01_8261f457d0ea,Existing local cache retained; use --force to replace it.,zip,2018-02-01-V2-down-converted.zip,au_pbs_structured_8261f457d0ea13d7,public_reuse_review,pending_human_review,True,au_pbs,https://www.pbs.gov.au/publication/schedule/2018/02/2018-02-01-V2-down-converted.zip?variant=3,au_pbs_structured_2018_02_01_8261f457d0ea,cached,data/derived/processes/historical_source_transformation.bpmn
https://www.pbs.gov.au/info/publication/schedule/2023,8974019,[ignored-local-raw-cache]/historical_sources/pbs_structured_archive/au_pbs_structured_826ac18a9b0a2efb.zip,cd021677c97241c7f7800c1d20fd5c878e2ceaf6614ae3e649261441b71d983d,reimbursement_atlas:au_pbs_structured_2023_07_01_826ac18a9b0a,Existing local cache retained; use --force to replace it.,zip,2023-07-01-V2-down-converted.zip,au_pbs_structured_826ac18a9b0a2efb,public_reuse_review,pending_human_review,True,au_pbs,https://www.pbs.gov.au/publication/schedule/2023/07/2023-07-01-V2-down-converted.zip?variant=3,au_pbs_structured_2023_07_01_826ac18a9b0a,cached,data/derived/processes/historical_source_transformation.bpmn
https://www.pbs.gov.au/info/publication/schedule/2024,2149633,[ignored-local-raw-cache]/historical_sources/pbs_structured_archive/au_pbs_structured_8299f5de44f3fb89.zip,dbe190afc1493f7db4ca9a07e564798593912609bc05f393e69d42a63ba3074d,reimbursement_atlas:au_pbs_structured_2024_02_01_8299f5de44f3,Existing local cache retained; use --force to replace it.,zip,2024-02-01-v3soextracts.zip,au_pbs_structured_8299f5de44f3fb89,public_reuse_review,pending_human_review,True,au_pbs,https://www.pbs.gov.au/publication/schedule/2024/02/2024-02-01-v3soextracts.zip?variant=3,au_pbs_structured_2024_02_01_8299f5de44f3,cached,data/derived/processes/historical_source_transformation.bpmn
https://www.pbs.gov.au/info/publication/schedule/2016,3517174,[ignored-local-raw-cache]/historical_sources/pbs_structured_archive/au_pbs_structured_82d0c80f94684ea7.zip,74c470c41283f95a66410d707f51bcfc22bbe7fb2d8e8fba7d25c57b24a126b4,reimbursement_atlas:au_pbs_structured_2016_03_01_82d0c80f9468,Existing local cache retained; use --force to replace it.,zip,2016-03-01-extracts.zip,au_pbs_structured_82d0c80f94684ea7,public_reuse_review,pending_human_review,True,au_pbs,https://www.pbs.gov.au/publication/schedule/2016/03/2016-03-01-extracts.zip?variant=3,au_pbs_structured_2016_03_01_82d0c80f9468,cached,data/derived/processes/historical_source_transformation.bpmn
https://www.pbs.gov.au/info/publication/schedule/2023,2027803,[ignored-local-raw-cache]/historical_sources/pbs_structured_archive/au_pbs_structured_82f828e2ed5e0d82.zip,b21388b5d244283175efd823c2ec7d08329537341750e5f8a70439a751de206a,reimbursement_atlas:au_pbs_structured_2023_04_01_82f828e2ed5e,Existing local cache retained; use --force to replace it.,zip,2023-04-01-v3soextracts.zip,au_pbs_structured_82f828e2ed5e0d82,public_reuse_review,pending_human_review,True,au_pbs,https://www.pbs.gov.au/publication/schedule/2023/04/2023-04-01-v3soextracts.zip?variant=3,au_pbs_structured_2023_04_01_82f828e2ed5e,cached,data/derived/processes/historical_source_transformation.bpmn
https://www.pbs.gov.au/info/publication/schedule/2007,435829,[ignored-local-raw-cache]/historical_sources/pbs_structured_archive/au_pbs_structured_8386d40e8dba1392.zip,9512d1e76293d375b7ea677e2947b119bef9f91b119a5d80418a58388ad21732,reimbursement_atlas:au_pbs_structured_2007_12_01_8386d40e8dba,Existing local cache retained; use --force to replace it.,zip,2007-12-01-general-schedule-ascii.zip,au_pbs_structured_8386d40e8dba1392,public_reuse_review,pending_human_review,True,au_pbs,https://www.pbs.gov.au/publication/schedule/2007/2007-12-01-general-schedule-ascii.zip?variant=3,au_pbs_structured_2007_12_01_8386d40e8dba,cached,data/derived/processes/historical_source_transformation.bpmn
https://www.pbs.gov.au/info/publication/schedule/2013,2883402,[ignored-local-raw-cache]/historical_sources/pbs_structured_archive/au_pbs_structured_8397233a77dd47dc.zip,bbbaf8d3ee182769056ea8b94920762aa15b2cd695e98133ca455815f5e4968a,reimbursement_atlas:au_pbs_structured_2013_06_01_8397233a77dd,Existing local cache retained; use --force to replace it.,zip,2013-06-01-extracts.zip,au_pbs_structured_8397233a77dd47dc,public_reuse_review,pending_human_review,True,au_pbs,https://www.pbs.gov.au/publication/schedule/2013/06/2013-06-01-extracts.zip?variant=3,au_pbs_structured_2013_06_01_8397233a77dd,cached,data/derived/processes/historical_source_transformation.bpmn
https://www.pbs.gov.au/info/publication/schedule/2011,571391,[ignored-local-raw-cache]/historical_sources/pbs_structured_archive/au_pbs_structured_845fa58e3f360846.zip,ca490874b0f7c2f508c044b42271938ba8ee79da702b0b61c9c5098673ba6ed4,reimbursement_atlas:au_pbs_structured_2011_07_01_845fa58e3f36,Existing local cache retained; use --force to replace it.,zip,2011-07-01-general-schedule-ascii.zip,au_pbs_structured_845fa58e3f360846,public_reuse_review,pending_human_review,True,au_pbs,https://www.pbs.gov.au/publication/schedule/2011/07/2011-07-01-general-schedule-ascii.zip?variant=3,au_pbs_structured_2011_07_01_845fa58e3f36,cached,data/derived/processes/historical_source_transformation.bpmn
https://www.pbs.gov.au/info/publication/schedule/2009,1019471,[ignored-local-raw-cache]/historical_sources/pbs_structured_archive/au_pbs_structured_8476b982800fd79d.zip,0304e0da4f0b21eeb93bf6ff660dd63c54c87820778d1e875913b0e6372d33eb,reimbursement_atlas:au_pbs_structured_2009_03_01_8476b982800f,Existing local cache retained; use --force to replace it.,zip,2009-03-01-general-schedule-xml.zip,au_pbs_structured_8476b982800fd79d,public_reuse_review,pending_human_review,True,au_pbs,https://www.pbs.gov.au/publication/schedule/2009/2009-03-01-general-schedule-xml.zip?variant=3,au_pbs_structured_2009_03_01_8476b982800f,cached,data/derived/processes/historical_source_transformation.bpmn
https://www.pbs.gov.au/info/publication/schedule/2021,8213710,[ignored-local-raw-cache]/historical_sources/pbs_structured_archive/au_pbs_structured_850ef3faf0cc6bfd.zip,c2384b549552ea42b3a3aad997f83129efb08e97aa785bd9920f226df5f2b65e,reimbursement_atlas:au_pbs_structured_2021_11_01_850ef3faf0cc,Existing local cache retained; use --force to replace it.,zip,2021-11-01-xml-V3.zip,au_pbs_structured_850ef3faf0cc6bfd,public_reuse_review,pending_human_review,True,au_pbs,https://www.pbs.gov.au/publication/schedule/2021/11/2021-11-01-xml-V3.zip?variant=3,au_pbs_structured_2021_11_01_850ef3faf0cc,cached,data/derived/processes/historical_source_transformation.bpmn
https://www.pbs.gov.au/info/publication/schedule/2025,3818056,[ignored-local-raw-cache]/historical_sources/pbs_structured_archive/au_pbs_structured_8518ffe7d9988645.zip,d22f4365108b3d3a7a46a25588aa44dea840b680c31a14e2a6f3e365c49a63a9,reimbursement_atlas:au_pbs_structured_2025_10_01_8518ffe7d998,Existing local cache retained; use --force to replace it.,zip,2025-10-01-v3extracts.zip,au_pbs_structured_8518ffe7d9988645,public_reuse_review,pending_human_review,True,au_pbs,https://www.pbs.gov.au/publication/schedule/2025/10/2025-10-01-v3extracts.zip?variant=3,au_pbs_structured_2025_10_01_8518ffe7d998,cached,data/derived/processes/historical_source_transformation.bpmn
https://www.pbs.gov.au/info/publication/schedule/2025,3719200,[ignored-local-raw-cache]/historical_sources/pbs_structured_archive/au_pbs_structured_853459f7183eda54.zip,c8dba2dd98d93a8c27880f63baefe53f54c05e7d3757f3cb78143ce04b730622,reimbursement_atlas:au_pbs_structured_2025_05_01_853459f7183e,Existing local cache retained; use --force to replace it.,zip,2025-05-01-v3extracts.zip,au_pbs_structured_853459f7183eda54,public_reuse_review,pending_human_review,True,au_pbs,https://www.pbs.gov.au/publication/schedule/2025/05/2025-05-01-v3extracts.zip?variant=3,au_pbs_structured_2025_05_01_853459f7183e,cached,data/derived/processes/historical_source_transformation.bpmn
https://www.pbs.gov.au/info/publication/schedule/2013,2843638,[ignored-local-raw-cache]/historical_sources/pbs_structured_archive/au_pbs_structured_859c0260f90b8c17.zip,994cc9d603634af0e3eba75d6b2d6348a06504c89e5af9c0683176206983f00f,reimbursement_atlas:au_pbs_structured_2013_03_01_859c0260f90b,Existing local cache retained; use --force to replace it.,zip,2013-03-01-extracts.zip,au_pbs_structured_859c0260f90b8c17,public_reuse_review,pending_human_review,True,au_pbs,https://www.pbs.gov.au/publication/schedule/2013/03/2013-03-01-extracts.zip?variant=3,au_pbs_structured_2013_03_01_859c0260f90b,cached,data/derived/processes/historical_source_transformation.bpmn
https://www.pbs.gov.au/info/publication/schedule/2019,6885113,[ignored-local-raw-cache]/historical_sources/pbs_structured_archive/au_pbs_structured_860cee3423f25976.zip,50d56ff3ce16e33289cbbe0bfd6492b736872efae196ae6cfa5be3a4490d7d3f,reimbursement_atlas:au_pbs_structured_2019_01_01_860cee3423f2,Existing local cache retained; use --force to replace it.,zip,2019-01-01-xml-V3.zip,au_pbs_structured_860cee3423f25976,public_reuse_review,pending_human_review,True,au_pbs,https://www.pbs.gov.au/publication/schedule/2019/01/2019-01-01-xml-V3.zip?variant=3,au_pbs_structured_2019_01_01_860cee3423f2,cached,data/derived/processes/historical_source_transformation.bpmn
https://www.pbs.gov.au/info/publication/schedule/2008,936917,[ignored-local-raw-cache]/historical_sources/pbs_structured_archive/au_pbs_structured_8652923bc48c50d7.zip,a466056254db121e1df1a706a100cd38cf1995504d8929854b55c9afe43c3307,reimbursement_atlas:au_pbs_structured_2008_07_01_8652923bc48c,Existing local cache retained; use --force to replace it.,zip,2008-07-01-general-schedule-xml.zip,au_pbs_structured_8652923bc48c50d7,public_reuse_review,pending_human_review,True,au_pbs,https://www.pbs.gov.au/publication/schedule/2008/2008-07-01-general-schedule-xml.zip?variant=3,au_pbs_structured_2008_07_01_8652923bc48c,cached,data/derived/processes/historical_source_transformation.bpmn
https://www.pbs.gov.au/info/publication/schedule/2016,4908743,[ignored-local-raw-cache]/historical_sources/pbs_structured_archive/au_pbs_structured_87ceb66845527c13.zip,dddacdb2433c53be059dfbddc3728d2f26d86c39356d63e88a263fa56c5d0b5e,reimbursement_atlas:au_pbs_structured_2016_02_01_87ceb6684552,Existing local cache retained; use --force to replace it.,zip,2016-02-01-xml.zip,au_pbs_structured_87ceb66845527c13,public_reuse_review,pending_human_review,True,au_pbs,https://www.pbs.gov.au/publication/schedule/2016/02/2016-02-01-xml.zip?variant=3,au_pbs_structured_2016_02_01_87ceb6684552,cached,data/derived/processes/historical_source_transformation.bpmn
https://www.pbs.gov.au/info/publication/schedule/2012,1508222,[ignored-local-raw-cache]/historical_sources/pbs_structured_archive/au_pbs_structured_8878755e936223c7.zip,0731fea5e9bd5f944469666f0e4592308033a72b32a14bb892d69692ab2f89fa,reimbursement_atlas:au_pbs_structured_2012_03_01_8878755e9362,Existing local cache retained; use --force to replace it.,zip,2012-03-01-general-schedule-xml.zip,au_pbs_structured_8878755e936223c7,public_reuse_review,pending_human_review,True,au_pbs,https://www.pbs.gov.au/publication/schedule/2012/03/2012-03-01-general-schedule-xml.zip?variant=3,au_pbs_structured_2012_03_01_8878755e9362,cached,data/derived/processes/historical_source_transformation.bpmn
https://www.pbs.gov.au/info/publication/schedule/2009,483756,[ignored-local-raw-cache]/historical_sources/pbs_structured_archive/au_pbs_structured_889647fcb582e737.zip,bb603c18dd6cb1576f0a00f6c3b0c992514b18a962dc29c25a5e78171f524554,reimbursement_atlas:au_pbs_structured_2009_10_01_889647fcb582,Existing local cache retained; use --force to replace it.,zip,2009-10-01-general-schedule-ascii.zip,au_pbs_structured_889647fcb582e737,public_reuse_review,pending_human_review,True,au_pbs,https://www.pbs.gov.au/publication/schedule/2009/2009-10-01-general-schedule-ascii.zip?variant=3,au_pbs_structured_2009_10_01_889647fcb582,cached,data/derived/processes/historical_source_transformation.bpmn
https://www.pbs.gov.au/info/publication/schedule/2021,9263576,[ignored-local-raw-cache]/historical_sources/pbs_structured_archive/au_pbs_structured_8a66e1e8a4ff8f96.zip,b60529b45e09ced5ddbbaa8c9700f099f5d2dadc9190b72ada29fdad7cb97299,reimbursement_atlas:au_pbs_structured_2021_09_01_8a66e1e8a4ff,Existing local cache retained; use --force to replace it.,zip,2021-09-01-V2-down-converted.zip,au_pbs_structured_8a66e1e8a4ff8f96,public_reuse_review,pending_human_review,True,au_pbs,https://www.pbs.gov.au/publication/schedule/2021/09/2021-09-01-V2-down-converted.zip?variant=3,au_pbs_structured_2021_09_01_8a66e1e8a4ff,cached,data/derived/processes/historical_source_transformation.bpmn
https://www.pbs.gov.au/info/publication/schedule/2017,7862764,[ignored-local-raw-cache]/historical_sources/pbs_structured_archive/au_pbs_structured_8c6a276b715e32ae.zip,7d64bcd5b4f7ea958a86873b897cbf2fc1c93d400137dbd2ab5de52265fc35a5,reimbursement_atlas:au_pbs_structured_2017_10_01_8c6a276b715e,Existing local cache retained; use --force to replace it.,zip,2017-10-01-xml-V3.zip,au_pbs_structured_8c6a276b715e32ae,public_reuse_review,pending_human_review,True,au_pbs,https://www.pbs.gov.au/publication/schedule/2017/10/2017-10-01-xml-V3.zip?variant=3,au_pbs_structured_2017_10_01_8c6a276b715e,cached,data/derived/processes/historical_source_transformation.bpmn
https://www.pbs.gov.au/info/publication/schedule/2024,2282778,[ignored-local-raw-cache]/historical_sources/pbs_structured_archive/au_pbs_structured_8c8f8c2766fd9a2f.zip,20b6744830ad0248638d9d353ad0c76e0f4a4d66182826c79902ef4be71915af,reimbursement_atlas:au_pbs_structured_2024_12_01_8c8f8c2766fd,Existing local cache retained; use --force to replace it.,zip,2024-12-01-v3soextracts.zip,au_pbs_structured_8c8f8c2766fd9a2f,public_reuse_review,pending_human_review,True,au_pbs,https://www.pbs.gov.au/publication/schedule/2024/12/2024-12-01-v3soextracts.zip?variant=3,au_pbs_structured_2024_12_01_8c8f8c2766fd,cached,data/derived/processes/historical_source_transformation.bpmn
https://www.pbs.gov.au/info/publication/schedule/2025,10263817,[ignored-local-raw-cache]/historical_sources/pbs_structured_archive/au_pbs_structured_8c93bd51c4da4018.zip,3b54defd2e89effc477838e6392a2e848238cfcc9117dc234e5d34d9c0ea41cf,reimbursement_atlas:au_pbs_structured_2025_09_01_8c93bd51c4da,Existing local cache retained; use --force to replace it.,zip,2025-09-01-V2-down-converted.zip,au_pbs_structured_8c93bd51c4da4018,public_reuse_review,pending_human_review,True,au_pbs,https://www.pbs.gov.au/publication/schedule/2025/09/2025-09-01-V2-down-converted.zip?variant=3,au_pbs_structured_2025_09_01_8c93bd51c4da,cached,data/derived/processes/historical_source_transformation.bpmn
https://www.pbs.gov.au/info/publication/schedule/2010,1420517,[ignored-local-raw-cache]/historical_sources/pbs_structured_archive/au_pbs_structured_8e1b79bf7dd8025b.zip,2416e64c09affba1d5cc3f7868269e8a973d007929062175b282a5496ff50622,reimbursement_atlas:au_pbs_structured_2010_11_01_8e1b79bf7dd8,Existing local cache retained; use --force to replace it.,zip,2010-11-01-general-schedule-xml.zip,au_pbs_structured_8e1b79bf7dd8025b,public_reuse_review,pending_human_review,True,au_pbs,https://www.pbs.gov.au/publication/schedule/2010/2010-11-01-general-schedule-xml.zip?variant=3,au_pbs_structured_2010_11_01_8e1b79bf7dd8,cached,data/derived/processes/historical_source_transformation.bpmn
https://www.pbs.gov.au/info/publication/schedule/2021,2996479,[ignored-local-raw-cache]/historical_sources/pbs_structured_archive/au_pbs_structured_8e2b71746ed02b3b.zip,4f5cbfdabf9f12b07b2fb9a807913e9ad1f05a9645aec82f3a9eff2dfe21ab95,reimbursement_atlas:au_pbs_structured_2021_12_01_8e2b71746ed0,Existing local cache retained; use --force to replace it.,zip,2021-12-01-v3extracts.zip,au_pbs_structured_8e2b71746ed02b3b,public_reuse_review,pending_human_review,True,au_pbs,https://www.pbs.gov.au/publication/schedule/2021/12/2021-12-01-v3extracts.zip?variant=3,au_pbs_structured_2021_12_01_8e2b71746ed0,cached,data/derived/processes/historical_source_transformation.bpmn
https://www.pbs.gov.au/info/publication/schedule/2018,4274620,[ignored-local-raw-cache]/historical_sources/pbs_structured_archive/au_pbs_structured_8e771f2616e67bfd.zip,187e587facc63cbec9aa2b0b715af9a0c4ef67b2f9cd1e71b40f13eb88e90285,reimbursement_atlas:au_pbs_structured_2018_12_01_8e771f2616e6,Existing local cache retained; use --force to replace it.,zip,2018-12-01-extracts-down-converted.zip,au_pbs_structured_8e771f2616e67bfd,public_reuse_review,pending_human_review,True,au_pbs,https://www.pbs.gov.au/publication/schedule/2018/12/2018-12-01-extracts-down-converted.zip?variant=3,au_pbs_structured_2018_12_01_8e771f2616e6,cached,data/derived/processes/historical_source_transformation.bpmn
https://www.pbs.gov.au/info/publication/schedule/2020,4632584,[ignored-local-raw-cache]/historical_sources/pbs_structured_archive/au_pbs_structured_8f1137737dded5f6.zip,e2dbd2b2b34cf55a567724ea91864fe2b5779b48db46c83880f8ce94ef8fa335,reimbursement_atlas:au_pbs_structured_2020_10_01_8f1137737dde,Existing local cache retained; use --force to replace it.,zip,2020-10-01-extracts-down-converted.zip,au_pbs_structured_8f1137737dded5f6,public_reuse_review,pending_human_review,True,au_pbs,https://www.pbs.gov.au/publication/schedule/2020/10/2020-10-01-extracts-down-converted.zip?variant=3,au_pbs_structured_2020_10_01_8f1137737dde,cached,data/derived/processes/historical_source_transformation.bpmn
https://www.pbs.gov.au/info/publication/schedule/2021,8319425,[ignored-local-raw-cache]/historical_sources/pbs_structured_archive/au_pbs_structured_8f25ded443d062ce.zip,615a18670e460092336e9a79833cf5adaadc4c5dd41d538e190f4740d14a6135,reimbursement_atlas:au_pbs_structured_2021_04_01_8f25ded443d0,Existing local cache retained; use --force to replace it.,zip,2021-04-01-xml-V3.zip,au_pbs_structured_8f25ded443d062ce,public_reuse_review,pending_human_review,True,au_pbs,https://www.pbs.gov.au/publication/schedule/2021/04/2021-04-01-xml-V3.zip?variant=3,au_pbs_structured_2021_04_01_8f25ded443d0,cached,data/derived/processes/historical_source_transformation.bpmn
https://www.pbs.gov.au/info/publication/schedule/2017,6575515,[ignored-local-raw-cache]/historical_sources/pbs_structured_archive/au_pbs_structured_8fb283c1dfb277bb.zip,b47d125e5cbf2c757d556a43b2cad0ffbeb050eaa6bba77ff61576f04bf3d7e7,reimbursement_atlas:au_pbs_structured_2017_12_01_8fb283c1dfb2,Existing local cache retained; use --force to replace it.,zip,2017-12-01-xml-V3.zip,au_pbs_structured_8fb283c1dfb277bb,public_reuse_review,pending_human_review,True,au_pbs,https://www.pbs.gov.au/publication/schedule/2017/12/2017-12-01-xml-V3.zip?variant=3,au_pbs_structured_2017_12_01_8fb283c1dfb2,cached,data/derived/processes/historical_source_transformation.bpmn
https://www.pbs.gov.au/info/publication/schedule/2022,8303044,[ignored-local-raw-cache]/historical_sources/pbs_structured_archive/au_pbs_structured_9014738af8d2f810.zip,a7028cbe2f0c00d2d561eebd3206e4e073fc927850d6ddcb0f9a81f47cede3de,reimbursement_atlas:au_pbs_structured_2022_12_01_9014738af8d2,Existing local cache retained; use --force to replace it.,zip,2022-12-01-xml-V3.zip,au_pbs_structured_9014738af8d2f810,public_reuse_review,pending_human_review,True,au_pbs,https://www.pbs.gov.au/publication/schedule/2022/12/2022-12-01-xml-V3.zip?variant=3,au_pbs_structured_2022_12_01_9014738af8d2,cached,data/derived/processes/historical_source_transformation.bpmn
https://www.pbs.gov.au/info/publication/schedule/2023,3127557,[ignored-local-raw-cache]/historical_sources/pbs_structured_archive/au_pbs_structured_9043b31dd2dc2db1.zip,956882dfffd74f71a2546dafc018d29f32140f5ee1eecc4880e9533a9bbb5a63,reimbursement_atlas:au_pbs_structured_2023_03_01_9043b31dd2dc,Existing local cache retained; use --force to replace it.,zip,2023-03-01-v3extracts.zip,au_pbs_structured_9043b31dd2dc2db1,public_reuse_review,pending_human_review,True,au_pbs,https://www.pbs.gov.au/publication/schedule/2023/03/2023-03-01-v3extracts.zip?variant=3,au_pbs_structured_2023_03_01_9043b31dd2dc,cached,data/derived/processes/historical_source_transformation.bpmn
https://www.pbs.gov.au/info/publication/schedule/2011,1579139,[ignored-local-raw-cache]/historical_sources/pbs_structured_archive/au_pbs_structured_90b820d898e9a843.zip,175ad8e65fb4496b2d40f799df87e7b5701a38ae39875a7ca9fbde29cd95f079,reimbursement_atlas:au_pbs_structured_2011_05_01_90b820d898e9,Existing local cache retained; use --force to replace it.,zip,2011-05-01-general-schedule-xml.zip,au_pbs_structured_90b820d898e9a843,public_reuse_review,pending_human_review,True,au_pbs,https://www.pbs.gov.au/publication/schedule/2011/05/2011-05-01-general-schedule-xml.zip?variant=3,au_pbs_structured_2011_05_01_90b820d898e9,cached,data/derived/processes/historical_source_transformation.bpmn
https://www.pbs.gov.au/info/publication/schedule/2008,925155,[ignored-local-raw-cache]/historical_sources/pbs_structured_archive/au_pbs_structured_90cb70cdf643baab.zip,1bd308419e2c484846e6ddf7a0774b640832f1ffb2ac2f204ad66bec56f29cdc,reimbursement_atlas:au_pbs_structured_2008_04_01_90cb70cdf643,Existing local cache retained; use --force to replace it.,zip,2008-04-01-general-schedule-xml.zip,au_pbs_structured_90cb70cdf643baab,public_reuse_review,pending_human_review,True,au_pbs,https://www.pbs.gov.au/publication/schedule/2008/2008-04-01-general-schedule-xml.zip?variant=3,au_pbs_structured_2008_04_01_90cb70cdf643,cached,data/derived/processes/historical_source_transformation.bpmn
https://www.pbs.gov.au/info/publication/schedule/2020,7869865,[ignored-local-raw-cache]/historical_sources/pbs_structured_archive/au_pbs_structured_90f50d0406eced3c.zip,cc6c7c777a821ea1ab3f23a7164a72f5df8531dcd6e0072dd85a93027b8fa236,reimbursement_atlas:au_pbs_structured_2020_04_01_90f50d0406ec,Existing local cache retained; use --force to replace it.,zip,2020-04-01-xml-V3.zip,au_pbs_structured_90f50d0406eced3c,public_reuse_review,pending_human_review,True,au_pbs,https://www.pbs.gov.au/publication/schedule/2020/04/2020-04-01-xml-V3.zip?variant=3,au_pbs_structured_2020_04_01_90f50d0406ec,cached,data/derived/processes/historical_source_transformation.bpmn
https://www.pbs.gov.au/info/publication/schedule/2012,1496441,[ignored-local-raw-cache]/historical_sources/pbs_structured_archive/au_pbs_structured_910751e0dfbea0a9.zip,70d7cb95d5eed7ca21980b7bb1d6a2d59ab02602758eee260b34ecfed66c1ec4,reimbursement_atlas:au_pbs_structured_2012_01_01_910751e0dfbe,Existing local cache retained; use --force to replace it.,zip,2012-01-01-general-schedule-xml.zip,au_pbs_structured_910751e0dfbea0a9,public_reuse_review,pending_human_review,True,au_pbs,https://www.pbs.gov.au/publication/schedule/2012/01/2012-01-01-general-schedule-xml.zip?variant=3,au_pbs_structured_2012_01_01_910751e0dfbe,cached,data/derived/processes/historical_source_transformation.bpmn
https://www.pbs.gov.au/info/publication/schedule/2025,2275652,[ignored-local-raw-cache]/historical_sources/pbs_structured_archive/au_pbs_structured_9167de97b7a3a5be.zip,367421255e1ade6c672d617fa5c285659593e118ec4d41b317f3825c7e335b86,reimbursement_atlas:au_pbs_structured_2025_02_01_9167de97b7a3,Existing local cache retained; use --force to replace it.,zip,2025-02-01-v3soextracts.zip,au_pbs_structured_9167de97b7a3a5be,public_reuse_review,pending_human_review,True,au_pbs,https://www.pbs.gov.au/publication/schedule/2025/02/2025-02-01-v3soextracts.zip?variant=3,au_pbs_structured_2025_02_01_9167de97b7a3,cached,data/derived/processes/historical_source_transformation.bpmn
https://www.pbs.gov.au/info/publication/schedule/2019,10082772,[ignored-local-raw-cache]/historical_sources/pbs_structured_archive/au_pbs_structured_91af972152372557.zip,798815e0087b0d40ddd902b246353441043cba161382d993c9f964dcca2cc840,reimbursement_atlas:au_pbs_structured_2019_10_01_91af97215237,Existing local cache retained; use --force to replace it.,zip,2019-10-01-xml-V3.zip,au_pbs_structured_91af972152372557,public_reuse_review,pending_human_review,True,au_pbs,https://www.pbs.gov.au/publication/schedule/2019/10/2019-10-01-xml-V3.zip?variant=3,au_pbs_structured_2019_10_01_91af97215237,cached,data/derived/processes/historical_source_transformation.bpmn
https://www.pbs.gov.au/info/publication/schedule/2025,10122536,[ignored-local-raw-cache]/historical_sources/pbs_structured_archive/au_pbs_structured_9274beab7b8f435f.zip,9f8c19f15d5e33a8e15e975086f04c5edaff18040233c4487db2bf03b2de5819,reimbursement_atlas:au_pbs_structured_2025_03_01_9274beab7b8f,Existing local cache retained; use --force to replace it.,zip,2025-03-01-xml-V3.zip,au_pbs_structured_9274beab7b8f435f,public_reuse_review,pending_human_review,True,au_pbs,https://www.pbs.gov.au/publication/schedule/2025/03/2025-03-01-xml-V3.zip?variant=3,au_pbs_structured_2025_03_01_9274beab7b8f,cached,data/derived/processes/historical_source_transformation.bpmn
https://www.pbs.gov.au/info/publication/schedule/2016,3670791,[ignored-local-raw-cache]/historical_sources/pbs_structured_archive/au_pbs_structured_9303f9f01db2b7cb.zip,b64339228d4f861203c3f7928558552410b358602f3a9f011e9cac4211549857,reimbursement_atlas:au_pbs_structured_2016_08_01_9303f9f01db2,Existing local cache retained; use --force to replace it.,zip,2016-08-01-extracts.zip,au_pbs_structured_9303f9f01db2b7cb,public_reuse_review,pending_human_review,True,au_pbs,https://www.pbs.gov.au/publication/schedule/2016/08/2016-08-01-extracts.zip?variant=3,au_pbs_structured_2016_08_01_9303f9f01db2,cached,data/derived/processes/historical_source_transformation.bpmn
https://www.pbs.gov.au/info/publication/schedule/2016,5349434,[ignored-local-raw-cache]/historical_sources/pbs_structured_archive/au_pbs_structured_932932c818d5f09e.zip,e37266d3f14ed40f3d9a4e1618e2c5cdc8ca26fd5aeecaba2bcbe091c0c7f2c0,reimbursement_atlas:au_pbs_structured_2016_12_01_932932c818d5,Existing local cache retained; use --force to replace it.,zip,2016-12-01-xml.zip,au_pbs_structured_932932c818d5f09e,public_reuse_review,pending_human_review,True,au_pbs,https://www.pbs.gov.au/publication/schedule/2016/12/2016-12-01-xml.zip?variant=3,au_pbs_structured_2016_12_01_932932c818d5,cached,data/derived/processes/historical_source_transformation.bpmn
https://www.pbs.gov.au/info/publication/schedule/2007,869879,[ignored-local-raw-cache]/historical_sources/pbs_structured_archive/au_pbs_structured_935538c6d13a27a9.zip,7db3b6d2016b4cdbad9df1030d276a5f1668333c366f893114741e81b01c5000,reimbursement_atlas:au_pbs_structured_2007_09_01_935538c6d13a,Existing local cache retained; use --force to replace it.,zip,2007-09-01-general-schedule-xml.zip,au_pbs_structured_935538c6d13a27a9,public_reuse_review,pending_human_review,True,au_pbs,https://www.pbs.gov.au/publication/schedule/2007/2007-09-01-general-schedule-xml.zip?variant=3,au_pbs_structured_2007_09_01_935538c6d13a,cached,data/derived/processes/historical_source_transformation.bpmn
https://www.pbs.gov.au/info/publication/schedule/2024,26209,[ignored-local-raw-cache]/historical_sources/pbs_structured_archive/au_pbs_structured_937f2dca73ba944d.csv,e7b0a14f49dbd98b82629f8eae165b252e65e59c4dc4909198191d310c6bfcf3,reimbursement_atlas:au_pbs_structured_unknown_937f2dca73ba,Existing local cache retained; use --force to replace it.,csv,20240606-Supply-Only-Listings-July-2024-Public.csv,au_pbs_structured_937f2dca73ba944d,public_reuse_review,pending_human_review,True,au_pbs,https://www.pbs.gov.au/publication/schedule/2024/07/20240606-Supply-Only-Listings-July-2024-Public.csv?variant=3,au_pbs_structured_unknown_937f2dca73ba,cached,data/derived/processes/historical_source_transformation.bpmn
https://www.pbs.gov.au/info/publication/schedule/2024,3455341,[ignored-local-raw-cache]/historical_sources/pbs_structured_archive/au_pbs_structured_93c4f150c8ea4558.zip,d1f0e31c798a6ea601f88f3c9e376db1c99a07bc6bcb2880759bd9bb238dd300,reimbursement_atlas:au_pbs_structured_2024_03_01_93c4f150c8ea,Existing local cache retained; use --force to replace it.,zip,2024-03-01-v3extracts.zip,au_pbs_structured_93c4f150c8ea4558,public_reuse_review,pending_human_review,True,au_pbs,https://www.pbs.gov.au/publication/schedule/2024/03/2024-03-01-v3extracts.zip?variant=3,au_pbs_structured_2024_03_01_93c4f150c8ea,cached,data/derived/processes/historical_source_transformation.bpmn
https://www.pbs.gov.au/info/publication/schedule/2024,9803237,[ignored-local-raw-cache]/historical_sources/pbs_structured_archive/au_pbs_structured_945ac685d4169bd6.zip,10a9aa997d0a355a11ce860b2148d141db4fe96010361b7c7c4b8085184ede0b,reimbursement_atlas:au_pbs_structured_2024_08_01_945ac685d416,Existing local cache retained; use --force to replace it.,zip,2024-08-01-V2-down-converted.zip,au_pbs_structured_945ac685d4169bd6,public_reuse_review,pending_human_review,True,au_pbs,https://www.pbs.gov.au/publication/schedule/2024/08/2024-08-01-V2-down-converted.zip?variant=3,au_pbs_structured_2024_08_01_945ac685d416,cached,data/derived/processes/historical_source_transformation.bpmn
https://www.pbs.gov.au/info/publication/schedule/2009,1026324,[ignored-local-raw-cache]/historical_sources/pbs_structured_archive/au_pbs_structured_947519f0a913f071.zip,d7621ce7c14d3c5ae487272eaf648b12ac630439ff6165169031f8b263a34175,reimbursement_atlas:au_pbs_structured_2009_04_01_947519f0a913,Existing local cache retained; use --force to replace it.,zip,2009-04-01-general-schedule-xml.zip,au_pbs_structured_947519f0a913f071,public_reuse_review,pending_human_review,True,au_pbs,https://www.pbs.gov.au/publication/schedule/2009/2009-04-01-general-schedule-xml.zip?variant=3,au_pbs_structured_2009_04_01_947519f0a913,cached,data/derived/processes/historical_source_transformation.bpmn
https://www.pbs.gov.au/info/publication/schedule/2020,1036344,[ignored-local-raw-cache]/historical_sources/pbs_structured_archive/au_pbs_structured_94a5df5fe7e3801c.zip,e0eec638f524cdbcdf7c7d8bc9d5d2f49b3d430477e0f20ef5a53695686ae0b2,reimbursement_atlas:au_pbs_structured_2020_03_01_94a5df5fe7e3,Existing local cache retained; use --force to replace it.,zip,2020-03-01-xml-V3.zip,au_pbs_structured_94a5df5fe7e3801c,public_reuse_review,pending_human_review,True,au_pbs,https://www.pbs.gov.au/publication/schedule/2020/03/2020-03-01-xml-V3.zip?variant=3,au_pbs_structured_2020_03_01_94a5df5fe7e3,cached,data/derived/processes/historical_source_transformation.bpmn
https://www.pbs.gov.au/info/publication/schedule/2012,1557890,[ignored-local-raw-cache]/historical_sources/pbs_structured_archive/au_pbs_structured_9505968f8f0538f5.zip,9156ca4a27093acbfe42ec2ea7b52f125c8b463f109d9071913209f18d589015,reimbursement_atlas:au_pbs_structured_2012_05_01_9505968f8f05,Existing local cache retained; use --force to replace it.,zip,2012-05-01-general-schedule-xml.zip,au_pbs_structured_9505968f8f0538f5,public_reuse_review,pending_human_review,True,au_pbs,https://www.pbs.gov.au/publication/schedule/2012/05/2012-05-01-general-schedule-xml.zip?variant=3,au_pbs_structured_2012_05_01_9505968f8f05,cached,data/derived/processes/historical_source_transformation.bpmn
https://www.pbs.gov.au/info/publication/schedule/2023,8488013,[ignored-local-raw-cache]/historical_sources/pbs_structured_archive/au_pbs_structured_9521efd23144dd9e.zip,cb0145e8a5caaf1aa1b201764aee92e65bc68646bd9724efba12926790a73f7f,reimbursement_atlas:au_pbs_structured_2023_08_01_9521efd23144,Existing local cache retained; use --force to replace it.,zip,2023-08-01-V2-down-converted.zip,au_pbs_structured_9521efd23144dd9e,public_reuse_review,pending_human_review,True,au_pbs,https://www.pbs.gov.au/publication/schedule/2023/08/2023-08-01-V2-down-converted.zip?variant=3,au_pbs_structured_2023_08_01_9521efd23144,cached,data/derived/processes/historical_source_transformation.bpmn
https://www.pbs.gov.au/info/publication/schedule/2010,1072481,[ignored-local-raw-cache]/historical_sources/pbs_structured_archive/au_pbs_structured_95bb9cf340ecefbe.zip,a15b605df4c71b17551d3eba04d0962e674ddb2c298463e122f8745a7b47d771,reimbursement_atlas:au_pbs_structured_2010_01_01_95bb9cf340ec,Existing local cache retained; use --force to replace it.,zip,2010-01-01-general-schedule-xml.zip,au_pbs_structured_95bb9cf340ecefbe,public_reuse_review,pending_human_review,True,au_pbs,https://www.pbs.gov.au/publication/schedule/2010/2010-01-01-general-schedule-xml.zip?variant=3,au_pbs_structured_2010_01_01_95bb9cf340ec,cached,data/derived/processes/historical_source_transformation.bpmn
https://www.pbs.gov.au/info/publication/schedule/2019,6767267,[ignored-local-raw-cache]/historical_sources/pbs_structured_archive/au_pbs_structured_960c9d7e0be40f27.zip,71c6a4258598ca93080c6e9a0e755b4db8c4a74ee438d4ac8afe155e8cf2543b,reimbursement_atlas:au_pbs_structured_2019_01_01_960c9d7e0be4,Existing local cache retained; use --force to replace it.,zip,2019-01-01-V2-down-converted.zip,au_pbs_structured_960c9d7e0be40f27,public_reuse_review,pending_human_review,True,au_pbs,https://www.pbs.gov.au/publication/schedule/2019/01/2019-01-01-V2-down-converted.zip?variant=3,au_pbs_structured_2019_01_01_960c9d7e0be4,cached,data/derived/processes/historical_source_transformation.bpmn
https://www.pbs.gov.au/info/publication/schedule/2020,4436814,[ignored-local-raw-cache]/historical_sources/pbs_structured_archive/au_pbs_structured_964b8eab2157758f.zip,eccf56a9f0f222f57b6e9ffc70a702d2e4cc5cc16750f2b7443f45328f0a38cc,reimbursement_atlas:au_pbs_structured_2020_01_01_964b8eab2157,Existing local cache retained; use --force to replace it.,zip,2020-01-01-extracts-down-converted.zip,au_pbs_structured_964b8eab2157758f,public_reuse_review,pending_human_review,True,au_pbs,https://www.pbs.gov.au/publication/schedule/2020/01/2020-01-01-extracts-down-converted.zip?variant=3,au_pbs_structured_2020_01_01_964b8eab2157,cached,data/derived/processes/historical_source_transformation.bpmn
https://www.pbs.gov.au/info/publication/schedule/2024,3354456,[ignored-local-raw-cache]/historical_sources/pbs_structured_archive/au_pbs_structured_970ae53dfa036aec.zip,b5ef5ec80a71824735143aaa40669e3fe1ba8459998e913090c23ebec6d90b61,reimbursement_atlas:au_pbs_structured_2024_01_01_970ae53dfa03,Existing local cache retained; use --force to replace it.,zip,2024-01-01-v3extracts.zip,au_pbs_structured_970ae53dfa036aec,public_reuse_review,pending_human_review,True,au_pbs,https://www.pbs.gov.au/publication/schedule/2024/01/2024-01-01-v3extracts.zip?variant=3,au_pbs_structured_2024_01_01_970ae53dfa03,cached,data/derived/processes/historical_source_transformation.bpmn
https://www.pbs.gov.au/info/publication/schedule/2021,1852003,[ignored-local-raw-cache]/historical_sources/pbs_structured_archive/au_pbs_structured_972c5f9088461914.zip,b04c57c49658537cf99e73745c801457e1feb43c8c65841b6637d459a8c7b7dd,reimbursement_atlas:au_pbs_structured_2021_07_01_972c5f908846,Existing local cache retained; use --force to replace it.,zip,2021-07-01-v3soextracts.zip,au_pbs_structured_972c5f9088461914,public_reuse_review,pending_human_review,True,au_pbs,https://www.pbs.gov.au/publication/schedule/2021/07/2021-07-01-v3soextracts.zip?variant=3,au_pbs_structured_2021_07_01_972c5f908846,cached,data/derived/processes/historical_source_transformation.bpmn
https://www.pbs.gov.au/info/publication/schedule/2015,4143487,[ignored-local-raw-cache]/historical_sources/pbs_structured_archive/au_pbs_structured_97faecf3d609f8de.zip,9b4df32dbe271e7ee36fdcbeae000e44d6047caabda408d6ec075d114e6bb711,reimbursement_atlas:au_pbs_structured_2015_02_01_97faecf3d609,Existing local cache retained; use --force to replace it.,zip,2015-02-01-xml.zip,au_pbs_structured_97faecf3d609f8de,public_reuse_review,pending_human_review,True,au_pbs,https://www.pbs.gov.au/publication/schedule/2015/02/2015-02-01-xml.zip?variant=3,au_pbs_structured_2015_02_01_97faecf3d609,cached,data/derived/processes/historical_source_transformation.bpmn
https://www.pbs.gov.au/info/publication/schedule/2021,1912062,[ignored-local-raw-cache]/historical_sources/pbs_structured_archive/au_pbs_structured_9827cef048789017.zip,970ad28c205fe86eab7c3c10a4529dbf2e7d2ce9829d8b621e3b9a9aa34cd5f4,reimbursement_atlas:au_pbs_structured_2021_09_01_9827cef04878,Existing local cache retained; use --force to replace it.,zip,2021-09-01-v3soextracts.zip,au_pbs_structured_9827cef048789017,public_reuse_review,pending_human_review,True,au_pbs,https://www.pbs.gov.au/publication/schedule/2021/09/2021-09-01-v3soextracts.zip?variant=3,au_pbs_structured_2021_09_01_9827cef04878,cached,data/derived/processes/historical_source_transformation.bpmn
https://www.pbs.gov.au/info/publication/schedule/2013,2678323,[ignored-local-raw-cache]/historical_sources/pbs_structured_archive/au_pbs_structured_98a8519799789194.zip,94c0e7c6d26755b0603f7921187c39503c09e0b967925cf23ac3bc34642c56ad,reimbursement_atlas:au_pbs_structured_2013_02_01_98a851979978,Existing local cache retained; use --force to replace it.,zip,2013-02-01-extracts.zip,au_pbs_structured_98a8519799789194,public_reuse_review,pending_human_review,True,au_pbs,https://www.pbs.gov.au/publication/schedule/2013/02/2013-02-01-extracts.zip?variant=3,au_pbs_structured_2013_02_01_98a851979978,cached,data/derived/processes/historical_source_transformation.bpmn
https://www.pbs.gov.au/info/publication/schedule/2008,471339,[ignored-local-raw-cache]/historical_sources/pbs_structured_archive/au_pbs_structured_9977aceb7b83e3ee.zip,dc260b225cfe9c4c8d3333c9013a45eb4d874764164c61ea2babdbbce6bcc153,reimbursement_atlas:au_pbs_structured_2008_09_01_9977aceb7b83,Existing local cache retained; use --force to replace it.,zip,2008-09-01-general-schedule-ascii.zip,au_pbs_structured_9977aceb7b83e3ee,public_reuse_review,pending_human_review,True,au_pbs,https://www.pbs.gov.au/publication/schedule/2008/2008-09-01-general-schedule-ascii.zip?variant=3,au_pbs_structured_2008_09_01_9977aceb7b83,cached,data/derived/processes/historical_source_transformation.bpmn
https://www.pbs.gov.au/info/publication/schedule/2010,1090839,[ignored-local-raw-cache]/historical_sources/pbs_structured_archive/au_pbs_structured_998cd07b7dee2146.zip,459aec2b100aef3b1deb514cbf92ad355a1cc1932dbfde15d2f9540f56b60247,reimbursement_atlas:au_pbs_structured_2010_04_01_998cd07b7dee,Existing local cache retained; use --force to replace it.,zip,2010-04-01-general-schedule-xml.zip,au_pbs_structured_998cd07b7dee2146,public_reuse_review,pending_human_review,True,au_pbs,https://www.pbs.gov.au/publication/schedule/2010/2010-04-01-general-schedule-xml.zip?variant=3,au_pbs_structured_2010_04_01_998cd07b7dee,cached,data/derived/processes/historical_source_transformation.bpmn
https://www.pbs.gov.au/info/publication/schedule/2010,1398554,[ignored-local-raw-cache]/historical_sources/pbs_structured_archive/au_pbs_structured_99a06fbbc68dd612.zip,ef37760847f1dec10690517c7cc440ae658ccf728cdd5686008d7efad7bef5a9,reimbursement_atlas:au_pbs_structured_2010_09_01_99a06fbbc68d,Existing local cache retained; use --force to replace it.,zip,2010-09-01-general-schedule-xml.zip,au_pbs_structured_99a06fbbc68dd612,public_reuse_review,pending_human_review,True,au_pbs,https://www.pbs.gov.au/publication/schedule/2010/2010-09-01-general-schedule-xml.zip?variant=3,au_pbs_structured_2010_09_01_99a06fbbc68d,cached,data/derived/processes/historical_source_transformation.bpmn
https://www.pbs.gov.au/info/publication/schedule/2012,1717286,[ignored-local-raw-cache]/historical_sources/pbs_structured_archive/au_pbs_structured_99a74783bcd8f7cf.zip,7233dd7865584766d29db96c1bca87835d081c70fe3c7fb86e0339d6494bd848,reimbursement_atlas:au_pbs_structured_2012_10_01_99a74783bcd8,Existing local cache retained; use --force to replace it.,zip,2012-10-01-general-schedule-xml.zip,au_pbs_structured_99a74783bcd8f7cf,public_reuse_review,pending_human_review,True,au_pbs,https://www.pbs.gov.au/publication/schedule/2012/10/2012-10-01-general-schedule-xml.zip?variant=3,au_pbs_structured_2012_10_01_99a74783bcd8,cached,data/derived/processes/historical_source_transformation.bpmn
https://www.pbs.gov.au/info/publication/schedule/2009,480989,[ignored-local-raw-cache]/historical_sources/pbs_structured_archive/au_pbs_structured_99e78389429afd70.zip,768c998021753f96ec6ca78658e85ff513dcfa3328c8c069c8ae533ce288f039,reimbursement_atlas:au_pbs_structured_2009_04_01_99e78389429a,Existing local cache retained; use --force to replace it.,zip,2009-04-01-general-schedule-ascii.zip,au_pbs_structured_99e78389429afd70,public_reuse_review,pending_human_review,True,au_pbs,https://www.pbs.gov.au/publication/schedule/2009/2009-04-01-general-schedule-ascii.zip?variant=3,au_pbs_structured_2009_04_01_99e78389429a,cached,data/derived/processes/historical_source_transformation.bpmn
https://www.pbs.gov.au/info/publication/schedule/2022,9011875,[ignored-local-raw-cache]/historical_sources/pbs_structured_archive/au_pbs_structured_99eb624e072f580c.zip,bb23652bcfe918fedf2dec6e5099c2116e9ee556d41d011d203ea604c69a2c48,reimbursement_atlas:au_pbs_structured_2022_10_01_99eb624e072f,Existing local cache retained; use --force to replace it.,zip,2022-10-01-V2-down-converted.zip,au_pbs_structured_99eb624e072f580c,public_reuse_review,pending_human_review,True,au_pbs,https://www.pbs.gov.au/publication/schedule/2022/10/2022-10-01-V2-down-converted.zip?variant=3,au_pbs_structured_2022_10_01_99eb624e072f,cached,data/derived/processes/historical_source_transformation.bpmn
https://www.pbs.gov.au/info/publication/schedule/2015,3248359,[ignored-local-raw-cache]/historical_sources/pbs_structured_archive/au_pbs_structured_9a21724044b155f6.zip,799c743ea65711866c2060b5f84e3c94470148b501964857cf65b7d5936ecc66,reimbursement_atlas:au_pbs_structured_2015_07_01_9a21724044b1,Existing local cache retained; use --force to replace it.,zip,2015-07-01-extracts.zip,au_pbs_structured_9a21724044b155f6,public_reuse_review,pending_human_review,True,au_pbs,https://www.pbs.gov.au/publication/schedule/2015/07/2015-07-01-extracts.zip?variant=3,au_pbs_structured_2015_07_01_9a21724044b1,cached,data/derived/processes/historical_source_transformation.bpmn
https://www.pbs.gov.au/info/publication/schedule/2021,8871273,[ignored-local-raw-cache]/historical_sources/pbs_structured_archive/au_pbs_structured_9da8f7d54d40d4b5.zip,f122d10e9b206facf48bc9ca469c49a00f71d3e0b18c005aeb5ca1bf308a4b2c,reimbursement_atlas:au_pbs_structured_2021_01_01_9da8f7d54d40,Existing local cache retained; use --force to replace it.,zip,2021-01-01-V2-down-converted.zip,au_pbs_structured_9da8f7d54d40d4b5,public_reuse_review,pending_human_review,True,au_pbs,https://www.pbs.gov.au/publication/schedule/2021/01/2021-01-01-V2-down-converted.zip?variant=3,au_pbs_structured_2021_01_01_9da8f7d54d40,cached,data/derived/processes/historical_source_transformation.bpmn
https://www.pbs.gov.au/info/publication/schedule/2011,548972,[ignored-local-raw-cache]/historical_sources/pbs_structured_archive/au_pbs_structured_9e18316fd5f873d8.zip,09ab91d9a2f4f59083041511986a288c36f3477b7db0a52aa8bd83cadf2bba24,reimbursement_atlas:au_pbs_structured_2011_03_01_9e18316fd5f8,Existing local cache retained; use --force to replace it.,zip,2011-03-01-general-schedule-ascii.zip,au_pbs_structured_9e18316fd5f873d8,public_reuse_review,pending_human_review,True,au_pbs,https://www.pbs.gov.au/publication/schedule/2011/03/2011-03-01-general-schedule-ascii.zip?variant=3,au_pbs_structured_2011_03_01_9e18316fd5f8,cached,data/derived/processes/historical_source_transformation.bpmn
https://www.pbs.gov.au/info/publication/schedule/2007,887214,[ignored-local-raw-cache]/historical_sources/pbs_structured_archive/au_pbs_structured_9e640464bce6170b.zip,c7168e69666bffad87c3dcd5c673267c4989266eb3498610ccf11c95bff9550e,reimbursement_atlas:au_pbs_structured_2007_12_01_9e640464bce6,Existing local cache retained; use --force to replace it.,zip,2007-12-01-general-schedule-xml.zip,au_pbs_structured_9e640464bce6170b,public_reuse_review,pending_human_review,True,au_pbs,https://www.pbs.gov.au/publication/schedule/2007/2007-12-01-general-schedule-xml.zip?variant=3,au_pbs_structured_2007_12_01_9e640464bce6,cached,data/derived/processes/historical_source_transformation.bpmn
https://www.pbs.gov.au/info/publication/schedule/2021,8692612,[ignored-local-raw-cache]/historical_sources/pbs_structured_archive/au_pbs_structured_9ed8bbca36eedfd1.zip,1aaf6aa139924eaab42a8f4ef1a9e50c9a490d24478a6fd467abbf59fdf3ecf1,reimbursement_atlas:au_pbs_structured_2021_02_01_9ed8bbca36ee,Existing local cache retained; use --force to replace it.,zip,2021-02-01-V2-down-converted.zip,au_pbs_structured_9ed8bbca36eedfd1,public_reuse_review,pending_human_review,True,au_pbs,https://www.pbs.gov.au/publication/schedule/2021/02/2021-02-01-V2-down-converted.zip?variant=3,au_pbs_structured_2021_02_01_9ed8bbca36ee,cached,data/derived/processes/historical_source_transformation.bpmn
https://www.pbs.gov.au/info/publication/schedule/2011,1519607,[ignored-local-raw-cache]/historical_sources/pbs_structured_archive/au_pbs_structured_9fc7a532831f6ba8.zip,3cf14f9b67ec32e18455b077ac7b6b5e6575d1c942feba6b8473b5be89ab4cc6,reimbursement_atlas:au_pbs_structured_2011_08_01_9fc7a532831f,Existing local cache retained; use --force to replace it.,zip,2011-08-01-general-schedule-xml.zip,au_pbs_structured_9fc7a532831f6ba8,public_reuse_review,pending_human_review,True,au_pbs,https://www.pbs.gov.au/publication/schedule/2011/08/2011-08-01-general-schedule-xml.zip?variant=3,au_pbs_structured_2011_08_01_9fc7a532831f,cached,data/derived/processes/historical_source_transformation.bpmn
https://www.pbs.gov.au/info/publication/schedule/2025,10350167,[ignored-local-raw-cache]/historical_sources/pbs_structured_archive/au_pbs_structured_9fe203798f544cf4.zip,fcfb77e2659750a1203e1d379b3a624d403a073668f03b91dfe4e12585941bb0,reimbursement_atlas:au_pbs_structured_2025_12_01_9fe203798f54,Existing local cache retained; use --force to replace it.,zip,2025-12-01-V2-down-converted.zip,au_pbs_structured_9fe203798f544cf4,public_reuse_review,pending_human_review,True,au_pbs,https://www.pbs.gov.au/publication/schedule/2025/12/2025-12-01-V2-down-converted.zip?variant=3,au_pbs_structured_2025_12_01_9fe203798f54,cached,data/derived/processes/historical_source_transformation.bpmn
https://www.pbs.gov.au/info/publication/schedule/2023,8644095,[ignored-local-raw-cache]/historical_sources/pbs_structured_archive/au_pbs_structured_9fe7c78c6038cc76.zip,6c0d0edf4befad1debfe6ecc69f25fbaee04f615df0c62899d3e34fe5afb7892,reimbursement_atlas:au_pbs_structured_2023_02_01_9fe7c78c6038,Existing local cache retained; use --force to replace it.,zip,2023-02-01-V2-down-converted.zip,au_pbs_structured_9fe7c78c6038cc76,public_reuse_review,pending_human_review,True,au_pbs,https://www.pbs.gov.au/publication/schedule/2023/02/2023-02-01-V2-down-converted.zip?variant=3,au_pbs_structured_2023_02_01_9fe7c78c6038,cached,data/derived/processes/historical_source_transformation.bpmn
https://www.pbs.gov.au/info/publication/schedule/2025,4150722,[ignored-local-raw-cache]/historical_sources/pbs_structured_archive/au_pbs_structured_9fef572a009f622a.zip,5d61a6ca0d0b5692d09e9cd3e6d1b9328b4174df562c4c5e7effb6b2d5ec4ea6,reimbursement_atlas:au_pbs_structured_2025_07_01_9fef572a009f,Existing local cache retained; use --force to replace it.,zip,2025-07-01-pbs-api-csv-files.zip,au_pbs_structured_9fef572a009f622a,public_reuse_review,pending_human_review,True,au_pbs,https://www.pbs.gov.au/publication/schedule/2025/07/2025-07-01-pbs-api-csv-files.zip?variant=3,au_pbs_structured_2025_07_01_9fef572a009f,cached,data/derived/processes/historical_source_transformation.bpmn
https://www.pbs.gov.au/info/publication/schedule/2016,3550599,[ignored-local-raw-cache]/historical_sources/pbs_structured_archive/au_pbs_structured_a00ee787e1e6cf09.zip,7106706998ea747859af3c865880ff30b8518fdf33de6a3389155cd51777706e,reimbursement_atlas:au_pbs_structured_2016_02_01_a00ee787e1e6,Existing local cache retained; use --force to replace it.,zip,2016-02-01-extracts.zip,au_pbs_structured_a00ee787e1e6cf09,public_reuse_review,pending_human_review,True,au_pbs,https://www.pbs.gov.au/publication/schedule/2016/02/2016-02-01-extracts.zip?variant=3,au_pbs_structured_2016_02_01_a00ee787e1e6,cached,data/derived/processes/historical_source_transformation.bpmn
https://www.pbs.gov.au/info/publication/schedule/2007,411161,[ignored-local-raw-cache]/historical_sources/pbs_structured_archive/au_pbs_structured_a0113d7fe1ef070b.zip,e3f3f04fc475d0292d1be538e4bac55b25629cfe752a18364230c3ff6275eb64,reimbursement_atlas:au_pbs_structured_2007_08_01_a0113d7fe1ef,Existing local cache retained; use --force to replace it.,zip,2007-08-01-general-schedule-ascii.zip,au_pbs_structured_a0113d7fe1ef070b,public_reuse_review,pending_human_review,True,au_pbs,https://www.pbs.gov.au/publication/schedule/2007/2007-08-01-general-schedule-ascii.zip?variant=3,au_pbs_structured_2007_08_01_a0113d7fe1ef,cached,data/derived/processes/historical_source_transformation.bpmn
https://www.pbs.gov.au/info/publication/schedule/2008,443244,[ignored-local-raw-cache]/historical_sources/pbs_structured_archive/au_pbs_structured_a0b40d4e936d7d58.zip,40858556f7b0cbd4a9b4637d94e140616c9feee02d96fa7af3babc6f49fcc493,reimbursement_atlas:au_pbs_structured_2008_06_01_a0b40d4e936d,Existing local cache retained; use --force to replace it.,zip,2008-06-01-general-schedule-ascii.zip,au_pbs_structured_a0b40d4e936d7d58,public_reuse_review,pending_human_review,True,au_pbs,https://www.pbs.gov.au/publication/schedule/2008/2008-06-01-general-schedule-ascii.zip?variant=3,au_pbs_structured_2008_06_01_a0b40d4e936d,cached,data/derived/processes/historical_source_transformation.bpmn
https://www.pbs.gov.au/info/publication/schedule/2017,6498175,[ignored-local-raw-cache]/historical_sources/pbs_structured_archive/au_pbs_structured_a18b7a3c7b9aa17e.zip,f0e2d0b45e7561ac150f84bbaff50b4615368cd06790537413d16f1ef311b8c4,reimbursement_atlas:au_pbs_structured_2017_11_01_a18b7a3c7b9a,Existing local cache retained; use --force to replace it.,zip,2017-11-01-V2-down-converted.zip,au_pbs_structured_a18b7a3c7b9aa17e,public_reuse_review,pending_human_review,True,au_pbs,https://www.pbs.gov.au/publication/schedule/2017/11/2017-11-01-V2-down-converted.zip?variant=3,au_pbs_structured_2017_11_01_a18b7a3c7b9a,cached,data/derived/processes/historical_source_transformation.bpmn
https://www.pbs.gov.au/info/publication/schedule/2008,434988,[ignored-local-raw-cache]/historical_sources/pbs_structured_archive/au_pbs_structured_a1edc099d02fb023.zip,b74209ffb30a6f165512c77fc656b6f96bd4d5f1b01d71fdd6b259553e42d774,reimbursement_atlas:au_pbs_structured_2008_01_01_a1edc099d02f,Existing local cache retained; use --force to replace it.,zip,2008-01-01-general-schedule-ascii.zip,au_pbs_structured_a1edc099d02fb023,public_reuse_review,pending_human_review,True,au_pbs,https://www.pbs.gov.au/publication/schedule/2008/2008-01-01-general-schedule-ascii.zip?variant=3,au_pbs_structured_2008_01_01_a1edc099d02f,cached,data/derived/processes/historical_source_transformation.bpmn
https://www.pbs.gov.au/info/publication/schedule/2020,7368809,[ignored-local-raw-cache]/historical_sources/pbs_structured_archive/au_pbs_structured_a2557f4f3a54c649.zip,d41ceabffc460cb36c5f96d4053304622c5c899216070a5ded809bd7a3279781,reimbursement_atlas:au_pbs_structured_2020_06_01_a2557f4f3a54,Existing local cache retained; use --force to replace it.,zip,2020-06-01-xml-V3.zip,au_pbs_structured_a2557f4f3a54c649,public_reuse_review,pending_human_review,True,au_pbs,https://www.pbs.gov.au/publication/schedule/2020/06/2020-06-01-xml-V3.zip?variant=3,au_pbs_structured_2020_06_01_a2557f4f3a54,cached,data/derived/processes/historical_source_transformation.bpmn
https://www.pbs.gov.au/info/publication/schedule/2017,4083370,[ignored-local-raw-cache]/historical_sources/pbs_structured_archive/au_pbs_structured_a262f9ca03ab5610.zip,c6ae81eec2dd6ee39b45f99186f7137b528b9ded81a209a465e1ff2576180053,reimbursement_atlas:au_pbs_structured_2017_10_01_a262f9ca03ab,Existing local cache retained; use --force to replace it.,zip,2017-10-01-extracts-down-converted.zip,au_pbs_structured_a262f9ca03ab5610,public_reuse_review,pending_human_review,True,au_pbs,https://www.pbs.gov.au/publication/schedule/2017/10/2017-10-01-extracts-down-converted.zip?variant=3,au_pbs_structured_2017_10_01_a262f9ca03ab,cached,data/derived/processes/historical_source_transformation.bpmn
https://www.pbs.gov.au/info/publication/schedule/2024,9686725,[ignored-local-raw-cache]/historical_sources/pbs_structured_archive/au_pbs_structured_a28e1b0fe73f54cb.zip,f2f6e30a48145dccdffd8e3a37c56d0b5ca06b8b3e5d0daa1afca3b18cc5dba9,reimbursement_atlas:au_pbs_structured_2024_08_01_a28e1b0fe73f,Existing local cache retained; use --force to replace it.,zip,2024-08-01-xml-V3.zip,au_pbs_structured_a28e1b0fe73f54cb,public_reuse_review,pending_human_review,True,au_pbs,https://www.pbs.gov.au/publication/schedule/2024/08/2024-08-01-xml-V3.zip?variant=3,au_pbs_structured_2024_08_01_a28e1b0fe73f,cached,data/derived/processes/historical_source_transformation.bpmn
https://www.pbs.gov.au/info/publication/schedule/2016,3697101,[ignored-local-raw-cache]/historical_sources/pbs_structured_archive/au_pbs_structured_a2a2d9f1aab7fc8f.zip,262d97778fa1940ce430d4898da56566c8e715cacdd017a9954bfc49f2ca52d3,reimbursement_atlas:au_pbs_structured_2016_07_01_a2a2d9f1aab7,Existing local cache retained; use --force to replace it.,zip,2016-07-01-extracts.zip,au_pbs_structured_a2a2d9f1aab7fc8f,public_reuse_review,pending_human_review,True,au_pbs,https://www.pbs.gov.au/publication/schedule/2016/07/2016-07-01-extracts.zip?variant=3,au_pbs_structured_2016_07_01_a2a2d9f1aab7,cached,data/derived/processes/historical_source_transformation.bpmn
https://www.pbs.gov.au/info/publication/schedule/2025,4253216,[ignored-local-raw-cache]/historical_sources/pbs_structured_archive/au_pbs_structured_a2d39da14e042211.zip,c63ab1f776178a9f4a20cf331040e1dc35c797ed8d76c80691ed0c5870ce01db,reimbursement_atlas:au_pbs_structured_2025_12_01_a2d39da14e04,Existing local cache retained; use --force to replace it.,zip,2025-12-01-PBS-API-CSV.zip,au_pbs_structured_a2d39da14e042211,public_reuse_review,pending_human_review,True,au_pbs,https://www.pbs.gov.au/publication/schedule/2025/12/2025-12-01-PBS-API-CSV.zip?variant=3,au_pbs_structured_2025_12_01_a2d39da14e04,cached,data/derived/processes/historical_source_transformation.bpmn
https://www.pbs.gov.au/info/publication/schedule/2025,9690626,[ignored-local-raw-cache]/historical_sources/pbs_structured_archive/au_pbs_structured_a394dfb0a95cc56a.zip,7facbf99205904903377a147c95377f4e4d1c29d418d5437980c33da48df808e,reimbursement_atlas:au_pbs_structured_2025_02_01_a394dfb0a95c,Existing local cache retained; use --force to replace it.,zip,2025-02-01-V2-down-converted.zip,au_pbs_structured_a394dfb0a95cc56a,public_reuse_review,pending_human_review,True,au_pbs,https://www.pbs.gov.au/publication/schedule/2025/02/2025-02-01-V2-down-converted.zip?variant=3,au_pbs_structured_2025_02_01_a394dfb0a95c,cached,data/derived/processes/historical_source_transformation.bpmn
https://www.pbs.gov.au/info/publication/schedule/2024,9432568,[ignored-local-raw-cache]/historical_sources/pbs_structured_archive/au_pbs_structured_a3f7c79066d36904.zip,9f19384c1fe693a68c4dd62f1af366de7e39dd0fba5e2e897f80f4019f263a4b,reimbursement_atlas:au_pbs_structured_2024_01_01_a3f7c79066d3,Existing local cache retained; use --force to replace it.,zip,2024-01-01-V2-down-converted.zip,au_pbs_structured_a3f7c79066d36904,public_reuse_review,pending_human_review,True,au_pbs,https://www.pbs.gov.au/publication/schedule/2024/01/2024-01-01-V2-down-converted.zip?variant=3,au_pbs_structured_2024_01_01_a3f7c79066d3,cached,data/derived/processes/historical_source_transformation.bpmn
https://www.pbs.gov.au/info/publication/schedule/2021,8772450,[ignored-local-raw-cache]/historical_sources/pbs_structured_archive/au_pbs_structured_a49ba6334942d1fe.zip,a713634b4c062f2bb7a5be5a9351b826a032343e565ed352e8d6a3c33408620c,reimbursement_atlas:au_pbs_structured_2021_06_01_a49ba6334942,Existing local cache retained; use --force to replace it.,zip,2021-06-01-V2-down-converted.zip,au_pbs_structured_a49ba6334942d1fe,public_reuse_review,pending_human_review,True,au_pbs,https://www.pbs.gov.au/publication/schedule/2021/06/2021-06-01-V2-down-converted.zip?variant=3,au_pbs_structured_2021_06_01_a49ba6334942,cached,data/derived/processes/historical_source_transformation.bpmn
https://www.pbs.gov.au/info/publication/schedule/2020,7787362,[ignored-local-raw-cache]/historical_sources/pbs_structured_archive/au_pbs_structured_a49ed075be1bf7c7.zip,aacbc6ba10d9ecc07600e67615029e7ac4bbe632e6f73b71539da190ef63cd8f,reimbursement_atlas:au_pbs_structured_2020_01_01_a49ed075be1b,Existing local cache retained; use --force to replace it.,zip,2020-01-01-xml-V3.zip,au_pbs_structured_a49ed075be1bf7c7,public_reuse_review,pending_human_review,True,au_pbs,https://www.pbs.gov.au/publication/schedule/2020/01/2020-01-01-xml-V3.zip?variant=3,au_pbs_structured_2020_01_01_a49ed075be1b,cached,data/derived/processes/historical_source_transformation.bpmn
https://www.pbs.gov.au/info/publication/schedule/2022,1928045,[ignored-local-raw-cache]/historical_sources/pbs_structured_archive/au_pbs_structured_a4b82937f8381bca.zip,3f2071c3316d59966433118732f3102bf14aed2d7bf6d01a11754d57f6c6d1bc,reimbursement_atlas:au_pbs_structured_2022_03_01_a4b82937f838,Existing local cache retained; use --force to replace it.,zip,2022-03-01-v3soextracts.zip,au_pbs_structured_a4b82937f8381bca,public_reuse_review,pending_human_review,True,au_pbs,https://www.pbs.gov.au/publication/schedule/2022/03/2022-03-01-v3soextracts.zip?variant=3,au_pbs_structured_2022_03_01_a4b82937f838,cached,data/derived/processes/historical_source_transformation.bpmn
https://www.pbs.gov.au/info/publication/schedule/2017,4128331,[ignored-local-raw-cache]/historical_sources/pbs_structured_archive/au_pbs_structured_a5157d8a5e55b8a6.zip,0d3d1482f92b5569b2151bda8f942741118c93b5f8a76b6210528acc5ddd82f1,reimbursement_atlas:au_pbs_structured_2017_12_01_a5157d8a5e55,Existing local cache retained; use --force to replace it.,zip,2017-12-01-extracts-down-converted.zip,au_pbs_structured_a5157d8a5e55b8a6,public_reuse_review,pending_human_review,True,au_pbs,https://www.pbs.gov.au/publication/schedule/2017/12/2017-12-01-extracts-down-converted.zip?variant=3,au_pbs_structured_2017_12_01_a5157d8a5e55,cached,data/derived/processes/historical_source_transformation.bpmn
https://www.pbs.gov.au/info/publication/schedule/2017,3880653,[ignored-local-raw-cache]/historical_sources/pbs_structured_archive/au_pbs_structured_a5a4e3ba3632077a.zip,9770d32982792a41f9e2c2ffe2477962c3455df2740cf4a1393a0f1c49a09ad0,reimbursement_atlas:au_pbs_structured_2017_02_01_a5a4e3ba3632,Existing local cache retained; use --force to replace it.,zip,2017-02-01-extracts.zip,au_pbs_structured_a5a4e3ba3632077a,public_reuse_review,pending_human_review,True,au_pbs,https://www.pbs.gov.au/publication/schedule/2017/02/2017-02-01-extracts.zip?variant=3,au_pbs_structured_2017_02_01_a5a4e3ba3632,cached,data/derived/processes/historical_source_transformation.bpmn
https://www.pbs.gov.au/info/publication/schedule/2014,5268638,[ignored-local-raw-cache]/historical_sources/pbs_structured_archive/au_pbs_structured_a5d71319dc830130.zip,485a03104cd5d718042ba166a3294706ea20422f36aff8899157cc38954d1735,reimbursement_atlas:au_pbs_structured_2014_04_01_a5d71319dc83,Existing local cache retained; use --force to replace it.,zip,2014-04-01-xml.zip,au_pbs_structured_a5d71319dc830130,public_reuse_review,pending_human_review,True,au_pbs,https://www.pbs.gov.au/publication/schedule/2014/04/2014-04-01-xml.zip?variant=3,au_pbs_structured_2014_04_01_a5d71319dc83,cached,data/derived/processes/historical_source_transformation.bpmn
https://www.pbs.gov.au/info/publication/schedule/2010,1403839,[ignored-local-raw-cache]/historical_sources/pbs_structured_archive/au_pbs_structured_a61643e3cedffeef.zip,615289752fb560d3f1e2c4f27a6822ba2c3170912ede70827c753a3c221c6ba6,reimbursement_atlas:au_pbs_structured_2010_12_01_a61643e3cedf,Existing local cache retained; use --force to replace it.,zip,2010-12-01-general-schedule-xml.zip,au_pbs_structured_a61643e3cedffeef,public_reuse_review,pending_human_review,True,au_pbs,https://www.pbs.gov.au/publication/schedule/2010/2010-12-01-general-schedule-xml.zip?variant=3,au_pbs_structured_2010_12_01_a61643e3cedf,cached,data/derived/processes/historical_source_transformation.bpmn
https://www.pbs.gov.au/info/publication/schedule/2011,554162,[ignored-local-raw-cache]/historical_sources/pbs_structured_archive/au_pbs_structured_a6487be8cd7fdf8d.zip,1cfc63aac7f2f3ab65d64f0bb6c3c9c357f6177829364e7ffb53384c9860a47e,reimbursement_atlas:au_pbs_structured_2011_11_01_a6487be8cd7f,Existing local cache retained; use --force to replace it.,zip,2011-11-01-general-schedule-ascii.zip,au_pbs_structured_a6487be8cd7fdf8d,public_reuse_review,pending_human_review,True,au_pbs,https://www.pbs.gov.au/publication/schedule/2011/11/2011-11-01-general-schedule-ascii.zip?variant=3,au_pbs_structured_2011_11_01_a6487be8cd7f,cached,data/derived/processes/historical_source_transformation.bpmn
https://www.pbs.gov.au/info/publication/schedule/2014,3916267,[ignored-local-raw-cache]/historical_sources/pbs_structured_archive/au_pbs_structured_a66aec0db3d2fa33.zip,26676ecd9ba0dba7eb91de8437d61ada69591f87fe1ee2bb464448bbcf0f89f5,reimbursement_atlas:au_pbs_structured_2014_09_01_a66aec0db3d2,Existing local cache retained; use --force to replace it.,zip,2014-09-01-xml.zip,au_pbs_structured_a66aec0db3d2fa33,public_reuse_review,pending_human_review,True,au_pbs,https://www.pbs.gov.au/publication/schedule/2014/09/2014-09-01-xml.zip?variant=3,au_pbs_structured_2014_09_01_a66aec0db3d2,cached,data/derived/processes/historical_source_transformation.bpmn
https://www.pbs.gov.au/info/publication/schedule/2013,2892498,[ignored-local-raw-cache]/historical_sources/pbs_structured_archive/au_pbs_structured_a6e390f1d1b3ce02.zip,8ce17df82e9ba1e0503c109424d55ae815d5fe7fa3d6b5287e930c36b5dc8007,reimbursement_atlas:au_pbs_structured_2013_08_01_a6e390f1d1b3,Existing local cache retained; use --force to replace it.,zip,2013-08-01-extracts.zip,au_pbs_structured_a6e390f1d1b3ce02,public_reuse_review,pending_human_review,True,au_pbs,https://www.pbs.gov.au/publication/schedule/2013/08/2013-08-01-extracts.zip?variant=3,au_pbs_structured_2013_08_01_a6e390f1d1b3,cached,data/derived/processes/historical_source_transformation.bpmn
https://www.pbs.gov.au/info/publication/schedule/2021,8694400,[ignored-local-raw-cache]/historical_sources/pbs_structured_archive/au_pbs_structured_a7905253da87737e.zip,5716db0621b47daf7c8f5eab26c3561d6ea3e3e0bbc05fe668306c86f9e40551,reimbursement_atlas:au_pbs_structured_2021_08_01_a7905253da87,Existing local cache retained; use --force to replace it.,zip,2021-08-01-V2-down-converted.zip,au_pbs_structured_a7905253da87737e,public_reuse_review,pending_human_review,True,au_pbs,https://www.pbs.gov.au/publication/schedule/2021/08/2021-08-01-V2-down-converted.zip?variant=3,au_pbs_structured_2021_08_01_a7905253da87,cached,data/derived/processes/historical_source_transformation.bpmn
https://www.pbs.gov.au/info/publication/schedule/2020,8572268,[ignored-local-raw-cache]/historical_sources/pbs_structured_archive/au_pbs_structured_a79cbe211dbdd66c.zip,b1858e39ecbf5fbdcba10be1e9ec28279906d474781b712b96249d1ca177ad40,reimbursement_atlas:au_pbs_structured_2020_12_01_a79cbe211dbd,Existing local cache retained; use --force to replace it.,zip,2020-12-01-V2-down-converted.zip,au_pbs_structured_a79cbe211dbdd66c,public_reuse_review,pending_human_review,True,au_pbs,https://www.pbs.gov.au/publication/schedule/2020/12/2020-12-01-V2-down-converted.zip?variant=3,au_pbs_structured_2020_12_01_a79cbe211dbd,cached,data/derived/processes/historical_source_transformation.bpmn
https://www.pbs.gov.au/info/publication/schedule/2024,9393636,[ignored-local-raw-cache]/historical_sources/pbs_structured_archive/au_pbs_structured_a7ca0b6e39f3e313.zip,3816831a6959ed65ec0eb0ffcfc4126a4fb98accedaa1d375459ce82c2c57473,reimbursement_atlas:au_pbs_structured_2024_04_01_a7ca0b6e39f3,Existing local cache retained; use --force to replace it.,zip,2024-04-01-V2-down-converted.zip,au_pbs_structured_a7ca0b6e39f3e313,public_reuse_review,pending_human_review,True,au_pbs,https://www.pbs.gov.au/publication/schedule/2024/04/2024-04-01-V2-down-converted.zip?variant=3,au_pbs_structured_2024_04_01_a7ca0b6e39f3,cached,data/derived/processes/historical_source_transformation.bpmn
https://www.pbs.gov.au/info/publication/schedule/2025,10923296,[ignored-local-raw-cache]/historical_sources/pbs_structured_archive/au_pbs_structured_a8951969d67abc10.zip,bf61215c21a715e284c893a8edb20ba3023e826a604d63799395579b2adb4ca7,reimbursement_atlas:au_pbs_structured_2025_10_01_a8951969d67a,Existing local cache retained; use --force to replace it.,zip,2025-10-01-xml-V3.zip,au_pbs_structured_a8951969d67abc10,public_reuse_review,pending_human_review,True,au_pbs,https://www.pbs.gov.au/publication/schedule/2025/10/2025-10-01-xml-V3.zip?variant=3,au_pbs_structured_2025_10_01_a8951969d67a,cached,data/derived/processes/historical_source_transformation.bpmn
https://www.pbs.gov.au/info/publication/schedule/2018,6902266,[ignored-local-raw-cache]/historical_sources/pbs_structured_archive/au_pbs_structured_a9f15a16ecb3495d.zip,e30e45a2fbace212817de70feea6a2663d45ad6e52faada4aa6ed4ec93a2fe6b,reimbursement_atlas:au_pbs_structured_2018_07_01_a9f15a16ecb3,Existing local cache retained; use --force to replace it.,zip,2018-07-01-V2-down-converted.zip,au_pbs_structured_a9f15a16ecb3495d,public_reuse_review,pending_human_review,True,au_pbs,https://www.pbs.gov.au/publication/schedule/2018/07/2018-07-01-V2-down-converted.zip?variant=3,au_pbs_structured_2018_07_01_a9f15a16ecb3,cached,data/derived/processes/historical_source_transformation.bpmn
https://www.pbs.gov.au/info/publication/schedule/2015,4436150,[ignored-local-raw-cache]/historical_sources/pbs_structured_archive/au_pbs_structured_aac173e3a9a876b8.zip,ae71734569cef252afb50f6a801e84993441683e308c11b42eb7987b8ba026e1,reimbursement_atlas:au_pbs_structured_2015_03_01_aac173e3a9a8,Existing local cache retained; use --force to replace it.,zip,2015-03-01-xml.zip,au_pbs_structured_aac173e3a9a876b8,public_reuse_review,pending_human_review,True,au_pbs,https://www.pbs.gov.au/publication/schedule/2015/03/2015-03-01-xml.zip?variant=3,au_pbs_structured_2015_03_01_aac173e3a9a8,cached,data/derived/processes/historical_source_transformation.bpmn
https://www.pbs.gov.au/info/publication/schedule/2017,3861487,[ignored-local-raw-cache]/historical_sources/pbs_structured_archive/au_pbs_structured_aaca7edae97f3076.zip,af3249f6302af3bed4cf79e02312d9e6591b86c3ece82d4ca5b740c5b0e9adce,reimbursement_atlas:au_pbs_structured_2017_06_01_aaca7edae97f,Existing local cache retained; use --force to replace it.,zip,2017-06-01-extracts.zip,au_pbs_structured_aaca7edae97f3076,public_reuse_review,pending_human_review,True,au_pbs,https://www.pbs.gov.au/publication/schedule/2017/06/2017-06-01-extracts.zip?variant=3,au_pbs_structured_2017_06_01_aaca7edae97f,cached,data/derived/processes/historical_source_transformation.bpmn
https://www.pbs.gov.au/info/publication/schedule/2025,10168212,[ignored-local-raw-cache]/historical_sources/pbs_structured_archive/au_pbs_structured_aaf07b8f5c2dd670.zip,46bc5a5f3fdb960d7d60f3bfbc6a25ca40b8541215259ffac5530d1198263c42,reimbursement_atlas:au_pbs_structured_2025_02_01_aaf07b8f5c2d,Existing local cache retained; use --force to replace it.,zip,2025-02-01-xml-V3.zip,au_pbs_structured_aaf07b8f5c2dd670,public_reuse_review,pending_human_review,True,au_pbs,https://www.pbs.gov.au/publication/schedule/2025/02/2025-02-01-xml-V3.zip?variant=3,au_pbs_structured_2025_02_01_aaf07b8f5c2d,cached,data/derived/processes/historical_source_transformation.bpmn
https://www.pbs.gov.au/info/publication/schedule/2023,8573304,[ignored-local-raw-cache]/historical_sources/pbs_structured_archive/au_pbs_structured_aaf59692ade27bd9.zip,db71c00c356c5c5e70edc17e3e2b6f7ef45a86f5990387bba1157a0cbead81f9,reimbursement_atlas:au_pbs_structured_2023_06_01_aaf59692ade2,Existing local cache retained; use --force to replace it.,zip,2023-06-01-V2-down-converted.zip,au_pbs_structured_aaf59692ade27bd9,public_reuse_review,pending_human_review,True,au_pbs,https://www.pbs.gov.au/publication/schedule/2023/06/2023-06-01-V2-down-converted.zip?variant=3,au_pbs_structured_2023_06_01_aaf59692ade2,cached,data/derived/processes/historical_source_transformation.bpmn
https://www.pbs.gov.au/info/publication/schedule/2019,12706830,[ignored-local-raw-cache]/historical_sources/pbs_structured_archive/au_pbs_structured_ab2d80d65c663151.zip,c6b5d475cad943741451ff9e0db1c6cb944d1fd7abf16933144e82a487962951,reimbursement_atlas:au_pbs_structured_2019_02_01_ab2d80d65c66,Existing local cache retained; use --force to replace it.,zip,2019-02-01-xml-V3.zip,au_pbs_structured_ab2d80d65c663151,public_reuse_review,pending_human_review,True,au_pbs,https://www.pbs.gov.au/publication/schedule/2019/02/2019-02-01-xml-V3.zip?variant=3,au_pbs_structured_2019_02_01_ab2d80d65c66,cached,data/derived/processes/historical_source_transformation.bpmn
https://www.pbs.gov.au/info/publication/schedule/2016,6208224,[ignored-local-raw-cache]/historical_sources/pbs_structured_archive/au_pbs_structured_aba40bdd6c192f16.zip,a3a4dbaf9b7f412ec9db58b958b83b24695b7730157498cc9fd0d50bd1b60a92,reimbursement_atlas:au_pbs_structured_2016_10_01_aba40bdd6c19,Existing local cache retained; use --force to replace it.,zip,2016-10-01-xml.zip,au_pbs_structured_aba40bdd6c192f16,public_reuse_review,pending_human_review,True,au_pbs,https://www.pbs.gov.au/publication/schedule/2016/10/2016-10-01-xml.zip?variant=3,au_pbs_structured_2016_10_01_aba40bdd6c19,cached,data/derived/processes/historical_source_transformation.bpmn
https://www.pbs.gov.au/info/publication/schedule/2020,7448359,[ignored-local-raw-cache]/historical_sources/pbs_structured_archive/au_pbs_structured_ac66eaedd938c5d8.zip,bf78d5feacd8b314589bd62a1ec1af015b1a1f0a440c52bbbdefdd0565321646,reimbursement_atlas:au_pbs_structured_2020_05_01_ac66eaedd938,Existing local cache retained; use --force to replace it.,zip,2020-05-01-V2-down-converted.zip,au_pbs_structured_ac66eaedd938c5d8,public_reuse_review,pending_human_review,True,au_pbs,https://www.pbs.gov.au/publication/schedule/2020/05/2020-05-01-V2-down-converted.zip?variant=3,au_pbs_structured_2020_05_01_ac66eaedd938,cached,data/derived/processes/historical_source_transformation.bpmn
https://www.pbs.gov.au/info/publication/schedule/2025,2402072,[ignored-local-raw-cache]/historical_sources/pbs_structured_archive/au_pbs_structured_ac9f1d68f7559adc.zip,bff6c122a673ee729049767bf97ecbb8954e7be5a038a82a53d379498cb4cb18,reimbursement_atlas:au_pbs_structured_2025_11_01_ac9f1d68f755,Existing local cache retained; use --force to replace it.,zip,2025-11-01-v3soextracts.zip,au_pbs_structured_ac9f1d68f7559adc,public_reuse_review,pending_human_review,True,au_pbs,https://www.pbs.gov.au/publication/schedule/2025/11/2025-11-01-v3soextracts.zip?variant=3,au_pbs_structured_2025_11_01_ac9f1d68f755,cached,data/derived/processes/historical_source_transformation.bpmn
https://www.pbs.gov.au/info/publication/schedule/2018,6404936,[ignored-local-raw-cache]/historical_sources/pbs_structured_archive/au_pbs_structured_acaf7101f48b4f35.zip,c24c3c98299bd6056233ad31e1e0b22bd964cdd1b19260a149ddcba7b8dd6e3c,reimbursement_atlas:au_pbs_structured_2018_09_01_acaf7101f48b,Existing local cache retained; use --force to replace it.,zip,2018-09-01-xml-V3.zip,au_pbs_structured_acaf7101f48b4f35,public_reuse_review,pending_human_review,True,au_pbs,https://www.pbs.gov.au/publication/schedule/2018/09/2018-09-01-xml-V3.zip?variant=3,au_pbs_structured_2018_09_01_acaf7101f48b,cached,data/derived/processes/historical_source_transformation.bpmn
https://www.pbs.gov.au/info/publication/schedule/2014,4906061,[ignored-local-raw-cache]/historical_sources/pbs_structured_archive/au_pbs_structured_acd5bdd860ada549.zip,5b092f1f2404c9236e2ef72f6455bffe73fc5dd463a709f29ce3442be639f915,reimbursement_atlas:au_pbs_structured_2014_07_01_acd5bdd860ad,Existing local cache retained; use --force to replace it.,zip,2014-07-01-xml.zip,au_pbs_structured_acd5bdd860ada549,public_reuse_review,pending_human_review,True,au_pbs,https://www.pbs.gov.au/publication/schedule/2014/07/2014-07-01-xml.zip?variant=3,au_pbs_structured_2014_07_01_acd5bdd860ad,cached,data/derived/processes/historical_source_transformation.bpmn
https://www.pbs.gov.au/info/publication/schedule/2020,4498429,[ignored-local-raw-cache]/historical_sources/pbs_structured_archive/au_pbs_structured_ad2dfc5d229d86ac.zip,f3b465171f129839a6d30070a6dc0ad6f40acf501ac2e596fdd57eff75e664f7,reimbursement_atlas:au_pbs_structured_2020_09_01_ad2dfc5d229d,Existing local cache retained; use --force to replace it.,zip,2020-09-01-extracts-down-converted.zip,au_pbs_structured_ad2dfc5d229d86ac,public_reuse_review,pending_human_review,True,au_pbs,https://www.pbs.gov.au/publication/schedule/2020/09/2020-09-01-extracts-down-converted.zip?variant=3,au_pbs_structured_2020_09_01_ad2dfc5d229d,cached,data/derived/processes/historical_source_transformation.bpmn
https://www.pbs.gov.au/info/publication/schedule/2009,1076607,[ignored-local-raw-cache]/historical_sources/pbs_structured_archive/au_pbs_structured_adf9591030e9f48c.zip,3051908156b8c5fc02bffa064ea2391e26950b3b28a89d791e527c4e264eea6e,reimbursement_atlas:au_pbs_structured_2009_08_01_adf9591030e9,Existing local cache retained; use --force to replace it.,zip,2009-08-01-general-schedule-xml.zip,au_pbs_structured_adf9591030e9f48c,public_reuse_review,pending_human_review,True,au_pbs,https://www.pbs.gov.au/publication/schedule/2009/2009-08-01-general-schedule-xml.zip?variant=3,au_pbs_structured_2009_08_01_adf9591030e9,cached,data/derived/processes/historical_source_transformation.bpmn
https://www.pbs.gov.au/info/publication/schedule/2021,1706083,[ignored-local-raw-cache]/historical_sources/pbs_structured_archive/au_pbs_structured_ae6372f4a3ea59f8.zip,457b8f19e5d6d3400892bda0487878409e3cec456eed7b37e123073a99454d1b,reimbursement_atlas:au_pbs_structured_2021_03_01_ae6372f4a3ea,Existing local cache retained; use --force to replace it.,zip,2021-03-01-v3soextracts.zip,au_pbs_structured_ae6372f4a3ea59f8,public_reuse_review,pending_human_review,True,au_pbs,https://www.pbs.gov.au/publication/schedule/2021/03/2021-03-01-v3soextracts.zip?variant=3,au_pbs_structured_2021_03_01_ae6372f4a3ea,cached,data/derived/processes/historical_source_transformation.bpmn
https://www.pbs.gov.au/info/publication/schedule/2021,8729349,[ignored-local-raw-cache]/historical_sources/pbs_structured_archive/au_pbs_structured_ae94d471b88c6014.zip,1e4e934621cd632d2fe1011d21eb7cac54e04e7fe52331c0617bbb7fa1a43f13,reimbursement_atlas:au_pbs_structured_2021_03_01_ae94d471b88c,Existing local cache retained; use --force to replace it.,zip,2021-03-01-V2-down-converted.zip,au_pbs_structured_ae94d471b88c6014,public_reuse_review,pending_human_review,True,au_pbs,https://www.pbs.gov.au/publication/schedule/2021/03/2021-03-01-V2-down-converted.zip?variant=3,au_pbs_structured_2021_03_01_ae94d471b88c,cached,data/derived/processes/historical_source_transformation.bpmn
https://www.pbs.gov.au/info/publication/schedule/2010,499007,[ignored-local-raw-cache]/historical_sources/pbs_structured_archive/au_pbs_structured_aead3faa67cd007b.zip,da651c981b6ffe622027b9f4f128b6b2f7e8a0d5a15bed74df1b353d264b9a77,reimbursement_atlas:au_pbs_structured_2010_03_01_aead3faa67cd,Existing local cache retained; use --force to replace it.,zip,2010-03-01-general-schedule-ascii.zip,au_pbs_structured_aead3faa67cd007b,public_reuse_review,pending_human_review,True,au_pbs,https://www.pbs.gov.au/publication/schedule/2010/2010-03-01-general-schedule-ascii.zip?variant=3,au_pbs_structured_2010_03_01_aead3faa67cd,cached,data/derived/processes/historical_source_transformation.bpmn
https://www.pbs.gov.au/info/publication/schedule/2018,4076135,[ignored-local-raw-cache]/historical_sources/pbs_structured_archive/au_pbs_structured_af61ec125dd53a3a.zip,5341e6614bba5d67b2801a98b410e627bac7bb9e24ef2c3f6e58246927b75aef,reimbursement_atlas:au_pbs_structured_2018_01_01_af61ec125dd5,Existing local cache retained; use --force to replace it.,zip,2018-01-01-extracts-down-converted.zip,au_pbs_structured_af61ec125dd53a3a,public_reuse_review,pending_human_review,True,au_pbs,https://www.pbs.gov.au/publication/schedule/2018/01/2018-01-01-extracts-down-converted.zip?variant=3,au_pbs_structured_2018_01_01_af61ec125dd5,cached,data/derived/processes/historical_source_transformation.bpmn
https://www.pbs.gov.au/info/publication/schedule/2025,2330446,[ignored-local-raw-cache]/historical_sources/pbs_structured_archive/au_pbs_structured_af7f713f59bbf67a.zip,a6f5146b2ec81c3ac96ee755c182336c52145d65c32221d8092f2a8f6112ab19,reimbursement_atlas:au_pbs_structured_2025_07_01_af7f713f59bb,Existing local cache retained; use --force to replace it.,zip,2025-07-01-v3soextracts.zip,au_pbs_structured_af7f713f59bbf67a,public_reuse_review,pending_human_review,True,au_pbs,https://www.pbs.gov.au/publication/schedule/2025/07/2025-07-01-v3soextracts.zip?variant=3,au_pbs_structured_2025_07_01_af7f713f59bb,cached,data/derived/processes/historical_source_transformation.bpmn
https://www.pbs.gov.au/info/publication/schedule/2012,586768,[ignored-local-raw-cache]/historical_sources/pbs_structured_archive/au_pbs_structured_af9615402ceed310.zip,146aaee53d938f670a70d1025eac729753cad75d6c98b423bf3b99d6d2e51b4a,reimbursement_atlas:au_pbs_structured_2012_10_01_af9615402cee,Existing local cache retained; use --force to replace it.,zip,2012-10-01-general-schedule-ascii.zip,au_pbs_structured_af9615402ceed310,public_reuse_review,pending_human_review,True,au_pbs,https://www.pbs.gov.au/publication/schedule/2012/10/2012-10-01-general-schedule-ascii.zip?variant=3,au_pbs_structured_2012_10_01_af9615402cee,cached,data/derived/processes/historical_source_transformation.bpmn
https://www.pbs.gov.au/info/publication/schedule/2026,3891085,[ignored-local-raw-cache]/historical_sources/pbs_structured_archive/au_pbs_structured_b028f0376b831c31.zip,a927df42ce366430e907752f387732713f429ad2b5eb506389e9545c2fcf30d3,reimbursement_atlas:au_pbs_structured_2026_04_01_b028f0376b83,Existing local cache retained; use --force to replace it.,zip,2026-04-01-v3extracts.zip,au_pbs_structured_b028f0376b831c31,public_reuse_review,pending_human_review,True,au_pbs,https://www.pbs.gov.au/publication/schedule/2026/04/2026-04-01-v3extracts.zip?variant=3,au_pbs_structured_2026_04_01_b028f0376b83,cached,data/derived/processes/historical_source_transformation.bpmn
https://www.pbs.gov.au/info/publication/schedule/2025,3694046,[ignored-local-raw-cache]/historical_sources/pbs_structured_archive/au_pbs_structured_b08d8a70130dfa1a.zip,de01d9eb7aca4edfdb4ab54095c804dc210fc5d683ceace237f586ab8dad8d02,reimbursement_atlas:au_pbs_structured_2025_04_01_b08d8a70130d,Existing local cache retained; use --force to replace it.,zip,2025-04-01-v3extracts.zip,au_pbs_structured_b08d8a70130dfa1a,public_reuse_review,pending_human_review,True,au_pbs,https://www.pbs.gov.au/publication/schedule/2025/04/2025-04-01-v3extracts.zip?variant=3,au_pbs_structured_2025_04_01_b08d8a70130d,cached,data/derived/processes/historical_source_transformation.bpmn
https://www.pbs.gov.au/info/publication/schedule/2025,11658715,[ignored-local-raw-cache]/historical_sources/pbs_structured_archive/au_pbs_structured_b1338d5d384981c6.zip,aa7833ede1de257671330c51d952c10a0b2013aa12ab5d8319a572b7ff8abb89,reimbursement_atlas:au_pbs_structured_2025_07_01_b1338d5d3849,Existing local cache retained; use --force to replace it.,zip,2025-07-01-xml-v3.zip,au_pbs_structured_b1338d5d384981c6,public_reuse_review,pending_human_review,True,au_pbs,https://www.pbs.gov.au/publication/schedule/2025/07/2025-07-01-xml-v3.zip?variant=3,au_pbs_structured_2025_07_01_b1338d5d3849,cached,data/derived/processes/historical_source_transformation.bpmn
https://www.pbs.gov.au/info/publication/schedule/2026,10683323,[ignored-local-raw-cache]/historical_sources/pbs_structured_archive/au_pbs_structured_b16bd19451bc3ce5.zip,837d11222078baaacb84ff7572006e0f8fab140428dc428d27b528e378b08fe3,reimbursement_atlas:au_pbs_structured_2026_02_01_b16bd19451bc,Existing local cache retained; use --force to replace it.,zip,2026-02-01-XML-V3.zip,au_pbs_structured_b16bd19451bc3ce5,public_reuse_review,pending_human_review,True,au_pbs,https://www.pbs.gov.au/publication/schedule/2026/02/2026-02-01-XML-V3.zip?variant=3,au_pbs_structured_2026_02_01_b16bd19451bc,cached,data/derived/processes/historical_source_transformation.bpmn
https://www.pbs.gov.au/info/publication/schedule/2016,5368059,[ignored-local-raw-cache]/historical_sources/pbs_structured_archive/au_pbs_structured_b23581c443ce98fe.zip,aa7d04e6f8d97e6cc4dba3f1df063c1b31705e3ae9f1073197cae402592d0de9,reimbursement_atlas:au_pbs_structured_2016_01_01_b23581c443ce,Existing local cache retained; use --force to replace it.,zip,2016-01-01-xml.zip,au_pbs_structured_b23581c443ce98fe,public_reuse_review,pending_human_review,True,au_pbs,https://www.pbs.gov.au/publication/schedule/2016/01/2016-01-01-xml.zip?variant=3,au_pbs_structured_2016_01_01_b23581c443ce,cached,data/derived/processes/historical_source_transformation.bpmn
https://www.pbs.gov.au/info/publication/schedule/2012,1560385,[ignored-local-raw-cache]/historical_sources/pbs_structured_archive/au_pbs_structured_b23ea49989e56e73.zip,098e4079d5e6250fe7a614ca8e21241463a5a7f6c0a4023bf058c2806892eb5e,reimbursement_atlas:au_pbs_structured_2012_06_01_b23ea49989e5,Existing local cache retained; use --force to replace it.,zip,2012-06-01-general-schedule-xml.zip,au_pbs_structured_b23ea49989e56e73,public_reuse_review,pending_human_review,True,au_pbs,https://www.pbs.gov.au/publication/schedule/2012/06/2012-06-01-general-schedule-xml.zip?variant=3,au_pbs_structured_2012_06_01_b23ea49989e5,cached,data/derived/processes/historical_source_transformation.bpmn
https://www.pbs.gov.au/info/publication/schedule/2014,3944291,[ignored-local-raw-cache]/historical_sources/pbs_structured_archive/au_pbs_structured_b244dec8fa1da173.zip,2292622178668d201bc61ffef2d60958b71857cbc750b4112b61947b8c3205bd,reimbursement_atlas:au_pbs_structured_2014_02_01_b244dec8fa1d,Existing local cache retained; use --force to replace it.,zip,2014-02-01-xml.zip,au_pbs_structured_b244dec8fa1da173,public_reuse_review,pending_human_review,True,au_pbs,https://www.pbs.gov.au/publication/schedule/2014/02/2014-02-01-xml.zip?variant=3,au_pbs_structured_2014_02_01_b244dec8fa1d,cached,data/derived/processes/historical_source_transformation.bpmn
https://www.pbs.gov.au/info/publication/schedule/2017,3850717,[ignored-local-raw-cache]/historical_sources/pbs_structured_archive/au_pbs_structured_b24ab5a6ce11bab2.zip,c72b4119e2f5b2478e77e7f66b294b1a68cb8a68326aa5637114615440d3e6fb,reimbursement_atlas:au_pbs_structured_2017_01_01_b24ab5a6ce11,Existing local cache retained; use --force to replace it.,zip,2017-01-01-extracts.zip,au_pbs_structured_b24ab5a6ce11bab2,public_reuse_review,pending_human_review,True,au_pbs,https://www.pbs.gov.au/publication/schedule/2017/01/2017-01-01-extracts.zip?variant=3,au_pbs_structured_2017_01_01_b24ab5a6ce11,cached,data/derived/processes/historical_source_transformation.bpmn
https://www.pbs.gov.au/info/publication/schedule/2020,7448189,[ignored-local-raw-cache]/historical_sources/pbs_structured_archive/au_pbs_structured_b25ad2ede4d88f3c.zip,231cbfd0b36a7c211eda8a7ac5cbff097e38d6d4d73d4b091d8e3e406018a4d0,reimbursement_atlas:au_pbs_structured_2020_08_01_b25ad2ede4d8,Existing local cache retained; use --force to replace it.,zip,2020-08-01-V2-down-converted.zip,au_pbs_structured_b25ad2ede4d88f3c,public_reuse_review,pending_human_review,True,au_pbs,https://www.pbs.gov.au/publication/schedule/2020/08/2020-08-01-V2-down-converted.zip?variant=3,au_pbs_structured_2020_08_01_b25ad2ede4d8,cached,data/derived/processes/historical_source_transformation.bpmn
https://www.pbs.gov.au/info/publication/schedule/2026,4341456,[ignored-local-raw-cache]/historical_sources/pbs_structured_archive/au_pbs_structured_b305344b5c6ec598.zip,20b7f7d53169c5171c49bdeaaa2eb6e3c0cfd070bb8672285ef7d9ae7406a2b8,reimbursement_atlas:au_pbs_structured_2026_06_01_b305344b5c6e,Existing local cache retained; use --force to replace it.,zip,2026-06-01-PBS-API-CSV-files.zip,au_pbs_structured_b305344b5c6ec598,public_reuse_review,pending_human_review,True,au_pbs,https://www.pbs.gov.au/publication/schedule/2026/06/2026-06-01-PBS-API-CSV-files.zip?variant=3,au_pbs_structured_2026_06_01_b305344b5c6e,cached,data/derived/processes/historical_source_transformation.bpmn
https://www.pbs.gov.au/info/publication/schedule/2009,484935,[ignored-local-raw-cache]/historical_sources/pbs_structured_archive/au_pbs_structured_b34be0f9703ded6b.zip,f8ea04e505d670244f25a809eeae5e4a90da02e4bf132246a976c1fa64759ce8,reimbursement_atlas:au_pbs_structured_2009_05_01_b34be0f9703d,Existing local cache retained; use --force to replace it.,zip,2009-05-01-general-schedule-ascii.zip,au_pbs_structured_b34be0f9703ded6b,public_reuse_review,pending_human_review,True,au_pbs,https://www.pbs.gov.au/publication/schedule/2009/2009-05-01-general-schedule-ascii.zip?variant=3,au_pbs_structured_2009_05_01_b34be0f9703d,cached,data/derived/processes/historical_source_transformation.bpmn
https://www.pbs.gov.au/info/publication/schedule/2012,352226,[ignored-local-raw-cache]/historical_sources/pbs_structured_archive/au_pbs_structured_b364293f36a5f115.zip,ee480eb2208d2938d62c9b03f466534f29dbee23db52cdb10fa6eac0819f604e,reimbursement_atlas:au_pbs_structured_2012_06_01_b364293f36a5,Existing local cache retained; use --force to replace it.,zip,2012-06-01-efc-extracts.zip,au_pbs_structured_b364293f36a5f115,public_reuse_review,pending_human_review,True,au_pbs,https://www.pbs.gov.au/publication/schedule/2012/06/2012-06-01-efc-extracts.zip?variant=3,au_pbs_structured_2012_06_01_b364293f36a5,cached,data/derived/processes/historical_source_transformation.bpmn
https://www.pbs.gov.au/info/publication/schedule/2019,7243532,[ignored-local-raw-cache]/historical_sources/pbs_structured_archive/au_pbs_structured_b371df7efff7c29d.zip,7a06e52b15a8cde0c33c2c5496c8e3aed7f9c9a77ffce3ddcea52f0823c46e11,reimbursement_atlas:au_pbs_structured_2019_12_01_b371df7efff7,Existing local cache retained; use --force to replace it.,zip,2019-12-01-xml-V3.zip,au_pbs_structured_b371df7efff7c29d,public_reuse_review,pending_human_review,True,au_pbs,https://www.pbs.gov.au/publication/schedule/2019/12/2019-12-01-xml-V3.zip?variant=3,au_pbs_structured_2019_12_01_b371df7efff7,cached,data/derived/processes/historical_source_transformation.bpmn
https://www.pbs.gov.au/info/publication/schedule/2019,4281573,[ignored-local-raw-cache]/historical_sources/pbs_structured_archive/au_pbs_structured_b3796624f4f24a89.zip,5cb078fc30009934dca35db0ada979c7901c25dfe4e0f6dae47409c16b0b984c,reimbursement_atlas:au_pbs_structured_2019_06_01_b3796624f4f2,Existing local cache retained; use --force to replace it.,zip,2019-06-01-extracts-down-converted.zip,au_pbs_structured_b3796624f4f24a89,public_reuse_review,pending_human_review,True,au_pbs,https://www.pbs.gov.au/publication/schedule/2019/06/2019-06-01-extracts-down-converted.zip?variant=3,au_pbs_structured_2019_06_01_b3796624f4f2,cached,data/derived/processes/historical_source_transformation.bpmn
https://www.pbs.gov.au/info/publication/schedule/2007,388364,[ignored-local-raw-cache]/historical_sources/pbs_structured_archive/au_pbs_structured_b3d742010133d530.zip,6795a6da60eb367e3e4d2d6c1f6da19d3c7712528c79464f31e78c29dc2c3174,reimbursement_atlas:au_pbs_structured_2007_04_01_b3d742010133,Existing local cache retained; use --force to replace it.,zip,2007-04-01-general-schedule-ascii.zip,au_pbs_structured_b3d742010133d530,public_reuse_review,pending_human_review,True,au_pbs,https://www.pbs.gov.au/publication/schedule/2007/2007-04-01-general-schedule-ascii.zip?variant=3,au_pbs_structured_2007_04_01_b3d742010133,cached,data/derived/processes/historical_source_transformation.bpmn
https://www.pbs.gov.au/info/publication/schedule/2017,3852129,[ignored-local-raw-cache]/historical_sources/pbs_structured_archive/au_pbs_structured_b4296dc7ae7d8893.zip,f227ef67bf089dd8e2173218275e9c2c84db39f40af9a64322bc1ca960b33104,reimbursement_atlas:au_pbs_structured_2017_07_01_b4296dc7ae7d,Existing local cache retained; use --force to replace it.,zip,2017-07-01-extracts.zip,au_pbs_structured_b4296dc7ae7d8893,public_reuse_review,pending_human_review,True,au_pbs,https://www.pbs.gov.au/publication/schedule/2017/07/2017-07-01-extracts.zip?variant=3,au_pbs_structured_2017_07_01_b4296dc7ae7d,cached,data/derived/processes/historical_source_transformation.bpmn
https://www.pbs.gov.au/info/publication/schedule/2025,4228901,[ignored-local-raw-cache]/historical_sources/pbs_structured_archive/au_pbs_structured_b42b5f0f48143353.zip,249be86d4f23497072ee93a68b2aa3cb9765aa22b363b3f7526fffb7a1cb7d7e,reimbursement_atlas:au_pbs_structured_2025_10_01_b42b5f0f4814,Existing local cache retained; use --force to replace it.,zip,2025-10-01-PBS-API-CSV-files.zip,au_pbs_structured_b42b5f0f48143353,public_reuse_review,pending_human_review,True,au_pbs,https://www.pbs.gov.au/publication/schedule/2025/10/2025-10-01-PBS-API-CSV-files.zip?variant=3,au_pbs_structured_2025_10_01_b42b5f0f4814,cached,data/derived/processes/historical_source_transformation.bpmn
https://www.pbs.gov.au/info/publication/schedule/2022,8163335,[ignored-local-raw-cache]/historical_sources/pbs_structured_archive/au_pbs_structured_b45632e9b217e91e.zip,b37cac2ce634db187d35ec57daf6793580e769c1a6d2de16fe790224de5354a3,reimbursement_atlas:au_pbs_structured_2022_05_01_b45632e9b217,Existing local cache retained; use --force to replace it.,zip,2022-05-01-xml-V3.zip,au_pbs_structured_b45632e9b217e91e,public_reuse_review,pending_human_review,True,au_pbs,https://www.pbs.gov.au/publication/schedule/2022/05/2022-05-01-xml-V3.zip?variant=3,au_pbs_structured_2022_05_01_b45632e9b217,cached,data/derived/processes/historical_source_transformation.bpmn
https://www.pbs.gov.au/info/publication/schedule/2023,2067943,[ignored-local-raw-cache]/historical_sources/pbs_structured_archive/au_pbs_structured_b4980f546fd1fe42.zip,0e6da7d2dff939dcb441111e98103f7aefd6545392a97a4b5ff045c46fe73c80,reimbursement_atlas:au_pbs_structured_2023_08_01_b4980f546fd1,Existing local cache retained; use --force to replace it.,zip,2023-08-01-v3soextracts.zip,au_pbs_structured_b4980f546fd1fe42,public_reuse_review,pending_human_review,True,au_pbs,https://www.pbs.gov.au/publication/schedule/2023/08/2023-08-01-v3soextracts.zip?variant=3,au_pbs_structured_2023_08_01_b4980f546fd1,cached,data/derived/processes/historical_source_transformation.bpmn
https://www.pbs.gov.au/info/publication/schedule/2017,3868809,[ignored-local-raw-cache]/historical_sources/pbs_structured_archive/au_pbs_structured_b4afb5af14e9c824.zip,3ae249c1dd21a673d4adeae987d782aaa3059c1c099ce2510fcf7793b00273b6,reimbursement_atlas:au_pbs_structured_2017_05_01_b4afb5af14e9,Existing local cache retained; use --force to replace it.,zip,2017-05-01-extracts.zip,au_pbs_structured_b4afb5af14e9c824,public_reuse_review,pending_human_review,True,au_pbs,https://www.pbs.gov.au/publication/schedule/2017/05/2017-05-01-extracts.zip?variant=3,au_pbs_structured_2017_05_01_b4afb5af14e9,cached,data/derived/processes/historical_source_transformation.bpmn
https://www.pbs.gov.au/info/publication/schedule/2015,3241173,[ignored-local-raw-cache]/historical_sources/pbs_structured_archive/au_pbs_structured_b55959218eca269b.zip,4b6f57720309dd932898a050d34af6db2fe4991d4609bbd60ae3b4d8f7537016,reimbursement_atlas:au_pbs_structured_2015_03_01_b55959218eca,Existing local cache retained; use --force to replace it.,zip,2015-03-01-extracts.zip,au_pbs_structured_b55959218eca269b,public_reuse_review,pending_human_review,True,au_pbs,https://www.pbs.gov.au/publication/schedule/2015/03/2015-03-01-extracts.zip?variant=3,au_pbs_structured_2015_03_01_b55959218eca,cached,data/derived/processes/historical_source_transformation.bpmn
https://www.pbs.gov.au/info/publication/schedule/2022,1938500,[ignored-local-raw-cache]/historical_sources/pbs_structured_archive/au_pbs_structured_b55b7070d94e105e.zip,2af0535ab1b572951577b541d2acd1070536296b96aa60f7d6b1686d4054d737,reimbursement_atlas:au_pbs_structured_2022_08_01_b55b7070d94e,Existing local cache retained; use --force to replace it.,zip,2022-08-01-v3soextracts.zip,au_pbs_structured_b55b7070d94e105e,public_reuse_review,pending_human_review,True,au_pbs,https://www.pbs.gov.au/publication/schedule/2022/08/2022-08-01-v3soextracts.zip?variant=3,au_pbs_structured_2022_08_01_b55b7070d94e,cached,data/derived/processes/historical_source_transformation.bpmn
https://www.pbs.gov.au/info/publication/schedule/2016,6937995,[ignored-local-raw-cache]/historical_sources/pbs_structured_archive/au_pbs_structured_b5e8bbd033589960.zip,1337f0c1f8a8382f54af4435fda5e3f98900ee707891abb762c340ecb32c212c,reimbursement_atlas:au_pbs_structured_2016_07_01_b5e8bbd03358,Existing local cache retained; use --force to replace it.,zip,2016-07-01-xml.zip,au_pbs_structured_b5e8bbd033589960,public_reuse_review,pending_human_review,True,au_pbs,https://www.pbs.gov.au/publication/schedule/2016/07/2016-07-01-xml.zip?variant=3,au_pbs_structured_2016_07_01_b5e8bbd03358,cached,data/derived/processes/historical_source_transformation.bpmn
https://www.pbs.gov.au/info/publication/schedule/2012,562396,[ignored-local-raw-cache]/historical_sources/pbs_structured_archive/au_pbs_structured_b7dcdcd4ff4d5fce.zip,5f05c2e972cad25d268ae77579b0310e3b8acb92a224e91e2f151f6ebcc385aa,reimbursement_atlas:au_pbs_structured_2012_05_01_b7dcdcd4ff4d,Existing local cache retained; use --force to replace it.,zip,2012-05-01-general-schedule-ascii.zip,au_pbs_structured_b7dcdcd4ff4d5fce,public_reuse_review,pending_human_review,True,au_pbs,https://www.pbs.gov.au/publication/schedule/2012/05/2012-05-01-general-schedule-ascii.zip?variant=3,au_pbs_structured_2012_05_01_b7dcdcd4ff4d,cached,data/derived/processes/historical_source_transformation.bpmn
https://www.pbs.gov.au/info/publication/schedule/2012,3229158,[ignored-local-raw-cache]/historical_sources/pbs_structured_archive/au_pbs_structured_b82a19b5abf0bd19.zip,9936cbe38162c8481ffbaf2c578711084e5b0263d8b4bd3227dc4e0ae63749d5,reimbursement_atlas:au_pbs_structured_2012_12_01_b82a19b5abf0,Existing local cache retained; use --force to replace it.,zip,2012-12-01-xml.zip,au_pbs_structured_b82a19b5abf0bd19,public_reuse_review,pending_human_review,True,au_pbs,https://www.pbs.gov.au/publication/schedule/2012/12/2012-12-01-xml.zip?variant=3,au_pbs_structured_2012_12_01_b82a19b5abf0,cached,data/derived/processes/historical_source_transformation.bpmn
https://www.pbs.gov.au/info/publication/schedule/2015,3558213,[ignored-local-raw-cache]/historical_sources/pbs_structured_archive/au_pbs_structured_b8bcf57acda3f09e.zip,346b6d0ad256611820e15be383f0cee1843ec5067ffe67717f7adb26a8668687,reimbursement_atlas:au_pbs_structured_2015_09_01_b8bcf57acda3,Existing local cache retained; use --force to replace it.,zip,2015-09-01-extracts.zip,au_pbs_structured_b8bcf57acda3f09e,public_reuse_review,pending_human_review,True,au_pbs,https://www.pbs.gov.au/publication/schedule/2015/09/2015-09-01-extracts.zip?variant=3,au_pbs_structured_2015_09_01_b8bcf57acda3,cached,data/derived/processes/historical_source_transformation.bpmn
https://www.pbs.gov.au/info/publication/schedule/2021,8838797,[ignored-local-raw-cache]/historical_sources/pbs_structured_archive/au_pbs_structured_b8fd4c01c82473a7.zip,8dc4dc00c38f722665b0aaf04b93ed172dc99718a9ad0c9a6be5c3d529d1fcb1,reimbursement_atlas:au_pbs_structured_2021_01_01_b8fd4c01c824,Existing local cache retained; use --force to replace it.,zip,2021-01-01-xml-V3.zip,au_pbs_structured_b8fd4c01c82473a7,public_reuse_review,pending_human_review,True,au_pbs,https://www.pbs.gov.au/publication/schedule/2021/01/2021-01-01-xml-V3.zip?variant=3,au_pbs_structured_2021_01_01_b8fd4c01c824,cached,data/derived/processes/historical_source_transformation.bpmn
https://www.pbs.gov.au/info/publication/schedule/2023,9119746,[ignored-local-raw-cache]/historical_sources/pbs_structured_archive/au_pbs_structured_b93f19eb4a4c5122.zip,0fab2696b6ac6d0c678547699c7454d4ffd5453b7c5f4a41346eaaf70f872f79,reimbursement_atlas:au_pbs_structured_2023_12_01_b93f19eb4a4c,Existing local cache retained; use --force to replace it.,zip,2023-12-01-xml-V3.zip,au_pbs_structured_b93f19eb4a4c5122,public_reuse_review,pending_human_review,True,au_pbs,https://www.pbs.gov.au/publication/schedule/2023/12/2023-12-01-xml-V3.zip?variant=3,au_pbs_structured_2023_12_01_b93f19eb4a4c,cached,data/derived/processes/historical_source_transformation.bpmn
https://www.pbs.gov.au/info/publication/schedule/2014,3054117,[ignored-local-raw-cache]/historical_sources/pbs_structured_archive/au_pbs_structured_b968b569d5e813e7.zip,e8229f15f65f8d21b875edaff78f5ed5f38eab351279243013b888ce4acf8836,reimbursement_atlas:au_pbs_structured_2014_04_01_b968b569d5e8,Existing local cache retained; use --force to replace it.,zip,2014-04-01-extracts.zip,au_pbs_structured_b968b569d5e813e7,public_reuse_review,pending_human_review,True,au_pbs,https://www.pbs.gov.au/publication/schedule/2014/04/2014-04-01-extracts.zip?variant=3,au_pbs_structured_2014_04_01_b968b569d5e8,cached,data/derived/processes/historical_source_transformation.bpmn
https://www.pbs.gov.au/info/publication/schedule/2011,572773,[ignored-local-raw-cache]/historical_sources/pbs_structured_archive/au_pbs_structured_b9761682c16d9e30.zip,dcc646c116292902ea9688e2579d57f3186ece3e4c07fe6e53cb6fbe75a9b0ce,reimbursement_atlas:au_pbs_structured_2011_08_01_b9761682c16d,Existing local cache retained; use --force to replace it.,zip,2011-08-01-general-schedule-ascii.zip,au_pbs_structured_b9761682c16d9e30,public_reuse_review,pending_human_review,True,au_pbs,https://www.pbs.gov.au/publication/schedule/2011/08/2011-08-01-general-schedule-ascii.zip?variant=3,au_pbs_structured_2011_08_01_b9761682c16d,cached,data/derived/processes/historical_source_transformation.bpmn
https://www.pbs.gov.au/info/publication/schedule/2024,10698409,[ignored-local-raw-cache]/historical_sources/pbs_structured_archive/au_pbs_structured_b9b577ea842d4e3c.zip,0e8408bda6e53adf3e2f40573aec8fb1cc7e6e80b2f1179ccd506f602c9a8ca7,reimbursement_atlas:au_pbs_structured_2024_10_01_b9b577ea842d,Existing local cache retained; use --force to replace it.,zip,2024-10-01-V2-down-converted.zip,au_pbs_structured_b9b577ea842d4e3c,public_reuse_review,pending_human_review,True,au_pbs,https://www.pbs.gov.au/publication/schedule/2024/10/2024-10-01-V2-down-converted.zip?variant=3,au_pbs_structured_2024_10_01_b9b577ea842d,cached,data/derived/processes/historical_source_transformation.bpmn
https://www.pbs.gov.au/info/publication/schedule/2024,9223428,[ignored-local-raw-cache]/historical_sources/pbs_structured_archive/au_pbs_structured_ba11fd3d82e95c15.zip,f06d87508e6a6ae3c77ec0c44b9b26607c5a3ed221b7111ddccbbe09d9c0a931,reimbursement_atlas:au_pbs_structured_2024_05_01_ba11fd3d82e9,Existing local cache retained; use --force to replace it.,zip,2024-05-01-V2-down-converted.zip,au_pbs_structured_ba11fd3d82e95c15,public_reuse_review,pending_human_review,True,au_pbs,https://www.pbs.gov.au/publication/schedule/2024/05/2024-05-01-V2-down-converted.zip?variant=3,au_pbs_structured_2024_05_01_ba11fd3d82e9,cached,data/derived/processes/historical_source_transformation.bpmn
https://www.pbs.gov.au/info/publication/schedule/2008,928104,[ignored-local-raw-cache]/historical_sources/pbs_structured_archive/au_pbs_structured_ba1428e9aa92ef51.zip,8b1618a9ab63d12d23f6bda754a1fc8803fd01966952f01383f874a05b006a1c,reimbursement_atlas:au_pbs_structured_2008_06_01_ba1428e9aa92,Existing local cache retained; use --force to replace it.,zip,2008-06-01-general-schedule-xml.zip,au_pbs_structured_ba1428e9aa92ef51,public_reuse_review,pending_human_review,True,au_pbs,https://www.pbs.gov.au/publication/schedule/2008/2008-06-01-general-schedule-xml.zip?variant=3,au_pbs_structured_2008_06_01_ba1428e9aa92,cached,data/derived/processes/historical_source_transformation.bpmn
https://www.pbs.gov.au/info/publication/schedule/2023,8938918,[ignored-local-raw-cache]/historical_sources/pbs_structured_archive/au_pbs_structured_ba3c840a4db37b46.zip,fad363588a702c497b260e572892b47c6b4f568f2d2b4cc9c1719d3ba05d8409,reimbursement_atlas:au_pbs_structured_2023_11_01_ba3c840a4db3,Existing local cache retained; use --force to replace it.,zip,2023-11-01-V2-down-converted.zip,au_pbs_structured_ba3c840a4db37b46,public_reuse_review,pending_human_review,True,au_pbs,https://www.pbs.gov.au/publication/schedule/2023/11/2023-11-01-V2-down-converted.zip?variant=3,au_pbs_structured_2023_11_01_ba3c840a4db3,cached,data/derived/processes/historical_source_transformation.bpmn
https://www.pbs.gov.au/info/publication/schedule/2021,8878608,[ignored-local-raw-cache]/historical_sources/pbs_structured_archive/au_pbs_structured_babdd90f6f184c8b.zip,bce44d4654c7192958bc6039473fef5de494c3dc4c053e9b69d6258b1c78e6ff,reimbursement_atlas:au_pbs_structured_2021_07_01_babdd90f6f18,Existing local cache retained; use --force to replace it.,zip,2021-07-01-V2-down-converted.zip,au_pbs_structured_babdd90f6f184c8b,public_reuse_review,pending_human_review,True,au_pbs,https://www.pbs.gov.au/publication/schedule/2021/07/2021-07-01-V2-down-converted.zip?variant=3,au_pbs_structured_2021_07_01_babdd90f6f18,cached,data/derived/processes/historical_source_transformation.bpmn
https://www.pbs.gov.au/info/publication/schedule/2011,1514726,[ignored-local-raw-cache]/historical_sources/pbs_structured_archive/au_pbs_structured_bb27dcb6df5a3fff.zip,51e60d8d3a8bc84d010c17e190f7582456fc8d91031a2a459216710619665663,reimbursement_atlas:au_pbs_structured_2011_11_01_bb27dcb6df5a,Existing local cache retained; use --force to replace it.,zip,2011-11-01-general-schedule-xml.zip,au_pbs_structured_bb27dcb6df5a3fff,public_reuse_review,pending_human_review,True,au_pbs,https://www.pbs.gov.au/publication/schedule/2011/11/2011-11-01-general-schedule-xml.zip?variant=3,au_pbs_structured_2011_11_01_bb27dcb6df5a,cached,data/derived/processes/historical_source_transformation.bpmn
https://www.pbs.gov.au/info/publication/schedule/2022,9339209,[ignored-local-raw-cache]/historical_sources/pbs_structured_archive/au_pbs_structured_bb9e2b7e82bf37fe.zip,18bc2b1617bd5c64b346b35e1fcfb3d63bbe59ebdde4d7a5dda7d2b1bf917560,reimbursement_atlas:au_pbs_structured_2022_11_01_bb9e2b7e82bf,Existing local cache retained; use --force to replace it.,zip,2022-11-01-V2-down-converted.zip,au_pbs_structured_bb9e2b7e82bf37fe,public_reuse_review,pending_human_review,True,au_pbs,https://www.pbs.gov.au/publication/schedule/2022/11/2022-11-01-V2-down-converted.zip?variant=3,au_pbs_structured_2022_11_01_bb9e2b7e82bf,cached,data/derived/processes/historical_source_transformation.bpmn
https://www.pbs.gov.au/info/publication/schedule/2025,4235091,[ignored-local-raw-cache]/historical_sources/pbs_structured_archive/au_pbs_structured_bc6de1861cb71de7.zip,9a486a79215e59d73ae8b2ec3c174ba868e32fbcba9ae6673225b98c7d974102,reimbursement_atlas:au_pbs_structured_2025_11_01_bc6de1861cb7,Existing local cache retained; use --force to replace it.,zip,2025-11-01-PBS-API-CSV-files.zip,au_pbs_structured_bc6de1861cb71de7,public_reuse_review,pending_human_review,True,au_pbs,https://www.pbs.gov.au/publication/schedule/2025/11/2025-11-01-PBS-API-CSV-files.zip?variant=3,au_pbs_structured_2025_11_01_bc6de1861cb7,cached,data/derived/processes/historical_source_transformation.bpmn
https://www.pbs.gov.au/info/publication/schedule/2023,3192881,[ignored-local-raw-cache]/historical_sources/pbs_structured_archive/au_pbs_structured_bca7198076c896b8.zip,8524b6536f0e00c403f7d32601d80b9d6b7d11c9f4653acd32ed1354347996bc,reimbursement_atlas:au_pbs_structured_2023_05_01_bca7198076c8,Existing local cache retained; use --force to replace it.,zip,2023-05-01-v3extracts.zip,au_pbs_structured_bca7198076c896b8,public_reuse_review,pending_human_review,True,au_pbs,https://www.pbs.gov.au/publication/schedule/2023/05/2023-05-01-v3extracts.zip?variant=3,au_pbs_structured_2023_05_01_bca7198076c8,cached,data/derived/processes/historical_source_transformation.bpmn
https://www.pbs.gov.au/info/publication/schedule/2022,8453395,[ignored-local-raw-cache]/historical_sources/pbs_structured_archive/au_pbs_structured_bd3027fe96ded7a4.zip,db1776d633373ece8a5b1cc36614009083c5bc508753aa6ef90577b8307b6367,reimbursement_atlas:au_pbs_structured_2022_02_01_bd3027fe96de,Existing local cache retained; use --force to replace it.,zip,2022-02-01-V2-down-converted.zip,au_pbs_structured_bd3027fe96ded7a4,public_reuse_review,pending_human_review,True,au_pbs,https://www.pbs.gov.au/publication/schedule/2022/02/2022-02-01-V2-down-converted.zip?variant=3,au_pbs_structured_2022_02_01_bd3027fe96de,cached,data/derived/processes/historical_source_transformation.bpmn
https://www.pbs.gov.au/info/publication/schedule/2025,2403207,[ignored-local-raw-cache]/historical_sources/pbs_structured_archive/au_pbs_structured_bef323695c33b39a.zip,fb9a5535e05a70b9a0b51a15518c83899808e31ab5df65b108143ebe32193081,reimbursement_atlas:au_pbs_structured_2025_10_01_bef323695c33,Existing local cache retained; use --force to replace it.,zip,2025-10-01-v3soextracts.zip,au_pbs_structured_bef323695c33b39a,public_reuse_review,pending_human_review,True,au_pbs,https://www.pbs.gov.au/publication/schedule/2025/10/2025-10-01-v3soextracts.zip?variant=3,au_pbs_structured_2025_10_01_bef323695c33,cached,data/derived/processes/historical_source_transformation.bpmn
https://www.pbs.gov.au/info/publication/schedule/2011,1490808,[ignored-local-raw-cache]/historical_sources/pbs_structured_archive/au_pbs_structured_c0c55773675f2ad5.zip,999c56708092326374e93459d3ac8829eb48f6e6db0087f8a15c977128baf59f,reimbursement_atlas:au_pbs_structured_2011_12_01_c0c55773675f,Existing local cache retained; use --force to replace it.,zip,2011-12-01-general-schedule-xml.zip,au_pbs_structured_c0c55773675f2ad5,public_reuse_review,pending_human_review,True,au_pbs,https://www.pbs.gov.au/publication/schedule/2011/12/2011-12-01-general-schedule-xml.zip?variant=3,au_pbs_structured_2011_12_01_c0c55773675f,cached,data/derived/processes/historical_source_transformation.bpmn
https://www.pbs.gov.au/info/publication/schedule/2021,2977546,[ignored-local-raw-cache]/historical_sources/pbs_structured_archive/au_pbs_structured_c134f02fd323eeee.zip,7613ef3df50c4fc1fbc275a1e02a06092b3b3975fb35818f33f8b89d2c99206d,reimbursement_atlas:au_pbs_structured_2021_09_01_c134f02fd323,Existing local cache retained; use --force to replace it.,zip,2021-09-01-v3extracts.zip,au_pbs_structured_c134f02fd323eeee,public_reuse_review,pending_human_review,True,au_pbs,https://www.pbs.gov.au/publication/schedule/2021/09/2021-09-01-v3extracts.zip?variant=3,au_pbs_structured_2021_09_01_c134f02fd323,cached,data/derived/processes/historical_source_transformation.bpmn
https://www.pbs.gov.au/info/publication/schedule/2022,1982638,[ignored-local-raw-cache]/historical_sources/pbs_structured_archive/au_pbs_structured_c14ea7a28b4b8d58.zip,38646c89d67b1162abfbd01f6a3d971a9e1e222288da76a0940009d9ef2cbd08,reimbursement_atlas:au_pbs_structured_2022_11_01_c14ea7a28b4b,Existing local cache retained; use --force to replace it.,zip,2022-11-01-v3soextracts.zip,au_pbs_structured_c14ea7a28b4b8d58,public_reuse_review,pending_human_review,True,au_pbs,https://www.pbs.gov.au/publication/schedule/2022/11/2022-11-01-v3soextracts.zip?variant=3,au_pbs_structured_2022_11_01_c14ea7a28b4b,cached,data/derived/processes/historical_source_transformation.bpmn
https://www.pbs.gov.au/info/publication/schedule/2022,9210745,[ignored-local-raw-cache]/historical_sources/pbs_structured_archive/au_pbs_structured_c192a399856ac0c0.zip,6b0a0f0931888cca662db0296aeec1bb69ad46c53078d93ed53266d2ccb3b693,reimbursement_atlas:au_pbs_structured_2022_07_01_c192a399856a,Existing local cache retained; use --force to replace it.,zip,2022-07-01-xml-V3.zip,au_pbs_structured_c192a399856ac0c0,public_reuse_review,pending_human_review,True,au_pbs,https://www.pbs.gov.au/publication/schedule/2022/07/2022-07-01-xml-V3.zip?variant=3,au_pbs_structured_2022_07_01_c192a399856a,cached,data/derived/processes/historical_source_transformation.bpmn
https://www.pbs.gov.au/info/publication/schedule/2012,567835,[ignored-local-raw-cache]/historical_sources/pbs_structured_archive/au_pbs_structured_c1cd28363bdd1726.zip,3c4dc5fa49858831fea213e21fe834c506d4fd44621379469fce4de382830c8b,reimbursement_atlas:au_pbs_structured_2012_04_01_c1cd28363bdd,Existing local cache retained; use --force to replace it.,zip,2012-04-01-general-schedule-ascii.zip,au_pbs_structured_c1cd28363bdd1726,public_reuse_review,pending_human_review,True,au_pbs,https://www.pbs.gov.au/publication/schedule/2012/04/2012-04-01-general-schedule-ascii.zip?variant=3,au_pbs_structured_2012_04_01_c1cd28363bdd,cached,data/derived/processes/historical_source_transformation.bpmn
https://www.pbs.gov.au/info/publication/schedule/2019,7088075,[ignored-local-raw-cache]/historical_sources/pbs_structured_archive/au_pbs_structured_c238c2f7e18f1504.zip,2398d7d3db283bd5ea7f755eee7e699a40b4a2c3a4d90a16883262d323241434,reimbursement_atlas:au_pbs_structured_2019_08_01_c238c2f7e18f,Existing local cache retained; use --force to replace it.,zip,2019-08-01-xml-V3.zip,au_pbs_structured_c238c2f7e18f1504,public_reuse_review,pending_human_review,True,au_pbs,https://www.pbs.gov.au/publication/schedule/2019/08/2019-08-01-xml-V3.zip?variant=3,au_pbs_structured_2019_08_01_c238c2f7e18f,cached,data/derived/processes/historical_source_transformation.bpmn
https://www.pbs.gov.au/info/publication/schedule/2022,3126257,[ignored-local-raw-cache]/historical_sources/pbs_structured_archive/au_pbs_structured_c2e5ec9cd84bec3f.zip,0b3ad236c4bb75b2edf88240303d2c85ceaf9b36c7862c2adebd3511ba6d7cdc,reimbursement_atlas:au_pbs_structured_2022_12_01_c2e5ec9cd84b,Existing local cache retained; use --force to replace it.,zip,2022-12-01-v3extracts.zip,au_pbs_structured_c2e5ec9cd84bec3f,public_reuse_review,pending_human_review,True,au_pbs,https://www.pbs.gov.au/publication/schedule/2022/12/2022-12-01-v3extracts.zip?variant=3,au_pbs_structured_2022_12_01_c2e5ec9cd84b,cached,data/derived/processes/historical_source_transformation.bpmn
https://www.pbs.gov.au/info/publication/schedule/2022,8215908,[ignored-local-raw-cache]/historical_sources/pbs_structured_archive/au_pbs_structured_c31fe7ff63a561db.zip,87dd132648b066ac5c331b2ebed4447188826c43e55849d95e30589d317b7802,reimbursement_atlas:au_pbs_structured_2022_09_01_c31fe7ff63a5,Existing local cache retained; use --force to replace it.,zip,2022-09-01-xml-V3.zip,au_pbs_structured_c31fe7ff63a561db,public_reuse_review,pending_human_review,True,au_pbs,https://www.pbs.gov.au/publication/schedule/2022/09/2022-09-01-xml-V3.zip?variant=3,au_pbs_structured_2022_09_01_c31fe7ff63a5,cached,data/derived/processes/historical_source_transformation.bpmn
https://www.pbs.gov.au/info/publication/schedule/2010,528844,[ignored-local-raw-cache]/historical_sources/pbs_structured_archive/au_pbs_structured_c375134e37c04c78.zip,9485ba7e141ecdd866d715a9f3edfd0fc4930c55aea6f808d3b13ea2235dd607,reimbursement_atlas:au_pbs_structured_2010_07_01_c375134e37c0,Existing local cache retained; use --force to replace it.,zip,2010-07-01-general-schedule-ascii.zip,au_pbs_structured_c375134e37c04c78,public_reuse_review,pending_human_review,True,au_pbs,https://www.pbs.gov.au/publication/schedule/2010/2010-07-01-general-schedule-ascii.zip?variant=3,au_pbs_structured_2010_07_01_c375134e37c0,cached,data/derived/processes/historical_source_transformation.bpmn
https://www.pbs.gov.au/info/publication/schedule/2026,10826922,[ignored-local-raw-cache]/historical_sources/pbs_structured_archive/au_pbs_structured_c3b0f6b9f90f3ccb.zip,e9bcfb80c37d5d9566d93b41e5f146be9dfa8721069131e16ceab1078681448d,reimbursement_atlas:au_pbs_structured_2026_04_01_c3b0f6b9f90f,Existing local cache retained; use --force to replace it.,zip,2026-04-01-V2-down-converted.zip,au_pbs_structured_c3b0f6b9f90f3ccb,public_reuse_review,pending_human_review,True,au_pbs,https://www.pbs.gov.au/publication/schedule/2026/04/2026-04-01-V2-down-converted.zip?variant=3,au_pbs_structured_2026_04_01_c3b0f6b9f90f,cached,data/derived/processes/historical_source_transformation.bpmn
https://www.pbs.gov.au/info/publication/schedule/2017,6539134,[ignored-local-raw-cache]/historical_sources/pbs_structured_archive/au_pbs_structured_c3d1ba3407d57e7b.zip,4fecbc8b6dfbdc64b1f638dfcdf3aa87f3e12d34b38c57d2f0796c094e5a7d40,reimbursement_atlas:au_pbs_structured_2017_11_01_c3d1ba3407d5,Existing local cache retained; use --force to replace it.,zip,2017-11-01-xml-V3.zip,au_pbs_structured_c3d1ba3407d57e7b,public_reuse_review,pending_human_review,True,au_pbs,https://www.pbs.gov.au/publication/schedule/2017/11/2017-11-01-xml-V3.zip?variant=3,au_pbs_structured_2017_11_01_c3d1ba3407d5,cached,data/derived/processes/historical_source_transformation.bpmn
https://www.pbs.gov.au/info/publication/schedule/2022,3027452,[ignored-local-raw-cache]/historical_sources/pbs_structured_archive/au_pbs_structured_c41ca4a170a9f002.zip,46f859a907c48ce9812260cea1bea201b7d00bbb4abd90daf66f539437471535,reimbursement_atlas:au_pbs_structured_2022_04_01_c41ca4a170a9,Existing local cache retained; use --force to replace it.,zip,2022-04-01-v3extracts-release-2.zip,au_pbs_structured_c41ca4a170a9f002,public_reuse_review,pending_human_review,True,au_pbs,https://www.pbs.gov.au/publication/schedule/2022/04/2022-04-01-v3extracts-release-2.zip?variant=3,au_pbs_structured_2022_04_01_c41ca4a170a9,cached,data/derived/processes/historical_source_transformation.bpmn
https://www.pbs.gov.au/info/publication/schedule/2020,4402117,[ignored-local-raw-cache]/historical_sources/pbs_structured_archive/au_pbs_structured_c476918406d6f02c.zip,f90c9b488c3a9f027c36af20c6b2b0fbddfe12c8fe50b248b30b933bacd0ad90,reimbursement_atlas:au_pbs_structured_2020_03_01_c476918406d6,Existing local cache retained; use --force to replace it.,zip,2020-03-01-extracts-down-converted.zip,au_pbs_structured_c476918406d6f02c,public_reuse_review,pending_human_review,True,au_pbs,https://www.pbs.gov.au/publication/schedule/2020/03/2020-03-01-extracts-down-converted.zip?variant=3,au_pbs_structured_2020_03_01_c476918406d6,cached,data/derived/processes/historical_source_transformation.bpmn
https://www.pbs.gov.au/info/publication/schedule/2023,8729944,[ignored-local-raw-cache]/historical_sources/pbs_structured_archive/au_pbs_structured_c693757dcf430148.zip,44ba3cce26cf3f8b6cd2bf21c72692b575fdfe2b81c89cba1fe886c4493732fc,reimbursement_atlas:au_pbs_structured_2023_01_01_c693757dcf43,Existing local cache retained; use --force to replace it.,zip,2023-01-01-xml-V3.zip,au_pbs_structured_c693757dcf430148,public_reuse_review,pending_human_review,True,au_pbs,https://www.pbs.gov.au/publication/schedule/2023/01/2023-01-01-xml-V3.zip?variant=3,au_pbs_structured_2023_01_01_c693757dcf43,cached,data/derived/processes/historical_source_transformation.bpmn
https://www.pbs.gov.au/info/publication/schedule/2019,7199560,[ignored-local-raw-cache]/historical_sources/pbs_structured_archive/au_pbs_structured_c794e265f8b7cff9.zip,3c5c1de1aad50e891a0fee00da63e126fcc270d86f05a5c624ae1bc7a86af0cf,reimbursement_atlas:au_pbs_structured_2019_05_01_c794e265f8b7,Existing local cache retained; use --force to replace it.,zip,2019-05-01-V2-down-converted.zip,au_pbs_structured_c794e265f8b7cff9,public_reuse_review,pending_human_review,True,au_pbs,https://www.pbs.gov.au/publication/schedule/2019/05/2019-05-01-V2-down-converted.zip?variant=3,au_pbs_structured_2019_05_01_c794e265f8b7,cached,data/derived/processes/historical_source_transformation.bpmn
https://www.pbs.gov.au/info/publication/schedule/2021,8136877,[ignored-local-raw-cache]/historical_sources/pbs_structured_archive/au_pbs_structured_c7f03a8ed25050d6.zip,c1815a2f39964abcfa4067041ddbd696067682edf34b38d65c4aa445cbf79a3c,reimbursement_atlas:au_pbs_structured_2021_06_01_c7f03a8ed250,Existing local cache retained; use --force to replace it.,zip,2021-06-01-xml-V3.zip,au_pbs_structured_c7f03a8ed25050d6,public_reuse_review,pending_human_review,True,au_pbs,https://www.pbs.gov.au/publication/schedule/2021/06/2021-06-01-xml-V3.zip?variant=3,au_pbs_structured_2021_06_01_c7f03a8ed250,cached,data/derived/processes/historical_source_transformation.bpmn
https://www.pbs.gov.au/info/publication/schedule/2021,9150360,[ignored-local-raw-cache]/historical_sources/pbs_structured_archive/au_pbs_structured_c7f2ef83e2d826b7.zip,5caf0a89ff9e572698e89eecba02c009a73eea21e3102e8b5baf7afb8ba0d49c,reimbursement_atlas:au_pbs_structured_2021_07_01_c7f2ef83e2d8,Existing local cache retained; use --force to replace it.,zip,2021-07-01-xml-V3.zip,au_pbs_structured_c7f2ef83e2d826b7,public_reuse_review,pending_human_review,True,au_pbs,https://www.pbs.gov.au/publication/schedule/2021/07/2021-07-01-xml-V3.zip?variant=3,au_pbs_structured_2021_07_01_c7f2ef83e2d8,cached,data/derived/processes/historical_source_transformation.bpmn
https://www.pbs.gov.au/info/publication/schedule/2009,1011048,[ignored-local-raw-cache]/historical_sources/pbs_structured_archive/au_pbs_structured_c810c34ad00d64e8.zip,45a2e9a8e79bc8b7454f1c1d1455c0a1b568e281f8232c9627151b167e51d6cf,reimbursement_atlas:au_pbs_structured_2009_01_01_c810c34ad00d,Existing local cache retained; use --force to replace it.,zip,2009-01-01-general-schedule-xml.zip,au_pbs_structured_c810c34ad00d64e8,public_reuse_review,pending_human_review,True,au_pbs,https://www.pbs.gov.au/publication/schedule/2009/2009-01-01-general-schedule-xml.zip?variant=3,au_pbs_structured_2009_01_01_c810c34ad00d,cached,data/derived/processes/historical_source_transformation.bpmn
https://www.pbs.gov.au/info/publication/schedule/2025,10325750,[ignored-local-raw-cache]/historical_sources/pbs_structured_archive/au_pbs_structured_c8a05d1403f20e73.zip,1813f8aea12dfc03b15950b9c9851c18d73c70d1f4f506aafc308de89a25359b,reimbursement_atlas:au_pbs_structured_2025_08_01_c8a05d1403f2,Existing local cache retained; use --force to replace it.,zip,2025-08-01-xml-V3.zip,au_pbs_structured_c8a05d1403f20e73,public_reuse_review,pending_human_review,True,au_pbs,https://www.pbs.gov.au/publication/schedule/2025/08/2025-08-01-xml-V3.zip?variant=3,au_pbs_structured_2025_08_01_c8a05d1403f2,cached,data/derived/processes/historical_source_transformation.bpmn
https://www.pbs.gov.au/info/publication/schedule/2026,3885590,[ignored-local-raw-cache]/historical_sources/pbs_structured_archive/au_pbs_structured_c930c5d2a98c87f0.zip,053797369ebc9128af4587e946d84659326d20750a63adf104e035e54360cc18,reimbursement_atlas:au_pbs_structured_2026_05_01_c930c5d2a98c,Existing local cache retained; use --force to replace it.,zip,2026-05-01-v3extracts.zip,au_pbs_structured_c930c5d2a98c87f0,public_reuse_review,pending_human_review,True,au_pbs,https://www.pbs.gov.au/publication/schedule/2026/05/2026-05-01-v3extracts.zip?variant=3,au_pbs_structured_2026_05_01_c930c5d2a98c,cached,data/derived/processes/historical_source_transformation.bpmn
https://www.pbs.gov.au/info/publication/schedule/2013,3118416,[ignored-local-raw-cache]/historical_sources/pbs_structured_archive/au_pbs_structured_c97fdbfd447aadb2.zip,9dc4f4a9cbc1aa40938c026a6c71ae0fe78fb634509108b28d70ebee9c3452ab,reimbursement_atlas:au_pbs_structured_2013_03_01_c97fdbfd447a,Existing local cache retained; use --force to replace it.,zip,2013-03-01-xml.zip,au_pbs_structured_c97fdbfd447aadb2,public_reuse_review,pending_human_review,True,au_pbs,https://www.pbs.gov.au/publication/schedule/2013/03/2013-03-01-xml.zip?variant=3,au_pbs_structured_2013_03_01_c97fdbfd447a,cached,data/derived/processes/historical_source_transformation.bpmn
https://www.pbs.gov.au/info/publication/schedule/2023,8673772,[ignored-local-raw-cache]/historical_sources/pbs_structured_archive/au_pbs_structured_c9819e4d028ebf79.zip,075e416fc2abc601fd1b8ffeb27ce41fa557b4ed9600e345cf612f342beead04,reimbursement_atlas:au_pbs_structured_2023_05_01_c9819e4d028e,Existing local cache retained; use --force to replace it.,zip,2023-05-01-V2-down-converted.zip,au_pbs_structured_c9819e4d028ebf79,public_reuse_review,pending_human_review,True,au_pbs,https://www.pbs.gov.au/publication/schedule/2023/05/2023-05-01-V2-down-converted.zip?variant=3,au_pbs_structured_2023_05_01_c9819e4d028e,cached,data/derived/processes/historical_source_transformation.bpmn
https://www.pbs.gov.au/info/publication/schedule/2023,8996256,[ignored-local-raw-cache]/historical_sources/pbs_structured_archive/au_pbs_structured_ca05948595099f14.zip,ab176fbe38e7e86196783d754f88ee9ff330baf0e1f7e8a90826e37447b3e5cc,reimbursement_atlas:au_pbs_structured_2023_03_01_ca0594859509,Existing local cache retained; use --force to replace it.,zip,2023-03-01-V2-down-converted.zip,au_pbs_structured_ca05948595099f14,public_reuse_review,pending_human_review,True,au_pbs,https://www.pbs.gov.au/publication/schedule/2023/03/2023-03-01-V2-down-converted.zip?variant=3,au_pbs_structured_2023_03_01_ca0594859509,cached,data/derived/processes/historical_source_transformation.bpmn
https://www.pbs.gov.au/info/publication/schedule/2013,2944024,[ignored-local-raw-cache]/historical_sources/pbs_structured_archive/au_pbs_structured_ca11459c7ff70bbe.zip,7cdbbb1f012f20eea1e6d1f6502499db6996daf7fd9c899883f8422c36ba8b2c,reimbursement_atlas:au_pbs_structured_2013_12_01_ca11459c7ff7,Existing local cache retained; use --force to replace it.,zip,2013-12-01-extracts.zip,au_pbs_structured_ca11459c7ff70bbe,public_reuse_review,pending_human_review,True,au_pbs,https://www.pbs.gov.au/publication/schedule/2013/12/2013-12-01-extracts.zip?variant=3,au_pbs_structured_2013_12_01_ca11459c7ff7,cached,data/derived/processes/historical_source_transformation.bpmn
https://www.pbs.gov.au/info/publication/schedule/2007,836736,[ignored-local-raw-cache]/historical_sources/pbs_structured_archive/au_pbs_structured_ca8de22edce7fd30.zip,52698d8bc485c9da3d761a51b5d37724f20fca52c68e28587758d1aaaaf3bee9,reimbursement_atlas:au_pbs_structured_2007_06_01_ca8de22edce7,Existing local cache retained; use --force to replace it.,zip,2007-06-01-general-schedule-xml.zip,au_pbs_structured_ca8de22edce7fd30,public_reuse_review,pending_human_review,True,au_pbs,https://www.pbs.gov.au/publication/schedule/2007/2007-06-01-general-schedule-xml.zip?variant=3,au_pbs_structured_2007_06_01_ca8de22edce7,cached,data/derived/processes/historical_source_transformation.bpmn
https://www.pbs.gov.au/info/publication/schedule/2018,6807383,[ignored-local-raw-cache]/historical_sources/pbs_structured_archive/au_pbs_structured_cb67681e7b6027dc.zip,8b1c074058eccfa786b92c04c84e0745442c60ac52f67d53f04e31c07c28c832,reimbursement_atlas:au_pbs_structured_2018_06_01_cb67681e7b60,Existing local cache retained; use --force to replace it.,zip,2018-06-01-V2-down-converted.zip,au_pbs_structured_cb67681e7b6027dc,public_reuse_review,pending_human_review,True,au_pbs,https://www.pbs.gov.au/publication/schedule/2018/06/2018-06-01-V2-down-converted.zip?variant=3,au_pbs_structured_2018_06_01_cb67681e7b60,cached,data/derived/processes/historical_source_transformation.bpmn
https://www.pbs.gov.au/info/publication/schedule/2008,894525,[ignored-local-raw-cache]/historical_sources/pbs_structured_archive/au_pbs_structured_cb8851336558b01c.zip,cf69de3858dd09ab4d2f318598070676be0e16b5cc8512f199299c08670a526a,reimbursement_atlas:au_pbs_structured_2008_02_01_cb8851336558,Existing local cache retained; use --force to replace it.,zip,2008-02-01-general-schedule-xml.zip,au_pbs_structured_cb8851336558b01c,public_reuse_review,pending_human_review,True,au_pbs,https://www.pbs.gov.au/publication/schedule/2008/2008-02-01-general-schedule-xml.zip?variant=3,au_pbs_structured_2008_02_01_cb8851336558,cached,data/derived/processes/historical_source_transformation.bpmn
https://www.pbs.gov.au/info/publication/schedule/2021,1793098,[ignored-local-raw-cache]/historical_sources/pbs_structured_archive/au_pbs_structured_cb968ff121f35577.zip,6c79597ba2b988fec0ff217d40161a1b111452d5402626ad022a0146360cbae1,reimbursement_atlas:au_pbs_structured_2021_05_01_cb968ff121f3,Existing local cache retained; use --force to replace it.,zip,2021-05-01-v3soextracts.zip,au_pbs_structured_cb968ff121f35577,public_reuse_review,pending_human_review,True,au_pbs,https://www.pbs.gov.au/publication/schedule/2021/05/2021-05-01-v3soextracts.zip?variant=3,au_pbs_structured_2021_05_01_cb968ff121f3,cached,data/derived/processes/historical_source_transformation.bpmn
https://www.pbs.gov.au/info/publication/schedule/2013,3257388,[ignored-local-raw-cache]/historical_sources/pbs_structured_archive/au_pbs_structured_cb9bf7c9801e6790.zip,8f2d9f9032e3b3876b5716872e2fe4ca9ff541b0129f66d096cc5479ffbe35c7,reimbursement_atlas:au_pbs_structured_2013_05_01_cb9bf7c9801e,Existing local cache retained; use --force to replace it.,zip,2013-05-01-xml.zip,au_pbs_structured_cb9bf7c9801e6790,public_reuse_review,pending_human_review,True,au_pbs,https://www.pbs.gov.au/publication/schedule/2013/05/2013-05-01-xml.zip?variant=3,au_pbs_structured_2013_05_01_cb9bf7c9801e,cached,data/derived/processes/historical_source_transformation.bpmn
https://www.pbs.gov.au/info/publication/schedule/2026,4381039,[ignored-local-raw-cache]/historical_sources/pbs_structured_archive/au_pbs_structured_cbe060c8ed67b434.zip,dfce06655864ad9e0f014e0738a0d213b714dc03d03b6fccd56481ee74936fdd,reimbursement_atlas:au_pbs_structured_2026_07_01_cbe060c8ed67,Existing local cache retained; use --force to replace it.,zip,2026-07-01-PBS-API-CSV-files.zip,au_pbs_structured_cbe060c8ed67b434,public_reuse_review,pending_human_review,True,au_pbs,https://www.pbs.gov.au/publication/schedule/2026/07/2026-07-01-PBS-API-CSV-files.zip?variant=3,au_pbs_structured_2026_07_01_cbe060c8ed67,cached,data/derived/processes/historical_source_transformation.bpmn
https://www.pbs.gov.au/info/publication/schedule/2010,1344336,[ignored-local-raw-cache]/historical_sources/pbs_structured_archive/au_pbs_structured_cbeb3a784ea42df4.zip,59fa583bc57072c75c11c2dcb59e2eb6ed602bd16987b3cd755de05d4bc44a1c,reimbursement_atlas:au_pbs_structured_2010_07_01_cbeb3a784ea4,Existing local cache retained; use --force to replace it.,zip,2010-07-01-general-schedule-xml.zip,au_pbs_structured_cbeb3a784ea42df4,public_reuse_review,pending_human_review,True,au_pbs,https://www.pbs.gov.au/publication/schedule/2010/2010-07-01-general-schedule-xml.zip?variant=3,au_pbs_structured_2010_07_01_cbeb3a784ea4,cached,data/derived/processes/historical_source_transformation.bpmn
https://www.pbs.gov.au/info/publication/schedule/2014,4346852,[ignored-local-raw-cache]/historical_sources/pbs_structured_archive/au_pbs_structured_cc1171d6c6f587a8.zip,6961c57cfe1a9e278531b52cd3192fe34972716f14c48598fef24e73bb6549a7,reimbursement_atlas:au_pbs_structured_2014_12_01_cc1171d6c6f5,Existing local cache retained; use --force to replace it.,zip,2014-12-01-xml.zip,au_pbs_structured_cc1171d6c6f587a8,public_reuse_review,pending_human_review,True,au_pbs,https://www.pbs.gov.au/publication/schedule/2014/12/2014-12-01-xml.zip?variant=3,au_pbs_structured_2014_12_01_cc1171d6c6f5,cached,data/derived/processes/historical_source_transformation.bpmn
https://www.pbs.gov.au/info/publication/schedule/2021,8283867,[ignored-local-raw-cache]/historical_sources/pbs_structured_archive/au_pbs_structured_cc605a125bab663f.zip,34e5bf5eb9bba044d1783788eb37ad613c47b099de188deab23d921d334008c5,reimbursement_atlas:au_pbs_structured_2021_09_01_cc605a125bab,Existing local cache retained; use --force to replace it.,zip,2021-09-01-xml-V3.zip,au_pbs_structured_cc605a125bab663f,public_reuse_review,pending_human_review,True,au_pbs,https://www.pbs.gov.au/publication/schedule/2021/09/2021-09-01-xml-V3.zip?variant=3,au_pbs_structured_2021_09_01_cc605a125bab,cached,data/derived/processes/historical_source_transformation.bpmn
https://www.pbs.gov.au/info/publication/schedule/2025,10443835,[ignored-local-raw-cache]/historical_sources/pbs_structured_archive/au_pbs_structured_ccc74a96a1bf216f.zip,b5755f4aa53861e7387fcdaeb80da0d61a1999061628d2c70966ea0a7067edc0,reimbursement_atlas:au_pbs_structured_2025_06_01_ccc74a96a1bf,Existing local cache retained; use --force to replace it.,zip,2025-06-01-xml-v3.zip,au_pbs_structured_ccc74a96a1bf216f,public_reuse_review,pending_human_review,True,au_pbs,https://www.pbs.gov.au/publication/schedule/2025/06/2025-06-01-xml-v3.zip?variant=3,au_pbs_structured_2025_06_01_ccc74a96a1bf,cached,data/derived/processes/historical_source_transformation.bpmn
https://www.pbs.gov.au/info/publication/schedule/2025,10249421,[ignored-local-raw-cache]/historical_sources/pbs_structured_archive/au_pbs_structured_cdfd94af6cd51bbd.zip,4f5671c7a05a857eacd0de27ccc27127f9b42690e538cb5346571ad40ca0e903,reimbursement_atlas:au_pbs_structured_2024_09_01_cdfd94af6cd5,Existing local cache retained; use --force to replace it.,zip,2024-09-01-xml-V3.zip,au_pbs_structured_cdfd94af6cd51bbd,public_reuse_review,pending_human_review,True,au_pbs,https://www.pbs.gov.au/publication/schedule/2024/09/2024-09-01-xml-V3.zip?variant=3,au_pbs_structured_2024_09_01_cdfd94af6cd5,cached,data/derived/processes/historical_source_transformation.bpmn
https://www.pbs.gov.au/info/publication/schedule/2021,2800448,[ignored-local-raw-cache]/historical_sources/pbs_structured_archive/au_pbs_structured_ce0ec76ffd047e06.zip,66a4463a811434edcd9737b6194c7bf9bc9b1819a7149ef594e747d87d4b8b17,reimbursement_atlas:au_pbs_structured_2021_02_01_ce0ec76ffd04,Existing local cache retained; use --force to replace it.,zip,2021-02-01-v3extracts-r2.zip,au_pbs_structured_ce0ec76ffd047e06,public_reuse_review,pending_human_review,True,au_pbs,https://www.pbs.gov.au/publication/schedule/2021/02/2021-02-01-v3extracts-r2.zip?variant=3,au_pbs_structured_2021_02_01_ce0ec76ffd04,cached,data/derived/processes/historical_source_transformation.bpmn
https://www.pbs.gov.au/info/publication/schedule/2023,8454312,[ignored-local-raw-cache]/historical_sources/pbs_structured_archive/au_pbs_structured_ce173f7a7a68c13e.zip,dd04b94be5f4593e3bee1aeb7b1abbc18f2588f7010caa46b30e3f31b19f5dab,reimbursement_atlas:au_pbs_structured_2023_06_01_ce173f7a7a68,Existing local cache retained; use --force to replace it.,zip,2023-06-01-xml-V3.zip,au_pbs_structured_ce173f7a7a68c13e,public_reuse_review,pending_human_review,True,au_pbs,https://www.pbs.gov.au/publication/schedule/2023/06/2023-06-01-xml-V3.zip?variant=3,au_pbs_structured_2023_06_01_ce173f7a7a68,cached,data/derived/processes/historical_source_transformation.bpmn
https://www.pbs.gov.au/info/publication/schedule/2013,3262017,[ignored-local-raw-cache]/historical_sources/pbs_structured_archive/au_pbs_structured_ce849aa030fa14b5.zip,f94ee631a2dec01a112267b7bf1446d2f4a07cffa971dcf30b67d797793c5b0a,reimbursement_atlas:au_pbs_structured_2013_04_01_ce849aa030fa,Existing local cache retained; use --force to replace it.,zip,2013-04-01-xml.zip,au_pbs_structured_ce849aa030fa14b5,public_reuse_review,pending_human_review,True,au_pbs,https://www.pbs.gov.au/publication/schedule/2013/04/2013-04-01-xml.zip?variant=3,au_pbs_structured_2013_04_01_ce849aa030fa,cached,data/derived/processes/historical_source_transformation.bpmn
https://www.pbs.gov.au/info/publication/schedule/2022,1896954,[ignored-local-raw-cache]/historical_sources/pbs_structured_archive/au_pbs_structured_ce9bf4a8bfc7033b.zip,9b9b25d30909bccbe5c9c5469a17aaf53ed044d504d266d391e95629c02fc7cd,reimbursement_atlas:au_pbs_structured_2022_01_01_ce9bf4a8bfc7,Existing local cache retained; use --force to replace it.,zip,2022-01-01-v3soextracts.zip,au_pbs_structured_ce9bf4a8bfc7033b,public_reuse_review,pending_human_review,True,au_pbs,https://www.pbs.gov.au/publication/schedule/2022/01/2022-01-01-v3soextracts.zip?variant=3,au_pbs_structured_2022_01_01_ce9bf4a8bfc7,cached,data/derived/processes/historical_source_transformation.bpmn
https://www.pbs.gov.au/info/publication/schedule/2018,4078813,[ignored-local-raw-cache]/historical_sources/pbs_structured_archive/au_pbs_structured_cef80ac9575a9599.zip,cd32e14af77ab87924dbcec0c86ddd29d765ace7a417ebd593b22061879454e6,reimbursement_atlas:au_pbs_structured_2018_04_01_cef80ac9575a,Existing local cache retained; use --force to replace it.,zip,2018-04-01-extracts-down-converted.zip,au_pbs_structured_cef80ac9575a9599,public_reuse_review,pending_human_review,True,au_pbs,https://www.pbs.gov.au/publication/schedule/2018/04/2018-04-01-extracts-down-converted.zip?variant=3,au_pbs_structured_2018_04_01_cef80ac9575a,cached,data/derived/processes/historical_source_transformation.bpmn
https://www.pbs.gov.au/info/publication/schedule/2019,8761301,[ignored-local-raw-cache]/historical_sources/pbs_structured_archive/au_pbs_structured_cefa3529450f57c9.zip,e618eb637e71c7e570acafff4fc4d79a49d0863bb35b1113c18d661f168fc2ef,reimbursement_atlas:au_pbs_structured_2019_07_01_cefa3529450f,Existing local cache retained; use --force to replace it.,zip,2019-07-01-xml-V3.zip,au_pbs_structured_cefa3529450f57c9,public_reuse_review,pending_human_review,True,au_pbs,https://www.pbs.gov.au/publication/schedule/2019/07/2019-07-01-xml-V3.zip?variant=3,au_pbs_structured_2019_07_01_cefa3529450f,cached,data/derived/processes/historical_source_transformation.bpmn
https://www.pbs.gov.au/info/publication/schedule/2019,6763315,[ignored-local-raw-cache]/historical_sources/pbs_structured_archive/au_pbs_structured_ceffb8c12049a718.zip,56cc83739b2dd24837be9d24318b44b7d631dfea24e983cf13595c015f62c270,reimbursement_atlas:au_pbs_structured_2019_03_01_ceffb8c12049,Existing local cache retained; use --force to replace it.,zip,2019-03-01-V2-down-converted.zip,au_pbs_structured_ceffb8c12049a718,public_reuse_review,pending_human_review,True,au_pbs,https://www.pbs.gov.au/publication/schedule/2019/03/2019-03-01-V2-down-converted.zip?variant=3,au_pbs_structured_2019_03_01_ceffb8c12049,cached,data/derived/processes/historical_source_transformation.bpmn
https://www.pbs.gov.au/info/publication/schedule/2008,473489,[ignored-local-raw-cache]/historical_sources/pbs_structured_archive/au_pbs_structured_cf28a10aba7d469a.zip,1554a142cd3c58dc07a9a8c47bf767c39bcc5294a62244180b48c9d42235d122,reimbursement_atlas:au_pbs_structured_2008_11_01_cf28a10aba7d,Existing local cache retained; use --force to replace it.,zip,2008-11-01-general-schedule-ascii.zip,au_pbs_structured_cf28a10aba7d469a,public_reuse_review,pending_human_review,True,au_pbs,https://www.pbs.gov.au/publication/schedule/2008/2008-11-01-general-schedule-ascii.zip?variant=3,au_pbs_structured_2008_11_01_cf28a10aba7d,cached,data/derived/processes/historical_source_transformation.bpmn
https://www.pbs.gov.au/info/publication/schedule/2022,3056437,[ignored-local-raw-cache]/historical_sources/pbs_structured_archive/au_pbs_structured_cf334d113c9af5e9.zip,8910a2abc28db9d13fa69fc614523ac64b014d942da4dd7ea6000cc8e3d828b0,reimbursement_atlas:au_pbs_structured_2022_08_01_cf334d113c9a,Existing local cache retained; use --force to replace it.,zip,2022-08-01-v3extracts.zip,au_pbs_structured_cf334d113c9af5e9,public_reuse_review,pending_human_review,True,au_pbs,https://www.pbs.gov.au/publication/schedule/2022/08/2022-08-01-v3extracts.zip?variant=3,au_pbs_structured_2022_08_01_cf334d113c9a,cached,data/derived/processes/historical_source_transformation.bpmn
https://www.pbs.gov.au/info/publication/schedule/2021,2832001,[ignored-local-raw-cache]/historical_sources/pbs_structured_archive/au_pbs_structured_cf69cd6d7086931c.zip,dd22bf96af293fc7e2e75bc653b9a6443d29bad30b0fa9560720a3430d4f58ad,reimbursement_atlas:au_pbs_structured_2021_01_01_cf69cd6d7086,Existing local cache retained; use --force to replace it.,zip,2021-01-01-v3extracts.zip,au_pbs_structured_cf69cd6d7086931c,public_reuse_review,pending_human_review,True,au_pbs,https://www.pbs.gov.au/publication/schedule/2021/01/2021-01-01-v3extracts.zip?variant=3,au_pbs_structured_2021_01_01_cf69cd6d7086,cached,data/derived/processes/historical_source_transformation.bpmn
https://www.pbs.gov.au/info/publication/schedule/2021,8554236,[ignored-local-raw-cache]/historical_sources/pbs_structured_archive/au_pbs_structured_d04e36244cb5d03f.zip,680fafb104507f48beec874d37b02c9127bd1d2c0ac78188b300c404d4dce29b,reimbursement_atlas:au_pbs_structured_2021_10_01_d04e36244cb5,Existing local cache retained; use --force to replace it.,zip,2021-10-01-xml-V3.zip,au_pbs_structured_d04e36244cb5d03f,public_reuse_review,pending_human_review,True,au_pbs,https://www.pbs.gov.au/publication/schedule/2021/10/2021-10-01-xml-V3.zip?variant=3,au_pbs_structured_2021_10_01_d04e36244cb5,cached,data/derived/processes/historical_source_transformation.bpmn
https://www.pbs.gov.au/info/publication/schedule/2023,8473478,[ignored-local-raw-cache]/historical_sources/pbs_structured_archive/au_pbs_structured_d063041a41aca14e.zip,b1d37b09ea851d18bc5630e2c14988a7d210e438354a42e0163ce24a18dac755,reimbursement_atlas:au_pbs_structured_2023_03_01_d063041a41ac,Existing local cache retained; use --force to replace it.,zip,2023-03-01-xml-V3.zip,au_pbs_structured_d063041a41aca14e,public_reuse_review,pending_human_review,True,au_pbs,https://www.pbs.gov.au/publication/schedule/2023/03/2023-03-01-xml-V3.zip?variant=3,au_pbs_structured_2023_03_01_d063041a41ac,cached,data/derived/processes/historical_source_transformation.bpmn
https://www.pbs.gov.au/info/publication/schedule/2018,4151319,[ignored-local-raw-cache]/historical_sources/pbs_structured_archive/au_pbs_structured_d0a69c4efce74165.zip,0f8e6f7fbfcf3f972aaa7d418302247f6cc7b5968ef1a29f1f7a2db784b7e5d8,reimbursement_atlas:au_pbs_structured_2018_11_01_d0a69c4efce7,Existing local cache retained; use --force to replace it.,zip,2018-11-01-extracts-down-converted.zip,au_pbs_structured_d0a69c4efce74165,public_reuse_review,pending_human_review,True,au_pbs,https://www.pbs.gov.au/publication/schedule/2018/11/2018-11-01-extracts-down-converted.zip?variant=3,au_pbs_structured_2018_11_01_d0a69c4efce7,cached,data/derived/processes/historical_source_transformation.bpmn
https://www.pbs.gov.au/info/publication/schedule/2019,7048279,[ignored-local-raw-cache]/historical_sources/pbs_structured_archive/au_pbs_structured_d0e9bf3d8efaa6bf.zip,b8b13b4eef0c2a879ece1f978ee669f47e16b92ae74474e1169262ce7354a8f6,reimbursement_atlas:au_pbs_structured_2019_11_01_d0e9bf3d8efa,Existing local cache retained; use --force to replace it.,zip,2019-11-01-V2-down-converted.zip,au_pbs_structured_d0e9bf3d8efaa6bf,public_reuse_review,pending_human_review,True,au_pbs,https://www.pbs.gov.au/publication/schedule/2019/11/2019-11-01-V2-down-converted.zip?variant=3,au_pbs_structured_2019_11_01_d0e9bf3d8efa,cached,data/derived/processes/historical_source_transformation.bpmn
https://www.pbs.gov.au/info/publication/schedule/2022,8667622,[ignored-local-raw-cache]/historical_sources/pbs_structured_archive/au_pbs_structured_d10bfdbad6f0e778.zip,f979356d2a3d902fc6e9b8850dc9d249d4f9568addfa08f2831c9d510a0ea0fe,reimbursement_atlas:au_pbs_structured_2022_04_01_d10bfdbad6f0,Existing local cache retained; use --force to replace it.,zip,2022-04-01-V2-down-converted-release-2.zip,au_pbs_structured_d10bfdbad6f0e778,public_reuse_review,pending_human_review,True,au_pbs,https://www.pbs.gov.au/publication/schedule/2022/04/2022-04-01-V2-down-converted-release-2.zip?variant=3,au_pbs_structured_2022_04_01_d10bfdbad6f0,cached,data/derived/processes/historical_source_transformation.bpmn
https://www.pbs.gov.au/info/publication/schedule/2014,3044763,[ignored-local-raw-cache]/historical_sources/pbs_structured_archive/au_pbs_structured_d143ee3bb155fcd4.zip,20bc8a32d59d9725ceb159069f537dbd081ba2f56407f2fa2bb0a42463467e84,reimbursement_atlas:au_pbs_structured_2014_11_01_d143ee3bb155,Existing local cache retained; use --force to replace it.,zip,2014-11-01-extracts.zip,au_pbs_structured_d143ee3bb155fcd4,public_reuse_review,pending_human_review,True,au_pbs,https://www.pbs.gov.au/publication/schedule/2014/11/2014-11-01-extracts.zip?variant=3,au_pbs_structured_2014_11_01_d143ee3bb155,cached,data/derived/processes/historical_source_transformation.bpmn
https://www.pbs.gov.au/info/publication/schedule/2015,3225359,[ignored-local-raw-cache]/historical_sources/pbs_structured_archive/au_pbs_structured_d18df1add030b564.zip,00121b080fb7d4f9d41be5cd769a4788e042f357d772534f35ca3f1edf56183a,reimbursement_atlas:au_pbs_structured_2015_04_01_d18df1add030,Existing local cache retained; use --force to replace it.,zip,2015-04-01-extracts.zip,au_pbs_structured_d18df1add030b564,public_reuse_review,pending_human_review,True,au_pbs,https://www.pbs.gov.au/publication/schedule/2015/04/2015-04-01-extracts.zip?variant=3,au_pbs_structured_2015_04_01_d18df1add030,cached,data/derived/processes/historical_source_transformation.bpmn
https://www.pbs.gov.au/info/publication/schedule/2017,6523195,[ignored-local-raw-cache]/historical_sources/pbs_structured_archive/au_pbs_structured_d20ea419c943f188.zip,6027fe282be054e81ce36c843dbeeffb94461ca5e11cf8ec1f8c3c8666b03e1c,reimbursement_atlas:au_pbs_structured_2017_09_01_d20ea419c943,Existing local cache retained; use --force to replace it.,zip,2017-09-01-xml-V3.zip,au_pbs_structured_d20ea419c943f188,public_reuse_review,pending_human_review,True,au_pbs,https://www.pbs.gov.au/publication/schedule/2017/09/2017-09-01-xml-V3.zip?variant=3,au_pbs_structured_2017_09_01_d20ea419c943,cached,data/derived/processes/historical_source_transformation.bpmn
https://www.pbs.gov.au/info/publication/schedule/2021,2806053,[ignored-local-raw-cache]/historical_sources/pbs_structured_archive/au_pbs_structured_d2528d62d6653b0a.zip,6faf2f85ad691765cd13ed565da7f329ec664f40b40a6c2b66e39f9b044cf703,reimbursement_atlas:au_pbs_structured_2021_03_01_d2528d62d665,Existing local cache retained; use --force to replace it.,zip,2021-03-01-v3extracts.zip,au_pbs_structured_d2528d62d6653b0a,public_reuse_review,pending_human_review,True,au_pbs,https://www.pbs.gov.au/publication/schedule/2021/03/2021-03-01-v3extracts.zip?variant=3,au_pbs_structured_2021_03_01_d2528d62d665,cached,data/derived/processes/historical_source_transformation.bpmn
https://www.pbs.gov.au/info/publication/schedule/2024,2254502,[ignored-local-raw-cache]/historical_sources/pbs_structured_archive/au_pbs_structured_d2d4d1e9c1201428.zip,37a10b37ceb45bd37c53035e8694cf2aeac4c82eca2fcc9992f5942fc57c67ab,reimbursement_atlas:au_pbs_structured_2024_09_01_d2d4d1e9c120,Existing local cache retained; use --force to replace it.,zip,2024-09-01-v3soextracts.zip,au_pbs_structured_d2d4d1e9c1201428,public_reuse_review,pending_human_review,True,au_pbs,https://www.pbs.gov.au/publication/schedule/2024/09/2024-09-01-v3soextracts.zip?variant=3,au_pbs_structured_2024_09_01_d2d4d1e9c120,cached,data/derived/processes/historical_source_transformation.bpmn
https://www.pbs.gov.au/info/publication/schedule/2016,4859814,[ignored-local-raw-cache]/historical_sources/pbs_structured_archive/au_pbs_structured_d3513a014dafcf8d.zip,b16910f60fbe1a55063202ae20b840fc19e3aadd67b4b17f94fa9220f5ae44bc,reimbursement_atlas:au_pbs_structured_2016_03_01_d3513a014daf,Existing local cache retained; use --force to replace it.,zip,2016-03-01-xml.zip,au_pbs_structured_d3513a014dafcf8d,public_reuse_review,pending_human_review,True,au_pbs,https://www.pbs.gov.au/publication/schedule/2016/03/2016-03-01-xml.zip?variant=3,au_pbs_structured_2016_03_01_d3513a014daf,cached,data/derived/processes/historical_source_transformation.bpmn
https://www.pbs.gov.au/info/publication/schedule/2024,10179218,[ignored-local-raw-cache]/historical_sources/pbs_structured_archive/au_pbs_structured_d399a17532013c23.zip,29a3cc1eb98d610a49c4b3d0bf7e0015a6f591bf833e0d3684e02871d8ee3dbc,reimbursement_atlas:au_pbs_structured_2024_11_01_d399a1753201,Existing local cache retained; use --force to replace it.,zip,2024-11-01-xml-V3.zip,au_pbs_structured_d399a17532013c23,public_reuse_review,pending_human_review,True,au_pbs,https://www.pbs.gov.au/publication/schedule/2024/11/2024-11-01-xml-V3.zip?variant=3,au_pbs_structured_2024_11_01_d399a1753201,cached,data/derived/processes/historical_source_transformation.bpmn
https://www.pbs.gov.au/info/publication/schedule/2026,2454161,[ignored-local-raw-cache]/historical_sources/pbs_structured_archive/au_pbs_structured_d3a1d226004f1333.zip,99b43d98c8e4000403ac13412c092a6d206a92bc22e2c86af9491dfc176fe918,reimbursement_atlas:au_pbs_structured_2026_04_01_d3a1d226004f,Existing local cache retained; use --force to replace it.,zip,2026-04-01-v3soextracts.zip,au_pbs_structured_d3a1d226004f1333,public_reuse_review,pending_human_review,True,au_pbs,https://www.pbs.gov.au/publication/schedule/2026/04/2026-04-01-v3soextracts.zip?variant=3,au_pbs_structured_2026_04_01_d3a1d226004f,cached,data/derived/processes/historical_source_transformation.bpmn
https://www.pbs.gov.au/info/publication/schedule/2021,8523246,[ignored-local-raw-cache]/historical_sources/pbs_structured_archive/au_pbs_structured_d3aebaf478d79607.zip,3b2a340b405105e2bb3cfce9fd8d6288771f3d829c4752ffd46e95ae1f9d097f,reimbursement_atlas:au_pbs_structured_2021_11_01_d3aebaf478d7,Existing local cache retained; use --force to replace it.,zip,2021-11-01-V2-down-converted.zip,au_pbs_structured_d3aebaf478d79607,public_reuse_review,pending_human_review,True,au_pbs,https://www.pbs.gov.au/publication/schedule/2021/11/2021-11-01-V2-down-converted.zip?variant=3,au_pbs_structured_2021_11_01_d3aebaf478d7,cached,data/derived/processes/historical_source_transformation.bpmn
https://www.pbs.gov.au/info/publication/schedule/2008,435275,[ignored-local-raw-cache]/historical_sources/pbs_structured_archive/au_pbs_structured_d3e9d2f5f4377a73.zip,7a189ef5bd40baf0dbb42494184cf862113bca502c2bcca4ddc507c5c60b1def,reimbursement_atlas:au_pbs_structured_2008_02_01_d3e9d2f5f437,Existing local cache retained; use --force to replace it.,zip,2008-02-01-general-schedule-ascii.zip,au_pbs_structured_d3e9d2f5f4377a73,public_reuse_review,pending_human_review,True,au_pbs,https://www.pbs.gov.au/publication/schedule/2008/2008-02-01-general-schedule-ascii.zip?variant=3,au_pbs_structured_2008_02_01_d3e9d2f5f437,cached,data/derived/processes/historical_source_transformation.bpmn
https://www.pbs.gov.au/info/publication/schedule/2024,10631442,[ignored-local-raw-cache]/historical_sources/pbs_structured_archive/au_pbs_structured_d4a0b1684cff744b.zip,f102a8cb6abd64455f92adb922c7eef361709add552ccb57a6e02bb6635c8065,reimbursement_atlas:au_pbs_structured_2024_07_01_d4a0b1684cff,Existing local cache retained; use --force to replace it.,zip,2024-07-01-xml-V3.zip,au_pbs_structured_d4a0b1684cff744b,public_reuse_review,pending_human_review,True,au_pbs,https://www.pbs.gov.au/publication/schedule/2024/07/2024-07-01-xml-V3.zip?variant=3,au_pbs_structured_2024_07_01_d4a0b1684cff,cached,data/derived/processes/historical_source_transformation.bpmn
https://www.pbs.gov.au/info/publication/schedule/2024,9191280,[ignored-local-raw-cache]/historical_sources/pbs_structured_archive/au_pbs_structured_d4a12b4cec6e3cfe.zip,820783c9c9e71ff41359b600129dcefd309af127b0187ef810b59427c40deb83,reimbursement_atlas:au_pbs_structured_2024_03_01_d4a12b4cec6e,Existing local cache retained; use --force to replace it.,zip,2024-03-01-V2-down-converted.zip,au_pbs_structured_d4a12b4cec6e3cfe,public_reuse_review,pending_human_review,True,au_pbs,https://www.pbs.gov.au/publication/schedule/2024/03/2024-03-01-V2-down-converted.zip?variant=3,au_pbs_structured_2024_03_01_d4a12b4cec6e,cached,data/derived/processes/historical_source_transformation.bpmn
https://www.pbs.gov.au/info/publication/schedule/2010,1072074,[ignored-local-raw-cache]/historical_sources/pbs_structured_archive/au_pbs_structured_d4ddb15a7fb237f7.zip,b8985eefce097eb3081f9a0959c679dc0ee7fca26dfe940f11844032471d508a,reimbursement_atlas:au_pbs_structured_2010_02_01_d4ddb15a7fb2,Existing local cache retained; use --force to replace it.,zip,2010-02-01-general-schedule-xml.zip,au_pbs_structured_d4ddb15a7fb237f7,public_reuse_review,pending_human_review,True,au_pbs,https://www.pbs.gov.au/publication/schedule/2010/2010-02-01-general-schedule-xml.zip?variant=3,au_pbs_structured_2010_02_01_d4ddb15a7fb2,cached,data/derived/processes/historical_source_transformation.bpmn
https://www.pbs.gov.au/info/publication/schedule/2022,3037425,[ignored-local-raw-cache]/historical_sources/pbs_structured_archive/au_pbs_structured_d55358973b9ebaa6.zip,2f808f833015063c2b7424f48335f554450a12dc524b6be7316de3e8d7f7ee3f,reimbursement_atlas:au_pbs_structured_2022_06_01_d55358973b9e,Existing local cache retained; use --force to replace it.,zip,2022-06-01-v3extracts.zip,au_pbs_structured_d55358973b9ebaa6,public_reuse_review,pending_human_review,True,au_pbs,https://www.pbs.gov.au/publication/schedule/2022/06/2022-06-01-v3extracts.zip?variant=3,au_pbs_structured_2022_06_01_d55358973b9e,cached,data/derived/processes/historical_source_transformation.bpmn
https://www.pbs.gov.au/info/publication/schedule/2020,7667554,[ignored-local-raw-cache]/historical_sources/pbs_structured_archive/au_pbs_structured_d64cc349bec14b73.zip,3c9dfb8584f5d6c0f920a612def9aca6ad1b1cbf36c7061b462a5cda8f4aaf8a,reimbursement_atlas:au_pbs_structured_2020_07_01_d64cc349bec1,Existing local cache retained; use --force to replace it.,zip,2020-07-01-V2-down-converted.zip,au_pbs_structured_d64cc349bec14b73,public_reuse_review,pending_human_review,True,au_pbs,https://www.pbs.gov.au/publication/schedule/2020/07/2020-07-01-V2-down-converted.zip?variant=3,au_pbs_structured_2020_07_01_d64cc349bec1,cached,data/derived/processes/historical_source_transformation.bpmn
https://www.pbs.gov.au/info/publication/schedule/2012,563224,[ignored-local-raw-cache]/historical_sources/pbs_structured_archive/au_pbs_structured_d65be4db3aa42dab.zip,575b7490f358edb94d73d7ba5b8bcf3b9ba2d4bce7a1e0857406405e5fdfee73,reimbursement_atlas:au_pbs_structured_2012_06_01_d65be4db3aa4,Existing local cache retained; use --force to replace it.,zip,2012-06-01-general-schedule-ascii.zip,au_pbs_structured_d65be4db3aa42dab,public_reuse_review,pending_human_review,True,au_pbs,https://www.pbs.gov.au/publication/schedule/2012/06/2012-06-01-general-schedule-ascii.zip?variant=3,au_pbs_structured_2012_06_01_d65be4db3aa4,cached,data/derived/processes/historical_source_transformation.bpmn
https://www.pbs.gov.au/info/publication/schedule/2022,1925266,[ignored-local-raw-cache]/historical_sources/pbs_structured_archive/au_pbs_structured_d6738475a420ad44.zip,dc79dd656b7c295194258df2942758bb7b482af2aece1f5a7566ca08f9222b9a,reimbursement_atlas:au_pbs_structured_2022_07_01_d6738475a420,Existing local cache retained; use --force to replace it.,zip,2022-07-01-v3soextracts.zip,au_pbs_structured_d6738475a420ad44,public_reuse_review,pending_human_review,True,au_pbs,https://www.pbs.gov.au/publication/schedule/2022/07/2022-07-01-v3soextracts.zip?variant=3,au_pbs_structured_2022_07_01_d6738475a420,cached,data/derived/processes/historical_source_transformation.bpmn
https://www.pbs.gov.au/info/publication/schedule/2023,2079626,[ignored-local-raw-cache]/historical_sources/pbs_structured_archive/au_pbs_structured_d67c2f22433f5496.zip,0f928a08d8ef0ecdb08eee0623eede042d651175a35f78b04e979484dec0c78a,reimbursement_atlas:au_pbs_structured_2023_05_01_d67c2f22433f,Existing local cache retained; use --force to replace it.,zip,2023-05-01-v3soextracts.zip,au_pbs_structured_d67c2f22433f5496,public_reuse_review,pending_human_review,True,au_pbs,https://www.pbs.gov.au/publication/schedule/2023/05/2023-05-01-v3soextracts.zip?variant=3,au_pbs_structured_2023_05_01_d67c2f22433f,cached,data/derived/processes/historical_source_transformation.bpmn
https://www.pbs.gov.au/info/publication/schedule/2014,3007769,[ignored-local-raw-cache]/historical_sources/pbs_structured_archive/au_pbs_structured_d6f5ca7da6823ae3.zip,83a8f0a1c9ab620e50c4256964fe923ccc545305264c472e00e49e3b8f1dc236,reimbursement_atlas:au_pbs_structured_2014_05_01_d6f5ca7da682,Existing local cache retained; use --force to replace it.,zip,2014-05-01-extracts.zip,au_pbs_structured_d6f5ca7da6823ae3,public_reuse_review,pending_human_review,True,au_pbs,https://www.pbs.gov.au/publication/schedule/2014/05/2014-05-01-extracts.zip?variant=3,au_pbs_structured_2014_05_01_d6f5ca7da682,cached,data/derived/processes/historical_source_transformation.bpmn
https://www.pbs.gov.au/info/publication/schedule/2018,6325813,[ignored-local-raw-cache]/historical_sources/pbs_structured_archive/au_pbs_structured_d7346ce46ec6a88b.zip,3320bc40f8d36486ed93ed64c924fe13d4f81b7da630345107c11c5dbf483c05,reimbursement_atlas:au_pbs_structured_2018_09_01_d7346ce46ec6,Existing local cache retained; use --force to replace it.,zip,2018-09-01-V2-down-converted.zip,au_pbs_structured_d7346ce46ec6a88b,public_reuse_review,pending_human_review,True,au_pbs,https://www.pbs.gov.au/publication/schedule/2018/09/2018-09-01-V2-down-converted.zip?variant=3,au_pbs_structured_2018_09_01_d7346ce46ec6,cached,data/derived/processes/historical_source_transformation.bpmn
https://www.pbs.gov.au/info/publication/schedule/2009,1066493,[ignored-local-raw-cache]/historical_sources/pbs_structured_archive/au_pbs_structured_d7a2ec77120b8ec6.zip,335e6ea71b4cd82b823f156169392d13c938625dbf05c34d2f53233d6abd3a98,reimbursement_atlas:au_pbs_structured_2009_11_01_d7a2ec77120b,Existing local cache retained; use --force to replace it.,zip,2009-11-01-general-schedule-xml.zip,au_pbs_structured_d7a2ec77120b8ec6,public_reuse_review,pending_human_review,True,au_pbs,https://www.pbs.gov.au/publication/schedule/2009/2009-11-01-general-schedule-xml.zip?variant=3,au_pbs_structured_2009_11_01_d7a2ec77120b,cached,data/derived/processes/historical_source_transformation.bpmn
https://www.pbs.gov.au/info/publication/schedule/2008,448742,[ignored-local-raw-cache]/historical_sources/pbs_structured_archive/au_pbs_structured_d7de9ed14400411a.zip,6ff3105391c6c5f894d613aed596e5f4aab80d2539d936d4c58774f552b56541,reimbursement_atlas:au_pbs_structured_2008_04_01_d7de9ed14400,Existing local cache retained; use --force to replace it.,zip,2008-04-01-general-schedule-ascii.zip,au_pbs_structured_d7de9ed14400411a,public_reuse_review,pending_human_review,True,au_pbs,https://www.pbs.gov.au/publication/schedule/2008/2008-04-01-general-schedule-ascii.zip?variant=3,au_pbs_structured_2008_04_01_d7de9ed14400,cached,data/derived/processes/historical_source_transformation.bpmn
https://www.pbs.gov.au/info/publication/schedule/2020,4460450,[ignored-local-raw-cache]/historical_sources/pbs_structured_archive/au_pbs_structured_d820004102a3d96a.zip,abfc0880f81d6494f5f68b03ce9117a3c16225613eb879fcd4d87be3dee78d5d,reimbursement_atlas:au_pbs_structured_2020_06_01_d820004102a3,Existing local cache retained; use --force to replace it.,zip,2020-06-01-extracts-down-converted.zip,au_pbs_structured_d820004102a3d96a,public_reuse_review,pending_human_review,True,au_pbs,https://www.pbs.gov.au/publication/schedule/2020/06/2020-06-01-extracts-down-converted.zip?variant=3,au_pbs_structured_2020_06_01_d820004102a3,cached,data/derived/processes/historical_source_transformation.bpmn
https://www.pbs.gov.au/info/publication/schedule/2023,3316104,[ignored-local-raw-cache]/historical_sources/pbs_structured_archive/au_pbs_structured_d86266499dc61bef.zip,0d6656477d98f30ed9a43e82915a28d39a6d7c149c0786a3f516c92e7fdfbd61,reimbursement_atlas:au_pbs_structured_2023_10_01_d86266499dc6,Existing local cache retained; use --force to replace it.,zip,2023-10-01-v3extracts.zip,au_pbs_structured_d86266499dc61bef,public_reuse_review,pending_human_review,True,au_pbs,https://www.pbs.gov.au/publication/schedule/2023/10/2023-10-01-v3extracts.zip?variant=3,au_pbs_structured_2023_10_01_d86266499dc6,cached,data/derived/processes/historical_source_transformation.bpmn
https://www.pbs.gov.au/info/publication/schedule/2026,2417667,[ignored-local-raw-cache]/historical_sources/pbs_structured_archive/au_pbs_structured_d917862447be16a1.zip,9ef2c801d5bbdc3c94ed070a57ccf9d749b88d7cb4ec1f30f4cf6fb86092c7d1,reimbursement_atlas:au_pbs_structured_2026_03_01_d917862447be,Existing local cache retained; use --force to replace it.,zip,2026-03-01-v3soextracts.zip,au_pbs_structured_d917862447be16a1,public_reuse_review,pending_human_review,True,au_pbs,https://www.pbs.gov.au/publication/schedule/2026/03/2026-03-01-v3soextracts.zip?variant=3,au_pbs_structured_2026_03_01_d917862447be,cached,data/derived/processes/historical_source_transformation.bpmn
https://www.pbs.gov.au/info/publication/schedule/2025,3654276,[ignored-local-raw-cache]/historical_sources/pbs_structured_archive/au_pbs_structured_d935af9824779f21.zip,16edd65286352fd2e0fbed3f490c4dccb3bbd3d49ece5ee8280730df280e622d,reimbursement_atlas:au_pbs_structured_2025_02_01_d935af982477,Existing local cache retained; use --force to replace it.,zip,2025-02-01-v3extracts.zip,au_pbs_structured_d935af9824779f21,public_reuse_review,pending_human_review,True,au_pbs,https://www.pbs.gov.au/publication/schedule/2025/02/2025-02-01-v3extracts.zip?variant=3,au_pbs_structured_2025_02_01_d935af982477,cached,data/derived/processes/historical_source_transformation.bpmn
https://www.pbs.gov.au/info/publication/schedule/2023,3142741,[ignored-local-raw-cache]/historical_sources/pbs_structured_archive/au_pbs_structured_d946ca92d2ec76fd.zip,e3b934e496ef3db20ed4afec9953b5ec353aadc86f11dd90d0c30ce802db8351,reimbursement_atlas:au_pbs_structured_2023_04_01_d946ca92d2ec,Existing local cache retained; use --force to replace it.,zip,2023-04-01-v3extracts.zip,au_pbs_structured_d946ca92d2ec76fd,public_reuse_review,pending_human_review,True,au_pbs,https://www.pbs.gov.au/publication/schedule/2023/04/2023-04-01-v3extracts.zip?variant=3,au_pbs_structured_2023_04_01_d946ca92d2ec,cached,data/derived/processes/historical_source_transformation.bpmn
https://www.pbs.gov.au/info/publication/schedule/2019,6821070,[ignored-local-raw-cache]/historical_sources/pbs_structured_archive/au_pbs_structured_d967be3937e034ed.zip,e9f0f52f05de0c09cb6f962a68c31562fe563afbdac3b87ad245ecc08c22f080,reimbursement_atlas:au_pbs_structured_2019_08_01_d967be3937e0,Existing local cache retained; use --force to replace it.,zip,2019-08-01-V2-down-converted.zip,au_pbs_structured_d967be3937e034ed,public_reuse_review,pending_human_review,True,au_pbs,https://www.pbs.gov.au/publication/schedule/2019/08/2019-08-01-V2-down-converted.zip?variant=3,au_pbs_structured_2019_08_01_d967be3937e0,cached,data/derived/processes/historical_source_transformation.bpmn
https://www.pbs.gov.au/info/publication/schedule/2025,10224653,[ignored-local-raw-cache]/historical_sources/pbs_structured_archive/au_pbs_structured_d9ac810bf24c0f71.zip,e12b8285e00eb06de41be5070ec8d2a3ea8429f6063e33125c234a4088d62a9f,reimbursement_atlas:au_pbs_structured_2025_05_01_d9ac810bf24c,Existing local cache retained; use --force to replace it.,zip,2025-05-01-xml-V3.zip,au_pbs_structured_d9ac810bf24c0f71,public_reuse_review,pending_human_review,True,au_pbs,https://www.pbs.gov.au/publication/schedule/2025/05/2025-05-01-xml-V3.zip?variant=3,au_pbs_structured_2025_05_01_d9ac810bf24c,cached,data/derived/processes/historical_source_transformation.bpmn
https://www.pbs.gov.au/info/publication/schedule/2023,8912729,[ignored-local-raw-cache]/historical_sources/pbs_structured_archive/au_pbs_structured_dad68a5ee5d010e7.zip,b661a497cee9633a03e84d5eaf3125bf29c0f7717b097914d9bea1288079dc96,reimbursement_atlas:au_pbs_structured_2023_10_01_dad68a5ee5d0,Existing local cache retained; use --force to replace it.,zip,2023-10-01-V2-down-converted.zip,au_pbs_structured_dad68a5ee5d010e7,public_reuse_review,pending_human_review,True,au_pbs,https://www.pbs.gov.au/publication/schedule/2023/10/2023-10-01-V2-down-converted.zip?variant=3,au_pbs_structured_2023_10_01_dad68a5ee5d0,cached,data/derived/processes/historical_source_transformation.bpmn
https://www.pbs.gov.au/info/publication/schedule/2011,562192,[ignored-local-raw-cache]/historical_sources/pbs_structured_archive/au_pbs_structured_db124a1651075511.zip,20572f32fea1b590cc414a8426f11308bd1ff085dad96c9c753ea9a3d000c761,reimbursement_atlas:au_pbs_structured_2011_09_01_db124a165107,Existing local cache retained; use --force to replace it.,zip,2011-09-01-general-schedule-ascii.zip,au_pbs_structured_db124a1651075511,public_reuse_review,pending_human_review,True,au_pbs,https://www.pbs.gov.au/publication/schedule/2011/09/2011-09-01-general-schedule-ascii.zip?variant=3,au_pbs_structured_2011_09_01_db124a165107,cached,data/derived/processes/historical_source_transformation.bpmn
https://www.pbs.gov.au/info/publication/schedule/2020,7435973,[ignored-local-raw-cache]/historical_sources/pbs_structured_archive/au_pbs_structured_db64859082ca7948.zip,223de87bc0a8851db00d1a0f9735f2a792794162aaeda827d659e151c1049ae7,reimbursement_atlas:au_pbs_structured_2020_05_01_db64859082ca,Existing local cache retained; use --force to replace it.,zip,2020-05-01-xml-V3.zip,au_pbs_structured_db64859082ca7948,public_reuse_review,pending_human_review,True,au_pbs,https://www.pbs.gov.au/publication/schedule/2020/05/2020-05-01-xml-V3.zip?variant=3,au_pbs_structured_2020_05_01_db64859082ca,cached,data/derived/processes/historical_source_transformation.bpmn
https://www.pbs.gov.au/info/publication/schedule/2018,4049821,[ignored-local-raw-cache]/historical_sources/pbs_structured_archive/au_pbs_structured_dc4633ad27758bbf.zip,ac24d66176f3d052b4640295660a600601cae96037e6507ed9d84a3f30d95cdd,reimbursement_atlas:au_pbs_structured_2018_03_01_dc4633ad2775,Existing local cache retained; use --force to replace it.,zip,2018-03-01-extracts-down-converted.zip,au_pbs_structured_dc4633ad27758bbf,public_reuse_review,pending_human_review,True,au_pbs,https://www.pbs.gov.au/publication/schedule/2018/03/2018-03-01-extracts-down-converted.zip?variant=3,au_pbs_structured_2018_03_01_dc4633ad2775,cached,data/derived/processes/historical_source_transformation.bpmn
https://www.pbs.gov.au/info/publication/schedule/2015,4204165,[ignored-local-raw-cache]/historical_sources/pbs_structured_archive/au_pbs_structured_dc4acab0089220ff.zip,217bd98d2eb857249c53fcfb80ad1486e19e124f03c1bdbaa425b627be1b7a1e,reimbursement_atlas:au_pbs_structured_2015_05_01_dc4acab00892,Existing local cache retained; use --force to replace it.,zip,2015-05-01-xml.zip,au_pbs_structured_dc4acab0089220ff,public_reuse_review,pending_human_review,True,au_pbs,https://www.pbs.gov.au/publication/schedule/2015/05/2015-05-01-xml.zip?variant=3,au_pbs_structured_2015_05_01_dc4acab00892,cached,data/derived/processes/historical_source_transformation.bpmn
https://www.pbs.gov.au/info/publication/schedule/2019,4338697,[ignored-local-raw-cache]/historical_sources/pbs_structured_archive/au_pbs_structured_dd1352dee44cb89a.zip,0b2e70cf6e01c0e8de578177c5b1960b280b1f0767d7deaaffbadff9cf65b2c9,reimbursement_atlas:au_pbs_structured_2019_04_01_dd1352dee44c,Existing local cache retained; use --force to replace it.,zip,2019-04-01-extracts-down-converted.zip,au_pbs_structured_dd1352dee44cb89a,public_reuse_review,pending_human_review,True,au_pbs,https://www.pbs.gov.au/publication/schedule/2019/04/2019-04-01-extracts-down-converted.zip?variant=3,au_pbs_structured_2019_04_01_dd1352dee44c,cached,data/derived/processes/historical_source_transformation.bpmn
https://www.pbs.gov.au/info/publication/schedule/2022,1904120,[ignored-local-raw-cache]/historical_sources/pbs_structured_archive/au_pbs_structured_ddc29f638180c82c.zip,da2875af42f7cd0d68296e7f413df416b8749b789df8353fc8af1202efe228c9,reimbursement_atlas:au_pbs_structured_2022_02_01_ddc29f638180,Existing local cache retained; use --force to replace it.,zip,2022-02-01-v3soextracts.zip,au_pbs_structured_ddc29f638180c82c,public_reuse_review,pending_human_review,True,au_pbs,https://www.pbs.gov.au/publication/schedule/2022/02/2022-02-01-v3soextracts.zip?variant=3,au_pbs_structured_2022_02_01_ddc29f638180,cached,data/derived/processes/historical_source_transformation.bpmn
https://www.pbs.gov.au/info/publication/schedule/2017,3846785,[ignored-local-raw-cache]/historical_sources/pbs_structured_archive/au_pbs_structured_de0e2bfb7a82599c.zip,4147b743f69a44ec10a2fb74fcff57e8e72b5ecfcc78893bf29d319e848e267f,reimbursement_atlas:au_pbs_structured_2017_04_01_de0e2bfb7a82,Existing local cache retained; use --force to replace it.,zip,2017-04-01-extracts.zip,au_pbs_structured_de0e2bfb7a82599c,public_reuse_review,pending_human_review,True,au_pbs,https://www.pbs.gov.au/publication/schedule/2017/04/2017-04-01-extracts.zip?variant=3,au_pbs_structured_2017_04_01_de0e2bfb7a82,cached,data/derived/processes/historical_source_transformation.bpmn
https://www.pbs.gov.au/info/publication/schedule/2023,8712141,[ignored-local-raw-cache]/historical_sources/pbs_structured_archive/au_pbs_structured_de1b4c986ad23f49.zip,1a56727881d53b70fff72b13145b48d28f5598d8b6738767ab246dac0c32576d,reimbursement_atlas:au_pbs_structured_2023_09_01_de1b4c986ad2,Existing local cache retained; use --force to replace it.,zip,2023-09-01-V2-down-converted.zip,au_pbs_structured_de1b4c986ad23f49,public_reuse_review,pending_human_review,True,au_pbs,https://www.pbs.gov.au/publication/schedule/2023/09/2023-09-01-V2-down-converted.zip?variant=3,au_pbs_structured_2023_09_01_de1b4c986ad2,cached,data/derived/processes/historical_source_transformation.bpmn
https://www.pbs.gov.au/info/publication/schedule/2009,473286,[ignored-local-raw-cache]/historical_sources/pbs_structured_archive/au_pbs_structured_de2b1f926ede0849.zip,8c79c63dfc0480b9670eefeaf1c42bf75fb1f940111ec636ebbf9282562252e6,reimbursement_atlas:au_pbs_structured_2009_09_01_de2b1f926ede,Existing local cache retained; use --force to replace it.,zip,2009-09-01-general-schedule-ascii.zip,au_pbs_structured_de2b1f926ede0849,public_reuse_review,pending_human_review,True,au_pbs,https://www.pbs.gov.au/publication/schedule/2009/2009-09-01-general-schedule-ascii.zip?variant=3,au_pbs_structured_2009_09_01_de2b1f926ede,cached,data/derived/processes/historical_source_transformation.bpmn
https://www.pbs.gov.au/info/publication/schedule/2026,10645753,[ignored-local-raw-cache]/historical_sources/pbs_structured_archive/au_pbs_structured_de34c1c7727a6361.zip,bc142e4331dde562f337a45ee50ac4e0940a1343184c180e661a826cfea8d7e7,reimbursement_atlas:au_pbs_structured_2026_01_01_de34c1c7727a,Existing local cache retained; use --force to replace it.,zip,2026-01-01-V2-down-converted.zip,au_pbs_structured_de34c1c7727a6361,public_reuse_review,pending_human_review,True,au_pbs,https://www.pbs.gov.au/publication/schedule/2026/01/2026-01-01-V2-down-converted.zip?variant=3,au_pbs_structured_2026_01_01_de34c1c7727a,cached,data/derived/processes/historical_source_transformation.bpmn
https://www.pbs.gov.au/info/publication/schedule/2020,4821282,[ignored-local-raw-cache]/historical_sources/pbs_structured_archive/au_pbs_structured_de743f0cb29f8420.zip,2ba6c567f9b112115fed6ff9466e1213b7ccaf64ebae3f281b66c72ba00481a3,reimbursement_atlas:au_pbs_structured_2020_11_01_de743f0cb29f,Existing local cache retained; use --force to replace it.,zip,2020-11-01-extracts-down-converted.zip,au_pbs_structured_de743f0cb29f8420,public_reuse_review,pending_human_review,True,au_pbs,https://www.pbs.gov.au/publication/schedule/2020/11/2020-11-01-extracts-down-converted.zip?variant=3,au_pbs_structured_2020_11_01_de743f0cb29f,cached,data/derived/processes/historical_source_transformation.bpmn
https://www.pbs.gov.au/info/publication/schedule/2024,9731682,[ignored-local-raw-cache]/historical_sources/pbs_structured_archive/au_pbs_structured_dec915ff16e29fcf.zip,7e17d42593dfac954ca4bcb57a7f12f83f3cf81cbbf3fb1e3ce22c0dddd5fdad,reimbursement_atlas:au_pbs_structured_2024_12_01_dec915ff16e2,Existing local cache retained; use --force to replace it.,zip,2024-12-01-V2-down-converted.zip,au_pbs_structured_dec915ff16e29fcf,public_reuse_review,pending_human_review,True,au_pbs,https://www.pbs.gov.au/publication/schedule/2024/12/2024-12-01-V2-down-converted.zip?variant=3,au_pbs_structured_2024_12_01_dec915ff16e2,cached,data/derived/processes/historical_source_transformation.bpmn
https://www.pbs.gov.au/info/publication/schedule/2019,7301703,[ignored-local-raw-cache]/historical_sources/pbs_structured_archive/au_pbs_structured_dede0ce8abf14b74.zip,d17ac1eebc8405ee9fb553eed2a8418a85f1deea1d74bfe811ea15d306de7460,reimbursement_atlas:au_pbs_structured_2019_02_01_dede0ce8abf1,Existing local cache retained; use --force to replace it.,zip,2019-02-01-V2-down-converted.zip,au_pbs_structured_dede0ce8abf14b74,public_reuse_review,pending_human_review,True,au_pbs,https://www.pbs.gov.au/publication/schedule/2019/02/2019-02-01-V2-down-converted.zip?variant=3,au_pbs_structured_2019_02_01_dede0ce8abf1,cached,data/derived/processes/historical_source_transformation.bpmn
https://www.pbs.gov.au/info/publication/schedule/2015,3555215,[ignored-local-raw-cache]/historical_sources/pbs_structured_archive/au_pbs_structured_def58a37e20cd9e5.zip,fdf710d3921929d592cbc8087d5cfe40dfc397b2a981b0efe16d1fb85379edee,reimbursement_atlas:au_pbs_structured_2015_10_01_def58a37e20c,Existing local cache retained; use --force to replace it.,zip,2015-10-01-extracts.zip,au_pbs_structured_def58a37e20cd9e5,public_reuse_review,pending_human_review,True,au_pbs,https://www.pbs.gov.au/publication/schedule/2015/10/2015-10-01-extracts.zip?variant=3,au_pbs_structured_2015_10_01_def58a37e20c,cached,data/derived/processes/historical_source_transformation.bpmn
https://www.pbs.gov.au/info/publication/schedule/2024,9603089,[ignored-local-raw-cache]/historical_sources/pbs_structured_archive/au_pbs_structured_df010b601acc8a34.zip,fc4b601afba6683580d5b8dc5f9a1aad42349e9d0572872570f2634e95440364,reimbursement_atlas:au_pbs_structured_2024_01_01_df010b601acc,Existing local cache retained; use --force to replace it.,zip,2024-01-01-xml-V3.zip,au_pbs_structured_df010b601acc8a34,public_reuse_review,pending_human_review,True,au_pbs,https://www.pbs.gov.au/publication/schedule/2024/01/2024-01-01-xml-V3.zip?variant=3,au_pbs_structured_2024_01_01_df010b601acc,cached,data/derived/processes/historical_source_transformation.bpmn
https://www.pbs.gov.au/info/publication/schedule/2023,3331024,[ignored-local-raw-cache]/historical_sources/pbs_structured_archive/au_pbs_structured_df8cc52591ac6fb6.zip,6d33de624485f36a8950822330fae07e1ec1d03f383ee151a2e1e854a898c7e1,reimbursement_atlas:au_pbs_structured_2023_11_01_df8cc52591ac,Existing local cache retained; use --force to replace it.,zip,2023-11-01-v3extracts.zip,au_pbs_structured_df8cc52591ac6fb6,public_reuse_review,pending_human_review,True,au_pbs,https://www.pbs.gov.au/publication/schedule/2023/11/2023-11-01-v3extracts.zip?variant=3,au_pbs_structured_2023_11_01_df8cc52591ac,cached,data/derived/processes/historical_source_transformation.bpmn
https://www.pbs.gov.au/info/publication/schedule/2008,442784,[ignored-local-raw-cache]/historical_sources/pbs_structured_archive/au_pbs_structured_df9600c372d4f151.zip,040e1bdac56290fc6282f38ba7158f5aed6ce135b3cbcb3cb8ffc8c5bac106bc,reimbursement_atlas:au_pbs_structured_2008_05_01_df9600c372d4,Existing local cache retained; use --force to replace it.,zip,2008-05-01-general-schedule-ascii.zip,au_pbs_structured_df9600c372d4f151,public_reuse_review,pending_human_review,True,au_pbs,https://www.pbs.gov.au/publication/schedule/2008/2008-05-01-general-schedule-ascii.zip?variant=3,au_pbs_structured_2008_05_01_df9600c372d4,cached,data/derived/processes/historical_source_transformation.bpmn
https://www.pbs.gov.au/info/publication/schedule/2021,1895692,[ignored-local-raw-cache]/historical_sources/pbs_structured_archive/au_pbs_structured_e010c10f4da7d377.zip,aa09859a5378fe5aba2fcff4af83cce2182770822c75e93f317f3727a8d155b9,reimbursement_atlas:au_pbs_structured_2021_12_01_e010c10f4da7,Existing local cache retained; use --force to replace it.,zip,2021-12-01-v3soextracts.zip,au_pbs_structured_e010c10f4da7d377,public_reuse_review,pending_human_review,True,au_pbs,https://www.pbs.gov.au/publication/schedule/2021/12/2021-12-01-v3soextracts.zip?variant=3,au_pbs_structured_2021_12_01_e010c10f4da7,cached,data/derived/processes/historical_source_transformation.bpmn
https://www.pbs.gov.au/info/publication/schedule/2024,2235871,[ignored-local-raw-cache]/historical_sources/pbs_structured_archive/au_pbs_structured_e04c64a4dab6cbd0.zip,3e4377cef5c942e3e9a86a3eb6fe9eba5730ea8889f92e878806ee9308d9a5ce,reimbursement_atlas:au_pbs_structured_2024_08_01_e04c64a4dab6,Existing local cache retained; use --force to replace it.,zip,2024-08-01-v3soextracts.zip,au_pbs_structured_e04c64a4dab6cbd0,public_reuse_review,pending_human_review,True,au_pbs,https://www.pbs.gov.au/publication/schedule/2024/08/2024-08-01-v3soextracts.zip?variant=3,au_pbs_structured_2024_08_01_e04c64a4dab6,cached,data/derived/processes/historical_source_transformation.bpmn
https://www.pbs.gov.au/info/publication/schedule/2010,556679,[ignored-local-raw-cache]/historical_sources/pbs_structured_archive/au_pbs_structured_e0525ff30585410b.zip,031ec33e26536ca7f59cbda423d7729a98f8f526c70d63db2f2f88d0969532b1,reimbursement_atlas:au_pbs_structured_2010_08_01_e0525ff30585,Existing local cache retained; use --force to replace it.,zip,2010-08-01-general-schedule-ascii.zip,au_pbs_structured_e0525ff30585410b,public_reuse_review,pending_human_review,True,au_pbs,https://www.pbs.gov.au/publication/schedule/2010/2010-08-01-general-schedule-ascii.zip?variant=3,au_pbs_structured_2010_08_01_e0525ff30585,cached,data/derived/processes/historical_source_transformation.bpmn
https://www.pbs.gov.au/info/publication/schedule/2018,6492526,[ignored-local-raw-cache]/historical_sources/pbs_structured_archive/au_pbs_structured_e0fd36b413c44622.zip,b8ebb8897e4423a05d1bff2d41ab4aeed98efadf239e137ed0ff752acd30e700,reimbursement_atlas:au_pbs_structured_2018_05_01_e0fd36b413c4,Existing local cache retained; use --force to replace it.,zip,2018-05-01-V2-down-converted.zip,au_pbs_structured_e0fd36b413c44622,public_reuse_review,pending_human_review,True,au_pbs,https://www.pbs.gov.au/publication/schedule/2018/05/2018-05-01-V2-down-converted.zip?variant=3,au_pbs_structured_2018_05_01_e0fd36b413c4,cached,data/derived/processes/historical_source_transformation.bpmn
https://www.pbs.gov.au/info/publication/schedule/2025,9915330,[ignored-local-raw-cache]/historical_sources/pbs_structured_archive/au_pbs_structured_e11d645e0a32ed38.zip,93bbd0baba7ad440b517638c62ffed03b49968b908485e59d0d2a1ccd4034d5c,reimbursement_atlas:au_pbs_structured_2025_05_01_e11d645e0a32,Existing local cache retained; use --force to replace it.,zip,2025-05-01-V2-down-converted.zip,au_pbs_structured_e11d645e0a32ed38,public_reuse_review,pending_human_review,True,au_pbs,https://www.pbs.gov.au/publication/schedule/2025/05/2025-05-01-V2-down-converted.zip?variant=3,au_pbs_structured_2025_05_01_e11d645e0a32,cached,data/derived/processes/historical_source_transformation.bpmn
https://www.pbs.gov.au/info/publication/schedule/2022,8864791,[ignored-local-raw-cache]/historical_sources/pbs_structured_archive/au_pbs_structured_e19cb88cd6917fdd.zip,6c8134d8d94bf5ef932b67f07bbe1ffe4229413976a761e168b4f9ff3b0565a6,reimbursement_atlas:au_pbs_structured_2022_07_01_e19cb88cd691,Existing local cache retained; use --force to replace it.,zip,2022-07-01-V2-down-converted.zip,au_pbs_structured_e19cb88cd6917fdd,public_reuse_review,pending_human_review,True,au_pbs,https://www.pbs.gov.au/publication/schedule/2022/07/2022-07-01-V2-down-converted.zip?variant=3,au_pbs_structured_2022_07_01_e19cb88cd691,cached,data/derived/processes/historical_source_transformation.bpmn
https://www.pbs.gov.au/info/publication/schedule/2017,3839138,[ignored-local-raw-cache]/historical_sources/pbs_structured_archive/au_pbs_structured_e2465bb3667c8e6a.zip,134c8c8129d39d843efc22c1876fa0a06f36c30c9a61802332e908f40ed899b5,reimbursement_atlas:au_pbs_structured_2017_08_01_e2465bb3667c,Existing local cache retained; use --force to replace it.,zip,2017-08-01-extracts.zip,au_pbs_structured_e2465bb3667c8e6a,public_reuse_review,pending_human_review,True,au_pbs,https://www.pbs.gov.au/publication/schedule/2017/08/2017-08-01-extracts.zip?variant=3,au_pbs_structured_2017_08_01_e2465bb3667c,cached,data/derived/processes/historical_source_transformation.bpmn
https://www.pbs.gov.au/info/publication/schedule/2022,8226707,[ignored-local-raw-cache]/historical_sources/pbs_structured_archive/au_pbs_structured_e285c6f197b50926.zip,8c86581c571ac56ade58bb7ffb3c2e49b45a5a69681c9da18d35e339c81a0d0c,reimbursement_atlas:au_pbs_structured_2022_06_01_e285c6f197b5,Existing local cache retained; use --force to replace it.,zip,2022-06-01-xml-V3.zip,au_pbs_structured_e285c6f197b50926,public_reuse_review,pending_human_review,True,au_pbs,https://www.pbs.gov.au/publication/schedule/2022/06/2022-06-01-xml-V3.zip?variant=3,au_pbs_structured_2022_06_01_e285c6f197b5,cached,data/derived/processes/historical_source_transformation.bpmn
https://www.pbs.gov.au/info/publication/schedule/2025,3821929,[ignored-local-raw-cache]/historical_sources/pbs_structured_archive/au_pbs_structured_e2df843a77167c63.zip,43de217ec1bd19a567300ff663519552366b6d58b617b2b3cfb3a9ea9f744b00,reimbursement_atlas:au_pbs_structured_2025_11_01_e2df843a7716,Existing local cache retained; use --force to replace it.,zip,2025-11-01-v3extracts.zip,au_pbs_structured_e2df843a77167c63,public_reuse_review,pending_human_review,True,au_pbs,https://www.pbs.gov.au/publication/schedule/2025/11/2025-11-01-v3extracts.zip?variant=3,au_pbs_structured_2025_11_01_e2df843a7716,cached,data/derived/processes/historical_source_transformation.bpmn
https://www.pbs.gov.au/info/publication/schedule/2013,2894236,[ignored-local-raw-cache]/historical_sources/pbs_structured_archive/au_pbs_structured_e30d42fc9dec201e.zip,4042878373c8e6888980a4bc0eff6a5f6f06c8e4782c2c2a3954192773a2ca3b,reimbursement_atlas:au_pbs_structured_2013_11_01_e30d42fc9dec,Existing local cache retained; use --force to replace it.,zip,2013-11-01-extracts.zip,au_pbs_structured_e30d42fc9dec201e,public_reuse_review,pending_human_review,True,au_pbs,https://www.pbs.gov.au/publication/schedule/2013/11/2013-11-01-extracts.zip?variant=3,au_pbs_structured_2013_11_01_e30d42fc9dec,cached,data/derived/processes/historical_source_transformation.bpmn
https://www.pbs.gov.au/info/publication/schedule/2012,363880,[ignored-local-raw-cache]/historical_sources/pbs_structured_archive/au_pbs_structured_e4306791cc703194.zip,116748f2b0db5fae6156071dc423c3283c52636dcd2d19d271f2610a3f11926b,reimbursement_atlas:au_pbs_structured_2012_04_01_e4306791cc70,Existing local cache retained; use --force to replace it.,zip,2012-04-01-efc-extracts.zip,au_pbs_structured_e4306791cc703194,public_reuse_review,pending_human_review,True,au_pbs,https://www.pbs.gov.au/publication/schedule/2012/04/2012-04-01-efc-extracts.zip?variant=3,au_pbs_structured_2012_04_01_e4306791cc70,cached,data/derived/processes/historical_source_transformation.bpmn
https://www.pbs.gov.au/info/publication/schedule/2016,4882099,[ignored-local-raw-cache]/historical_sources/pbs_structured_archive/au_pbs_structured_e49cbc5b7fd6ac82.zip,df3809e06755d836a1225faf10f6c46b4f4a80a5a027dda79786ad668f06c56b,reimbursement_atlas:au_pbs_structured_2016_11_01_e49cbc5b7fd6,Existing local cache retained; use --force to replace it.,zip,2016-11-01-xml.zip,au_pbs_structured_e49cbc5b7fd6ac82,public_reuse_review,pending_human_review,True,au_pbs,https://www.pbs.gov.au/publication/schedule/2016/11/2016-11-01-xml.zip?variant=3,au_pbs_structured_2016_11_01_e49cbc5b7fd6,cached,data/derived/processes/historical_source_transformation.bpmn
https://www.pbs.gov.au/info/publication/schedule/2026,2420299,[ignored-local-raw-cache]/historical_sources/pbs_structured_archive/au_pbs_structured_e511a9194c7560b4.zip,bb092a8b1c731d77c2064b03bbb9e4a919bd82e75c6c401d81b52d9642b9b083,reimbursement_atlas:au_pbs_structured_2026_01_01_e511a9194c75,Existing local cache retained; use --force to replace it.,zip,2026-01-01-v3soextracts.zip,au_pbs_structured_e511a9194c7560b4,public_reuse_review,pending_human_review,True,au_pbs,https://www.pbs.gov.au/publication/schedule/2026/01/2026-01-01-v3soextracts.zip?variant=3,au_pbs_structured_2026_01_01_e511a9194c75,cached,data/derived/processes/historical_source_transformation.bpmn
https://www.pbs.gov.au/info/publication/schedule/2011,1564114,[ignored-local-raw-cache]/historical_sources/pbs_structured_archive/au_pbs_structured_e64501ae9c66b89b.zip,4e454b4e938ec6690ef2ef6d149ac1e02dd05defddd2d9793b72de6618e3bcb9,reimbursement_atlas:au_pbs_structured_2011_04_01_e64501ae9c66,Existing local cache retained; use --force to replace it.,zip,2011-04-01-general-schedule-xml.zip,au_pbs_structured_e64501ae9c66b89b,public_reuse_review,pending_human_review,True,au_pbs,https://www.pbs.gov.au/publication/schedule/2011/04/2011-04-01-general-schedule-xml.zip?variant=3,au_pbs_structured_2011_04_01_e64501ae9c66,cached,data/derived/processes/historical_source_transformation.bpmn
https://www.pbs.gov.au/info/publication/schedule/2008,927894,[ignored-local-raw-cache]/historical_sources/pbs_structured_archive/au_pbs_structured_e658d90893a2afa2.zip,0bae29fe4b399acec6e9fc4d6a8712c6269c22da32224a3543e6b6f3ad79ff0e,reimbursement_atlas:au_pbs_structured_2008_05_01_e658d90893a2,Existing local cache retained; use --force to replace it.,zip,2008-05-01-general-schedule-xml.zip,au_pbs_structured_e658d90893a2afa2,public_reuse_review,pending_human_review,True,au_pbs,https://www.pbs.gov.au/publication/schedule/2008/2008-05-01-general-schedule-xml.zip?variant=3,au_pbs_structured_2008_05_01_e658d90893a2,cached,data/derived/processes/historical_source_transformation.bpmn
https://www.pbs.gov.au/info/publication/schedule/2025,3643357,[ignored-local-raw-cache]/historical_sources/pbs_structured_archive/au_pbs_structured_e6bf017a9fd7799e.zip,ce1815f2052baac30db71e77ebde2f874a6ffeba5dd34b9de0bafb99cbcb43a5,reimbursement_atlas:au_pbs_structured_2025_06_01_e6bf017a9fd7,Existing local cache retained; use --force to replace it.,zip,2025-06-01-pbs-api-csv-files.zip,au_pbs_structured_e6bf017a9fd7799e,public_reuse_review,pending_human_review,True,au_pbs,https://www.pbs.gov.au/publication/schedule/2025/06/2025-06-01-pbs-api-csv-files.zip?variant=3,au_pbs_structured_2025_06_01_e6bf017a9fd7,cached,data/derived/processes/historical_source_transformation.bpmn
https://www.pbs.gov.au/info/publication/schedule/2012,548671,[ignored-local-raw-cache]/historical_sources/pbs_structured_archive/au_pbs_structured_e7a3ac15fcfb8039.zip,ddaab6894e23b25c73845e1dee979c9778544648806d1732accdd07bfab96b6f,reimbursement_atlas:au_pbs_structured_2012_07_01_e7a3ac15fcfb,Existing local cache retained; use --force to replace it.,zip,2012-07-01-efc-xml.zip,au_pbs_structured_e7a3ac15fcfb8039,public_reuse_review,pending_human_review,True,au_pbs,https://www.pbs.gov.au/publication/schedule/2012/07/2012-07-01-efc-xml.zip?variant=3,au_pbs_structured_2012_07_01_e7a3ac15fcfb,cached,data/derived/processes/historical_source_transformation.bpmn
https://www.pbs.gov.au/info/publication/schedule/2018,6550840,[ignored-local-raw-cache]/historical_sources/pbs_structured_archive/au_pbs_structured_e7c1d627b26e3024.zip,f7534f74d87ec74c67c1ef4a6773d7687ff5946c18cdacd484d4ee95afe59a9e,reimbursement_atlas:au_pbs_structured_2018_08_01_e7c1d627b26e,Existing local cache retained; use --force to replace it.,zip,2018-08-01-xml-V3.zip,au_pbs_structured_e7c1d627b26e3024,public_reuse_review,pending_human_review,True,au_pbs,https://www.pbs.gov.au/publication/schedule/2018/08/2018-08-01-xml-V3.zip?variant=3,au_pbs_structured_2018_08_01_e7c1d627b26e,cached,data/derived/processes/historical_source_transformation.bpmn
https://www.pbs.gov.au/info/publication/schedule/2022,2014641,[ignored-local-raw-cache]/historical_sources/pbs_structured_archive/au_pbs_structured_e890c240e9e7e17f.zip,182bcf09e5b35d57471b3cf81b714331a18fdf27066db7b2753cf358ee3b34e2,reimbursement_atlas:au_pbs_structured_2022_12_01_e890c240e9e7,Existing local cache retained; use --force to replace it.,zip,2022-12-01-v3soextracts.zip,au_pbs_structured_e890c240e9e7e17f,public_reuse_review,pending_human_review,True,au_pbs,https://www.pbs.gov.au/publication/schedule/2022/12/2022-12-01-v3soextracts.zip?variant=3,au_pbs_structured_2022_12_01_e890c240e9e7,cached,data/derived/processes/historical_source_transformation.bpmn
https://www.pbs.gov.au/info/publication/schedule/2021,2965234,[ignored-local-raw-cache]/historical_sources/pbs_structured_archive/au_pbs_structured_e8b44d45a7bbbbc7.zip,3435ff521c7fc2d31d8302ebedd244a1de06bb792d46401b6bd7a6099654aa6d,reimbursement_atlas:au_pbs_structured_2021_10_01_e8b44d45a7bb,Existing local cache retained; use --force to replace it.,zip,2021-10-01-v3extracts.zip,au_pbs_structured_e8b44d45a7bbbbc7,public_reuse_review,pending_human_review,True,au_pbs,https://www.pbs.gov.au/publication/schedule/2021/10/2021-10-01-v3extracts.zip?variant=3,au_pbs_structured_2021_10_01_e8b44d45a7bb,cached,data/derived/processes/historical_source_transformation.bpmn
https://www.pbs.gov.au/info/publication/schedule/2021,1688750,[ignored-local-raw-cache]/historical_sources/pbs_structured_archive/au_pbs_structured_e985225b665d5c57.zip,4a4c70bdd8598fc42b6c88245db87e5201ec33f88339f6022e14018c5ba977f0,reimbursement_atlas:au_pbs_structured_2021_01_01_e985225b665d,Existing local cache retained; use --force to replace it.,zip,2021-01-01-v3soextracts-supply-only.zip,au_pbs_structured_e985225b665d5c57,public_reuse_review,pending_human_review,True,au_pbs,https://www.pbs.gov.au/publication/schedule/2021/01/2021-01-01-v3soextracts-supply-only.zip?variant=3,au_pbs_structured_2021_01_01_e985225b665d,cached,data/derived/processes/historical_source_transformation.bpmn
https://www.pbs.gov.au/info/publication/schedule/2017,6187658,[ignored-local-raw-cache]/historical_sources/pbs_structured_archive/au_pbs_structured_e9c05b385d955139.zip,7823c50467e1e17b81e750698e1627fb76e9668bd57ce720285a0335731b18f3,reimbursement_atlas:au_pbs_structured_2017_04_01_e9c05b385d95,Existing local cache retained; use --force to replace it.,zip,2017-04-01-xml.zip,au_pbs_structured_e9c05b385d955139,public_reuse_review,pending_human_review,True,au_pbs,https://www.pbs.gov.au/publication/schedule/2017/04/2017-04-01-xml.zip?variant=3,au_pbs_structured_2017_04_01_e9c05b385d95,cached,data/derived/processes/historical_source_transformation.bpmn
https://www.pbs.gov.au/info/publication/schedule/2024,2222412,[ignored-local-raw-cache]/historical_sources/pbs_structured_archive/au_pbs_structured_ea67a65d3beff0d4.zip,5dd4baf1363423aebc3e0e67d7488952ad5c666b8b8f9f0df62e7821554324fc,reimbursement_atlas:au_pbs_structured_2024_05_01_ea67a65d3bef,Existing local cache retained; use --force to replace it.,zip,2024-05-01-v3soextracts.zip,au_pbs_structured_ea67a65d3beff0d4,public_reuse_review,pending_human_review,True,au_pbs,https://www.pbs.gov.au/publication/schedule/2024/05/2024-05-01-v3soextracts.zip?variant=3,au_pbs_structured_2024_05_01_ea67a65d3bef,cached,data/derived/processes/historical_source_transformation.bpmn
https://www.pbs.gov.au/info/publication/schedule/2022,9187651,[ignored-local-raw-cache]/historical_sources/pbs_structured_archive/au_pbs_structured_eabb529e4370f03e.zip,becdb900efe7eacbff719ce5211e601b904e3019e627cc2d04da30c28cc8dcab,reimbursement_atlas:au_pbs_structured_2022_12_01_eabb529e4370,Existing local cache retained; use --force to replace it.,zip,2022-12-01-V2-down-converted.zip,au_pbs_structured_eabb529e4370f03e,public_reuse_review,pending_human_review,True,au_pbs,https://www.pbs.gov.au/publication/schedule/2022/12/2022-12-01-V2-down-converted.zip?variant=3,au_pbs_structured_2022_12_01_eabb529e4370,cached,data/derived/processes/historical_source_transformation.bpmn
https://www.pbs.gov.au/info/publication/schedule/2026,2414827,[ignored-local-raw-cache]/historical_sources/pbs_structured_archive/au_pbs_structured_eae67f295bce7038.zip,4036933e2cafdc0984cef8a443ae8f62497ebf210d2ca63c6fcd0eeb3bbc9b08,reimbursement_atlas:au_pbs_structured_2026_02_01_eae67f295bce,Existing local cache retained; use --force to replace it.,zip,2026-02-01-v3soextracts.zip,au_pbs_structured_eae67f295bce7038,public_reuse_review,pending_human_review,True,au_pbs,https://www.pbs.gov.au/publication/schedule/2026/02/2026-02-01-v3soextracts.zip?variant=3,au_pbs_structured_2026_02_01_eae67f295bce,cached,data/derived/processes/historical_source_transformation.bpmn
https://www.pbs.gov.au/info/publication/schedule/2026,10486355,[ignored-local-raw-cache]/historical_sources/pbs_structured_archive/au_pbs_structured_eb69d8bc29d87e2d.zip,fe9a86b6342cd70ceac92feb3bf8d60f53942bd2df0972a9164623a7d2b6f38c,reimbursement_atlas:au_pbs_structured_2026_03_01_eb69d8bc29d8,Existing local cache retained; use --force to replace it.,zip,2026-03-01-XML-V3.zip,au_pbs_structured_eb69d8bc29d87e2d,public_reuse_review,pending_human_review,True,au_pbs,https://www.pbs.gov.au/publication/schedule/2026/03/2026-03-01-XML-V3.zip?variant=3,au_pbs_structured_2026_03_01_eb69d8bc29d8,cached,data/derived/processes/historical_source_transformation.bpmn
https://www.pbs.gov.au/info/publication/schedule/2022,1950153,[ignored-local-raw-cache]/historical_sources/pbs_structured_archive/au_pbs_structured_eb9c9e7b4368e475.zip,87df4bd054813ed47fc2cb52acca128ba8e1b93bdf55b5d384d7229bdf60d3a9,reimbursement_atlas:au_pbs_structured_2022_09_01_eb9c9e7b4368,Existing local cache retained; use --force to replace it.,zip,2022-09-01-v3soextracts.zip,au_pbs_structured_eb9c9e7b4368e475,public_reuse_review,pending_human_review,True,au_pbs,https://www.pbs.gov.au/publication/schedule/2022/09/2022-09-01-v3soextracts.zip?variant=3,au_pbs_structured_2022_09_01_eb9c9e7b4368,cached,data/derived/processes/historical_source_transformation.bpmn
https://www.pbs.gov.au/info/publication/schedule/2021,1797044,[ignored-local-raw-cache]/historical_sources/pbs_structured_archive/au_pbs_structured_ebb03794dad67a16.zip,f98d1a1e54225bfdd2a02d599c5e8ab94d23a8f65390b4c209d6f52772419066,reimbursement_atlas:au_pbs_structured_2021_06_01_ebb03794dad6,Existing local cache retained; use --force to replace it.,zip,2021-06-01-v3soextracts.zip,au_pbs_structured_ebb03794dad67a16,public_reuse_review,pending_human_review,True,au_pbs,https://www.pbs.gov.au/publication/schedule/2021/06/2021-06-01-v3soextracts.zip?variant=3,au_pbs_structured_2021_06_01_ebb03794dad6,cached,data/derived/processes/historical_source_transformation.bpmn
https://www.pbs.gov.au/info/publication/schedule/2012,1566800,[ignored-local-raw-cache]/historical_sources/pbs_structured_archive/au_pbs_structured_ecd9303c90d71d6b.zip,1bf7db827b6462e85f8a26e76fcdbfd7179541996a037c85cd1fccaae77a2959,reimbursement_atlas:au_pbs_structured_2012_08_01_ecd9303c90d7,Existing local cache retained; use --force to replace it.,zip,2012-08-01-general-schedule-xml.zip,au_pbs_structured_ecd9303c90d71d6b,public_reuse_review,pending_human_review,True,au_pbs,https://www.pbs.gov.au/publication/schedule/2012/08/2012-08-01-general-schedule-xml.zip?variant=3,au_pbs_structured_2012_08_01_ecd9303c90d7,cached,data/derived/processes/historical_source_transformation.bpmn
https://www.pbs.gov.au/info/publication/schedule/2023,9183647,[ignored-local-raw-cache]/historical_sources/pbs_structured_archive/au_pbs_structured_edd22a30b155b116.zip,2de4afde2da6d9e8b906e91158b072f5082e32fb6cd911e81c58892bf0930cd1,reimbursement_atlas:au_pbs_structured_2023_12_01_edd22a30b155,Existing local cache retained; use --force to replace it.,zip,2023-12-01-V2-down-converted.zip,au_pbs_structured_edd22a30b155b116,public_reuse_review,pending_human_review,True,au_pbs,https://www.pbs.gov.au/publication/schedule/2023/12/2023-12-01-V2-down-converted.zip?variant=3,au_pbs_structured_2023_12_01_edd22a30b155,cached,data/derived/processes/historical_source_transformation.bpmn
https://www.pbs.gov.au/info/publication/schedule/2024,9207605,[ignored-local-raw-cache]/historical_sources/pbs_structured_archive/au_pbs_structured_edea7b2bbc8c2967.zip,8d600ac72702cfc95747b2c6c80d5486f6a55336e3636ec470468388279038ac,reimbursement_atlas:au_pbs_structured_2024_02_01_edea7b2bbc8c,Existing local cache retained; use --force to replace it.,zip,2024-02-01-xml-V3.zip,au_pbs_structured_edea7b2bbc8c2967,public_reuse_review,pending_human_review,True,au_pbs,https://www.pbs.gov.au/publication/schedule/2024/02/2024-02-01-xml-V3.zip?variant=3,au_pbs_structured_2024_02_01_edea7b2bbc8c,cached,data/derived/processes/historical_source_transformation.bpmn
https://www.pbs.gov.au/info/publication/schedule/2021,7999544,[ignored-local-raw-cache]/historical_sources/pbs_structured_archive/au_pbs_structured_ee272b2af801e1ee.zip,6d46323287445e14c7d984dfa1ca0c2bc3b9e637e9023c5ffb6c4c660d579612,reimbursement_atlas:au_pbs_structured_2021_03_01_ee272b2af801,Existing local cache retained; use --force to replace it.,zip,2021-03-01-xml-V3.zip,au_pbs_structured_ee272b2af801e1ee,public_reuse_review,pending_human_review,True,au_pbs,https://www.pbs.gov.au/publication/schedule/2021/03/2021-03-01-xml-V3.zip?variant=3,au_pbs_structured_2021_03_01_ee272b2af801,cached,data/derived/processes/historical_source_transformation.bpmn
https://www.pbs.gov.au/info/publication/schedule/2016,3647029,[ignored-local-raw-cache]/historical_sources/pbs_structured_archive/au_pbs_structured_ee62d68f121ad9c9.zip,d4e57367c03f926d5f4d16f4fdf4daf79cd041dfad695b1cfb8d211fd44ea3a1,reimbursement_atlas:au_pbs_structured_2016_09_01_ee62d68f121a,Existing local cache retained; use --force to replace it.,zip,2016-09-01-extracts.zip,au_pbs_structured_ee62d68f121ad9c9,public_reuse_review,pending_human_review,True,au_pbs,https://www.pbs.gov.au/publication/schedule/2016/09/2016-09-01-extracts.zip?variant=3,au_pbs_structured_2016_09_01_ee62d68f121a,cached,data/derived/processes/historical_source_transformation.bpmn
https://www.pbs.gov.au/info/publication/schedule/2009,487035,[ignored-local-raw-cache]/historical_sources/pbs_structured_archive/au_pbs_structured_eeeaab123f5d30be.zip,ce0c032cc72302a0bafc68b3bc0f493f0cee415cb8974a1af6bee38d679768e0,reimbursement_atlas:au_pbs_structured_2009_06_01_eeeaab123f5d,Existing local cache retained; use --force to replace it.,zip,2009-06-01-general-schedule-ascii.zip,au_pbs_structured_eeeaab123f5d30be,public_reuse_review,pending_human_review,True,au_pbs,https://www.pbs.gov.au/publication/schedule/2009/2009-06-01-general-schedule-ascii.zip?variant=3,au_pbs_structured_2009_06_01_eeeaab123f5d,cached,data/derived/processes/historical_source_transformation.bpmn
https://www.pbs.gov.au/info/publication/schedule/2012,491172,[ignored-local-raw-cache]/historical_sources/pbs_structured_archive/au_pbs_structured_eef88a1f43e9d9ce.zip,674ed3a316ef5069ae7a68c332ecd1c7aa99e6049ba47c05d03471c5e4890369,reimbursement_atlas:au_pbs_structured_2012_03_01_eef88a1f43e9,Existing local cache retained; use --force to replace it.,zip,2012-03-01-efficient-funding-of-chemotherapy-xml.zip,au_pbs_structured_eef88a1f43e9d9ce,public_reuse_review,pending_human_review,True,au_pbs,https://www.pbs.gov.au/publication/schedule/2012/03/2012-03-01-efficient-funding-of-chemotherapy-xml.zip?variant=3,au_pbs_structured_2012_03_01_eef88a1f43e9,cached,data/derived/processes/historical_source_transformation.bpmn
https://www.pbs.gov.au/info/publication/schedule/2019,4372809,[ignored-local-raw-cache]/historical_sources/pbs_structured_archive/au_pbs_structured_ef66eef3d4ea045f.zip,e888e53885e94c4bfdbb50f820068839c868a729b4012681d25eede14f13abcd,reimbursement_atlas:au_pbs_structured_2019_05_01_ef66eef3d4ea,Existing local cache retained; use --force to replace it.,zip,2019-05-01-extracts-down-converted.zip,au_pbs_structured_ef66eef3d4ea045f,public_reuse_review,pending_human_review,True,au_pbs,https://www.pbs.gov.au/publication/schedule/2019/05/2019-05-01-extracts-down-converted.zip?variant=3,au_pbs_structured_2019_05_01_ef66eef3d4ea,cached,data/derived/processes/historical_source_transformation.bpmn
https://www.pbs.gov.au/info/publication/schedule/2008,915130,[ignored-local-raw-cache]/historical_sources/pbs_structured_archive/au_pbs_structured_f0c63848b7fee09c.zip,adcf782f5f0efce134bad9c44cc95b6f3b528b7eb473cf9e37394076560a783f,reimbursement_atlas:au_pbs_structured_2008_03_01_f0c63848b7fe,Existing local cache retained; use --force to replace it.,zip,2008-03-01-general-schedule-xml.zip,au_pbs_structured_f0c63848b7fee09c,public_reuse_review,pending_human_review,True,au_pbs,https://www.pbs.gov.au/publication/schedule/2008/2008-03-01-general-schedule-xml.zip?variant=3,au_pbs_structured_2008_03_01_f0c63848b7fe,cached,data/derived/processes/historical_source_transformation.bpmn
https://www.pbs.gov.au/info/publication/schedule/2013,2883332,[ignored-local-raw-cache]/historical_sources/pbs_structured_archive/au_pbs_structured_f105ffeb064c1793.zip,11de740f09192110877351eb34534a3311420127916825a016d8223b2a3ba1ff,reimbursement_atlas:au_pbs_structured_2013_10_01_f105ffeb064c,Existing local cache retained; use --force to replace it.,zip,2013-10-01-extracts.zip,au_pbs_structured_f105ffeb064c1793,public_reuse_review,pending_human_review,True,au_pbs,https://www.pbs.gov.au/publication/schedule/2013/10/2013-10-01-extracts.zip?variant=3,au_pbs_structured_2013_10_01_f105ffeb064c,cached,data/derived/processes/historical_source_transformation.bpmn
https://www.pbs.gov.au/info/publication/schedule/2021,8909950,[ignored-local-raw-cache]/historical_sources/pbs_structured_archive/au_pbs_structured_f113c6d8d56993c1.zip,ff51f0b9fcef15d437da715b95b4bafc5968df7541ad1498ec0a0e487136fd35,reimbursement_atlas:au_pbs_structured_2021_04_01_f113c6d8d569,Existing local cache retained; use --force to replace it.,zip,2021-04-01-V2-down-converted.zip,au_pbs_structured_f113c6d8d56993c1,public_reuse_review,pending_human_review,True,au_pbs,https://www.pbs.gov.au/publication/schedule/2021/04/2021-04-01-V2-down-converted.zip?variant=3,au_pbs_structured_2021_04_01_f113c6d8d569,cached,data/derived/processes/historical_source_transformation.bpmn
https://www.pbs.gov.au/info/publication/schedule/2015,6006395,[ignored-local-raw-cache]/historical_sources/pbs_structured_archive/au_pbs_structured_f13852ffc894f661.zip,fa897b49b34b2ac90c739a9ede2ccf6823ed3c09bc89a8af16a1681825c1277f,reimbursement_atlas:au_pbs_structured_2015_10_01_f13852ffc894,Existing local cache retained; use --force to replace it.,zip,2015-10-01-xml.zip,au_pbs_structured_f13852ffc894f661,public_reuse_review,pending_human_review,True,au_pbs,https://www.pbs.gov.au/publication/schedule/2015/10/2015-10-01-xml.zip?variant=3,au_pbs_structured_2015_10_01_f13852ffc894,cached,data/derived/processes/historical_source_transformation.bpmn
https://www.pbs.gov.au/info/publication/schedule/2021,8168507,[ignored-local-raw-cache]/historical_sources/pbs_structured_archive/au_pbs_structured_f164796dea008a8f.zip,c9ede71d8fe9b015db59131f99bba619de11d88b1c9a803b6cbeae21df9aa7fd,reimbursement_atlas:au_pbs_structured_2021_05_01_f164796dea00,Existing local cache retained; use --force to replace it.,zip,2021-05-01-V2-down-converted.zip,au_pbs_structured_f164796dea008a8f,public_reuse_review,pending_human_review,True,au_pbs,https://www.pbs.gov.au/publication/schedule/2021/05/2021-05-01-V2-down-converted.zip?variant=3,au_pbs_structured_2021_05_01_f164796dea00,cached,data/derived/processes/historical_source_transformation.bpmn
https://www.pbs.gov.au/info/publication/schedule/2012,1492109,[ignored-local-raw-cache]/historical_sources/pbs_structured_archive/au_pbs_structured_f1c3babe5d79b595.zip,eeab93f3c1551cc7ae18879a6d426069910c13157f19b330d78117f8beeceabb,reimbursement_atlas:au_pbs_structured_2012_04_01_f1c3babe5d79,Existing local cache retained; use --force to replace it.,zip,2012-04-01-general-schedule-xml.zip,au_pbs_structured_f1c3babe5d79b595,public_reuse_review,pending_human_review,True,au_pbs,https://www.pbs.gov.au/publication/schedule/2012/04/2012-04-01-general-schedule-xml.zip?variant=3,au_pbs_structured_2012_04_01_f1c3babe5d79,cached,data/derived/processes/historical_source_transformation.bpmn
https://www.pbs.gov.au/info/publication/schedule/2009,1014932,[ignored-local-raw-cache]/historical_sources/pbs_structured_archive/au_pbs_structured_f2575c844fb66a59.zip,38d9e629c1a20edd9df920f27b04d03b433ba0986b9106969cc0aa43d9b8e82f,reimbursement_atlas:au_pbs_structured_2009_02_01_f2575c844fb6,Existing local cache retained; use --force to replace it.,zip,2009-02-01-general-schedule-xml.zip,au_pbs_structured_f2575c844fb66a59,public_reuse_review,pending_human_review,True,au_pbs,https://www.pbs.gov.au/publication/schedule/2009/2009-02-01-general-schedule-xml.zip?variant=3,au_pbs_structured_2009_02_01_f2575c844fb6,cached,data/derived/processes/historical_source_transformation.bpmn
https://www.pbs.gov.au/info/publication/schedule/2019,6743064,[ignored-local-raw-cache]/historical_sources/pbs_structured_archive/au_pbs_structured_f2d6828f4cb3fd53.zip,e8150e2cb05ba8f759acfec503d7e1f2af8f00f8106d65552d045047ad95b876,reimbursement_atlas:au_pbs_structured_2019_06_01_f2d6828f4cb3,Existing local cache retained; use --force to replace it.,zip,2019-06-01-V2-down-converted.zip,au_pbs_structured_f2d6828f4cb3fd53,public_reuse_review,pending_human_review,True,au_pbs,https://www.pbs.gov.au/publication/schedule/2019/06/2019-06-01-V2-down-converted.zip?variant=3,au_pbs_structured_2019_06_01_f2d6828f4cb3,cached,data/derived/processes/historical_source_transformation.bpmn
https://www.pbs.gov.au/info/publication/schedule/2014,3975972,[ignored-local-raw-cache]/historical_sources/pbs_structured_archive/au_pbs_structured_f37b114ee1e06a8e.zip,ac47f1ea6a557a0ed3ab7550841ff34b1471aa6b2a5a1ce0f7c51351b9ac3f43,reimbursement_atlas:au_pbs_structured_2014_03_01_f37b114ee1e0,Existing local cache retained; use --force to replace it.,zip,2014-03-01-xml.zip,au_pbs_structured_f37b114ee1e06a8e,public_reuse_review,pending_human_review,True,au_pbs,https://www.pbs.gov.au/publication/schedule/2014/03/2014-03-01-xml.zip?variant=3,au_pbs_structured_2014_03_01_f37b114ee1e0,cached,data/derived/processes/historical_source_transformation.bpmn
https://www.pbs.gov.au/info/publication/schedule/2009,1062520,[ignored-local-raw-cache]/historical_sources/pbs_structured_archive/au_pbs_structured_f37c167d0ccc4833.zip,d718587272d18c647c8219e7cb999697050f0f63494b7c59f41be662ea410a14,reimbursement_atlas:au_pbs_structured_2009_10_01_f37c167d0ccc,Existing local cache retained; use --force to replace it.,zip,2009-10-01-general-schedule-xml.zip,au_pbs_structured_f37c167d0ccc4833,public_reuse_review,pending_human_review,True,au_pbs,https://www.pbs.gov.au/publication/schedule/2009/2009-10-01-general-schedule-xml.zip?variant=3,au_pbs_structured_2009_10_01_f37c167d0ccc,cached,data/derived/processes/historical_source_transformation.bpmn
https://www.pbs.gov.au/info/publication/schedule/2015,5061782,[ignored-local-raw-cache]/historical_sources/pbs_structured_archive/au_pbs_structured_f3959d738c01fdf0.zip,81a7c0e3526775f062d04ab55032e9178d1e06da26d957edc035af5466c918f0,reimbursement_atlas:au_pbs_structured_2015_12_01_f3959d738c01,Existing local cache retained; use --force to replace it.,zip,2015-12-01-xml.zip,au_pbs_structured_f3959d738c01fdf0,public_reuse_review,pending_human_review,True,au_pbs,https://www.pbs.gov.au/publication/schedule/2015/12/2015-12-01-xml.zip?variant=3,au_pbs_structured_2015_12_01_f3959d738c01,cached,data/derived/processes/historical_source_transformation.bpmn
https://www.pbs.gov.au/info/publication/schedule/2013,2885673,[ignored-local-raw-cache]/historical_sources/pbs_structured_archive/au_pbs_structured_f44c8fa63a263768.zip,5934da772db67fa5026cca2159c8ed384f05f61a77079ddf0ae1f0ea65256aaf,reimbursement_atlas:au_pbs_structured_2013_07_01_f44c8fa63a26,Existing local cache retained; use --force to replace it.,zip,2013-07-01-extracts.zip,au_pbs_structured_f44c8fa63a263768,public_reuse_review,pending_human_review,True,au_pbs,https://www.pbs.gov.au/publication/schedule/2013/07/2013-07-01-extracts.zip?variant=3,au_pbs_structured_2013_07_01_f44c8fa63a26,cached,data/derived/processes/historical_source_transformation.bpmn
https://www.pbs.gov.au/info/publication/schedule/2025,9935349,[ignored-local-raw-cache]/historical_sources/pbs_structured_archive/au_pbs_structured_f4bc9b9d3709f305.zip,a47556e0de679b5f4a18428d4b39f796d81454764728ba2ceeca97d8c6bfd8c2,reimbursement_atlas:au_pbs_structured_2025_04_01_f4bc9b9d3709,Existing local cache retained; use --force to replace it.,zip,2025-04-01-V2-down-converted.zip,au_pbs_structured_f4bc9b9d3709f305,public_reuse_review,pending_human_review,True,au_pbs,https://www.pbs.gov.au/publication/schedule/2025/04/2025-04-01-V2-down-converted.zip?variant=3,au_pbs_structured_2025_04_01_f4bc9b9d3709,cached,data/derived/processes/historical_source_transformation.bpmn
https://www.pbs.gov.au/info/publication/schedule/2025,2404356,[ignored-local-raw-cache]/historical_sources/pbs_structured_archive/au_pbs_structured_f60768a0c8370de8.zip,90372820f4f7a9a36645f3482dbc00d2af376154b50f39e160ce01a7d6e67449,reimbursement_atlas:au_pbs_structured_2025_09_01_f60768a0c837,Existing local cache retained; use --force to replace it.,zip,2025-09-01-v3soextracts.zip,au_pbs_structured_f60768a0c8370de8,public_reuse_review,pending_human_review,True,au_pbs,https://www.pbs.gov.au/publication/schedule/2025/09/2025-09-01-v3soextracts.zip?variant=3,au_pbs_structured_2025_09_01_f60768a0c837,cached,data/derived/processes/historical_source_transformation.bpmn
https://www.pbs.gov.au/info/publication/schedule/2024,9395945,[ignored-local-raw-cache]/historical_sources/pbs_structured_archive/au_pbs_structured_f74542b9f2f362d8.zip,685c4e5a84298bf742680e8e8e21198a0e517bd5fcf86c37fee0da9ad2be2d05,reimbursement_atlas:au_pbs_structured_2024_06_01_f74542b9f2f3,Existing local cache retained; use --force to replace it.,zip,2024-06-01-xml-V3.zip,au_pbs_structured_f74542b9f2f362d8,public_reuse_review,pending_human_review,True,au_pbs,https://www.pbs.gov.au/publication/schedule/2024/06/2024-06-01-xml-V3.zip?variant=3,au_pbs_structured_2024_06_01_f74542b9f2f3,cached,data/derived/processes/historical_source_transformation.bpmn
https://www.pbs.gov.au/info/publication/schedule/2015,4227215,[ignored-local-raw-cache]/historical_sources/pbs_structured_archive/au_pbs_structured_f955991540178978.zip,12e702c2ceb5acb3cf64feef0b59bfda09e1a5f1cc5b5176e8a1fa198a9ea6c2,reimbursement_atlas:au_pbs_structured_2015_06_01_f95599154017,Existing local cache retained; use --force to replace it.,zip,2015-06-01-xml.zip,au_pbs_structured_f955991540178978,public_reuse_review,pending_human_review,True,au_pbs,https://www.pbs.gov.au/publication/schedule/2015/06/2015-06-01-xml.zip?variant=3,au_pbs_structured_2015_06_01_f95599154017,cached,data/derived/processes/historical_source_transformation.bpmn
https://www.pbs.gov.au/info/publication/schedule/2024,9248640,[ignored-local-raw-cache]/historical_sources/pbs_structured_archive/au_pbs_structured_f9b5bd2921af1f9e.zip,5c28aa37159a605b31c556507e2e15fdfb781fd86cff6a5dc0def58323aee25b,reimbursement_atlas:au_pbs_structured_2024_06_01_f9b5bd2921af,Existing local cache retained; use --force to replace it.,zip,2024-06-01-V2-down-converted.zip,au_pbs_structured_f9b5bd2921af1f9e,public_reuse_review,pending_human_review,True,au_pbs,https://www.pbs.gov.au/publication/schedule/2024/06/2024-06-01-V2-down-converted.zip?variant=3,au_pbs_structured_2024_06_01_f9b5bd2921af,cached,data/derived/processes/historical_source_transformation.bpmn
https://www.pbs.gov.au/info/publication/schedule/2024,3682159,[ignored-local-raw-cache]/historical_sources/pbs_structured_archive/au_pbs_structured_fa73c241f5fa5dde.zip,c6b15d688a438f45886246fa123664edb7123353ca7efe04efe140b0fc35fac8,reimbursement_atlas:au_pbs_structured_2024_10_01_fa73c241f5fa,Existing local cache retained; use --force to replace it.,zip,2024-10-01-v3extracts.zip,au_pbs_structured_fa73c241f5fa5dde,public_reuse_review,pending_human_review,True,au_pbs,https://www.pbs.gov.au/publication/schedule/2024/10/2024-10-01-v3extracts.zip?variant=3,au_pbs_structured_2024_10_01_fa73c241f5fa,cached,data/derived/processes/historical_source_transformation.bpmn
https://www.pbs.gov.au/info/publication/schedule/2019,4183647,[ignored-local-raw-cache]/historical_sources/pbs_structured_archive/au_pbs_structured_fba012fd080906bb.zip,dcd258008ca80b6696a7bbe766030759c07f7c3e989f038d73392e86e9407c0f,reimbursement_atlas:au_pbs_structured_2019_10_01_fba012fd0809,Existing local cache retained; use --force to replace it.,zip,2019-10-01-extracts-down-converted.zip,au_pbs_structured_fba012fd080906bb,public_reuse_review,pending_human_review,True,au_pbs,https://www.pbs.gov.au/publication/schedule/2019/10/2019-10-01-extracts-down-converted.zip?variant=3,au_pbs_structured_2019_10_01_fba012fd0809,cached,data/derived/processes/historical_source_transformation.bpmn
https://www.pbs.gov.au/info/publication/schedule/2014,3034405,[ignored-local-raw-cache]/historical_sources/pbs_structured_archive/au_pbs_structured_fbd068ca26f2d0a3.zip,d9ebf3a2d76eb225755134194c6a59f8a558b8b1b97b46772b6018cd1f55ee2a,reimbursement_atlas:au_pbs_structured_2014_06_01_fbd068ca26f2,Existing local cache retained; use --force to replace it.,zip,2014-06-01-extracts.zip,au_pbs_structured_fbd068ca26f2d0a3,public_reuse_review,pending_human_review,True,au_pbs,https://www.pbs.gov.au/publication/schedule/2014/06/2014-06-01-extracts.zip?variant=3,au_pbs_structured_2014_06_01_fbd068ca26f2,cached,data/derived/processes/historical_source_transformation.bpmn
https://www.pbs.gov.au/info/publication/schedule/2011,1530723,[ignored-local-raw-cache]/historical_sources/pbs_structured_archive/au_pbs_structured_fcb035dfc6f839ed.zip,24e7e075a6cc621172eddc97a531794eaafc1c8d31fec6e1f527208b7e2cef39,reimbursement_atlas:au_pbs_structured_2011_09_01_fcb035dfc6f8,Existing local cache retained; use --force to replace it.,zip,2011-09-01-general-schedule-xml.zip,au_pbs_structured_fcb035dfc6f839ed,public_reuse_review,pending_human_review,True,au_pbs,https://www.pbs.gov.au/publication/schedule/2011/09/2011-09-01-general-schedule-xml.zip?variant=3,au_pbs_structured_2011_09_01_fcb035dfc6f8,cached,data/derived/processes/historical_source_transformation.bpmn
https://www.pbs.gov.au/info/publication/schedule/2018,6611001,[ignored-local-raw-cache]/historical_sources/pbs_structured_archive/au_pbs_structured_fcbb3bce42c407c3.zip,1369c01318b161cdfc34ce06843bb0a68840bcb5ef4a4618ebb7dce4754934dd,reimbursement_atlas:au_pbs_structured_2018_12_01_fcbb3bce42c4,Existing local cache retained; use --force to replace it.,zip,2018-12-01-xml-V3.zip,au_pbs_structured_fcbb3bce42c407c3,public_reuse_review,pending_human_review,True,au_pbs,https://www.pbs.gov.au/publication/schedule/2018/12/2018-12-01-xml-V3.zip?variant=3,au_pbs_structured_2018_12_01_fcbb3bce42c4,cached,data/derived/processes/historical_source_transformation.bpmn
https://www.pbs.gov.au/info/publication/schedule/2025,3777369,[ignored-local-raw-cache]/historical_sources/pbs_structured_archive/au_pbs_structured_fd206e2698939141.zip,63e8f4059879c3c5bcfa5332016079af3cecef2768748e6b9fb04fc6a3bf7e1a,reimbursement_atlas:au_pbs_structured_2025_08_01_fd206e269893,Existing local cache retained; use --force to replace it.,zip,2025-08-01-v3extracts.zip,au_pbs_structured_fd206e2698939141,public_reuse_review,pending_human_review,True,au_pbs,https://www.pbs.gov.au/publication/schedule/2025/08/2025-08-01-v3extracts.zip?variant=3,au_pbs_structured_2025_08_01_fd206e269893,cached,data/derived/processes/historical_source_transformation.bpmn
https://www.pbs.gov.au/info/publication/schedule/2009,488714,[ignored-local-raw-cache]/historical_sources/pbs_structured_archive/au_pbs_structured_fd415eaed5ce2c09.zip,3c6b07deffd4eb5f33318dc1f0d197f39f9550c31d5d78e1a17a71547f6c51b7,reimbursement_atlas:au_pbs_structured_2009_08_01_fd415eaed5ce,Existing local cache retained; use --force to replace it.,zip,2009-08-01-general-schedule-ascii.zip,au_pbs_structured_fd415eaed5ce2c09,public_reuse_review,pending_human_review,True,au_pbs,https://www.pbs.gov.au/publication/schedule/2009/2009-08-01-general-schedule-ascii.zip?variant=3,au_pbs_structured_2009_08_01_fd415eaed5ce,cached,data/derived/processes/historical_source_transformation.bpmn
https://www.pbs.gov.au/info/publication/schedule/2014,3054347,[ignored-local-raw-cache]/historical_sources/pbs_structured_archive/au_pbs_structured_fe10bb000f8abe96.zip,6a1e7ee33b8c05e09bf4f0800c4c6c2038203494a1b0f0a8bd9ca12fc77bd07e,reimbursement_atlas:au_pbs_structured_2014_07_01_fe10bb000f8a,Existing local cache retained; use --force to replace it.,zip,2014-07-01-extracts.zip,au_pbs_structured_fe10bb000f8abe96,public_reuse_review,pending_human_review,True,au_pbs,https://www.pbs.gov.au/publication/schedule/2014/07/2014-07-01-extracts.zip?variant=3,au_pbs_structured_2014_07_01_fe10bb000f8a,cached,data/derived/processes/historical_source_transformation.bpmn
https://www.pbs.gov.au/info/publication/schedule/2021,2844301,[ignored-local-raw-cache]/historical_sources/pbs_structured_archive/au_pbs_structured_fedee1b4dc7f395f.zip,bb7c02dd6d0dbb2af409fd673eea42dc077e44c0ec107e014eddedffb079b5de,reimbursement_atlas:au_pbs_structured_2021_04_01_fedee1b4dc7f,Existing local cache retained; use --force to replace it.,zip,2021-04-01-v3extracts.zip,au_pbs_structured_fedee1b4dc7f395f,public_reuse_review,pending_human_review,True,au_pbs,https://www.pbs.gov.au/publication/schedule/2021/04/2021-04-01-v3extracts.zip?variant=3,au_pbs_structured_2021_04_01_fedee1b4dc7f,cached,data/derived/processes/historical_source_transformation.bpmn
https://www.pbs.gov.au/info/publication/schedule/2015,3559128,[ignored-local-raw-cache]/historical_sources/pbs_structured_archive/au_pbs_structured_fef3166663030482.zip,80c0525ef2601bbcf44444ba04812d63ed14808e80dc34070056729bb9598783,reimbursement_atlas:au_pbs_structured_2015_12_01_fef316666303,Existing local cache retained; use --force to replace it.,zip,2015-12-01-extracts.zip,au_pbs_structured_fef3166663030482,public_reuse_review,pending_human_review,True,au_pbs,https://www.pbs.gov.au/publication/schedule/2015/12/2015-12-01-extracts.zip?variant=3,au_pbs_structured_2015_12_01_fef316666303,cached,data/derived/processes/historical_source_transformation.bpmn
https://www.pbs.gov.au/info/publication/schedule/2024,2303054,[ignored-local-raw-cache]/historical_sources/pbs_structured_archive/au_pbs_structured_ff9b14e5eaa43159.zip,31eb3b031490117c19c3615f063421f327568628e06dcecb0f52f21832cfa6f0,reimbursement_atlas:au_pbs_structured_2024_10_01_ff9b14e5eaa4,Existing local cache retained; use --force to replace it.,zip,2024-10-01-v3soextracts.zip,au_pbs_structured_ff9b14e5eaa43159,public_reuse_review,pending_human_review,True,au_pbs,https://www.pbs.gov.au/publication/schedule/2024/10/2024-10-01-v3soextracts.zip?variant=3,au_pbs_structured_2024_10_01_ff9b14e5eaa4,cached,data/derived/processes/historical_source_transformation.bpmn
https://www.pbs.gov.au/info/publication/schedule/2024,9619768,[ignored-local-raw-cache]/historical_sources/pbs_structured_archive/au_pbs_structured_ffe5b288cc842cf1.zip,6d8bea9937b7d298db552edecd7d3c31fd4cdcf8aa68898d7d30f5dee20ffad0,reimbursement_atlas:au_pbs_structured_2024_07_01_ffe5b288cc84,Existing local cache retained; use --force to replace it.,zip,2024-07-01-V2-down-converted.zip,au_pbs_structured_ffe5b288cc842cf1,public_reuse_review,pending_human_review,True,au_pbs,https://www.pbs.gov.au/publication/schedule/2024/07/2024-07-01-V2-down-converted.zip?variant=3,au_pbs_structured_2024_07_01_ffe5b288cc84,cached,data/derived/processes/historical_source_transformation.bpmn
