archive_page,archive_period,download_policy,file_kind,file_name,file_url,id,licence_gate,notes,source_id,source_version_id,status
https://www.pbs.gov.au/info/publication/schedule/2012,2012-10-01,download_for_local_review,pdf,2012-10-01-dental-book.pdf,https://www.pbs.gov.au/publication/schedule/2012/10/2012-10-01-dental-book.pdf?variant=3,au_pbs_archive_0042c4886da1d4a5,public_reuse_review,Official PBS Schedule publication PDF. Suitable for checksum-bound historical citation; not equivalent to a structured API snapshot.,au_pbs,au_pbs_archive_2012_10_01_0042c4886da1,planned
https://www.pbs.gov.au/info/publication/schedule/2011,2011-02-01,download_for_local_review,pdf,2011-02-01-dental-book-SOC.pdf,https://www.pbs.gov.au/publication/schedule/2011/02/2011-02-01-dental-book-SOC.pdf?variant=3,au_pbs_archive_00cf3278cf9d1577,public_reuse_review,Official PBS Schedule publication PDF. Suitable for checksum-bound historical citation; not equivalent to a structured API snapshot.,au_pbs,au_pbs_archive_2011_02_01_00cf3278cf9d,planned
https://www.pbs.gov.au/info/publication/schedule/2020,unknown,download_for_local_review,pdf,updated-pbs-text-files.pdf,https://www.pbs.gov.au/publication/schedule/2020/10/updated-pbs-text-files.pdf?variant=3,au_pbs_archive_00fe61de194c5cf6,public_reuse_review,Official PBS Schedule publication PDF. Suitable for checksum-bound historical citation; not equivalent to a structured API snapshot.,au_pbs,au_pbs_archive_unknown_00fe61de194c,planned
https://www.pbs.gov.au/info/publication/schedule/2023,2023-05-01,download_for_local_review,pdf,2023-05-01-general-schedule-volume-1.pdf,https://www.pbs.gov.au/publication/schedule/2023/05/2023-05-01-general-schedule-volume-1.pdf?variant=3,au_pbs_archive_01275a1d2b1e0f32,public_reuse_review,Official PBS Schedule publication PDF. Suitable for checksum-bound historical citation; not equivalent to a structured API snapshot.,au_pbs,au_pbs_archive_2023_05_01_01275a1d2b1e,planned
https://www.pbs.gov.au/info/publication/schedule/2019,2019-04-01,download_for_local_review,pdf,2019-04-01-general-schedule.pdf,https://www.pbs.gov.au/publication/schedule/2019/04/2019-04-01-general-schedule.pdf?variant=3,au_pbs_archive_01330652d121f688,public_reuse_review,Official PBS Schedule publication PDF. Suitable for checksum-bound historical citation; not equivalent to a structured API snapshot.,au_pbs,au_pbs_archive_2019_04_01_01330652d121,planned
https://www.pbs.gov.au/info/publication/schedule/2008,2008-07-01,download_for_local_review,pdf,2008-07-01-general-schedule-soc.pdf,https://www.pbs.gov.au/publication/schedule/2008/2008-07-01-general-schedule-soc.pdf?variant=3,au_pbs_archive_014ce140a40085cf,public_reuse_review,Official PBS Schedule publication PDF. Suitable for checksum-bound historical citation; not equivalent to a structured API snapshot.,au_pbs,au_pbs_archive_2008_07_01_014ce140a400,planned
https://www.pbs.gov.au/info/publication/schedule/2014,2014-10-01,download_for_local_review,pdf,2014-10-01-efc-schedule.pdf,https://www.pbs.gov.au/publication/schedule/2014/10/2014-10-01-efc-schedule.pdf?variant=3,au_pbs_archive_0244f530276be5e7,public_reuse_review,Official PBS Schedule publication PDF. Suitable for checksum-bound historical citation; not equivalent to a structured API snapshot.,au_pbs,au_pbs_archive_2014_10_01_0244f530276b,planned
https://www.pbs.gov.au/info/publication/schedule/2008,2008-01-01,download_for_local_review,pdf,2008-01-01-general-schedule.pdf,https://www.pbs.gov.au/publication/schedule/2008/2008-01-01-general-schedule.pdf?variant=3,au_pbs_archive_02bedf73d6dc304f,public_reuse_review,Official PBS Schedule publication PDF. Suitable for checksum-bound historical citation; not equivalent to a structured API snapshot.,au_pbs,au_pbs_archive_2008_01_01_02bedf73d6dc,planned
https://www.pbs.gov.au/info/publication/schedule/2013,2013-10-01,download_for_local_review,pdf,2013-10-01-errata.pdf,https://www.pbs.gov.au/publication/schedule/2013/10/2013-10-01-errata.pdf?variant=3,au_pbs_archive_02d2d5fa173e8a04,public_reuse_review,Official PBS Schedule publication PDF. Suitable for checksum-bound historical citation; not equivalent to a structured API snapshot.,au_pbs,au_pbs_archive_2013_10_01_02d2d5fa173e,planned
https://www.pbs.gov.au/info/publication/schedule/2010,2010-12-01,download_for_local_review,pdf,2010-12-01-dental-book-SOC.pdf,https://www.pbs.gov.au/publication/schedule/2010/2010-12-01-dental-book-SOC.pdf?variant=3,au_pbs_archive_02ff51afca816815,public_reuse_review,Official PBS Schedule publication PDF. Suitable for checksum-bound historical citation; not equivalent to a structured API snapshot.,au_pbs,au_pbs_archive_2010_12_01_02ff51afca81,planned
https://www.pbs.gov.au/info/publication/schedule/2025,2025-07-01,download_for_local_review,pdf,2025-07-01-general-soc.pdf,https://www.pbs.gov.au/publication/schedule/2025/07/2025-07-01-general-soc.pdf?variant=3,au_pbs_archive_035c90d6d46b0c92,public_reuse_review,Official PBS Schedule publication PDF. Suitable for checksum-bound historical citation; not equivalent to a structured API snapshot.,au_pbs,au_pbs_archive_2025_07_01_035c90d6d46b,planned
https://www.pbs.gov.au/info/publication/schedule/2020,2020-10-01,download_for_local_review,pdf,2020-10-01-efc-schedule.pdf,https://www.pbs.gov.au/publication/schedule/2020/10/2020-10-01-efc-schedule.pdf?variant=3,au_pbs_archive_046ff993d6219157,public_reuse_review,Official PBS Schedule publication PDF. Suitable for checksum-bound historical citation; not equivalent to a structured API snapshot.,au_pbs,au_pbs_archive_2020_10_01_046ff993d621,planned
https://www.pbs.gov.au/info/publication/schedule/2013,2013-03-01,download_for_local_review,pdf,2013-03-01-general-schedule-SOC.pdf,https://www.pbs.gov.au/publication/schedule/2013/03/2013-03-01-general-schedule-SOC.pdf?variant=3,au_pbs_archive_049fcb15c311ce73,public_reuse_review,Official PBS Schedule publication PDF. Suitable for checksum-bound historical citation; not equivalent to a structured API snapshot.,au_pbs,au_pbs_archive_2013_03_01_049fcb15c311,planned
https://www.pbs.gov.au/info/publication/schedule/2008,2008-02-01,download_for_local_review,pdf,2008-02-01-dental-book.pdf,https://www.pbs.gov.au/publication/schedule/2008/2008-02-01-dental-book.pdf?variant=3,au_pbs_archive_05596bb7d8a6c61b,public_reuse_review,Official PBS Schedule publication PDF. Suitable for checksum-bound historical citation; not equivalent to a structured API snapshot.,au_pbs,au_pbs_archive_2008_02_01_05596bb7d8a6,planned
https://www.pbs.gov.au/info/publication/schedule/2017,2017-07-01,download_for_local_review,pdf,2017-07-01-general-schedule.pdf,https://www.pbs.gov.au/publication/schedule/2017/07/2017-07-01-general-schedule.pdf?variant=3,au_pbs_archive_05d4d0b1e51eb714,public_reuse_review,Official PBS Schedule publication PDF. Suitable for checksum-bound historical citation; not equivalent to a structured API snapshot.,au_pbs,au_pbs_archive_2017_07_01_05d4d0b1e51e,planned
https://www.pbs.gov.au/info/publication/schedule/2007,2007-05-01,download_for_local_review,pdf,2007-05-01-dental-book.pdf,https://www.pbs.gov.au/publication/schedule/2007/2007-05-01-dental-book.pdf?variant=3,au_pbs_archive_05f97e31343575ed,public_reuse_review,Official PBS Schedule publication PDF. Suitable for checksum-bound historical citation; not equivalent to a structured API snapshot.,au_pbs,au_pbs_archive_2007_05_01_05f97e313435,planned
https://www.pbs.gov.au/info/publication/schedule/2013,2013-08-01,download_for_local_review,pdf,2013-08-01-errata.pdf,https://www.pbs.gov.au/publication/schedule/2013/08/2013-08-01-errata.pdf?variant=3,au_pbs_archive_06651ec290a98abc,public_reuse_review,Official PBS Schedule publication PDF. Suitable for checksum-bound historical citation; not equivalent to a structured API snapshot.,au_pbs,au_pbs_archive_2013_08_01_06651ec290a9,planned
https://www.pbs.gov.au/info/publication/schedule/2008,2008-05-01,download_for_local_review,pdf,2008-05-01-dental-book-soc.pdf,https://www.pbs.gov.au/publication/schedule/2008/2008-05-01-dental-book-soc.pdf?variant=3,au_pbs_archive_06e9f60a4d4cbd73,public_reuse_review,Official PBS Schedule publication PDF. Suitable for checksum-bound historical citation; not equivalent to a structured API snapshot.,au_pbs,au_pbs_archive_2008_05_01_06e9f60a4d4c,planned
https://www.pbs.gov.au/info/publication/schedule/2025,2025-04-01,download_for_local_review,pdf,2025-04-01-general-soc.pdf,https://www.pbs.gov.au/publication/schedule/2025/04/2025-04-01-general-soc.pdf?variant=3,au_pbs_archive_0739fc9089ae58a0,public_reuse_review,Official PBS Schedule publication PDF. Suitable for checksum-bound historical citation; not equivalent to a structured API snapshot.,au_pbs,au_pbs_archive_2025_04_01_0739fc9089ae,planned
https://www.pbs.gov.au/info/publication/schedule/2009,2009-10-01,download_for_local_review,pdf,2009-10-01-general-schedule.pdf,https://www.pbs.gov.au/publication/schedule/2009/2009-10-01-general-schedule.pdf?variant=3,au_pbs_archive_0747133c83397f77,public_reuse_review,Official PBS Schedule publication PDF. Suitable for checksum-bound historical citation; not equivalent to a structured API snapshot.,au_pbs,au_pbs_archive_2009_10_01_0747133c8339,planned
https://www.pbs.gov.au/info/publication/schedule/2022,2022-10-01,download_for_local_review,pdf,2022-10-01-general-schedule-volume-2.pdf,https://www.pbs.gov.au/publication/schedule/2022/10/2022-10-01-general-schedule-volume-2.pdf?variant=3,au_pbs_archive_07555f2d05f716a2,public_reuse_review,Official PBS Schedule publication PDF. Suitable for checksum-bound historical citation; not equivalent to a structured API snapshot.,au_pbs,au_pbs_archive_2022_10_01_07555f2d05f7,planned
https://www.pbs.gov.au/info/publication/schedule/2010,2010-12-01,download_for_local_review,pdf,2010-12-01-dental-book.pdf,https://www.pbs.gov.au/publication/schedule/2010/2010-12-01-dental-book.pdf?variant=3,au_pbs_archive_07a316f685c59895,public_reuse_review,Official PBS Schedule publication PDF. Suitable for checksum-bound historical citation; not equivalent to a structured API snapshot.,au_pbs,au_pbs_archive_2010_12_01_07a316f685c5,planned
https://www.pbs.gov.au/info/publication/schedule/2023,2023-10-01,download_for_local_review,pdf,2023-10-01-efc-schedule.pdf,https://www.pbs.gov.au/publication/schedule/2023/10/2023-10-01-efc-schedule.pdf?variant=3,au_pbs_archive_07abe12cb22e7eed,public_reuse_review,Official PBS Schedule publication PDF. Suitable for checksum-bound historical citation; not equivalent to a structured API snapshot.,au_pbs,au_pbs_archive_2023_10_01_07abe12cb22e,planned
https://www.pbs.gov.au/info/publication/schedule/2019,2019-12-01,download_for_local_review,pdf,2019-12-01-general-schedule-volume-1.pdf,https://www.pbs.gov.au/publication/schedule/2019/12/2019-12-01-general-schedule-volume-1.pdf?variant=3,au_pbs_archive_07d37ecec05adde7,public_reuse_review,Official PBS Schedule publication PDF. Suitable for checksum-bound historical citation; not equivalent to a structured API snapshot.,au_pbs,au_pbs_archive_2019_12_01_07d37ecec05a,planned
https://www.pbs.gov.au/info/publication/schedule/2010,2010-06-01,download_for_local_review,pdf,2010-06-01-general-schedule.pdf,https://www.pbs.gov.au/publication/schedule/2010/2010-06-01-general-schedule.pdf?variant=3,au_pbs_archive_081c1624413ac1e3,public_reuse_review,Official PBS Schedule publication PDF. Suitable for checksum-bound historical citation; not equivalent to a structured API snapshot.,au_pbs,au_pbs_archive_2010_06_01_081c1624413a,planned
https://www.pbs.gov.au/info/publication/schedule/2016,2016-07-01,download_for_local_review,pdf,2016-07-01-efc-schedule.pdf,https://www.pbs.gov.au/publication/schedule/2016/07/2016-07-01-efc-schedule.pdf?variant=3,au_pbs_archive_082dd08f48c6265f,public_reuse_review,Official PBS Schedule publication PDF. Suitable for checksum-bound historical citation; not equivalent to a structured API snapshot.,au_pbs,au_pbs_archive_2016_07_01_082dd08f48c6,planned
https://www.pbs.gov.au/info/publication/schedule/2024,2024-04-01,download_for_local_review,pdf,2024-04-01-general-schedule-volume-1.pdf,https://www.pbs.gov.au/publication/schedule/2024/04/2024-04-01-general-schedule-volume-1.pdf?variant=3,au_pbs_archive_0853826f709bc143,public_reuse_review,Official PBS Schedule publication PDF. Suitable for checksum-bound historical citation; not equivalent to a structured API snapshot.,au_pbs,au_pbs_archive_2024_04_01_0853826f709b,planned
https://www.pbs.gov.au/info/publication/schedule/2007,2007-01-01,download_for_local_review,pdf,2007-01-01-general-schedule.pdf,https://www.pbs.gov.au/publication/schedule/2007/2007-01-01-general-schedule.pdf?variant=3,au_pbs_archive_0856cfc867ad3934,public_reuse_review,Official PBS Schedule publication PDF. Suitable for checksum-bound historical citation; not equivalent to a structured API snapshot.,au_pbs,au_pbs_archive_2007_01_01_0856cfc867ad,planned
https://www.pbs.gov.au/info/publication/schedule/2012,2012-12-01,download_for_local_review,pdf,2012-12-01-pbs-general-schedule.pdf,https://www.pbs.gov.au/publication/schedule/2012/12/2012-12-01-pbs-general-schedule.pdf?variant=3,au_pbs_archive_08b037c68a372ab9,public_reuse_review,Official PBS Schedule publication PDF. Suitable for checksum-bound historical citation; not equivalent to a structured API snapshot.,au_pbs,au_pbs_archive_2012_12_01_08b037c68a37,planned
https://www.pbs.gov.au/info/publication/schedule/2008,2008-01-01,download_for_local_review,pdf,2008-01-01-dental-book.pdf,https://www.pbs.gov.au/publication/schedule/2008/2008-01-01-dental-book.pdf?variant=3,au_pbs_archive_092ceaa9ce71dfa4,public_reuse_review,Official PBS Schedule publication PDF. Suitable for checksum-bound historical citation; not equivalent to a structured API snapshot.,au_pbs,au_pbs_archive_2008_01_01_092ceaa9ce71,planned
https://www.pbs.gov.au/info/publication/schedule/2017,2017-05-01,download_for_local_review,pdf,2017-05-01-efc-schedule.pdf,https://www.pbs.gov.au/publication/schedule/2017/05/2017-05-01-efc-schedule.pdf?variant=3,au_pbs_archive_09411e526cbb8b0d,public_reuse_review,Official PBS Schedule publication PDF. Suitable for checksum-bound historical citation; not equivalent to a structured API snapshot.,au_pbs,au_pbs_archive_2017_05_01_09411e526cbb,planned
https://www.pbs.gov.au/info/publication/schedule/2025,2025-02-01,download_for_local_review,pdf,2025-02-01-efc-schedule.pdf,https://www.pbs.gov.au/publication/schedule/2025/02/2025-02-01-efc-schedule.pdf?variant=3,au_pbs_archive_0961ed88612774a4,public_reuse_review,Official PBS Schedule publication PDF. Suitable for checksum-bound historical citation; not equivalent to a structured API snapshot.,au_pbs,au_pbs_archive_2025_02_01_0961ed886127,planned
https://www.pbs.gov.au/info/publication/schedule/2012,2012-01-01,download_for_local_review,pdf,2012-01-01-dental-book-SOC.pdf,https://www.pbs.gov.au/publication/schedule/2012/01/2012-01-01-dental-book-SOC.pdf?variant=3,au_pbs_archive_09a2135f67e3d6a8,public_reuse_review,Official PBS Schedule publication PDF. Suitable for checksum-bound historical citation; not equivalent to a structured API snapshot.,au_pbs,au_pbs_archive_2012_01_01_09a2135f67e3,planned
https://www.pbs.gov.au/info/publication/schedule/2008,2008-05-01,download_for_local_review,pdf,2008-05-01-general-schedule.pdf,https://www.pbs.gov.au/publication/schedule/2008/2008-05-01-general-schedule.pdf?variant=3,au_pbs_archive_09bc99395c6991ac,public_reuse_review,Official PBS Schedule publication PDF. Suitable for checksum-bound historical citation; not equivalent to a structured API snapshot.,au_pbs,au_pbs_archive_2008_05_01_09bc99395c69,planned
https://www.pbs.gov.au/info/publication/schedule/2011,2011-08-01,download_for_local_review,pdf,2011-08-01-chemotherapy-booklet.pdf,https://www.pbs.gov.au/publication/schedule/2011/08/2011-08-01-chemotherapy-booklet.pdf?variant=3,au_pbs_archive_0a203f45e6afdadf,public_reuse_review,Official PBS Schedule publication PDF. Suitable for checksum-bound historical citation; not equivalent to a structured API snapshot.,au_pbs,au_pbs_archive_2011_08_01_0a203f45e6af,planned
https://www.pbs.gov.au/info/publication/schedule/2013,2013-11-01,download_for_local_review,pdf,2013-11-01-efc-schedule-soc.pdf,https://www.pbs.gov.au/publication/schedule/2013/11/2013-11-01-efc-schedule-soc.pdf?variant=3,au_pbs_archive_0a615b932e0ffd4a,public_reuse_review,Official PBS Schedule publication PDF. Suitable for checksum-bound historical citation; not equivalent to a structured API snapshot.,au_pbs,au_pbs_archive_2013_11_01_0a615b932e0f,planned
https://www.pbs.gov.au/info/publication/schedule/2024,2024-12-01,download_for_local_review,pdf,errata-for-2024-12-01.pdf,https://www.pbs.gov.au/publication/schedule/2024/12/errata-for-2024-12-01.pdf?variant=3,au_pbs_archive_0a6e447d36aed784,public_reuse_review,Official PBS Schedule publication PDF. Suitable for checksum-bound historical citation; not equivalent to a structured API snapshot.,au_pbs,au_pbs_archive_2024_12_01_0a6e447d36ae,planned
https://www.pbs.gov.au/info/publication/schedule/2014,2014-03-01,download_for_local_review,pdf,2014-03-01-errata.pdf,https://www.pbs.gov.au/publication/schedule/2014/03/2014-03-01-errata.pdf?variant=3,au_pbs_archive_0a92096d6cce4760,public_reuse_review,Official PBS Schedule publication PDF. Suitable for checksum-bound historical citation; not equivalent to a structured API snapshot.,au_pbs,au_pbs_archive_2014_03_01_0a92096d6cce,planned
https://www.pbs.gov.au/info/publication/schedule/2021,2021-03-01,download_for_local_review,pdf,2021-03-01-efc-schedule.pdf,https://www.pbs.gov.au/publication/schedule/2021/03/2021-03-01-efc-schedule.pdf?variant=3,au_pbs_archive_0aa7a7e9f8e9a002,public_reuse_review,Official PBS Schedule publication PDF. Suitable for checksum-bound historical citation; not equivalent to a structured API snapshot.,au_pbs,au_pbs_archive_2021_03_01_0aa7a7e9f8e9,planned
https://www.pbs.gov.au/info/publication/schedule/2021,2021-08-01,download_for_local_review,pdf,2021-08-01-general-schedule-volume-1.pdf,https://www.pbs.gov.au/publication/schedule/2021/08/2021-08-01-general-schedule-volume-1.pdf?variant=3,au_pbs_archive_0aa9fca224d283d5,public_reuse_review,Official PBS Schedule publication PDF. Suitable for checksum-bound historical citation; not equivalent to a structured API snapshot.,au_pbs,au_pbs_archive_2021_08_01_0aa9fca224d2,planned
https://www.pbs.gov.au/info/publication/schedule/2005,2005-04-01,download_for_local_review,pdf,2005-04-01-general-schedule.pdf,https://www.pbs.gov.au/publication/schedule/2005/2005-04-01-general-schedule.pdf?variant=3,au_pbs_archive_0ad2866305e197bd,public_reuse_review,Official PBS Schedule publication PDF. Suitable for checksum-bound historical citation; not equivalent to a structured API snapshot.,au_pbs,au_pbs_archive_2005_04_01_0ad2866305e1,planned
https://www.pbs.gov.au/info/publication/schedule/2020,2020-06-01,download_for_local_review,pdf,2020-06-01-general-schedule-volume-1.pdf,https://www.pbs.gov.au/publication/schedule/2020/06/2020-06-01-general-schedule-volume-1.pdf?variant=3,au_pbs_archive_0af69f30cb2f2001,public_reuse_review,Official PBS Schedule publication PDF. Suitable for checksum-bound historical citation; not equivalent to a structured API snapshot.,au_pbs,au_pbs_archive_2020_06_01_0af69f30cb2f,planned
https://www.pbs.gov.au/info/publication/schedule/2013,2013-09-01,download_for_local_review,pdf,2013-09-01-general-schedule.pdf,https://www.pbs.gov.au/publication/schedule/2013/09/2013-09-01-general-schedule.pdf?variant=3,au_pbs_archive_0af7b670b35b3d29,public_reuse_review,Official PBS Schedule publication PDF. Suitable for checksum-bound historical citation; not equivalent to a structured API snapshot.,au_pbs,au_pbs_archive_2013_09_01_0af7b670b35b,planned
https://www.pbs.gov.au/info/publication/schedule/2025,2025-12-01,download_for_local_review,pdf,2025-12-01-general-soc.pdf,https://www.pbs.gov.au/publication/schedule/2025/12/2025-12-01-general-soc.pdf?variant=3,au_pbs_archive_0b13f8cf9f6bb9d3,public_reuse_review,Official PBS Schedule publication PDF. Suitable for checksum-bound historical citation; not equivalent to a structured API snapshot.,au_pbs,au_pbs_archive_2025_12_01_0b13f8cf9f6b,planned
https://www.pbs.gov.au/info/publication/schedule/historical-archive,1957-07-01,download_for_local_review,pdf,1957-07-01-PBS-Schedule-Medical-Practitioners.pdf,https://www.pbs.gov.au/publication/schedule/1951-2002/1957-07-01-PBS-Schedule-Medical-Practitioners.pdf?variant=3,au_pbs_archive_0b30e1c6c425222b,public_reuse_review,Official PBS Schedule publication PDF. Suitable for checksum-bound historical citation; not equivalent to a structured API snapshot.,au_pbs,au_pbs_archive_1957_07_01_0b30e1c6c425,planned
https://www.pbs.gov.au/info/publication/schedule/2009,2009-04-01,download_for_local_review,pdf,2009-04-01-dental-book-soc.pdf,https://www.pbs.gov.au/publication/schedule/2009/2009-04-01-dental-book-soc.pdf?variant=3,au_pbs_archive_0b75ef3389b28426,public_reuse_review,Official PBS Schedule publication PDF. Suitable for checksum-bound historical citation; not equivalent to a structured API snapshot.,au_pbs,au_pbs_archive_2009_04_01_0b75ef3389b2,planned
https://www.pbs.gov.au/info/publication/schedule/2010,2010-02-01,download_for_local_review,pdf,2010-02-01-chemotherapy-book.pdf,https://www.pbs.gov.au/publication/schedule/2010/2010-02-01-chemotherapy-book.pdf?variant=3,au_pbs_archive_0bd13913924c958c,public_reuse_review,Official PBS Schedule publication PDF. Suitable for checksum-bound historical citation; not equivalent to a structured API snapshot.,au_pbs,au_pbs_archive_2010_02_01_0bd13913924c,planned
https://www.pbs.gov.au/info/publication/schedule/2025,2025-08-01,download_for_local_review,pdf,2025-08-01-general-soc.pdf,https://www.pbs.gov.au/publication/schedule/2025/08/2025-08-01-general-soc.pdf?variant=3,au_pbs_archive_0c5c833c753dbcc7,public_reuse_review,Official PBS Schedule publication PDF. Suitable for checksum-bound historical citation; not equivalent to a structured API snapshot.,au_pbs,au_pbs_archive_2025_08_01_0c5c833c753d,planned
https://www.pbs.gov.au/info/publication/schedule/2026,2026-06-01,download_for_local_review,pdf,2026-06-01-efc-schedule.pdf,https://www.pbs.gov.au/publication/schedule/2026/06/2026-06-01-efc-schedule.pdf?variant=3,au_pbs_archive_0c84b78b641369e9,public_reuse_review,Official PBS Schedule publication PDF. Suitable for checksum-bound historical citation; not equivalent to a structured API snapshot.,au_pbs,au_pbs_archive_2026_06_01_0c84b78b6413,planned
https://www.pbs.gov.au/info/publication/schedule/2015,2015-01-01,download_for_local_review,pdf,2015-01-01-errata.pdf,https://www.pbs.gov.au/publication/schedule/2015/01/2015-01-01-errata.pdf?variant=3,au_pbs_archive_0cc4ffb99f6a4280,public_reuse_review,Official PBS Schedule publication PDF. Suitable for checksum-bound historical citation; not equivalent to a structured API snapshot.,au_pbs,au_pbs_archive_2015_01_01_0cc4ffb99f6a,planned
https://www.pbs.gov.au/info/publication/schedule/2023,2023-03-01,download_for_local_review,pdf,2023-03-01-general-schedule-volume-1.pdf,https://www.pbs.gov.au/publication/schedule/2023/03/2023-03-01-general-schedule-volume-1.pdf?variant=3,au_pbs_archive_0cd9b99a0e6f65c1,public_reuse_review,Official PBS Schedule publication PDF. Suitable for checksum-bound historical citation; not equivalent to a structured API snapshot.,au_pbs,au_pbs_archive_2023_03_01_0cd9b99a0e6f,planned
https://www.pbs.gov.au/info/publication/schedule/historical-archive,1995-11-01,download_for_local_review,pdf,1995-11-01-PBS-Schedule.pdf,https://www.pbs.gov.au/publication/schedule/1951-2002/1995-11-01-PBS-Schedule.pdf?variant=3,au_pbs_archive_0d0f4b7dea43011c,public_reuse_review,Official PBS Schedule publication PDF. Suitable for checksum-bound historical citation; not equivalent to a structured API snapshot.,au_pbs,au_pbs_archive_1995_11_01_0d0f4b7dea43,planned
https://www.pbs.gov.au/info/publication/schedule/2025,2025-05-01,download_for_local_review,pdf,2025-05-01-general-soc.pdf,https://www.pbs.gov.au/publication/schedule/2025/05/2025-05-01-general-soc.pdf?variant=3,au_pbs_archive_0d5f72348995b3b4,public_reuse_review,Official PBS Schedule publication PDF. Suitable for checksum-bound historical citation; not equivalent to a structured API snapshot.,au_pbs,au_pbs_archive_2025_05_01_0d5f72348995,planned
https://www.pbs.gov.au/info/publication/schedule/2016,2016-02-01,download_for_local_review,pdf,2016-02-01-efc-schedule.pdf,https://www.pbs.gov.au/publication/schedule/2016/02/2016-02-01-efc-schedule.pdf?variant=3,au_pbs_archive_0d697aac11057d87,public_reuse_review,Official PBS Schedule publication PDF. Suitable for checksum-bound historical citation; not equivalent to a structured API snapshot.,au_pbs,au_pbs_archive_2016_02_01_0d697aac1105,planned
https://www.pbs.gov.au/info/publication/schedule/2021,2021-02-01,download_for_local_review,pdf,2021-02-01-general-soc.pdf,https://www.pbs.gov.au/publication/schedule/2021/02/2021-02-01-general-soc.pdf?variant=3,au_pbs_archive_0de7956b42c8546c,public_reuse_review,Official PBS Schedule publication PDF. Suitable for checksum-bound historical citation; not equivalent to a structured API snapshot.,au_pbs,au_pbs_archive_2021_02_01_0de7956b42c8,planned
https://www.pbs.gov.au/info/publication/schedule/2009,2009-06-01,download_for_local_review,pdf,2009-06-01-general-schedule-soc.pdf,https://www.pbs.gov.au/publication/schedule/2009/2009-06-01-general-schedule-soc.pdf?variant=3,au_pbs_archive_0e079a74bc3b2c63,public_reuse_review,Official PBS Schedule publication PDF. Suitable for checksum-bound historical citation; not equivalent to a structured API snapshot.,au_pbs,au_pbs_archive_2009_06_01_0e079a74bc3b,planned
https://www.pbs.gov.au/info/publication/schedule/2025,2025-01-01,download_for_local_review,pdf,2025-01-01-efc-schedule.pdf,https://www.pbs.gov.au/publication/schedule/2025/01/2025-01-01-efc-schedule.pdf?variant=3,au_pbs_archive_0e3c6d3e0e979a20,public_reuse_review,Official PBS Schedule publication PDF. Suitable for checksum-bound historical citation; not equivalent to a structured API snapshot.,au_pbs,au_pbs_archive_2025_01_01_0e3c6d3e0e97,planned
https://www.pbs.gov.au/info/publication/schedule/2019,2019-11-01,download_for_local_review,pdf,2019-11-01-general-soc.pdf,https://www.pbs.gov.au/publication/schedule/2019/11/2019-11-01-general-soc.pdf?variant=3,au_pbs_archive_0e72b97fd671b582,public_reuse_review,Official PBS Schedule publication PDF. Suitable for checksum-bound historical citation; not equivalent to a structured API snapshot.,au_pbs,au_pbs_archive_2019_11_01_0e72b97fd671,planned
https://www.pbs.gov.au/info/publication/schedule/2007,2007-05-01,download_for_local_review,pdf,2007-05-01-general-schedule-soc.pdf,https://www.pbs.gov.au/publication/schedule/2007/2007-05-01-general-schedule-soc.pdf?variant=3,au_pbs_archive_0e7b9b845b8feb95,public_reuse_review,Official PBS Schedule publication PDF. Suitable for checksum-bound historical citation; not equivalent to a structured API snapshot.,au_pbs,au_pbs_archive_2007_05_01_0e7b9b845b8f,planned
https://www.pbs.gov.au/info/publication/schedule/2016,2016-02-01,download_for_local_review,pdf,2016-02-01-general-schedule-soc.pdf,https://www.pbs.gov.au/publication/schedule/2016/02/2016-02-01-general-schedule-soc.pdf?variant=3,au_pbs_archive_0eb106b60d7d6b00,public_reuse_review,Official PBS Schedule publication PDF. Suitable for checksum-bound historical citation; not equivalent to a structured API snapshot.,au_pbs,au_pbs_archive_2016_02_01_0eb106b60d7d,planned
https://www.pbs.gov.au/info/publication/schedule/2013,2013-01-01,download_for_local_review,pdf,2013-01-01-errata-general-schedule.pdf,https://www.pbs.gov.au/publication/schedule/2013/01/2013-01-01-errata-general-schedule.pdf?variant=3,au_pbs_archive_0f60ee726bf7700c,public_reuse_review,Official PBS Schedule publication PDF. Suitable for checksum-bound historical citation; not equivalent to a structured API snapshot.,au_pbs,au_pbs_archive_2013_01_01_0f60ee726bf7,planned
https://www.pbs.gov.au/info/publication/schedule/2012,2012-01-01,download_for_local_review,pdf,2012-01-01-dental-book.pdf,https://www.pbs.gov.au/publication/schedule/2012/01/2012-01-01-dental-book.pdf?variant=3,au_pbs_archive_0faded079bd22a9a,public_reuse_review,Official PBS Schedule publication PDF. Suitable for checksum-bound historical citation; not equivalent to a structured API snapshot.,au_pbs,au_pbs_archive_2012_01_01_0faded079bd2,planned
https://www.pbs.gov.au/info/publication/schedule/2011,2011-06-01,download_for_local_review,pdf,2011-06-01-general-schedule-SOC.pdf,https://www.pbs.gov.au/publication/schedule/2011/06/2011-06-01-general-schedule-SOC.pdf?variant=3,au_pbs_archive_0fed17b13d29d43d,public_reuse_review,Official PBS Schedule publication PDF. Suitable for checksum-bound historical citation; not equivalent to a structured API snapshot.,au_pbs,au_pbs_archive_2011_06_01_0fed17b13d29,planned
https://www.pbs.gov.au/info/publication/schedule/2018,2018-05-01,download_for_local_review,pdf,2018-05-01-efc-schedule.pdf,https://www.pbs.gov.au/publication/schedule/2018/05/2018-05-01-efc-schedule.pdf?variant=3,au_pbs_archive_0fefb4dbe87a8452,public_reuse_review,Official PBS Schedule publication PDF. Suitable for checksum-bound historical citation; not equivalent to a structured API snapshot.,au_pbs,au_pbs_archive_2018_05_01_0fefb4dbe87a,planned
https://www.pbs.gov.au/info/publication/schedule/2012,2012-10-01,download_for_local_review,pdf,2012-10-01-general-schedule.pdf,https://www.pbs.gov.au/publication/schedule/2012/10/2012-10-01-general-schedule.pdf?variant=3,au_pbs_archive_102f4e818a3bea18,public_reuse_review,Official PBS Schedule publication PDF. Suitable for checksum-bound historical citation; not equivalent to a structured API snapshot.,au_pbs,au_pbs_archive_2012_10_01_102f4e818a3b,planned
https://www.pbs.gov.au/info/publication/schedule/2008,2008-09-01,download_for_local_review,pdf,2008-09-01-general-schedule-soc.pdf,https://www.pbs.gov.au/publication/schedule/2008/2008-09-01-general-schedule-soc.pdf?variant=3,au_pbs_archive_10ffb312965e515f,public_reuse_review,Official PBS Schedule publication PDF. Suitable for checksum-bound historical citation; not equivalent to a structured API snapshot.,au_pbs,au_pbs_archive_2008_09_01_10ffb312965e,planned
https://www.pbs.gov.au/info/publication/schedule/2017,2017-09-01,download_for_local_review,pdf,2017-09-01-errata.pdf,https://www.pbs.gov.au/publication/schedule/2017/09/2017-09-01-errata.pdf?variant=3,au_pbs_archive_11050d9ef5b93b05,public_reuse_review,Official PBS Schedule publication PDF. Suitable for checksum-bound historical citation; not equivalent to a structured API snapshot.,au_pbs,au_pbs_archive_2017_09_01_11050d9ef5b9,planned
https://www.pbs.gov.au/info/publication/schedule/2007,2007-09-01,download_for_local_review,pdf,2007-09-01-dental-book.pdf,https://www.pbs.gov.au/publication/schedule/2007/2007-09-01-dental-book.pdf?variant=3,au_pbs_archive_115cdf30f4bd0347,public_reuse_review,Official PBS Schedule publication PDF. Suitable for checksum-bound historical citation; not equivalent to a structured API snapshot.,au_pbs,au_pbs_archive_2007_09_01_115cdf30f4bd,planned
https://www.pbs.gov.au/info/publication/schedule/2015,2015-11-01,download_for_local_review,pdf,2015-11-01-errata.pdf,https://www.pbs.gov.au/publication/schedule/2015/11/2015-11-01-errata.pdf?variant=3,au_pbs_archive_11b4702e3c29e379,public_reuse_review,Official PBS Schedule publication PDF. Suitable for checksum-bound historical citation; not equivalent to a structured API snapshot.,au_pbs,au_pbs_archive_2015_11_01_11b4702e3c29,planned
https://www.pbs.gov.au/info/publication/schedule/2009,2009-05-01,download_for_local_review,pdf,2009-05-01-general-schedule.pdf,https://www.pbs.gov.au/publication/schedule/2009/2009-05-01-general-schedule.pdf?variant=3,au_pbs_archive_122d9ff5faf36278,public_reuse_review,Official PBS Schedule publication PDF. Suitable for checksum-bound historical citation; not equivalent to a structured API snapshot.,au_pbs,au_pbs_archive_2009_05_01_122d9ff5faf3,planned
https://www.pbs.gov.au/info/publication/schedule/2009,2009-07-01,download_for_local_review,pdf,2009-07-01-general-schedule.pdf,https://www.pbs.gov.au/publication/schedule/2009/2009-07-01-general-schedule.pdf?variant=3,au_pbs_archive_126c7b4c047ee468,public_reuse_review,Official PBS Schedule publication PDF. Suitable for checksum-bound historical citation; not equivalent to a structured API snapshot.,au_pbs,au_pbs_archive_2009_07_01_126c7b4c047e,planned
https://www.pbs.gov.au/info/publication/schedule/2024,2024-05-01,download_for_local_review,pdf,2024-05-01-general-soc.pdf,https://www.pbs.gov.au/publication/schedule/2024/05/2024-05-01-general-soc.pdf?variant=3,au_pbs_archive_128ff7b27741f720,public_reuse_review,Official PBS Schedule publication PDF. Suitable for checksum-bound historical citation; not equivalent to a structured API snapshot.,au_pbs,au_pbs_archive_2024_05_01_128ff7b27741,planned
https://www.pbs.gov.au/info/publication/schedule/2020,2020-06-01,download_for_local_review,pdf,2020-06-01-efc-schedule.pdf,https://www.pbs.gov.au/publication/schedule/2020/06/2020-06-01-efc-schedule.pdf?variant=3,au_pbs_archive_12ba6b1b588706ac,public_reuse_review,Official PBS Schedule publication PDF. Suitable for checksum-bound historical citation; not equivalent to a structured API snapshot.,au_pbs,au_pbs_archive_2020_06_01_12ba6b1b5887,planned
https://www.pbs.gov.au/info/publication/schedule/2016,2016-05-01,download_for_local_review,pdf,2016-05-01-general-schedule.pdf,https://www.pbs.gov.au/publication/schedule/2016/05/2016-05-01-general-schedule.pdf?variant=3,au_pbs_archive_12be838c0437bfce,public_reuse_review,Official PBS Schedule publication PDF. Suitable for checksum-bound historical citation; not equivalent to a structured API snapshot.,au_pbs,au_pbs_archive_2016_05_01_12be838c0437,planned
https://www.pbs.gov.au/info/publication/schedule/2012,2012-05-01,download_for_local_review,pdf,2012-05-01-general-schedule-SOC.pdf,https://www.pbs.gov.au/publication/schedule/2012/05/2012-05-01-general-schedule-SOC.pdf?variant=3,au_pbs_archive_12c98ba53776a924,public_reuse_review,Official PBS Schedule publication PDF. Suitable for checksum-bound historical citation; not equivalent to a structured API snapshot.,au_pbs,au_pbs_archive_2012_05_01_12c98ba53776,planned
https://www.pbs.gov.au/info/publication/schedule/2009,2009-01-01,download_for_local_review,pdf,2009-01-01-general-schedule-soc.pdf,https://www.pbs.gov.au/publication/schedule/2009/2009-01-01-general-schedule-soc.pdf?variant=3,au_pbs_archive_12dae6cff93a1dba,public_reuse_review,Official PBS Schedule publication PDF. Suitable for checksum-bound historical citation; not equivalent to a structured API snapshot.,au_pbs,au_pbs_archive_2009_01_01_12dae6cff93a,planned
https://www.pbs.gov.au/info/publication/schedule/2013,2013-04-01,download_for_local_review,pdf,2013-04-01-general-schedule.pdf,https://www.pbs.gov.au/publication/schedule/2013/04/2013-04-01-general-schedule.pdf?variant=3,au_pbs_archive_1334cd9913d40214,public_reuse_review,Official PBS Schedule publication PDF. Suitable for checksum-bound historical citation; not equivalent to a structured API snapshot.,au_pbs,au_pbs_archive_2013_04_01_1334cd9913d4,planned
https://www.pbs.gov.au/info/publication/schedule/2022,2022-03-01,download_for_local_review,pdf,2022-03-01-efc-schedule.pdf,https://www.pbs.gov.au/publication/schedule/2022/03/2022-03-01-efc-schedule.pdf?variant=3,au_pbs_archive_13531e09ec74f966,public_reuse_review,Official PBS Schedule publication PDF. Suitable for checksum-bound historical citation; not equivalent to a structured API snapshot.,au_pbs,au_pbs_archive_2022_03_01_13531e09ec74,planned
https://www.pbs.gov.au/info/publication/schedule/2017,2017-11-01,download_for_local_review,pdf,2017-11-01-general-soc.pdf,https://www.pbs.gov.au/publication/schedule/2017/11/2017-11-01-general-soc.pdf?variant=3,au_pbs_archive_135802cc189bce2d,public_reuse_review,Official PBS Schedule publication PDF. Suitable for checksum-bound historical citation; not equivalent to a structured API snapshot.,au_pbs,au_pbs_archive_2017_11_01_135802cc189b,planned
https://www.pbs.gov.au/info/publication/schedule/2021,2021-07-01,download_for_local_review,pdf,2021-07-01-efc-schedule.pdf,https://www.pbs.gov.au/publication/schedule/2021/07/2021-07-01-efc-schedule.pdf?variant=3,au_pbs_archive_137327658e125dbc,public_reuse_review,Official PBS Schedule publication PDF. Suitable for checksum-bound historical citation; not equivalent to a structured API snapshot.,au_pbs,au_pbs_archive_2021_07_01_137327658e12,planned
https://www.pbs.gov.au/info/publication/schedule/2020,2020-12-01,download_for_local_review,pdf,2020-12-01-general-schedule-volume-1.pdf,https://www.pbs.gov.au/publication/schedule/2020/12/2020-12-01-general-schedule-volume-1.pdf?variant=3,au_pbs_archive_13ab7e20c8378efa,public_reuse_review,Official PBS Schedule publication PDF. Suitable for checksum-bound historical citation; not equivalent to a structured API snapshot.,au_pbs,au_pbs_archive_2020_12_01_13ab7e20c837,planned
https://www.pbs.gov.au/info/publication/schedule/2020,2020-02-01,download_for_local_review,pdf,2020-02-01-general-schedule-volume-2.pdf,https://www.pbs.gov.au/publication/schedule/2020/02/2020-02-01-general-schedule-volume-2.pdf?variant=3,au_pbs_archive_148ef9dc26f0cc48,public_reuse_review,Official PBS Schedule publication PDF. Suitable for checksum-bound historical citation; not equivalent to a structured API snapshot.,au_pbs,au_pbs_archive_2020_02_01_148ef9dc26f0,planned
https://www.pbs.gov.au/info/publication/schedule/2014,2014-02-01,download_for_local_review,pdf,2014-02-01-general-schedule.pdf,https://www.pbs.gov.au/publication/schedule/2014/02/2014-02-01-general-schedule.pdf?variant=3,au_pbs_archive_155d909621cbd582,public_reuse_review,Official PBS Schedule publication PDF. Suitable for checksum-bound historical citation; not equivalent to a structured API snapshot.,au_pbs,au_pbs_archive_2014_02_01_155d909621cb,planned
https://www.pbs.gov.au/info/publication/schedule/2010,2010-09-01,download_for_local_review,pdf,2010-09-01-general-schedule-SOC.pdf,https://www.pbs.gov.au/publication/schedule/2010/2010-09-01-general-schedule-SOC.pdf?variant=3,au_pbs_archive_156533a9c0d77dc3,public_reuse_review,Official PBS Schedule publication PDF. Suitable for checksum-bound historical citation; not equivalent to a structured API snapshot.,au_pbs,au_pbs_archive_2010_09_01_156533a9c0d7,planned
https://www.pbs.gov.au/info/publication/schedule/2018,2018-02-01,download_for_local_review,pdf,2018-02-01-efc-schedule.pdf,https://www.pbs.gov.au/publication/schedule/2018/02/2018-02-01-efc-schedule.pdf?variant=3,au_pbs_archive_15c51b656322b065,public_reuse_review,Official PBS Schedule publication PDF. Suitable for checksum-bound historical citation; not equivalent to a structured API snapshot.,au_pbs,au_pbs_archive_2018_02_01_15c51b656322,planned
https://www.pbs.gov.au/info/publication/schedule/2017,2017-08-01,download_for_local_review,pdf,2017-08-01-efc-schedule.pdf,https://www.pbs.gov.au/publication/schedule/2017/08/2017-08-01-efc-schedule.pdf?variant=3,au_pbs_archive_160b25248c8c41e3,public_reuse_review,Official PBS Schedule publication PDF. Suitable for checksum-bound historical citation; not equivalent to a structured API snapshot.,au_pbs,au_pbs_archive_2017_08_01_160b25248c8c,planned
https://www.pbs.gov.au/info/publication/schedule/2011,2011-05-01,download_for_local_review,pdf,2011-05-01-dental-book.pdf,https://www.pbs.gov.au/publication/schedule/2011/05/2011-05-01-dental-book.pdf?variant=3,au_pbs_archive_1661034bad262679,public_reuse_review,Official PBS Schedule publication PDF. Suitable for checksum-bound historical citation; not equivalent to a structured API snapshot.,au_pbs,au_pbs_archive_2011_05_01_1661034bad26,planned
https://www.pbs.gov.au/info/publication/schedule/2010,2010-02-01,download_for_local_review,pdf,2010-02-01-dental-book-soc.pdf,https://www.pbs.gov.au/publication/schedule/2010/2010-02-01-dental-book-soc.pdf?variant=3,au_pbs_archive_16786fa387db0600,public_reuse_review,Official PBS Schedule publication PDF. Suitable for checksum-bound historical citation; not equivalent to a structured API snapshot.,au_pbs,au_pbs_archive_2010_02_01_16786fa387db,planned
https://www.pbs.gov.au/info/publication/schedule/2025,unknown,download_for_local_review,pdf,Addendum-1-September-2025-Benzathine-benzylpenicillin.pdf,https://www.pbs.gov.au/publication/schedule/2025/09/Addendum-1-September-2025-Benzathine-benzylpenicillin.pdf?variant=3,au_pbs_archive_167de91660aa0bfe,public_reuse_review,Official PBS Schedule publication PDF. Suitable for checksum-bound historical citation; not equivalent to a structured API snapshot.,au_pbs,au_pbs_archive_unknown_167de91660aa,planned
https://www.pbs.gov.au/info/publication/schedule/2008,2008-12-01,download_for_local_review,pdf,2008-12-01-general-schedule-soc.pdf,https://www.pbs.gov.au/publication/schedule/2008/2008-12-01-general-schedule-soc.pdf?variant=3,au_pbs_archive_16864839c46c2faa,public_reuse_review,Official PBS Schedule publication PDF. Suitable for checksum-bound historical citation; not equivalent to a structured API snapshot.,au_pbs,au_pbs_archive_2008_12_01_16864839c46c,planned
https://www.pbs.gov.au/info/publication/schedule/2020,2020-07-01,download_for_local_review,pdf,2020-07-01-general-schedule-volume-1.pdf,https://www.pbs.gov.au/publication/schedule/2020/07/2020-07-01-general-schedule-volume-1.pdf?variant=3,au_pbs_archive_16c063bcf9488884,public_reuse_review,Official PBS Schedule publication PDF. Suitable for checksum-bound historical citation; not equivalent to a structured API snapshot.,au_pbs,au_pbs_archive_2020_07_01_16c063bcf948,planned
https://www.pbs.gov.au/info/publication/schedule/2017,2017-11-01,download_for_local_review,pdf,2017-11-01-efc-schedule.pdf,https://www.pbs.gov.au/publication/schedule/2017/11/2017-11-01-efc-schedule.pdf?variant=3,au_pbs_archive_16c58bfe47de24b3,public_reuse_review,Official PBS Schedule publication PDF. Suitable for checksum-bound historical citation; not equivalent to a structured API snapshot.,au_pbs,au_pbs_archive_2017_11_01_16c58bfe47de,planned
https://www.pbs.gov.au/info/publication/schedule/2025,2025-01-01,download_for_local_review,pdf,2025-01-01-general-soc.pdf,https://www.pbs.gov.au/publication/schedule/2025/01/2025-01-01-general-soc.pdf?variant=3,au_pbs_archive_16d0abd2afcf35ea,public_reuse_review,Official PBS Schedule publication PDF. Suitable for checksum-bound historical citation; not equivalent to a structured API snapshot.,au_pbs,au_pbs_archive_2025_01_01_16d0abd2afcf,planned
https://www.pbs.gov.au/info/publication/schedule/2010,2010-02-01,download_for_local_review,pdf,2010-02-01-general-schedule.pdf,https://www.pbs.gov.au/publication/schedule/2010/2010-02-01-general-schedule.pdf?variant=3,au_pbs_archive_16f13f6a87fe913a,public_reuse_review,Official PBS Schedule publication PDF. Suitable for checksum-bound historical citation; not equivalent to a structured API snapshot.,au_pbs,au_pbs_archive_2010_02_01_16f13f6a87fe,planned
https://www.pbs.gov.au/info/publication/schedule/2008,2008-02-01,download_for_local_review,pdf,2008-02-01-dental-book-soc.pdf,https://www.pbs.gov.au/publication/schedule/2008/2008-02-01-dental-book-soc.pdf?variant=3,au_pbs_archive_16f53fd3af1b2c3b,public_reuse_review,Official PBS Schedule publication PDF. Suitable for checksum-bound historical citation; not equivalent to a structured API snapshot.,au_pbs,au_pbs_archive_2008_02_01_16f53fd3af1b,planned
https://www.pbs.gov.au/info/publication/schedule/2014,2014-07-01,download_for_local_review,pdf,2014-07-01-general-schedule.pdf,https://www.pbs.gov.au/publication/schedule/2014/07/2014-07-01-general-schedule.pdf?variant=3,au_pbs_archive_16f5807a9033f505,public_reuse_review,Official PBS Schedule publication PDF. Suitable for checksum-bound historical citation; not equivalent to a structured API snapshot.,au_pbs,au_pbs_archive_2014_07_01_16f5807a9033,planned
https://www.pbs.gov.au/info/publication/schedule/2016,2016-07-01,download_for_local_review,pdf,2016-07-01-general-soc.pdf,https://www.pbs.gov.au/publication/schedule/2016/07/2016-07-01-general-soc.pdf?variant=3,au_pbs_archive_16ff416cf2e55c62,public_reuse_review,Official PBS Schedule publication PDF. Suitable for checksum-bound historical citation; not equivalent to a structured API snapshot.,au_pbs,au_pbs_archive_2016_07_01_16ff416cf2e5,planned
https://www.pbs.gov.au/info/publication/schedule/2021,2021-02-01,download_for_local_review,pdf,2021-02-01-efc-schedule.pdf,https://www.pbs.gov.au/publication/schedule/2021/02/2021-02-01-efc-schedule.pdf?variant=3,au_pbs_archive_175ab4a966144386,public_reuse_review,Official PBS Schedule publication PDF. Suitable for checksum-bound historical citation; not equivalent to a structured API snapshot.,au_pbs,au_pbs_archive_2021_02_01_175ab4a96614,planned
https://www.pbs.gov.au/info/publication/schedule/2021,2021-09-01,download_for_local_review,pdf,2021-09-01-efc-schedule.pdf,https://www.pbs.gov.au/publication/schedule/2021/09/2021-09-01-efc-schedule.pdf?variant=3,au_pbs_archive_17be7f0bdb71fd57,public_reuse_review,Official PBS Schedule publication PDF. Suitable for checksum-bound historical citation; not equivalent to a structured API snapshot.,au_pbs,au_pbs_archive_2021_09_01_17be7f0bdb71,planned
https://www.pbs.gov.au/info/publication/schedule/2014,2014-09-01,download_for_local_review,pdf,2014-09-01-errata.pdf,https://www.pbs.gov.au/publication/schedule/2014/09/2014-09-01-errata.pdf?variant=3,au_pbs_archive_17ddcf3cc7d0253d,public_reuse_review,Official PBS Schedule publication PDF. Suitable for checksum-bound historical citation; not equivalent to a structured API snapshot.,au_pbs,au_pbs_archive_2014_09_01_17ddcf3cc7d0,planned
https://www.pbs.gov.au/info/publication/schedule/2023,2023-02-01,download_for_local_review,pdf,2023-02-01-efc-schedule.pdf,https://www.pbs.gov.au/publication/schedule/2023/02/2023-02-01-efc-schedule.pdf?variant=3,au_pbs_archive_18188257b68aee88,public_reuse_review,Official PBS Schedule publication PDF. Suitable for checksum-bound historical citation; not equivalent to a structured API snapshot.,au_pbs,au_pbs_archive_2023_02_01_18188257b68a,planned
https://www.pbs.gov.au/info/publication/schedule/historical-archive,1986-11-01,download_for_local_review,pdf,1986-11-01-consolidated-schedules.pdf,https://www.pbs.gov.au/publication/schedule/1951-2002/1986-11-01-consolidated-schedules.pdf?variant=3,au_pbs_archive_182bc4d5df108fcb,public_reuse_review,Official PBS Schedule publication PDF. Suitable for checksum-bound historical citation; not equivalent to a structured API snapshot.,au_pbs,au_pbs_archive_1986_11_01_182bc4d5df10,planned
https://www.pbs.gov.au/info/publication/schedule/2005,2005-12-01,download_for_local_review,pdf,2005-12-01-general-schedule.pdf,https://www.pbs.gov.au/publication/schedule/2005/2005-12-01-general-schedule.pdf?variant=3,au_pbs_archive_187253ec6afd27ec,public_reuse_review,Official PBS Schedule publication PDF. Suitable for checksum-bound historical citation; not equivalent to a structured API snapshot.,au_pbs,au_pbs_archive_2005_12_01_187253ec6afd,planned
https://www.pbs.gov.au/info/publication/schedule/2019,2019-07-01,download_for_local_review,pdf,2019-07-01-general-soc.pdf,https://www.pbs.gov.au/publication/schedule/2019/07/2019-07-01-general-soc.pdf?variant=3,au_pbs_archive_189f3be64f19b174,public_reuse_review,Official PBS Schedule publication PDF. Suitable for checksum-bound historical citation; not equivalent to a structured API snapshot.,au_pbs,au_pbs_archive_2019_07_01_189f3be64f19,planned
https://www.pbs.gov.au/info/publication/schedule/2010,2010-06-01,download_for_local_review,pdf,2010-06-01--chemotherapy-booklet.pdf,https://www.pbs.gov.au/publication/schedule/2010/2010-06-01--chemotherapy-booklet.pdf?variant=3,au_pbs_archive_18b197b90b7dc609,public_reuse_review,Official PBS Schedule publication PDF. Suitable for checksum-bound historical citation; not equivalent to a structured API snapshot.,au_pbs,au_pbs_archive_2010_06_01_18b197b90b7d,planned
https://www.pbs.gov.au/info/publication/schedule/2017,2017-06-01,download_for_local_review,pdf,2017-06-01-efc-schedule.pdf,https://www.pbs.gov.au/publication/schedule/2017/06/2017-06-01-efc-schedule.pdf?variant=3,au_pbs_archive_18c579dbbe48ba3b,public_reuse_review,Official PBS Schedule publication PDF. Suitable for checksum-bound historical citation; not equivalent to a structured API snapshot.,au_pbs,au_pbs_archive_2017_06_01_18c579dbbe48,planned
https://www.pbs.gov.au/info/publication/schedule/2020,2020-04-01,download_for_local_review,pdf,2020-04-01-general-schedule-volume-2.pdf,https://www.pbs.gov.au/publication/schedule/2020/04/2020-04-01-general-schedule-volume-2.pdf?variant=3,au_pbs_archive_190be49469e17f83,public_reuse_review,Official PBS Schedule publication PDF. Suitable for checksum-bound historical citation; not equivalent to a structured API snapshot.,au_pbs,au_pbs_archive_2020_04_01_190be49469e1,planned
https://www.pbs.gov.au/info/publication/schedule/2021,2021-05-01,download_for_local_review,pdf,2021-05-01-general-schedule-volume-2.pdf,https://www.pbs.gov.au/publication/schedule/2021/05/2021-05-01-general-schedule-volume-2.pdf?variant=3,au_pbs_archive_192cbeec289b91bf,public_reuse_review,Official PBS Schedule publication PDF. Suitable for checksum-bound historical citation; not equivalent to a structured API snapshot.,au_pbs,au_pbs_archive_2021_05_01_192cbeec289b,planned
https://www.pbs.gov.au/info/publication/schedule/2022,2022-05-01,download_for_local_review,pdf,2022-05-01-efc-schedule.pdf,https://www.pbs.gov.au/publication/schedule/2022/05/2022-05-01-efc-schedule.pdf?variant=3,au_pbs_archive_19f173de86aa0b2d,public_reuse_review,Official PBS Schedule publication PDF. Suitable for checksum-bound historical citation; not equivalent to a structured API snapshot.,au_pbs,au_pbs_archive_2022_05_01_19f173de86aa,planned
https://www.pbs.gov.au/info/publication/schedule/historical-archive,1963-02-01,download_for_local_review,pdf,1963-02-01-consolidated-schedules.pdf,https://www.pbs.gov.au/publication/schedule/1951-2002/1963-02-01-consolidated-schedules.pdf?variant=3,au_pbs_archive_1a01cc8f5e82214f,public_reuse_review,Official PBS Schedule publication PDF. Suitable for checksum-bound historical citation; not equivalent to a structured API snapshot.,au_pbs,au_pbs_archive_1963_02_01_1a01cc8f5e82,planned
https://www.pbs.gov.au/info/publication/schedule/2008,2008-08-01,download_for_local_review,pdf,2008-08-01-dental-book.pdf,https://www.pbs.gov.au/publication/schedule/2008/2008-08-01-dental-book.pdf?variant=3,au_pbs_archive_1aeb10fffe4ae862,public_reuse_review,Official PBS Schedule publication PDF. Suitable for checksum-bound historical citation; not equivalent to a structured API snapshot.,au_pbs,au_pbs_archive_2008_08_01_1aeb10fffe4a,planned
https://www.pbs.gov.au/info/publication/schedule/2007,2007-09-01,download_for_local_review,pdf,2007-09-01-dental-book-soc.pdf,https://www.pbs.gov.au/publication/schedule/2007/2007-09-01-dental-book-soc.pdf?variant=3,au_pbs_archive_1b5747cbb43947cf,public_reuse_review,Official PBS Schedule publication PDF. Suitable for checksum-bound historical citation; not equivalent to a structured API snapshot.,au_pbs,au_pbs_archive_2007_09_01_1b5747cbb439,planned
https://www.pbs.gov.au/info/publication/schedule/2019,2019-10-01,download_for_local_review,pdf,2019-10-01-general-schedule-volume-1.pdf,https://www.pbs.gov.au/publication/schedule/2019/10/2019-10-01-general-schedule-volume-1.pdf?variant=3,au_pbs_archive_1c71faccc92ed146,public_reuse_review,Official PBS Schedule publication PDF. Suitable for checksum-bound historical citation; not equivalent to a structured API snapshot.,au_pbs,au_pbs_archive_2019_10_01_1c71faccc92e,planned
https://www.pbs.gov.au/info/publication/schedule/2022,2022-04-01,download_for_local_review,pdf,2022-04-01-general-schedule-volume-2.pdf,https://www.pbs.gov.au/publication/schedule/2022/04/2022-04-01-general-schedule-volume-2.pdf?variant=3,au_pbs_archive_1d9c0949bd725c09,public_reuse_review,Official PBS Schedule publication PDF. Suitable for checksum-bound historical citation; not equivalent to a structured API snapshot.,au_pbs,au_pbs_archive_2022_04_01_1d9c0949bd72,planned
https://www.pbs.gov.au/info/publication/schedule/2024,2024-03-01,download_for_local_review,pdf,2024-03-01-general-soc.pdf,https://www.pbs.gov.au/publication/schedule/2024/03/2024-03-01-general-soc.pdf?variant=3,au_pbs_archive_1dc145a61f706389,public_reuse_review,Official PBS Schedule publication PDF. Suitable for checksum-bound historical citation; not equivalent to a structured API snapshot.,au_pbs,au_pbs_archive_2024_03_01_1dc145a61f70,planned
https://www.pbs.gov.au/info/publication/schedule/2020,2020-05-01,download_for_local_review,pdf,2020-05-01-general-soc.pdf,https://www.pbs.gov.au/publication/schedule/2020/05/2020-05-01-general-soc.pdf?variant=3,au_pbs_archive_1de84797200a53c2,public_reuse_review,Official PBS Schedule publication PDF. Suitable for checksum-bound historical citation; not equivalent to a structured API snapshot.,au_pbs,au_pbs_archive_2020_05_01_1de84797200a,planned
https://www.pbs.gov.au/info/publication/schedule/2013,2013-02-01,download_for_local_review,pdf,2013-02-01-addendum.pdf,https://www.pbs.gov.au/publication/schedule/2013/02/2013-02-01-addendum.pdf?variant=3,au_pbs_archive_1df90cd2e590c489,public_reuse_review,Official PBS Schedule publication PDF. Suitable for checksum-bound historical citation; not equivalent to a structured API snapshot.,au_pbs,au_pbs_archive_2013_02_01_1df90cd2e590,planned
https://www.pbs.gov.au/info/publication/schedule/historical-archive,1987-08-01,download_for_local_review,pdf,1987-08-01-PBS-Schedule-Approved-Pharmacists.pdf,https://www.pbs.gov.au/publication/schedule/1951-2002/1987-08-01-PBS-Schedule-Approved-Pharmacists.pdf?variant=3,au_pbs_archive_1ed4be33183de4a1,public_reuse_review,Official PBS Schedule publication PDF. Suitable for checksum-bound historical citation; not equivalent to a structured API snapshot.,au_pbs,au_pbs_archive_1987_08_01_1ed4be33183d,planned
https://www.pbs.gov.au/info/publication/schedule/2026,2026-05-01,download_for_local_review,pdf,2026-05-01-efc-schedule.pdf,https://www.pbs.gov.au/publication/schedule/2026/05/2026-05-01-efc-schedule.pdf?variant=3,au_pbs_archive_1edeb6a87ebfb310,public_reuse_review,Official PBS Schedule publication PDF. Suitable for checksum-bound historical citation; not equivalent to a structured API snapshot.,au_pbs,au_pbs_archive_2026_05_01_1edeb6a87ebf,planned
https://www.pbs.gov.au/info/publication/schedule/2021,2021-09-01,download_for_local_review,pdf,2021-09-01-general-schedule-volume-1.pdf,https://www.pbs.gov.au/publication/schedule/2021/09/2021-09-01-general-schedule-volume-1.pdf?variant=3,au_pbs_archive_1f0dc68bee6267c6,public_reuse_review,Official PBS Schedule publication PDF. Suitable for checksum-bound historical citation; not equivalent to a structured API snapshot.,au_pbs,au_pbs_archive_2021_09_01_1f0dc68bee62,planned
https://www.pbs.gov.au/info/publication/schedule/2013,2013-03-01,download_for_local_review,pdf,2013-03-01-efc-summary-of-changes.pdf,https://www.pbs.gov.au/publication/schedule/2013/03/2013-03-01-efc-summary-of-changes.pdf?variant=3,au_pbs_archive_1f554985f947a471,public_reuse_review,Official PBS Schedule publication PDF. Suitable for checksum-bound historical citation; not equivalent to a structured API snapshot.,au_pbs,au_pbs_archive_2013_03_01_1f554985f947,planned
https://www.pbs.gov.au/info/publication/schedule/2021,2021-11-01,download_for_local_review,pdf,2021-11-01-general-schedule-volume-1.pdf,https://www.pbs.gov.au/publication/schedule/2021/11/2021-11-01-general-schedule-volume-1.pdf?variant=3,au_pbs_archive_1f5f65a52345af8b,public_reuse_review,Official PBS Schedule publication PDF. Suitable for checksum-bound historical citation; not equivalent to a structured API snapshot.,au_pbs,au_pbs_archive_2021_11_01_1f5f65a52345,planned
https://www.pbs.gov.au/info/publication/schedule/2007,2007-01-01,download_for_local_review,pdf,2007-01-01-dental-book-soc.pdf,https://www.pbs.gov.au/publication/schedule/2007/2007-01-01-dental-book-soc.pdf?variant=3,au_pbs_archive_1fd0c04184e74eab,public_reuse_review,Official PBS Schedule publication PDF. Suitable for checksum-bound historical citation; not equivalent to a structured API snapshot.,au_pbs,au_pbs_archive_2007_01_01_1fd0c04184e7,planned
https://www.pbs.gov.au/info/publication/schedule/2010,2010-08-01,download_for_local_review,pdf,2010-08-01-dental-book.pdf,https://www.pbs.gov.au/publication/schedule/2010/2010-08-01-dental-book.pdf?variant=3,au_pbs_archive_20069ea3a960d2a7,public_reuse_review,Official PBS Schedule publication PDF. Suitable for checksum-bound historical citation; not equivalent to a structured API snapshot.,au_pbs,au_pbs_archive_2010_08_01_20069ea3a960,planned
https://www.pbs.gov.au/info/publication/schedule/2019,2019-11-01,download_for_local_review,pdf,2019-11-01-general-schedule-volume-2.pdf,https://www.pbs.gov.au/publication/schedule/2019/11/2019-11-01-general-schedule-volume-2.pdf?variant=3,au_pbs_archive_204c74b119cdc8a6,public_reuse_review,Official PBS Schedule publication PDF. Suitable for checksum-bound historical citation; not equivalent to a structured API snapshot.,au_pbs,au_pbs_archive_2019_11_01_204c74b119cd,planned
https://www.pbs.gov.au/info/publication/schedule/2019,2019-10-01,download_for_local_review,pdf,2019-10-01-general-schedule-volume-2.pdf,https://www.pbs.gov.au/publication/schedule/2019/10/2019-10-01-general-schedule-volume-2.pdf?variant=3,au_pbs_archive_20b4e44bb5be3e7e,public_reuse_review,Official PBS Schedule publication PDF. Suitable for checksum-bound historical citation; not equivalent to a structured API snapshot.,au_pbs,au_pbs_archive_2019_10_01_20b4e44bb5be,planned
https://www.pbs.gov.au/info/publication/schedule/2026,2026-03-01,download_for_local_review,pdf,2026-03-01-general-soc.pdf,https://www.pbs.gov.au/publication/schedule/2026/03/2026-03-01-general-soc.pdf?variant=3,au_pbs_archive_20bb7ae0381209da,public_reuse_review,Official PBS Schedule publication PDF. Suitable for checksum-bound historical citation; not equivalent to a structured API snapshot.,au_pbs,au_pbs_archive_2026_03_01_20bb7ae03812,planned
https://www.pbs.gov.au/info/publication/schedule/2023,2023-07-01,download_for_local_review,pdf,2023-07-01-efc-schedule.pdf,https://www.pbs.gov.au/publication/schedule/2023/07/2023-07-01-efc-schedule.pdf?variant=3,au_pbs_archive_22de13bef3328fcf,public_reuse_review,Official PBS Schedule publication PDF. Suitable for checksum-bound historical citation; not equivalent to a structured API snapshot.,au_pbs,au_pbs_archive_2023_07_01_22de13bef332,planned
https://www.pbs.gov.au/info/publication/schedule/2018,2018-08-01,download_for_local_review,pdf,2018-08-01-general-schedule.pdf,https://www.pbs.gov.au/publication/schedule/2018/08/2018-08-01-general-schedule.pdf?variant=3,au_pbs_archive_231f9eaa6a4dcb93,public_reuse_review,Official PBS Schedule publication PDF. Suitable for checksum-bound historical citation; not equivalent to a structured API snapshot.,au_pbs,au_pbs_archive_2018_08_01_231f9eaa6a4d,planned
https://www.pbs.gov.au/info/publication/schedule/2007,2007-06-01,download_for_local_review,pdf,2007-06-01-general-schedule-soc.pdf,https://www.pbs.gov.au/publication/schedule/2007/2007-06-01-general-schedule-soc.pdf?variant=3,au_pbs_archive_233ec153d299b8e1,public_reuse_review,Official PBS Schedule publication PDF. Suitable for checksum-bound historical citation; not equivalent to a structured API snapshot.,au_pbs,au_pbs_archive_2007_06_01_233ec153d299,planned
https://www.pbs.gov.au/info/publication/schedule/2014,2014-04-01,download_for_local_review,pdf,2014-04-01-general-schedule.pdf,https://www.pbs.gov.au/publication/schedule/2014/04/2014-04-01-general-schedule.pdf?variant=3,au_pbs_archive_234ada1ac508b0ab,public_reuse_review,Official PBS Schedule publication PDF. Suitable for checksum-bound historical citation; not equivalent to a structured API snapshot.,au_pbs,au_pbs_archive_2014_04_01_234ada1ac508,planned
https://www.pbs.gov.au/info/publication/schedule/2018,2018-06-01,download_for_local_review,pdf,2018-06-01-general-schedule.pdf,https://www.pbs.gov.au/publication/schedule/2018/06/2018-06-01-general-schedule.pdf?variant=3,au_pbs_archive_2387363a96d22fa9,public_reuse_review,Official PBS Schedule publication PDF. Suitable for checksum-bound historical citation; not equivalent to a structured API snapshot.,au_pbs,au_pbs_archive_2018_06_01_2387363a96d2,planned
https://www.pbs.gov.au/info/publication/schedule/historical-archive,1996-11-01,download_for_local_review,pdf,1996-11-01-PBS-Schedule.pdf,https://www.pbs.gov.au/publication/schedule/1951-2002/1996-11-01-PBS-Schedule.pdf?variant=3,au_pbs_archive_23bb3c80ebd22513,public_reuse_review,Official PBS Schedule publication PDF. Suitable for checksum-bound historical citation; not equivalent to a structured API snapshot.,au_pbs,au_pbs_archive_1996_11_01_23bb3c80ebd2,planned
https://www.pbs.gov.au/info/publication/schedule/2013,2013-09-01,download_for_local_review,pdf,2013-09-01-general-schedule-soc.pdf,https://www.pbs.gov.au/publication/schedule/2013/09/2013-09-01-general-schedule-soc.pdf?variant=3,au_pbs_archive_23c00d60ae4d02b1,public_reuse_review,Official PBS Schedule publication PDF. Suitable for checksum-bound historical citation; not equivalent to a structured API snapshot.,au_pbs,au_pbs_archive_2013_09_01_23c00d60ae4d,planned
https://www.pbs.gov.au/info/publication/schedule/historical-archive,1999-11-01,download_for_local_review,pdf,1999-11-01-PBS-Schedule.pdf,https://www.pbs.gov.au/publication/schedule/1951-2002/1999-11-01-PBS-Schedule.pdf?variant=3,au_pbs_archive_24597ca350813942,public_reuse_review,Official PBS Schedule publication PDF. Suitable for checksum-bound historical citation; not equivalent to a structured API snapshot.,au_pbs,au_pbs_archive_1999_11_01_24597ca35081,planned
https://www.pbs.gov.au/info/publication/schedule/2015,2015-02-01,download_for_local_review,pdf,2015-02-01-general-schedule.pdf,https://www.pbs.gov.au/publication/schedule/2015/02/2015-02-01-general-schedule.pdf?variant=3,au_pbs_archive_2496d9256ae310db,public_reuse_review,Official PBS Schedule publication PDF. Suitable for checksum-bound historical citation; not equivalent to a structured API snapshot.,au_pbs,au_pbs_archive_2015_02_01_2496d9256ae3,planned
https://www.pbs.gov.au/info/publication/schedule/2014,2014-12-01,download_for_local_review,pdf,2014-12-01-general-schedule.pdf,https://www.pbs.gov.au/publication/schedule/2014/12/2014-12-01-general-schedule.pdf?variant=3,au_pbs_archive_24a73f17cf601ed0,public_reuse_review,Official PBS Schedule publication PDF. Suitable for checksum-bound historical citation; not equivalent to a structured API snapshot.,au_pbs,au_pbs_archive_2014_12_01_24a73f17cf60,planned
https://www.pbs.gov.au/info/publication/schedule/2024,2024-05-01,download_for_local_review,pdf,2024-05-01-general-schedule-volume-2.pdf,https://www.pbs.gov.au/publication/schedule/2024/05/2024-05-01-general-schedule-volume-2.pdf?variant=3,au_pbs_archive_251d724ed00946c8,public_reuse_review,Official PBS Schedule publication PDF. Suitable for checksum-bound historical citation; not equivalent to a structured API snapshot.,au_pbs,au_pbs_archive_2024_05_01_251d724ed009,planned
https://www.pbs.gov.au/info/publication/schedule/2017,2017-02-01,download_for_local_review,pdf,2017-02-01-efc-schedule.pdf,https://www.pbs.gov.au/publication/schedule/2017/02/2017-02-01-efc-schedule.pdf?variant=3,au_pbs_archive_251e21ea324fac29,public_reuse_review,Official PBS Schedule publication PDF. Suitable for checksum-bound historical citation; not equivalent to a structured API snapshot.,au_pbs,au_pbs_archive_2017_02_01_251e21ea324f,planned
https://www.pbs.gov.au/info/publication/schedule/2008,2008-04-01,download_for_local_review,pdf,2008-04-01-dental-book-soc.pdf,https://www.pbs.gov.au/publication/schedule/2008/2008-04-01-dental-book-soc.pdf?variant=3,au_pbs_archive_2617825bfe44fb7b,public_reuse_review,Official PBS Schedule publication PDF. Suitable for checksum-bound historical citation; not equivalent to a structured API snapshot.,au_pbs,au_pbs_archive_2008_04_01_2617825bfe44,planned
https://www.pbs.gov.au/info/publication/schedule/2014,2014-10-01,download_for_local_review,pdf,2014-10-01-general-schedule.pdf,https://www.pbs.gov.au/publication/schedule/2014/10/2014-10-01-general-schedule.pdf?variant=3,au_pbs_archive_2641a2b8dafa4374,public_reuse_review,Official PBS Schedule publication PDF. Suitable for checksum-bound historical citation; not equivalent to a structured API snapshot.,au_pbs,au_pbs_archive_2014_10_01_2641a2b8dafa,planned
https://www.pbs.gov.au/info/publication/schedule/2016,2016-01-01,download_for_local_review,pdf,2016-01-01-errata.pdf,https://www.pbs.gov.au/publication/schedule/2016/01/2016-01-01-errata.pdf?variant=3,au_pbs_archive_264c01f3cbf0a530,public_reuse_review,Official PBS Schedule publication PDF. Suitable for checksum-bound historical citation; not equivalent to a structured API snapshot.,au_pbs,au_pbs_archive_2016_01_01_264c01f3cbf0,planned
https://www.pbs.gov.au/info/publication/schedule/2006,2006-12-01,download_for_local_review,pdf,2006-12-01-general-schedule.pdf,https://www.pbs.gov.au/publication/schedule/2006/2006-12-01-general-schedule.pdf?variant=3,au_pbs_archive_2655ba28f2ef9ba9,public_reuse_review,Official PBS Schedule publication PDF. Suitable for checksum-bound historical citation; not equivalent to a structured API snapshot.,au_pbs,au_pbs_archive_2006_12_01_2655ba28f2ef,planned
https://www.pbs.gov.au/info/publication/schedule/2015,2015-03-01,download_for_local_review,pdf,2015-03-01-efc-schedule.pdf,https://www.pbs.gov.au/publication/schedule/2015/03/2015-03-01-efc-schedule.pdf?variant=3,au_pbs_archive_266d2b5c542c1b0b,public_reuse_review,Official PBS Schedule publication PDF. Suitable for checksum-bound historical citation; not equivalent to a structured API snapshot.,au_pbs,au_pbs_archive_2015_03_01_266d2b5c542c,planned
https://www.pbs.gov.au/info/publication/schedule/2013,2013-09-01,download_for_local_review,pdf,2013-09-01-efc-schedule-soc.pdf,https://www.pbs.gov.au/publication/schedule/2013/09/2013-09-01-efc-schedule-soc.pdf?variant=3,au_pbs_archive_269307b13aa74f79,public_reuse_review,Official PBS Schedule publication PDF. Suitable for checksum-bound historical citation; not equivalent to a structured API snapshot.,au_pbs,au_pbs_archive_2013_09_01_269307b13aa7,planned
https://www.pbs.gov.au/info/publication/schedule/2011,2011-02-01,download_for_local_review,pdf,2011-02-01-chemotherapy-booklet.pdf,https://www.pbs.gov.au/publication/schedule/2011/02/2011-02-01-chemotherapy-booklet.pdf?variant=3,au_pbs_archive_269d3c58482d0a10,public_reuse_review,Official PBS Schedule publication PDF. Suitable for checksum-bound historical citation; not equivalent to a structured API snapshot.,au_pbs,au_pbs_archive_2011_02_01_269d3c58482d,planned
https://www.pbs.gov.au/info/publication/schedule/2023,2023-08-01,download_for_local_review,pdf,2023-08-01-efc-schedule.pdf,https://www.pbs.gov.au/publication/schedule/2023/08/2023-08-01-efc-schedule.pdf?variant=3,au_pbs_archive_26e5fb37b490464a,public_reuse_review,Official PBS Schedule publication PDF. Suitable for checksum-bound historical citation; not equivalent to a structured API snapshot.,au_pbs,au_pbs_archive_2023_08_01_26e5fb37b490,planned
https://www.pbs.gov.au/info/publication/schedule/2004,2004-08-01,download_for_local_review,pdf,2004-08-01-general-schedule.pdf,https://www.pbs.gov.au/publication/schedule/2004/2004-08-01-general-schedule.pdf?variant=3,au_pbs_archive_2703319bfe9c0569,public_reuse_review,Official PBS Schedule publication PDF. Suitable for checksum-bound historical citation; not equivalent to a structured API snapshot.,au_pbs,au_pbs_archive_2004_08_01_2703319bfe9c,planned
https://www.pbs.gov.au/info/publication/schedule/2020,2020-02-01,download_for_local_review,pdf,2020-02-01-general-schedule-volume-1.pdf,https://www.pbs.gov.au/publication/schedule/2020/02/2020-02-01-general-schedule-volume-1.pdf?variant=3,au_pbs_archive_27546457f2cef1ba,public_reuse_review,Official PBS Schedule publication PDF. Suitable for checksum-bound historical citation; not equivalent to a structured API snapshot.,au_pbs,au_pbs_archive_2020_02_01_27546457f2ce,planned
https://www.pbs.gov.au/info/publication/schedule/2015,2015-04-01,download_for_local_review,pdf,2015-04-01-errata.pdf,https://www.pbs.gov.au/publication/schedule/2015/04/2015-04-01-errata.pdf?variant=3,au_pbs_archive_2757d18621704916,public_reuse_review,Official PBS Schedule publication PDF. Suitable for checksum-bound historical citation; not equivalent to a structured API snapshot.,au_pbs,au_pbs_archive_2015_04_01_2757d1862170,planned
https://www.pbs.gov.au/info/publication/schedule/2013,2013-11-01,download_for_local_review,pdf,2013-11-01-errata.pdf,https://www.pbs.gov.au/publication/schedule/2013/11/2013-11-01-errata.pdf?variant=3,au_pbs_archive_2767f01f7c1a96e5,public_reuse_review,Official PBS Schedule publication PDF. Suitable for checksum-bound historical citation; not equivalent to a structured API snapshot.,au_pbs,au_pbs_archive_2013_11_01_2767f01f7c1a,planned
https://www.pbs.gov.au/info/publication/schedule/2007,2007-04-01,download_for_local_review,pdf,2007-04-01-general-schedule.pdf,https://www.pbs.gov.au/publication/schedule/2007/2007-04-01-general-schedule.pdf?variant=3,au_pbs_archive_277305a071bea010,public_reuse_review,Official PBS Schedule publication PDF. Suitable for checksum-bound historical citation; not equivalent to a structured API snapshot.,au_pbs,au_pbs_archive_2007_04_01_277305a071be,planned
https://www.pbs.gov.au/info/publication/schedule/2014,2014-08-01,download_for_local_review,pdf,2014-08-01-errata.pdf,https://www.pbs.gov.au/publication/schedule/2014/08/2014-08-01-errata.pdf?variant=3,au_pbs_archive_27c23b858b0e06d8,public_reuse_review,Official PBS Schedule publication PDF. Suitable for checksum-bound historical citation; not equivalent to a structured API snapshot.,au_pbs,au_pbs_archive_2014_08_01_27c23b858b0e,planned
https://www.pbs.gov.au/info/publication/schedule/2019,2019-03-01,download_for_local_review,pdf,2019-03-01-general-soc.pdf,https://www.pbs.gov.au/publication/schedule/2019/03/2019-03-01-general-soc.pdf?variant=3,au_pbs_archive_27d9f7f6a71eac96,public_reuse_review,Official PBS Schedule publication PDF. Suitable for checksum-bound historical citation; not equivalent to a structured API snapshot.,au_pbs,au_pbs_archive_2019_03_01_27d9f7f6a71e,planned
https://www.pbs.gov.au/info/publication/schedule/2018,2018-02-01,download_for_local_review,pdf,2018-02-01-general-schedule.pdf,https://www.pbs.gov.au/publication/schedule/2018/02/2018-02-01-general-schedule.pdf?variant=3,au_pbs_archive_2864c81387b4808a,public_reuse_review,Official PBS Schedule publication PDF. Suitable for checksum-bound historical citation; not equivalent to a structured API snapshot.,au_pbs,au_pbs_archive_2018_02_01_2864c81387b4,planned
https://www.pbs.gov.au/info/publication/schedule/2024,2024-09-01,download_for_local_review,pdf,2024-09-01-general-soc.pdf,https://www.pbs.gov.au/publication/schedule/2024/09/2024-09-01-general-soc.pdf?variant=3,au_pbs_archive_286535a432e350ee,public_reuse_review,Official PBS Schedule publication PDF. Suitable for checksum-bound historical citation; not equivalent to a structured API snapshot.,au_pbs,au_pbs_archive_2024_09_01_286535a432e3,planned
https://www.pbs.gov.au/info/publication/schedule/2021,2021-07-01,download_for_local_review,pdf,2021-07-01-general-schedule-volume-2.pdf,https://www.pbs.gov.au/publication/schedule/2021/07/2021-07-01-general-schedule-volume-2.pdf?variant=3,au_pbs_archive_28b9684812eb59b2,public_reuse_review,Official PBS Schedule publication PDF. Suitable for checksum-bound historical citation; not equivalent to a structured API snapshot.,au_pbs,au_pbs_archive_2021_07_01_28b9684812eb,planned
https://www.pbs.gov.au/info/publication/schedule/2019,2019-12-01,download_for_local_review,pdf,2019-12-01-general-schedule-volume-2.pdf,https://www.pbs.gov.au/publication/schedule/2019/12/2019-12-01-general-schedule-volume-2.pdf?variant=3,au_pbs_archive_28e8e0da4682e90c,public_reuse_review,Official PBS Schedule publication PDF. Suitable for checksum-bound historical citation; not equivalent to a structured API snapshot.,au_pbs,au_pbs_archive_2019_12_01_28e8e0da4682,planned
https://www.pbs.gov.au/info/publication/schedule/2026,2026-02-01,download_for_local_review,pdf,2026-02-01-general-schedule-volume-2.pdf,https://www.pbs.gov.au/publication/schedule/2026/02/2026-02-01-general-schedule-volume-2.pdf?variant=3,au_pbs_archive_29e17909f6398505,public_reuse_review,Official PBS Schedule publication PDF. Suitable for checksum-bound historical citation; not equivalent to a structured API snapshot.,au_pbs,au_pbs_archive_2026_02_01_29e17909f639,planned
https://www.pbs.gov.au/info/publication/schedule/2016,2016-02-01,download_for_local_review,pdf,2016-02-01-errata.pdf,https://www.pbs.gov.au/publication/schedule/2016/02/2016-02-01-errata.pdf?variant=3,au_pbs_archive_2a0855a8b26753e9,public_reuse_review,Official PBS Schedule publication PDF. Suitable for checksum-bound historical citation; not equivalent to a structured API snapshot.,au_pbs,au_pbs_archive_2016_02_01_2a0855a8b267,planned
https://www.pbs.gov.au/info/publication/schedule/2008,2008-11-01,download_for_local_review,pdf,2008-11-01-general-schedule-soc.pdf,https://www.pbs.gov.au/publication/schedule/2008/2008-11-01-general-schedule-soc.pdf?variant=3,au_pbs_archive_2a788363cbe67cb7,public_reuse_review,Official PBS Schedule publication PDF. Suitable for checksum-bound historical citation; not equivalent to a structured API snapshot.,au_pbs,au_pbs_archive_2008_11_01_2a788363cbe6,planned
https://www.pbs.gov.au/info/publication/schedule/2021,2021-06-01,download_for_local_review,pdf,2021-06-01-general-schedule-volume-1.pdf,https://www.pbs.gov.au/publication/schedule/2021/06/2021-06-01-general-schedule-volume-1.pdf?variant=3,au_pbs_archive_2ab239b41df38a05,public_reuse_review,Official PBS Schedule publication PDF. Suitable for checksum-bound historical citation; not equivalent to a structured API snapshot.,au_pbs,au_pbs_archive_2021_06_01_2ab239b41df3,planned
https://www.pbs.gov.au/info/publication/schedule/2016,2016-03-01,download_for_local_review,pdf,2016-03-01-efc-schedule.pdf,https://www.pbs.gov.au/publication/schedule/2016/03/2016-03-01-efc-schedule.pdf?variant=3,au_pbs_archive_2ad3c0052aeaf1e9,public_reuse_review,Official PBS Schedule publication PDF. Suitable for checksum-bound historical citation; not equivalent to a structured API snapshot.,au_pbs,au_pbs_archive_2016_03_01_2ad3c0052aea,planned
https://www.pbs.gov.au/info/publication/schedule/2024,2024-02-01,download_for_local_review,pdf,2024-02-01-general-volume-2.pdf,https://www.pbs.gov.au/publication/schedule/2024/02/2024-02-01-general-volume-2.pdf?variant=3,au_pbs_archive_2afbaa431c6e8891,public_reuse_review,Official PBS Schedule publication PDF. Suitable for checksum-bound historical citation; not equivalent to a structured API snapshot.,au_pbs,au_pbs_archive_2024_02_01_2afbaa431c6e,planned
https://www.pbs.gov.au/info/publication/schedule/2011,2011-09-01,download_for_local_review,pdf,2011-09-01-general-schedule-SOC.pdf,https://www.pbs.gov.au/publication/schedule/2011/09/2011-09-01-general-schedule-SOC.pdf?variant=3,au_pbs_archive_2b65a8f47f85e4ce,public_reuse_review,Official PBS Schedule publication PDF. Suitable for checksum-bound historical citation; not equivalent to a structured API snapshot.,au_pbs,au_pbs_archive_2011_09_01_2b65a8f47f85,planned
https://www.pbs.gov.au/info/publication/schedule/2013,2013-02-01,download_for_local_review,pdf,2013-02-01-efc-schedule.pdf,https://www.pbs.gov.au/publication/schedule/2013/02/2013-02-01-efc-schedule.pdf?variant=3,au_pbs_archive_2b6dfb2cf2601099,public_reuse_review,Official PBS Schedule publication PDF. Suitable for checksum-bound historical citation; not equivalent to a structured API snapshot.,au_pbs,au_pbs_archive_2013_02_01_2b6dfb2cf260,planned
https://www.pbs.gov.au/info/publication/schedule/2009,2009-12-01,download_for_local_review,pdf,2009-12-01-general-schedule-soc.pdf,https://www.pbs.gov.au/publication/schedule/2009/2009-12-01-general-schedule-soc.pdf?variant=3,au_pbs_archive_2b9c533e6867e84f,public_reuse_review,Official PBS Schedule publication PDF. Suitable for checksum-bound historical citation; not equivalent to a structured API snapshot.,au_pbs,au_pbs_archive_2009_12_01_2b9c533e6867,planned
https://www.pbs.gov.au/info/publication/schedule/2024,2024-01-01,download_for_local_review,pdf,2024-01-01-general-volume-1.pdf,https://www.pbs.gov.au/publication/schedule/2024/01/2024-01-01-general-volume-1.pdf?variant=3,au_pbs_archive_2ba0de36fa4741da,public_reuse_review,Official PBS Schedule publication PDF. Suitable for checksum-bound historical citation; not equivalent to a structured API snapshot.,au_pbs,au_pbs_archive_2024_01_01_2ba0de36fa47,planned
https://www.pbs.gov.au/info/publication/schedule/2011,2011-09-01,download_for_local_review,pdf,2011-09-01-dental-book.pdf,https://www.pbs.gov.au/publication/schedule/2011/09/2011-09-01-dental-book.pdf?variant=3,au_pbs_archive_2c16d060f441e6d4,public_reuse_review,Official PBS Schedule publication PDF. Suitable for checksum-bound historical citation; not equivalent to a structured API snapshot.,au_pbs,au_pbs_archive_2011_09_01_2c16d060f441,planned
https://www.pbs.gov.au/info/publication/schedule/historical-archive,1962-11-01,download_for_local_review,pdf,1962-11-01-consolidated-schedules.pdf,https://www.pbs.gov.au/publication/schedule/1951-2002/1962-11-01-consolidated-schedules.pdf?variant=3,au_pbs_archive_2ce569111ca728ac,public_reuse_review,Official PBS Schedule publication PDF. Suitable for checksum-bound historical citation; not equivalent to a structured API snapshot.,au_pbs,au_pbs_archive_1962_11_01_2ce569111ca7,planned
https://www.pbs.gov.au/info/publication/schedule/2011,2011-04-01,download_for_local_review,pdf,2011-04-01-dental-book-SOC.pdf,https://www.pbs.gov.au/publication/schedule/2011/04/2011-04-01-dental-book-SOC.pdf?variant=3,au_pbs_archive_2d03f7da55fbfad6,public_reuse_review,Official PBS Schedule publication PDF. Suitable for checksum-bound historical citation; not equivalent to a structured API snapshot.,au_pbs,au_pbs_archive_2011_04_01_2d03f7da55fb,planned
https://www.pbs.gov.au/info/publication/schedule/2010,2010-08-01,download_for_local_review,pdf,2010-08-01-HSD-Schedule.pdf,https://www.pbs.gov.au/publication/schedule/2010/2010-08-01-HSD-Schedule.pdf?variant=3,au_pbs_archive_2d1755606a80b26b,public_reuse_review,Official PBS Schedule publication PDF. Suitable for checksum-bound historical citation; not equivalent to a structured API snapshot.,au_pbs,au_pbs_archive_2010_08_01_2d1755606a80,planned
https://www.pbs.gov.au/info/publication/schedule/2020,2020-11-01,download_for_local_review,pdf,2020-11-01-general-schedule-volume-1.pdf,https://www.pbs.gov.au/publication/schedule/2020/11/2020-11-01-general-schedule-volume-1.pdf?variant=3,au_pbs_archive_2d3c47ade2b9e309,public_reuse_review,Official PBS Schedule publication PDF. Suitable for checksum-bound historical citation; not equivalent to a structured API snapshot.,au_pbs,au_pbs_archive_2020_11_01_2d3c47ade2b9,planned
https://www.pbs.gov.au/info/publication/schedule/2013,2013-12-01,download_for_local_review,pdf,2013-12-01-general-schedule.pdf,https://www.pbs.gov.au/publication/schedule/2013/12/2013-12-01-general-schedule.pdf?variant=3,au_pbs_archive_2d5f1732fb065008,public_reuse_review,Official PBS Schedule publication PDF. Suitable for checksum-bound historical citation; not equivalent to a structured API snapshot.,au_pbs,au_pbs_archive_2013_12_01_2d5f1732fb06,planned
https://www.pbs.gov.au/info/publication/schedule/2014,2014-02-01,download_for_local_review,pdf,2014-02-01-errata.pdf,https://www.pbs.gov.au/publication/schedule/2014/02/2014-02-01-errata.pdf?variant=3,au_pbs_archive_2d68a45dea0ab695,public_reuse_review,Official PBS Schedule publication PDF. Suitable for checksum-bound historical citation; not equivalent to a structured API snapshot.,au_pbs,au_pbs_archive_2014_02_01_2d68a45dea0a,planned
https://www.pbs.gov.au/info/publication/schedule/2012,2012-01-01,download_for_local_review,pdf,2012-01-01-efficient-funding-of-chemotherapy.pdf,https://www.pbs.gov.au/publication/schedule/2012/01/2012-01-01-efficient-funding-of-chemotherapy.pdf?variant=3,au_pbs_archive_2d98fb0375eddd0b,public_reuse_review,Official PBS Schedule publication PDF. Suitable for checksum-bound historical citation; not equivalent to a structured API snapshot.,au_pbs,au_pbs_archive_2012_01_01_2d98fb0375ed,planned
https://www.pbs.gov.au/info/publication/schedule/2023,2023-04-01,download_for_local_review,pdf,2023-04-01-Errata.pdf,https://www.pbs.gov.au/publication/schedule/2023/04/2023-04-01-Errata.pdf?variant=3,au_pbs_archive_2f0c3f4056cfc06f,public_reuse_review,Official PBS Schedule publication PDF. Suitable for checksum-bound historical citation; not equivalent to a structured API snapshot.,au_pbs,au_pbs_archive_2023_04_01_2f0c3f4056cf,planned
https://www.pbs.gov.au/info/publication/schedule/2020,2020-03-01,download_for_local_review,pdf,2020-03-01-general-schedule-volume-2.pdf,https://www.pbs.gov.au/publication/schedule/2020/03/2020-03-01-general-schedule-volume-2.pdf?variant=3,au_pbs_archive_2fce8786cf497dfb,public_reuse_review,Official PBS Schedule publication PDF. Suitable for checksum-bound historical citation; not equivalent to a structured API snapshot.,au_pbs,au_pbs_archive_2020_03_01_2fce8786cf49,planned
https://www.pbs.gov.au/info/publication/schedule/2020,2020-08-01,download_for_local_review,pdf,2020-08-01-efc-schedule.pdf,https://www.pbs.gov.au/publication/schedule/2020/08/2020-08-01-efc-schedule.pdf?variant=3,au_pbs_archive_2fdebdc374a872b0,public_reuse_review,Official PBS Schedule publication PDF. Suitable for checksum-bound historical citation; not equivalent to a structured API snapshot.,au_pbs,au_pbs_archive_2020_08_01_2fdebdc374a8,planned
https://www.pbs.gov.au/info/publication/schedule/2009,2009-02-01,download_for_local_review,pdf,2009-02-01-general-schedule.pdf,https://www.pbs.gov.au/publication/schedule/2009/2009-02-01-general-schedule.pdf?variant=3,au_pbs_archive_3045d8f99243a8dd,public_reuse_review,Official PBS Schedule publication PDF. Suitable for checksum-bound historical citation; not equivalent to a structured API snapshot.,au_pbs,au_pbs_archive_2009_02_01_3045d8f99243,planned
https://www.pbs.gov.au/info/publication/schedule/2021,2021-02-01,download_for_local_review,pdf,2021-02-01-general-schedule-volume-1.pdf,https://www.pbs.gov.au/publication/schedule/2021/02/2021-02-01-general-schedule-volume-1.pdf?variant=3,au_pbs_archive_3049a8b4ee646f31,public_reuse_review,Official PBS Schedule publication PDF. Suitable for checksum-bound historical citation; not equivalent to a structured API snapshot.,au_pbs,au_pbs_archive_2021_02_01_3049a8b4ee64,planned
https://www.pbs.gov.au/info/publication/schedule/2020,2020-09-01,download_for_local_review,pdf,2020-09-01-general-schedule-volume-1.pdf,https://www.pbs.gov.au/publication/schedule/2020/09/2020-09-01-general-schedule-volume-1.pdf?variant=3,au_pbs_archive_30b2baadb4a20055,public_reuse_review,Official PBS Schedule publication PDF. Suitable for checksum-bound historical citation; not equivalent to a structured API snapshot.,au_pbs,au_pbs_archive_2020_09_01_30b2baadb4a2,planned
https://www.pbs.gov.au/info/publication/schedule/2023,2023-02-01,download_for_local_review,pdf,2023-02-01-general-schedule-volume-1.pdf,https://www.pbs.gov.au/publication/schedule/2023/02/2023-02-01-general-schedule-volume-1.pdf?variant=3,au_pbs_archive_30cb1dcfceccc6e3,public_reuse_review,Official PBS Schedule publication PDF. Suitable for checksum-bound historical citation; not equivalent to a structured API snapshot.,au_pbs,au_pbs_archive_2023_02_01_30cb1dcfcecc,planned
https://www.pbs.gov.au/info/publication/schedule/2008,2008-10-01,download_for_local_review,pdf,2008-10-01-general-schedule.pdf,https://www.pbs.gov.au/publication/schedule/2008/2008-10-01-general-schedule.pdf?variant=3,au_pbs_archive_30ea85447effb1dd,public_reuse_review,Official PBS Schedule publication PDF. Suitable for checksum-bound historical citation; not equivalent to a structured API snapshot.,au_pbs,au_pbs_archive_2008_10_01_30ea85447eff,planned
https://www.pbs.gov.au/info/publication/schedule/2015,2015-04-01,download_for_local_review,pdf,2015-04-01-general-schedule.pdf,https://www.pbs.gov.au/publication/schedule/2015/04/2015-04-01-general-schedule.pdf?variant=3,au_pbs_archive_31294cb1b5bafdb8,public_reuse_review,Official PBS Schedule publication PDF. Suitable for checksum-bound historical citation; not equivalent to a structured API snapshot.,au_pbs,au_pbs_archive_2015_04_01_31294cb1b5ba,planned
https://www.pbs.gov.au/info/publication/schedule/historical-archive,1994-12-01,download_for_local_review,pdf,1994-12-01-PBS-Schedule.pdf,https://www.pbs.gov.au/publication/schedule/1951-2002/1994-12-01-PBS-Schedule.pdf?variant=3,au_pbs_archive_31cf9b80250fdd13,public_reuse_review,Official PBS Schedule publication PDF. Suitable for checksum-bound historical citation; not equivalent to a structured API snapshot.,au_pbs,au_pbs_archive_1994_12_01_31cf9b80250f,planned
https://www.pbs.gov.au/info/publication/schedule/2019,2019-12-01,download_for_local_review,pdf,2019-12-01-efc-schedule.pdf,https://www.pbs.gov.au/publication/schedule/2019/12/2019-12-01-efc-schedule.pdf?variant=3,au_pbs_archive_327270213a87460b,public_reuse_review,Official PBS Schedule publication PDF. Suitable for checksum-bound historical citation; not equivalent to a structured API snapshot.,au_pbs,au_pbs_archive_2019_12_01_327270213a87,planned
https://www.pbs.gov.au/info/publication/schedule/2019,2019-07-01,download_for_local_review,pdf,2019-07-01-section100-volume-2.pdf,https://www.pbs.gov.au/publication/schedule/2019/07/2019-07-01-section100-volume-2.pdf?variant=3,au_pbs_archive_3389088fb5886dc9,public_reuse_review,Official PBS Schedule publication PDF. Suitable for checksum-bound historical citation; not equivalent to a structured API snapshot.,au_pbs,au_pbs_archive_2019_07_01_3389088fb588,planned
https://www.pbs.gov.au/info/publication/schedule/historical-archive,1956-06-01,download_for_local_review,pdf,1956-06-01-PBS-Schedule-Medical-Practitioners.pdf,https://www.pbs.gov.au/publication/schedule/1951-2002/1956-06-01-PBS-Schedule-Medical-Practitioners.pdf?variant=3,au_pbs_archive_345ed652ca26f25e,public_reuse_review,Official PBS Schedule publication PDF. Suitable for checksum-bound historical citation; not equivalent to a structured API snapshot.,au_pbs,au_pbs_archive_1956_06_01_345ed652ca26,planned
https://www.pbs.gov.au/info/publication/schedule/2021,2021-06-01,download_for_local_review,pdf,2021-06-01-general-schedule-volume-2.pdf,https://www.pbs.gov.au/publication/schedule/2021/06/2021-06-01-general-schedule-volume-2.pdf?variant=3,au_pbs_archive_34c0af89316f7ed2,public_reuse_review,Official PBS Schedule publication PDF. Suitable for checksum-bound historical citation; not equivalent to a structured API snapshot.,au_pbs,au_pbs_archive_2021_06_01_34c0af89316f,planned
https://www.pbs.gov.au/info/publication/schedule/2011,2011-05-01,download_for_local_review,pdf,2011-05-01-dental-book-SOC.pdf,https://www.pbs.gov.au/publication/schedule/2011/05/2011-05-01-dental-book-SOC.pdf?variant=3,au_pbs_archive_350cdd4a451ca8aa,public_reuse_review,Official PBS Schedule publication PDF. Suitable for checksum-bound historical citation; not equivalent to a structured API snapshot.,au_pbs,au_pbs_archive_2011_05_01_350cdd4a451c,planned
https://www.pbs.gov.au/info/publication/schedule/2014,2014-07-01,download_for_local_review,pdf,2014-07-01-errata.pdf,https://www.pbs.gov.au/publication/schedule/2014/07/2014-07-01-errata.pdf?variant=3,au_pbs_archive_351788b5d9e025fd,public_reuse_review,Official PBS Schedule publication PDF. Suitable for checksum-bound historical citation; not equivalent to a structured API snapshot.,au_pbs,au_pbs_archive_2014_07_01_351788b5d9e0,planned
https://www.pbs.gov.au/info/publication/schedule/2014,2014-03-01,download_for_local_review,pdf,2014-03-01-general-schedule-soc.pdf,https://www.pbs.gov.au/publication/schedule/2014/03/2014-03-01-general-schedule-soc.pdf?variant=3,au_pbs_archive_35b531d3af083d53,public_reuse_review,Official PBS Schedule publication PDF. Suitable for checksum-bound historical citation; not equivalent to a structured API snapshot.,au_pbs,au_pbs_archive_2014_03_01_35b531d3af08,planned
https://www.pbs.gov.au/info/publication/schedule/2019,2019-04-01,download_for_local_review,pdf,2019-04-01-efc-schedule.pdf,https://www.pbs.gov.au/publication/schedule/2019/04/2019-04-01-efc-schedule.pdf?variant=3,au_pbs_archive_35bdd9700d8200c6,public_reuse_review,Official PBS Schedule publication PDF. Suitable for checksum-bound historical citation; not equivalent to a structured API snapshot.,au_pbs,au_pbs_archive_2019_04_01_35bdd9700d82,planned
https://www.pbs.gov.au/info/publication/schedule/2019,2019-11-01,download_for_local_review,pdf,2019-11-01-efc-schedule.pdf,https://www.pbs.gov.au/publication/schedule/2019/11/2019-11-01-efc-schedule.pdf?variant=3,au_pbs_archive_35f4ee60091d0c7b,public_reuse_review,Official PBS Schedule publication PDF. Suitable for checksum-bound historical citation; not equivalent to a structured API snapshot.,au_pbs,au_pbs_archive_2019_11_01_35f4ee60091d,planned
https://www.pbs.gov.au/info/publication/schedule/2020,2020-10-01,download_for_local_review,pdf,2020-10-01-general-schedule-volume-2.pdf,https://www.pbs.gov.au/publication/schedule/2020/10/2020-10-01-general-schedule-volume-2.pdf?variant=3,au_pbs_archive_3646402790e4327f,public_reuse_review,Official PBS Schedule publication PDF. Suitable for checksum-bound historical citation; not equivalent to a structured API snapshot.,au_pbs,au_pbs_archive_2020_10_01_3646402790e4,planned
https://www.pbs.gov.au/info/publication/schedule/historical-archive,1985-12-01,download_for_local_review,pdf,1985-12-01-consolidated-schedules.pdf,https://www.pbs.gov.au/publication/schedule/1951-2002/1985-12-01-consolidated-schedules.pdf?variant=3,au_pbs_archive_364889789397fad0,public_reuse_review,Official PBS Schedule publication PDF. Suitable for checksum-bound historical citation; not equivalent to a structured API snapshot.,au_pbs,au_pbs_archive_1985_12_01_364889789397,planned
https://www.pbs.gov.au/info/publication/schedule/2010,2010-09-01,download_for_local_review,pdf,2010-09-01-general-schedule.pdf,https://www.pbs.gov.au/publication/schedule/2010/2010-09-01-general-schedule.pdf?variant=3,au_pbs_archive_369b07e2c8e87177,public_reuse_review,Official PBS Schedule publication PDF. Suitable for checksum-bound historical citation; not equivalent to a structured API snapshot.,au_pbs,au_pbs_archive_2010_09_01_369b07e2c8e8,planned
https://www.pbs.gov.au/info/publication/schedule/2014,2014-10-01,download_for_local_review,pdf,2014-10-01-errata.pdf,https://www.pbs.gov.au/publication/schedule/2014/10/2014-10-01-errata.pdf?variant=3,au_pbs_archive_36c9ba6ea8078ee4,public_reuse_review,Official PBS Schedule publication PDF. Suitable for checksum-bound historical citation; not equivalent to a structured API snapshot.,au_pbs,au_pbs_archive_2014_10_01_36c9ba6ea807,planned
https://www.pbs.gov.au/info/publication/schedule/2008,2008-06-01,download_for_local_review,pdf,2008-06-01-general-schedule-soc.pdf,https://www.pbs.gov.au/publication/schedule/2008/2008-06-01-general-schedule-soc.pdf?variant=3,au_pbs_archive_3723e42826c656b3,public_reuse_review,Official PBS Schedule publication PDF. Suitable for checksum-bound historical citation; not equivalent to a structured API snapshot.,au_pbs,au_pbs_archive_2008_06_01_3723e42826c6,planned
https://www.pbs.gov.au/info/publication/schedule/2016,2016-12-01,download_for_local_review,pdf,2016-12-01-general-schedule.pdf,https://www.pbs.gov.au/publication/schedule/2016/12/2016-12-01-general-schedule.pdf?variant=3,au_pbs_archive_3738e5454957310c,public_reuse_review,Official PBS Schedule publication PDF. Suitable for checksum-bound historical citation; not equivalent to a structured API snapshot.,au_pbs,au_pbs_archive_2016_12_01_3738e5454957,planned
https://www.pbs.gov.au/info/publication/schedule/2010,2010-12-01,download_for_local_review,pdf,2010-12-01-general-schedule.pdf,https://www.pbs.gov.au/publication/schedule/2010/2010-12-01-general-schedule.pdf?variant=3,au_pbs_archive_373eeb3fb58ea2aa,public_reuse_review,Official PBS Schedule publication PDF. Suitable for checksum-bound historical citation; not equivalent to a structured API snapshot.,au_pbs,au_pbs_archive_2010_12_01_373eeb3fb58e,planned
https://www.pbs.gov.au/info/publication/schedule/2014,2014-06-01,download_for_local_review,pdf,2014-06-01-efc-schedule.pdf,https://www.pbs.gov.au/publication/schedule/2014/06/2014-06-01-efc-schedule.pdf?variant=3,au_pbs_archive_374997b6e7adbca3,public_reuse_review,Official PBS Schedule publication PDF. Suitable for checksum-bound historical citation; not equivalent to a structured API snapshot.,au_pbs,au_pbs_archive_2014_06_01_374997b6e7ad,planned
https://www.pbs.gov.au/info/publication/schedule/2015,2015-11-01,download_for_local_review,pdf,2015-11-01-general-schedule.pdf,https://www.pbs.gov.au/publication/schedule/2015/11/2015-11-01-general-schedule.pdf?variant=3,au_pbs_archive_379aae37a65a85ef,public_reuse_review,Official PBS Schedule publication PDF. Suitable for checksum-bound historical citation; not equivalent to a structured API snapshot.,au_pbs,au_pbs_archive_2015_11_01_379aae37a65a,planned
https://www.pbs.gov.au/info/publication/schedule/2007,2007-05-01,download_for_local_review,pdf,2007-05-01-dental-book-soc.pdf,https://www.pbs.gov.au/publication/schedule/2007/2007-05-01-dental-book-soc.pdf?variant=3,au_pbs_archive_37c8b425034312e7,public_reuse_review,Official PBS Schedule publication PDF. Suitable for checksum-bound historical citation; not equivalent to a structured API snapshot.,au_pbs,au_pbs_archive_2007_05_01_37c8b4250343,planned
https://www.pbs.gov.au/info/publication/schedule/2010,2010-02-01,download_for_local_review,pdf,2010-02-01-dental-book.pdf,https://www.pbs.gov.au/publication/schedule/2010/2010-02-01-dental-book.pdf?variant=3,au_pbs_archive_37cc2a1a2754b23f,public_reuse_review,Official PBS Schedule publication PDF. Suitable for checksum-bound historical citation; not equivalent to a structured API snapshot.,au_pbs,au_pbs_archive_2010_02_01_37cc2a1a2754,planned
https://www.pbs.gov.au/info/publication/schedule/2009,2009-12-01,download_for_local_review,pdf,2009-12-01-chemotherapy-book.pdf,https://www.pbs.gov.au/publication/schedule/2009/2009-12-01-chemotherapy-book.pdf?variant=3,au_pbs_archive_383281cf1488ab10,public_reuse_review,Official PBS Schedule publication PDF. Suitable for checksum-bound historical citation; not equivalent to a structured API snapshot.,au_pbs,au_pbs_archive_2009_12_01_383281cf1488,planned
https://www.pbs.gov.au/info/publication/schedule/2015,2015-01-01,download_for_local_review,pdf,2015-01-01-general-schedule-soc.pdf,https://www.pbs.gov.au/publication/schedule/2015/01/2015-01-01-general-schedule-soc.pdf?variant=3,au_pbs_archive_388582375f6fc891,public_reuse_review,Official PBS Schedule publication PDF. Suitable for checksum-bound historical citation; not equivalent to a structured API snapshot.,au_pbs,au_pbs_archive_2015_01_01_388582375f6f,planned
https://www.pbs.gov.au/info/publication/schedule/2011,2011-01-01,download_for_local_review,pdf,2011-01-01-dental-book-SOC.pdf,https://www.pbs.gov.au/publication/schedule/2011/01/2011-01-01-dental-book-SOC.pdf?variant=3,au_pbs_archive_388e5dfedd1f8912,public_reuse_review,Official PBS Schedule publication PDF. Suitable for checksum-bound historical citation; not equivalent to a structured API snapshot.,au_pbs,au_pbs_archive_2011_01_01_388e5dfedd1f,planned
https://www.pbs.gov.au/info/publication/schedule/2024,2024-07-01,download_for_local_review,pdf,2024-07-01-general-schedule-volume-2.pdf,https://www.pbs.gov.au/publication/schedule/2024/07/2024-07-01-general-schedule-volume-2.pdf?variant=3,au_pbs_archive_38b1258a932014e9,public_reuse_review,Official PBS Schedule publication PDF. Suitable for checksum-bound historical citation; not equivalent to a structured API snapshot.,au_pbs,au_pbs_archive_2024_07_01_38b1258a9320,planned
https://www.pbs.gov.au/info/publication/schedule/2016,2016-01-01,download_for_local_review,pdf,2016-01-01-efc-schedule.pdf,https://www.pbs.gov.au/publication/schedule/2016/01/2016-01-01-efc-schedule.pdf?variant=3,au_pbs_archive_38eb612aed3c141b,public_reuse_review,Official PBS Schedule publication PDF. Suitable for checksum-bound historical citation; not equivalent to a structured API snapshot.,au_pbs,au_pbs_archive_2016_01_01_38eb612aed3c,planned
https://www.pbs.gov.au/info/publication/schedule/2015,2015-08-01,download_for_local_review,pdf,2015-08-01-efc-schedule.pdf,https://www.pbs.gov.au/publication/schedule/2015/08/2015-08-01-efc-schedule.pdf?variant=3,au_pbs_archive_3991b9d87d8a267f,public_reuse_review,Official PBS Schedule publication PDF. Suitable for checksum-bound historical citation; not equivalent to a structured API snapshot.,au_pbs,au_pbs_archive_2015_08_01_3991b9d87d8a,planned
https://www.pbs.gov.au/info/publication/schedule/2008,2008-01-01,download_for_local_review,pdf,2008-01-01-dental-book-soc.pdf,https://www.pbs.gov.au/publication/schedule/2008/2008-01-01-dental-book-soc.pdf?variant=3,au_pbs_archive_39acacb81d8d2946,public_reuse_review,Official PBS Schedule publication PDF. Suitable for checksum-bound historical citation; not equivalent to a structured API snapshot.,au_pbs,au_pbs_archive_2008_01_01_39acacb81d8d,planned
https://www.pbs.gov.au/info/publication/schedule/2015,2015-09-01,download_for_local_review,pdf,2015-09-01-general-schedule.pdf,https://www.pbs.gov.au/publication/schedule/2015/09/2015-09-01-general-schedule.pdf?variant=3,au_pbs_archive_39baaa55fa11a451,public_reuse_review,Official PBS Schedule publication PDF. Suitable for checksum-bound historical citation; not equivalent to a structured API snapshot.,au_pbs,au_pbs_archive_2015_09_01_39baaa55fa11,planned
https://www.pbs.gov.au/info/publication/schedule/2014,2014-11-01,download_for_local_review,pdf,2014-11-01-efc-schedule.pdf,https://www.pbs.gov.au/publication/schedule/2014/11/2014-11-01-efc-schedule.pdf?variant=3,au_pbs_archive_3a04db1cf7e8ce1b,public_reuse_review,Official PBS Schedule publication PDF. Suitable for checksum-bound historical citation; not equivalent to a structured API snapshot.,au_pbs,au_pbs_archive_2014_11_01_3a04db1cf7e8,planned
https://www.pbs.gov.au/info/publication/schedule/2008,2008-06-01,download_for_local_review,pdf,2008-06-01-dental-book.pdf,https://www.pbs.gov.au/publication/schedule/2008/2008-06-01-dental-book.pdf?variant=3,au_pbs_archive_3a0b5da2e92966d4,public_reuse_review,Official PBS Schedule publication PDF. Suitable for checksum-bound historical citation; not equivalent to a structured API snapshot.,au_pbs,au_pbs_archive_2008_06_01_3a0b5da2e929,planned
https://www.pbs.gov.au/info/publication/schedule/historical-archive,1990-12-01,download_for_local_review,pdf,1990-12-01-consolidated-schedules.pdf,https://www.pbs.gov.au/publication/schedule/1951-2002/1990-12-01-consolidated-schedules.pdf?variant=3,au_pbs_archive_3a1f7556a9abb8c7,public_reuse_review,Official PBS Schedule publication PDF. Suitable for checksum-bound historical citation; not equivalent to a structured API snapshot.,au_pbs,au_pbs_archive_1990_12_01_3a1f7556a9ab,planned
https://www.pbs.gov.au/info/publication/schedule/2022,2022-05-01,download_for_local_review,pdf,2022-05-01-general-schedule-volume-1.pdf,https://www.pbs.gov.au/publication/schedule/2022/05/2022-05-01-general-schedule-volume-1.pdf?variant=3,au_pbs_archive_3a2036636c1aff2f,public_reuse_review,Official PBS Schedule publication PDF. Suitable for checksum-bound historical citation; not equivalent to a structured API snapshot.,au_pbs,au_pbs_archive_2022_05_01_3a2036636c1a,planned
https://www.pbs.gov.au/info/publication/schedule/2018,2018-04-01,download_for_local_review,pdf,2018-04-01-general-schedule.pdf,https://www.pbs.gov.au/publication/schedule/2018/04/2018-04-01-general-schedule.pdf?variant=3,au_pbs_archive_3a32a896da2129a4,public_reuse_review,Official PBS Schedule publication PDF. Suitable for checksum-bound historical citation; not equivalent to a structured API snapshot.,au_pbs,au_pbs_archive_2018_04_01_3a32a896da21,planned
https://www.pbs.gov.au/info/publication/schedule/2010,2010-08-01,download_for_local_review,pdf,2010-08-01-general-schedule-SOC.pdf,https://www.pbs.gov.au/publication/schedule/2010/2010-08-01-general-schedule-SOC.pdf?variant=3,au_pbs_archive_3a85edc4b517bb95,public_reuse_review,Official PBS Schedule publication PDF. Suitable for checksum-bound historical citation; not equivalent to a structured API snapshot.,au_pbs,au_pbs_archive_2010_08_01_3a85edc4b517,planned
https://www.pbs.gov.au/info/publication/schedule/2014,2014-05-01,download_for_local_review,pdf,2014-05-01-efc-schedule.pdf,https://www.pbs.gov.au/publication/schedule/2014/05/2014-05-01-efc-schedule.pdf?variant=3,au_pbs_archive_3adcc516502bd491,public_reuse_review,Official PBS Schedule publication PDF. Suitable for checksum-bound historical citation; not equivalent to a structured API snapshot.,au_pbs,au_pbs_archive_2014_05_01_3adcc516502b,planned
https://www.pbs.gov.au/info/publication/schedule/historical-archive,1988-12-01,download_for_local_review,pdf,1988-12-01-consolidated-schedules.pdf,https://www.pbs.gov.au/publication/schedule/1951-2002/1988-12-01-consolidated-schedules.pdf?variant=3,au_pbs_archive_3aea7d8c21b99405,public_reuse_review,Official PBS Schedule publication PDF. Suitable for checksum-bound historical citation; not equivalent to a structured API snapshot.,au_pbs,au_pbs_archive_1988_12_01_3aea7d8c21b9,planned
https://www.pbs.gov.au/info/publication/schedule/2014,2014-05-01,download_for_local_review,pdf,2014-05-01-general-schedule-soc.pdf,https://www.pbs.gov.au/publication/schedule/2014/05/2014-05-01-general-schedule-soc.pdf?variant=3,au_pbs_archive_3af0c40830eb7abd,public_reuse_review,Official PBS Schedule publication PDF. Suitable for checksum-bound historical citation; not equivalent to a structured API snapshot.,au_pbs,au_pbs_archive_2014_05_01_3af0c40830eb,planned
https://www.pbs.gov.au/info/publication/schedule/2009,2009-05-01,download_for_local_review,pdf,2009-05-01-dental-book.pdf,https://www.pbs.gov.au/publication/schedule/2009/2009-05-01-dental-book.pdf?variant=3,au_pbs_archive_3af92a6101659779,public_reuse_review,Official PBS Schedule publication PDF. Suitable for checksum-bound historical citation; not equivalent to a structured API snapshot.,au_pbs,au_pbs_archive_2009_05_01_3af92a610165,planned
https://www.pbs.gov.au/info/publication/schedule/2018,2018-12-01,download_for_local_review,pdf,2018-12-01-efc-schedule.pdf,https://www.pbs.gov.au/publication/schedule/2018/12/2018-12-01-efc-schedule.pdf?variant=3,au_pbs_archive_3be998784dd5f6ec,public_reuse_review,Official PBS Schedule publication PDF. Suitable for checksum-bound historical citation; not equivalent to a structured API snapshot.,au_pbs,au_pbs_archive_2018_12_01_3be998784dd5,planned
https://www.pbs.gov.au/info/publication/schedule/2021,2021-03-01,download_for_local_review,pdf,2021-03-01-general-schedule-volume-2.pdf,https://www.pbs.gov.au/publication/schedule/2021/03/2021-03-01-general-schedule-volume-2.pdf?variant=3,au_pbs_archive_3ce5c43b6f76b0c3,public_reuse_review,Official PBS Schedule publication PDF. Suitable for checksum-bound historical citation; not equivalent to a structured API snapshot.,au_pbs,au_pbs_archive_2021_03_01_3ce5c43b6f76,planned
https://www.pbs.gov.au/info/publication/schedule/2024,2024-08-01,download_for_local_review,pdf,2024-08-01-general-schedule-volume-2.pdf,https://www.pbs.gov.au/publication/schedule/2024/08/2024-08-01-general-schedule-volume-2.pdf?variant=3,au_pbs_archive_3d44dc13ad63e130,public_reuse_review,Official PBS Schedule publication PDF. Suitable for checksum-bound historical citation; not equivalent to a structured API snapshot.,au_pbs,au_pbs_archive_2024_08_01_3d44dc13ad63,planned
https://www.pbs.gov.au/info/publication/schedule/2012,2012-05-01,download_for_local_review,pdf,2012-05-01-dental-book.pdf,https://www.pbs.gov.au/publication/schedule/2012/05/2012-05-01-dental-book.pdf?variant=3,au_pbs_archive_3d7350793182d47e,public_reuse_review,Official PBS Schedule publication PDF. Suitable for checksum-bound historical citation; not equivalent to a structured API snapshot.,au_pbs,au_pbs_archive_2012_05_01_3d7350793182,planned
https://www.pbs.gov.au/info/publication/schedule/2022,2022-07-01,download_for_local_review,pdf,2022-07-01-general-schedule-volume-2.pdf,https://www.pbs.gov.au/publication/schedule/2022/07/2022-07-01-general-schedule-volume-2.pdf?variant=3,au_pbs_archive_3e158f5340039b52,public_reuse_review,Official PBS Schedule publication PDF. Suitable for checksum-bound historical citation; not equivalent to a structured API snapshot.,au_pbs,au_pbs_archive_2022_07_01_3e158f534003,planned
https://www.pbs.gov.au/info/publication/schedule/2008,2008-04-01,download_for_local_review,pdf,2008-04-01-general-schedule-soc.pdf,https://www.pbs.gov.au/publication/schedule/2008/2008-04-01-general-schedule-soc.pdf?variant=3,au_pbs_archive_3e316631c7afd375,public_reuse_review,Official PBS Schedule publication PDF. Suitable for checksum-bound historical citation; not equivalent to a structured API snapshot.,au_pbs,au_pbs_archive_2008_04_01_3e316631c7af,planned
https://www.pbs.gov.au/info/publication/schedule/2013,2013-06-01,download_for_local_review,pdf,2013-06-01-general-schedule-soc.pdf,https://www.pbs.gov.au/publication/schedule/2013/06/2013-06-01-general-schedule-soc.pdf?variant=3,au_pbs_archive_3e509d79b5dd773e,public_reuse_review,Official PBS Schedule publication PDF. Suitable for checksum-bound historical citation; not equivalent to a structured API snapshot.,au_pbs,au_pbs_archive_2013_06_01_3e509d79b5dd,planned
https://www.pbs.gov.au/info/publication/schedule/2008,2008-12-01,download_for_local_review,pdf,2008-12-01-general-schedule.pdf,https://www.pbs.gov.au/publication/schedule/2008/2008-12-01-general-schedule.pdf?variant=3,au_pbs_archive_3e761c5f79b50a85,public_reuse_review,Official PBS Schedule publication PDF. Suitable for checksum-bound historical citation; not equivalent to a structured API snapshot.,au_pbs,au_pbs_archive_2008_12_01_3e761c5f79b5,planned
https://www.pbs.gov.au/info/publication/schedule/2010,2010-10-01,download_for_local_review,pdf,2010-10-01-general-schedule-SOC.pdf,https://www.pbs.gov.au/publication/schedule/2010/2010-10-01-general-schedule-SOC.pdf?variant=3,au_pbs_archive_3edda9e5d26293c6,public_reuse_review,Official PBS Schedule publication PDF. Suitable for checksum-bound historical citation; not equivalent to a structured API snapshot.,au_pbs,au_pbs_archive_2010_10_01_3edda9e5d262,planned
https://www.pbs.gov.au/info/publication/schedule/2012,2012-03-01,download_for_local_review,pdf,2012-03-01-dental-book-SOC.pdf,https://www.pbs.gov.au/publication/schedule/2012/03/2012-03-01-dental-book-SOC.pdf?variant=3,au_pbs_archive_3f3a941e1da4a13a,public_reuse_review,Official PBS Schedule publication PDF. Suitable for checksum-bound historical citation; not equivalent to a structured API snapshot.,au_pbs,au_pbs_archive_2012_03_01_3f3a941e1da4,planned
https://www.pbs.gov.au/info/publication/schedule/2020,2020-09-01,download_for_local_review,pdf,2020-09-01-efc-schedule.pdf,https://www.pbs.gov.au/publication/schedule/2020/09/2020-09-01-efc-schedule.pdf?variant=3,au_pbs_archive_3f7b77cf50652a6d,public_reuse_review,Official PBS Schedule publication PDF. Suitable for checksum-bound historical citation; not equivalent to a structured API snapshot.,au_pbs,au_pbs_archive_2020_09_01_3f7b77cf5065,planned
https://www.pbs.gov.au/info/publication/schedule/2007,2007-07-01,download_for_local_review,pdf,2007-07-01-dental-book-soc.pdf,https://www.pbs.gov.au/publication/schedule/2007/2007-07-01-dental-book-soc.pdf?variant=3,au_pbs_archive_4018991f6ce03567,public_reuse_review,Official PBS Schedule publication PDF. Suitable for checksum-bound historical citation; not equivalent to a structured API snapshot.,au_pbs,au_pbs_archive_2007_07_01_4018991f6ce0,planned
https://www.pbs.gov.au/info/publication/schedule/2015,2015-03-01,download_for_local_review,pdf,2015-03-01-errata.pdf,https://www.pbs.gov.au/publication/schedule/2015/03/2015-03-01-errata.pdf?variant=3,au_pbs_archive_404dd6faf91c3a0a,public_reuse_review,Official PBS Schedule publication PDF. Suitable for checksum-bound historical citation; not equivalent to a structured API snapshot.,au_pbs,au_pbs_archive_2015_03_01_404dd6faf91c,planned
https://www.pbs.gov.au/info/publication/schedule/2009,2009-01-01,download_for_local_review,pdf,2009-01-01-dental-book.pdf,https://www.pbs.gov.au/publication/schedule/2009/2009-01-01-dental-book.pdf?variant=3,au_pbs_archive_40dbaafdf8123e35,public_reuse_review,Official PBS Schedule publication PDF. Suitable for checksum-bound historical citation; not equivalent to a structured API snapshot.,au_pbs,au_pbs_archive_2009_01_01_40dbaafdf812,planned
https://www.pbs.gov.au/info/publication/schedule/2024,2024-08-01,download_for_local_review,pdf,2024-08-01-general-schedule-volume-1.pdf,https://www.pbs.gov.au/publication/schedule/2024/08/2024-08-01-general-schedule-volume-1.pdf?variant=3,au_pbs_archive_411b67b94db0ecd3,public_reuse_review,Official PBS Schedule publication PDF. Suitable for checksum-bound historical citation; not equivalent to a structured API snapshot.,au_pbs,au_pbs_archive_2024_08_01_411b67b94db0,planned
https://www.pbs.gov.au/info/publication/schedule/2018,2018-11-01,download_for_local_review,pdf,2018-11-01-efc-schedule.pdf,https://www.pbs.gov.au/publication/schedule/2018/11/2018-11-01-efc-schedule.pdf?variant=3,au_pbs_archive_4169c0076904f72e,public_reuse_review,Official PBS Schedule publication PDF. Suitable for checksum-bound historical citation; not equivalent to a structured API snapshot.,au_pbs,au_pbs_archive_2018_11_01_4169c0076904,planned
https://www.pbs.gov.au/info/publication/schedule/2021,2021-02-01,download_for_local_review,pdf,2021-02-01-general-schedule-volume-2.pdf,https://www.pbs.gov.au/publication/schedule/2021/02/2021-02-01-general-schedule-volume-2.pdf?variant=3,au_pbs_archive_416fd3fe79aae85c,public_reuse_review,Official PBS Schedule publication PDF. Suitable for checksum-bound historical citation; not equivalent to a structured API snapshot.,au_pbs,au_pbs_archive_2021_02_01_416fd3fe79aa,planned
https://www.pbs.gov.au/info/publication/schedule/2007,2007-08-01,download_for_local_review,pdf,2007-08-01-dental-book.pdf,https://www.pbs.gov.au/publication/schedule/2007/2007-08-01-dental-book.pdf?variant=3,au_pbs_archive_417e0bb5932fa67e,public_reuse_review,Official PBS Schedule publication PDF. Suitable for checksum-bound historical citation; not equivalent to a structured API snapshot.,au_pbs,au_pbs_archive_2007_08_01_417e0bb5932f,planned
https://www.pbs.gov.au/info/publication/schedule/2013,2013-02-01,download_for_local_review,pdf,2013-02-01-errata.pdf,https://www.pbs.gov.au/publication/schedule/2013/02/2013-02-01-errata.pdf?variant=3,au_pbs_archive_4183c3d3c575b543,public_reuse_review,Official PBS Schedule publication PDF. Suitable for checksum-bound historical citation; not equivalent to a structured API snapshot.,au_pbs,au_pbs_archive_2013_02_01_4183c3d3c575,planned
https://www.pbs.gov.au/info/publication/schedule/2013,2013-03-01,download_for_local_review,pdf,2013-03-01-general-schedule.pdf,https://www.pbs.gov.au/publication/schedule/2013/03/2013-03-01-general-schedule.pdf?variant=3,au_pbs_archive_41cafa88a2b366f8,public_reuse_review,Official PBS Schedule publication PDF. Suitable for checksum-bound historical citation; not equivalent to a structured API snapshot.,au_pbs,au_pbs_archive_2013_03_01_41cafa88a2b3,planned
https://www.pbs.gov.au/info/publication/schedule/2011,2011-08-01,download_for_local_review,pdf,2011-08-01-general-schedule-SOC.pdf,https://www.pbs.gov.au/publication/schedule/2011/08/2011-08-01-general-schedule-SOC.pdf?variant=3,au_pbs_archive_41f8f5c6d1cb0ec6,public_reuse_review,Official PBS Schedule publication PDF. Suitable for checksum-bound historical citation; not equivalent to a structured API snapshot.,au_pbs,au_pbs_archive_2011_08_01_41f8f5c6d1cb,planned
https://www.pbs.gov.au/info/publication/schedule/2024,2024-06-01,download_for_local_review,pdf,2024-06-01-efc-schedule.pdf,https://www.pbs.gov.au/publication/schedule/2024/06/2024-06-01-efc-schedule.pdf?variant=3,au_pbs_archive_4210d7a846813749,public_reuse_review,Official PBS Schedule publication PDF. Suitable for checksum-bound historical citation; not equivalent to a structured API snapshot.,au_pbs,au_pbs_archive_2024_06_01_4210d7a84681,planned
https://www.pbs.gov.au/info/publication/schedule/2012,2012-06-01,download_for_local_review,pdf,2012-06-01-efc-schedule.pdf,https://www.pbs.gov.au/publication/schedule/2012/06/2012-06-01-efc-schedule.pdf?variant=3,au_pbs_archive_42325d71028c2b65,public_reuse_review,Official PBS Schedule publication PDF. Suitable for checksum-bound historical citation; not equivalent to a structured API snapshot.,au_pbs,au_pbs_archive_2012_06_01_42325d71028c,planned
https://www.pbs.gov.au/info/publication/schedule/2019,2019-09-01,download_for_local_review,pdf,2019-09-01-general-schedule-volume-2.pdf,https://www.pbs.gov.au/publication/schedule/2019/09/2019-09-01-general-schedule-volume-2.pdf?variant=3,au_pbs_archive_425aca3d15931c99,public_reuse_review,Official PBS Schedule publication PDF. Suitable for checksum-bound historical citation; not equivalent to a structured API snapshot.,au_pbs,au_pbs_archive_2019_09_01_425aca3d1593,planned
https://www.pbs.gov.au/info/publication/schedule/2010,2010-10-01,download_for_local_review,pdf,2010-10-01-dental-book.pdf,https://www.pbs.gov.au/publication/schedule/2010/2010-10-01-dental-book.pdf?variant=3,au_pbs_archive_425ef50f2275485e,public_reuse_review,Official PBS Schedule publication PDF. Suitable for checksum-bound historical citation; not equivalent to a structured API snapshot.,au_pbs,au_pbs_archive_2010_10_01_425ef50f2275,planned
https://www.pbs.gov.au/info/publication/schedule/historical-archive,1983-10-01,download_for_local_review,pdf,1983-10-01-RPBS-Schedule.pdf,https://www.pbs.gov.au/publication/schedule/1951-2002/1983-10-01-RPBS-Schedule.pdf?variant=3,au_pbs_archive_42b636dc1de09516,public_reuse_review,Official PBS Schedule publication PDF. Suitable for checksum-bound historical citation; not equivalent to a structured API snapshot.,au_pbs,au_pbs_archive_1983_10_01_42b636dc1de0,planned
https://www.pbs.gov.au/info/publication/schedule/2024,2024-11-01,download_for_local_review,pdf,2024-11-01-general-schedule-volume-2.pdf,https://www.pbs.gov.au/publication/schedule/2024/11/2024-11-01-general-schedule-volume-2.pdf?variant=3,au_pbs_archive_42cffcf0f667f6d4,public_reuse_review,Official PBS Schedule publication PDF. Suitable for checksum-bound historical citation; not equivalent to a structured API snapshot.,au_pbs,au_pbs_archive_2024_11_01_42cffcf0f667,planned
https://www.pbs.gov.au/info/publication/schedule/2011,2011-08-01,download_for_local_review,pdf,2011-08-01-dental-book.pdf,https://www.pbs.gov.au/publication/schedule/2011/08/2011-08-01-dental-book.pdf?variant=3,au_pbs_archive_42ffe803df78b294,public_reuse_review,Official PBS Schedule publication PDF. Suitable for checksum-bound historical citation; not equivalent to a structured API snapshot.,au_pbs,au_pbs_archive_2011_08_01_42ffe803df78,planned
https://www.pbs.gov.au/info/publication/schedule/2015,2015-12-01,download_for_local_review,pdf,2015-12-01-efc-schedule.pdf,https://www.pbs.gov.au/publication/schedule/2015/12/2015-12-01-efc-schedule.pdf?variant=3,au_pbs_archive_430dad6466143209,public_reuse_review,Official PBS Schedule publication PDF. Suitable for checksum-bound historical citation; not equivalent to a structured API snapshot.,au_pbs,au_pbs_archive_2015_12_01_430dad646614,planned
https://www.pbs.gov.au/info/publication/schedule/2026,2026-07-01,download_for_local_review,pdf,2026-07-01-general-schedule-r1-Volume-2.pdf,https://www.pbs.gov.au/publication/schedule/2026/07/2026-07-01-general-schedule-r1-Volume-2.pdf?variant=3,au_pbs_archive_430f67e16a8abe88,public_reuse_review,Official PBS Schedule publication PDF. Suitable for checksum-bound historical citation; not equivalent to a structured API snapshot.,au_pbs,au_pbs_archive_2026_07_01_430f67e16a8a,planned
https://www.pbs.gov.au/info/publication/schedule/2019,2019-12-01,download_for_local_review,pdf,2019-12-01-general-soc.pdf,https://www.pbs.gov.au/publication/schedule/2019/12/2019-12-01-general-soc.pdf?variant=3,au_pbs_archive_4311130982bdb8b9,public_reuse_review,Official PBS Schedule publication PDF. Suitable for checksum-bound historical citation; not equivalent to a structured API snapshot.,au_pbs,au_pbs_archive_2019_12_01_4311130982bd,planned
https://www.pbs.gov.au/info/publication/schedule/2017,2017-09-01,download_for_local_review,pdf,2017-09-01-general-schedule.pdf,https://www.pbs.gov.au/publication/schedule/2017/09/2017-09-01-general-schedule.pdf?variant=3,au_pbs_archive_431d762ad39eabb9,public_reuse_review,Official PBS Schedule publication PDF. Suitable for checksum-bound historical citation; not equivalent to a structured API snapshot.,au_pbs,au_pbs_archive_2017_09_01_431d762ad39e,planned
https://www.pbs.gov.au/info/publication/schedule/2025,2025-04-01,download_for_local_review,pdf,2025-04-01-efc-schedule.pdf,https://www.pbs.gov.au/publication/schedule/2025/04/2025-04-01-efc-schedule.pdf?variant=3,au_pbs_archive_438327eeafb89af0,public_reuse_review,Official PBS Schedule publication PDF. Suitable for checksum-bound historical citation; not equivalent to a structured API snapshot.,au_pbs,au_pbs_archive_2025_04_01_438327eeafb8,planned
https://www.pbs.gov.au/info/publication/schedule/2026,2026-04-01,download_for_local_review,pdf,2026-04-01-general-schedule-Volume-2.pdf,https://www.pbs.gov.au/publication/schedule/2026/04/2026-04-01-general-schedule-Volume-2.pdf?variant=3,au_pbs_archive_43b25c31b045b577,public_reuse_review,Official PBS Schedule publication PDF. Suitable for checksum-bound historical citation; not equivalent to a structured API snapshot.,au_pbs,au_pbs_archive_2026_04_01_43b25c31b045,planned
https://www.pbs.gov.au/info/publication/schedule/2019,2019-05-01,download_for_local_review,pdf,2019-05-01-general-soc.pdf,https://www.pbs.gov.au/publication/schedule/2019/05/2019-05-01-general-soc.pdf?variant=3,au_pbs_archive_43f120c1cdc00d36,public_reuse_review,Official PBS Schedule publication PDF. Suitable for checksum-bound historical citation; not equivalent to a structured API snapshot.,au_pbs,au_pbs_archive_2019_05_01_43f120c1cdc0,planned
https://www.pbs.gov.au/info/publication/schedule/2013,2013-05-01,download_for_local_review,pdf,2013-05-01-general-schedule.pdf,https://www.pbs.gov.au/publication/schedule/2013/05/2013-05-01-general-schedule.pdf?variant=3,au_pbs_archive_4401e6666ed6ef6c,public_reuse_review,Official PBS Schedule publication PDF. Suitable for checksum-bound historical citation; not equivalent to a structured API snapshot.,au_pbs,au_pbs_archive_2013_05_01_4401e6666ed6,planned
https://www.pbs.gov.au/info/publication/schedule/2008,2008-09-01,download_for_local_review,pdf,2008-09-01-general-schedule.pdf,https://www.pbs.gov.au/publication/schedule/2008/2008-09-01-general-schedule.pdf?variant=3,au_pbs_archive_4443e52ade19544b,public_reuse_review,Official PBS Schedule publication PDF. Suitable for checksum-bound historical citation; not equivalent to a structured API snapshot.,au_pbs,au_pbs_archive_2008_09_01_4443e52ade19,planned
https://www.pbs.gov.au/info/publication/schedule/2017,2017-04-01,download_for_local_review,pdf,2017-04-01-general-schedule.pdf,https://www.pbs.gov.au/publication/schedule/2017/04/2017-04-01-general-schedule.pdf?variant=3,au_pbs_archive_449fa3e7de7daaea,public_reuse_review,Official PBS Schedule publication PDF. Suitable for checksum-bound historical citation; not equivalent to a structured API snapshot.,au_pbs,au_pbs_archive_2017_04_01_449fa3e7de7d,planned
https://www.pbs.gov.au/info/publication/schedule/2010,2010-03-01,download_for_local_review,pdf,2010-03-01-dental-book.pdf,https://www.pbs.gov.au/publication/schedule/2010/2010-03-01-dental-book.pdf?variant=3,au_pbs_archive_4505d89332b2fb5e,public_reuse_review,Official PBS Schedule publication PDF. Suitable for checksum-bound historical citation; not equivalent to a structured API snapshot.,au_pbs,au_pbs_archive_2010_03_01_4505d89332b2,planned
https://www.pbs.gov.au/info/publication/schedule/2010,2010-09-01,download_for_local_review,pdf,2010-09-01-dental-book.pdf,https://www.pbs.gov.au/publication/schedule/2010/2010-09-01-dental-book.pdf?variant=3,au_pbs_archive_454a453e80c89b85,public_reuse_review,Official PBS Schedule publication PDF. Suitable for checksum-bound historical citation; not equivalent to a structured API snapshot.,au_pbs,au_pbs_archive_2010_09_01_454a453e80c8,planned
https://www.pbs.gov.au/info/publication/schedule/2021,2021-04-01,download_for_local_review,pdf,2021-04-01-efc-schedule.pdf,https://www.pbs.gov.au/publication/schedule/2021/04/2021-04-01-efc-schedule.pdf?variant=3,au_pbs_archive_454aca34a8231746,public_reuse_review,Official PBS Schedule publication PDF. Suitable for checksum-bound historical citation; not equivalent to a structured API snapshot.,au_pbs,au_pbs_archive_2021_04_01_454aca34a823,planned
https://www.pbs.gov.au/info/publication/schedule/2018,2018-01-01,download_for_local_review,pdf,2018-01-01-general-soc.pdf,https://www.pbs.gov.au/publication/schedule/2018/01/2018-01-01-general-soc.pdf?variant=3,au_pbs_archive_455369b6aeae32a8,public_reuse_review,Official PBS Schedule publication PDF. Suitable for checksum-bound historical citation; not equivalent to a structured API snapshot.,au_pbs,au_pbs_archive_2018_01_01_455369b6aeae,planned
https://www.pbs.gov.au/info/publication/schedule/2019,2019-10-01,download_for_local_review,pdf,2019-10-01-general-soc.pdf,https://www.pbs.gov.au/publication/schedule/2019/10/2019-10-01-general-soc.pdf?variant=3,au_pbs_archive_457a681970ce1dbc,public_reuse_review,Official PBS Schedule publication PDF. Suitable for checksum-bound historical citation; not equivalent to a structured API snapshot.,au_pbs,au_pbs_archive_2019_10_01_457a681970ce,planned
https://www.pbs.gov.au/info/publication/schedule/2017,2017-08-01,download_for_local_review,pdf,2017-08-01-general-schedule.pdf,https://www.pbs.gov.au/publication/schedule/2017/08/2017-08-01-general-schedule.pdf?variant=3,au_pbs_archive_461967783e420837,public_reuse_review,Official PBS Schedule publication PDF. Suitable for checksum-bound historical citation; not equivalent to a structured API snapshot.,au_pbs,au_pbs_archive_2017_08_01_461967783e42,planned
https://www.pbs.gov.au/info/publication/schedule/2014,2014-06-01,download_for_local_review,pdf,2014-06-01-general-schedule-soc.pdf,https://www.pbs.gov.au/publication/schedule/2014/06/2014-06-01-general-schedule-soc.pdf?variant=3,au_pbs_archive_462af6258961a9c5,public_reuse_review,Official PBS Schedule publication PDF. Suitable for checksum-bound historical citation; not equivalent to a structured API snapshot.,au_pbs,au_pbs_archive_2014_06_01_462af6258961,planned
https://www.pbs.gov.au/info/publication/schedule/2026,2026-01-01,download_for_local_review,pdf,2026-01-01-general-schedule-volume-1.pdf,https://www.pbs.gov.au/publication/schedule/2026/01/2026-01-01-general-schedule-volume-1.pdf?variant=3,au_pbs_archive_464689880fdf60a8,public_reuse_review,Official PBS Schedule publication PDF. Suitable for checksum-bound historical citation; not equivalent to a structured API snapshot.,au_pbs,au_pbs_archive_2026_01_01_464689880fdf,planned
https://www.pbs.gov.au/info/publication/schedule/2024,2024-12-01,download_for_local_review,pdf,2024-12-01-general-schedule-volume-2.pdf,https://www.pbs.gov.au/publication/schedule/2024/12/2024-12-01-general-schedule-volume-2.pdf?variant=3,au_pbs_archive_464ffc1f14e1e425,public_reuse_review,Official PBS Schedule publication PDF. Suitable for checksum-bound historical citation; not equivalent to a structured API snapshot.,au_pbs,au_pbs_archive_2024_12_01_464ffc1f14e1,planned
https://www.pbs.gov.au/info/publication/schedule/2023,2023-11-01,download_for_local_review,pdf,2023-11-01-general-schedule-volume-1.pdf,https://www.pbs.gov.au/publication/schedule/2023/11/2023-11-01-general-schedule-volume-1.pdf?variant=3,au_pbs_archive_465ab2e9ca10ea3b,public_reuse_review,Official PBS Schedule publication PDF. Suitable for checksum-bound historical citation; not equivalent to a structured API snapshot.,au_pbs,au_pbs_archive_2023_11_01_465ab2e9ca10,planned
https://www.pbs.gov.au/info/publication/schedule/2023,2023-10-01,download_for_local_review,pdf,2023-10-01-general-schedule-volume-2.pdf,https://www.pbs.gov.au/publication/schedule/2023/10/2023-10-01-general-schedule-volume-2.pdf?variant=3,au_pbs_archive_4670dad089b4b166,public_reuse_review,Official PBS Schedule publication PDF. Suitable for checksum-bound historical citation; not equivalent to a structured API snapshot.,au_pbs,au_pbs_archive_2023_10_01_4670dad089b4,planned
https://www.pbs.gov.au/info/publication/schedule/2007,2007-08-01,download_for_local_review,pdf,2007-08-01-dental-book-soc.pdf,https://www.pbs.gov.au/publication/schedule/2007/2007-08-01-dental-book-soc.pdf?variant=3,au_pbs_archive_4701605705c1c536,public_reuse_review,Official PBS Schedule publication PDF. Suitable for checksum-bound historical citation; not equivalent to a structured API snapshot.,au_pbs,au_pbs_archive_2007_08_01_4701605705c1,planned
https://www.pbs.gov.au/info/publication/schedule/historical-archive,1971-12-01,download_for_local_review,pdf,1971-12-01-consolidated-schedules.pdf,https://www.pbs.gov.au/publication/schedule/1951-2002/1971-12-01-consolidated-schedules.pdf?variant=3,au_pbs_archive_4710dee53332d5c2,public_reuse_review,Official PBS Schedule publication PDF. Suitable for checksum-bound historical citation; not equivalent to a structured API snapshot.,au_pbs,au_pbs_archive_1971_12_01_4710dee53332,planned
https://www.pbs.gov.au/info/publication/schedule/2016,2016-01-01,download_for_local_review,pdf,2016-01-01-general-schedule.pdf,https://www.pbs.gov.au/publication/schedule/2016/01/2016-01-01-general-schedule.pdf?variant=3,au_pbs_archive_476f923dee12b986,public_reuse_review,Official PBS Schedule publication PDF. Suitable for checksum-bound historical citation; not equivalent to a structured API snapshot.,au_pbs,au_pbs_archive_2016_01_01_476f923dee12,planned
https://www.pbs.gov.au/info/publication/schedule/2012,2012-10-01,download_for_local_review,pdf,2012-10-01-general-schedule-errata.pdf,https://www.pbs.gov.au/publication/schedule/2012/10/2012-10-01-general-schedule-errata.pdf?variant=3,au_pbs_archive_476fd169c5ab96e4,public_reuse_review,Official PBS Schedule publication PDF. Suitable for checksum-bound historical citation; not equivalent to a structured API snapshot.,au_pbs,au_pbs_archive_2012_10_01_476fd169c5ab,planned
https://www.pbs.gov.au/info/publication/schedule/2017,2017-07-01,download_for_local_review,pdf,2017-07-01-efc-schedule.pdf,https://www.pbs.gov.au/publication/schedule/2017/07/2017-07-01-efc-schedule.pdf?variant=3,au_pbs_archive_477251cda1a20125,public_reuse_review,Official PBS Schedule publication PDF. Suitable for checksum-bound historical citation; not equivalent to a structured API snapshot.,au_pbs,au_pbs_archive_2017_07_01_477251cda1a2,planned
https://www.pbs.gov.au/info/publication/schedule/historical-archive,1972-12-01,download_for_local_review,pdf,1972-12-01-PBS-Schedule-Medical-Practitioners.pdf,https://www.pbs.gov.au/publication/schedule/1951-2002/1972-12-01-PBS-Schedule-Medical-Practitioners.pdf?variant=3,au_pbs_archive_4855e1f6ade09408,public_reuse_review,Official PBS Schedule publication PDF. Suitable for checksum-bound historical citation; not equivalent to a structured API snapshot.,au_pbs,au_pbs_archive_1972_12_01_4855e1f6ade0,planned
https://www.pbs.gov.au/info/publication/schedule/2024,2024-01-01,download_for_local_review,pdf,2024-01-01-general-soc.pdf,https://www.pbs.gov.au/publication/schedule/2024/01/2024-01-01-general-soc.pdf?variant=3,au_pbs_archive_487a2de5d341f698,public_reuse_review,Official PBS Schedule publication PDF. Suitable for checksum-bound historical citation; not equivalent to a structured API snapshot.,au_pbs,au_pbs_archive_2024_01_01_487a2de5d341,planned
https://www.pbs.gov.au/info/publication/schedule/2024,2024-03-01,download_for_local_review,pdf,2024-03-01-efc-schedule.pdf,https://www.pbs.gov.au/publication/schedule/2024/03/2024-03-01-efc-schedule.pdf?variant=3,au_pbs_archive_487e8e8a5aec1956,public_reuse_review,Official PBS Schedule publication PDF. Suitable for checksum-bound historical citation; not equivalent to a structured API snapshot.,au_pbs,au_pbs_archive_2024_03_01_487e8e8a5aec,planned
https://www.pbs.gov.au/info/publication/schedule/2009,2009-07-01,download_for_local_review,pdf,2009-07-01-dental-book-soc.pdf,https://www.pbs.gov.au/publication/schedule/2009/2009-07-01-dental-book-soc.pdf?variant=3,au_pbs_archive_4910460af76f5b1a,public_reuse_review,Official PBS Schedule publication PDF. Suitable for checksum-bound historical citation; not equivalent to a structured API snapshot.,au_pbs,au_pbs_archive_2009_07_01_4910460af76f,planned
https://www.pbs.gov.au/info/publication/schedule/2024,2024-09-01,download_for_local_review,pdf,Errata-for-2024-09-01-Migalastat-and-Price-Amoxicillin-with-clavulanic-acid.pdf,https://www.pbs.gov.au/publication/schedule/2024/09/Errata-for-2024-09-01-Migalastat-and-Price-Amoxicillin-with-clavulanic-acid.pdf?variant=3,au_pbs_archive_493ff01c0d328d73,public_reuse_review,Official PBS Schedule publication PDF. Suitable for checksum-bound historical citation; not equivalent to a structured API snapshot.,au_pbs,au_pbs_archive_2024_09_01_493ff01c0d32,planned
https://www.pbs.gov.au/info/publication/schedule/2022,2022-06-01,download_for_local_review,pdf,2022-06-01-general-schedule-volume-2.pdf,https://www.pbs.gov.au/publication/schedule/2022/06/2022-06-01-general-schedule-volume-2.pdf?variant=3,au_pbs_archive_49643f6d05d8b38e,public_reuse_review,Official PBS Schedule publication PDF. Suitable for checksum-bound historical citation; not equivalent to a structured API snapshot.,au_pbs,au_pbs_archive_2022_06_01_49643f6d05d8,planned
https://www.pbs.gov.au/info/publication/schedule/2025,2025-08-01,download_for_local_review,pdf,2025-08-01-general-schedule-volume-2.pdf,https://www.pbs.gov.au/publication/schedule/2025/08/2025-08-01-general-schedule-volume-2.pdf?variant=3,au_pbs_archive_497d9cd61ede919b,public_reuse_review,Official PBS Schedule publication PDF. Suitable for checksum-bound historical citation; not equivalent to a structured API snapshot.,au_pbs,au_pbs_archive_2025_08_01_497d9cd61ede,planned
https://www.pbs.gov.au/info/publication/schedule/2009,2009-03-01,download_for_local_review,pdf,2009-03-01-dental-book.pdf,https://www.pbs.gov.au/publication/schedule/2009/2009-03-01-dental-book.pdf?variant=3,au_pbs_archive_499252ab77e1cf92,public_reuse_review,Official PBS Schedule publication PDF. Suitable for checksum-bound historical citation; not equivalent to a structured API snapshot.,au_pbs,au_pbs_archive_2009_03_01_499252ab77e1,planned
https://www.pbs.gov.au/info/publication/schedule/2014,2014-12-01,download_for_local_review,pdf,2014-12-01-general-schedule-soc.pdf,https://www.pbs.gov.au/publication/schedule/2014/12/2014-12-01-general-schedule-soc.pdf?variant=3,au_pbs_archive_49e52c592dd15d00,public_reuse_review,Official PBS Schedule publication PDF. Suitable for checksum-bound historical citation; not equivalent to a structured API snapshot.,au_pbs,au_pbs_archive_2014_12_01_49e52c592dd1,planned
https://www.pbs.gov.au/info/publication/schedule/2019,2019-07-01,download_for_local_review,pdf,2019-07-01-erratum.pdf,https://www.pbs.gov.au/publication/schedule/2019/07/2019-07-01-erratum.pdf?variant=3,au_pbs_archive_4a5981ef191ae3f1,public_reuse_review,Official PBS Schedule publication PDF. Suitable for checksum-bound historical citation; not equivalent to a structured API snapshot.,au_pbs,au_pbs_archive_2019_07_01_4a5981ef191a,planned
https://www.pbs.gov.au/info/publication/schedule/2010,2010-10-01,download_for_local_review,pdf,2010-10-01-dental-book-SOC.pdf,https://www.pbs.gov.au/publication/schedule/2010/2010-10-01-dental-book-SOC.pdf?variant=3,au_pbs_archive_4ae618e1553a4876,public_reuse_review,Official PBS Schedule publication PDF. Suitable for checksum-bound historical citation; not equivalent to a structured API snapshot.,au_pbs,au_pbs_archive_2010_10_01_4ae618e1553a,planned
https://www.pbs.gov.au/info/publication/schedule/2025,2025-02-01,download_for_local_review,pdf,2025-02-01-general-schedule-volume-1.pdf,https://www.pbs.gov.au/publication/schedule/2025/02/2025-02-01-general-schedule-volume-1.pdf?variant=3,au_pbs_archive_4b0117d0bd4fe7b5,public_reuse_review,Official PBS Schedule publication PDF. Suitable for checksum-bound historical citation; not equivalent to a structured API snapshot.,au_pbs,au_pbs_archive_2025_02_01_4b0117d0bd4f,planned
https://www.pbs.gov.au/info/publication/schedule/2023,2023-06-01,download_for_local_review,pdf,2023-06-01-efc-schedule.pdf,https://www.pbs.gov.au/publication/schedule/2023/06/2023-06-01-efc-schedule.pdf?variant=3,au_pbs_archive_4b31e3ebf53038fb,public_reuse_review,Official PBS Schedule publication PDF. Suitable for checksum-bound historical citation; not equivalent to a structured API snapshot.,au_pbs,au_pbs_archive_2023_06_01_4b31e3ebf530,planned
https://www.pbs.gov.au/info/publication/schedule/2016,2016-09-01,download_for_local_review,pdf,2016-09-01-general-soc.pdf,https://www.pbs.gov.au/publication/schedule/2016/09/2016-09-01-general-soc.pdf?variant=3,au_pbs_archive_4b7b001bec66a990,public_reuse_review,Official PBS Schedule publication PDF. Suitable for checksum-bound historical citation; not equivalent to a structured API snapshot.,au_pbs,au_pbs_archive_2016_09_01_4b7b001bec66,planned
https://www.pbs.gov.au/info/publication/schedule/2021,2021-12-01,download_for_local_review,pdf,2021-12-01-general-schedule-volume-2.pdf,https://www.pbs.gov.au/publication/schedule/2021/12/2021-12-01-general-schedule-volume-2.pdf?variant=3,au_pbs_archive_4b7d23d5668ed721,public_reuse_review,Official PBS Schedule publication PDF. Suitable for checksum-bound historical citation; not equivalent to a structured API snapshot.,au_pbs,au_pbs_archive_2021_12_01_4b7d23d5668e,planned
https://www.pbs.gov.au/info/publication/schedule/2025,2025-11-01,download_for_local_review,pdf,2025-11-01-general-soc.pdf,https://www.pbs.gov.au/publication/schedule/2025/11/2025-11-01-general-soc.pdf?variant=3,au_pbs_archive_4b8f48fef04ac0a2,public_reuse_review,Official PBS Schedule publication PDF. Suitable for checksum-bound historical citation; not equivalent to a structured API snapshot.,au_pbs,au_pbs_archive_2025_11_01_4b8f48fef04a,planned
https://www.pbs.gov.au/info/publication/schedule/2007,2007-05-01,download_for_local_review,pdf,2007-05-01-general-schedule.pdf,https://www.pbs.gov.au/publication/schedule/2007/2007-05-01-general-schedule.pdf?variant=3,au_pbs_archive_4b921a6f4777252b,public_reuse_review,Official PBS Schedule publication PDF. Suitable for checksum-bound historical citation; not equivalent to a structured API snapshot.,au_pbs,au_pbs_archive_2007_05_01_4b921a6f4777,planned
https://www.pbs.gov.au/info/publication/schedule/2011,2011-10-01,download_for_local_review,pdf,2011-10-01-dental-book-SOC.pdf,https://www.pbs.gov.au/publication/schedule/2011/10/2011-10-01-dental-book-SOC.pdf?variant=3,au_pbs_archive_4ca3027ea6ab8c86,public_reuse_review,Official PBS Schedule publication PDF. Suitable for checksum-bound historical citation; not equivalent to a structured API snapshot.,au_pbs,au_pbs_archive_2011_10_01_4ca3027ea6ab,planned
https://www.pbs.gov.au/info/publication/schedule/2013,2013-01-01,download_for_local_review,pdf,2013-01-01-pbs-schedule.pdf,https://www.pbs.gov.au/publication/schedule/2013/01/2013-01-01-pbs-schedule.pdf?variant=3,au_pbs_archive_4d0aa2fe7be0ab59,public_reuse_review,Official PBS Schedule publication PDF. Suitable for checksum-bound historical citation; not equivalent to a structured API snapshot.,au_pbs,au_pbs_archive_2013_01_01_4d0aa2fe7be0,planned
https://www.pbs.gov.au/info/publication/schedule/2026,2026-03-01,download_for_local_review,pdf,2026-03-01-general-schedule-volume-1.pdf,https://www.pbs.gov.au/publication/schedule/2026/03/2026-03-01-general-schedule-volume-1.pdf?variant=3,au_pbs_archive_4d695a11fcaab065,public_reuse_review,Official PBS Schedule publication PDF. Suitable for checksum-bound historical citation; not equivalent to a structured API snapshot.,au_pbs,au_pbs_archive_2026_03_01_4d695a11fcaa,planned
https://www.pbs.gov.au/info/publication/schedule/2010,2010-07-01,download_for_local_review,pdf,2010-07-01-dental-book-SOC.pdf,https://www.pbs.gov.au/publication/schedule/2010/2010-07-01-dental-book-SOC.pdf?variant=3,au_pbs_archive_4daaee4e968c82e7,public_reuse_review,Official PBS Schedule publication PDF. Suitable for checksum-bound historical citation; not equivalent to a structured API snapshot.,au_pbs,au_pbs_archive_2010_07_01_4daaee4e968c,planned
https://www.pbs.gov.au/info/publication/schedule/2008,2008-02-01,download_for_local_review,pdf,2008-02-01-general-schedule.pdf,https://www.pbs.gov.au/publication/schedule/2008/2008-02-01-general-schedule.pdf?variant=3,au_pbs_archive_4dd9cc49db2cc6dd,public_reuse_review,Official PBS Schedule publication PDF. Suitable for checksum-bound historical citation; not equivalent to a structured API snapshot.,au_pbs,au_pbs_archive_2008_02_01_4dd9cc49db2c,planned
https://www.pbs.gov.au/info/publication/schedule/2026,2026-07-01,download_for_local_review,pdf,2026-07-01-erratum.pdf,https://www.pbs.gov.au/publication/schedule/2026/07/2026-07-01-erratum.pdf?variant=3,au_pbs_archive_4e0d9a86cc652e1a,public_reuse_review,Official PBS Schedule publication PDF. Suitable for checksum-bound historical citation; not equivalent to a structured API snapshot.,au_pbs,au_pbs_archive_2026_07_01_4e0d9a86cc65,planned
https://www.pbs.gov.au/info/publication/schedule/2011,2011-03-01,download_for_local_review,pdf,2011-03-01-general-schedule.pdf,https://www.pbs.gov.au/publication/schedule/2011/03/2011-03-01-general-schedule.pdf?variant=3,au_pbs_archive_4e119c27682125ce,public_reuse_review,Official PBS Schedule publication PDF. Suitable for checksum-bound historical citation; not equivalent to a structured API snapshot.,au_pbs,au_pbs_archive_2011_03_01_4e119c276821,planned
https://www.pbs.gov.au/info/publication/schedule/2018,2018-07-01,download_for_local_review,pdf,2018-07-01-errata.pdf,https://www.pbs.gov.au/publication/schedule/2018/07/2018-07-01-errata.pdf?variant=3,au_pbs_archive_4e1c68021b1942f8,public_reuse_review,Official PBS Schedule publication PDF. Suitable for checksum-bound historical citation; not equivalent to a structured API snapshot.,au_pbs,au_pbs_archive_2018_07_01_4e1c68021b19,planned
https://www.pbs.gov.au/info/publication/schedule/2012,2012-04-01,download_for_local_review,pdf,2012-04-01-dental-book-SOC.pdf,https://www.pbs.gov.au/publication/schedule/2012/04/2012-04-01-dental-book-SOC.pdf?variant=3,au_pbs_archive_4e339db33d409440,public_reuse_review,Official PBS Schedule publication PDF. Suitable for checksum-bound historical citation; not equivalent to a structured API snapshot.,au_pbs,au_pbs_archive_2012_04_01_4e339db33d40,planned
https://www.pbs.gov.au/info/publication/schedule/historical-archive,2002-11-01,download_for_local_review,pdf,2002-11-01-PBS-Schedule.pdf,https://www.pbs.gov.au/publication/schedule/1951-2002/2002-11-01-PBS-Schedule.pdf?variant=3,au_pbs_archive_4e6c78401d64d14e,public_reuse_review,Official PBS Schedule publication PDF. Suitable for checksum-bound historical citation; not equivalent to a structured API snapshot.,au_pbs,au_pbs_archive_2002_11_01_4e6c78401d64,planned
https://www.pbs.gov.au/info/publication/schedule/2008,2008-01-01,download_for_local_review,pdf,2008-01-01-general-schedule-soc.pdf,https://www.pbs.gov.au/publication/schedule/2008/2008-01-01-general-schedule-soc.pdf?variant=3,au_pbs_archive_4ea6885ef6a40fc1,public_reuse_review,Official PBS Schedule publication PDF. Suitable for checksum-bound historical citation; not equivalent to a structured API snapshot.,au_pbs,au_pbs_archive_2008_01_01_4ea6885ef6a4,planned
https://www.pbs.gov.au/info/publication/schedule/2013,2013-05-01,download_for_local_review,pdf,2013-05-01-efc-soc.pdf,https://www.pbs.gov.au/publication/schedule/2013/05/2013-05-01-efc-soc.pdf?variant=3,au_pbs_archive_4ebc5d9536487309,public_reuse_review,Official PBS Schedule publication PDF. Suitable for checksum-bound historical citation; not equivalent to a structured API snapshot.,au_pbs,au_pbs_archive_2013_05_01_4ebc5d953648,planned
https://www.pbs.gov.au/info/publication/schedule/2010,2010-11-01,download_for_local_review,pdf,2010-11-01-dental-book-SOC.pdf,https://www.pbs.gov.au/publication/schedule/2010/2010-11-01-dental-book-SOC.pdf?variant=3,au_pbs_archive_4ec78739492a3fd6,public_reuse_review,Official PBS Schedule publication PDF. Suitable for checksum-bound historical citation; not equivalent to a structured API snapshot.,au_pbs,au_pbs_archive_2010_11_01_4ec78739492a,planned
https://www.pbs.gov.au/info/publication/schedule/2008,2008-07-01,download_for_local_review,pdf,2008-07-01-dental-book-soc.pdf,https://www.pbs.gov.au/publication/schedule/2008/2008-07-01-dental-book-soc.pdf?variant=3,au_pbs_archive_4f1bd4628962d934,public_reuse_review,Official PBS Schedule publication PDF. Suitable for checksum-bound historical citation; not equivalent to a structured API snapshot.,au_pbs,au_pbs_archive_2008_07_01_4f1bd4628962,planned
https://www.pbs.gov.au/info/publication/schedule/2020,2020-02-01,download_for_local_review,pdf,2020-02-01-general-soc.pdf,https://www.pbs.gov.au/publication/schedule/2020/02/2020-02-01-general-soc.pdf?variant=3,au_pbs_archive_4f5b425294120bd4,public_reuse_review,Official PBS Schedule publication PDF. Suitable for checksum-bound historical citation; not equivalent to a structured API snapshot.,au_pbs,au_pbs_archive_2020_02_01_4f5b42529412,planned
https://www.pbs.gov.au/info/publication/schedule/2010,2010-12-01,download_for_local_review,pdf,2010-12-01-general-schedule-SOC.pdf,https://www.pbs.gov.au/publication/schedule/2010/2010-12-01-general-schedule-SOC.pdf?variant=3,au_pbs_archive_502be26b69967cd3,public_reuse_review,Official PBS Schedule publication PDF. Suitable for checksum-bound historical citation; not equivalent to a structured API snapshot.,au_pbs,au_pbs_archive_2010_12_01_502be26b6996,planned
https://www.pbs.gov.au/info/publication/schedule/2016,2016-09-01,download_for_local_review,pdf,2016-09-01-general-schedule.pdf,https://www.pbs.gov.au/publication/schedule/2016/09/2016-09-01-general-schedule.pdf?variant=3,au_pbs_archive_505dcbdbccc265c0,public_reuse_review,Official PBS Schedule publication PDF. Suitable for checksum-bound historical citation; not equivalent to a structured API snapshot.,au_pbs,au_pbs_archive_2016_09_01_505dcbdbccc2,planned
https://www.pbs.gov.au/info/publication/schedule/2010,2010-04-01,download_for_local_review,pdf,2010-04-01-general-schedule-SOC.pdf,https://www.pbs.gov.au/publication/schedule/2010/2010-04-01-general-schedule-SOC.pdf?variant=3,au_pbs_archive_508d94eee243c436,public_reuse_review,Official PBS Schedule publication PDF. Suitable for checksum-bound historical citation; not equivalent to a structured API snapshot.,au_pbs,au_pbs_archive_2010_04_01_508d94eee243,planned
https://www.pbs.gov.au/info/publication/schedule/2017,2017-04-01,download_for_local_review,pdf,2017-04-01-efc-schedule.pdf,https://www.pbs.gov.au/publication/schedule/2017/04/2017-04-01-efc-schedule.pdf?variant=3,au_pbs_archive_50985c1f9ffd8ea4,public_reuse_review,Official PBS Schedule publication PDF. Suitable for checksum-bound historical citation; not equivalent to a structured API snapshot.,au_pbs,au_pbs_archive_2017_04_01_50985c1f9ffd,planned
https://www.pbs.gov.au/info/publication/schedule/2011,2011-01-01,download_for_local_review,pdf,2011-01-01-dental-book.pdf,https://www.pbs.gov.au/publication/schedule/2011/01/2011-01-01-dental-book.pdf?variant=3,au_pbs_archive_50a05ba2f8bfe3c0,public_reuse_review,Official PBS Schedule publication PDF. Suitable for checksum-bound historical citation; not equivalent to a structured API snapshot.,au_pbs,au_pbs_archive_2011_01_01_50a05ba2f8bf,planned
https://www.pbs.gov.au/info/publication/schedule/historical-archive,1982-12-01,download_for_local_review,pdf,1982-12-01-consolidated-schedules.pdf,https://www.pbs.gov.au/publication/schedule/1951-2002/1982-12-01-consolidated-schedules.pdf?variant=3,au_pbs_archive_50bbd86abd087807,public_reuse_review,Official PBS Schedule publication PDF. Suitable for checksum-bound historical citation; not equivalent to a structured API snapshot.,au_pbs,au_pbs_archive_1982_12_01_50bbd86abd08,planned
https://www.pbs.gov.au/info/publication/schedule/2008,2008-08-01,download_for_local_review,pdf,2008-08-01-dental-book-soc.pdf,https://www.pbs.gov.au/publication/schedule/2008/2008-08-01-dental-book-soc.pdf?variant=3,au_pbs_archive_50e73898654d3f07,public_reuse_review,Official PBS Schedule publication PDF. Suitable for checksum-bound historical citation; not equivalent to a structured API snapshot.,au_pbs,au_pbs_archive_2008_08_01_50e73898654d,planned
https://www.pbs.gov.au/info/publication/schedule/2009,2009-06-01,download_for_local_review,pdf,2009-06-01-dental-book-soc.pdf,https://www.pbs.gov.au/publication/schedule/2009/2009-06-01-dental-book-soc.pdf?variant=3,au_pbs_archive_513a9ac2a494aaa7,public_reuse_review,Official PBS Schedule publication PDF. Suitable for checksum-bound historical citation; not equivalent to a structured API snapshot.,au_pbs,au_pbs_archive_2009_06_01_513a9ac2a494,planned
https://www.pbs.gov.au/info/publication/schedule/2013,2013-05-01,download_for_local_review,pdf,2013-05-01-general-schedule-soc.pdf,https://www.pbs.gov.au/publication/schedule/2013/05/2013-05-01-general-schedule-soc.pdf?variant=3,au_pbs_archive_51d2c97ee215e931,public_reuse_review,Official PBS Schedule publication PDF. Suitable for checksum-bound historical citation; not equivalent to a structured API snapshot.,au_pbs,au_pbs_archive_2013_05_01_51d2c97ee215,planned
https://www.pbs.gov.au/info/publication/schedule/2008,2008-08-01,download_for_local_review,pdf,2008-08-01-general-schedule.pdf,https://www.pbs.gov.au/publication/schedule/2008/2008-08-01-general-schedule.pdf?variant=3,au_pbs_archive_5204e4c22f609ca0,public_reuse_review,Official PBS Schedule publication PDF. Suitable for checksum-bound historical citation; not equivalent to a structured API snapshot.,au_pbs,au_pbs_archive_2008_08_01_5204e4c22f60,planned
https://www.pbs.gov.au/info/publication/schedule/2012,2012-09-01,download_for_local_review,pdf,2012-09-01-general-schedule.pdf,https://www.pbs.gov.au/publication/schedule/2012/09/2012-09-01-general-schedule.pdf?variant=3,au_pbs_archive_53019dc305c8dc0e,public_reuse_review,Official PBS Schedule publication PDF. Suitable for checksum-bound historical citation; not equivalent to a structured API snapshot.,au_pbs,au_pbs_archive_2012_09_01_53019dc305c8,planned
https://www.pbs.gov.au/info/publication/schedule/2012,2012-03-01,download_for_local_review,pdf,2012-03-01-dental-book.pdf,https://www.pbs.gov.au/publication/schedule/2012/03/2012-03-01-dental-book.pdf?variant=3,au_pbs_archive_5336ea50b861129e,public_reuse_review,Official PBS Schedule publication PDF. Suitable for checksum-bound historical citation; not equivalent to a structured API snapshot.,au_pbs,au_pbs_archive_2012_03_01_5336ea50b861,planned
https://www.pbs.gov.au/info/publication/schedule/2019,2019-09-01,download_for_local_review,pdf,2019-09-01-general-schedule-volume-1.pdf,https://www.pbs.gov.au/publication/schedule/2019/09/2019-09-01-general-schedule-volume-1.pdf?variant=3,au_pbs_archive_53a8108c500debbd,public_reuse_review,Official PBS Schedule publication PDF. Suitable for checksum-bound historical citation; not equivalent to a structured API snapshot.,au_pbs,au_pbs_archive_2019_09_01_53a8108c500d,planned
https://www.pbs.gov.au/info/publication/schedule/2025,2025-10-01,download_for_local_review,pdf,2025-10-01-efc-schedule.pdf,https://www.pbs.gov.au/publication/schedule/2025/10/2025-10-01-efc-schedule.pdf?variant=3,au_pbs_archive_53c0aa0a76bda03b,public_reuse_review,Official PBS Schedule publication PDF. Suitable for checksum-bound historical citation; not equivalent to a structured API snapshot.,au_pbs,au_pbs_archive_2025_10_01_53c0aa0a76bd,planned
https://www.pbs.gov.au/info/publication/schedule/2009,2009-08-01,download_for_local_review,pdf,2009-08-01-dental-book-soc.pdf,https://www.pbs.gov.au/publication/schedule/2009/2009-08-01-dental-book-soc.pdf?variant=3,au_pbs_archive_53dfb436789523c8,public_reuse_review,Official PBS Schedule publication PDF. Suitable for checksum-bound historical citation; not equivalent to a structured API snapshot.,au_pbs,au_pbs_archive_2009_08_01_53dfb4367895,planned
https://www.pbs.gov.au/info/publication/schedule/2023,2023-01-01,download_for_local_review,pdf,2023-01-01-efc-schedule.pdf,https://www.pbs.gov.au/publication/schedule/2023/01/2023-01-01-efc-schedule.pdf?variant=3,au_pbs_archive_53f9354821e37ad2,public_reuse_review,Official PBS Schedule publication PDF. Suitable for checksum-bound historical citation; not equivalent to a structured API snapshot.,au_pbs,au_pbs_archive_2023_01_01_53f9354821e3,planned
https://www.pbs.gov.au/info/publication/schedule/2025,2025-04-01,download_for_local_review,pdf,2025-04-01-general-schedule-volume-1.pdf,https://www.pbs.gov.au/publication/schedule/2025/04/2025-04-01-general-schedule-volume-1.pdf?variant=3,au_pbs_archive_54977c1be4bbd674,public_reuse_review,Official PBS Schedule publication PDF. Suitable for checksum-bound historical citation; not equivalent to a structured API snapshot.,au_pbs,au_pbs_archive_2025_04_01_54977c1be4bb,planned
https://www.pbs.gov.au/info/publication/schedule/2011,2011-12-01,download_for_local_review,pdf,2011-12-01-general-schedule-erratum.pdf,https://www.pbs.gov.au/publication/schedule/2011/12/2011-12-01-general-schedule-erratum.pdf?variant=3,au_pbs_archive_54c44753a5cab84e,public_reuse_review,Official PBS Schedule publication PDF. Suitable for checksum-bound historical citation; not equivalent to a structured API snapshot.,au_pbs,au_pbs_archive_2011_12_01_54c44753a5ca,planned
https://www.pbs.gov.au/info/publication/schedule/2023,2023-06-01,download_for_local_review,pdf,2023-06-01-general-schedule-volume-2.pdf,https://www.pbs.gov.au/publication/schedule/2023/06/2023-06-01-general-schedule-volume-2.pdf?variant=3,au_pbs_archive_55350d0357c885da,public_reuse_review,Official PBS Schedule publication PDF. Suitable for checksum-bound historical citation; not equivalent to a structured API snapshot.,au_pbs,au_pbs_archive_2023_06_01_55350d0357c8,planned
https://www.pbs.gov.au/info/publication/schedule/2011,2011-11-01,download_for_local_review,pdf,2011-11-01-general-schedule.pdf,https://www.pbs.gov.au/publication/schedule/2011/11/2011-11-01-general-schedule.pdf?variant=3,au_pbs_archive_558aa27af15d9427,public_reuse_review,Official PBS Schedule publication PDF. Suitable for checksum-bound historical citation; not equivalent to a structured API snapshot.,au_pbs,au_pbs_archive_2011_11_01_558aa27af15d,planned
https://www.pbs.gov.au/info/publication/schedule/2015,2015-06-01,download_for_local_review,pdf,2015-06-01-general-schedule.pdf,https://www.pbs.gov.au/publication/schedule/2015/06/2015-06-01-general-schedule.pdf?variant=3,au_pbs_archive_55e5d1b946fe6983,public_reuse_review,Official PBS Schedule publication PDF. Suitable for checksum-bound historical citation; not equivalent to a structured API snapshot.,au_pbs,au_pbs_archive_2015_06_01_55e5d1b946fe,planned
https://www.pbs.gov.au/info/publication/schedule/2010,2010-01-01,download_for_local_review,pdf,2010-01-01-chemotherapy-book.pdf,https://www.pbs.gov.au/publication/schedule/2010/2010-01-01-chemotherapy-book.pdf?variant=3,au_pbs_archive_55ed6ad798c4cf4a,public_reuse_review,Official PBS Schedule publication PDF. Suitable for checksum-bound historical citation; not equivalent to a structured API snapshot.,au_pbs,au_pbs_archive_2010_01_01_55ed6ad798c4,planned
https://www.pbs.gov.au/info/publication/schedule/2025,2025-02-01,download_for_local_review,pdf,2025-02-01-general-schedule-volume-2.pdf,https://www.pbs.gov.au/publication/schedule/2025/02/2025-02-01-general-schedule-volume-2.pdf?variant=3,au_pbs_archive_56832efc9e8de579,public_reuse_review,Official PBS Schedule publication PDF. Suitable for checksum-bound historical citation; not equivalent to a structured API snapshot.,au_pbs,au_pbs_archive_2025_02_01_56832efc9e8d,planned
https://www.pbs.gov.au/info/publication/schedule/2024,2024-10-01,download_for_local_review,pdf,2024-10-01-general-schedule-volume-2.pdf,https://www.pbs.gov.au/publication/schedule/2024/10/2024-10-01-general-schedule-volume-2.pdf?variant=3,au_pbs_archive_56be21ac28e44800,public_reuse_review,Official PBS Schedule publication PDF. Suitable for checksum-bound historical citation; not equivalent to a structured API snapshot.,au_pbs,au_pbs_archive_2024_10_01_56be21ac28e4,planned
https://www.pbs.gov.au/info/publication/schedule/2011,2011-07-01,download_for_local_review,pdf,2011-07-01-general-schedule-SOC.pdf,https://www.pbs.gov.au/publication/schedule/2011/07/2011-07-01-general-schedule-SOC.pdf?variant=3,au_pbs_archive_57635beda6c20a36,public_reuse_review,Official PBS Schedule publication PDF. Suitable for checksum-bound historical citation; not equivalent to a structured API snapshot.,au_pbs,au_pbs_archive_2011_07_01_57635beda6c2,planned
https://www.pbs.gov.au/info/publication/schedule/2009,2009-10-01,download_for_local_review,pdf,2009-10-01-general-schedule-soc.pdf,https://www.pbs.gov.au/publication/schedule/2009/2009-10-01-general-schedule-soc.pdf?variant=3,au_pbs_archive_57e18d8bc68673a2,public_reuse_review,Official PBS Schedule publication PDF. Suitable for checksum-bound historical citation; not equivalent to a structured API snapshot.,au_pbs,au_pbs_archive_2009_10_01_57e18d8bc686,planned
https://www.pbs.gov.au/info/publication/schedule/2025,2025-06-01,download_for_local_review,pdf,2025-06-01-general-schedule-volume-2.pdf,https://www.pbs.gov.au/publication/schedule/2025/06/2025-06-01-general-schedule-volume-2.pdf?variant=3,au_pbs_archive_57ee13a6b5e1b243,public_reuse_review,Official PBS Schedule publication PDF. Suitable for checksum-bound historical citation; not equivalent to a structured API snapshot.,au_pbs,au_pbs_archive_2025_06_01_57ee13a6b5e1,planned
https://www.pbs.gov.au/info/publication/schedule/2015,2015-10-01,download_for_local_review,pdf,2015-10-01-general-schedule.pdf,https://www.pbs.gov.au/publication/schedule/2015/10/2015-10-01-general-schedule.pdf?variant=3,au_pbs_archive_5845d71ebdb40323,public_reuse_review,Official PBS Schedule publication PDF. Suitable for checksum-bound historical citation; not equivalent to a structured API snapshot.,au_pbs,au_pbs_archive_2015_10_01_5845d71ebdb4,planned
https://www.pbs.gov.au/info/publication/schedule/2008,2008-11-01,download_for_local_review,pdf,2008-11-01-dental-book.pdf,https://www.pbs.gov.au/publication/schedule/2008/2008-11-01-dental-book.pdf?variant=3,au_pbs_archive_5845e901f6edda3a,public_reuse_review,Official PBS Schedule publication PDF. Suitable for checksum-bound historical citation; not equivalent to a structured API snapshot.,au_pbs,au_pbs_archive_2008_11_01_5845e901f6ed,planned
https://www.pbs.gov.au/info/publication/schedule/2019,2019-08-01,download_for_local_review,pdf,2019-08-01-efc-schedule.pdf,https://www.pbs.gov.au/publication/schedule/2019/08/2019-08-01-efc-schedule.pdf?variant=3,au_pbs_archive_588bc07b4f585f20,public_reuse_review,Official PBS Schedule publication PDF. Suitable for checksum-bound historical citation; not equivalent to a structured API snapshot.,au_pbs,au_pbs_archive_2019_08_01_588bc07b4f58,planned
https://www.pbs.gov.au/info/publication/schedule/2010,2010-11-01,download_for_local_review,pdf,2010-11-01-general-schedule.pdf,https://www.pbs.gov.au/publication/schedule/2010/2010-11-01-general-schedule.pdf?variant=3,au_pbs_archive_58a7b920698d81b9,public_reuse_review,Official PBS Schedule publication PDF. Suitable for checksum-bound historical citation; not equivalent to a structured API snapshot.,au_pbs,au_pbs_archive_2010_11_01_58a7b920698d,planned
https://www.pbs.gov.au/info/publication/schedule/2009,2009-11-01,download_for_local_review,pdf,2009-11-01-general-schedule-soc.pdf,https://www.pbs.gov.au/publication/schedule/2009/2009-11-01-general-schedule-soc.pdf?variant=3,au_pbs_archive_58b3888c530f48d3,public_reuse_review,Official PBS Schedule publication PDF. Suitable for checksum-bound historical citation; not equivalent to a structured API snapshot.,au_pbs,au_pbs_archive_2009_11_01_58b3888c530f,planned
https://www.pbs.gov.au/info/publication/schedule/2020,2020-09-01,download_for_local_review,pdf,2020-09-01-general-schedule-volume-2.pdf,https://www.pbs.gov.au/publication/schedule/2020/09/2020-09-01-general-schedule-volume-2.pdf?variant=3,au_pbs_archive_58f84313fa971095,public_reuse_review,Official PBS Schedule publication PDF. Suitable for checksum-bound historical citation; not equivalent to a structured API snapshot.,au_pbs,au_pbs_archive_2020_09_01_58f84313fa97,planned
https://www.pbs.gov.au/info/publication/schedule/2022,2022-05-01,download_for_local_review,pdf,2022-05-01-general-soc.pdf,https://www.pbs.gov.au/publication/schedule/2022/05/2022-05-01-general-soc.pdf?variant=3,au_pbs_archive_590de0bb769fa18f,public_reuse_review,Official PBS Schedule publication PDF. Suitable for checksum-bound historical citation; not equivalent to a structured API snapshot.,au_pbs,au_pbs_archive_2022_05_01_590de0bb769f,planned
https://www.pbs.gov.au/info/publication/schedule/2020,2020-08-01,download_for_local_review,pdf,2020-08-01-general-schedule-volume-1.pdf,https://www.pbs.gov.au/publication/schedule/2020/08/2020-08-01-general-schedule-volume-1.pdf?variant=3,au_pbs_archive_59218069e96fb807,public_reuse_review,Official PBS Schedule publication PDF. Suitable for checksum-bound historical citation; not equivalent to a structured API snapshot.,au_pbs,au_pbs_archive_2020_08_01_59218069e96f,planned
https://www.pbs.gov.au/info/publication/schedule/2006,2006-08-01,download_for_local_review,pdf,2006-08-01-general-schedule.pdf,https://www.pbs.gov.au/publication/schedule/2006/2006-08-01-general-schedule.pdf?variant=3,au_pbs_archive_5936ea74234bb88f,public_reuse_review,Official PBS Schedule publication PDF. Suitable for checksum-bound historical citation; not equivalent to a structured API snapshot.,au_pbs,au_pbs_archive_2006_08_01_5936ea74234b,planned
https://www.pbs.gov.au/info/publication/schedule/2013,2013-02-01,download_for_local_review,pdf,2013-02-01-general-schedule-SOC.pdf,https://www.pbs.gov.au/publication/schedule/2013/02/2013-02-01-general-schedule-SOC.pdf?variant=3,au_pbs_archive_5949788b73c4a3c4,public_reuse_review,Official PBS Schedule publication PDF. Suitable for checksum-bound historical citation; not equivalent to a structured API snapshot.,au_pbs,au_pbs_archive_2013_02_01_5949788b73c4,planned
https://www.pbs.gov.au/info/publication/schedule/2004,2004-05-01,download_for_local_review,pdf,2004-05-01-general-schedule.pdf,https://www.pbs.gov.au/publication/schedule/2004/2004-05-01-general-schedule.pdf?variant=3,au_pbs_archive_594cf681b4df1e96,public_reuse_review,Official PBS Schedule publication PDF. Suitable for checksum-bound historical citation; not equivalent to a structured API snapshot.,au_pbs,au_pbs_archive_2004_05_01_594cf681b4df,planned
https://www.pbs.gov.au/info/publication/schedule/2020,2020-11-01,download_for_local_review,pdf,2020-11-01-general-soc.pdf,https://www.pbs.gov.au/publication/schedule/2020/11/2020-11-01-general-soc.pdf?variant=3,au_pbs_archive_594e13e4685c8bd2,public_reuse_review,Official PBS Schedule publication PDF. Suitable for checksum-bound historical citation; not equivalent to a structured API snapshot.,au_pbs,au_pbs_archive_2020_11_01_594e13e4685c,planned
https://www.pbs.gov.au/info/publication/schedule/2011,2011-02-01,download_for_local_review,pdf,2011-02-01-general-schedule-SOC.pdf,https://www.pbs.gov.au/publication/schedule/2011/02/2011-02-01-general-schedule-SOC.pdf?variant=3,au_pbs_archive_59540e580a3e00cd,public_reuse_review,Official PBS Schedule publication PDF. Suitable for checksum-bound historical citation; not equivalent to a structured API snapshot.,au_pbs,au_pbs_archive_2011_02_01_59540e580a3e,planned
https://www.pbs.gov.au/info/publication/schedule/2023,2023-12-01,download_for_local_review,pdf,2023-12-01-general-schedule-volume-1.pdf,https://www.pbs.gov.au/publication/schedule/2023/12/2023-12-01-general-schedule-volume-1.pdf?variant=3,au_pbs_archive_59f2726f087c092f,public_reuse_review,Official PBS Schedule publication PDF. Suitable for checksum-bound historical citation; not equivalent to a structured API snapshot.,au_pbs,au_pbs_archive_2023_12_01_59f2726f087c,planned
https://www.pbs.gov.au/info/publication/schedule/2014,2014-06-01,download_for_local_review,pdf,2014-06-01-general-schedule.pdf,https://www.pbs.gov.au/publication/schedule/2014/06/2014-06-01-general-schedule.pdf?variant=3,au_pbs_archive_5a5946fda175af9e,public_reuse_review,Official PBS Schedule publication PDF. Suitable for checksum-bound historical citation; not equivalent to a structured API snapshot.,au_pbs,au_pbs_archive_2014_06_01_5a5946fda175,planned
https://www.pbs.gov.au/info/publication/schedule/2009,2009-11-01,download_for_local_review,pdf,2009-11-01-general-schedule.pdf,https://www.pbs.gov.au/publication/schedule/2009/2009-11-01-general-schedule.pdf?variant=3,au_pbs_archive_5a7746a743beaf99,public_reuse_review,Official PBS Schedule publication PDF. Suitable for checksum-bound historical citation; not equivalent to a structured API snapshot.,au_pbs,au_pbs_archive_2009_11_01_5a7746a743be,planned
https://www.pbs.gov.au/info/publication/schedule/2019,2019-12-01,download_for_local_review,pdf,2019-12-01-errata.pdf,https://www.pbs.gov.au/publication/schedule/2019/12/2019-12-01-errata.pdf?variant=3,au_pbs_archive_5aa1940f40282846,public_reuse_review,Official PBS Schedule publication PDF. Suitable for checksum-bound historical citation; not equivalent to a structured API snapshot.,au_pbs,au_pbs_archive_2019_12_01_5aa1940f4028,planned
https://www.pbs.gov.au/info/publication/schedule/2010,2010-11-01,download_for_local_review,pdf,2010-11-01-general-schedule-SOC.pdf,https://www.pbs.gov.au/publication/schedule/2010/2010-11-01-general-schedule-SOC.pdf?variant=3,au_pbs_archive_5b02454156542022,public_reuse_review,Official PBS Schedule publication PDF. Suitable for checksum-bound historical citation; not equivalent to a structured API snapshot.,au_pbs,au_pbs_archive_2010_11_01_5b0245415654,planned
https://www.pbs.gov.au/info/publication/schedule/2025,2025-01-01,download_for_local_review,pdf,2025-01-01-general-schedule-volume-2.pdf,https://www.pbs.gov.au/publication/schedule/2025/01/2025-01-01-general-schedule-volume-2.pdf?variant=3,au_pbs_archive_5b10f328be5ae574,public_reuse_review,Official PBS Schedule publication PDF. Suitable for checksum-bound historical citation; not equivalent to a structured API snapshot.,au_pbs,au_pbs_archive_2025_01_01_5b10f328be5a,planned
https://www.pbs.gov.au/info/publication/schedule/2018,2018-01-01,download_for_local_review,pdf,2018-01-01-efc-schedule.pdf,https://www.pbs.gov.au/publication/schedule/2018/01/2018-01-01-efc-schedule.pdf?variant=3,au_pbs_archive_5b8ef67e1e3db7b3,public_reuse_review,Official PBS Schedule publication PDF. Suitable for checksum-bound historical citation; not equivalent to a structured API snapshot.,au_pbs,au_pbs_archive_2018_01_01_5b8ef67e1e3d,planned
https://www.pbs.gov.au/info/publication/schedule/2013,2013-05-01,download_for_local_review,pdf,2013-05-01-errata.pdf,https://www.pbs.gov.au/publication/schedule/2013/05/2013-05-01-errata.pdf?variant=3,au_pbs_archive_5bad840fafe204df,public_reuse_review,Official PBS Schedule publication PDF. Suitable for checksum-bound historical citation; not equivalent to a structured API snapshot.,au_pbs,au_pbs_archive_2013_05_01_5bad840fafe2,planned
https://www.pbs.gov.au/info/publication/schedule/2024,2024-06-01,download_for_local_review,pdf,2024-06-01-general-schedule-volume-2.pdf,https://www.pbs.gov.au/publication/schedule/2024/06/2024-06-01-general-schedule-volume-2.pdf?variant=3,au_pbs_archive_5bb63b13a39b09e1,public_reuse_review,Official PBS Schedule publication PDF. Suitable for checksum-bound historical citation; not equivalent to a structured API snapshot.,au_pbs,au_pbs_archive_2024_06_01_5bb63b13a39b,planned
https://www.pbs.gov.au/info/publication/schedule/2017,2017-08-01,download_for_local_review,pdf,2017-08-01-general-soc.pdf,https://www.pbs.gov.au/publication/schedule/2017/08/2017-08-01-general-soc.pdf?variant=3,au_pbs_archive_5bc65f0515591c2b,public_reuse_review,Official PBS Schedule publication PDF. Suitable for checksum-bound historical citation; not equivalent to a structured API snapshot.,au_pbs,au_pbs_archive_2017_08_01_5bc65f051559,planned
https://www.pbs.gov.au/info/publication/schedule/2025,2025-09-01,download_for_local_review,pdf,2025-09-01-general-soc.pdf,https://www.pbs.gov.au/publication/schedule/2025/09/2025-09-01-general-soc.pdf?variant=3,au_pbs_archive_5bf12d103a07805d,public_reuse_review,Official PBS Schedule publication PDF. Suitable for checksum-bound historical citation; not equivalent to a structured API snapshot.,au_pbs,au_pbs_archive_2025_09_01_5bf12d103a07,planned
https://www.pbs.gov.au/info/publication/schedule/2023,2023-01-01,download_for_local_review,pdf,2023-01-01-general-schedule-volume-1.pdf,https://www.pbs.gov.au/publication/schedule/2023/01/2023-01-01-general-schedule-volume-1.pdf?variant=3,au_pbs_archive_5c1ea1650f7f4f4e,public_reuse_review,Official PBS Schedule publication PDF. Suitable for checksum-bound historical citation; not equivalent to a structured API snapshot.,au_pbs,au_pbs_archive_2023_01_01_5c1ea1650f7f,planned
https://www.pbs.gov.au/info/publication/schedule/2025,2025-07-01,download_for_local_review,pdf,2025-07-01-general-schedule-volume-2.pdf,https://www.pbs.gov.au/publication/schedule/2025/07/2025-07-01-general-schedule-volume-2.pdf?variant=3,au_pbs_archive_5d01a9cf58fc5687,public_reuse_review,Official PBS Schedule publication PDF. Suitable for checksum-bound historical citation; not equivalent to a structured API snapshot.,au_pbs,au_pbs_archive_2025_07_01_5d01a9cf58fc,planned
https://www.pbs.gov.au/info/publication/schedule/2026,2026-03-01,download_for_local_review,pdf,2026-03-01-efc-schedule.pdf,https://www.pbs.gov.au/publication/schedule/2026/03/2026-03-01-efc-schedule.pdf?variant=3,au_pbs_archive_5d2cc1513bd51380,public_reuse_review,Official PBS Schedule publication PDF. Suitable for checksum-bound historical citation; not equivalent to a structured API snapshot.,au_pbs,au_pbs_archive_2026_03_01_5d2cc1513bd5,planned
https://www.pbs.gov.au/info/publication/schedule/2016,2016-06-01,download_for_local_review,pdf,2016-06-01-general-schedule-soc.pdf,https://www.pbs.gov.au/publication/schedule/2016/06/2016-06-01-general-schedule-soc.pdf?variant=3,au_pbs_archive_5d41510ca883012f,public_reuse_review,Official PBS Schedule publication PDF. Suitable for checksum-bound historical citation; not equivalent to a structured API snapshot.,au_pbs,au_pbs_archive_2016_06_01_5d41510ca883,planned
https://www.pbs.gov.au/info/publication/schedule/2023,2023-12-01,download_for_local_review,pdf,2023-12-01-general-soc.pdf,https://www.pbs.gov.au/publication/schedule/2023/12/2023-12-01-general-soc.pdf?variant=3,au_pbs_archive_5d5307ff08ec6dae,public_reuse_review,Official PBS Schedule publication PDF. Suitable for checksum-bound historical citation; not equivalent to a structured API snapshot.,au_pbs,au_pbs_archive_2023_12_01_5d5307ff08ec,planned
https://www.pbs.gov.au/info/publication/schedule/2016,2016-02-01,download_for_local_review,pdf,2016-02-01-general-schedule.pdf,https://www.pbs.gov.au/publication/schedule/2016/02/2016-02-01-general-schedule.pdf?variant=3,au_pbs_archive_5dcdb59f4e5e0a8b,public_reuse_review,Official PBS Schedule publication PDF. Suitable for checksum-bound historical citation; not equivalent to a structured API snapshot.,au_pbs,au_pbs_archive_2016_02_01_5dcdb59f4e5e,planned
https://www.pbs.gov.au/info/publication/schedule/2022,2022-02-01,download_for_local_review,pdf,2022-02-01-general-schedule-volume-1.pdf,https://www.pbs.gov.au/publication/schedule/2022/02/2022-02-01-general-schedule-volume-1.pdf?variant=3,au_pbs_archive_5ee60c9293327131,public_reuse_review,Official PBS Schedule publication PDF. Suitable for checksum-bound historical citation; not equivalent to a structured API snapshot.,au_pbs,au_pbs_archive_2022_02_01_5ee60c929332,planned
https://www.pbs.gov.au/info/publication/schedule/2019,2019-03-01,download_for_local_review,pdf,2019-03-01-general-schedule.pdf,https://www.pbs.gov.au/publication/schedule/2019/03/2019-03-01-general-schedule.pdf?variant=3,au_pbs_archive_5f4b7a91e96c3373,public_reuse_review,Official PBS Schedule publication PDF. Suitable for checksum-bound historical citation; not equivalent to a structured API snapshot.,au_pbs,au_pbs_archive_2019_03_01_5f4b7a91e96c,planned
https://www.pbs.gov.au/info/publication/schedule/2013,2013-09-01,download_for_local_review,pdf,2013-09-01-errata.pdf,https://www.pbs.gov.au/publication/schedule/2013/09/2013-09-01-errata.pdf?variant=3,au_pbs_archive_5f70d77edf462453,public_reuse_review,Official PBS Schedule publication PDF. Suitable for checksum-bound historical citation; not equivalent to a structured API snapshot.,au_pbs,au_pbs_archive_2013_09_01_5f70d77edf46,planned
https://www.pbs.gov.au/info/publication/schedule/2020,2020-03-01,download_for_local_review,pdf,2020-03-01-general-soc.pdf,https://www.pbs.gov.au/publication/schedule/2020/03/2020-03-01-general-soc.pdf?variant=3,au_pbs_archive_5fbc7b2b15d92114,public_reuse_review,Official PBS Schedule publication PDF. Suitable for checksum-bound historical citation; not equivalent to a structured API snapshot.,au_pbs,au_pbs_archive_2020_03_01_5fbc7b2b15d9,planned
https://www.pbs.gov.au/info/publication/schedule/2017,2017-04-01,download_for_local_review,pdf,2017-04-01-errata.pdf,https://www.pbs.gov.au/publication/schedule/2017/04/2017-04-01-errata.pdf?variant=3,au_pbs_archive_5fc54c12eff24d56,public_reuse_review,Official PBS Schedule publication PDF. Suitable for checksum-bound historical citation; not equivalent to a structured API snapshot.,au_pbs,au_pbs_archive_2017_04_01_5fc54c12eff2,planned
https://www.pbs.gov.au/info/publication/schedule/2020,2020-07-01,download_for_local_review,pdf,2020-07-01-general-soc.pdf,https://www.pbs.gov.au/publication/schedule/2020/07/2020-07-01-general-soc.pdf?variant=3,au_pbs_archive_5fddfb0c23d3f67c,public_reuse_review,Official PBS Schedule publication PDF. Suitable for checksum-bound historical citation; not equivalent to a structured API snapshot.,au_pbs,au_pbs_archive_2020_07_01_5fddfb0c23d3,planned
https://www.pbs.gov.au/info/publication/schedule/2010,2010-04-01,download_for_local_review,pdf,2010-04-01-dental-book.pdf,https://www.pbs.gov.au/publication/schedule/2010/2010-04-01-dental-book.pdf?variant=3,au_pbs_archive_5ff2ee57be8892a8,public_reuse_review,Official PBS Schedule publication PDF. Suitable for checksum-bound historical citation; not equivalent to a structured API snapshot.,au_pbs,au_pbs_archive_2010_04_01_5ff2ee57be88,planned
https://www.pbs.gov.au/info/publication/schedule/2008,2008-03-01,download_for_local_review,pdf,2008-03-01-general-schedule-soc.pdf,https://www.pbs.gov.au/publication/schedule/2008/2008-03-01-general-schedule-soc.pdf?variant=3,au_pbs_archive_6047e2cb63d3bf8e,public_reuse_review,Official PBS Schedule publication PDF. Suitable for checksum-bound historical citation; not equivalent to a structured API snapshot.,au_pbs,au_pbs_archive_2008_03_01_6047e2cb63d3,planned
https://www.pbs.gov.au/info/publication/schedule/2020,2020-09-01,download_for_local_review,pdf,2020-09-01-general-soc.pdf,https://www.pbs.gov.au/publication/schedule/2020/09/2020-09-01-general-soc.pdf?variant=3,au_pbs_archive_604a36040edab30c,public_reuse_review,Official PBS Schedule publication PDF. Suitable for checksum-bound historical citation; not equivalent to a structured API snapshot.,au_pbs,au_pbs_archive_2020_09_01_604a36040eda,planned
https://www.pbs.gov.au/info/publication/schedule/2026,2026-05-01,download_for_local_review,pdf,2026-05-01-general-schedule-Volume-1.pdf,https://www.pbs.gov.au/publication/schedule/2026/05/2026-05-01-general-schedule-Volume-1.pdf?variant=3,au_pbs_archive_6050b795ba25ad9b,public_reuse_review,Official PBS Schedule publication PDF. Suitable for checksum-bound historical citation; not equivalent to a structured API snapshot.,au_pbs,au_pbs_archive_2026_05_01_6050b795ba25,planned
https://www.pbs.gov.au/info/publication/schedule/2012,2012-12-01,download_for_local_review,pdf,2012-12-01-general-schedule-SOC.pdf,https://www.pbs.gov.au/publication/schedule/2012/12/2012-12-01-general-schedule-SOC.pdf?variant=3,au_pbs_archive_605c83251106c427,public_reuse_review,Official PBS Schedule publication PDF. Suitable for checksum-bound historical citation; not equivalent to a structured API snapshot.,au_pbs,au_pbs_archive_2012_12_01_605c83251106,planned
https://www.pbs.gov.au/info/publication/schedule/2017,2017-01-01,download_for_local_review,pdf,2017-01-01-efc-schedule.pdf,https://www.pbs.gov.au/publication/schedule/2017/01/2017-01-01-efc-schedule.pdf?variant=3,au_pbs_archive_60b5254913060edc,public_reuse_review,Official PBS Schedule publication PDF. Suitable for checksum-bound historical citation; not equivalent to a structured API snapshot.,au_pbs,au_pbs_archive_2017_01_01_60b525491306,planned
https://www.pbs.gov.au/info/publication/schedule/2011,2011-10-01,download_for_local_review,pdf,2011-10-01-general-schedule.pdf,https://www.pbs.gov.au/publication/schedule/2011/10/2011-10-01-general-schedule.pdf?variant=3,au_pbs_archive_60ccb739cdadf520,public_reuse_review,Official PBS Schedule publication PDF. Suitable for checksum-bound historical citation; not equivalent to a structured API snapshot.,au_pbs,au_pbs_archive_2011_10_01_60ccb739cdad,planned
https://www.pbs.gov.au/info/publication/schedule/2024,2024-09-01,download_for_local_review,pdf,2024-09-01-efc-schedule.pdf,https://www.pbs.gov.au/publication/schedule/2024/09/2024-09-01-efc-schedule.pdf?variant=3,au_pbs_archive_60f660163a734dc1,public_reuse_review,Official PBS Schedule publication PDF. Suitable for checksum-bound historical citation; not equivalent to a structured API snapshot.,au_pbs,au_pbs_archive_2024_09_01_60f660163a73,planned
https://www.pbs.gov.au/info/publication/schedule/historical-archive,1976-12-01,download_for_local_review,pdf,1976-12-01-consolidated-schedules.pdf,https://www.pbs.gov.au/publication/schedule/1951-2002/1976-12-01-consolidated-schedules.pdf?variant=3,au_pbs_archive_614b4ee5ac9b1e4f,public_reuse_review,Official PBS Schedule publication PDF. Suitable for checksum-bound historical citation; not equivalent to a structured API snapshot.,au_pbs,au_pbs_archive_1976_12_01_614b4ee5ac9b,planned
https://www.pbs.gov.au/info/publication/schedule/2009,2009-02-01,download_for_local_review,pdf,2009-02-01-dental-book.pdf,https://www.pbs.gov.au/publication/schedule/2009/2009-02-01-dental-book.pdf?variant=3,au_pbs_archive_617b995ca8421cb1,public_reuse_review,Official PBS Schedule publication PDF. Suitable for checksum-bound historical citation; not equivalent to a structured API snapshot.,au_pbs,au_pbs_archive_2009_02_01_617b995ca842,planned
https://www.pbs.gov.au/info/publication/schedule/2009,2009-09-01,download_for_local_review,pdf,2009-09-01-general-schedule-soc.pdf,https://www.pbs.gov.au/publication/schedule/2009/2009-09-01-general-schedule-soc.pdf?variant=3,au_pbs_archive_61b5ae028a136003,public_reuse_review,Official PBS Schedule publication PDF. Suitable for checksum-bound historical citation; not equivalent to a structured API snapshot.,au_pbs,au_pbs_archive_2009_09_01_61b5ae028a13,planned
https://www.pbs.gov.au/info/publication/schedule/2023,2023-08-01,download_for_local_review,pdf,2023-08-01-general-schedule-volume-1.pdf,https://www.pbs.gov.au/publication/schedule/2023/08/2023-08-01-general-schedule-volume-1.pdf?variant=3,au_pbs_archive_6290cbc42ec7a4fc,public_reuse_review,Official PBS Schedule publication PDF. Suitable for checksum-bound historical citation; not equivalent to a structured API snapshot.,au_pbs,au_pbs_archive_2023_08_01_6290cbc42ec7,planned
https://www.pbs.gov.au/info/publication/schedule/2020,2020-01-01,download_for_local_review,pdf,2020-01-01-general-schedule-volume-1.pdf,https://www.pbs.gov.au/publication/schedule/2020/01/2020-01-01-general-schedule-volume-1.pdf?variant=3,au_pbs_archive_6299523accd48468,public_reuse_review,Official PBS Schedule publication PDF. Suitable for checksum-bound historical citation; not equivalent to a structured API snapshot.,au_pbs,au_pbs_archive_2020_01_01_6299523accd4,planned
https://www.pbs.gov.au/info/publication/schedule/2013,2013-08-01,download_for_local_review,pdf,2013-08-01-general-schedule.pdf,https://www.pbs.gov.au/publication/schedule/2013/08/2013-08-01-general-schedule.pdf?variant=3,au_pbs_archive_62a83f1b97276275,public_reuse_review,Official PBS Schedule publication PDF. Suitable for checksum-bound historical citation; not equivalent to a structured API snapshot.,au_pbs,au_pbs_archive_2013_08_01_62a83f1b9727,planned
https://www.pbs.gov.au/info/publication/schedule/2013,2013-07-01,download_for_local_review,pdf,2013-07-01-general-schedule-soc.pdf,https://www.pbs.gov.au/publication/schedule/2013/07/2013-07-01-general-schedule-soc.pdf?variant=3,au_pbs_archive_62aeb1675419c179,public_reuse_review,Official PBS Schedule publication PDF. Suitable for checksum-bound historical citation; not equivalent to a structured API snapshot.,au_pbs,au_pbs_archive_2013_07_01_62aeb1675419,planned
https://www.pbs.gov.au/info/publication/schedule/2025,2025-08-01,download_for_local_review,pdf,2025-08-01-efc-schedule.pdf,https://www.pbs.gov.au/publication/schedule/2025/08/2025-08-01-efc-schedule.pdf?variant=3,au_pbs_archive_62da29e8e3e762eb,public_reuse_review,Official PBS Schedule publication PDF. Suitable for checksum-bound historical citation; not equivalent to a structured API snapshot.,au_pbs,au_pbs_archive_2025_08_01_62da29e8e3e7,planned
https://www.pbs.gov.au/info/publication/schedule/historical-archive,1984-12-01,download_for_local_review,pdf,1984-12-01-consolidated-schedules.pdf,https://www.pbs.gov.au/publication/schedule/1951-2002/1984-12-01-consolidated-schedules.pdf?variant=3,au_pbs_archive_62eef22f080a1dcc,public_reuse_review,Official PBS Schedule publication PDF. Suitable for checksum-bound historical citation; not equivalent to a structured API snapshot.,au_pbs,au_pbs_archive_1984_12_01_62eef22f080a,planned
https://www.pbs.gov.au/info/publication/schedule/2018,2018-09-01,download_for_local_review,pdf,2018-09-01-general-schedule.pdf,https://www.pbs.gov.au/publication/schedule/2018/09/2018-09-01-general-schedule.pdf?variant=3,au_pbs_archive_6318509316770e50,public_reuse_review,Official PBS Schedule publication PDF. Suitable for checksum-bound historical citation; not equivalent to a structured API snapshot.,au_pbs,au_pbs_archive_2018_09_01_631850931677,planned
https://www.pbs.gov.au/info/publication/schedule/2015,2015-09-01,download_for_local_review,pdf,2015-09-01-general-schedule-soc.pdf,https://www.pbs.gov.au/publication/schedule/2015/09/2015-09-01-general-schedule-soc.pdf?variant=3,au_pbs_archive_6353ed4aaa7bffb8,public_reuse_review,Official PBS Schedule publication PDF. Suitable for checksum-bound historical citation; not equivalent to a structured API snapshot.,au_pbs,au_pbs_archive_2015_09_01_6353ed4aaa7b,planned
https://www.pbs.gov.au/info/publication/schedule/2009,2009-06-01,download_for_local_review,pdf,2009-06-01-general-schedule.pdf,https://www.pbs.gov.au/publication/schedule/2009/2009-06-01-general-schedule.pdf?variant=3,au_pbs_archive_6371b54701f7aa72,public_reuse_review,Official PBS Schedule publication PDF. Suitable for checksum-bound historical citation; not equivalent to a structured API snapshot.,au_pbs,au_pbs_archive_2009_06_01_6371b54701f7,planned
https://www.pbs.gov.au/info/publication/schedule/2006,2006-04-01,download_for_local_review,pdf,2006-04-01-dental-book.pdf,https://www.pbs.gov.au/publication/schedule/2006/2006-04-01-dental-book.pdf?variant=3,au_pbs_archive_63748b1530054235,public_reuse_review,Official PBS Schedule publication PDF. Suitable for checksum-bound historical citation; not equivalent to a structured API snapshot.,au_pbs,au_pbs_archive_2006_04_01_63748b153005,planned
https://www.pbs.gov.au/info/publication/schedule/2025,2025-10-01,download_for_local_review,pdf,2025-10-01-general-schedule-volume-2.pdf,https://www.pbs.gov.au/publication/schedule/2025/10/2025-10-01-general-schedule-volume-2.pdf?variant=3,au_pbs_archive_63869274fdf5613c,public_reuse_review,Official PBS Schedule publication PDF. Suitable for checksum-bound historical citation; not equivalent to a structured API snapshot.,au_pbs,au_pbs_archive_2025_10_01_63869274fdf5,planned
https://www.pbs.gov.au/info/publication/schedule/2012,2012-06-01,download_for_local_review,pdf,2012-06-01-general-schedule.pdf,https://www.pbs.gov.au/publication/schedule/2012/06/2012-06-01-general-schedule.pdf?variant=3,au_pbs_archive_63c9795634ce7e07,public_reuse_review,Official PBS Schedule publication PDF. Suitable for checksum-bound historical citation; not equivalent to a structured API snapshot.,au_pbs,au_pbs_archive_2012_06_01_63c9795634ce,planned
https://www.pbs.gov.au/info/publication/schedule/2010,2010-05-01,download_for_local_review,pdf,2010-05-01-general-schedule-SOC.pdf,https://www.pbs.gov.au/publication/schedule/2010/2010-05-01-general-schedule-SOC.pdf?variant=3,au_pbs_archive_63f79ea29ca21480,public_reuse_review,Official PBS Schedule publication PDF. Suitable for checksum-bound historical citation; not equivalent to a structured API snapshot.,au_pbs,au_pbs_archive_2010_05_01_63f79ea29ca2,planned
https://www.pbs.gov.au/info/publication/schedule/2013,2013-06-01,download_for_local_review,pdf,2013-06-01-errata.pdf,https://www.pbs.gov.au/publication/schedule/2013/06/2013-06-01-errata.pdf?variant=3,au_pbs_archive_645f8ceb4951ff0f,public_reuse_review,Official PBS Schedule publication PDF. Suitable for checksum-bound historical citation; not equivalent to a structured API snapshot.,au_pbs,au_pbs_archive_2013_06_01_645f8ceb4951,planned
https://www.pbs.gov.au/info/publication/schedule/2008,2008-06-01,download_for_local_review,pdf,2008-06-01-general-schedule.pdf,https://www.pbs.gov.au/publication/schedule/2008/2008-06-01-general-schedule.pdf?variant=3,au_pbs_archive_64c687341ab901bc,public_reuse_review,Official PBS Schedule publication PDF. Suitable for checksum-bound historical citation; not equivalent to a structured API snapshot.,au_pbs,au_pbs_archive_2008_06_01_64c687341ab9,planned
https://www.pbs.gov.au/info/publication/schedule/2010,2010-07-01,download_for_local_review,pdf,2010-07-01-general-schedule.pdf,https://www.pbs.gov.au/publication/schedule/2010/2010-07-01-general-schedule.pdf?variant=3,au_pbs_archive_64dfb08c7dafb918,public_reuse_review,Official PBS Schedule publication PDF. Suitable for checksum-bound historical citation; not equivalent to a structured API snapshot.,au_pbs,au_pbs_archive_2010_07_01_64dfb08c7daf,planned
https://www.pbs.gov.au/info/publication/schedule/2011,2011-02-01,download_for_local_review,pdf,2011-02-01-general-schedule.pdf,https://www.pbs.gov.au/publication/schedule/2011/02/2011-02-01-general-schedule.pdf?variant=3,au_pbs_archive_64f5eceb8399a7c2,public_reuse_review,Official PBS Schedule publication PDF. Suitable for checksum-bound historical citation; not equivalent to a structured API snapshot.,au_pbs,au_pbs_archive_2011_02_01_64f5eceb8399,planned
https://www.pbs.gov.au/info/publication/schedule/2021,2021-08-01,download_for_local_review,pdf,2021-08-01-general-soc.pdf,https://www.pbs.gov.au/publication/schedule/2021/08/2021-08-01-general-soc.pdf?variant=3,au_pbs_archive_652703f6cc8b304f,public_reuse_review,Official PBS Schedule publication PDF. Suitable for checksum-bound historical citation; not equivalent to a structured API snapshot.,au_pbs,au_pbs_archive_2021_08_01_652703f6cc8b,planned
https://www.pbs.gov.au/info/publication/schedule/2025,2025-07-01,download_for_local_review,pdf,2025-07-01-efc-schedule.pdf,https://www.pbs.gov.au/publication/schedule/2025/07/2025-07-01-efc-schedule.pdf?variant=3,au_pbs_archive_65300cb6facdc79a,public_reuse_review,Official PBS Schedule publication PDF. Suitable for checksum-bound historical citation; not equivalent to a structured API snapshot.,au_pbs,au_pbs_archive_2025_07_01_65300cb6facd,planned
https://www.pbs.gov.au/info/publication/schedule/2020,2020-05-01,download_for_local_review,pdf,2020-05-01-general-schedule-volume-2.pdf,https://www.pbs.gov.au/publication/schedule/2020/05/2020-05-01-general-schedule-volume-2.pdf?variant=3,au_pbs_archive_6572d5160e9d44c1,public_reuse_review,Official PBS Schedule publication PDF. Suitable for checksum-bound historical citation; not equivalent to a structured API snapshot.,au_pbs,au_pbs_archive_2020_05_01_6572d5160e9d,planned
https://www.pbs.gov.au/info/publication/schedule/2011,2011-12-01,download_for_local_review,pdf,2011-12-01-general-schedule-SOC.pdf,https://www.pbs.gov.au/publication/schedule/2011/12/2011-12-01-general-schedule-SOC.pdf?variant=3,au_pbs_archive_65a1ae38de4a12b6,public_reuse_review,Official PBS Schedule publication PDF. Suitable for checksum-bound historical citation; not equivalent to a structured API snapshot.,au_pbs,au_pbs_archive_2011_12_01_65a1ae38de4a,planned
https://www.pbs.gov.au/info/publication/schedule/2007,2007-03-01,download_for_local_review,pdf,2007-03-01-dental-book.pdf,https://www.pbs.gov.au/publication/schedule/2007/2007-03-01-dental-book.pdf?variant=3,au_pbs_archive_65af3140307ad3be,public_reuse_review,Official PBS Schedule publication PDF. Suitable for checksum-bound historical citation; not equivalent to a structured API snapshot.,au_pbs,au_pbs_archive_2007_03_01_65af3140307a,planned
https://www.pbs.gov.au/info/publication/schedule/2014,2014-01-01,download_for_local_review,pdf,2014-01-01-general-schedule.pdf,https://www.pbs.gov.au/publication/schedule/2014/01/2014-01-01-general-schedule.pdf?variant=3,au_pbs_archive_6610373950081946,public_reuse_review,Official PBS Schedule publication PDF. Suitable for checksum-bound historical citation; not equivalent to a structured API snapshot.,au_pbs,au_pbs_archive_2014_01_01_661037395008,planned
https://www.pbs.gov.au/info/publication/schedule/2022,2022-08-01,download_for_local_review,pdf,2022-08-01-general-schedule-volume-1.pdf,https://www.pbs.gov.au/publication/schedule/2022/08/2022-08-01-general-schedule-volume-1.pdf?variant=3,au_pbs_archive_6706f865158355ab,public_reuse_review,Official PBS Schedule publication PDF. Suitable for checksum-bound historical citation; not equivalent to a structured API snapshot.,au_pbs,au_pbs_archive_2022_08_01_6706f8651583,planned
https://www.pbs.gov.au/info/publication/schedule/2018,2018-09-01,download_for_local_review,pdf,2018-09-01-efc-schedule.pdf,https://www.pbs.gov.au/publication/schedule/2018/09/2018-09-01-efc-schedule.pdf?variant=3,au_pbs_archive_6742833fe195da5c,public_reuse_review,Official PBS Schedule publication PDF. Suitable for checksum-bound historical citation; not equivalent to a structured API snapshot.,au_pbs,au_pbs_archive_2018_09_01_6742833fe195,planned
https://www.pbs.gov.au/info/publication/schedule/2019,2019-09-01,download_for_local_review,pdf,2019-09-01-general-soc.pdf,https://www.pbs.gov.au/publication/schedule/2019/09/2019-09-01-general-soc.pdf?variant=3,au_pbs_archive_676031d2e2adc29e,public_reuse_review,Official PBS Schedule publication PDF. Suitable for checksum-bound historical citation; not equivalent to a structured API snapshot.,au_pbs,au_pbs_archive_2019_09_01_676031d2e2ad,planned
https://www.pbs.gov.au/info/publication/schedule/2019,2019-10-01,download_for_local_review,pdf,2019-10-01-efc-schedule.pdf,https://www.pbs.gov.au/publication/schedule/2019/10/2019-10-01-efc-schedule.pdf?variant=3,au_pbs_archive_67ad477430418ffb,public_reuse_review,Official PBS Schedule publication PDF. Suitable for checksum-bound historical citation; not equivalent to a structured API snapshot.,au_pbs,au_pbs_archive_2019_10_01_67ad47743041,planned
https://www.pbs.gov.au/info/publication/schedule/2022,2022-11-01,download_for_local_review,pdf,2022-11-01-general-schedule-volume-2.pdf,https://www.pbs.gov.au/publication/schedule/2022/11/2022-11-01-general-schedule-volume-2.pdf?variant=3,au_pbs_archive_67f0383308b4eb6c,public_reuse_review,Official PBS Schedule publication PDF. Suitable for checksum-bound historical citation; not equivalent to a structured API snapshot.,au_pbs,au_pbs_archive_2022_11_01_67f0383308b4,planned
https://www.pbs.gov.au/info/publication/schedule/2023,2023-09-01,download_for_local_review,pdf,2023-09-01-efc-schedule.pdf,https://www.pbs.gov.au/publication/schedule/2023/09/2023-09-01-efc-schedule.pdf?variant=3,au_pbs_archive_68012a832a70d2b7,public_reuse_review,Official PBS Schedule publication PDF. Suitable for checksum-bound historical citation; not equivalent to a structured API snapshot.,au_pbs,au_pbs_archive_2023_09_01_68012a832a70,planned
https://www.pbs.gov.au/info/publication/schedule/2026,2026-03-01,download_for_local_review,pdf,2026-03-01-general-schedule-volume-2.pdf,https://www.pbs.gov.au/publication/schedule/2026/03/2026-03-01-general-schedule-volume-2.pdf?variant=3,au_pbs_archive_682490a83a0e56e8,public_reuse_review,Official PBS Schedule publication PDF. Suitable for checksum-bound historical citation; not equivalent to a structured API snapshot.,au_pbs,au_pbs_archive_2026_03_01_682490a83a0e,planned
https://www.pbs.gov.au/info/publication/schedule/2010,2010-01-01,download_for_local_review,pdf,2010-01-01-general-schedule.pdf,https://www.pbs.gov.au/publication/schedule/2010/2010-01-01-general-schedule.pdf?variant=3,au_pbs_archive_682c0df5e1df61ef,public_reuse_review,Official PBS Schedule publication PDF. Suitable for checksum-bound historical citation; not equivalent to a structured API snapshot.,au_pbs,au_pbs_archive_2010_01_01_682c0df5e1df,planned
https://www.pbs.gov.au/info/publication/schedule/2021,2021-07-01,download_for_local_review,pdf,2021-07-01-general-soc.pdf,https://www.pbs.gov.au/publication/schedule/2021/07/2021-07-01-general-soc.pdf?variant=3,au_pbs_archive_68ff0563e7dd8605,public_reuse_review,Official PBS Schedule publication PDF. Suitable for checksum-bound historical citation; not equivalent to a structured API snapshot.,au_pbs,au_pbs_archive_2021_07_01_68ff0563e7dd,planned
https://www.pbs.gov.au/info/publication/schedule/2016,2016-04-01,download_for_local_review,pdf,2016-04-01-efc-schedule.pdf,https://www.pbs.gov.au/publication/schedule/2016/04/2016-04-01-efc-schedule.pdf?variant=3,au_pbs_archive_691413e40741f570,public_reuse_review,Official PBS Schedule publication PDF. Suitable for checksum-bound historical citation; not equivalent to a structured API snapshot.,au_pbs,au_pbs_archive_2016_04_01_691413e40741,planned
https://www.pbs.gov.au/info/publication/schedule/2018,2018-08-01,download_for_local_review,pdf,2018-08-01-general-soc.pdf,https://www.pbs.gov.au/publication/schedule/2018/08/2018-08-01-general-soc.pdf?variant=3,au_pbs_archive_695c59f1b34bc644,public_reuse_review,Official PBS Schedule publication PDF. Suitable for checksum-bound historical citation; not equivalent to a structured API snapshot.,au_pbs,au_pbs_archive_2018_08_01_695c59f1b34b,planned
https://www.pbs.gov.au/info/publication/schedule/2013,2013-02-01,download_for_local_review,pdf,2013-02-01-data-erratum.pdf,https://www.pbs.gov.au/publication/schedule/2013/02/2013-02-01-data-erratum.pdf?variant=3,au_pbs_archive_695dbe8b540b93f7,public_reuse_review,Official PBS Schedule publication PDF. Suitable for checksum-bound historical citation; not equivalent to a structured API snapshot.,au_pbs,au_pbs_archive_2013_02_01_695dbe8b540b,planned
https://www.pbs.gov.au/info/publication/schedule/2024,2024-06-01,download_for_local_review,pdf,2024-06-01-general-schedule-volume-1.pdf,https://www.pbs.gov.au/publication/schedule/2024/06/2024-06-01-general-schedule-volume-1.pdf?variant=3,au_pbs_archive_69973c7c7c410343,public_reuse_review,Official PBS Schedule publication PDF. Suitable for checksum-bound historical citation; not equivalent to a structured API snapshot.,au_pbs,au_pbs_archive_2024_06_01_69973c7c7c41,planned
https://www.pbs.gov.au/info/publication/schedule/2007,2007-02-01,download_for_local_review,pdf,2007-02-01-dental-book.pdf,https://www.pbs.gov.au/publication/schedule/2007/2007-02-01-dental-book.pdf?variant=3,au_pbs_archive_69c910bb125bb78d,public_reuse_review,Official PBS Schedule publication PDF. Suitable for checksum-bound historical citation; not equivalent to a structured API snapshot.,au_pbs,au_pbs_archive_2007_02_01_69c910bb125b,planned
https://www.pbs.gov.au/info/publication/schedule/2012,2012-09-01,download_for_local_review,pdf,2012-09-01-general-schedule-SOC.pdf,https://www.pbs.gov.au/publication/schedule/2012/09/2012-09-01-general-schedule-SOC.pdf?variant=3,au_pbs_archive_69df1310039436cf,public_reuse_review,Official PBS Schedule publication PDF. Suitable for checksum-bound historical citation; not equivalent to a structured API snapshot.,au_pbs,au_pbs_archive_2012_09_01_69df13100394,planned
https://www.pbs.gov.au/info/publication/schedule/2024,2024-02-01,download_for_local_review,pdf,2024-02-01-general-soc.pdf,https://www.pbs.gov.au/publication/schedule/2024/02/2024-02-01-general-soc.pdf?variant=3,au_pbs_archive_69f346b2c41f5181,public_reuse_review,Official PBS Schedule publication PDF. Suitable for checksum-bound historical citation; not equivalent to a structured API snapshot.,au_pbs,au_pbs_archive_2024_02_01_69f346b2c41f,planned
https://www.pbs.gov.au/info/publication/schedule/2026,2026-07-01,download_for_local_review,pdf,2026-07-01-general-soc.pdf,https://www.pbs.gov.au/publication/schedule/2026/07/2026-07-01-general-soc.pdf?variant=3,au_pbs_archive_6a28832fe0e93735,public_reuse_review,Official PBS Schedule publication PDF. Suitable for checksum-bound historical citation; not equivalent to a structured API snapshot.,au_pbs,au_pbs_archive_2026_07_01_6a28832fe0e9,planned
https://www.pbs.gov.au/info/publication/schedule/2015,2015-02-01,download_for_local_review,pdf,2015-02-01-general-schedule-soc.pdf,https://www.pbs.gov.au/publication/schedule/2015/02/2015-02-01-general-schedule-soc.pdf?variant=3,au_pbs_archive_6a3c888821fe7658,public_reuse_review,Official PBS Schedule publication PDF. Suitable for checksum-bound historical citation; not equivalent to a structured API snapshot.,au_pbs,au_pbs_archive_2015_02_01_6a3c888821fe,planned
https://www.pbs.gov.au/info/publication/schedule/2007,2007-02-01,download_for_local_review,pdf,2007-02-01-general-schedule.pdf,https://www.pbs.gov.au/publication/schedule/2007/2007-02-01-general-schedule.pdf?variant=3,au_pbs_archive_6a46cf5143088c07,public_reuse_review,Official PBS Schedule publication PDF. Suitable for checksum-bound historical citation; not equivalent to a structured API snapshot.,au_pbs,au_pbs_archive_2007_02_01_6a46cf514308,planned
https://www.pbs.gov.au/info/publication/schedule/2023,2023-05-01,download_for_local_review,pdf,2023-05-01-efc-schedule.pdf,https://www.pbs.gov.au/publication/schedule/2023/05/2023-05-01-efc-schedule.pdf?variant=3,au_pbs_archive_6a7b4f494f5126e9,public_reuse_review,Official PBS Schedule publication PDF. Suitable for checksum-bound historical citation; not equivalent to a structured API snapshot.,au_pbs,au_pbs_archive_2023_05_01_6a7b4f494f51,planned
https://www.pbs.gov.au/info/publication/schedule/2019,2019-07-01,download_for_local_review,pdf,2019-07-01-general-volume-1.pdf,https://www.pbs.gov.au/publication/schedule/2019/07/2019-07-01-general-volume-1.pdf?variant=3,au_pbs_archive_6a8586353eb964bf,public_reuse_review,Official PBS Schedule publication PDF. Suitable for checksum-bound historical citation; not equivalent to a structured API snapshot.,au_pbs,au_pbs_archive_2019_07_01_6a8586353eb9,planned
https://www.pbs.gov.au/info/publication/schedule/2009,2009-03-01,download_for_local_review,pdf,2009-03-01-general-schedule-soc.pdf,https://www.pbs.gov.au/publication/schedule/2009/2009-03-01-general-schedule-soc.pdf?variant=3,au_pbs_archive_6ad17415d7ab7964,public_reuse_review,Official PBS Schedule publication PDF. Suitable for checksum-bound historical citation; not equivalent to a structured API snapshot.,au_pbs,au_pbs_archive_2009_03_01_6ad17415d7ab,planned
https://www.pbs.gov.au/info/publication/schedule/2007,2007-11-01,download_for_local_review,pdf,2007-11-01-general-schedule.pdf,https://www.pbs.gov.au/publication/schedule/2007/2007-11-01-general-schedule.pdf?variant=3,au_pbs_archive_6ada26983d899fde,public_reuse_review,Official PBS Schedule publication PDF. Suitable for checksum-bound historical citation; not equivalent to a structured API snapshot.,au_pbs,au_pbs_archive_2007_11_01_6ada26983d89,planned
https://www.pbs.gov.au/info/publication/schedule/2024,2024-05-01,download_for_local_review,pdf,2024-05-01-Errata.pdf,https://www.pbs.gov.au/publication/schedule/2024/05/2024-05-01-Errata.pdf?variant=3,au_pbs_archive_6b1a205d1f23949c,public_reuse_review,Official PBS Schedule publication PDF. Suitable for checksum-bound historical citation; not equivalent to a structured API snapshot.,au_pbs,au_pbs_archive_2024_05_01_6b1a205d1f23,planned
https://www.pbs.gov.au/info/publication/schedule/2024,2024-04-01,download_for_local_review,pdf,2024-04-01-efc-schedule.pdf,https://www.pbs.gov.au/publication/schedule/2024/04/2024-04-01-efc-schedule.pdf?variant=3,au_pbs_archive_6b1aa4a371336b83,public_reuse_review,Official PBS Schedule publication PDF. Suitable for checksum-bound historical citation; not equivalent to a structured API snapshot.,au_pbs,au_pbs_archive_2024_04_01_6b1aa4a37133,planned
https://www.pbs.gov.au/info/publication/schedule/2018,2018-10-01,download_for_local_review,pdf,2018-10-01-general-schedule.pdf,https://www.pbs.gov.au/publication/schedule/2018/10/2018-10-01-general-schedule.pdf?variant=3,au_pbs_archive_6b34a9e1299be998,public_reuse_review,Official PBS Schedule publication PDF. Suitable for checksum-bound historical citation; not equivalent to a structured API snapshot.,au_pbs,au_pbs_archive_2018_10_01_6b34a9e1299b,planned
https://www.pbs.gov.au/info/publication/schedule/2018,2018-08-01,download_for_local_review,pdf,2018-08-01-erratum.pdf,https://www.pbs.gov.au/publication/schedule/2018/08/2018-08-01-erratum.pdf?variant=3,au_pbs_archive_6bb5c5ea17fb5fb7,public_reuse_review,Official PBS Schedule publication PDF. Suitable for checksum-bound historical citation; not equivalent to a structured API snapshot.,au_pbs,au_pbs_archive_2018_08_01_6bb5c5ea17fb,planned
https://www.pbs.gov.au/info/publication/schedule/2020,2020-06-01,download_for_local_review,pdf,2020-06-01-general-schedule-volume-2.pdf,https://www.pbs.gov.au/publication/schedule/2020/06/2020-06-01-general-schedule-volume-2.pdf?variant=3,au_pbs_archive_6bc6534bcc9bb162,public_reuse_review,Official PBS Schedule publication PDF. Suitable for checksum-bound historical citation; not equivalent to a structured API snapshot.,au_pbs,au_pbs_archive_2020_06_01_6bc6534bcc9b,planned
https://www.pbs.gov.au/info/publication/schedule/2010,2010-07-01,download_for_local_review,pdf,2010-07-01-HSD-schedule.pdf,https://www.pbs.gov.au/publication/schedule/2010/2010-07-01-HSD-schedule.pdf?variant=3,au_pbs_archive_6bce1542464270f7,public_reuse_review,Official PBS Schedule publication PDF. Suitable for checksum-bound historical citation; not equivalent to a structured API snapshot.,au_pbs,au_pbs_archive_2010_07_01_6bce15424642,planned
https://www.pbs.gov.au/info/publication/schedule/2019,2019-06-01,download_for_local_review,pdf,2019-06-01-section100-volume-2.pdf,https://www.pbs.gov.au/publication/schedule/2019/06/2019-06-01-section100-volume-2.pdf?variant=3,au_pbs_archive_6bffd0e6e5ceb93c,public_reuse_review,Official PBS Schedule publication PDF. Suitable for checksum-bound historical citation; not equivalent to a structured API snapshot.,au_pbs,au_pbs_archive_2019_06_01_6bffd0e6e5ce,planned
https://www.pbs.gov.au/info/publication/schedule/2011,2011-11-01,download_for_local_review,pdf,2011-11-01-dental-book.pdf,https://www.pbs.gov.au/publication/schedule/2011/11/2011-11-01-dental-book.pdf?variant=3,au_pbs_archive_6c25dcff024385b3,public_reuse_review,Official PBS Schedule publication PDF. Suitable for checksum-bound historical citation; not equivalent to a structured API snapshot.,au_pbs,au_pbs_archive_2011_11_01_6c25dcff0243,planned
https://www.pbs.gov.au/info/publication/schedule/2021,2021-10-01,download_for_local_review,pdf,2021-10-01-general-soc.pdf,https://www.pbs.gov.au/publication/schedule/2021/10/2021-10-01-general-soc.pdf?variant=3,au_pbs_archive_6c2c421e47718b63,public_reuse_review,Official PBS Schedule publication PDF. Suitable for checksum-bound historical citation; not equivalent to a structured API snapshot.,au_pbs,au_pbs_archive_2021_10_01_6c2c421e4771,planned
https://www.pbs.gov.au/info/publication/schedule/2008,2008-03-01,download_for_local_review,pdf,2008-03-01-dental-book.pdf,https://www.pbs.gov.au/publication/schedule/2008/2008-03-01-dental-book.pdf?variant=3,au_pbs_archive_6c651702f72ed872,public_reuse_review,Official PBS Schedule publication PDF. Suitable for checksum-bound historical citation; not equivalent to a structured API snapshot.,au_pbs,au_pbs_archive_2008_03_01_6c651702f72e,planned
https://www.pbs.gov.au/info/publication/schedule/2024,2024-04-01,download_for_local_review,pdf,2024-04-01-general-schedule-volume-2.pdf,https://www.pbs.gov.au/publication/schedule/2024/04/2024-04-01-general-schedule-volume-2.pdf?variant=3,au_pbs_archive_6c75ce344f6b65aa,public_reuse_review,Official PBS Schedule publication PDF. Suitable for checksum-bound historical citation; not equivalent to a structured API snapshot.,au_pbs,au_pbs_archive_2024_04_01_6c75ce344f6b,planned
https://www.pbs.gov.au/info/publication/schedule/2011,2011-08-01,download_for_local_review,pdf,2011-08-01-dental-book-SOC.pdf,https://www.pbs.gov.au/publication/schedule/2011/08/2011-08-01-dental-book-SOC.pdf?variant=3,au_pbs_archive_6cb7b9696c8a5708,public_reuse_review,Official PBS Schedule publication PDF. Suitable for checksum-bound historical citation; not equivalent to a structured API snapshot.,au_pbs,au_pbs_archive_2011_08_01_6cb7b9696c8a,planned
https://www.pbs.gov.au/info/publication/schedule/2021,2021-05-01,download_for_local_review,pdf,2021-05-01-general-soc.pdf,https://www.pbs.gov.au/publication/schedule/2021/05/2021-05-01-general-soc.pdf?variant=3,au_pbs_archive_6cda6bfa3473b433,public_reuse_review,Official PBS Schedule publication PDF. Suitable for checksum-bound historical citation; not equivalent to a structured API snapshot.,au_pbs,au_pbs_archive_2021_05_01_6cda6bfa3473,planned
https://www.pbs.gov.au/info/publication/schedule/2018,2018-12-01,download_for_local_review,pdf,2018-12-01-errata.pdf,https://www.pbs.gov.au/publication/schedule/2018/12/2018-12-01-errata.pdf?variant=3,au_pbs_archive_6ce489c25025900f,public_reuse_review,Official PBS Schedule publication PDF. Suitable for checksum-bound historical citation; not equivalent to a structured API snapshot.,au_pbs,au_pbs_archive_2018_12_01_6ce489c25025,planned
https://www.pbs.gov.au/info/publication/schedule/2012,2012-09-01,download_for_local_review,pdf,2012-09-01-dental-book.pdf,https://www.pbs.gov.au/publication/schedule/2012/09/2012-09-01-dental-book.pdf?variant=3,au_pbs_archive_6db6aa8819c85bd1,public_reuse_review,Official PBS Schedule publication PDF. Suitable for checksum-bound historical citation; not equivalent to a structured API snapshot.,au_pbs,au_pbs_archive_2012_09_01_6db6aa8819c8,planned
https://www.pbs.gov.au/info/publication/schedule/2019,2019-08-01,download_for_local_review,pdf,2019-08-01-section100-schedule-vol-2.pdf,https://www.pbs.gov.au/publication/schedule/2019/08/2019-08-01-section100-schedule-vol-2.pdf?variant=3,au_pbs_archive_6dc245471a4e3783,public_reuse_review,Official PBS Schedule publication PDF. Suitable for checksum-bound historical citation; not equivalent to a structured API snapshot.,au_pbs,au_pbs_archive_2019_08_01_6dc245471a4e,planned
https://www.pbs.gov.au/info/publication/schedule/2016,2016-03-01,download_for_local_review,pdf,2016-03-01-general-schedule-soc.pdf,https://www.pbs.gov.au/publication/schedule/2016/03/2016-03-01-general-schedule-soc.pdf?variant=3,au_pbs_archive_6ddc923fb33dee1b,public_reuse_review,Official PBS Schedule publication PDF. Suitable for checksum-bound historical citation; not equivalent to a structured API snapshot.,au_pbs,au_pbs_archive_2016_03_01_6ddc923fb33d,planned
https://www.pbs.gov.au/info/publication/schedule/historical-archive,1997-11-01,download_for_local_review,pdf,1997-11-01-PBS-Schedule.pdf,https://www.pbs.gov.au/publication/schedule/1951-2002/1997-11-01-PBS-Schedule.pdf?variant=3,au_pbs_archive_6e696f7789c10a8f,public_reuse_review,Official PBS Schedule publication PDF. Suitable for checksum-bound historical citation; not equivalent to a structured API snapshot.,au_pbs,au_pbs_archive_1997_11_01_6e696f7789c1,planned
https://www.pbs.gov.au/info/publication/schedule/2010,2010-03-01,download_for_local_review,pdf,2010-03-01-general-schedule-soc.pdf,https://www.pbs.gov.au/publication/schedule/2010/2010-03-01-general-schedule-soc.pdf?variant=3,au_pbs_archive_6e8e56ab02d4cfa1,public_reuse_review,Official PBS Schedule publication PDF. Suitable for checksum-bound historical citation; not equivalent to a structured API snapshot.,au_pbs,au_pbs_archive_2010_03_01_6e8e56ab02d4,planned
https://www.pbs.gov.au/info/publication/schedule/2010,2010-08-01,download_for_local_review,pdf,2010-08-01-chemotherapy-booklet.pdf,https://www.pbs.gov.au/publication/schedule/2010/2010-08-01-chemotherapy-booklet.pdf?variant=3,au_pbs_archive_6ea4bb05606c49c9,public_reuse_review,Official PBS Schedule publication PDF. Suitable for checksum-bound historical citation; not equivalent to a structured API snapshot.,au_pbs,au_pbs_archive_2010_08_01_6ea4bb05606c,planned
https://www.pbs.gov.au/info/publication/schedule/2011,2011-12-01,download_for_local_review,pdf,2011-12-01-dental-book.pdf,https://www.pbs.gov.au/publication/schedule/2011/12/2011-12-01-dental-book.pdf?variant=3,au_pbs_archive_6ed2f8a9298ccabb,public_reuse_review,Official PBS Schedule publication PDF. Suitable for checksum-bound historical citation; not equivalent to a structured API snapshot.,au_pbs,au_pbs_archive_2011_12_01_6ed2f8a9298c,planned
https://www.pbs.gov.au/info/publication/schedule/2007,2007-07-01,download_for_local_review,pdf,2007-07-01-dental-book.pdf,https://www.pbs.gov.au/publication/schedule/2007/2007-07-01-dental-book.pdf?variant=3,au_pbs_archive_6ee5b8c29b28efeb,public_reuse_review,Official PBS Schedule publication PDF. Suitable for checksum-bound historical citation; not equivalent to a structured API snapshot.,au_pbs,au_pbs_archive_2007_07_01_6ee5b8c29b28,planned
https://www.pbs.gov.au/info/publication/schedule/2010,2010-05-01,download_for_local_review,pdf,2010-05-01-general-schedule.pdf,https://www.pbs.gov.au/publication/schedule/2010/2010-05-01-general-schedule.pdf?variant=3,au_pbs_archive_6f0076e4d7e3ddd1,public_reuse_review,Official PBS Schedule publication PDF. Suitable for checksum-bound historical citation; not equivalent to a structured API snapshot.,au_pbs,au_pbs_archive_2010_05_01_6f0076e4d7e3,planned
https://www.pbs.gov.au/info/publication/schedule/2015,2015-03-01,download_for_local_review,pdf,2015-03-01-general-schedule.pdf,https://www.pbs.gov.au/publication/schedule/2015/03/2015-03-01-general-schedule.pdf?variant=3,au_pbs_archive_6fa30017348ceb65,public_reuse_review,Official PBS Schedule publication PDF. Suitable for checksum-bound historical citation; not equivalent to a structured API snapshot.,au_pbs,au_pbs_archive_2015_03_01_6fa30017348c,planned
https://www.pbs.gov.au/info/publication/schedule/2015,2015-12-01,download_for_local_review,pdf,2015-12-01-general-schedule.pdf,https://www.pbs.gov.au/publication/schedule/2015/12/2015-12-01-general-schedule.pdf?variant=3,au_pbs_archive_6fab7f7d852501da,public_reuse_review,Official PBS Schedule publication PDF. Suitable for checksum-bound historical citation; not equivalent to a structured API snapshot.,au_pbs,au_pbs_archive_2015_12_01_6fab7f7d8525,planned
https://www.pbs.gov.au/info/publication/schedule/2003,2003-08-01,download_for_local_review,pdf,2003-08-01-general-schedule.pdf,https://www.pbs.gov.au/publication/schedule/2003/2003-08-01-general-schedule.pdf?variant=3,au_pbs_archive_6fc9eb52cb0e4521,public_reuse_review,Official PBS Schedule publication PDF. Suitable for checksum-bound historical citation; not equivalent to a structured API snapshot.,au_pbs,au_pbs_archive_2003_08_01_6fc9eb52cb0e,planned
https://www.pbs.gov.au/info/publication/schedule/2023,2023-07-01,download_for_local_review,pdf,2023-07-01-general-schedule-volume-2.pdf,https://www.pbs.gov.au/publication/schedule/2023/07/2023-07-01-general-schedule-volume-2.pdf?variant=3,au_pbs_archive_706f2e214fef1cec,public_reuse_review,Official PBS Schedule publication PDF. Suitable for checksum-bound historical citation; not equivalent to a structured API snapshot.,au_pbs,au_pbs_archive_2023_07_01_706f2e214fef,planned
https://www.pbs.gov.au/info/publication/schedule/2018,2018-05-01,download_for_local_review,pdf,2018-05-01-general-soc.pdf,https://www.pbs.gov.au/publication/schedule/2018/05/2018-05-01-general-soc.pdf?variant=3,au_pbs_archive_70a82c79371fcb46,public_reuse_review,Official PBS Schedule publication PDF. Suitable for checksum-bound historical citation; not equivalent to a structured API snapshot.,au_pbs,au_pbs_archive_2018_05_01_70a82c79371f,planned
https://www.pbs.gov.au/info/publication/schedule/2011,2011-12-01,download_for_local_review,pdf,2011-12-01-chemotherapy-booklet.pdf,https://www.pbs.gov.au/publication/schedule/2011/12/2011-12-01-chemotherapy-booklet.pdf?variant=3,au_pbs_archive_70bcc8299b86d024,public_reuse_review,Official PBS Schedule publication PDF. Suitable for checksum-bound historical citation; not equivalent to a structured API snapshot.,au_pbs,au_pbs_archive_2011_12_01_70bcc8299b86,planned
https://www.pbs.gov.au/info/publication/schedule/2012,2012-12-01,download_for_local_review,pdf,2012-12-01-general-schedule-erratum-risedronate.pdf,https://www.pbs.gov.au/publication/schedule/2012/12/2012-12-01-general-schedule-erratum-risedronate.pdf?variant=3,au_pbs_archive_715075f1bc08e193,public_reuse_review,Official PBS Schedule publication PDF. Suitable for checksum-bound historical citation; not equivalent to a structured API snapshot.,au_pbs,au_pbs_archive_2012_12_01_715075f1bc08,planned
https://www.pbs.gov.au/info/publication/schedule/2021,2021-10-01,download_for_local_review,pdf,2021-10-01-general-schedule-volume-1.pdf,https://www.pbs.gov.au/publication/schedule/2021/10/2021-10-01-general-schedule-volume-1.pdf?variant=3,au_pbs_archive_71acb0ce05d4e278,public_reuse_review,Official PBS Schedule publication PDF. Suitable for checksum-bound historical citation; not equivalent to a structured API snapshot.,au_pbs,au_pbs_archive_2021_10_01_71acb0ce05d4,planned
https://www.pbs.gov.au/info/publication/schedule/2022,2022-03-01,download_for_local_review,pdf,2022-03-01-general-schedule-volume-2.pdf,https://www.pbs.gov.au/publication/schedule/2022/03/2022-03-01-general-schedule-volume-2.pdf?variant=3,au_pbs_archive_71ec0aa44494b7df,public_reuse_review,Official PBS Schedule publication PDF. Suitable for checksum-bound historical citation; not equivalent to a structured API snapshot.,au_pbs,au_pbs_archive_2022_03_01_71ec0aa44494,planned
https://www.pbs.gov.au/info/publication/schedule/2017,2017-12-01,download_for_local_review,pdf,2017-12-01-efc-schedule.pdf,https://www.pbs.gov.au/publication/schedule/2017/12/2017-12-01-efc-schedule.pdf?variant=3,au_pbs_archive_724063d0ec50654f,public_reuse_review,Official PBS Schedule publication PDF. Suitable for checksum-bound historical citation; not equivalent to a structured API snapshot.,au_pbs,au_pbs_archive_2017_12_01_724063d0ec50,planned
https://www.pbs.gov.au/info/publication/schedule/2026,2026-02-01,download_for_local_review,pdf,2026-02-01-general-schedule-volume-1.pdf,https://www.pbs.gov.au/publication/schedule/2026/02/2026-02-01-general-schedule-volume-1.pdf?variant=3,au_pbs_archive_724897e38eaac68c,public_reuse_review,Official PBS Schedule publication PDF. Suitable for checksum-bound historical citation; not equivalent to a structured API snapshot.,au_pbs,au_pbs_archive_2026_02_01_724897e38eaa,planned
https://www.pbs.gov.au/info/publication/schedule/2020,2020-10-01,download_for_local_review,pdf,2020-10-01-general-schedule-volume-1.pdf,https://www.pbs.gov.au/publication/schedule/2020/10/2020-10-01-general-schedule-volume-1.pdf?variant=3,au_pbs_archive_726a6e8c6bb3f542,public_reuse_review,Official PBS Schedule publication PDF. Suitable for checksum-bound historical citation; not equivalent to a structured API snapshot.,au_pbs,au_pbs_archive_2020_10_01_726a6e8c6bb3,planned
https://www.pbs.gov.au/info/publication/schedule/2023,2023-01-01,download_for_local_review,pdf,2023-01-01-general-soc.pdf,https://www.pbs.gov.au/publication/schedule/2023/01/2023-01-01-general-soc.pdf?variant=3,au_pbs_archive_7289b9fa6dc41c94,public_reuse_review,Official PBS Schedule publication PDF. Suitable for checksum-bound historical citation; not equivalent to a structured API snapshot.,au_pbs,au_pbs_archive_2023_01_01_7289b9fa6dc4,planned
https://www.pbs.gov.au/info/publication/schedule/2013,2013-10-01,download_for_local_review,pdf,2013-10-01-general-schedule-soc.pdf,https://www.pbs.gov.au/publication/schedule/2013/10/2013-10-01-general-schedule-soc.pdf?variant=3,au_pbs_archive_72910cb419c2dcd6,public_reuse_review,Official PBS Schedule publication PDF. Suitable for checksum-bound historical citation; not equivalent to a structured API snapshot.,au_pbs,au_pbs_archive_2013_10_01_72910cb419c2,planned
https://www.pbs.gov.au/info/publication/schedule/2015,2015-12-01,download_for_local_review,pdf,2015-12-01-errata.pdf,https://www.pbs.gov.au/publication/schedule/2015/12/2015-12-01-errata.pdf?variant=3,au_pbs_archive_729fc47c00c6b5a0,public_reuse_review,Official PBS Schedule publication PDF. Suitable for checksum-bound historical citation; not equivalent to a structured API snapshot.,au_pbs,au_pbs_archive_2015_12_01_729fc47c00c6,planned
https://www.pbs.gov.au/info/publication/schedule/2011,2011-07-01,download_for_local_review,pdf,2011-07-01-dental-book-SOC.pdf,https://www.pbs.gov.au/publication/schedule/2011/07/2011-07-01-dental-book-SOC.pdf?variant=3,au_pbs_archive_72a6154ecc228ab3,public_reuse_review,Official PBS Schedule publication PDF. Suitable for checksum-bound historical citation; not equivalent to a structured API snapshot.,au_pbs,au_pbs_archive_2011_07_01_72a6154ecc22,planned
https://www.pbs.gov.au/info/publication/schedule/2012,2012-04-01,download_for_local_review,pdf,2012-04-01-general-schedule.pdf,https://www.pbs.gov.au/publication/schedule/2012/04/2012-04-01-general-schedule.pdf?variant=3,au_pbs_archive_72f1845441400f89,public_reuse_review,Official PBS Schedule publication PDF. Suitable for checksum-bound historical citation; not equivalent to a structured API snapshot.,au_pbs,au_pbs_archive_2012_04_01_72f184544140,planned
https://www.pbs.gov.au/info/publication/schedule/2020,2020-02-01,download_for_local_review,pdf,2020-02-01-efc-schedule.pdf,https://www.pbs.gov.au/publication/schedule/2020/02/2020-02-01-efc-schedule.pdf?variant=3,au_pbs_archive_7312fddc8cf00362,public_reuse_review,Official PBS Schedule publication PDF. Suitable for checksum-bound historical citation; not equivalent to a structured API snapshot.,au_pbs,au_pbs_archive_2020_02_01_7312fddc8cf0,planned
https://www.pbs.gov.au/info/publication/schedule/2023,2023-05-01,download_for_local_review,pdf,2023-05-01-general-schedule-volume-2.pdf,https://www.pbs.gov.au/publication/schedule/2023/05/2023-05-01-general-schedule-volume-2.pdf?variant=3,au_pbs_archive_73642267c9478d32,public_reuse_review,Official PBS Schedule publication PDF. Suitable for checksum-bound historical citation; not equivalent to a structured API snapshot.,au_pbs,au_pbs_archive_2023_05_01_73642267c947,planned
https://www.pbs.gov.au/info/publication/schedule/2010,2010-01-01,download_for_local_review,pdf,2010-01-01-dental-book.pdf,https://www.pbs.gov.au/publication/schedule/2010/2010-01-01-dental-book.pdf?variant=3,au_pbs_archive_73af48a20f106a94,public_reuse_review,Official PBS Schedule publication PDF. Suitable for checksum-bound historical citation; not equivalent to a structured API snapshot.,au_pbs,au_pbs_archive_2010_01_01_73af48a20f10,planned
https://www.pbs.gov.au/info/publication/schedule/2012,2012-08-01,download_for_local_review,pdf,2012-08-01-general-schedule-errata.pdf,https://www.pbs.gov.au/publication/schedule/2012/08/2012-08-01-general-schedule-errata.pdf?variant=3,au_pbs_archive_740256fa92f18359,public_reuse_review,Official PBS Schedule publication PDF. Suitable for checksum-bound historical citation; not equivalent to a structured API snapshot.,au_pbs,au_pbs_archive_2012_08_01_740256fa92f1,planned
https://www.pbs.gov.au/info/publication/schedule/2007,2007-06-01,download_for_local_review,pdf,2007-06-01-dental-book.pdf,https://www.pbs.gov.au/publication/schedule/2007/2007-06-01-dental-book.pdf?variant=3,au_pbs_archive_7407ced2b5f4b603,public_reuse_review,Official PBS Schedule publication PDF. Suitable for checksum-bound historical citation; not equivalent to a structured API snapshot.,au_pbs,au_pbs_archive_2007_06_01_7407ced2b5f4,planned
https://www.pbs.gov.au/info/publication/schedule/2013,2013-02-01,download_for_local_review,pdf,2013-02-01-general-schedule.pdf,https://www.pbs.gov.au/publication/schedule/2013/02/2013-02-01-general-schedule.pdf?variant=3,au_pbs_archive_74263323e87ef6c5,public_reuse_review,Official PBS Schedule publication PDF. Suitable for checksum-bound historical citation; not equivalent to a structured API snapshot.,au_pbs,au_pbs_archive_2013_02_01_74263323e87e,planned
https://www.pbs.gov.au/info/publication/schedule/2007,2007-12-01,download_for_local_review,pdf,2007-12-01-dental-book.pdf,https://www.pbs.gov.au/publication/schedule/2007/2007-12-01-dental-book.pdf?variant=3,au_pbs_archive_7452642b04f020e9,public_reuse_review,Official PBS Schedule publication PDF. Suitable for checksum-bound historical citation; not equivalent to a structured API snapshot.,au_pbs,au_pbs_archive_2007_12_01_7452642b04f0,planned
https://www.pbs.gov.au/info/publication/schedule/2011,2011-12-01,download_for_local_review,pdf,2011-12-01-chemotherapy-booklet-erratum.pdf,https://www.pbs.gov.au/publication/schedule/2011/12/2011-12-01-chemotherapy-booklet-erratum.pdf?variant=3,au_pbs_archive_74ab5bd37a660f01,public_reuse_review,Official PBS Schedule publication PDF. Suitable for checksum-bound historical citation; not equivalent to a structured API snapshot.,au_pbs,au_pbs_archive_2011_12_01_74ab5bd37a66,planned
https://www.pbs.gov.au/info/publication/schedule/2016,2016-03-01,download_for_local_review,pdf,2016-03-01-general-schedule.pdf,https://www.pbs.gov.au/publication/schedule/2016/03/2016-03-01-general-schedule.pdf?variant=3,au_pbs_archive_74b5e877c0981499,public_reuse_review,Official PBS Schedule publication PDF. Suitable for checksum-bound historical citation; not equivalent to a structured API snapshot.,au_pbs,au_pbs_archive_2016_03_01_74b5e877c098,planned
https://www.pbs.gov.au/info/publication/schedule/2013,2013-03-01,download_for_local_review,pdf,2013-03-01-errata.pdf,https://www.pbs.gov.au/publication/schedule/2013/03/2013-03-01-errata.pdf?variant=3,au_pbs_archive_74d1beeba06e80d9,public_reuse_review,Official PBS Schedule publication PDF. Suitable for checksum-bound historical citation; not equivalent to a structured API snapshot.,au_pbs,au_pbs_archive_2013_03_01_74d1beeba06e,planned
https://www.pbs.gov.au/info/publication/schedule/2025,2025-06-01,download_for_local_review,pdf,2025-06-01-general-schedule-volume-1.pdf,https://www.pbs.gov.au/publication/schedule/2025/06/2025-06-01-general-schedule-volume-1.pdf?variant=3,au_pbs_archive_75100c07ba252c58,public_reuse_review,Official PBS Schedule publication PDF. Suitable for checksum-bound historical citation; not equivalent to a structured API snapshot.,au_pbs,au_pbs_archive_2025_06_01_75100c07ba25,planned
https://www.pbs.gov.au/info/publication/schedule/2024,2024-10-01,download_for_local_review,pdf,2024-10-01-efc-schedule.pdf,https://www.pbs.gov.au/publication/schedule/2024/10/2024-10-01-efc-schedule.pdf?variant=3,au_pbs_archive_7570594bd4a474f0,public_reuse_review,Official PBS Schedule publication PDF. Suitable for checksum-bound historical citation; not equivalent to a structured API snapshot.,au_pbs,au_pbs_archive_2024_10_01_7570594bd4a4,planned
https://www.pbs.gov.au/info/publication/schedule/2015,2015-10-01,download_for_local_review,pdf,2015-10-01-efc-schedule.pdf,https://www.pbs.gov.au/publication/schedule/2015/10/2015-10-01-efc-schedule.pdf?variant=3,au_pbs_archive_75818b84064dcc98,public_reuse_review,Official PBS Schedule publication PDF. Suitable for checksum-bound historical citation; not equivalent to a structured API snapshot.,au_pbs,au_pbs_archive_2015_10_01_75818b84064d,planned
https://www.pbs.gov.au/info/publication/schedule/2020,2020-03-01,download_for_local_review,pdf,2020-03-01-general-schedule-volume-1.pdf,https://www.pbs.gov.au/publication/schedule/2020/03/2020-03-01-general-schedule-volume-1.pdf?variant=3,au_pbs_archive_76bf8c2dad4e6dd7,public_reuse_review,Official PBS Schedule publication PDF. Suitable for checksum-bound historical citation; not equivalent to a structured API snapshot.,au_pbs,au_pbs_archive_2020_03_01_76bf8c2dad4e,planned
https://www.pbs.gov.au/info/publication/schedule/2013,2013-01-01,download_for_local_review,pdf,2013-01-01-efc-schedule.pdf,https://www.pbs.gov.au/publication/schedule/2013/01/2013-01-01-efc-schedule.pdf?variant=3,au_pbs_archive_7714195ff1dc13f8,public_reuse_review,Official PBS Schedule publication PDF. Suitable for checksum-bound historical citation; not equivalent to a structured API snapshot.,au_pbs,au_pbs_archive_2013_01_01_7714195ff1dc,planned
https://www.pbs.gov.au/info/publication/schedule/2017,2017-02-01,download_for_local_review,pdf,2017-02-01-general-soc.pdf,https://www.pbs.gov.au/publication/schedule/2017/02/2017-02-01-general-soc.pdf?variant=3,au_pbs_archive_77192ef0e24f8e29,public_reuse_review,Official PBS Schedule publication PDF. Suitable for checksum-bound historical citation; not equivalent to a structured API snapshot.,au_pbs,au_pbs_archive_2017_02_01_77192ef0e24f,planned
https://www.pbs.gov.au/info/publication/schedule/2018,2018-01-01,download_for_local_review,pdf,2018-01-01-erratum.pdf,https://www.pbs.gov.au/publication/schedule/2018/01/2018-01-01-erratum.pdf?variant=3,au_pbs_archive_772d8cfea87329ec,public_reuse_review,Official PBS Schedule publication PDF. Suitable for checksum-bound historical citation; not equivalent to a structured API snapshot.,au_pbs,au_pbs_archive_2018_01_01_772d8cfea873,planned
https://www.pbs.gov.au/info/publication/schedule/2008,2008-10-01,download_for_local_review,pdf,2008-10-01-dental-book.pdf,https://www.pbs.gov.au/publication/schedule/2008/2008-10-01-dental-book.pdf?variant=3,au_pbs_archive_7737bfdf204ad47a,public_reuse_review,Official PBS Schedule publication PDF. Suitable for checksum-bound historical citation; not equivalent to a structured API snapshot.,au_pbs,au_pbs_archive_2008_10_01_7737bfdf204a,planned
https://www.pbs.gov.au/info/publication/schedule/2011,2011-09-01,download_for_local_review,pdf,2011-09-01-dental-book-SOC.pdf,https://www.pbs.gov.au/publication/schedule/2011/09/2011-09-01-dental-book-SOC.pdf?variant=3,au_pbs_archive_775adb9a25393ef6,public_reuse_review,Official PBS Schedule publication PDF. Suitable for checksum-bound historical citation; not equivalent to a structured API snapshot.,au_pbs,au_pbs_archive_2011_09_01_775adb9a2539,planned
https://www.pbs.gov.au/info/publication/schedule/2008,2008-05-01,download_for_local_review,pdf,2008-05-01-general-schedule-soc.pdf,https://www.pbs.gov.au/publication/schedule/2008/2008-05-01-general-schedule-soc.pdf?variant=3,au_pbs_archive_77900e787db5e3e2,public_reuse_review,Official PBS Schedule publication PDF. Suitable for checksum-bound historical citation; not equivalent to a structured API snapshot.,au_pbs,au_pbs_archive_2008_05_01_77900e787db5,planned
https://www.pbs.gov.au/info/publication/schedule/2012,2012-06-01,download_for_local_review,pdf,2012-06-01-general-schedule-SOC.pdf,https://www.pbs.gov.au/publication/schedule/2012/06/2012-06-01-general-schedule-SOC.pdf?variant=3,au_pbs_archive_77a946b5472ac6c6,public_reuse_review,Official PBS Schedule publication PDF. Suitable for checksum-bound historical citation; not equivalent to a structured API snapshot.,au_pbs,au_pbs_archive_2012_06_01_77a946b5472a,planned
https://www.pbs.gov.au/info/publication/schedule/2021,2021-01-01,download_for_local_review,pdf,2021-01-01-general-schedule-volume-2.pdf,https://www.pbs.gov.au/publication/schedule/2021/01/2021-01-01-general-schedule-volume-2.pdf?variant=3,au_pbs_archive_77cb21c878a127eb,public_reuse_review,Official PBS Schedule publication PDF. Suitable for checksum-bound historical citation; not equivalent to a structured API snapshot.,au_pbs,au_pbs_archive_2021_01_01_77cb21c878a1,planned
https://www.pbs.gov.au/info/publication/schedule/2015,2015-04-01,download_for_local_review,pdf,2015-04-01-general-schedule-soc.pdf,https://www.pbs.gov.au/publication/schedule/2015/04/2015-04-01-general-schedule-soc.pdf?variant=3,au_pbs_archive_78213638041e8baf,public_reuse_review,Official PBS Schedule publication PDF. Suitable for checksum-bound historical citation; not equivalent to a structured API snapshot.,au_pbs,au_pbs_archive_2015_04_01_78213638041e,planned
https://www.pbs.gov.au/info/publication/schedule/2018,2018-06-01,download_for_local_review,pdf,2018-06-01-general-soc.pdf,https://www.pbs.gov.au/publication/schedule/2018/06/2018-06-01-general-soc.pdf?variant=3,au_pbs_archive_7883df4cccbe247b,public_reuse_review,Official PBS Schedule publication PDF. Suitable for checksum-bound historical citation; not equivalent to a structured API snapshot.,au_pbs,au_pbs_archive_2018_06_01_7883df4cccbe,planned
https://www.pbs.gov.au/info/publication/schedule/2016,2016-10-01,download_for_local_review,pdf,2016-10-01-general-schedule.pdf,https://www.pbs.gov.au/publication/schedule/2016/10/2016-10-01-general-schedule.pdf?variant=3,au_pbs_archive_789835f4ef4fa03b,public_reuse_review,Official PBS Schedule publication PDF. Suitable for checksum-bound historical citation; not equivalent to a structured API snapshot.,au_pbs,au_pbs_archive_2016_10_01_789835f4ef4f,planned
https://www.pbs.gov.au/info/publication/schedule/2009,2009-05-01,download_for_local_review,pdf,2009-05-01-general-schedule-soc.pdf,https://www.pbs.gov.au/publication/schedule/2009/2009-05-01-general-schedule-soc.pdf?variant=3,au_pbs_archive_78ce5450b0ecea05,public_reuse_review,Official PBS Schedule publication PDF. Suitable for checksum-bound historical citation; not equivalent to a structured API snapshot.,au_pbs,au_pbs_archive_2009_05_01_78ce5450b0ec,planned
https://www.pbs.gov.au/info/publication/schedule/2018,2018-09-01,download_for_local_review,pdf,2018-09-01-general-soc.pdf,https://www.pbs.gov.au/publication/schedule/2018/09/2018-09-01-general-soc.pdf?variant=3,au_pbs_archive_78f52f99ef358685,public_reuse_review,Official PBS Schedule publication PDF. Suitable for checksum-bound historical citation; not equivalent to a structured API snapshot.,au_pbs,au_pbs_archive_2018_09_01_78f52f99ef35,planned
https://www.pbs.gov.au/info/publication/schedule/2012,2012-09-01,download_for_local_review,pdf,2012-09-01-dental-book-SOC.pdf,https://www.pbs.gov.au/publication/schedule/2012/09/2012-09-01-dental-book-SOC.pdf?variant=3,au_pbs_archive_78f6f7da0fa7e4f4,public_reuse_review,Official PBS Schedule publication PDF. Suitable for checksum-bound historical citation; not equivalent to a structured API snapshot.,au_pbs,au_pbs_archive_2012_09_01_78f6f7da0fa7,planned
https://www.pbs.gov.au/info/publication/schedule/2012,2012-08-01,download_for_local_review,pdf,2012-08-01-efc-schedule-addendum.pdf,https://www.pbs.gov.au/publication/schedule/2012/08/2012-08-01-efc-schedule-addendum.pdf?variant=3,au_pbs_archive_797468150a23ca9f,public_reuse_review,Official PBS Schedule publication PDF. Suitable for checksum-bound historical citation; not equivalent to a structured API snapshot.,au_pbs,au_pbs_archive_2012_08_01_797468150a23,planned
https://www.pbs.gov.au/info/publication/schedule/2020,2020-08-01,download_for_local_review,pdf,2020-08-01-general-schedule-volume-2.pdf,https://www.pbs.gov.au/publication/schedule/2020/08/2020-08-01-general-schedule-volume-2.pdf?variant=3,au_pbs_archive_79a2bb1d2ca7c4d2,public_reuse_review,Official PBS Schedule publication PDF. Suitable for checksum-bound historical citation; not equivalent to a structured API snapshot.,au_pbs,au_pbs_archive_2020_08_01_79a2bb1d2ca7,planned
https://www.pbs.gov.au/info/publication/schedule/2018,2018-07-01,download_for_local_review,pdf,2018-07-01-general-soc.pdf,https://www.pbs.gov.au/publication/schedule/2018/07/2018-07-01-general-soc.pdf?variant=3,au_pbs_archive_79af9137368d3e60,public_reuse_review,Official PBS Schedule publication PDF. Suitable for checksum-bound historical citation; not equivalent to a structured API snapshot.,au_pbs,au_pbs_archive_2018_07_01_79af9137368d,planned
https://www.pbs.gov.au/info/publication/schedule/2011,2011-04-01,download_for_local_review,pdf,2011-04-01-general-schedule.pdf,https://www.pbs.gov.au/publication/schedule/2011/04/2011-04-01-general-schedule.pdf?variant=3,au_pbs_archive_79c48762ce044ed3,public_reuse_review,Official PBS Schedule publication PDF. Suitable for checksum-bound historical citation; not equivalent to a structured API snapshot.,au_pbs,au_pbs_archive_2011_04_01_79c48762ce04,planned
https://www.pbs.gov.au/info/publication/schedule/2022,2022-08-01,download_for_local_review,pdf,2022-08-01-general-schedule-volume-2.pdf,https://www.pbs.gov.au/publication/schedule/2022/08/2022-08-01-general-schedule-volume-2.pdf?variant=3,au_pbs_archive_79c83f4b2fffdec5,public_reuse_review,Official PBS Schedule publication PDF. Suitable for checksum-bound historical citation; not equivalent to a structured API snapshot.,au_pbs,au_pbs_archive_2022_08_01_79c83f4b2fff,planned
https://www.pbs.gov.au/info/publication/schedule/2022,2022-07-01,download_for_local_review,pdf,2022-07-01-efc-schedule.pdf,https://www.pbs.gov.au/publication/schedule/2022/07/2022-07-01-efc-schedule.pdf?variant=3,au_pbs_archive_7a1ff2fd667a2f66,public_reuse_review,Official PBS Schedule publication PDF. Suitable for checksum-bound historical citation; not equivalent to a structured API snapshot.,au_pbs,au_pbs_archive_2022_07_01_7a1ff2fd667a,planned
https://www.pbs.gov.au/info/publication/schedule/2013,2013-08-01,download_for_local_review,pdf,2013-08-01-general-schedule-soc.pdf,https://www.pbs.gov.au/publication/schedule/2013/08/2013-08-01-general-schedule-soc.pdf?variant=3,au_pbs_archive_7a20ef0b32794da7,public_reuse_review,Official PBS Schedule publication PDF. Suitable for checksum-bound historical citation; not equivalent to a structured API snapshot.,au_pbs,au_pbs_archive_2013_08_01_7a20ef0b3279,planned
https://www.pbs.gov.au/info/publication/schedule/2014,2014-01-01,download_for_local_review,pdf,2014-01-01-general-schedule-soc.pdf,https://www.pbs.gov.au/publication/schedule/2014/01/2014-01-01-general-schedule-soc.pdf?variant=3,au_pbs_archive_7a32ef0bc37ba59a,public_reuse_review,Official PBS Schedule publication PDF. Suitable for checksum-bound historical citation; not equivalent to a structured API snapshot.,au_pbs,au_pbs_archive_2014_01_01_7a32ef0bc37b,planned
https://www.pbs.gov.au/info/publication/schedule/2013,unknown,download_for_local_review,pdf,20120401-efc-soc.pdf,https://www.pbs.gov.au/publication/schedule/2013/04/20120401-efc-soc.pdf?variant=3,au_pbs_archive_7a64b98f98063c6c,public_reuse_review,Official PBS Schedule publication PDF. Suitable for checksum-bound historical citation; not equivalent to a structured API snapshot.,au_pbs,au_pbs_archive_unknown_7a64b98f9806,planned
https://www.pbs.gov.au/info/publication/schedule/2025,2025-09-01,download_for_local_review,pdf,2025-09-01-efc-schedule.pdf,https://www.pbs.gov.au/publication/schedule/2025/09/2025-09-01-efc-schedule.pdf?variant=3,au_pbs_archive_7a6c509b434ce4a7,public_reuse_review,Official PBS Schedule publication PDF. Suitable for checksum-bound historical citation; not equivalent to a structured API snapshot.,au_pbs,au_pbs_archive_2025_09_01_7a6c509b434c,planned
https://www.pbs.gov.au/info/publication/schedule/2014,2014-01-01,download_for_local_review,pdf,2014-01-01-efc-schedule-soc.pdf,https://www.pbs.gov.au/publication/schedule/2014/01/2014-01-01-efc-schedule-soc.pdf?variant=3,au_pbs_archive_7a9c0d1732350d22,public_reuse_review,Official PBS Schedule publication PDF. Suitable for checksum-bound historical citation; not equivalent to a structured API snapshot.,au_pbs,au_pbs_archive_2014_01_01_7a9c0d173235,planned
https://www.pbs.gov.au/info/publication/schedule/2014,2014-08-01,download_for_local_review,pdf,2014-08-01-efc-schedule.pdf,https://www.pbs.gov.au/publication/schedule/2014/08/2014-08-01-efc-schedule.pdf?variant=3,au_pbs_archive_7ac6ddaf39b7782f,public_reuse_review,Official PBS Schedule publication PDF. Suitable for checksum-bound historical citation; not equivalent to a structured API snapshot.,au_pbs,au_pbs_archive_2014_08_01_7ac6ddaf39b7,planned
https://www.pbs.gov.au/info/publication/schedule/2026,2026-06-01,download_for_local_review,pdf,2026-06-01-general-schedule-Volume-1.pdf,https://www.pbs.gov.au/publication/schedule/2026/06/2026-06-01-general-schedule-Volume-1.pdf?variant=3,au_pbs_archive_7b0fbc1e053ea968,public_reuse_review,Official PBS Schedule publication PDF. Suitable for checksum-bound historical citation; not equivalent to a structured API snapshot.,au_pbs,au_pbs_archive_2026_06_01_7b0fbc1e053e,planned
https://www.pbs.gov.au/info/publication/schedule/2020,2020-07-01,download_for_local_review,pdf,2020-07-01-efc-schedule.pdf,https://www.pbs.gov.au/publication/schedule/2020/07/2020-07-01-efc-schedule.pdf?variant=3,au_pbs_archive_7b93b755df45f9d5,public_reuse_review,Official PBS Schedule publication PDF. Suitable for checksum-bound historical citation; not equivalent to a structured API snapshot.,au_pbs,au_pbs_archive_2020_07_01_7b93b755df45,planned
https://www.pbs.gov.au/info/publication/schedule/2017,2017-09-01,download_for_local_review,pdf,2017-09-01-efc-schedule.pdf,https://www.pbs.gov.au/publication/schedule/2017/09/2017-09-01-efc-schedule.pdf?variant=3,au_pbs_archive_7bc1bf4a479d29f6,public_reuse_review,Official PBS Schedule publication PDF. Suitable for checksum-bound historical citation; not equivalent to a structured API snapshot.,au_pbs,au_pbs_archive_2017_09_01_7bc1bf4a479d,planned
https://www.pbs.gov.au/info/publication/schedule/2022,2022-06-01,download_for_local_review,pdf,2022-06-01-efc-schedule.pdf,https://www.pbs.gov.au/publication/schedule/2022/06/2022-06-01-efc-schedule.pdf?variant=3,au_pbs_archive_7be99823e0fe6452,public_reuse_review,Official PBS Schedule publication PDF. Suitable for checksum-bound historical citation; not equivalent to a structured API snapshot.,au_pbs,au_pbs_archive_2022_06_01_7be99823e0fe,planned
https://www.pbs.gov.au/info/publication/schedule/2018,2018-04-01,download_for_local_review,pdf,2018-04-01-general-soc.pdf,https://www.pbs.gov.au/publication/schedule/2018/04/2018-04-01-general-soc.pdf?variant=3,au_pbs_archive_7bf55bbeb72e9ba1,public_reuse_review,Official PBS Schedule publication PDF. Suitable for checksum-bound historical citation; not equivalent to a structured API snapshot.,au_pbs,au_pbs_archive_2018_04_01_7bf55bbeb72e,planned
https://www.pbs.gov.au/info/publication/schedule/2004,2004-02-01,download_for_local_review,pdf,2004-02-01-general-schedule.pdf,https://www.pbs.gov.au/publication/schedule/2004/2004-02-01-general-schedule.pdf?variant=3,au_pbs_archive_7c68eafb3de615a6,public_reuse_review,Official PBS Schedule publication PDF. Suitable for checksum-bound historical citation; not equivalent to a structured API snapshot.,au_pbs,au_pbs_archive_2004_02_01_7c68eafb3de6,planned
https://www.pbs.gov.au/info/publication/schedule/2019,2019-06-01,download_for_local_review,pdf,2019-06-01-efc.pdf,https://www.pbs.gov.au/publication/schedule/2019/06/2019-06-01-efc.pdf?variant=3,au_pbs_archive_7ca48d655f148bd5,public_reuse_review,Official PBS Schedule publication PDF. Suitable for checksum-bound historical citation; not equivalent to a structured API snapshot.,au_pbs,au_pbs_archive_2019_06_01_7ca48d655f14,planned
https://www.pbs.gov.au/info/publication/schedule/2010,2010-09-01,download_for_local_review,pdf,2010-09-01-HSD-Schedule.pdf,https://www.pbs.gov.au/publication/schedule/2010/2010-09-01-HSD-Schedule.pdf?variant=3,au_pbs_archive_7dba4c7daf730b6b,public_reuse_review,Official PBS Schedule publication PDF. Suitable for checksum-bound historical citation; not equivalent to a structured API snapshot.,au_pbs,au_pbs_archive_2010_09_01_7dba4c7daf73,planned
https://www.pbs.gov.au/info/publication/schedule/2025,2025-07-01,download_for_local_review,pdf,2025-07-01-general-schedule-volume-1.pdf,https://www.pbs.gov.au/publication/schedule/2025/07/2025-07-01-general-schedule-volume-1.pdf?variant=3,au_pbs_archive_7e089d1dec3becef,public_reuse_review,Official PBS Schedule publication PDF. Suitable for checksum-bound historical citation; not equivalent to a structured API snapshot.,au_pbs,au_pbs_archive_2025_07_01_7e089d1dec3b,planned
https://www.pbs.gov.au/info/publication/schedule/2008,2008-02-01,download_for_local_review,pdf,2008-02-01-general-schedule-soc.pdf,https://www.pbs.gov.au/publication/schedule/2008/2008-02-01-general-schedule-soc.pdf?variant=3,au_pbs_archive_7e1ca4045f714051,public_reuse_review,Official PBS Schedule publication PDF. Suitable for checksum-bound historical citation; not equivalent to a structured API snapshot.,au_pbs,au_pbs_archive_2008_02_01_7e1ca4045f71,planned
https://www.pbs.gov.au/info/publication/schedule/2014,2014-05-01,download_for_local_review,pdf,2014-05-01-general-schedule.pdf,https://www.pbs.gov.au/publication/schedule/2014/05/2014-05-01-general-schedule.pdf?variant=3,au_pbs_archive_7e2109cbccb4a4fa,public_reuse_review,Official PBS Schedule publication PDF. Suitable for checksum-bound historical citation; not equivalent to a structured API snapshot.,au_pbs,au_pbs_archive_2014_05_01_7e2109cbccb4,planned
https://www.pbs.gov.au/info/publication/schedule/2013,2013-07-01,download_for_local_review,pdf,2013-07-01-errata.pdf,https://www.pbs.gov.au/publication/schedule/2013/07/2013-07-01-errata.pdf?variant=3,au_pbs_archive_7e45af8eb91ab350,public_reuse_review,Official PBS Schedule publication PDF. Suitable for checksum-bound historical citation; not equivalent to a structured API snapshot.,au_pbs,au_pbs_archive_2013_07_01_7e45af8eb91a,planned
https://www.pbs.gov.au/info/publication/schedule/2012,2012-03-01,download_for_local_review,pdf,2012-03-01-general-schedule.pdf,https://www.pbs.gov.au/publication/schedule/2012/03/2012-03-01-general-schedule.pdf?variant=3,au_pbs_archive_7e4df6a98ff68905,public_reuse_review,Official PBS Schedule publication PDF. Suitable for checksum-bound historical citation; not equivalent to a structured API snapshot.,au_pbs,au_pbs_archive_2012_03_01_7e4df6a98ff6,planned
https://www.pbs.gov.au/info/publication/schedule/2025,2025-06-01,download_for_local_review,pdf,2025-06-01-efc-schedule.pdf,https://www.pbs.gov.au/publication/schedule/2025/06/2025-06-01-efc-schedule.pdf?variant=3,au_pbs_archive_7e8d3d04062e6637,public_reuse_review,Official PBS Schedule publication PDF. Suitable for checksum-bound historical citation; not equivalent to a structured API snapshot.,au_pbs,au_pbs_archive_2025_06_01_7e8d3d04062e,planned
https://www.pbs.gov.au/info/publication/schedule/2019,2019-04-01,download_for_local_review,pdf,2019-04-01-general-soc.pdf,https://www.pbs.gov.au/publication/schedule/2019/04/2019-04-01-general-soc.pdf?variant=3,au_pbs_archive_7ec3cd46e39c7687,public_reuse_review,Official PBS Schedule publication PDF. Suitable for checksum-bound historical citation; not equivalent to a structured API snapshot.,au_pbs,au_pbs_archive_2019_04_01_7ec3cd46e39c,planned
https://www.pbs.gov.au/info/publication/schedule/2007,2007-07-01,download_for_local_review,pdf,2007-07-01-general-schedule.pdf,https://www.pbs.gov.au/publication/schedule/2007/2007-07-01-general-schedule.pdf?variant=3,au_pbs_archive_7ec4a4a49329234d,public_reuse_review,Official PBS Schedule publication PDF. Suitable for checksum-bound historical citation; not equivalent to a structured API snapshot.,au_pbs,au_pbs_archive_2007_07_01_7ec4a4a49329,planned
https://www.pbs.gov.au/info/publication/schedule/2010,2010-10-01,download_for_local_review,pdf,2010-10-01-chemotherapy-booklet.pdf,https://www.pbs.gov.au/publication/schedule/2010/2010-10-01-chemotherapy-booklet.pdf?variant=3,au_pbs_archive_7f46e8302eb03b0f,public_reuse_review,Official PBS Schedule publication PDF. Suitable for checksum-bound historical citation; not equivalent to a structured API snapshot.,au_pbs,au_pbs_archive_2010_10_01_7f46e8302eb0,planned
https://www.pbs.gov.au/info/publication/schedule/2007,2007-03-01,download_for_local_review,pdf,2007-03-01-dental-book-soc.pdf,https://www.pbs.gov.au/publication/schedule/2007/2007-03-01-dental-book-soc.pdf?variant=3,au_pbs_archive_7f65138feb94eb6f,public_reuse_review,Official PBS Schedule publication PDF. Suitable for checksum-bound historical citation; not equivalent to a structured API snapshot.,au_pbs,au_pbs_archive_2007_03_01_7f65138feb94,planned
https://www.pbs.gov.au/info/publication/schedule/2010,2010-06-01,download_for_local_review,pdf,2010-06-01-general-schedule-SOC.pdf,https://www.pbs.gov.au/publication/schedule/2010/2010-06-01-general-schedule-SOC.pdf?variant=3,au_pbs_archive_7f66d7bccaf1879d,public_reuse_review,Official PBS Schedule publication PDF. Suitable for checksum-bound historical citation; not equivalent to a structured API snapshot.,au_pbs,au_pbs_archive_2010_06_01_7f66d7bccaf1,planned
https://www.pbs.gov.au/info/publication/schedule/2024,2024-03-01,download_for_local_review,pdf,2024-03-01-general-volume-2.pdf,https://www.pbs.gov.au/publication/schedule/2024/03/2024-03-01-general-volume-2.pdf?variant=3,au_pbs_archive_807428b219720534,public_reuse_review,Official PBS Schedule publication PDF. Suitable for checksum-bound historical citation; not equivalent to a structured API snapshot.,au_pbs,au_pbs_archive_2024_03_01_807428b21972,planned
https://www.pbs.gov.au/info/publication/schedule/2010,2010-12-01,download_for_local_review,pdf,2010-12-01-general-schedule-erratum.pdf,https://www.pbs.gov.au/publication/schedule/2010/2010-12-01-general-schedule-erratum.pdf?variant=3,au_pbs_archive_807d44a521ce6e3f,public_reuse_review,Official PBS Schedule publication PDF. Suitable for checksum-bound historical citation; not equivalent to a structured API snapshot.,au_pbs,au_pbs_archive_2010_12_01_807d44a521ce,planned
https://www.pbs.gov.au/info/publication/schedule/2017,2017-09-01,download_for_local_review,pdf,2017-09-01-general-soc.pdf,https://www.pbs.gov.au/publication/schedule/2017/09/2017-09-01-general-soc.pdf?variant=3,au_pbs_archive_80e85d857918dae9,public_reuse_review,Official PBS Schedule publication PDF. Suitable for checksum-bound historical citation; not equivalent to a structured API snapshot.,au_pbs,au_pbs_archive_2017_09_01_80e85d857918,planned
https://www.pbs.gov.au/info/publication/schedule/2014,2014-04-01,download_for_local_review,pdf,2014-04-01-errata.pdf,https://www.pbs.gov.au/publication/schedule/2014/04/2014-04-01-errata.pdf?variant=3,au_pbs_archive_80fef65ce8669f9e,public_reuse_review,Official PBS Schedule publication PDF. Suitable for checksum-bound historical citation; not equivalent to a structured API snapshot.,au_pbs,au_pbs_archive_2014_04_01_80fef65ce866,planned
https://www.pbs.gov.au/info/publication/schedule/2021,2021-04-01,download_for_local_review,pdf,2021-04-01-general-volume-1.pdf,https://www.pbs.gov.au/publication/schedule/2021/04/2021-04-01-general-volume-1.pdf?variant=3,au_pbs_archive_815e54e0e43beacf,public_reuse_review,Official PBS Schedule publication PDF. Suitable for checksum-bound historical citation; not equivalent to a structured API snapshot.,au_pbs,au_pbs_archive_2021_04_01_815e54e0e43b,planned
https://www.pbs.gov.au/info/publication/schedule/2021,2021-04-01,download_for_local_review,pdf,Addendum-for-2021-04-01.pdf,https://www.pbs.gov.au/publication/schedule/2021/04/Addendum-for-2021-04-01.pdf?variant=3,au_pbs_archive_820c94477e7830cf,public_reuse_review,Official PBS Schedule publication PDF. Suitable for checksum-bound historical citation; not equivalent to a structured API snapshot.,au_pbs,au_pbs_archive_2021_04_01_820c94477e78,planned
https://www.pbs.gov.au/info/publication/schedule/2025,2025-09-01,download_for_local_review,pdf,2025-09-01-general-schedule-volume-1.pdf,https://www.pbs.gov.au/publication/schedule/2025/09/2025-09-01-general-schedule-volume-1.pdf?variant=3,au_pbs_archive_8224fcbab5acf038,public_reuse_review,Official PBS Schedule publication PDF. Suitable for checksum-bound historical citation; not equivalent to a structured API snapshot.,au_pbs,au_pbs_archive_2025_09_01_8224fcbab5ac,planned
https://www.pbs.gov.au/info/publication/schedule/2016,2016-04-01,download_for_local_review,pdf,2016-04-01-general-schedule-soc.pdf,https://www.pbs.gov.au/publication/schedule/2016/04/2016-04-01-general-schedule-soc.pdf?variant=3,au_pbs_archive_825da772fee300c7,public_reuse_review,Official PBS Schedule publication PDF. Suitable for checksum-bound historical citation; not equivalent to a structured API snapshot.,au_pbs,au_pbs_archive_2016_04_01_825da772fee3,planned
https://www.pbs.gov.au/info/publication/schedule/2008,2008-10-01,download_for_local_review,pdf,2008-10-01-dental-book-soc.pdf,https://www.pbs.gov.au/publication/schedule/2008/2008-10-01-dental-book-soc.pdf?variant=3,au_pbs_archive_82d15d22a43105a5,public_reuse_review,Official PBS Schedule publication PDF. Suitable for checksum-bound historical citation; not equivalent to a structured API snapshot.,au_pbs,au_pbs_archive_2008_10_01_82d15d22a431,planned
https://www.pbs.gov.au/info/publication/schedule/historical-archive,1970-12-01,download_for_local_review,pdf,1970-12-01-consolidated-schedules.pdf,https://www.pbs.gov.au/publication/schedule/1951-2002/1970-12-01-consolidated-schedules.pdf?variant=3,au_pbs_archive_831e4c059bc30c23,public_reuse_review,Official PBS Schedule publication PDF. Suitable for checksum-bound historical citation; not equivalent to a structured API snapshot.,au_pbs,au_pbs_archive_1970_12_01_831e4c059bc3,planned
https://www.pbs.gov.au/info/publication/schedule/2025,2025-11-01,download_for_local_review,pdf,2025-11-01-general-schedule-volume-2.pdf,https://www.pbs.gov.au/publication/schedule/2025/11/2025-11-01-general-schedule-volume-2.pdf?variant=3,au_pbs_archive_8332b809da3f5ee7,public_reuse_review,Official PBS Schedule publication PDF. Suitable for checksum-bound historical citation; not equivalent to a structured API snapshot.,au_pbs,au_pbs_archive_2025_11_01_8332b809da3f,planned
https://www.pbs.gov.au/info/publication/schedule/2019,2019-01-01,download_for_local_review,pdf,2019-01-01-general-soc.pdf,https://www.pbs.gov.au/publication/schedule/2019/01/2019-01-01-general-soc.pdf?variant=3,au_pbs_archive_83497393f46dde59,public_reuse_review,Official PBS Schedule publication PDF. Suitable for checksum-bound historical citation; not equivalent to a structured API snapshot.,au_pbs,au_pbs_archive_2019_01_01_83497393f46d,planned
https://www.pbs.gov.au/info/publication/schedule/2023,2023-04-01,download_for_local_review,pdf,2023-04-01-general-schedule-volume-2.pdf,https://www.pbs.gov.au/publication/schedule/2023/04/2023-04-01-general-schedule-volume-2.pdf?variant=3,au_pbs_archive_83761d50b1e68029,public_reuse_review,Official PBS Schedule publication PDF. Suitable for checksum-bound historical citation; not equivalent to a structured API snapshot.,au_pbs,au_pbs_archive_2023_04_01_83761d50b1e6,planned
https://www.pbs.gov.au/info/publication/schedule/2011,2011-11-01,download_for_local_review,pdf,2011-11-01-general-schedule-SOC.pdf,https://www.pbs.gov.au/publication/schedule/2011/11/2011-11-01-general-schedule-SOC.pdf?variant=3,au_pbs_archive_838c26b810c7b418,public_reuse_review,Official PBS Schedule publication PDF. Suitable for checksum-bound historical citation; not equivalent to a structured API snapshot.,au_pbs,au_pbs_archive_2011_11_01_838c26b810c7,planned
https://www.pbs.gov.au/info/publication/schedule/2012,2012-07-01,download_for_local_review,pdf,2012-07-01-general-schedule-SOC.pdf,https://www.pbs.gov.au/publication/schedule/2012/07/2012-07-01-general-schedule-SOC.pdf?variant=3,au_pbs_archive_8412ea33cafa756b,public_reuse_review,Official PBS Schedule publication PDF. Suitable for checksum-bound historical citation; not equivalent to a structured API snapshot.,au_pbs,au_pbs_archive_2012_07_01_8412ea33cafa,planned
https://www.pbs.gov.au/info/publication/schedule/2014,2014-07-01,download_for_local_review,pdf,2014-07-01-general-schedule-soc.pdf,https://www.pbs.gov.au/publication/schedule/2014/07/2014-07-01-general-schedule-soc.pdf?variant=3,au_pbs_archive_8457fecc49303e8b,public_reuse_review,Official PBS Schedule publication PDF. Suitable for checksum-bound historical citation; not equivalent to a structured API snapshot.,au_pbs,au_pbs_archive_2014_07_01_8457fecc4930,planned
https://www.pbs.gov.au/info/publication/schedule/2016,2016-10-01,download_for_local_review,pdf,2016-10-01-efc-schedule.pdf,https://www.pbs.gov.au/publication/schedule/2016/10/2016-10-01-efc-schedule.pdf?variant=3,au_pbs_archive_84693bb9e30d05ec,public_reuse_review,Official PBS Schedule publication PDF. Suitable for checksum-bound historical citation; not equivalent to a structured API snapshot.,au_pbs,au_pbs_archive_2016_10_01_84693bb9e30d,planned
https://www.pbs.gov.au/info/publication/schedule/2018,2018-02-01,download_for_local_review,pdf,2018-02-01-general-soc.pdf,https://www.pbs.gov.au/publication/schedule/2018/02/2018-02-01-general-soc.pdf?variant=3,au_pbs_archive_84b9af0a544c2689,public_reuse_review,Official PBS Schedule publication PDF. Suitable for checksum-bound historical citation; not equivalent to a structured API snapshot.,au_pbs,au_pbs_archive_2018_02_01_84b9af0a544c,planned
https://www.pbs.gov.au/info/publication/schedule/2022,2022-02-01,download_for_local_review,pdf,2022-02-01-general-soc.pdf,https://www.pbs.gov.au/publication/schedule/2022/02/2022-02-01-general-soc.pdf?variant=3,au_pbs_archive_8507d5a032ba4d49,public_reuse_review,Official PBS Schedule publication PDF. Suitable for checksum-bound historical citation; not equivalent to a structured API snapshot.,au_pbs,au_pbs_archive_2022_02_01_8507d5a032ba,planned
https://www.pbs.gov.au/info/publication/schedule/2013,2013-10-01,download_for_local_review,pdf,2013-10-01-efc-schedule-soc.pdf,https://www.pbs.gov.au/publication/schedule/2013/10/2013-10-01-efc-schedule-soc.pdf?variant=3,au_pbs_archive_850e5348884ac28f,public_reuse_review,Official PBS Schedule publication PDF. Suitable for checksum-bound historical citation; not equivalent to a structured API snapshot.,au_pbs,au_pbs_archive_2013_10_01_850e5348884a,planned
https://www.pbs.gov.au/info/publication/schedule/2009,2009-12-01,download_for_local_review,pdf,2009-12-01-dental-book-soc.pdf,https://www.pbs.gov.au/publication/schedule/2009/2009-12-01-dental-book-soc.pdf?variant=3,au_pbs_archive_853c401ed0843b67,public_reuse_review,Official PBS Schedule publication PDF. Suitable for checksum-bound historical citation; not equivalent to a structured API snapshot.,au_pbs,au_pbs_archive_2009_12_01_853c401ed084,planned
https://www.pbs.gov.au/info/publication/schedule/2024,2024-03-01,download_for_local_review,pdf,2024-03-01-Errata.pdf,https://www.pbs.gov.au/publication/schedule/2024/03/2024-03-01-Errata.pdf?variant=3,au_pbs_archive_8565496720f98d0a,public_reuse_review,Official PBS Schedule publication PDF. Suitable for checksum-bound historical citation; not equivalent to a structured API snapshot.,au_pbs,au_pbs_archive_2024_03_01_8565496720f9,planned
https://www.pbs.gov.au/info/publication/schedule/2012,2012-08-01,download_for_local_review,pdf,2012-08-01-general-schedule.pdf,https://www.pbs.gov.au/publication/schedule/2012/08/2012-08-01-general-schedule.pdf?variant=3,au_pbs_archive_86267c77d903a118,public_reuse_review,Official PBS Schedule publication PDF. Suitable for checksum-bound historical citation; not equivalent to a structured API snapshot.,au_pbs,au_pbs_archive_2012_08_01_86267c77d903,planned
https://www.pbs.gov.au/info/publication/schedule/2011,2011-11-01,download_for_local_review,pdf,2011-11-01-chemotherapy-booklet.pdf,https://www.pbs.gov.au/publication/schedule/2011/11/2011-11-01-chemotherapy-booklet.pdf?variant=3,au_pbs_archive_862fc7f2aa74796c,public_reuse_review,Official PBS Schedule publication PDF. Suitable for checksum-bound historical citation; not equivalent to a structured API snapshot.,au_pbs,au_pbs_archive_2011_11_01_862fc7f2aa74,planned
https://www.pbs.gov.au/info/publication/schedule/2024,2024-05-01,download_for_local_review,pdf,2024-05-01-general-schedule-volume-1.pdf,https://www.pbs.gov.au/publication/schedule/2024/05/2024-05-01-general-schedule-volume-1.pdf?variant=3,au_pbs_archive_863f79f419386e16,public_reuse_review,Official PBS Schedule publication PDF. Suitable for checksum-bound historical citation; not equivalent to a structured API snapshot.,au_pbs,au_pbs_archive_2024_05_01_863f79f41938,planned
https://www.pbs.gov.au/info/publication/schedule/2021,2021-11-01,download_for_local_review,pdf,2021-11-01-general-schedule-volume-2.pdf,https://www.pbs.gov.au/publication/schedule/2021/11/2021-11-01-general-schedule-volume-2.pdf?variant=3,au_pbs_archive_8695ec033072020f,public_reuse_review,Official PBS Schedule publication PDF. Suitable for checksum-bound historical citation; not equivalent to a structured API snapshot.,au_pbs,au_pbs_archive_2021_11_01_8695ec033072,planned
https://www.pbs.gov.au/info/publication/schedule/2016,2016-01-01,download_for_local_review,pdf,2016-01-01-general-schedule-soc.pdf,https://www.pbs.gov.au/publication/schedule/2016/01/2016-01-01-general-schedule-soc.pdf?variant=3,au_pbs_archive_87497eeb9e0d5b0b,public_reuse_review,Official PBS Schedule publication PDF. Suitable for checksum-bound historical citation; not equivalent to a structured API snapshot.,au_pbs,au_pbs_archive_2016_01_01_87497eeb9e0d,planned
https://www.pbs.gov.au/info/publication/schedule/2017,2017-06-01,download_for_local_review,pdf,2017-06-01-general-soc.pdf,https://www.pbs.gov.au/publication/schedule/2017/06/2017-06-01-general-soc.pdf?variant=3,au_pbs_archive_87522ee061cf3708,public_reuse_review,Official PBS Schedule publication PDF. Suitable for checksum-bound historical citation; not equivalent to a structured API snapshot.,au_pbs,au_pbs_archive_2017_06_01_87522ee061cf,planned
https://www.pbs.gov.au/info/publication/schedule/2007,2007-02-01,download_for_local_review,pdf,2007-02-01-general-schedule-soc.pdf,https://www.pbs.gov.au/publication/schedule/2007/2007-02-01-general-schedule-soc.pdf?variant=3,au_pbs_archive_8765a09d13218ca9,public_reuse_review,Official PBS Schedule publication PDF. Suitable for checksum-bound historical citation; not equivalent to a structured API snapshot.,au_pbs,au_pbs_archive_2007_02_01_8765a09d1321,planned
https://www.pbs.gov.au/info/publication/schedule/2025,2025-10-01,download_for_local_review,pdf,2025-10-01-general-schedule-volume-1.pdf,https://www.pbs.gov.au/publication/schedule/2025/10/2025-10-01-general-schedule-volume-1.pdf?variant=3,au_pbs_archive_879b68cdca17f652,public_reuse_review,Official PBS Schedule publication PDF. Suitable for checksum-bound historical citation; not equivalent to a structured API snapshot.,au_pbs,au_pbs_archive_2025_10_01_879b68cdca17,planned
https://www.pbs.gov.au/info/publication/schedule/2024,2024-10-01,download_for_local_review,pdf,2024-10-01-general-soc.pdf,https://www.pbs.gov.au/publication/schedule/2024/10/2024-10-01-general-soc.pdf?variant=3,au_pbs_archive_87a9a5bf2f04a566,public_reuse_review,Official PBS Schedule publication PDF. Suitable for checksum-bound historical citation; not equivalent to a structured API snapshot.,au_pbs,au_pbs_archive_2024_10_01_87a9a5bf2f04,planned
https://www.pbs.gov.au/info/publication/schedule/2014,2014-09-01,download_for_local_review,pdf,2014-09-01-general-schedule-soc.pdf,https://www.pbs.gov.au/publication/schedule/2014/09/2014-09-01-general-schedule-soc.pdf?variant=3,au_pbs_archive_8889a35d274b9f96,public_reuse_review,Official PBS Schedule publication PDF. Suitable for checksum-bound historical citation; not equivalent to a structured API snapshot.,au_pbs,au_pbs_archive_2014_09_01_8889a35d274b,planned
https://www.pbs.gov.au/info/publication/schedule/2017,2017-10-01,download_for_local_review,pdf,2017-10-01-general-soc.pdf,https://www.pbs.gov.au/publication/schedule/2017/10/2017-10-01-general-soc.pdf?variant=3,au_pbs_archive_8896002eab332147,public_reuse_review,Official PBS Schedule publication PDF. Suitable for checksum-bound historical citation; not equivalent to a structured API snapshot.,au_pbs,au_pbs_archive_2017_10_01_8896002eab33,planned
https://www.pbs.gov.au/info/publication/schedule/2011,2011-06-01,download_for_local_review,pdf,2011-06-01-dental-book-SOC.pdf,https://www.pbs.gov.au/publication/schedule/2011/06/2011-06-01-dental-book-SOC.pdf?variant=3,au_pbs_archive_88ac430401ed20ec,public_reuse_review,Official PBS Schedule publication PDF. Suitable for checksum-bound historical citation; not equivalent to a structured API snapshot.,au_pbs,au_pbs_archive_2011_06_01_88ac430401ed,planned
https://www.pbs.gov.au/info/publication/schedule/2015,2015-08-01,download_for_local_review,pdf,2015-08-01-general-schedule-soc.pdf,https://www.pbs.gov.au/publication/schedule/2015/08/2015-08-01-general-schedule-soc.pdf?variant=3,au_pbs_archive_88dd6fcec312b952,public_reuse_review,Official PBS Schedule publication PDF. Suitable for checksum-bound historical citation; not equivalent to a structured API snapshot.,au_pbs,au_pbs_archive_2015_08_01_88dd6fcec312,planned
https://www.pbs.gov.au/info/publication/schedule/2007,2007-06-01,download_for_local_review,pdf,2007-06-01-general-schedule.pdf,https://www.pbs.gov.au/publication/schedule/2007/2007-06-01-general-schedule.pdf?variant=3,au_pbs_archive_89700835effd15c0,public_reuse_review,Official PBS Schedule publication PDF. Suitable for checksum-bound historical citation; not equivalent to a structured API snapshot.,au_pbs,au_pbs_archive_2007_06_01_89700835effd,planned
https://www.pbs.gov.au/info/publication/schedule/2025,2025-11-01,download_for_local_review,pdf,2025-11-01-general-schedule-volume-1.pdf,https://www.pbs.gov.au/publication/schedule/2025/11/2025-11-01-general-schedule-volume-1.pdf?variant=3,au_pbs_archive_8a151e07ae49394a,public_reuse_review,Official PBS Schedule publication PDF. Suitable for checksum-bound historical citation; not equivalent to a structured API snapshot.,au_pbs,au_pbs_archive_2025_11_01_8a151e07ae49,planned
https://www.pbs.gov.au/info/publication/schedule/2018,2018-08-01,download_for_local_review,pdf,2018-08-01-efc-schedule.pdf,https://www.pbs.gov.au/publication/schedule/2018/08/2018-08-01-efc-schedule.pdf?variant=3,au_pbs_archive_8a1c748d2004cfff,public_reuse_review,Official PBS Schedule publication PDF. Suitable for checksum-bound historical citation; not equivalent to a structured API snapshot.,au_pbs,au_pbs_archive_2018_08_01_8a1c748d2004,planned
https://www.pbs.gov.au/info/publication/schedule/2023,2023-03-01,download_for_local_review,pdf,2023-03-01-general-schedule-volume-2.pdf,https://www.pbs.gov.au/publication/schedule/2023/03/2023-03-01-general-schedule-volume-2.pdf?variant=3,au_pbs_archive_8a438dc0f57fa3df,public_reuse_review,Official PBS Schedule publication PDF. Suitable for checksum-bound historical citation; not equivalent to a structured API snapshot.,au_pbs,au_pbs_archive_2023_03_01_8a438dc0f57f,planned
https://www.pbs.gov.au/info/publication/schedule/2019,2019-09-01,download_for_local_review,pdf,2019-09-01-efc-schedule.pdf,https://www.pbs.gov.au/publication/schedule/2019/09/2019-09-01-efc-schedule.pdf?variant=3,au_pbs_archive_8a779a650c82b370,public_reuse_review,Official PBS Schedule publication PDF. Suitable for checksum-bound historical citation; not equivalent to a structured API snapshot.,au_pbs,au_pbs_archive_2019_09_01_8a779a650c82,planned
https://www.pbs.gov.au/info/publication/schedule/2015,2015-08-01,download_for_local_review,pdf,2015-08-01-errata.pdf,https://www.pbs.gov.au/publication/schedule/2015/08/2015-08-01-errata.pdf?variant=3,au_pbs_archive_8a78017448e2438e,public_reuse_review,Official PBS Schedule publication PDF. Suitable for checksum-bound historical citation; not equivalent to a structured API snapshot.,au_pbs,au_pbs_archive_2015_08_01_8a78017448e2,planned
https://www.pbs.gov.au/info/publication/schedule/2008,2008-08-01,download_for_local_review,pdf,2008-08-01-general-schedule-soc.pdf,https://www.pbs.gov.au/publication/schedule/2008/2008-08-01-general-schedule-soc.pdf?variant=3,au_pbs_archive_8a79bd8794e86417,public_reuse_review,Official PBS Schedule publication PDF. Suitable for checksum-bound historical citation; not equivalent to a structured API snapshot.,au_pbs,au_pbs_archive_2008_08_01_8a79bd8794e8,planned
https://www.pbs.gov.au/info/publication/schedule/2022,2022-11-01,download_for_local_review,pdf,2022-11-01-general-schedule-volume-1.pdf,https://www.pbs.gov.au/publication/schedule/2022/11/2022-11-01-general-schedule-volume-1.pdf?variant=3,au_pbs_archive_8a7c3f1ecf8cfc19,public_reuse_review,Official PBS Schedule publication PDF. Suitable for checksum-bound historical citation; not equivalent to a structured API snapshot.,au_pbs,au_pbs_archive_2022_11_01_8a7c3f1ecf8c,planned
https://www.pbs.gov.au/info/publication/schedule/2008,2008-07-01,download_for_local_review,pdf,2008-07-01-dental-book.pdf,https://www.pbs.gov.au/publication/schedule/2008/2008-07-01-dental-book.pdf?variant=3,au_pbs_archive_8adbcea0e7190c7b,public_reuse_review,Official PBS Schedule publication PDF. Suitable for checksum-bound historical citation; not equivalent to a structured API snapshot.,au_pbs,au_pbs_archive_2008_07_01_8adbcea0e719,planned
https://www.pbs.gov.au/info/publication/schedule/2015,2015-05-01,download_for_local_review,pdf,2015-05-01-general-schedule-soc.pdf,https://www.pbs.gov.au/publication/schedule/2015/05/2015-05-01-general-schedule-soc.pdf?variant=3,au_pbs_archive_8af726fffc390bec,public_reuse_review,Official PBS Schedule publication PDF. Suitable for checksum-bound historical citation; not equivalent to a structured API snapshot.,au_pbs,au_pbs_archive_2015_05_01_8af726fffc39,planned
https://www.pbs.gov.au/info/publication/schedule/historical-archive,1987-12-01,download_for_local_review,pdf,1987-12-01-RPBS-Schedule.PDF,https://www.pbs.gov.au/publication/schedule/1951-2002/1987-12-01-RPBS-Schedule.PDF?variant=3,au_pbs_archive_8aff4321b12f7aa4,public_reuse_review,Official PBS Schedule publication PDF. Suitable for checksum-bound historical citation; not equivalent to a structured API snapshot.,au_pbs,au_pbs_archive_1987_12_01_8aff4321b12f,planned
https://www.pbs.gov.au/info/publication/schedule/2018,2018-03-01,download_for_local_review,pdf,2018-03-01-general-schedule.pdf,https://www.pbs.gov.au/publication/schedule/2018/03/2018-03-01-general-schedule.pdf?variant=3,au_pbs_archive_8b3bb64c3cfaf016,public_reuse_review,Official PBS Schedule publication PDF. Suitable for checksum-bound historical citation; not equivalent to a structured API snapshot.,au_pbs,au_pbs_archive_2018_03_01_8b3bb64c3cfa,planned
https://www.pbs.gov.au/info/publication/schedule/historical-archive,1955-05-01,download_for_local_review,pdf,1955-05-01-PBS-Schedule-Medical-Practitioners.pdf,https://www.pbs.gov.au/publication/schedule/1951-2002/1955-05-01-PBS-Schedule-Medical-Practitioners.pdf?variant=3,au_pbs_archive_8b60f9e96b811097,public_reuse_review,Official PBS Schedule publication PDF. Suitable for checksum-bound historical citation; not equivalent to a structured API snapshot.,au_pbs,au_pbs_archive_1955_05_01_8b60f9e96b81,planned
https://www.pbs.gov.au/info/publication/schedule/2026,2026-06-01,download_for_local_review,pdf,2026-06-01-general-schedule-Volume-2.pdf,https://www.pbs.gov.au/publication/schedule/2026/06/2026-06-01-general-schedule-Volume-2.pdf?variant=3,au_pbs_archive_8b7bfc3c1e366d36,public_reuse_review,Official PBS Schedule publication PDF. Suitable for checksum-bound historical citation; not equivalent to a structured API snapshot.,au_pbs,au_pbs_archive_2026_06_01_8b7bfc3c1e36,planned
https://www.pbs.gov.au/info/publication/schedule/2011,2011-05-01,download_for_local_review,pdf,2011-05-01-chemotherapy-booklet.pdf,https://www.pbs.gov.au/publication/schedule/2011/05/2011-05-01-chemotherapy-booklet.pdf?variant=3,au_pbs_archive_8c10ed2496084edf,public_reuse_review,Official PBS Schedule publication PDF. Suitable for checksum-bound historical citation; not equivalent to a structured API snapshot.,au_pbs,au_pbs_archive_2011_05_01_8c10ed249608,planned
https://www.pbs.gov.au/info/publication/schedule/2026,2026-04-01,download_for_local_review,pdf,2026-04-01-general-schedule-Volume-1.pdf,https://www.pbs.gov.au/publication/schedule/2026/04/2026-04-01-general-schedule-Volume-1.pdf?variant=3,au_pbs_archive_8c522c24d493b66d,public_reuse_review,Official PBS Schedule publication PDF. Suitable for checksum-bound historical citation; not equivalent to a structured API snapshot.,au_pbs,au_pbs_archive_2026_04_01_8c522c24d493,planned
https://www.pbs.gov.au/info/publication/schedule/2008,2008-04-01,download_for_local_review,pdf,2008-04-01-dental-book.pdf,https://www.pbs.gov.au/publication/schedule/2008/2008-04-01-dental-book.pdf?variant=3,au_pbs_archive_8c812ec99201f6c8,public_reuse_review,Official PBS Schedule publication PDF. Suitable for checksum-bound historical citation; not equivalent to a structured API snapshot.,au_pbs,au_pbs_archive_2008_04_01_8c812ec99201,planned
https://www.pbs.gov.au/info/publication/schedule/2011,2011-01-01,download_for_local_review,pdf,2011-01-01-general-schedule.pdf,https://www.pbs.gov.au/publication/schedule/2011/01/2011-01-01-general-schedule.pdf?variant=3,au_pbs_archive_8ca65756863d60b7,public_reuse_review,Official PBS Schedule publication PDF. Suitable for checksum-bound historical citation; not equivalent to a structured API snapshot.,au_pbs,au_pbs_archive_2011_01_01_8ca65756863d,planned
https://www.pbs.gov.au/info/publication/schedule/2015,2015-01-01,download_for_local_review,pdf,2015-01-01-efc-schedule.pdf,https://www.pbs.gov.au/publication/schedule/2015/01/2015-01-01-efc-schedule.pdf?variant=3,au_pbs_archive_8caaeb0ca46dd2f4,public_reuse_review,Official PBS Schedule publication PDF. Suitable for checksum-bound historical citation; not equivalent to a structured API snapshot.,au_pbs,au_pbs_archive_2015_01_01_8caaeb0ca46d,planned
https://www.pbs.gov.au/info/publication/schedule/2020,2020-05-01,download_for_local_review,pdf,2020-05-01-general-schedule-volume-1.pdf,https://www.pbs.gov.au/publication/schedule/2020/05/2020-05-01-general-schedule-volume-1.pdf?variant=3,au_pbs_archive_8cab3e8c708d8b20,public_reuse_review,Official PBS Schedule publication PDF. Suitable for checksum-bound historical citation; not equivalent to a structured API snapshot.,au_pbs,au_pbs_archive_2020_05_01_8cab3e8c708d,planned
https://www.pbs.gov.au/info/publication/schedule/2007,2007-10-01,download_for_local_review,pdf,2007-10-01-dental-book-soc.pdf,https://www.pbs.gov.au/publication/schedule/2007/2007-10-01-dental-book-soc.pdf?variant=3,au_pbs_archive_8cf22e7b23e7f789,public_reuse_review,Official PBS Schedule publication PDF. Suitable for checksum-bound historical citation; not equivalent to a structured API snapshot.,au_pbs,au_pbs_archive_2007_10_01_8cf22e7b23e7,planned
https://www.pbs.gov.au/info/publication/schedule/2023,2023-11-01,download_for_local_review,pdf,2023-11-01-general-soc.pdf,https://www.pbs.gov.au/publication/schedule/2023/11/2023-11-01-general-soc.pdf?variant=3,au_pbs_archive_8cfc32deb4914010,public_reuse_review,Official PBS Schedule publication PDF. Suitable for checksum-bound historical citation; not equivalent to a structured API snapshot.,au_pbs,au_pbs_archive_2023_11_01_8cfc32deb491,planned
https://www.pbs.gov.au/info/publication/schedule/2019,2019-08-01,download_for_local_review,pdf,2019-08-01-general-schedule-vol-1.pdf,https://www.pbs.gov.au/publication/schedule/2019/08/2019-08-01-general-schedule-vol-1.pdf?variant=3,au_pbs_archive_8d00e66d2b642995,public_reuse_review,Official PBS Schedule publication PDF. Suitable for checksum-bound historical citation; not equivalent to a structured API snapshot.,au_pbs,au_pbs_archive_2019_08_01_8d00e66d2b64,planned
https://www.pbs.gov.au/info/publication/schedule/2013,2013-01-01,download_for_local_review,pdf,2013-01-01-pbs-summary-of-changes.pdf,https://www.pbs.gov.au/publication/schedule/2013/01/2013-01-01-pbs-summary-of-changes.pdf?variant=3,au_pbs_archive_8d3c48c58c6f4d7b,public_reuse_review,Official PBS Schedule publication PDF. Suitable for checksum-bound historical citation; not equivalent to a structured API snapshot.,au_pbs,au_pbs_archive_2013_01_01_8d3c48c58c6f,planned
https://www.pbs.gov.au/info/publication/schedule/2024,2024-11-01,download_for_local_review,pdf,2024-11-01-general-schedule-volume-1.pdf,https://www.pbs.gov.au/publication/schedule/2024/11/2024-11-01-general-schedule-volume-1.pdf?variant=3,au_pbs_archive_8d48aedfb4ec2874,public_reuse_review,Official PBS Schedule publication PDF. Suitable for checksum-bound historical citation; not equivalent to a structured API snapshot.,au_pbs,au_pbs_archive_2024_11_01_8d48aedfb4ec,planned
https://www.pbs.gov.au/info/publication/schedule/2025,2025-03-01,download_for_local_review,pdf,2025-03-01-general-schedule-volume-1.pdf,https://www.pbs.gov.au/publication/schedule/2025/03/2025-03-01-general-schedule-volume-1.pdf?variant=3,au_pbs_archive_8dd6c055d1175e01,public_reuse_review,Official PBS Schedule publication PDF. Suitable for checksum-bound historical citation; not equivalent to a structured API snapshot.,au_pbs,au_pbs_archive_2025_03_01_8dd6c055d117,planned
https://www.pbs.gov.au/info/publication/schedule/2011,2011-01-01,download_for_local_review,pdf,2011-01-01-chemotherapy-booklet.pdf,https://www.pbs.gov.au/publication/schedule/2011/01/2011-01-01-chemotherapy-booklet.pdf?variant=3,au_pbs_archive_8e43085ccf52f531,public_reuse_review,Official PBS Schedule publication PDF. Suitable for checksum-bound historical citation; not equivalent to a structured API snapshot.,au_pbs,au_pbs_archive_2011_01_01_8e43085ccf52,planned
https://www.pbs.gov.au/info/publication/schedule/2008,2008-03-01,download_for_local_review,pdf,2008-03-01-dental-book-soc.pdf,https://www.pbs.gov.au/publication/schedule/2008/2008-03-01-dental-book-soc.pdf?variant=3,au_pbs_archive_8e4770605cd40328,public_reuse_review,Official PBS Schedule publication PDF. Suitable for checksum-bound historical citation; not equivalent to a structured API snapshot.,au_pbs,au_pbs_archive_2008_03_01_8e4770605cd4,planned
https://www.pbs.gov.au/info/publication/schedule/2024,2024-12-01,download_for_local_review,pdf,2024-12-01-general-schedule-volume-1.pdf,https://www.pbs.gov.au/publication/schedule/2024/12/2024-12-01-general-schedule-volume-1.pdf?variant=3,au_pbs_archive_8ea7889cdb9bc360,public_reuse_review,Official PBS Schedule publication PDF. Suitable for checksum-bound historical citation; not equivalent to a structured API snapshot.,au_pbs,au_pbs_archive_2024_12_01_8ea7889cdb9b,planned
https://www.pbs.gov.au/info/publication/schedule/2013,2013-04-01,download_for_local_review,pdf,2013-04-01-errata.pdf,https://www.pbs.gov.au/publication/schedule/2013/04/2013-04-01-errata.pdf?variant=3,au_pbs_archive_8f01b4ecf07fda10,public_reuse_review,Official PBS Schedule publication PDF. Suitable for checksum-bound historical citation; not equivalent to a structured API snapshot.,au_pbs,au_pbs_archive_2013_04_01_8f01b4ecf07f,planned
https://www.pbs.gov.au/info/publication/schedule/2022,2022-09-01,download_for_local_review,pdf,2022-09-01-general-schedule-volume-2.pdf,https://www.pbs.gov.au/publication/schedule/2022/09/2022-09-01-general-schedule-volume-2.pdf?variant=3,au_pbs_archive_8f05093a384d9f7c,public_reuse_review,Official PBS Schedule publication PDF. Suitable for checksum-bound historical citation; not equivalent to a structured API snapshot.,au_pbs,au_pbs_archive_2022_09_01_8f05093a384d,planned
https://www.pbs.gov.au/info/publication/schedule/2018,2018-10-01,download_for_local_review,pdf,2018-10-01-general-soc.pdf,https://www.pbs.gov.au/publication/schedule/2018/10/2018-10-01-general-soc.pdf?variant=3,au_pbs_archive_8f0c27821f9cb6fe,public_reuse_review,Official PBS Schedule publication PDF. Suitable for checksum-bound historical citation; not equivalent to a structured API snapshot.,au_pbs,au_pbs_archive_2018_10_01_8f0c27821f9c,planned
https://www.pbs.gov.au/info/publication/schedule/2015,2015-02-01,download_for_local_review,pdf,2015-02-01-efc-schedule.pdf,https://www.pbs.gov.au/publication/schedule/2015/02/2015-02-01-efc-schedule.pdf?variant=3,au_pbs_archive_8f2c98c4b8339852,public_reuse_review,Official PBS Schedule publication PDF. Suitable for checksum-bound historical citation; not equivalent to a structured API snapshot.,au_pbs,au_pbs_archive_2015_02_01_8f2c98c4b833,planned
https://www.pbs.gov.au/info/publication/schedule/2011,2011-07-01,download_for_local_review,pdf,2011-07-01-chemotherapy-booklet.pdf,https://www.pbs.gov.au/publication/schedule/2011/07/2011-07-01-chemotherapy-booklet.pdf?variant=3,au_pbs_archive_8f3a5d0d05caf83c,public_reuse_review,Official PBS Schedule publication PDF. Suitable for checksum-bound historical citation; not equivalent to a structured API snapshot.,au_pbs,au_pbs_archive_2011_07_01_8f3a5d0d05ca,planned
https://www.pbs.gov.au/info/publication/schedule/2012,2012-12-01,download_for_local_review,pdf,2012-12-01-efc-erratum-docetaxel.pdf,https://www.pbs.gov.au/publication/schedule/2012/12/2012-12-01-efc-erratum-docetaxel.pdf?variant=3,au_pbs_archive_8f59c5382ed0e9c1,public_reuse_review,Official PBS Schedule publication PDF. Suitable for checksum-bound historical citation; not equivalent to a structured API snapshot.,au_pbs,au_pbs_archive_2012_12_01_8f59c5382ed0,planned
https://www.pbs.gov.au/info/publication/schedule/2007,2007-04-01,download_for_local_review,pdf,2007-04-01-dental-book.pdf,https://www.pbs.gov.au/publication/schedule/2007/2007-04-01-dental-book.pdf?variant=3,au_pbs_archive_8f963e58b76ce21b,public_reuse_review,Official PBS Schedule publication PDF. Suitable for checksum-bound historical citation; not equivalent to a structured API snapshot.,au_pbs,au_pbs_archive_2007_04_01_8f963e58b76c,planned
https://www.pbs.gov.au/info/publication/schedule/2015,2015-07-01,download_for_local_review,pdf,2015-07-01-general-schedule.pdf,https://www.pbs.gov.au/publication/schedule/2015/07/2015-07-01-general-schedule.pdf?variant=3,au_pbs_archive_8fbd1c523b07dc5a,public_reuse_review,Official PBS Schedule publication PDF. Suitable for checksum-bound historical citation; not equivalent to a structured API snapshot.,au_pbs,au_pbs_archive_2015_07_01_8fbd1c523b07,planned
https://www.pbs.gov.au/info/publication/schedule/2006,2006-04-01,download_for_local_review,pdf,2006-04-01-general-schedule.pdf,https://www.pbs.gov.au/publication/schedule/2006/2006-04-01-general-schedule.pdf?variant=3,au_pbs_archive_8ff82142ef50bd9a,public_reuse_review,Official PBS Schedule publication PDF. Suitable for checksum-bound historical citation; not equivalent to a structured API snapshot.,au_pbs,au_pbs_archive_2006_04_01_8ff82142ef50,planned
https://www.pbs.gov.au/info/publication/schedule/2011,2011-03-01,download_for_local_review,pdf,2011-03-01-dental-book-SOC.pdf,https://www.pbs.gov.au/publication/schedule/2011/03/2011-03-01-dental-book-SOC.pdf?variant=3,au_pbs_archive_8fffb4ca66610022,public_reuse_review,Official PBS Schedule publication PDF. Suitable for checksum-bound historical citation; not equivalent to a structured API snapshot.,au_pbs,au_pbs_archive_2011_03_01_8fffb4ca6661,planned
https://www.pbs.gov.au/info/publication/schedule/2008,2008-12-01,download_for_local_review,pdf,2008-12-01-dental-book-soc.pdf,https://www.pbs.gov.au/publication/schedule/2008/2008-12-01-dental-book-soc.pdf?variant=3,au_pbs_archive_902ec3817b54201b,public_reuse_review,Official PBS Schedule publication PDF. Suitable for checksum-bound historical citation; not equivalent to a structured API snapshot.,au_pbs,au_pbs_archive_2008_12_01_902ec3817b54,planned
https://www.pbs.gov.au/info/publication/schedule/2012,2012-04-01,download_for_local_review,pdf,2012-04-01-efc-schedule.pdf,https://www.pbs.gov.au/publication/schedule/2012/04/2012-04-01-efc-schedule.pdf?variant=3,au_pbs_archive_909071a59b65996f,public_reuse_review,Official PBS Schedule publication PDF. Suitable for checksum-bound historical citation; not equivalent to a structured API snapshot.,au_pbs,au_pbs_archive_2012_04_01_909071a59b65,planned
https://www.pbs.gov.au/info/publication/schedule/historical-archive,1993-12-01,download_for_local_review,pdf,1993-12-01-PBS-Schedule.pdf,https://www.pbs.gov.au/publication/schedule/1951-2002/1993-12-01-PBS-Schedule.pdf?variant=3,au_pbs_archive_90bed4d14f21a148,public_reuse_review,Official PBS Schedule publication PDF. Suitable for checksum-bound historical citation; not equivalent to a structured API snapshot.,au_pbs,au_pbs_archive_1993_12_01_90bed4d14f21,planned
https://www.pbs.gov.au/info/publication/schedule/2022,2022-04-01,download_for_local_review,pdf,2022-04-01-efc-schedule.pdf,https://www.pbs.gov.au/publication/schedule/2022/04/2022-04-01-efc-schedule.pdf?variant=3,au_pbs_archive_91173a5fff8601b5,public_reuse_review,Official PBS Schedule publication PDF. Suitable for checksum-bound historical citation; not equivalent to a structured API snapshot.,au_pbs,au_pbs_archive_2022_04_01_91173a5fff86,planned
https://www.pbs.gov.au/info/publication/schedule/2023,2023-11-01,download_for_local_review,pdf,2023-11-01-general-schedule-volume-2.pdf,https://www.pbs.gov.au/publication/schedule/2023/11/2023-11-01-general-schedule-volume-2.pdf?variant=3,au_pbs_archive_9187a5197940e3db,public_reuse_review,Official PBS Schedule publication PDF. Suitable for checksum-bound historical citation; not equivalent to a structured API snapshot.,au_pbs,au_pbs_archive_2023_11_01_9187a5197940,planned
https://www.pbs.gov.au/info/publication/schedule/historical-archive,1972-08-01,download_for_local_review,pdf,1972-08-01-consolidated-schedules.pdf,https://www.pbs.gov.au/publication/schedule/1951-2002/1972-08-01-consolidated-schedules.pdf?variant=3,au_pbs_archive_91f5c9b86b97d1e6,public_reuse_review,Official PBS Schedule publication PDF. Suitable for checksum-bound historical citation; not equivalent to a structured API snapshot.,au_pbs,au_pbs_archive_1972_08_01_91f5c9b86b97,planned
https://www.pbs.gov.au/info/publication/schedule/2012,2012-12-01,download_for_local_review,pdf,2012-12-01-efc-schedule.pdf,https://www.pbs.gov.au/publication/schedule/2012/12/2012-12-01-efc-schedule.pdf?variant=3,au_pbs_archive_92045a4d2ef55c21,public_reuse_review,Official PBS Schedule publication PDF. Suitable for checksum-bound historical citation; not equivalent to a structured API snapshot.,au_pbs,au_pbs_archive_2012_12_01_92045a4d2ef5,planned
https://www.pbs.gov.au/info/publication/schedule/2021,2021-01-01,download_for_local_review,pdf,2021-01-01-general-schedule-volume-1.pdf,https://www.pbs.gov.au/publication/schedule/2021/01/2021-01-01-general-schedule-volume-1.pdf?variant=3,au_pbs_archive_923d05ba810ae5bc,public_reuse_review,Official PBS Schedule publication PDF. Suitable for checksum-bound historical citation; not equivalent to a structured API snapshot.,au_pbs,au_pbs_archive_2021_01_01_923d05ba810a,planned
https://www.pbs.gov.au/info/publication/schedule/2021,2021-07-01,download_for_local_review,pdf,2021-07-01-general-schedule-volume-1.pdf,https://www.pbs.gov.au/publication/schedule/2021/07/2021-07-01-general-schedule-volume-1.pdf?variant=3,au_pbs_archive_9245ca379ac10c6d,public_reuse_review,Official PBS Schedule publication PDF. Suitable for checksum-bound historical citation; not equivalent to a structured API snapshot.,au_pbs,au_pbs_archive_2021_07_01_9245ca379ac1,planned
https://www.pbs.gov.au/info/publication/schedule/2007,2007-03-01,download_for_local_review,pdf,2007-03-01-general-schedule-soc.pdf,https://www.pbs.gov.au/publication/schedule/2007/2007-03-01-general-schedule-soc.pdf?variant=3,au_pbs_archive_9271ce415dc3d910,public_reuse_review,Official PBS Schedule publication PDF. Suitable for checksum-bound historical citation; not equivalent to a structured API snapshot.,au_pbs,au_pbs_archive_2007_03_01_9271ce415dc3,planned
https://www.pbs.gov.au/info/publication/schedule/historical-archive,1961-05-01,download_for_local_review,pdf,1961-05-01-consolidated-schedules.pdf,https://www.pbs.gov.au/publication/schedule/1951-2002/1961-05-01-consolidated-schedules.pdf?variant=3,au_pbs_archive_935646d1c51c3f72,public_reuse_review,Official PBS Schedule publication PDF. Suitable for checksum-bound historical citation; not equivalent to a structured API snapshot.,au_pbs,au_pbs_archive_1961_05_01_935646d1c51c,planned
https://www.pbs.gov.au/info/publication/schedule/2024,2024-08-01,download_for_local_review,pdf,2024-08-01-efc-schedule.pdf,https://www.pbs.gov.au/publication/schedule/2024/08/2024-08-01-efc-schedule.pdf?variant=3,au_pbs_archive_93581bf0b5bb6189,public_reuse_review,Official PBS Schedule publication PDF. Suitable for checksum-bound historical citation; not equivalent to a structured API snapshot.,au_pbs,au_pbs_archive_2024_08_01_93581bf0b5bb,planned
https://www.pbs.gov.au/info/publication/schedule/2022,2022-12-01,download_for_local_review,pdf,2022-12-01-general-schedule-volume-2.pdf,https://www.pbs.gov.au/publication/schedule/2022/12/2022-12-01-general-schedule-volume-2.pdf?variant=3,au_pbs_archive_93b3d7d1db57ccc2,public_reuse_review,Official PBS Schedule publication PDF. Suitable for checksum-bound historical citation; not equivalent to a structured API snapshot.,au_pbs,au_pbs_archive_2022_12_01_93b3d7d1db57,planned
https://www.pbs.gov.au/info/publication/schedule/2007,2007-11-01,download_for_local_review,pdf,2007-11-01-general-schedule-soc.pdf,https://www.pbs.gov.au/publication/schedule/2007/2007-11-01-general-schedule-soc.pdf?variant=3,au_pbs_archive_93c894c0b497a858,public_reuse_review,Official PBS Schedule publication PDF. Suitable for checksum-bound historical citation; not equivalent to a structured API snapshot.,au_pbs,au_pbs_archive_2007_11_01_93c894c0b497,planned
https://www.pbs.gov.au/info/publication/schedule/2018,2018-10-01,download_for_local_review,pdf,2018-10-01-efc-schedule.pdf,https://www.pbs.gov.au/publication/schedule/2018/10/2018-10-01-efc-schedule.pdf?variant=3,au_pbs_archive_93eb419e46b63478,public_reuse_review,Official PBS Schedule publication PDF. Suitable for checksum-bound historical citation; not equivalent to a structured API snapshot.,au_pbs,au_pbs_archive_2018_10_01_93eb419e46b6,planned
https://www.pbs.gov.au/info/publication/schedule/2019,2019-01-01,download_for_local_review,pdf,2019-01-01-general-schedule.pdf,https://www.pbs.gov.au/publication/schedule/2019/01/2019-01-01-general-schedule.pdf?variant=3,au_pbs_archive_94136820b2658c92,public_reuse_review,Official PBS Schedule publication PDF. Suitable for checksum-bound historical citation; not equivalent to a structured API snapshot.,au_pbs,au_pbs_archive_2019_01_01_94136820b265,planned
https://www.pbs.gov.au/info/publication/schedule/2012,2012-06-01,download_for_local_review,pdf,2012-06-01-dental-book.pdf,https://www.pbs.gov.au/publication/schedule/2012/06/2012-06-01-dental-book.pdf?variant=3,au_pbs_archive_9414644caa73b4dc,public_reuse_review,Official PBS Schedule publication PDF. Suitable for checksum-bound historical citation; not equivalent to a structured API snapshot.,au_pbs,au_pbs_archive_2012_06_01_9414644caa73,planned
https://www.pbs.gov.au/info/publication/schedule/2017,2017-01-01,download_for_local_review,pdf,2017-01-01-general-schedule.pdf,https://www.pbs.gov.au/publication/schedule/2017/01/2017-01-01-general-schedule.pdf?variant=3,au_pbs_archive_946a55226006799b,public_reuse_review,Official PBS Schedule publication PDF. Suitable for checksum-bound historical citation; not equivalent to a structured API snapshot.,au_pbs,au_pbs_archive_2017_01_01_946a55226006,planned
https://www.pbs.gov.au/info/publication/schedule/2021,2021-06-01,download_for_local_review,pdf,2021-06-01-general-soc.pdf,https://www.pbs.gov.au/publication/schedule/2021/06/2021-06-01-general-soc.pdf?variant=3,au_pbs_archive_9515fa055e11bcf6,public_reuse_review,Official PBS Schedule publication PDF. Suitable for checksum-bound historical citation; not equivalent to a structured API snapshot.,au_pbs,au_pbs_archive_2021_06_01_9515fa055e11,planned
https://www.pbs.gov.au/info/publication/schedule/2014,2014-10-01,download_for_local_review,pdf,2014-10-01-general-schedule-soc.pdf,https://www.pbs.gov.au/publication/schedule/2014/10/2014-10-01-general-schedule-soc.pdf?variant=3,au_pbs_archive_9530ccde14fbe9bd,public_reuse_review,Official PBS Schedule publication PDF. Suitable for checksum-bound historical citation; not equivalent to a structured API snapshot.,au_pbs,au_pbs_archive_2014_10_01_9530ccde14fb,planned
https://www.pbs.gov.au/info/publication/schedule/2011,2011-05-01,download_for_local_review,pdf,2011-05-01-general-schedule.pdf,https://www.pbs.gov.au/publication/schedule/2011/05/2011-05-01-general-schedule.pdf?variant=3,au_pbs_archive_95325f419807d23c,public_reuse_review,Official PBS Schedule publication PDF. Suitable for checksum-bound historical citation; not equivalent to a structured API snapshot.,au_pbs,au_pbs_archive_2011_05_01_95325f419807,planned
https://www.pbs.gov.au/info/publication/schedule/2025,2025-06-01,download_for_local_review,pdf,2025-06-01-general-soc.pdf,https://www.pbs.gov.au/publication/schedule/2025/06/2025-06-01-general-soc.pdf?variant=3,au_pbs_archive_95f5e03d092d620f,public_reuse_review,Official PBS Schedule publication PDF. Suitable for checksum-bound historical citation; not equivalent to a structured API snapshot.,au_pbs,au_pbs_archive_2025_06_01_95f5e03d092d,planned
https://www.pbs.gov.au/info/publication/schedule/2016,2016-04-01,download_for_local_review,pdf,2016-04-01-general-schedule.pdf,https://www.pbs.gov.au/publication/schedule/2016/04/2016-04-01-general-schedule.pdf?variant=3,au_pbs_archive_9684b4f77048b198,public_reuse_review,Official PBS Schedule publication PDF. Suitable for checksum-bound historical citation; not equivalent to a structured API snapshot.,au_pbs,au_pbs_archive_2016_04_01_9684b4f77048,planned
https://www.pbs.gov.au/info/publication/schedule/2011,2011-03-01,download_for_local_review,pdf,2011-03-01-chemotherapy-booklet.pdf,https://www.pbs.gov.au/publication/schedule/2011/03/2011-03-01-chemotherapy-booklet.pdf?variant=3,au_pbs_archive_968600824677409b,public_reuse_review,Official PBS Schedule publication PDF. Suitable for checksum-bound historical citation; not equivalent to a structured API snapshot.,au_pbs,au_pbs_archive_2011_03_01_968600824677,planned
https://www.pbs.gov.au/info/publication/schedule/2014,2014-04-01,download_for_local_review,pdf,2014-04-01-general-schedule-soc.pdf,https://www.pbs.gov.au/publication/schedule/2014/04/2014-04-01-general-schedule-soc.pdf?variant=3,au_pbs_archive_9737eef4be953d5d,public_reuse_review,Official PBS Schedule publication PDF. Suitable for checksum-bound historical citation; not equivalent to a structured API snapshot.,au_pbs,au_pbs_archive_2014_04_01_9737eef4be95,planned
https://www.pbs.gov.au/info/publication/schedule/2008,2008-10-01,download_for_local_review,pdf,2008-10-01-general-schedule-soc.pdf,https://www.pbs.gov.au/publication/schedule/2008/2008-10-01-general-schedule-soc.pdf?variant=3,au_pbs_archive_974ab19f344c8e29,public_reuse_review,Official PBS Schedule publication PDF. Suitable for checksum-bound historical citation; not equivalent to a structured API snapshot.,au_pbs,au_pbs_archive_2008_10_01_974ab19f344c,planned
https://www.pbs.gov.au/info/publication/schedule/2022,2022-04-01,download_for_local_review,pdf,2022-04-01-errata.pdf,https://www.pbs.gov.au/publication/schedule/2022/04/2022-04-01-errata.pdf?variant=3,au_pbs_archive_974bc0d792cc71e3,public_reuse_review,Official PBS Schedule publication PDF. Suitable for checksum-bound historical citation; not equivalent to a structured API snapshot.,au_pbs,au_pbs_archive_2022_04_01_974bc0d792cc,planned
https://www.pbs.gov.au/info/publication/schedule/2023,2023-10-01,download_for_local_review,pdf,2023-10-01-general-soc.pdf,https://www.pbs.gov.au/publication/schedule/2023/10/2023-10-01-general-soc.pdf?variant=3,au_pbs_archive_974cd1e10bc8f3ee,public_reuse_review,Official PBS Schedule publication PDF. Suitable for checksum-bound historical citation; not equivalent to a structured API snapshot.,au_pbs,au_pbs_archive_2023_10_01_974cd1e10bc8,planned
https://www.pbs.gov.au/info/publication/schedule/2014,2014-03-01,download_for_local_review,pdf,2014-03-01-efc-schedule-soc.pdf,https://www.pbs.gov.au/publication/schedule/2014/03/2014-03-01-efc-schedule-soc.pdf?variant=3,au_pbs_archive_97a637d7b0f0006f,public_reuse_review,Official PBS Schedule publication PDF. Suitable for checksum-bound historical citation; not equivalent to a structured API snapshot.,au_pbs,au_pbs_archive_2014_03_01_97a637d7b0f0,planned
https://www.pbs.gov.au/info/publication/schedule/2008,2008-11-01,download_for_local_review,pdf,2008-11-01-dental-book-soc.pdf,https://www.pbs.gov.au/publication/schedule/2008/2008-11-01-dental-book-soc.pdf?variant=3,au_pbs_archive_98116a37f32f2024,public_reuse_review,Official PBS Schedule publication PDF. Suitable for checksum-bound historical citation; not equivalent to a structured API snapshot.,au_pbs,au_pbs_archive_2008_11_01_98116a37f32f,planned
https://www.pbs.gov.au/info/publication/schedule/2015,2015-08-01,download_for_local_review,pdf,2015-08-01-general-schedule.pdf,https://www.pbs.gov.au/publication/schedule/2015/08/2015-08-01-general-schedule.pdf?variant=3,au_pbs_archive_981fd8d9aa8371b4,public_reuse_review,Official PBS Schedule publication PDF. Suitable for checksum-bound historical citation; not equivalent to a structured API snapshot.,au_pbs,au_pbs_archive_2015_08_01_981fd8d9aa83,planned
https://www.pbs.gov.au/info/publication/schedule/2010,2010-05-01,download_for_local_review,pdf,2010-05-01-chemotherapy-booklet.pdf,https://www.pbs.gov.au/publication/schedule/2010/2010-05-01-chemotherapy-booklet.pdf?variant=3,au_pbs_archive_9846570f1d719efe,public_reuse_review,Official PBS Schedule publication PDF. Suitable for checksum-bound historical citation; not equivalent to a structured API snapshot.,au_pbs,au_pbs_archive_2010_05_01_9846570f1d71,planned
https://www.pbs.gov.au/info/publication/schedule/2007,2007-10-01,download_for_local_review,pdf,2007-10-01-general-schedule.pdf,https://www.pbs.gov.au/publication/schedule/2007/2007-10-01-general-schedule.pdf?variant=3,au_pbs_archive_99203586b22a5606,public_reuse_review,Official PBS Schedule publication PDF. Suitable for checksum-bound historical citation; not equivalent to a structured API snapshot.,au_pbs,au_pbs_archive_2007_10_01_99203586b22a,planned
https://www.pbs.gov.au/info/publication/schedule/historical-archive,1951-03-01,download_for_local_review,pdf,1951-03-01-PBS-Schedule-Medical-Practitioners.pdf,https://www.pbs.gov.au/publication/schedule/1951-2002/1951-03-01-PBS-Schedule-Medical-Practitioners.pdf?variant=3,au_pbs_archive_993cfd0366598348,public_reuse_review,Official PBS Schedule publication PDF. Suitable for checksum-bound historical citation; not equivalent to a structured API snapshot.,au_pbs,au_pbs_archive_1951_03_01_993cfd036659,planned
https://www.pbs.gov.au/info/publication/schedule/2016,2016-08-01,download_for_local_review,pdf,2016-08-01-efc-schedule.pdf,https://www.pbs.gov.au/publication/schedule/2016/08/2016-08-01-efc-schedule.pdf?variant=3,au_pbs_archive_99742a89590570cd,public_reuse_review,Official PBS Schedule publication PDF. Suitable for checksum-bound historical citation; not equivalent to a structured API snapshot.,au_pbs,au_pbs_archive_2016_08_01_99742a895905,planned
https://www.pbs.gov.au/info/publication/schedule/2018,2018-05-01,download_for_local_review,pdf,2018-05-01-general-schedule.pdf,https://www.pbs.gov.au/publication/schedule/2018/05/2018-05-01-general-schedule.pdf?variant=3,au_pbs_archive_997d8dc7d3cc919e,public_reuse_review,Official PBS Schedule publication PDF. Suitable for checksum-bound historical citation; not equivalent to a structured API snapshot.,au_pbs,au_pbs_archive_2018_05_01_997d8dc7d3cc,planned
https://www.pbs.gov.au/info/publication/schedule/2026,2026-01-01,download_for_local_review,pdf,2026-01-01-efc-schedule.pdf,https://www.pbs.gov.au/publication/schedule/2026/01/2026-01-01-efc-schedule.pdf?variant=3,au_pbs_archive_997e91cf054d2511,public_reuse_review,Official PBS Schedule publication PDF. Suitable for checksum-bound historical citation; not equivalent to a structured API snapshot.,au_pbs,au_pbs_archive_2026_01_01_997e91cf054d,planned
https://www.pbs.gov.au/info/publication/schedule/2021,2021-12-01,download_for_local_review,pdf,2021-12-01-general-schedule-volume-1.pdf,https://www.pbs.gov.au/publication/schedule/2021/12/2021-12-01-general-schedule-volume-1.pdf?variant=3,au_pbs_archive_99b0fa072737aea5,public_reuse_review,Official PBS Schedule publication PDF. Suitable for checksum-bound historical citation; not equivalent to a structured API snapshot.,au_pbs,au_pbs_archive_2021_12_01_99b0fa072737,planned
https://www.pbs.gov.au/info/publication/schedule/2012,2012-10-01,download_for_local_review,pdf,2012-10-01-dental-book-SOC.pdf,https://www.pbs.gov.au/publication/schedule/2012/10/2012-10-01-dental-book-SOC.pdf?variant=3,au_pbs_archive_99d87a5e86fe3999,public_reuse_review,Official PBS Schedule publication PDF. Suitable for checksum-bound historical citation; not equivalent to a structured API snapshot.,au_pbs,au_pbs_archive_2012_10_01_99d87a5e86fe,planned
https://www.pbs.gov.au/info/publication/schedule/2007,2007-11-01,download_for_local_review,pdf,2007-11-01-dental-book.pdf,https://www.pbs.gov.au/publication/schedule/2007/2007-11-01-dental-book.pdf?variant=3,au_pbs_archive_9a0c769afd2ab415,public_reuse_review,Official PBS Schedule publication PDF. Suitable for checksum-bound historical citation; not equivalent to a structured API snapshot.,au_pbs,au_pbs_archive_2007_11_01_9a0c769afd2a,planned
https://www.pbs.gov.au/info/publication/schedule/2012,2012-07-01,download_for_local_review,pdf,2012-07-01-dental-book.pdf,https://www.pbs.gov.au/publication/schedule/2012/07/2012-07-01-dental-book.pdf?variant=3,au_pbs_archive_9a165d5056f347b8,public_reuse_review,Official PBS Schedule publication PDF. Suitable for checksum-bound historical citation; not equivalent to a structured API snapshot.,au_pbs,au_pbs_archive_2012_07_01_9a165d5056f3,planned
https://www.pbs.gov.au/info/publication/schedule/2011,2011-04-01,download_for_local_review,pdf,2011-04-01-chemotherapy-erratum.pdf,https://www.pbs.gov.au/publication/schedule/2011/04/2011-04-01-chemotherapy-erratum.pdf?variant=3,au_pbs_archive_9a4ff82ad7ea4f42,public_reuse_review,Official PBS Schedule publication PDF. Suitable for checksum-bound historical citation; not equivalent to a structured API snapshot.,au_pbs,au_pbs_archive_2011_04_01_9a4ff82ad7ea,planned
https://www.pbs.gov.au/info/publication/schedule/2013,2013-11-01,download_for_local_review,pdf,2013-11-01-general-schedule.pdf,https://www.pbs.gov.au/publication/schedule/2013/11/2013-11-01-general-schedule.pdf?variant=3,au_pbs_archive_9acbc34e7c25fba9,public_reuse_review,Official PBS Schedule publication PDF. Suitable for checksum-bound historical citation; not equivalent to a structured API snapshot.,au_pbs,au_pbs_archive_2013_11_01_9acbc34e7c25,planned
https://www.pbs.gov.au/info/publication/schedule/2026,2026-01-01,download_for_local_review,pdf,2026-01-01-general-soc.pdf,https://www.pbs.gov.au/publication/schedule/2026/01/2026-01-01-general-soc.pdf?variant=3,au_pbs_archive_9b3a8667c0d0edb0,public_reuse_review,Official PBS Schedule publication PDF. Suitable for checksum-bound historical citation; not equivalent to a structured API snapshot.,au_pbs,au_pbs_archive_2026_01_01_9b3a8667c0d0,planned
https://www.pbs.gov.au/info/publication/schedule/2016,2016-11-01,download_for_local_review,pdf,2016-11-01-general-schedule.pdf,https://www.pbs.gov.au/publication/schedule/2016/11/2016-11-01-general-schedule.pdf?variant=3,au_pbs_archive_9b49c82bf2c470e1,public_reuse_review,Official PBS Schedule publication PDF. Suitable for checksum-bound historical citation; not equivalent to a structured API snapshot.,au_pbs,au_pbs_archive_2016_11_01_9b49c82bf2c4,planned
https://www.pbs.gov.au/info/publication/schedule/2012,2012-04-01,download_for_local_review,pdf,2012-04-01-efc-erratum.pdf,https://www.pbs.gov.au/publication/schedule/2012/04/2012-04-01-efc-erratum.pdf?variant=3,au_pbs_archive_9b5641cf76434e52,public_reuse_review,Official PBS Schedule publication PDF. Suitable for checksum-bound historical citation; not equivalent to a structured API snapshot.,au_pbs,au_pbs_archive_2012_04_01_9b5641cf7643,planned
https://www.pbs.gov.au/info/publication/schedule/2011,2011-09-01,download_for_local_review,pdf,2011-09-01-general-schedule.pdf,https://www.pbs.gov.au/publication/schedule/2011/09/2011-09-01-general-schedule.pdf?variant=3,au_pbs_archive_9b94f809c858c39c,public_reuse_review,Official PBS Schedule publication PDF. Suitable for checksum-bound historical citation; not equivalent to a structured API snapshot.,au_pbs,au_pbs_archive_2011_09_01_9b94f809c858,planned
https://www.pbs.gov.au/info/publication/schedule/2021,2021-11-01,download_for_local_review,pdf,2021-11-01-general-soc.pdf,https://www.pbs.gov.au/publication/schedule/2021/11/2021-11-01-general-soc.pdf?variant=3,au_pbs_archive_9bbb4f7ea91cb2fb,public_reuse_review,Official PBS Schedule publication PDF. Suitable for checksum-bound historical citation; not equivalent to a structured API snapshot.,au_pbs,au_pbs_archive_2021_11_01_9bbb4f7ea91c,planned
https://www.pbs.gov.au/info/publication/schedule/2021,2021-03-01,download_for_local_review,pdf,2021-03-01-general-schedule-volume-1.pdf,https://www.pbs.gov.au/publication/schedule/2021/03/2021-03-01-general-schedule-volume-1.pdf?variant=3,au_pbs_archive_9bde0653505e80f8,public_reuse_review,Official PBS Schedule publication PDF. Suitable for checksum-bound historical citation; not equivalent to a structured API snapshot.,au_pbs,au_pbs_archive_2021_03_01_9bde0653505e,planned
https://www.pbs.gov.au/info/publication/schedule/2025,2025-07-01,download_for_local_review,pdf,errata-for-2025-07-01-abemaciclib.pdf,https://www.pbs.gov.au/publication/schedule/2025/07/errata-for-2025-07-01-abemaciclib.pdf?variant=3,au_pbs_archive_9be293e6a80e8812,public_reuse_review,Official PBS Schedule publication PDF. Suitable for checksum-bound historical citation; not equivalent to a structured API snapshot.,au_pbs,au_pbs_archive_2025_07_01_9be293e6a80e,planned
https://www.pbs.gov.au/info/publication/schedule/2009,2009-10-01,download_for_local_review,pdf,2009-10-01-dental-book-soc.pdf,https://www.pbs.gov.au/publication/schedule/2009/2009-10-01-dental-book-soc.pdf?variant=3,au_pbs_archive_9be647f11be9a222,public_reuse_review,Official PBS Schedule publication PDF. Suitable for checksum-bound historical citation; not equivalent to a structured API snapshot.,au_pbs,au_pbs_archive_2009_10_01_9be647f11be9,planned
https://www.pbs.gov.au/info/publication/schedule/2022,2022-02-01,download_for_local_review,pdf,2022-02-01-efc-schedule.pdf,https://www.pbs.gov.au/publication/schedule/2022/02/2022-02-01-efc-schedule.pdf?variant=3,au_pbs_archive_9c3c6fba4c8747ce,public_reuse_review,Official PBS Schedule publication PDF. Suitable for checksum-bound historical citation; not equivalent to a structured API snapshot.,au_pbs,au_pbs_archive_2022_02_01_9c3c6fba4c87,planned
https://www.pbs.gov.au/info/publication/schedule/2021,2021-01-01,download_for_local_review,pdf,2021-01-01-main-soc.pdf,https://www.pbs.gov.au/publication/schedule/2021/01/2021-01-01-main-soc.pdf?variant=3,au_pbs_archive_9c42618dd7e5b8ef,public_reuse_review,Official PBS Schedule publication PDF. Suitable for checksum-bound historical citation; not equivalent to a structured API snapshot.,au_pbs,au_pbs_archive_2021_01_01_9c42618dd7e5,planned
https://www.pbs.gov.au/info/publication/schedule/2011,2011-04-01,download_for_local_review,pdf,2011-04-01-general-schedule-SOC.pdf,https://www.pbs.gov.au/publication/schedule/2011/04/2011-04-01-general-schedule-SOC.pdf?variant=3,au_pbs_archive_9ca35d151e65c893,public_reuse_review,Official PBS Schedule publication PDF. Suitable for checksum-bound historical citation; not equivalent to a structured API snapshot.,au_pbs,au_pbs_archive_2011_04_01_9ca35d151e65,planned
https://www.pbs.gov.au/info/publication/schedule/2016,2016-07-01,download_for_local_review,pdf,2016-07-01-general-schedule.pdf,https://www.pbs.gov.au/publication/schedule/2016/07/2016-07-01-general-schedule.pdf?variant=3,au_pbs_archive_9cd70ce1fa6e2fe0,public_reuse_review,Official PBS Schedule publication PDF. Suitable for checksum-bound historical citation; not equivalent to a structured API snapshot.,au_pbs,au_pbs_archive_2016_07_01_9cd70ce1fa6e,planned
https://www.pbs.gov.au/info/publication/schedule/2011,2011-03-01,download_for_local_review,pdf,2011-03-01-dental-book.pdf,https://www.pbs.gov.au/publication/schedule/2011/03/2011-03-01-dental-book.pdf?variant=3,au_pbs_archive_9cdb78337fb695b5,public_reuse_review,Official PBS Schedule publication PDF. Suitable for checksum-bound historical citation; not equivalent to a structured API snapshot.,au_pbs,au_pbs_archive_2011_03_01_9cdb78337fb6,planned
https://www.pbs.gov.au/info/publication/schedule/2025,2025-05-01,download_for_local_review,pdf,2025-05-01-general-schedule-volume-1.pdf,https://www.pbs.gov.au/publication/schedule/2025/05/2025-05-01-general-schedule-volume-1.pdf?variant=3,au_pbs_archive_9d67eca21b3f7ab5,public_reuse_review,Official PBS Schedule publication PDF. Suitable for checksum-bound historical citation; not equivalent to a structured API snapshot.,au_pbs,au_pbs_archive_2025_05_01_9d67eca21b3f,planned
https://www.pbs.gov.au/info/publication/schedule/2025,2025-11-01,download_for_local_review,pdf,2025-11-01-efc-schedule.pdf,https://www.pbs.gov.au/publication/schedule/2025/11/2025-11-01-efc-schedule.pdf?variant=3,au_pbs_archive_9d8ca9f4d451e0c5,public_reuse_review,Official PBS Schedule publication PDF. Suitable for checksum-bound historical citation; not equivalent to a structured API snapshot.,au_pbs,au_pbs_archive_2025_11_01_9d8ca9f4d451,planned
https://www.pbs.gov.au/info/publication/schedule/2009,2009-08-01,download_for_local_review,pdf,2009-08-01-dental-book.pdf,https://www.pbs.gov.au/publication/schedule/2009/2009-08-01-dental-book.pdf?variant=3,au_pbs_archive_9d9765afbb9c389b,public_reuse_review,Official PBS Schedule publication PDF. Suitable for checksum-bound historical citation; not equivalent to a structured API snapshot.,au_pbs,au_pbs_archive_2009_08_01_9d9765afbb9c,planned
https://www.pbs.gov.au/info/publication/schedule/2026,2026-07-01,download_for_local_review,pdf,2026-07-01-efc-schedule.pdf,https://www.pbs.gov.au/publication/schedule/2026/07/2026-07-01-efc-schedule.pdf?variant=3,au_pbs_archive_9e262d63ea878bb4,public_reuse_review,Official PBS Schedule publication PDF. Suitable for checksum-bound historical citation; not equivalent to a structured API snapshot.,au_pbs,au_pbs_archive_2026_07_01_9e262d63ea87,planned
https://www.pbs.gov.au/info/publication/schedule/2019,2019-07-01,download_for_local_review,pdf,2019-07-01-efc.pdf,https://www.pbs.gov.au/publication/schedule/2019/07/2019-07-01-efc.pdf?variant=3,au_pbs_archive_9eef332773f1b801,public_reuse_review,Official PBS Schedule publication PDF. Suitable for checksum-bound historical citation; not equivalent to a structured API snapshot.,au_pbs,au_pbs_archive_2019_07_01_9eef332773f1,planned
https://www.pbs.gov.au/info/publication/schedule/2015,2015-11-01,download_for_local_review,pdf,2015-11-01-general-schedule-soc.pdf,https://www.pbs.gov.au/publication/schedule/2015/11/2015-11-01-general-schedule-soc.pdf?variant=3,au_pbs_archive_9ef9d38a7a3bd551,public_reuse_review,Official PBS Schedule publication PDF. Suitable for checksum-bound historical citation; not equivalent to a structured API snapshot.,au_pbs,au_pbs_archive_2015_11_01_9ef9d38a7a3b,planned
https://www.pbs.gov.au/info/publication/schedule/2011,2011-10-01,download_for_local_review,pdf,2011-10-01-dental-book.pdf,https://www.pbs.gov.au/publication/schedule/2011/10/2011-10-01-dental-book.pdf?variant=3,au_pbs_archive_9f306e1500117188,public_reuse_review,Official PBS Schedule publication PDF. Suitable for checksum-bound historical citation; not equivalent to a structured API snapshot.,au_pbs,au_pbs_archive_2011_10_01_9f306e150011,planned
https://www.pbs.gov.au/info/publication/schedule/2025,2025-03-01,download_for_local_review,pdf,2025-03-01-general-soc.pdf,https://www.pbs.gov.au/publication/schedule/2025/03/2025-03-01-general-soc.pdf?variant=3,au_pbs_archive_9f74ef4dfc1d9d26,public_reuse_review,Official PBS Schedule publication PDF. Suitable for checksum-bound historical citation; not equivalent to a structured API snapshot.,au_pbs,au_pbs_archive_2025_03_01_9f74ef4dfc1d,planned
https://www.pbs.gov.au/info/publication/schedule/2020,2020-03-01,download_for_local_review,pdf,2020-03-01-efc-schedule.pdf,https://www.pbs.gov.au/publication/schedule/2020/03/2020-03-01-efc-schedule.pdf?variant=3,au_pbs_archive_9fd11d5cb6b8ebbb,public_reuse_review,Official PBS Schedule publication PDF. Suitable for checksum-bound historical citation; not equivalent to a structured API snapshot.,au_pbs,au_pbs_archive_2020_03_01_9fd11d5cb6b8,planned
https://www.pbs.gov.au/info/publication/schedule/2016,2016-12-01,download_for_local_review,pdf,2016-12-01-efc-schedule.pdf,https://www.pbs.gov.au/publication/schedule/2016/12/2016-12-01-efc-schedule.pdf?variant=3,au_pbs_archive_a07ff19a8f6dc483,public_reuse_review,Official PBS Schedule publication PDF. Suitable for checksum-bound historical citation; not equivalent to a structured API snapshot.,au_pbs,au_pbs_archive_2016_12_01_a07ff19a8f6d,planned
https://www.pbs.gov.au/info/publication/schedule/2022,2022-08-01,download_for_local_review,pdf,2022-08-01-general-soc.pdf,https://www.pbs.gov.au/publication/schedule/2022/08/2022-08-01-general-soc.pdf?variant=3,au_pbs_archive_a0885368161237a7,public_reuse_review,Official PBS Schedule publication PDF. Suitable for checksum-bound historical citation; not equivalent to a structured API snapshot.,au_pbs,au_pbs_archive_2022_08_01_a08853681612,planned
https://www.pbs.gov.au/info/publication/schedule/2023,2023-08-01,download_for_local_review,pdf,2023-08-01-general-soc.pdf,https://www.pbs.gov.au/publication/schedule/2023/08/2023-08-01-general-soc.pdf?variant=3,au_pbs_archive_a0b464a1b812877d,public_reuse_review,Official PBS Schedule publication PDF. Suitable for checksum-bound historical citation; not equivalent to a structured API snapshot.,au_pbs,au_pbs_archive_2023_08_01_a0b464a1b812,planned
https://www.pbs.gov.au/info/publication/schedule/2014,2014-01-01,download_for_local_review,pdf,2014-01-01-errata.pdf,https://www.pbs.gov.au/publication/schedule/2014/01/2014-01-01-errata.pdf?variant=3,au_pbs_archive_a0d2672094211eaf,public_reuse_review,Official PBS Schedule publication PDF. Suitable for checksum-bound historical citation; not equivalent to a structured API snapshot.,au_pbs,au_pbs_archive_2014_01_01_a0d267209421,planned
https://www.pbs.gov.au/info/publication/schedule/2009,2009-03-01,download_for_local_review,pdf,2009-03-01-dental-book-soc.pdf,https://www.pbs.gov.au/publication/schedule/2009/2009-03-01-dental-book-soc.pdf?variant=3,au_pbs_archive_a12ba4c001b62afa,public_reuse_review,Official PBS Schedule publication PDF. Suitable for checksum-bound historical citation; not equivalent to a structured API snapshot.,au_pbs,au_pbs_archive_2009_03_01_a12ba4c001b6,planned
https://www.pbs.gov.au/info/publication/schedule/2024,2024-02-01,download_for_local_review,pdf,2024-02-01-Errata.pdf,https://www.pbs.gov.au/publication/schedule/2024/02/2024-02-01-Errata.pdf?variant=3,au_pbs_archive_a12ea270c5d14d7a,public_reuse_review,Official PBS Schedule publication PDF. Suitable for checksum-bound historical citation; not equivalent to a structured API snapshot.,au_pbs,au_pbs_archive_2024_02_01_a12ea270c5d1,planned
https://www.pbs.gov.au/info/publication/schedule/2010,2010-05-01,download_for_local_review,pdf,2010-05-01-dental-book.pdf,https://www.pbs.gov.au/publication/schedule/2010/2010-05-01-dental-book.pdf?variant=3,au_pbs_archive_a164a55629c42ccb,public_reuse_review,Official PBS Schedule publication PDF. Suitable for checksum-bound historical citation; not equivalent to a structured API snapshot.,au_pbs,au_pbs_archive_2010_05_01_a164a55629c4,planned
https://www.pbs.gov.au/info/publication/schedule/2011,2011-12-01,download_for_local_review,pdf,2011-12-01-efficient-funding-of-chemotherapy.pdf,https://www.pbs.gov.au/publication/schedule/2011/12/2011-12-01-efficient-funding-of-chemotherapy.pdf?variant=3,au_pbs_archive_a1fbd5ba1e5fe19f,public_reuse_review,Official PBS Schedule publication PDF. Suitable for checksum-bound historical citation; not equivalent to a structured API snapshot.,au_pbs,au_pbs_archive_2011_12_01_a1fbd5ba1e5f,planned
https://www.pbs.gov.au/info/publication/schedule/2010,2010-08-01,download_for_local_review,pdf,2010-08-01-general-schedule.pdf,https://www.pbs.gov.au/publication/schedule/2010/2010-08-01-general-schedule.pdf?variant=3,au_pbs_archive_a20c0387be927727,public_reuse_review,Official PBS Schedule publication PDF. Suitable for checksum-bound historical citation; not equivalent to a structured API snapshot.,au_pbs,au_pbs_archive_2010_08_01_a20c0387be92,planned
https://www.pbs.gov.au/info/publication/schedule/2025,2025-04-01,download_for_local_review,pdf,2025-04-01-general-schedule-volume-2.pdf,https://www.pbs.gov.au/publication/schedule/2025/04/2025-04-01-general-schedule-volume-2.pdf?variant=3,au_pbs_archive_a223328da80f252d,public_reuse_review,Official PBS Schedule publication PDF. Suitable for checksum-bound historical citation; not equivalent to a structured API snapshot.,au_pbs,au_pbs_archive_2025_04_01_a223328da80f,planned
https://www.pbs.gov.au/info/publication/schedule/2009,2009-09-01,download_for_local_review,pdf,2009-09-01-dental-book-soc.pdf,https://www.pbs.gov.au/publication/schedule/2009/2009-09-01-dental-book-soc.pdf?variant=3,au_pbs_archive_a2d9e17cd521055e,public_reuse_review,Official PBS Schedule publication PDF. Suitable for checksum-bound historical citation; not equivalent to a structured API snapshot.,au_pbs,au_pbs_archive_2009_09_01_a2d9e17cd521,planned
https://www.pbs.gov.au/info/publication/schedule/2017,2017-04-01,download_for_local_review,pdf,2017-04-01-general-soc.pdf,https://www.pbs.gov.au/publication/schedule/2017/04/2017-04-01-general-soc.pdf?variant=3,au_pbs_archive_a2f7183ca93de484,public_reuse_review,Official PBS Schedule publication PDF. Suitable for checksum-bound historical citation; not equivalent to a structured API snapshot.,au_pbs,au_pbs_archive_2017_04_01_a2f7183ca93d,planned
https://www.pbs.gov.au/info/publication/schedule/2010,2010-09-01,download_for_local_review,pdf,2010-09-01-dental-book-SOC.pdf,https://www.pbs.gov.au/publication/schedule/2010/2010-09-01-dental-book-SOC.pdf?variant=3,au_pbs_archive_a306ccf4d2a05fed,public_reuse_review,Official PBS Schedule publication PDF. Suitable for checksum-bound historical citation; not equivalent to a structured API snapshot.,au_pbs,au_pbs_archive_2010_09_01_a306ccf4d2a0,planned
https://www.pbs.gov.au/info/publication/schedule/2015,2015-05-01,download_for_local_review,pdf,2015-05-01-efc-schedule.pdf,https://www.pbs.gov.au/publication/schedule/2015/05/2015-05-01-efc-schedule.pdf?variant=3,au_pbs_archive_a33212ba15a39e5f,public_reuse_review,Official PBS Schedule publication PDF. Suitable for checksum-bound historical citation; not equivalent to a structured API snapshot.,au_pbs,au_pbs_archive_2015_05_01_a33212ba15a3,planned
https://www.pbs.gov.au/info/publication/schedule/2019,2019-02-01,download_for_local_review,pdf,2019-02-01-general-schedule.pdf,https://www.pbs.gov.au/publication/schedule/2019/02/2019-02-01-general-schedule.pdf?variant=3,au_pbs_archive_a343be1c3728a693,public_reuse_review,Official PBS Schedule publication PDF. Suitable for checksum-bound historical citation; not equivalent to a structured API snapshot.,au_pbs,au_pbs_archive_2019_02_01_a343be1c3728,planned
https://www.pbs.gov.au/info/publication/schedule/2014,2014-11-01,download_for_local_review,pdf,2014-11-01-general-schedule-soc.pdf,https://www.pbs.gov.au/publication/schedule/2014/11/2014-11-01-general-schedule-soc.pdf?variant=3,au_pbs_archive_a360da3c393e061f,public_reuse_review,Official PBS Schedule publication PDF. Suitable for checksum-bound historical citation; not equivalent to a structured API snapshot.,au_pbs,au_pbs_archive_2014_11_01_a360da3c393e,planned
https://www.pbs.gov.au/info/publication/schedule/2024,2024-08-01,download_for_local_review,pdf,2024-08-01-general-soc.pdf,https://www.pbs.gov.au/publication/schedule/2024/08/2024-08-01-general-soc.pdf?variant=3,au_pbs_archive_a39c814b53fef210,public_reuse_review,Official PBS Schedule publication PDF. Suitable for checksum-bound historical citation; not equivalent to a structured API snapshot.,au_pbs,au_pbs_archive_2024_08_01_a39c814b53fe,planned
https://www.pbs.gov.au/info/publication/schedule/2021,2021-05-01,download_for_local_review,pdf,2021-05-01-general-schedule-volume-1.pdf,https://www.pbs.gov.au/publication/schedule/2021/05/2021-05-01-general-schedule-volume-1.pdf?variant=3,au_pbs_archive_a4072dab877c658c,public_reuse_review,Official PBS Schedule publication PDF. Suitable for checksum-bound historical citation; not equivalent to a structured API snapshot.,au_pbs,au_pbs_archive_2021_05_01_a4072dab877c,planned
https://www.pbs.gov.au/info/publication/schedule/2024,2024-06-01,download_for_local_review,pdf,2024-06-01-general-soc.pdf,https://www.pbs.gov.au/publication/schedule/2024/06/2024-06-01-general-soc.pdf?variant=3,au_pbs_archive_a417da8ab6bf64ad,public_reuse_review,Official PBS Schedule publication PDF. Suitable for checksum-bound historical citation; not equivalent to a structured API snapshot.,au_pbs,au_pbs_archive_2024_06_01_a417da8ab6bf,planned
https://www.pbs.gov.au/info/publication/schedule/2009,2009-09-01,download_for_local_review,pdf,2009-09-01-dental-book.pdf,https://www.pbs.gov.au/publication/schedule/2009/2009-09-01-dental-book.pdf?variant=3,au_pbs_archive_a4a3c213f2a0dd86,public_reuse_review,Official PBS Schedule publication PDF. Suitable for checksum-bound historical citation; not equivalent to a structured API snapshot.,au_pbs,au_pbs_archive_2009_09_01_a4a3c213f2a0,planned
https://www.pbs.gov.au/info/publication/schedule/2025,2025-12-01,download_for_local_review,pdf,2025-12-01-general-schedule-volume-2.pdf,https://www.pbs.gov.au/publication/schedule/2025/12/2025-12-01-general-schedule-volume-2.pdf?variant=3,au_pbs_archive_a4efcf03e348d8de,public_reuse_review,Official PBS Schedule publication PDF. Suitable for checksum-bound historical citation; not equivalent to a structured API snapshot.,au_pbs,au_pbs_archive_2025_12_01_a4efcf03e348,planned
https://www.pbs.gov.au/info/publication/schedule/2022,2022-01-01,download_for_local_review,pdf,2022-01-01-general-schedule-volume-1.pdf,https://www.pbs.gov.au/publication/schedule/2022/01/2022-01-01-general-schedule-volume-1.pdf?variant=3,au_pbs_archive_a5055240c456348d,public_reuse_review,Official PBS Schedule publication PDF. Suitable for checksum-bound historical citation; not equivalent to a structured API snapshot.,au_pbs,au_pbs_archive_2022_01_01_a5055240c456,planned
https://www.pbs.gov.au/info/publication/schedule/2012,2012-10-01,download_for_local_review,pdf,2012-10-01-general-schedule-SOC.pdf,https://www.pbs.gov.au/publication/schedule/2012/10/2012-10-01-general-schedule-SOC.pdf?variant=3,au_pbs_archive_a512785c2a9dfe72,public_reuse_review,Official PBS Schedule publication PDF. Suitable for checksum-bound historical citation; not equivalent to a structured API snapshot.,au_pbs,au_pbs_archive_2012_10_01_a512785c2a9d,planned
https://www.pbs.gov.au/info/publication/schedule/2024,2024-11-01,download_for_local_review,pdf,2024-11-01-general-soc.pdf,https://www.pbs.gov.au/publication/schedule/2024/11/2024-11-01-general-soc.pdf?variant=3,au_pbs_archive_a54ef100946ea643,public_reuse_review,Official PBS Schedule publication PDF. Suitable for checksum-bound historical citation; not equivalent to a structured API snapshot.,au_pbs,au_pbs_archive_2024_11_01_a54ef100946e,planned
https://www.pbs.gov.au/info/publication/schedule/2022,2022-11-01,download_for_local_review,pdf,2022-11-01-efc-schedule.pdf,https://www.pbs.gov.au/publication/schedule/2022/11/2022-11-01-efc-schedule.pdf?variant=3,au_pbs_archive_a5a9588a9cf38df4,public_reuse_review,Official PBS Schedule publication PDF. Suitable for checksum-bound historical citation; not equivalent to a structured API snapshot.,au_pbs,au_pbs_archive_2022_11_01_a5a9588a9cf3,planned
https://www.pbs.gov.au/info/publication/schedule/2007,2007-11-01,download_for_local_review,pdf,2007-11-01-dental-book-soc.pdf,https://www.pbs.gov.au/publication/schedule/2007/2007-11-01-dental-book-soc.pdf?variant=3,au_pbs_archive_a5b067a977611ca2,public_reuse_review,Official PBS Schedule publication PDF. Suitable for checksum-bound historical citation; not equivalent to a structured API snapshot.,au_pbs,au_pbs_archive_2007_11_01_a5b067a97761,planned
https://www.pbs.gov.au/info/publication/schedule/2011,2011-03-01,download_for_local_review,pdf,2011-03-01-general-schedule-SOC.pdf,https://www.pbs.gov.au/publication/schedule/2011/03/2011-03-01-general-schedule-SOC.pdf?variant=3,au_pbs_archive_a607513674ee7642,public_reuse_review,Official PBS Schedule publication PDF. Suitable for checksum-bound historical citation; not equivalent to a structured API snapshot.,au_pbs,au_pbs_archive_2011_03_01_a607513674ee,planned
https://www.pbs.gov.au/info/publication/schedule/2009,2009-01-01,download_for_local_review,pdf,2009-01-01-dental-book-soc.pdf,https://www.pbs.gov.au/publication/schedule/2009/2009-01-01-dental-book-soc.pdf?variant=3,au_pbs_archive_a63c2ff0953d17b8,public_reuse_review,Official PBS Schedule publication PDF. Suitable for checksum-bound historical citation; not equivalent to a structured API snapshot.,au_pbs,au_pbs_archive_2009_01_01_a63c2ff0953d,planned
https://www.pbs.gov.au/info/publication/schedule/2025,2025-05-01,download_for_local_review,pdf,2025-05-01-efc-schedule.pdf,https://www.pbs.gov.au/publication/schedule/2025/05/2025-05-01-efc-schedule.pdf?variant=3,au_pbs_archive_a668ce3f489edf75,public_reuse_review,Official PBS Schedule publication PDF. Suitable for checksum-bound historical citation; not equivalent to a structured API snapshot.,au_pbs,au_pbs_archive_2025_05_01_a668ce3f489e,planned
https://www.pbs.gov.au/info/publication/schedule/2008,2008-03-01,download_for_local_review,pdf,2008-03-01-general-schedule.pdf,https://www.pbs.gov.au/publication/schedule/2008/2008-03-01-general-schedule.pdf?variant=3,au_pbs_archive_a69e55bd13a3b846,public_reuse_review,Official PBS Schedule publication PDF. Suitable for checksum-bound historical citation; not equivalent to a structured API snapshot.,au_pbs,au_pbs_archive_2008_03_01_a69e55bd13a3,planned
https://www.pbs.gov.au/info/publication/schedule/2020,2020-10-01,download_for_local_review,pdf,2020-10-01-general-soc.pdf,https://www.pbs.gov.au/publication/schedule/2020/10/2020-10-01-general-soc.pdf?variant=3,au_pbs_archive_a6e8bbacc42b5542,public_reuse_review,Official PBS Schedule publication PDF. Suitable for checksum-bound historical citation; not equivalent to a structured API snapshot.,au_pbs,au_pbs_archive_2020_10_01_a6e8bbacc42b,planned
https://www.pbs.gov.au/info/publication/schedule/2012,2012-10-01,download_for_local_review,pdf,2012-10-01-efc-schedule.pdf,https://www.pbs.gov.au/publication/schedule/2012/10/2012-10-01-efc-schedule.pdf?variant=3,au_pbs_archive_a716ab939e5595b2,public_reuse_review,Official PBS Schedule publication PDF. Suitable for checksum-bound historical citation; not equivalent to a structured API snapshot.,au_pbs,au_pbs_archive_2012_10_01_a716ab939e55,planned
https://www.pbs.gov.au/info/publication/schedule/historical-archive,1984-11-01,download_for_local_review,pdf,1984-11-01-RPBS-Schedule.pdf,https://www.pbs.gov.au/publication/schedule/1951-2002/1984-11-01-RPBS-Schedule.pdf?variant=3,au_pbs_archive_a77cd77601061a52,public_reuse_review,Official PBS Schedule publication PDF. Suitable for checksum-bound historical citation; not equivalent to a structured API snapshot.,au_pbs,au_pbs_archive_1984_11_01_a77cd7760106,planned
https://www.pbs.gov.au/info/publication/schedule/2016,2016-08-01,download_for_local_review,pdf,2016-08-01-general-soc.pdf,https://www.pbs.gov.au/publication/schedule/2016/08/2016-08-01-general-soc.pdf?variant=3,au_pbs_archive_a7b40e473223a592,public_reuse_review,Official PBS Schedule publication PDF. Suitable for checksum-bound historical citation; not equivalent to a structured API snapshot.,au_pbs,au_pbs_archive_2016_08_01_a7b40e473223,planned
https://www.pbs.gov.au/info/publication/schedule/2009,2009-05-01,download_for_local_review,pdf,2009-05-01-dental-book-soc.pdf,https://www.pbs.gov.au/publication/schedule/2009/2009-05-01-dental-book-soc.pdf?variant=3,au_pbs_archive_a82c37f571df3ea9,public_reuse_review,Official PBS Schedule publication PDF. Suitable for checksum-bound historical citation; not equivalent to a structured API snapshot.,au_pbs,au_pbs_archive_2009_05_01_a82c37f571df,planned
https://www.pbs.gov.au/info/publication/schedule/2013,2013-11-01,download_for_local_review,pdf,2013-11-01-general-schedule-soc.pdf,https://www.pbs.gov.au/publication/schedule/2013/11/2013-11-01-general-schedule-soc.pdf?variant=3,au_pbs_archive_a88b04cd8b572832,public_reuse_review,Official PBS Schedule publication PDF. Suitable for checksum-bound historical citation; not equivalent to a structured API snapshot.,au_pbs,au_pbs_archive_2013_11_01_a88b04cd8b57,planned
https://www.pbs.gov.au/info/publication/schedule/2024,2024-07-01,download_for_local_review,pdf,2024-07-01-general-schedule-volume-1.pdf,https://www.pbs.gov.au/publication/schedule/2024/07/2024-07-01-general-schedule-volume-1.pdf?variant=3,au_pbs_archive_a94716aaa0966478,public_reuse_review,Official PBS Schedule publication PDF. Suitable for checksum-bound historical citation; not equivalent to a structured API snapshot.,au_pbs,au_pbs_archive_2024_07_01_a94716aaa096,planned
https://www.pbs.gov.au/info/publication/schedule/2015,2015-10-01,download_for_local_review,pdf,2015-10-01-general-schedule-soc.pdf,https://www.pbs.gov.au/publication/schedule/2015/10/2015-10-01-general-schedule-soc.pdf?variant=3,au_pbs_archive_a96e9ac786d1ebce,public_reuse_review,Official PBS Schedule publication PDF. Suitable for checksum-bound historical citation; not equivalent to a structured API snapshot.,au_pbs,au_pbs_archive_2015_10_01_a96e9ac786d1,planned
https://www.pbs.gov.au/info/publication/schedule/2011,2011-04-01,download_for_local_review,pdf,2011-04-01-dental-book.pdf,https://www.pbs.gov.au/publication/schedule/2011/04/2011-04-01-dental-book.pdf?variant=3,au_pbs_archive_a990e446712c0687,public_reuse_review,Official PBS Schedule publication PDF. Suitable for checksum-bound historical citation; not equivalent to a structured API snapshot.,au_pbs,au_pbs_archive_2011_04_01_a990e446712c,planned
https://www.pbs.gov.au/info/publication/schedule/2022,2022-07-01,download_for_local_review,pdf,2022-07-01-general-schedule-volume-1.pdf,https://www.pbs.gov.au/publication/schedule/2022/07/2022-07-01-general-schedule-volume-1.pdf?variant=3,au_pbs_archive_a9a919633fb0f627,public_reuse_review,Official PBS Schedule publication PDF. Suitable for checksum-bound historical citation; not equivalent to a structured API snapshot.,au_pbs,au_pbs_archive_2022_07_01_a9a919633fb0,planned
https://www.pbs.gov.au/info/publication/schedule/historical-archive,1955-01-01,download_for_local_review,pdf,1955-01-01-PBS-Schedule-Medical-Practitioners.pdf,https://www.pbs.gov.au/publication/schedule/1951-2002/1955-01-01-PBS-Schedule-Medical-Practitioners.pdf?variant=3,au_pbs_archive_a9c60b72da98ace5,public_reuse_review,Official PBS Schedule publication PDF. Suitable for checksum-bound historical citation; not equivalent to a structured API snapshot.,au_pbs,au_pbs_archive_1955_01_01_a9c60b72da98,planned
https://www.pbs.gov.au/info/publication/schedule/2022,2022-11-01,download_for_local_review,pdf,2022-11-01-general-soc.pdf,https://www.pbs.gov.au/publication/schedule/2022/11/2022-11-01-general-soc.pdf?variant=3,au_pbs_archive_a9d9582adfb5391f,public_reuse_review,Official PBS Schedule publication PDF. Suitable for checksum-bound historical citation; not equivalent to a structured API snapshot.,au_pbs,au_pbs_archive_2022_11_01_a9d9582adfb5,planned
https://www.pbs.gov.au/info/publication/schedule/2014,2014-06-01,download_for_local_review,pdf,2014-06-01-errata.pdf,https://www.pbs.gov.au/publication/schedule/2014/06/2014-06-01-errata.pdf?variant=3,au_pbs_archive_a9ec7e420eab41d0,public_reuse_review,Official PBS Schedule publication PDF. Suitable for checksum-bound historical citation; not equivalent to a structured API snapshot.,au_pbs,au_pbs_archive_2014_06_01_a9ec7e420eab,planned
https://www.pbs.gov.au/info/publication/schedule/2022,2022-09-01,download_for_local_review,pdf,2022-09-01-efc-schedule.pdf,https://www.pbs.gov.au/publication/schedule/2022/09/2022-09-01-efc-schedule.pdf?variant=3,au_pbs_archive_a9f40bce48981e56,public_reuse_review,Official PBS Schedule publication PDF. Suitable for checksum-bound historical citation; not equivalent to a structured API snapshot.,au_pbs,au_pbs_archive_2022_09_01_a9f40bce4898,planned
https://www.pbs.gov.au/info/publication/schedule/2024,2024-02-01,download_for_local_review,pdf,2024-02-01-efc-schedule.pdf,https://www.pbs.gov.au/publication/schedule/2024/02/2024-02-01-efc-schedule.pdf?variant=3,au_pbs_archive_aa8138a0adeb951b,public_reuse_review,Official PBS Schedule publication PDF. Suitable for checksum-bound historical citation; not equivalent to a structured API snapshot.,au_pbs,au_pbs_archive_2024_02_01_aa8138a0adeb,planned
https://www.pbs.gov.au/info/publication/schedule/2023,2023-06-01,download_for_local_review,pdf,2023-06-01-general-soc.pdf,https://www.pbs.gov.au/publication/schedule/2023/06/2023-06-01-general-soc.pdf?variant=3,au_pbs_archive_aa83c713aac79a0f,public_reuse_review,Official PBS Schedule publication PDF. Suitable for checksum-bound historical citation; not equivalent to a structured API snapshot.,au_pbs,au_pbs_archive_2023_06_01_aa83c713aac7,planned
https://www.pbs.gov.au/info/publication/schedule/2012,2012-05-01,download_for_local_review,pdf,2012-05-01-dental-book-SOC.pdf,https://www.pbs.gov.au/publication/schedule/2012/05/2012-05-01-dental-book-SOC.pdf?variant=3,au_pbs_archive_aab935296b2cb829,public_reuse_review,Official PBS Schedule publication PDF. Suitable for checksum-bound historical citation; not equivalent to a structured API snapshot.,au_pbs,au_pbs_archive_2012_05_01_aab935296b2c,planned
https://www.pbs.gov.au/info/publication/schedule/2009,2009-07-01,download_for_local_review,pdf,2009-07-01-general-schedule-soc.pdf,https://www.pbs.gov.au/publication/schedule/2009/2009-07-01-general-schedule-soc.pdf?variant=3,au_pbs_archive_aac18ebb109f811c,public_reuse_review,Official PBS Schedule publication PDF. Suitable for checksum-bound historical citation; not equivalent to a structured API snapshot.,au_pbs,au_pbs_archive_2009_07_01_aac18ebb109f,planned
https://www.pbs.gov.au/info/publication/schedule/2012,2012-08-01,download_for_local_review,pdf,2012-08-01-efc-schedule.pdf,https://www.pbs.gov.au/publication/schedule/2012/08/2012-08-01-efc-schedule.pdf?variant=3,au_pbs_archive_aaf2331ac3f32798,public_reuse_review,Official PBS Schedule publication PDF. Suitable for checksum-bound historical citation; not equivalent to a structured API snapshot.,au_pbs,au_pbs_archive_2012_08_01_aaf2331ac3f3,planned
https://www.pbs.gov.au/info/publication/schedule/2018,2018-12-01,download_for_local_review,pdf,2018-12-01-general-schedule.pdf,https://www.pbs.gov.au/publication/schedule/2018/12/2018-12-01-general-schedule.pdf?variant=3,au_pbs_archive_ab16e4f92ea252fe,public_reuse_review,Official PBS Schedule publication PDF. Suitable for checksum-bound historical citation; not equivalent to a structured API snapshot.,au_pbs,au_pbs_archive_2018_12_01_ab16e4f92ea2,planned
https://www.pbs.gov.au/info/publication/schedule/2011,2011-03-01,download_for_local_review,pdf,2011-03-01-erratum.pdf,https://www.pbs.gov.au/publication/schedule/2011/03/2011-03-01-erratum.pdf?variant=3,au_pbs_archive_ab2c8a6608dff927,public_reuse_review,Official PBS Schedule publication PDF. Suitable for checksum-bound historical citation; not equivalent to a structured API snapshot.,au_pbs,au_pbs_archive_2011_03_01_ab2c8a6608df,planned
https://www.pbs.gov.au/info/publication/schedule/2025,2025-03-01,download_for_local_review,pdf,2025-03-01-general-schedule-volume-2.pdf,https://www.pbs.gov.au/publication/schedule/2025/03/2025-03-01-general-schedule-volume-2.pdf?variant=3,au_pbs_archive_ab8b754711530c88,public_reuse_review,Official PBS Schedule publication PDF. Suitable for checksum-bound historical citation; not equivalent to a structured API snapshot.,au_pbs,au_pbs_archive_2025_03_01_ab8b75471153,planned
https://www.pbs.gov.au/info/publication/schedule/2012,2012-08-01,download_for_local_review,pdf,2012-08-01-dental-book.pdf,https://www.pbs.gov.au/publication/schedule/2012/08/2012-08-01-dental-book.pdf?variant=3,au_pbs_archive_aba3b16663ee8e6e,public_reuse_review,Official PBS Schedule publication PDF. Suitable for checksum-bound historical citation; not equivalent to a structured API snapshot.,au_pbs,au_pbs_archive_2012_08_01_aba3b16663ee,planned
https://www.pbs.gov.au/info/publication/schedule/historical-archive,1992-12-01,download_for_local_review,pdf,1992-12-01-PBS-Schedule.pdf,https://www.pbs.gov.au/publication/schedule/1951-2002/1992-12-01-PBS-Schedule.pdf?variant=3,au_pbs_archive_abe4795053e0c3dc,public_reuse_review,Official PBS Schedule publication PDF. Suitable for checksum-bound historical citation; not equivalent to a structured API snapshot.,au_pbs,au_pbs_archive_1992_12_01_abe4795053e0,planned
https://www.pbs.gov.au/info/publication/schedule/2020,2020-12-01,download_for_local_review,pdf,2020-12-01-general-schedule-volume-2.pdf,https://www.pbs.gov.au/publication/schedule/2020/12/2020-12-01-general-schedule-volume-2.pdf?variant=3,au_pbs_archive_abe7a5a91e96f168,public_reuse_review,Official PBS Schedule publication PDF. Suitable for checksum-bound historical citation; not equivalent to a structured API snapshot.,au_pbs,au_pbs_archive_2020_12_01_abe7a5a91e96,planned
https://www.pbs.gov.au/info/publication/schedule/2023,2023-04-01,download_for_local_review,pdf,2023-04-01-efc-schedule.pdf,https://www.pbs.gov.au/publication/schedule/2023/04/2023-04-01-efc-schedule.pdf?variant=3,au_pbs_archive_ac0755a84448d6df,public_reuse_review,Official PBS Schedule publication PDF. Suitable for checksum-bound historical citation; not equivalent to a structured API snapshot.,au_pbs,au_pbs_archive_2023_04_01_ac0755a84448,planned
https://www.pbs.gov.au/info/publication/schedule/2009,2009-11-01,download_for_local_review,pdf,2009-11-01-dental-book-soc.pdf,https://www.pbs.gov.au/publication/schedule/2009/2009-11-01-dental-book-soc.pdf?variant=3,au_pbs_archive_ac262032c3de4f97,public_reuse_review,Official PBS Schedule publication PDF. Suitable for checksum-bound historical citation; not equivalent to a structured API snapshot.,au_pbs,au_pbs_archive_2009_11_01_ac262032c3de,planned
https://www.pbs.gov.au/info/publication/schedule/2025,2025-09-01,download_for_local_review,pdf,2025-09-01-general-schedule-volume-2.pdf,https://www.pbs.gov.au/publication/schedule/2025/09/2025-09-01-general-schedule-volume-2.pdf?variant=3,au_pbs_archive_ac5c9cc2c99a62f7,public_reuse_review,Official PBS Schedule publication PDF. Suitable for checksum-bound historical citation; not equivalent to a structured API snapshot.,au_pbs,au_pbs_archive_2025_09_01_ac5c9cc2c99a,planned
https://www.pbs.gov.au/info/publication/schedule/2009,2009-08-01,download_for_local_review,pdf,2009-08-01-general-schedule-soc.pdf,https://www.pbs.gov.au/publication/schedule/2009/2009-08-01-general-schedule-soc.pdf?variant=3,au_pbs_archive_ac909a644abd9b02,public_reuse_review,Official PBS Schedule publication PDF. Suitable for checksum-bound historical citation; not equivalent to a structured API snapshot.,au_pbs,au_pbs_archive_2009_08_01_ac909a644abd,planned
https://www.pbs.gov.au/info/publication/schedule/historical-archive,1960-11-01,download_for_local_review,pdf,1960-11-01-PBS-Schedule-Medical-Practitioners.pdf,https://www.pbs.gov.au/publication/schedule/1951-2002/1960-11-01-PBS-Schedule-Medical-Practitioners.pdf?variant=3,au_pbs_archive_ad5f8f183cdea169,public_reuse_review,Official PBS Schedule publication PDF. Suitable for checksum-bound historical citation; not equivalent to a structured API snapshot.,au_pbs,au_pbs_archive_1960_11_01_ad5f8f183cde,planned
https://www.pbs.gov.au/info/publication/schedule/2020,2020-04-01,download_for_local_review,pdf,2020-04-01-general-soc.pdf,https://www.pbs.gov.au/publication/schedule/2020/04/2020-04-01-general-soc.pdf?variant=3,au_pbs_archive_add41ce57a064c94,public_reuse_review,Official PBS Schedule publication PDF. Suitable for checksum-bound historical citation; not equivalent to a structured API snapshot.,au_pbs,au_pbs_archive_2020_04_01_add41ce57a06,planned
https://www.pbs.gov.au/info/publication/schedule/2007,2007-12-01,download_for_local_review,pdf,2007-12-01-general-schedule-soc.pdf,https://www.pbs.gov.au/publication/schedule/2007/2007-12-01-general-schedule-soc.pdf?variant=3,au_pbs_archive_ae4425d55fac693c,public_reuse_review,Official PBS Schedule publication PDF. Suitable for checksum-bound historical citation; not equivalent to a structured API snapshot.,au_pbs,au_pbs_archive_2007_12_01_ae4425d55fac,planned
https://www.pbs.gov.au/info/publication/schedule/2010,2010-10-01,download_for_local_review,pdf,2010-10-01-general-schedule.pdf,https://www.pbs.gov.au/publication/schedule/2010/2010-10-01-general-schedule.pdf?variant=3,au_pbs_archive_ae46c03553f3e882,public_reuse_review,Official PBS Schedule publication PDF. Suitable for checksum-bound historical citation; not equivalent to a structured API snapshot.,au_pbs,au_pbs_archive_2010_10_01_ae46c03553f3,planned
https://www.pbs.gov.au/info/publication/schedule/2016,2016-12-01,download_for_local_review,pdf,2016-12-01-general-soc.pdf,https://www.pbs.gov.au/publication/schedule/2016/12/2016-12-01-general-soc.pdf?variant=3,au_pbs_archive_ae59b5dc97dd29bb,public_reuse_review,Official PBS Schedule publication PDF. Suitable for checksum-bound historical citation; not equivalent to a structured API snapshot.,au_pbs,au_pbs_archive_2016_12_01_ae59b5dc97dd,planned
https://www.pbs.gov.au/info/publication/schedule/2010,2010-07-01,download_for_local_review,pdf,2010-07-01-chemotherapy-booklet.pdf,https://www.pbs.gov.au/publication/schedule/2010/2010-07-01-chemotherapy-booklet.pdf?variant=3,au_pbs_archive_ae91a365479665cb,public_reuse_review,Official PBS Schedule publication PDF. Suitable for checksum-bound historical citation; not equivalent to a structured API snapshot.,au_pbs,au_pbs_archive_2010_07_01_ae91a3654796,planned
https://www.pbs.gov.au/info/publication/schedule/2010,2010-06-01,download_for_local_review,pdf,2010-06-01-dental-book.pdf,https://www.pbs.gov.au/publication/schedule/2010/2010-06-01-dental-book.pdf?variant=3,au_pbs_archive_aeb231097b3b4f14,public_reuse_review,Official PBS Schedule publication PDF. Suitable for checksum-bound historical citation; not equivalent to a structured API snapshot.,au_pbs,au_pbs_archive_2010_06_01_aeb231097b3b,planned
https://www.pbs.gov.au/info/publication/schedule/2021,2021-12-01,download_for_local_review,pdf,2021-12-01-efc-schedule.pdf,https://www.pbs.gov.au/publication/schedule/2021/12/2021-12-01-efc-schedule.pdf?variant=3,au_pbs_archive_aed8a9eda4f214cb,public_reuse_review,Official PBS Schedule publication PDF. Suitable for checksum-bound historical citation; not equivalent to a structured API snapshot.,au_pbs,au_pbs_archive_2021_12_01_aed8a9eda4f2,planned
https://www.pbs.gov.au/info/publication/schedule/2020,2020-12-01,download_for_local_review,pdf,2020-12-01-efc-schedule.pdf,https://www.pbs.gov.au/publication/schedule/2020/12/2020-12-01-efc-schedule.pdf?variant=3,au_pbs_archive_aee1b58384cde490,public_reuse_review,Official PBS Schedule publication PDF. Suitable for checksum-bound historical citation; not equivalent to a structured API snapshot.,au_pbs,au_pbs_archive_2020_12_01_aee1b58384cd,planned
https://www.pbs.gov.au/info/publication/schedule/2020,2020-06-01,download_for_local_review,pdf,2020-06-01-general-soc.pdf,https://www.pbs.gov.au/publication/schedule/2020/06/2020-06-01-general-soc.pdf?variant=3,au_pbs_archive_aef2424ccba4eb86,public_reuse_review,Official PBS Schedule publication PDF. Suitable for checksum-bound historical citation; not equivalent to a structured API snapshot.,au_pbs,au_pbs_archive_2020_06_01_aef2424ccba4,planned
https://www.pbs.gov.au/info/publication/schedule/2014,2014-04-01,download_for_local_review,pdf,2014-04-01-efc-schedule-soc.pdf,https://www.pbs.gov.au/publication/schedule/2014/04/2014-04-01-efc-schedule-soc.pdf?variant=3,au_pbs_archive_af0473f838ff13bc,public_reuse_review,Official PBS Schedule publication PDF. Suitable for checksum-bound historical citation; not equivalent to a structured API snapshot.,au_pbs,au_pbs_archive_2014_04_01_af0473f838ff,planned
https://www.pbs.gov.au/info/publication/schedule/2021,2021-09-01,download_for_local_review,pdf,2021-09-01-general-soc.pdf,https://www.pbs.gov.au/publication/schedule/2021/09/2021-09-01-general-soc.pdf?variant=3,au_pbs_archive_af11d69ad56feb8f,public_reuse_review,Official PBS Schedule publication PDF. Suitable for checksum-bound historical citation; not equivalent to a structured API snapshot.,au_pbs,au_pbs_archive_2021_09_01_af11d69ad56f,planned
https://www.pbs.gov.au/info/publication/schedule/2010,2010-03-01,download_for_local_review,pdf,2010-03-01-chemotherapy-book.pdf,https://www.pbs.gov.au/publication/schedule/2010/2010-03-01-chemotherapy-book.pdf?variant=3,au_pbs_archive_af17fecc2b98f07e,public_reuse_review,Official PBS Schedule publication PDF. Suitable for checksum-bound historical citation; not equivalent to a structured API snapshot.,au_pbs,au_pbs_archive_2010_03_01_af17fecc2b98,planned
https://www.pbs.gov.au/info/publication/schedule/2018,2018-07-01,download_for_local_review,pdf,2018-07-01-general-schedule.pdf,https://www.pbs.gov.au/publication/schedule/2018/07/2018-07-01-general-schedule.pdf?variant=3,au_pbs_archive_af57afbbad860d34,public_reuse_review,Official PBS Schedule publication PDF. Suitable for checksum-bound historical citation; not equivalent to a structured API snapshot.,au_pbs,au_pbs_archive_2018_07_01_af57afbbad86,planned
https://www.pbs.gov.au/info/publication/schedule/2020,2020-01-01,download_for_local_review,pdf,2020-01-01-general-soc.pdf,https://www.pbs.gov.au/publication/schedule/2020/01/2020-01-01-general-soc.pdf?variant=3,au_pbs_archive_af5cfb4277c6125b,public_reuse_review,Official PBS Schedule publication PDF. Suitable for checksum-bound historical citation; not equivalent to a structured API snapshot.,au_pbs,au_pbs_archive_2020_01_01_af5cfb4277c6,planned
https://www.pbs.gov.au/info/publication/schedule/2014,2014-03-01,download_for_local_review,pdf,2014-03-01-general-schedule.pdf,https://www.pbs.gov.au/publication/schedule/2014/03/2014-03-01-general-schedule.pdf?variant=3,au_pbs_archive_af92f6f88de0d2b3,public_reuse_review,Official PBS Schedule publication PDF. Suitable for checksum-bound historical citation; not equivalent to a structured API snapshot.,au_pbs,au_pbs_archive_2014_03_01_af92f6f88de0,planned
https://www.pbs.gov.au/info/publication/schedule/2013,2013-08-01,download_for_local_review,pdf,2013-08-01-efc-schedule-soc.pdf,https://www.pbs.gov.au/publication/schedule/2013/08/2013-08-01-efc-schedule-soc.pdf?variant=3,au_pbs_archive_afecddba8bd0fd2f,public_reuse_review,Official PBS Schedule publication PDF. Suitable for checksum-bound historical citation; not equivalent to a structured API snapshot.,au_pbs,au_pbs_archive_2013_08_01_afecddba8bd0,planned
https://www.pbs.gov.au/info/publication/schedule/2007,2007-09-01,download_for_local_review,pdf,2007-09-01-general-schedule-soc.pdf,https://www.pbs.gov.au/publication/schedule/2007/2007-09-01-general-schedule-soc.pdf?variant=3,au_pbs_archive_b031b204cad96519,public_reuse_review,Official PBS Schedule publication PDF. Suitable for checksum-bound historical citation; not equivalent to a structured API snapshot.,au_pbs,au_pbs_archive_2007_09_01_b031b204cad9,planned
https://www.pbs.gov.au/info/publication/schedule/2011,2011-11-01,download_for_local_review,pdf,2011-11-01-dental-book-SOC.pdf,https://www.pbs.gov.au/publication/schedule/2011/11/2011-11-01-dental-book-SOC.pdf?variant=3,au_pbs_archive_b0ff17f9f096fc53,public_reuse_review,Official PBS Schedule publication PDF. Suitable for checksum-bound historical citation; not equivalent to a structured API snapshot.,au_pbs,au_pbs_archive_2011_11_01_b0ff17f9f096,planned
https://www.pbs.gov.au/info/publication/schedule/historical-archive,1975-12-01,download_for_local_review,pdf,1975-12-01-consolidated-schedules.pdf,https://www.pbs.gov.au/publication/schedule/1951-2002/1975-12-01-consolidated-schedules.pdf?variant=3,au_pbs_archive_b11a9849d9d30efd,public_reuse_review,Official PBS Schedule publication PDF. Suitable for checksum-bound historical citation; not equivalent to a structured API snapshot.,au_pbs,au_pbs_archive_1975_12_01_b11a9849d9d3,planned
https://www.pbs.gov.au/info/publication/schedule/2023,2023-11-01,download_for_local_review,pdf,2023-11-01-efc-schedule.pdf,https://www.pbs.gov.au/publication/schedule/2023/11/2023-11-01-efc-schedule.pdf?variant=3,au_pbs_archive_b14172d6a2b1f61d,public_reuse_review,Official PBS Schedule publication PDF. Suitable for checksum-bound historical citation; not equivalent to a structured API snapshot.,au_pbs,au_pbs_archive_2023_11_01_b14172d6a2b1,planned
https://www.pbs.gov.au/info/publication/schedule/2017,2017-10-01,download_for_local_review,pdf,2017-10-01-efc-schedule.pdf,https://www.pbs.gov.au/publication/schedule/2017/10/2017-10-01-efc-schedule.pdf?variant=3,au_pbs_archive_b14b62e065c7a204,public_reuse_review,Official PBS Schedule publication PDF. Suitable for checksum-bound historical citation; not equivalent to a structured API snapshot.,au_pbs,au_pbs_archive_2017_10_01_b14b62e065c7,planned
https://www.pbs.gov.au/info/publication/schedule/2026,2026-04-01,download_for_local_review,pdf,2026-04-01-efc-schedule.pdf,https://www.pbs.gov.au/publication/schedule/2026/04/2026-04-01-efc-schedule.pdf?variant=3,au_pbs_archive_b1a799abe41b4404,public_reuse_review,Official PBS Schedule publication PDF. Suitable for checksum-bound historical citation; not equivalent to a structured API snapshot.,au_pbs,au_pbs_archive_2026_04_01_b1a799abe41b,planned
https://www.pbs.gov.au/info/publication/schedule/2010,2010-03-01,download_for_local_review,pdf,2010-03-01-general-schedule.pdf,https://www.pbs.gov.au/publication/schedule/2010/2010-03-01-general-schedule.pdf?variant=3,au_pbs_archive_b20bf3dcd9363298,public_reuse_review,Official PBS Schedule publication PDF. Suitable for checksum-bound historical citation; not equivalent to a structured API snapshot.,au_pbs,au_pbs_archive_2010_03_01_b20bf3dcd936,planned
https://www.pbs.gov.au/info/publication/schedule/2021,2021-04-01,download_for_local_review,pdf,2021-04-01-general-volume-2.pdf,https://www.pbs.gov.au/publication/schedule/2021/04/2021-04-01-general-volume-2.pdf?variant=3,au_pbs_archive_b231d133c6914379,public_reuse_review,Official PBS Schedule publication PDF. Suitable for checksum-bound historical citation; not equivalent to a structured API snapshot.,au_pbs,au_pbs_archive_2021_04_01_b231d133c691,planned
https://www.pbs.gov.au/info/publication/schedule/2011,2011-09-01,download_for_local_review,pdf,2011-09-01-chemotherapy-booklet.pdf,https://www.pbs.gov.au/publication/schedule/2011/09/2011-09-01-chemotherapy-booklet.pdf?variant=3,au_pbs_archive_b2825a373788f1dc,public_reuse_review,Official PBS Schedule publication PDF. Suitable for checksum-bound historical citation; not equivalent to a structured API snapshot.,au_pbs,au_pbs_archive_2011_09_01_b2825a373788,planned
https://www.pbs.gov.au/info/publication/schedule/2012,2012-03-01,download_for_local_review,pdf,2012-03-01-chemotherapy-booklet.pdf,https://www.pbs.gov.au/publication/schedule/2012/03/2012-03-01-chemotherapy-booklet.pdf?variant=3,au_pbs_archive_b2d137b930753152,public_reuse_review,Official PBS Schedule publication PDF. Suitable for checksum-bound historical citation; not equivalent to a structured API snapshot.,au_pbs,au_pbs_archive_2012_03_01_b2d137b93075,planned
https://www.pbs.gov.au/info/publication/schedule/2022,2022-12-01,download_for_local_review,pdf,2022-12-01-efc-schedule.pdf,https://www.pbs.gov.au/publication/schedule/2022/12/2022-12-01-efc-schedule.pdf?variant=3,au_pbs_archive_b34ac600353d34f9,public_reuse_review,Official PBS Schedule publication PDF. Suitable for checksum-bound historical citation; not equivalent to a structured API snapshot.,au_pbs,au_pbs_archive_2022_12_01_b34ac600353d,planned
https://www.pbs.gov.au/info/publication/schedule/2023,2023-05-01,download_for_local_review,pdf,2023-05-01-general-soc.pdf,https://www.pbs.gov.au/publication/schedule/2023/05/2023-05-01-general-soc.pdf?variant=3,au_pbs_archive_b34f91b2f6930fb0,public_reuse_review,Official PBS Schedule publication PDF. Suitable for checksum-bound historical citation; not equivalent to a structured API snapshot.,au_pbs,au_pbs_archive_2023_05_01_b34f91b2f693,planned
https://www.pbs.gov.au/info/publication/schedule/2024,2024-10-01,download_for_local_review,pdf,2024-10-01-general-schedule-volume-1.pdf,https://www.pbs.gov.au/publication/schedule/2024/10/2024-10-01-general-schedule-volume-1.pdf?variant=3,au_pbs_archive_b3826380a427af7f,public_reuse_review,Official PBS Schedule publication PDF. Suitable for checksum-bound historical citation; not equivalent to a structured API snapshot.,au_pbs,au_pbs_archive_2024_10_01_b3826380a427,planned
https://www.pbs.gov.au/info/publication/schedule/historical-archive,2001-11-01,download_for_local_review,pdf,2001-11-01-PBS-Schedule.pdf,https://www.pbs.gov.au/publication/schedule/1951-2002/2001-11-01-PBS-Schedule.pdf?variant=3,au_pbs_archive_b3889fb8c7a700fe,public_reuse_review,Official PBS Schedule publication PDF. Suitable for checksum-bound historical citation; not equivalent to a structured API snapshot.,au_pbs,au_pbs_archive_2001_11_01_b3889fb8c7a7,planned
https://www.pbs.gov.au/info/publication/schedule/2023,2023-04-01,download_for_local_review,pdf,2023-04-01-general-schedule-volume-1.pdf,https://www.pbs.gov.au/publication/schedule/2023/04/2023-04-01-general-schedule-volume-1.pdf?variant=3,au_pbs_archive_b3a7978a62567c35,public_reuse_review,Official PBS Schedule publication PDF. Suitable for checksum-bound historical citation; not equivalent to a structured API snapshot.,au_pbs,au_pbs_archive_2023_04_01_b3a7978a6256,planned
https://www.pbs.gov.au/info/publication/schedule/2009,2009-06-01,download_for_local_review,pdf,2009-06-01-dental-book.pdf,https://www.pbs.gov.au/publication/schedule/2009/2009-06-01-dental-book.pdf?variant=3,au_pbs_archive_b43bf7a4bde2b729,public_reuse_review,Official PBS Schedule publication PDF. Suitable for checksum-bound historical citation; not equivalent to a structured API snapshot.,au_pbs,au_pbs_archive_2009_06_01_b43bf7a4bde2,planned
https://www.pbs.gov.au/info/publication/schedule/2016,2016-10-01,download_for_local_review,pdf,2016-10-01-general-soc.pdf,https://www.pbs.gov.au/publication/schedule/2016/10/2016-10-01-general-soc.pdf?variant=3,au_pbs_archive_b4ec0e4b2e6c00d9,public_reuse_review,Official PBS Schedule publication PDF. Suitable for checksum-bound historical citation; not equivalent to a structured API snapshot.,au_pbs,au_pbs_archive_2016_10_01_b4ec0e4b2e6c,planned
https://www.pbs.gov.au/info/publication/schedule/2012,2012-12-01,download_for_local_review,pdf,2012-12-01-errata.pdf,https://www.pbs.gov.au/publication/schedule/2012/12/2012-12-01-errata.pdf?variant=3,au_pbs_archive_b51531de6cb5a9c9,public_reuse_review,Official PBS Schedule publication PDF. Suitable for checksum-bound historical citation; not equivalent to a structured API snapshot.,au_pbs,au_pbs_archive_2012_12_01_b51531de6cb5,planned
https://www.pbs.gov.au/info/publication/schedule/2012,2012-01-01,download_for_local_review,pdf,2012-01-01-chemotherapy-booklet.pdf,https://www.pbs.gov.au/publication/schedule/2012/01/2012-01-01-chemotherapy-booklet.pdf?variant=3,au_pbs_archive_b52130f9d5f3c180,public_reuse_review,Official PBS Schedule publication PDF. Suitable for checksum-bound historical citation; not equivalent to a structured API snapshot.,au_pbs,au_pbs_archive_2012_01_01_b52130f9d5f3,planned
https://www.pbs.gov.au/info/publication/schedule/2012,2012-08-01,download_for_local_review,pdf,2012-08-01-general-schedule-SOC.pdf,https://www.pbs.gov.au/publication/schedule/2012/08/2012-08-01-general-schedule-SOC.pdf?variant=3,au_pbs_archive_b5306c451b8179be,public_reuse_review,Official PBS Schedule publication PDF. Suitable for checksum-bound historical citation; not equivalent to a structured API snapshot.,au_pbs,au_pbs_archive_2012_08_01_b5306c451b81,planned
https://www.pbs.gov.au/info/publication/schedule/2023,2023-07-01,download_for_local_review,pdf,2023-07-01-general-schedule-volume-1.pdf,https://www.pbs.gov.au/publication/schedule/2023/07/2023-07-01-general-schedule-volume-1.pdf?variant=3,au_pbs_archive_b5d9ebb73274258d,public_reuse_review,Official PBS Schedule publication PDF. Suitable for checksum-bound historical citation; not equivalent to a structured API snapshot.,au_pbs,au_pbs_archive_2023_07_01_b5d9ebb73274,planned
https://www.pbs.gov.au/info/publication/schedule/2015,2015-03-01,download_for_local_review,pdf,2015-03-01-general-schedule-soc.pdf,https://www.pbs.gov.au/publication/schedule/2015/03/2015-03-01-general-schedule-soc.pdf?variant=3,au_pbs_archive_b5da3e74eedb2016,public_reuse_review,Official PBS Schedule publication PDF. Suitable for checksum-bound historical citation; not equivalent to a structured API snapshot.,au_pbs,au_pbs_archive_2015_03_01_b5da3e74eedb,planned
https://www.pbs.gov.au/info/publication/schedule/2025,2025-12-01,download_for_local_review,pdf,2025-12-01-efc-schedule.pdf,https://www.pbs.gov.au/publication/schedule/2025/12/2025-12-01-efc-schedule.pdf?variant=3,au_pbs_archive_b5ea7afa77c73779,public_reuse_review,Official PBS Schedule publication PDF. Suitable for checksum-bound historical citation; not equivalent to a structured API snapshot.,au_pbs,au_pbs_archive_2025_12_01_b5ea7afa77c7,planned
https://www.pbs.gov.au/info/publication/schedule/2018,2018-12-01,download_for_local_review,pdf,2018-12-01-general-soc.pdf,https://www.pbs.gov.au/publication/schedule/2018/12/2018-12-01-general-soc.pdf?variant=3,au_pbs_archive_b617b068526ef5a4,public_reuse_review,Official PBS Schedule publication PDF. Suitable for checksum-bound historical citation; not equivalent to a structured API snapshot.,au_pbs,au_pbs_archive_2018_12_01_b617b068526e,planned
https://www.pbs.gov.au/info/publication/schedule/2017,2017-10-01,download_for_local_review,pdf,2017-10-01-general-schedule.pdf,https://www.pbs.gov.au/publication/schedule/2017/10/2017-10-01-general-schedule.pdf?variant=3,au_pbs_archive_b63687d09f2fef1b,public_reuse_review,Official PBS Schedule publication PDF. Suitable for checksum-bound historical citation; not equivalent to a structured API snapshot.,au_pbs,au_pbs_archive_2017_10_01_b63687d09f2f,planned
https://www.pbs.gov.au/info/publication/schedule/2017,2017-02-01,download_for_local_review,pdf,2017-02-01-general-schedule.pdf,https://www.pbs.gov.au/publication/schedule/2017/02/2017-02-01-general-schedule.pdf?variant=3,au_pbs_archive_b68526a89bd59033,public_reuse_review,Official PBS Schedule publication PDF. Suitable for checksum-bound historical citation; not equivalent to a structured API snapshot.,au_pbs,au_pbs_archive_2017_02_01_b68526a89bd5,planned
https://www.pbs.gov.au/info/publication/schedule/historical-archive,1953-08-01,download_for_local_review,pdf,1953-08-01-PBS-Schedule-Medical-Practitioners.pdf,https://www.pbs.gov.au/publication/schedule/1951-2002/1953-08-01-PBS-Schedule-Medical-Practitioners.pdf?variant=3,au_pbs_archive_b692cd6fe1c63fea,public_reuse_review,Official PBS Schedule publication PDF. Suitable for checksum-bound historical citation; not equivalent to a structured API snapshot.,au_pbs,au_pbs_archive_1953_08_01_b692cd6fe1c6,planned
https://www.pbs.gov.au/info/publication/schedule/2021,2021-05-01,download_for_local_review,pdf,2021-05-01-efc-schedule.pdf,https://www.pbs.gov.au/publication/schedule/2021/05/2021-05-01-efc-schedule.pdf?variant=3,au_pbs_archive_b6d5a57f06c2a327,public_reuse_review,Official PBS Schedule publication PDF. Suitable for checksum-bound historical citation; not equivalent to a structured API snapshot.,au_pbs,au_pbs_archive_2021_05_01_b6d5a57f06c2,planned
https://www.pbs.gov.au/info/publication/schedule/2014,2014-09-01,download_for_local_review,pdf,2014-09-01-efc-schedule.pdf,https://www.pbs.gov.au/publication/schedule/2014/09/2014-09-01-efc-schedule.pdf?variant=3,au_pbs_archive_b6dc0e0b7b918c75,public_reuse_review,Official PBS Schedule publication PDF. Suitable for checksum-bound historical citation; not equivalent to a structured API snapshot.,au_pbs,au_pbs_archive_2014_09_01_b6dc0e0b7b91,planned
https://www.pbs.gov.au/info/publication/schedule/2023,2023-10-01,download_for_local_review,pdf,2023-10-01-general-schedule-volume-1.pdf,https://www.pbs.gov.au/publication/schedule/2023/10/2023-10-01-general-schedule-volume-1.pdf?variant=3,au_pbs_archive_b6f7202f59655f3c,public_reuse_review,Official PBS Schedule publication PDF. Suitable for checksum-bound historical citation; not equivalent to a structured API snapshot.,au_pbs,au_pbs_archive_2023_10_01_b6f7202f5965,planned
https://www.pbs.gov.au/info/publication/schedule/2023,2023-04-01,download_for_local_review,pdf,2023-04-01-errata-2-pricing-of-fluticasone-propionate-with-formoterol.pdf,https://www.pbs.gov.au/publication/schedule/2023/04/2023-04-01-errata-2-pricing-of-fluticasone-propionate-with-formoterol.pdf?variant=3,au_pbs_archive_b7386d404d86575a,public_reuse_review,Official PBS Schedule publication PDF. Suitable for checksum-bound historical citation; not equivalent to a structured API snapshot.,au_pbs,au_pbs_archive_2023_04_01_b7386d404d86,planned
https://www.pbs.gov.au/info/publication/schedule/2014,2014-12-01,download_for_local_review,pdf,2014-12-01-efc-schedule.pdf,https://www.pbs.gov.au/publication/schedule/2014/12/2014-12-01-efc-schedule.pdf?variant=3,au_pbs_archive_b75e85c0c6a7cbcf,public_reuse_review,Official PBS Schedule publication PDF. Suitable for checksum-bound historical citation; not equivalent to a structured API snapshot.,au_pbs,au_pbs_archive_2014_12_01_b75e85c0c6a7,planned
https://www.pbs.gov.au/info/publication/schedule/historical-archive,1998-11-01,download_for_local_review,pdf,1998-11-01-consolidated-schedules.pdf,https://www.pbs.gov.au/publication/schedule/1951-2002/1998-11-01-consolidated-schedules.pdf?variant=3,au_pbs_archive_b776ffb13bb1f89a,public_reuse_review,Official PBS Schedule publication PDF. Suitable for checksum-bound historical citation; not equivalent to a structured API snapshot.,au_pbs,au_pbs_archive_1998_11_01_b776ffb13bb1,planned
https://www.pbs.gov.au/info/publication/schedule/historical-archive,1981-12-01,download_for_local_review,pdf,1981-12-01-consolidated-schedules.pdf,https://www.pbs.gov.au/publication/schedule/1951-2002/1981-12-01-consolidated-schedules.pdf?variant=3,au_pbs_archive_b7d9970f7d995e2f,public_reuse_review,Official PBS Schedule publication PDF. Suitable for checksum-bound historical citation; not equivalent to a structured API snapshot.,au_pbs,au_pbs_archive_1981_12_01_b7d9970f7d99,planned
https://www.pbs.gov.au/info/publication/schedule/2024,2024-05-01,download_for_local_review,pdf,2024-05-01-efc-schedule.pdf,https://www.pbs.gov.au/publication/schedule/2024/05/2024-05-01-efc-schedule.pdf?variant=3,au_pbs_archive_b800fe38a6fbe553,public_reuse_review,Official PBS Schedule publication PDF. Suitable for checksum-bound historical citation; not equivalent to a structured API snapshot.,au_pbs,au_pbs_archive_2024_05_01_b800fe38a6fb,planned
https://www.pbs.gov.au/info/publication/schedule/2007,2007-09-01,download_for_local_review,pdf,2007-09-01-general-schedule.pdf,https://www.pbs.gov.au/publication/schedule/2007/2007-09-01-general-schedule.pdf?variant=3,au_pbs_archive_b821d8cc2d588ebb,public_reuse_review,Official PBS Schedule publication PDF. Suitable for checksum-bound historical citation; not equivalent to a structured API snapshot.,au_pbs,au_pbs_archive_2007_09_01_b821d8cc2d58,planned
https://www.pbs.gov.au/info/publication/schedule/2012,2012-04-01,download_for_local_review,pdf,2012-04-01-errata.pdf,https://www.pbs.gov.au/publication/schedule/2012/04/2012-04-01-errata.pdf?variant=3,au_pbs_archive_b8a907b3bb724aa8,public_reuse_review,Official PBS Schedule publication PDF. Suitable for checksum-bound historical citation; not equivalent to a structured API snapshot.,au_pbs,au_pbs_archive_2012_04_01_b8a907b3bb72,planned
https://www.pbs.gov.au/info/publication/schedule/2017,2017-05-01,download_for_local_review,pdf,2017-05-01-general-soc.pdf,https://www.pbs.gov.au/publication/schedule/2017/05/2017-05-01-general-soc.pdf?variant=3,au_pbs_archive_b8d9e191fb0fb123,public_reuse_review,Official PBS Schedule publication PDF. Suitable for checksum-bound historical citation; not equivalent to a structured API snapshot.,au_pbs,au_pbs_archive_2017_05_01_b8d9e191fb0f,planned
https://www.pbs.gov.au/info/publication/schedule/2020,2020-04-01,download_for_local_review,pdf,2020-04-01-general-schedule-volume-1.pdf,https://www.pbs.gov.au/publication/schedule/2020/04/2020-04-01-general-schedule-volume-1.pdf?variant=3,au_pbs_archive_b8ec0871f4fed760,public_reuse_review,Official PBS Schedule publication PDF. Suitable for checksum-bound historical citation; not equivalent to a structured API snapshot.,au_pbs,au_pbs_archive_2020_04_01_b8ec0871f4fe,planned
https://www.pbs.gov.au/info/publication/schedule/2023,2023-02-01,download_for_local_review,pdf,2023-02-01-general-schedule-volume-2.pdf,https://www.pbs.gov.au/publication/schedule/2023/02/2023-02-01-general-schedule-volume-2.pdf?variant=3,au_pbs_archive_b9256d677fbd9c55,public_reuse_review,Official PBS Schedule publication PDF. Suitable for checksum-bound historical citation; not equivalent to a structured API snapshot.,au_pbs,au_pbs_archive_2023_02_01_b9256d677fbd,planned
https://www.pbs.gov.au/info/publication/schedule/2010,2010-03-01,download_for_local_review,pdf,2010-03-01-dental-book-soc.pdf,https://www.pbs.gov.au/publication/schedule/2010/2010-03-01-dental-book-soc.pdf?variant=3,au_pbs_archive_b936af2a3f3ef0b4,public_reuse_review,Official PBS Schedule publication PDF. Suitable for checksum-bound historical citation; not equivalent to a structured API snapshot.,au_pbs,au_pbs_archive_2010_03_01_b936af2a3f3e,planned
https://www.pbs.gov.au/info/publication/schedule/2008,2008-05-01,download_for_local_review,pdf,2008-05-01-dental-book.pdf,https://www.pbs.gov.au/publication/schedule/2008/2008-05-01-dental-book.pdf?variant=3,au_pbs_archive_b97274951a48e5b4,public_reuse_review,Official PBS Schedule publication PDF. Suitable for checksum-bound historical citation; not equivalent to a structured API snapshot.,au_pbs,au_pbs_archive_2008_05_01_b97274951a48,planned
https://www.pbs.gov.au/info/publication/schedule/2010,2010-07-01,download_for_local_review,pdf,2010-07-01-general-schedule-SOC.pdf,https://www.pbs.gov.au/publication/schedule/2010/2010-07-01-general-schedule-SOC.pdf?variant=3,au_pbs_archive_ba33a594cbb9e07a,public_reuse_review,Official PBS Schedule publication PDF. Suitable for checksum-bound historical citation; not equivalent to a structured API snapshot.,au_pbs,au_pbs_archive_2010_07_01_ba33a594cbb9,planned
https://www.pbs.gov.au/info/publication/schedule/2016,2016-08-01,download_for_local_review,pdf,2016-08-01-general-schedule.pdf,https://www.pbs.gov.au/publication/schedule/2016/08/2016-08-01-general-schedule.pdf?variant=3,au_pbs_archive_ba395eeb1e1f1612,public_reuse_review,Official PBS Schedule publication PDF. Suitable for checksum-bound historical citation; not equivalent to a structured API snapshot.,au_pbs,au_pbs_archive_2016_08_01_ba395eeb1e1f,planned
https://www.pbs.gov.au/info/publication/schedule/2015,2015-06-01,download_for_local_review,pdf,2015-06-01-efc-schedule.pdf,https://www.pbs.gov.au/publication/schedule/2015/06/2015-06-01-efc-schedule.pdf?variant=3,au_pbs_archive_bae818cc25a96cdf,public_reuse_review,Official PBS Schedule publication PDF. Suitable for checksum-bound historical citation; not equivalent to a structured API snapshot.,au_pbs,au_pbs_archive_2015_06_01_bae818cc25a9,planned
https://www.pbs.gov.au/info/publication/schedule/historical-archive,1974-12-01,download_for_local_review,pdf,1974-12-01-consolidated-schedules.pdf,https://www.pbs.gov.au/publication/schedule/1951-2002/1974-12-01-consolidated-schedules.pdf?variant=3,au_pbs_archive_bafe912a7bc7a9e1,public_reuse_review,Official PBS Schedule publication PDF. Suitable for checksum-bound historical citation; not equivalent to a structured API snapshot.,au_pbs,au_pbs_archive_1974_12_01_bafe912a7bc7,planned
https://www.pbs.gov.au/info/publication/schedule/2015,2015-07-01,download_for_local_review,pdf,2015-07-01-errata.pdf,https://www.pbs.gov.au/publication/schedule/2015/07/2015-07-01-errata.pdf?variant=3,au_pbs_archive_bb3ddce78da9dbcd,public_reuse_review,Official PBS Schedule publication PDF. Suitable for checksum-bound historical citation; not equivalent to a structured API snapshot.,au_pbs,au_pbs_archive_2015_07_01_bb3ddce78da9,planned
https://www.pbs.gov.au/info/publication/schedule/2011,2011-06-01,download_for_local_review,pdf,2011-06-01-chemotherapy-booklet.pdf,https://www.pbs.gov.au/publication/schedule/2011/06/2011-06-01-chemotherapy-booklet.pdf?variant=3,au_pbs_archive_bb820c5baa79633b,public_reuse_review,Official PBS Schedule publication PDF. Suitable for checksum-bound historical citation; not equivalent to a structured API snapshot.,au_pbs,au_pbs_archive_2011_06_01_bb820c5baa79,planned
https://www.pbs.gov.au/info/publication/schedule/2019,2019-06-01,download_for_local_review,pdf,2019-06-01-general-schedule-volume-1.pdf,https://www.pbs.gov.au/publication/schedule/2019/06/2019-06-01-general-schedule-volume-1.pdf?variant=3,au_pbs_archive_bbbd6f7c35698354,public_reuse_review,Official PBS Schedule publication PDF. Suitable for checksum-bound historical citation; not equivalent to a structured API snapshot.,au_pbs,au_pbs_archive_2019_06_01_bbbd6f7c3569,planned
https://www.pbs.gov.au/info/publication/schedule/2012,2012-06-01,download_for_local_review,pdf,2012-06-01-dental-book-SOC.pdf,https://www.pbs.gov.au/publication/schedule/2012/06/2012-06-01-dental-book-SOC.pdf?variant=3,au_pbs_archive_bc68dcbe2fcc611d,public_reuse_review,Official PBS Schedule publication PDF. Suitable for checksum-bound historical citation; not equivalent to a structured API snapshot.,au_pbs,au_pbs_archive_2012_06_01_bc68dcbe2fcc,planned
https://www.pbs.gov.au/info/publication/schedule/2011,2011-04-01,download_for_local_review,pdf,2011-04-01-chemotherapy-booklet.pdf,https://www.pbs.gov.au/publication/schedule/2011/04/2011-04-01-chemotherapy-booklet.pdf?variant=3,au_pbs_archive_bcc9d921d3eafee7,public_reuse_review,Official PBS Schedule publication PDF. Suitable for checksum-bound historical citation; not equivalent to a structured API snapshot.,au_pbs,au_pbs_archive_2011_04_01_bcc9d921d3ea,planned
https://www.pbs.gov.au/info/publication/schedule/2015,2015-05-01,download_for_local_review,pdf,2015-05-01-errata.pdf,https://www.pbs.gov.au/publication/schedule/2015/05/2015-05-01-errata.pdf?variant=3,au_pbs_archive_bcdb020a5a96f60b,public_reuse_review,Official PBS Schedule publication PDF. Suitable for checksum-bound historical citation; not equivalent to a structured API snapshot.,au_pbs,au_pbs_archive_2015_05_01_bcdb020a5a96,planned
https://www.pbs.gov.au/info/publication/schedule/historical-archive,1973-12-01,download_for_local_review,pdf,1973-12-01-consolidated-schedules.pdf,https://www.pbs.gov.au/publication/schedule/1951-2002/1973-12-01-consolidated-schedules.pdf?variant=3,au_pbs_archive_bce2b6915670a74d,public_reuse_review,Official PBS Schedule publication PDF. Suitable for checksum-bound historical citation; not equivalent to a structured API snapshot.,au_pbs,au_pbs_archive_1973_12_01_bce2b6915670,planned
https://www.pbs.gov.au/info/publication/schedule/2012,2012-03-01,download_for_local_review,pdf,2012-03-01-efficient-funding-of-chemotherapy.pdf,https://www.pbs.gov.au/publication/schedule/2012/03/2012-03-01-efficient-funding-of-chemotherapy.pdf?variant=3,au_pbs_archive_bce582eb64ab965c,public_reuse_review,Official PBS Schedule publication PDF. Suitable for checksum-bound historical citation; not equivalent to a structured API snapshot.,au_pbs,au_pbs_archive_2012_03_01_bce582eb64ab,planned
https://www.pbs.gov.au/info/publication/schedule/2026,2026-07-01,download_for_local_review,pdf,2026-07-01-general-schedule-r1-Volume-1.pdf,https://www.pbs.gov.au/publication/schedule/2026/07/2026-07-01-general-schedule-r1-Volume-1.pdf?variant=3,au_pbs_archive_bced51df62074c70,public_reuse_review,Official PBS Schedule publication PDF. Suitable for checksum-bound historical citation; not equivalent to a structured API snapshot.,au_pbs,au_pbs_archive_2026_07_01_bced51df6207,planned
https://www.pbs.gov.au/info/publication/schedule/2022,2022-09-01,download_for_local_review,pdf,2022-09-01-general-schedule-volume-1.pdf,https://www.pbs.gov.au/publication/schedule/2022/09/2022-09-01-general-schedule-volume-1.pdf?variant=3,au_pbs_archive_bd19bf69c8df137b,public_reuse_review,Official PBS Schedule publication PDF. Suitable for checksum-bound historical citation; not equivalent to a structured API snapshot.,au_pbs,au_pbs_archive_2022_09_01_bd19bf69c8df,planned
https://www.pbs.gov.au/info/publication/schedule/2013,2013-10-01,download_for_local_review,pdf,2013-10-01-general-schedule.pdf,https://www.pbs.gov.au/publication/schedule/2013/10/2013-10-01-general-schedule.pdf?variant=3,au_pbs_archive_bd737ca002fb5a9a,public_reuse_review,Official PBS Schedule publication PDF. Suitable for checksum-bound historical citation; not equivalent to a structured API snapshot.,au_pbs,au_pbs_archive_2013_10_01_bd737ca002fb,planned
https://www.pbs.gov.au/info/publication/schedule/2009,2009-08-01,download_for_local_review,pdf,2009-08-01-general-schedule.pdf,https://www.pbs.gov.au/publication/schedule/2009/2009-08-01-general-schedule.pdf?variant=3,au_pbs_archive_bd9cdb42ab233563,public_reuse_review,Official PBS Schedule publication PDF. Suitable for checksum-bound historical citation; not equivalent to a structured API snapshot.,au_pbs,au_pbs_archive_2009_08_01_bd9cdb42ab23,planned
https://www.pbs.gov.au/info/publication/schedule/2010,2010-01-01,download_for_local_review,pdf,2010-01-01-dental-book-soc.pdf,https://www.pbs.gov.au/publication/schedule/2010/2010-01-01-dental-book-soc.pdf?variant=3,au_pbs_archive_beb626e2c46ac031,public_reuse_review,Official PBS Schedule publication PDF. Suitable for checksum-bound historical citation; not equivalent to a structured API snapshot.,au_pbs,au_pbs_archive_2010_01_01_beb626e2c46a,planned
https://www.pbs.gov.au/info/publication/schedule/2014,2014-02-01,download_for_local_review,pdf,2014-02-01-general-schedule-soc.pdf,https://www.pbs.gov.au/publication/schedule/2014/02/2014-02-01-general-schedule-soc.pdf?variant=3,au_pbs_archive_beddfeafe32bbcfd,public_reuse_review,Official PBS Schedule publication PDF. Suitable for checksum-bound historical citation; not equivalent to a structured API snapshot.,au_pbs,au_pbs_archive_2014_02_01_beddfeafe32b,planned
https://www.pbs.gov.au/info/publication/schedule/2004,2004-12-01,download_for_local_review,pdf,2004-12-01-general-schedule.pdf,https://www.pbs.gov.au/publication/schedule/2004/2004-12-01-general-schedule.pdf?variant=3,au_pbs_archive_beeae929627c0bc5,public_reuse_review,Official PBS Schedule publication PDF. Suitable for checksum-bound historical citation; not equivalent to a structured API snapshot.,au_pbs,au_pbs_archive_2004_12_01_beeae929627c,planned
https://www.pbs.gov.au/info/publication/schedule/2024,2024-12-01,download_for_local_review,pdf,2024-12-01-efc-schedule.pdf,https://www.pbs.gov.au/publication/schedule/2024/12/2024-12-01-efc-schedule.pdf?variant=3,au_pbs_archive_bf29944f8111714b,public_reuse_review,Official PBS Schedule publication PDF. Suitable for checksum-bound historical citation; not equivalent to a structured API snapshot.,au_pbs,au_pbs_archive_2024_12_01_bf29944f8111,planned
https://www.pbs.gov.au/info/publication/schedule/2010,2010-06-01,download_for_local_review,pdf,2010-06-01-dental-book-SOC.pdf,https://www.pbs.gov.au/publication/schedule/2010/2010-06-01-dental-book-SOC.pdf?variant=3,au_pbs_archive_bf795143db30cc3a,public_reuse_review,Official PBS Schedule publication PDF. Suitable for checksum-bound historical citation; not equivalent to a structured API snapshot.,au_pbs,au_pbs_archive_2010_06_01_bf795143db30,planned
https://www.pbs.gov.au/info/publication/schedule/2022,2022-07-08,download_for_local_review,pdf,2022-07-08-addendum.pdf,https://www.pbs.gov.au/publication/schedule/2022/07/2022-07-08-addendum.pdf?variant=3,au_pbs_archive_bf7b5048fc1cc7b8,public_reuse_review,Official PBS Schedule publication PDF. Suitable for checksum-bound historical citation; not equivalent to a structured API snapshot.,au_pbs,au_pbs_archive_2022_07_08_bf7b5048fc1c,planned
https://www.pbs.gov.au/info/publication/schedule/2011,2011-12-01,download_for_local_review,pdf,2011-12-01-general-schedule.pdf,https://www.pbs.gov.au/publication/schedule/2011/12/2011-12-01-general-schedule.pdf?variant=3,au_pbs_archive_bf85529530be3103,public_reuse_review,Official PBS Schedule publication PDF. Suitable for checksum-bound historical citation; not equivalent to a structured API snapshot.,au_pbs,au_pbs_archive_2011_12_01_bf85529530be,planned
https://www.pbs.gov.au/info/publication/schedule/2010,2010-09-01,download_for_local_review,pdf,2010-09-01-chemotherapy-booklet.pdf,https://www.pbs.gov.au/publication/schedule/2010/2010-09-01-chemotherapy-booklet.pdf?variant=3,au_pbs_archive_bf85c7de180a9699,public_reuse_review,Official PBS Schedule publication PDF. Suitable for checksum-bound historical citation; not equivalent to a structured API snapshot.,au_pbs,au_pbs_archive_2010_09_01_bf85c7de180a,planned
https://www.pbs.gov.au/info/publication/schedule/2015,2015-04-01,download_for_local_review,pdf,2015-04-01-efc-schedule.pdf,https://www.pbs.gov.au/publication/schedule/2015/04/2015-04-01-efc-schedule.pdf?variant=3,au_pbs_archive_c087688104b13599,public_reuse_review,Official PBS Schedule publication PDF. Suitable for checksum-bound historical citation; not equivalent to a structured API snapshot.,au_pbs,au_pbs_archive_2015_04_01_c087688104b1,planned
https://www.pbs.gov.au/info/publication/schedule/2010,2010-04-01,download_for_local_review,pdf,2010-04-01-chemotherapy-booklet.pdf,https://www.pbs.gov.au/publication/schedule/2010/2010-04-01-chemotherapy-booklet.pdf?variant=3,au_pbs_archive_c0f5a406180c1f8c,public_reuse_review,Official PBS Schedule publication PDF. Suitable for checksum-bound historical citation; not equivalent to a structured API snapshot.,au_pbs,au_pbs_archive_2010_04_01_c0f5a406180c,planned
https://www.pbs.gov.au/info/publication/schedule/2026,2026-02-01,download_for_local_review,pdf,2026-02-01-efc-schedule.pdf,https://www.pbs.gov.au/publication/schedule/2026/02/2026-02-01-efc-schedule.pdf?variant=3,au_pbs_archive_c0fd828bdce7ae7a,public_reuse_review,Official PBS Schedule publication PDF. Suitable for checksum-bound historical citation; not equivalent to a structured API snapshot.,au_pbs,au_pbs_archive_2026_02_01_c0fd828bdce7,planned
https://www.pbs.gov.au/info/publication/schedule/2023,2023-03-01,download_for_local_review,pdf,2023-03-01-efc-schedule.pdf,https://www.pbs.gov.au/publication/schedule/2023/03/2023-03-01-efc-schedule.pdf?variant=3,au_pbs_archive_c1156c4ad6b98a6b,public_reuse_review,Official PBS Schedule publication PDF. Suitable for checksum-bound historical citation; not equivalent to a structured API snapshot.,au_pbs,au_pbs_archive_2023_03_01_c1156c4ad6b9,planned
https://www.pbs.gov.au/info/publication/schedule/2012,2012-04-01,download_for_local_review,pdf,2012-04-01-general-schedule-SOC.pdf,https://www.pbs.gov.au/publication/schedule/2012/04/2012-04-01-general-schedule-SOC.pdf?variant=3,au_pbs_archive_c1555f400c00d08d,public_reuse_review,Official PBS Schedule publication PDF. Suitable for checksum-bound historical citation; not equivalent to a structured API snapshot.,au_pbs,au_pbs_archive_2012_04_01_c1555f400c00,planned
https://www.pbs.gov.au/info/publication/schedule/2007,2007-03-01,download_for_local_review,pdf,2007-03-01-general-schedule.pdf,https://www.pbs.gov.au/publication/schedule/2007/2007-03-01-general-schedule.pdf?variant=3,au_pbs_archive_c1773f80c4e001c9,public_reuse_review,Official PBS Schedule publication PDF. Suitable for checksum-bound historical citation; not equivalent to a structured API snapshot.,au_pbs,au_pbs_archive_2007_03_01_c1773f80c4e0,planned
https://www.pbs.gov.au/info/publication/schedule/2024,2024-11-01,download_for_local_review,pdf,2024-11-01-efc-schedule.pdf,https://www.pbs.gov.au/publication/schedule/2024/11/2024-11-01-efc-schedule.pdf?variant=3,au_pbs_archive_c25cd5d641e544d6,public_reuse_review,Official PBS Schedule publication PDF. Suitable for checksum-bound historical citation; not equivalent to a structured API snapshot.,au_pbs,au_pbs_archive_2024_11_01_c25cd5d641e5,planned
https://www.pbs.gov.au/info/publication/schedule/2023,2023-12-01,download_for_local_review,pdf,2023-12-01-general-schedule-volume-2.pdf,https://www.pbs.gov.au/publication/schedule/2023/12/2023-12-01-general-schedule-volume-2.pdf?variant=3,au_pbs_archive_c3dabc548614979d,public_reuse_review,Official PBS Schedule publication PDF. Suitable for checksum-bound historical citation; not equivalent to a structured API snapshot.,au_pbs,au_pbs_archive_2023_12_01_c3dabc548614,planned
https://www.pbs.gov.au/info/publication/schedule/2007,2007-08-01,download_for_local_review,pdf,2007-08-01-general-schedule.pdf,https://www.pbs.gov.au/publication/schedule/2007/2007-08-01-general-schedule.pdf?variant=3,au_pbs_archive_c4228fcaf2cdaa52,public_reuse_review,Official PBS Schedule publication PDF. Suitable for checksum-bound historical citation; not equivalent to a structured API snapshot.,au_pbs,au_pbs_archive_2007_08_01_c4228fcaf2cd,planned
https://www.pbs.gov.au/info/publication/schedule/2026,2026-05-01,download_for_local_review,pdf,2026-05-01-general-soc.pdf,https://www.pbs.gov.au/publication/schedule/2026/05/2026-05-01-general-soc.pdf?variant=3,au_pbs_archive_c43ee18b9324553f,public_reuse_review,Official PBS Schedule publication PDF. Suitable for checksum-bound historical citation; not equivalent to a structured API snapshot.,au_pbs,au_pbs_archive_2026_05_01_c43ee18b9324,planned
https://www.pbs.gov.au/info/publication/schedule/2021,2021-03-01,download_for_local_review,pdf,2021-03-01-general-soc.pdf,https://www.pbs.gov.au/publication/schedule/2021/03/2021-03-01-general-soc.pdf?variant=3,au_pbs_archive_c471385f0c559b79,public_reuse_review,Official PBS Schedule publication PDF. Suitable for checksum-bound historical citation; not equivalent to a structured API snapshot.,au_pbs,au_pbs_archive_2021_03_01_c471385f0c55,planned
https://www.pbs.gov.au/info/publication/schedule/2025,2025-02-01,download_for_local_review,pdf,2025-02-01-general-soc.pdf,https://www.pbs.gov.au/publication/schedule/2025/02/2025-02-01-general-soc.pdf?variant=3,au_pbs_archive_c47c93752c41fab5,public_reuse_review,Official PBS Schedule publication PDF. Suitable for checksum-bound historical citation; not equivalent to a structured API snapshot.,au_pbs,au_pbs_archive_2025_02_01_c47c93752c41,planned
https://www.pbs.gov.au/info/publication/schedule/2009,2009-11-01,download_for_local_review,pdf,2009-11-01-chemotherapy-book.pdf,https://www.pbs.gov.au/publication/schedule/2009/2009-11-01-chemotherapy-book.pdf?variant=3,au_pbs_archive_c4d6dd9d3354c658,public_reuse_review,Official PBS Schedule publication PDF. Suitable for checksum-bound historical citation; not equivalent to a structured API snapshot.,au_pbs,au_pbs_archive_2009_11_01_c4d6dd9d3354,planned
https://www.pbs.gov.au/info/publication/schedule/2007,2007-01-01,download_for_local_review,pdf,2007-01-01-general-schedule-soc.pdf,https://www.pbs.gov.au/publication/schedule/2007/2007-01-01-general-schedule-soc.pdf?variant=3,au_pbs_archive_c560927b245eb8d2,public_reuse_review,Official PBS Schedule publication PDF. Suitable for checksum-bound historical citation; not equivalent to a structured API snapshot.,au_pbs,au_pbs_archive_2007_01_01_c560927b245e,planned
https://www.pbs.gov.au/info/publication/schedule/2016,2016-06-01,download_for_local_review,pdf,2016-06-01-efc-schedule.pdf,https://www.pbs.gov.au/publication/schedule/2016/06/2016-06-01-efc-schedule.pdf?variant=3,au_pbs_archive_c5afaca0912e9d5e,public_reuse_review,Official PBS Schedule publication PDF. Suitable for checksum-bound historical citation; not equivalent to a structured API snapshot.,au_pbs,au_pbs_archive_2016_06_01_c5afaca0912e,planned
https://www.pbs.gov.au/info/publication/schedule/historical-archive,1980-12-01,download_for_local_review,pdf,1980-12-01-consolidated-schedules.pdf,https://www.pbs.gov.au/publication/schedule/1951-2002/1980-12-01-consolidated-schedules.pdf?variant=3,au_pbs_archive_c5b0b95d82bb0e76,public_reuse_review,Official PBS Schedule publication PDF. Suitable for checksum-bound historical citation; not equivalent to a structured API snapshot.,au_pbs,au_pbs_archive_1980_12_01_c5b0b95d82bb,planned
https://www.pbs.gov.au/info/publication/schedule/2011,2011-10-01,download_for_local_review,pdf,2011-10-01-general-schedule-SOC.pdf,https://www.pbs.gov.au/publication/schedule/2011/10/2011-10-01-general-schedule-SOC.pdf?variant=3,au_pbs_archive_c5c2969e6deebca5,public_reuse_review,Official PBS Schedule publication PDF. Suitable for checksum-bound historical citation; not equivalent to a structured API snapshot.,au_pbs,au_pbs_archive_2011_10_01_c5c2969e6dee,planned
https://www.pbs.gov.au/info/publication/schedule/2015,2015-11-01,download_for_local_review,pdf,2015-11-01-efc-schedule.pdf,https://www.pbs.gov.au/publication/schedule/2015/11/2015-11-01-efc-schedule.pdf?variant=3,au_pbs_archive_c612fe52ee2a5bf9,public_reuse_review,Official PBS Schedule publication PDF. Suitable for checksum-bound historical citation; not equivalent to a structured API snapshot.,au_pbs,au_pbs_archive_2015_11_01_c612fe52ee2a,planned
https://www.pbs.gov.au/info/publication/schedule/2014,2014-08-01,download_for_local_review,pdf,2014-08-01-general-schedule.pdf,https://www.pbs.gov.au/publication/schedule/2014/08/2014-08-01-general-schedule.pdf?variant=3,au_pbs_archive_c640c34fa4f9d368,public_reuse_review,Official PBS Schedule publication PDF. Suitable for checksum-bound historical citation; not equivalent to a structured API snapshot.,au_pbs,au_pbs_archive_2014_08_01_c640c34fa4f9,planned
https://www.pbs.gov.au/info/publication/schedule/2005,2005-08-01,download_for_local_review,pdf,2005-08-01-general-schedule.pdf,https://www.pbs.gov.au/publication/schedule/2005/2005-08-01-general-schedule.pdf?variant=3,au_pbs_archive_c6a8c327874d2686,public_reuse_review,Official PBS Schedule publication PDF. Suitable for checksum-bound historical citation; not equivalent to a structured API snapshot.,au_pbs,au_pbs_archive_2005_08_01_c6a8c327874d,planned
https://www.pbs.gov.au/info/publication/schedule/2011,2011-12-01,download_for_local_review,pdf,2011-12-01-dental-book-SOC.pdf,https://www.pbs.gov.au/publication/schedule/2011/12/2011-12-01-dental-book-SOC.pdf?variant=3,au_pbs_archive_c6e95e599aa0b222,public_reuse_review,Official PBS Schedule publication PDF. Suitable for checksum-bound historical citation; not equivalent to a structured API snapshot.,au_pbs,au_pbs_archive_2011_12_01_c6e95e599aa0,planned
https://www.pbs.gov.au/info/publication/schedule/2022,2022-10-01,download_for_local_review,pdf,2022-10-01-general-schedule-volume-1.pdf,https://www.pbs.gov.au/publication/schedule/2022/10/2022-10-01-general-schedule-volume-1.pdf?variant=3,au_pbs_archive_c7284dfecaf8c48d,public_reuse_review,Official PBS Schedule publication PDF. Suitable for checksum-bound historical citation; not equivalent to a structured API snapshot.,au_pbs,au_pbs_archive_2022_10_01_c7284dfecaf8,planned
https://www.pbs.gov.au/info/publication/schedule/2008,2008-11-01,download_for_local_review,pdf,2008-11-01-general-schedule.pdf,https://www.pbs.gov.au/publication/schedule/2008/2008-11-01-general-schedule.pdf?variant=3,au_pbs_archive_c788085e1a814b47,public_reuse_review,Official PBS Schedule publication PDF. Suitable for checksum-bound historical citation; not equivalent to a structured API snapshot.,au_pbs,au_pbs_archive_2008_11_01_c788085e1a81,planned
https://www.pbs.gov.au/info/publication/schedule/2019,2019-08-01,download_for_local_review,pdf,2019-08-01-general-soc.pdf,https://www.pbs.gov.au/publication/schedule/2019/08/2019-08-01-general-soc.pdf?variant=3,au_pbs_archive_c877ddd458cc48a0,public_reuse_review,Official PBS Schedule publication PDF. Suitable for checksum-bound historical citation; not equivalent to a structured API snapshot.,au_pbs,au_pbs_archive_2019_08_01_c877ddd458cc,planned
https://www.pbs.gov.au/info/publication/schedule/2019,2019-02-01,download_for_local_review,pdf,2019-02-01-efc-schedule.pdf,https://www.pbs.gov.au/publication/schedule/2019/02/2019-02-01-efc-schedule.pdf?variant=3,au_pbs_archive_c8a2a47202cb2552,public_reuse_review,Official PBS Schedule publication PDF. Suitable for checksum-bound historical citation; not equivalent to a structured API snapshot.,au_pbs,au_pbs_archive_2019_02_01_c8a2a47202cb,planned
https://www.pbs.gov.au/info/publication/schedule/2026,2026-02-01,download_for_local_review,pdf,2026-02-01-general-soc.pdf,https://www.pbs.gov.au/publication/schedule/2026/02/2026-02-01-general-soc.pdf?variant=3,au_pbs_archive_c8e251def5ffa887,public_reuse_review,Official PBS Schedule publication PDF. Suitable for checksum-bound historical citation; not equivalent to a structured API snapshot.,au_pbs,au_pbs_archive_2026_02_01_c8e251def5ff,planned
https://www.pbs.gov.au/info/publication/schedule/2026,2026-06-01,download_for_local_review,pdf,2026-06-01-erratum-blinatumomab-restriction.pdf,https://www.pbs.gov.au/publication/schedule/2026/06/2026-06-01-erratum-blinatumomab-restriction.pdf?variant=3,au_pbs_archive_c8fad00547723beb,public_reuse_review,Official PBS Schedule publication PDF. Suitable for checksum-bound historical citation; not equivalent to a structured API snapshot.,au_pbs,au_pbs_archive_2026_06_01_c8fad0054772,planned
https://www.pbs.gov.au/info/publication/schedule/historical-archive,1969-08-01,download_for_local_review,pdf,1969-08-01-consolidated-schedules.pdf,https://www.pbs.gov.au/publication/schedule/1951-2002/1969-08-01-consolidated-schedules.pdf?variant=3,au_pbs_archive_c93e238785de9be9,public_reuse_review,Official PBS Schedule publication PDF. Suitable for checksum-bound historical citation; not equivalent to a structured API snapshot.,au_pbs,au_pbs_archive_1969_08_01_c93e238785de,planned
https://www.pbs.gov.au/info/publication/schedule/historical-archive,1991-12-01,download_for_local_review,pdf,1991-12-01-consolidated-schedules.pdf,https://www.pbs.gov.au/publication/schedule/1951-2002/1991-12-01-consolidated-schedules.pdf?variant=3,au_pbs_archive_c940379a132313dd,public_reuse_review,Official PBS Schedule publication PDF. Suitable for checksum-bound historical citation; not equivalent to a structured API snapshot.,au_pbs,au_pbs_archive_1991_12_01_c940379a1323,planned
https://www.pbs.gov.au/info/publication/schedule/2016,2016-05-01,download_for_local_review,pdf,2016-05-01-erratum.pdf,https://www.pbs.gov.au/publication/schedule/2016/05/2016-05-01-erratum.pdf?variant=3,au_pbs_archive_c96c73eb1aa173d5,public_reuse_review,Official PBS Schedule publication PDF. Suitable for checksum-bound historical citation; not equivalent to a structured API snapshot.,au_pbs,au_pbs_archive_2016_05_01_c96c73eb1aa1,planned
https://www.pbs.gov.au/info/publication/schedule/2008,2008-04-01,download_for_local_review,pdf,2008-04-01-general-schedule.pdf,https://www.pbs.gov.au/publication/schedule/2008/2008-04-01-general-schedule.pdf?variant=3,au_pbs_archive_c99b3859343338e6,public_reuse_review,Official PBS Schedule publication PDF. Suitable for checksum-bound historical citation; not equivalent to a structured API snapshot.,au_pbs,au_pbs_archive_2008_04_01_c99b38593433,planned
https://www.pbs.gov.au/info/publication/schedule/2017,2017-05-01,download_for_local_review,pdf,2017-05-01-general-schedule.pdf,https://www.pbs.gov.au/publication/schedule/2017/05/2017-05-01-general-schedule.pdf?variant=3,au_pbs_archive_c9cd12059f9833be,public_reuse_review,Official PBS Schedule publication PDF. Suitable for checksum-bound historical citation; not equivalent to a structured API snapshot.,au_pbs,au_pbs_archive_2017_05_01_c9cd12059f98,planned
https://www.pbs.gov.au/info/publication/schedule/2010,2010-04-01,download_for_local_review,pdf,2010-04-01-general-schedule-erratum.pdf,https://www.pbs.gov.au/publication/schedule/2010/2010-04-01-general-schedule-erratum.pdf?variant=3,au_pbs_archive_ca0082bbfb98fb96,public_reuse_review,Official PBS Schedule publication PDF. Suitable for checksum-bound historical citation; not equivalent to a structured API snapshot.,au_pbs,au_pbs_archive_2010_04_01_ca0082bbfb98,planned
https://www.pbs.gov.au/info/publication/schedule/2015,2015-09-01,download_for_local_review,pdf,2015-09-01-errata.pdf,https://www.pbs.gov.au/publication/schedule/2015/09/2015-09-01-errata.pdf?variant=3,au_pbs_archive_ca1b49bf9cc1f7c9,public_reuse_review,Official PBS Schedule publication PDF. Suitable for checksum-bound historical citation; not equivalent to a structured API snapshot.,au_pbs,au_pbs_archive_2015_09_01_ca1b49bf9cc1,planned
https://www.pbs.gov.au/info/publication/schedule/2026,2026-06-01,download_for_local_review,pdf,2026-06-01-general-soc.pdf,https://www.pbs.gov.au/publication/schedule/2026/06/2026-06-01-general-soc.pdf?variant=3,au_pbs_archive_ca369273b52abd23,public_reuse_review,Official PBS Schedule publication PDF. Suitable for checksum-bound historical citation; not equivalent to a structured API snapshot.,au_pbs,au_pbs_archive_2026_06_01_ca369273b52a,planned
https://www.pbs.gov.au/info/publication/schedule/2021,2021-12-01,download_for_local_review,pdf,2021-12-01-general-soc.pdf,https://www.pbs.gov.au/publication/schedule/2021/12/2021-12-01-general-soc.pdf?variant=3,au_pbs_archive_ca4f6c24a4b617ed,public_reuse_review,Official PBS Schedule publication PDF. Suitable for checksum-bound historical citation; not equivalent to a structured API snapshot.,au_pbs,au_pbs_archive_2021_12_01_ca4f6c24a4b6,planned
https://www.pbs.gov.au/info/publication/schedule/2024,2024-01-01,download_for_local_review,pdf,2024-01-01-general-volume-2.pdf,https://www.pbs.gov.au/publication/schedule/2024/01/2024-01-01-general-volume-2.pdf?variant=3,au_pbs_archive_ca7bba174a0aa116,public_reuse_review,Official PBS Schedule publication PDF. Suitable for checksum-bound historical citation; not equivalent to a structured API snapshot.,au_pbs,au_pbs_archive_2024_01_01_ca7bba174a0a,planned
https://www.pbs.gov.au/info/publication/schedule/2021,2021-01-01,download_for_local_review,pdf,2021-01-01-efc-schedule.pdf,https://www.pbs.gov.au/publication/schedule/2021/01/2021-01-01-efc-schedule.pdf?variant=3,au_pbs_archive_caa87a83077df2f1,public_reuse_review,Official PBS Schedule publication PDF. Suitable for checksum-bound historical citation; not equivalent to a structured API snapshot.,au_pbs,au_pbs_archive_2021_01_01_caa87a83077d,planned
https://www.pbs.gov.au/info/publication/schedule/2019,2019-11-01,download_for_local_review,pdf,2019-11-01-general-schedule-volume-1.pdf,https://www.pbs.gov.au/publication/schedule/2019/11/2019-11-01-general-schedule-volume-1.pdf?variant=3,au_pbs_archive_cb19ff5af842a3c2,public_reuse_review,Official PBS Schedule publication PDF. Suitable for checksum-bound historical citation; not equivalent to a structured API snapshot.,au_pbs,au_pbs_archive_2019_11_01_cb19ff5af842,planned
https://www.pbs.gov.au/info/publication/schedule/2007,2007-10-01,download_for_local_review,pdf,2007-10-01-dental-book.pdf,https://www.pbs.gov.au/publication/schedule/2007/2007-10-01-dental-book.pdf?variant=3,au_pbs_archive_cb2baba1f755b23d,public_reuse_review,Official PBS Schedule publication PDF. Suitable for checksum-bound historical citation; not equivalent to a structured API snapshot.,au_pbs,au_pbs_archive_2007_10_01_cb2baba1f755,planned
https://www.pbs.gov.au/info/publication/schedule/2020,2020-01-01,download_for_local_review,pdf,2020-01-01-general-schedule-volume-2.pdf,https://www.pbs.gov.au/publication/schedule/2020/01/2020-01-01-general-schedule-volume-2.pdf?variant=3,au_pbs_archive_cbc69ff32e30de50,public_reuse_review,Official PBS Schedule publication PDF. Suitable for checksum-bound historical citation; not equivalent to a structured API snapshot.,au_pbs,au_pbs_archive_2020_01_01_cbc69ff32e30,planned
https://www.pbs.gov.au/info/publication/schedule/2018,2018-11-01,download_for_local_review,pdf,2018-11-01-general-schedule.pdf,https://www.pbs.gov.au/publication/schedule/2018/11/2018-11-01-general-schedule.pdf?variant=3,au_pbs_archive_cbd2693cba4f2b00,public_reuse_review,Official PBS Schedule publication PDF. Suitable for checksum-bound historical citation; not equivalent to a structured API snapshot.,au_pbs,au_pbs_archive_2018_11_01_cbd2693cba4f,planned
https://www.pbs.gov.au/info/publication/schedule/2023,2023-03-01,download_for_local_review,pdf,2023-03-01-general-soc.pdf,https://www.pbs.gov.au/publication/schedule/2023/03/2023-03-01-general-soc.pdf?variant=3,au_pbs_archive_cc09c691792e6cdd,public_reuse_review,Official PBS Schedule publication PDF. Suitable for checksum-bound historical citation; not equivalent to a structured API snapshot.,au_pbs,au_pbs_archive_2023_03_01_cc09c691792e,planned
https://www.pbs.gov.au/info/publication/schedule/2009,2009-07-01,download_for_local_review,pdf,2009-07-01-dental-book.pdf,https://www.pbs.gov.au/publication/schedule/2009/2009-07-01-dental-book.pdf?variant=3,au_pbs_archive_cd749e8c6d358603,public_reuse_review,Official PBS Schedule publication PDF. Suitable for checksum-bound historical citation; not equivalent to a structured API snapshot.,au_pbs,au_pbs_archive_2009_07_01_cd749e8c6d35,planned
https://www.pbs.gov.au/info/publication/schedule/2025,2025-10-01,download_for_local_review,pdf,2025-10-01-general-soc.pdf,https://www.pbs.gov.au/publication/schedule/2025/10/2025-10-01-general-soc.pdf?variant=3,au_pbs_archive_cdc19ca83cb99e6d,public_reuse_review,Official PBS Schedule publication PDF. Suitable for checksum-bound historical citation; not equivalent to a structured API snapshot.,au_pbs,au_pbs_archive_2025_10_01_cdc19ca83cb9,planned
https://www.pbs.gov.au/info/publication/schedule/2022,2022-01-01,download_for_local_review,pdf,2022-01-01-efc-schedule.pdf,https://www.pbs.gov.au/publication/schedule/2022/01/2022-01-01-efc-schedule.pdf?variant=3,au_pbs_archive_ce4191cb641c8ed8,public_reuse_review,Official PBS Schedule publication PDF. Suitable for checksum-bound historical citation; not equivalent to a structured API snapshot.,au_pbs,au_pbs_archive_2022_01_01_ce4191cb641c,planned
https://www.pbs.gov.au/info/publication/schedule/2015,2015-05-01,download_for_local_review,pdf,2015-05-01-general-schedule.pdf,https://www.pbs.gov.au/publication/schedule/2015/05/2015-05-01-general-schedule.pdf?variant=3,au_pbs_archive_ced267dd21c9d80e,public_reuse_review,Official PBS Schedule publication PDF. Suitable for checksum-bound historical citation; not equivalent to a structured API snapshot.,au_pbs,au_pbs_archive_2015_05_01_ced267dd21c9,planned
https://www.pbs.gov.au/info/publication/schedule/2024,2024-04-01,download_for_local_review,pdf,2024-04-01-general-soc.pdf,https://www.pbs.gov.au/publication/schedule/2024/04/2024-04-01-general-soc.pdf?variant=3,au_pbs_archive_ced94d4e30acecef,public_reuse_review,Official PBS Schedule publication PDF. Suitable for checksum-bound historical citation; not equivalent to a structured API snapshot.,au_pbs,au_pbs_archive_2024_04_01_ced94d4e30ac,planned
https://www.pbs.gov.au/info/publication/schedule/2010,2010-12-01,download_for_local_review,pdf,2010-12-01-chemotherapy-booklet.pdf,https://www.pbs.gov.au/publication/schedule/2010/2010-12-01-chemotherapy-booklet.pdf?variant=3,au_pbs_archive_cee93206098e9017,public_reuse_review,Official PBS Schedule publication PDF. Suitable for checksum-bound historical citation; not equivalent to a structured API snapshot.,au_pbs,au_pbs_archive_2010_12_01_cee93206098e,planned
https://www.pbs.gov.au/info/publication/schedule/2007,2007-01-01,download_for_local_review,pdf,2007-01-01-dental-book.pdf,https://www.pbs.gov.au/publication/schedule/2007/2007-01-01-dental-book.pdf?variant=3,au_pbs_archive_cf8651b4883b7e91,public_reuse_review,Official PBS Schedule publication PDF. Suitable for checksum-bound historical citation; not equivalent to a structured API snapshot.,au_pbs,au_pbs_archive_2007_01_01_cf8651b4883b,planned
https://www.pbs.gov.au/info/publication/schedule/historical-archive,1965-08-01,download_for_local_review,pdf,1965-08-01-PBS-Schedule-Medical-Practitioners.pdf,https://www.pbs.gov.au/publication/schedule/1951-2002/1965-08-01-PBS-Schedule-Medical-Practitioners.pdf?variant=3,au_pbs_archive_cf9885fcc72c328f,public_reuse_review,Official PBS Schedule publication PDF. Suitable for checksum-bound historical citation; not equivalent to a structured API snapshot.,au_pbs,au_pbs_archive_1965_08_01_cf9885fcc72c,planned
https://www.pbs.gov.au/info/publication/schedule/2011,2011-08-01,download_for_local_review,pdf,2011-08-01-general-schedule.pdf,https://www.pbs.gov.au/publication/schedule/2011/08/2011-08-01-general-schedule.pdf?variant=3,au_pbs_archive_cfb1657516d7e337,public_reuse_review,Official PBS Schedule publication PDF. Suitable for checksum-bound historical citation; not equivalent to a structured API snapshot.,au_pbs,au_pbs_archive_2011_08_01_cfb1657516d7,planned
https://www.pbs.gov.au/info/publication/schedule/2015,2015-07-01,download_for_local_review,pdf,2015-07-01-general-schedule-soc.pdf,https://www.pbs.gov.au/publication/schedule/2015/07/2015-07-01-general-schedule-soc.pdf?variant=3,au_pbs_archive_cfbac0280f0e7d01,public_reuse_review,Official PBS Schedule publication PDF. Suitable for checksum-bound historical citation; not equivalent to a structured API snapshot.,au_pbs,au_pbs_archive_2015_07_01_cfbac0280f0e,planned
https://www.pbs.gov.au/info/publication/schedule/historical-archive,2000-11-01,download_for_local_review,pdf,2000-11-01-PBS-Schedule.pdf,https://www.pbs.gov.au/publication/schedule/1951-2002/2000-11-01-PBS-Schedule.pdf?variant=3,au_pbs_archive_cff4babe95c87c18,public_reuse_review,Official PBS Schedule publication PDF. Suitable for checksum-bound historical citation; not equivalent to a structured API snapshot.,au_pbs,au_pbs_archive_2000_11_01_cff4babe95c8,planned
https://www.pbs.gov.au/info/publication/schedule/2021,2021-10-01,download_for_local_review,pdf,2021-10-01-general-schedule-volume-2.pdf,https://www.pbs.gov.au/publication/schedule/2021/10/2021-10-01-general-schedule-volume-2.pdf?variant=3,au_pbs_archive_d0102271a3bc7be3,public_reuse_review,Official PBS Schedule publication PDF. Suitable for checksum-bound historical citation; not equivalent to a structured API snapshot.,au_pbs,au_pbs_archive_2021_10_01_d0102271a3bc,planned
https://www.pbs.gov.au/info/publication/schedule/2019,2019-01-01,download_for_local_review,pdf,2019-01-01-efc-schedule.pdf,https://www.pbs.gov.au/publication/schedule/2019/01/2019-01-01-efc-schedule.pdf?variant=3,au_pbs_archive_d02d09adc683e2d8,public_reuse_review,Official PBS Schedule publication PDF. Suitable for checksum-bound historical citation; not equivalent to a structured API snapshot.,au_pbs,au_pbs_archive_2019_01_01_d02d09adc683,planned
https://www.pbs.gov.au/info/publication/schedule/2012,2012-05-01,download_for_local_review,pdf,2012-05-01-general-schedule.pdf,https://www.pbs.gov.au/publication/schedule/2012/05/2012-05-01-general-schedule.pdf?variant=3,au_pbs_archive_d0444b2758d1d27a,public_reuse_review,Official PBS Schedule publication PDF. Suitable for checksum-bound historical citation; not equivalent to a structured API snapshot.,au_pbs,au_pbs_archive_2012_05_01_d0444b2758d1,planned
https://www.pbs.gov.au/info/publication/schedule/2011,2011-07-01,download_for_local_review,pdf,2011-07-01-general-schedule.pdf,https://www.pbs.gov.au/publication/schedule/2011/07/2011-07-01-general-schedule.pdf?variant=3,au_pbs_archive_d0643fe3d1aba407,public_reuse_review,Official PBS Schedule publication PDF. Suitable for checksum-bound historical citation; not equivalent to a structured API snapshot.,au_pbs,au_pbs_archive_2011_07_01_d0643fe3d1ab,planned
https://www.pbs.gov.au/info/publication/schedule/2026,2026-01-01,download_for_local_review,pdf,2026-01-01-general-schedule-volume-2.pdf,https://www.pbs.gov.au/publication/schedule/2026/01/2026-01-01-general-schedule-volume-2.pdf?variant=3,au_pbs_archive_d0ba8155cc7a79f7,public_reuse_review,Official PBS Schedule publication PDF. Suitable for checksum-bound historical citation; not equivalent to a structured API snapshot.,au_pbs,au_pbs_archive_2026_01_01_d0ba8155cc7a,planned
https://www.pbs.gov.au/info/publication/schedule/2014,2014-09-01,download_for_local_review,pdf,2014-09-01-general-schedule.pdf,https://www.pbs.gov.au/publication/schedule/2014/09/2014-09-01-general-schedule.pdf?variant=3,au_pbs_archive_d0d59fd31ff5bae7,public_reuse_review,Official PBS Schedule publication PDF. Suitable for checksum-bound historical citation; not equivalent to a structured API snapshot.,au_pbs,au_pbs_archive_2014_09_01_d0d59fd31ff5,planned
https://www.pbs.gov.au/info/publication/schedule/2014,2014-02-01,download_for_local_review,pdf,2014-02-01-efc-schedule-soc.pdf,https://www.pbs.gov.au/publication/schedule/2014/02/2014-02-01-efc-schedule-soc.pdf?variant=3,au_pbs_archive_d12d113b0903b439,public_reuse_review,Official PBS Schedule publication PDF. Suitable for checksum-bound historical citation; not equivalent to a structured API snapshot.,au_pbs,au_pbs_archive_2014_02_01_d12d113b0903,planned
https://www.pbs.gov.au/info/publication/schedule/2012,2012-08-01,download_for_local_review,pdf,2012-08-01-dental-book-SOC.pdf,https://www.pbs.gov.au/publication/schedule/2012/08/2012-08-01-dental-book-SOC.pdf?variant=3,au_pbs_archive_d134489f0e05f144,public_reuse_review,Official PBS Schedule publication PDF. Suitable for checksum-bound historical citation; not equivalent to a structured API snapshot.,au_pbs,au_pbs_archive_2012_08_01_d134489f0e05,planned
https://www.pbs.gov.au/info/publication/schedule/2022,2022-12-01,download_for_local_review,pdf,2022-12-01-general-soc.pdf,https://www.pbs.gov.au/publication/schedule/2022/12/2022-12-01-general-soc.pdf?variant=3,au_pbs_archive_d1a84ba8f88499b9,public_reuse_review,Official PBS Schedule publication PDF. Suitable for checksum-bound historical citation; not equivalent to a structured API snapshot.,au_pbs,au_pbs_archive_2022_12_01_d1a84ba8f884,planned
https://www.pbs.gov.au/info/publication/schedule/2023,2023-06-01,download_for_local_review,pdf,2023-06-01-general-schedule-volume-1.pdf,https://www.pbs.gov.au/publication/schedule/2023/06/2023-06-01-general-schedule-volume-1.pdf?variant=3,au_pbs_archive_d1f4cc30128f1749,public_reuse_review,Official PBS Schedule publication PDF. Suitable for checksum-bound historical citation; not equivalent to a structured API snapshot.,au_pbs,au_pbs_archive_2023_06_01_d1f4cc30128f,planned
https://www.pbs.gov.au/info/publication/schedule/2010,2010-07-01,download_for_local_review,pdf,2010-07-01-dental-book.pdf,https://www.pbs.gov.au/publication/schedule/2010/2010-07-01-dental-book.pdf?variant=3,au_pbs_archive_d22d5cbda95c98bb,public_reuse_review,Official PBS Schedule publication PDF. Suitable for checksum-bound historical citation; not equivalent to a structured API snapshot.,au_pbs,au_pbs_archive_2010_07_01_d22d5cbda95c,planned
https://www.pbs.gov.au/info/publication/schedule/2019,2019-06-01,download_for_local_review,pdf,2019-06-01-general-soc.pdf,https://www.pbs.gov.au/publication/schedule/2019/06/2019-06-01-general-soc.pdf?variant=3,au_pbs_archive_d2ae57edab445f55,public_reuse_review,Official PBS Schedule publication PDF. Suitable for checksum-bound historical citation; not equivalent to a structured API snapshot.,au_pbs,au_pbs_archive_2019_06_01_d2ae57edab44,planned
https://www.pbs.gov.au/info/publication/schedule/2017,2017-12-01,download_for_local_review,pdf,2017-12-01-errata.pdf,https://www.pbs.gov.au/publication/schedule/2017/12/2017-12-01-errata.pdf?variant=3,au_pbs_archive_d2bda38de8574ca1,public_reuse_review,Official PBS Schedule publication PDF. Suitable for checksum-bound historical citation; not equivalent to a structured API snapshot.,au_pbs,au_pbs_archive_2017_12_01_d2bda38de857,planned
https://www.pbs.gov.au/info/publication/schedule/historical-archive,1979-12-01,download_for_local_review,pdf,1979-12-01-consolidated-schedules.pdf,https://www.pbs.gov.au/publication/schedule/1951-2002/1979-12-01-consolidated-schedules.pdf?variant=3,au_pbs_archive_d2cea428088d05cf,public_reuse_review,Official PBS Schedule publication PDF. Suitable for checksum-bound historical citation; not equivalent to a structured API snapshot.,au_pbs,au_pbs_archive_1979_12_01_d2cea428088d,planned
https://www.pbs.gov.au/info/publication/schedule/2023,2023-09-01,download_for_local_review,pdf,2023-09-01-general-schedule-volume-1.pdf,https://www.pbs.gov.au/publication/schedule/2023/09/2023-09-01-general-schedule-volume-1.pdf?variant=3,au_pbs_archive_d2ef690c2f1a66b7,public_reuse_review,Official PBS Schedule publication PDF. Suitable for checksum-bound historical citation; not equivalent to a structured API snapshot.,au_pbs,au_pbs_archive_2023_09_01_d2ef690c2f1a,planned
https://www.pbs.gov.au/info/publication/schedule/2007,2007-12-01,download_for_local_review,pdf,2007-12-01-general-schedule.pdf,https://www.pbs.gov.au/publication/schedule/2007/2007-12-01-general-schedule.pdf?variant=3,au_pbs_archive_d31ab1b6b90b754d,public_reuse_review,Official PBS Schedule publication PDF. Suitable for checksum-bound historical citation; not equivalent to a structured API snapshot.,au_pbs,au_pbs_archive_2007_12_01_d31ab1b6b90b,planned
https://www.pbs.gov.au/info/publication/schedule/2025,2025-03-01,download_for_local_review,pdf,2025-03-01-efc-schedule.pdf,https://www.pbs.gov.au/publication/schedule/2025/03/2025-03-01-efc-schedule.pdf?variant=3,au_pbs_archive_d3424181bb70197f,public_reuse_review,Official PBS Schedule publication PDF. Suitable for checksum-bound historical citation; not equivalent to a structured API snapshot.,au_pbs,au_pbs_archive_2025_03_01_d3424181bb70,planned
https://www.pbs.gov.au/info/publication/schedule/historical-archive,1989-12-01,download_for_local_review,pdf,1989-12-01-consolidated-schedules.pdf,https://www.pbs.gov.au/publication/schedule/1951-2002/1989-12-01-consolidated-schedules.pdf?variant=3,au_pbs_archive_d3961c1474b21ba4,public_reuse_review,Official PBS Schedule publication PDF. Suitable for checksum-bound historical citation; not equivalent to a structured API snapshot.,au_pbs,au_pbs_archive_1989_12_01_d3961c1474b2,planned
https://www.pbs.gov.au/info/publication/schedule/2024,2024-01-01,download_for_local_review,pdf,2024-01-01-efc-schedule.pdf,https://www.pbs.gov.au/publication/schedule/2024/01/2024-01-01-efc-schedule.pdf?variant=3,au_pbs_archive_d3a40e8f28a9c947,public_reuse_review,Official PBS Schedule publication PDF. Suitable for checksum-bound historical citation; not equivalent to a structured API snapshot.,au_pbs,au_pbs_archive_2024_01_01_d3a40e8f28a9,planned
https://www.pbs.gov.au/info/publication/schedule/2010,2010-02-01,download_for_local_review,pdf,2010-02-01-general-schedule-soc.pdf,https://www.pbs.gov.au/publication/schedule/2010/2010-02-01-general-schedule-soc.pdf?variant=3,au_pbs_archive_d3e11a9d076adc82,public_reuse_review,Official PBS Schedule publication PDF. Suitable for checksum-bound historical citation; not equivalent to a structured API snapshot.,au_pbs,au_pbs_archive_2010_02_01_d3e11a9d076a,planned
https://www.pbs.gov.au/info/publication/schedule/2011,2011-02-01,download_for_local_review,pdf,2011-02-01-addendum.pdf,https://www.pbs.gov.au/publication/schedule/2011/02/2011-02-01-addendum.pdf?variant=3,au_pbs_archive_d488f255256d3162,public_reuse_review,Official PBS Schedule publication PDF. Suitable for checksum-bound historical citation; not equivalent to a structured API snapshot.,au_pbs,au_pbs_archive_2011_02_01_d488f255256d,planned
https://www.pbs.gov.au/info/publication/schedule/2022,2022-10-01,download_for_local_review,pdf,2022-10-01-general-soc.pdf,https://www.pbs.gov.au/publication/schedule/2022/10/2022-10-01-general-soc.pdf?variant=3,au_pbs_archive_d48aa79e17a903fb,public_reuse_review,Official PBS Schedule publication PDF. Suitable for checksum-bound historical citation; not equivalent to a structured API snapshot.,au_pbs,au_pbs_archive_2022_10_01_d48aa79e17a9,planned
https://www.pbs.gov.au/info/publication/schedule/2022,2022-06-01,download_for_local_review,pdf,2022-06-01-general-soc.pdf,https://www.pbs.gov.au/publication/schedule/2022/06/2022-06-01-general-soc.pdf?variant=3,au_pbs_archive_d4bb054a7a0cc2d8,public_reuse_review,Official PBS Schedule publication PDF. Suitable for checksum-bound historical citation; not equivalent to a structured API snapshot.,au_pbs,au_pbs_archive_2022_06_01_d4bb054a7a0c,planned
https://www.pbs.gov.au/info/publication/schedule/2007,2007-08-01,download_for_local_review,pdf,2007-08-01-general-schedule-soc.pdf,https://www.pbs.gov.au/publication/schedule/2007/2007-08-01-general-schedule-soc.pdf?variant=3,au_pbs_archive_d4de6681c5d2e58e,public_reuse_review,Official PBS Schedule publication PDF. Suitable for checksum-bound historical citation; not equivalent to a structured API snapshot.,au_pbs,au_pbs_archive_2007_08_01_d4de6681c5d2,planned
https://www.pbs.gov.au/info/publication/schedule/2016,2016-05-01,download_for_local_review,pdf,2016-05-01-general-schedule-soc.pdf,https://www.pbs.gov.au/publication/schedule/2016/05/2016-05-01-general-schedule-soc.pdf?variant=3,au_pbs_archive_d52e805d91db5ec5,public_reuse_review,Official PBS Schedule publication PDF. Suitable for checksum-bound historical citation; not equivalent to a structured API snapshot.,au_pbs,au_pbs_archive_2016_05_01_d52e805d91db,planned
https://www.pbs.gov.au/info/publication/schedule/2011,2011-04-01,download_for_local_review,pdf,2011-04-01-erratum.pdf,https://www.pbs.gov.au/publication/schedule/2011/04/2011-04-01-erratum.pdf?variant=3,au_pbs_archive_d5a2746a0c7df491,public_reuse_review,Official PBS Schedule publication PDF. Suitable for checksum-bound historical citation; not equivalent to a structured API snapshot.,au_pbs,au_pbs_archive_2011_04_01_d5a2746a0c7d,planned
https://www.pbs.gov.au/info/publication/schedule/2022,2022-09-01,download_for_local_review,pdf,2022-09-01-general-soc.pdf,https://www.pbs.gov.au/publication/schedule/2022/09/2022-09-01-general-soc.pdf?variant=3,au_pbs_archive_d610a0fae9f95ec3,public_reuse_review,Official PBS Schedule publication PDF. Suitable for checksum-bound historical citation; not equivalent to a structured API snapshot.,au_pbs,au_pbs_archive_2022_09_01_d610a0fae9f9,planned
https://www.pbs.gov.au/info/publication/schedule/2011,2011-06-01,download_for_local_review,pdf,2011-06-01-dental-book.pdf,https://www.pbs.gov.au/publication/schedule/2011/06/2011-06-01-dental-book.pdf?variant=3,au_pbs_archive_d66d1552b2315cc6,public_reuse_review,Official PBS Schedule publication PDF. Suitable for checksum-bound historical citation; not equivalent to a structured API snapshot.,au_pbs,au_pbs_archive_2011_06_01_d66d1552b231,planned
https://www.pbs.gov.au/info/publication/schedule/2012,2012-04-01,download_for_local_review,pdf,2012-04-01-dental-book.pdf,https://www.pbs.gov.au/publication/schedule/2012/04/2012-04-01-dental-book.pdf?variant=3,au_pbs_archive_d6964c0d21332af6,public_reuse_review,Official PBS Schedule publication PDF. Suitable for checksum-bound historical citation; not equivalent to a structured API snapshot.,au_pbs,au_pbs_archive_2012_04_01_d6964c0d2133,planned
https://www.pbs.gov.au/info/publication/schedule/2018,2018-03-01,download_for_local_review,pdf,2018-03-01-efc-schedule.pdf,https://www.pbs.gov.au/publication/schedule/2018/03/2018-03-01-efc-schedule.pdf?variant=3,au_pbs_archive_d6986127fd6bf1df,public_reuse_review,Official PBS Schedule publication PDF. Suitable for checksum-bound historical citation; not equivalent to a structured API snapshot.,au_pbs,au_pbs_archive_2018_03_01_d6986127fd6b,planned
https://www.pbs.gov.au/info/publication/schedule/2013,2013-12-01,download_for_local_review,pdf,2013-12-01-general-schedule-soc.pdf,https://www.pbs.gov.au/publication/schedule/2013/12/2013-12-01-general-schedule-soc.pdf?variant=3,au_pbs_archive_d6b665f10ce6e5eb,public_reuse_review,Official PBS Schedule publication PDF. Suitable for checksum-bound historical citation; not equivalent to a structured API snapshot.,au_pbs,au_pbs_archive_2013_12_01_d6b665f10ce6,planned
https://www.pbs.gov.au/info/publication/schedule/2010,2010-05-01,download_for_local_review,pdf,2010-05-01-dental-book-SOC.pdf,https://www.pbs.gov.au/publication/schedule/2010/2010-05-01-dental-book-SOC.pdf?variant=3,au_pbs_archive_d6f0dca0c785d77a,public_reuse_review,Official PBS Schedule publication PDF. Suitable for checksum-bound historical citation; not equivalent to a structured API snapshot.,au_pbs,au_pbs_archive_2010_05_01_d6f0dca0c785,planned
https://www.pbs.gov.au/info/publication/schedule/2024,2024-07-01,download_for_local_review,pdf,2024-07-01-general-soc.pdf,https://www.pbs.gov.au/publication/schedule/2024/07/2024-07-01-general-soc.pdf?variant=3,au_pbs_archive_d788a9f8d6a134dc,public_reuse_review,Official PBS Schedule publication PDF. Suitable for checksum-bound historical citation; not equivalent to a structured API snapshot.,au_pbs,au_pbs_archive_2024_07_01_d788a9f8d6a1,planned
https://www.pbs.gov.au/info/publication/schedule/2017,2017-07-01,download_for_local_review,pdf,2017-07-01-general-soc.pdf,https://www.pbs.gov.au/publication/schedule/2017/07/2017-07-01-general-soc.pdf?variant=3,au_pbs_archive_d790b2fd3b744123,public_reuse_review,Official PBS Schedule publication PDF. Suitable for checksum-bound historical citation; not equivalent to a structured API snapshot.,au_pbs,au_pbs_archive_2017_07_01_d790b2fd3b74,planned
https://www.pbs.gov.au/info/publication/schedule/2018,2018-01-01,download_for_local_review,pdf,2018-01-01-general-schedule.pdf,https://www.pbs.gov.au/publication/schedule/2018/01/2018-01-01-general-schedule.pdf?variant=3,au_pbs_archive_d7de8e832d0faadd,public_reuse_review,Official PBS Schedule publication PDF. Suitable for checksum-bound historical citation; not equivalent to a structured API snapshot.,au_pbs,au_pbs_archive_2018_01_01_d7de8e832d0f,planned
https://www.pbs.gov.au/info/publication/schedule/2007,2007-07-01,download_for_local_review,pdf,2007-07-01-general-schedule-soc.pdf,https://www.pbs.gov.au/publication/schedule/2007/2007-07-01-general-schedule-soc.pdf?variant=3,au_pbs_archive_d8ac7c8eaf4d3308,public_reuse_review,Official PBS Schedule publication PDF. Suitable for checksum-bound historical citation; not equivalent to a structured API snapshot.,au_pbs,au_pbs_archive_2007_07_01_d8ac7c8eaf4d,planned
https://www.pbs.gov.au/info/publication/schedule/2014,2014-12-01,download_for_local_review,pdf,2014-12-01-errata.pdf,https://www.pbs.gov.au/publication/schedule/2014/12/2014-12-01-errata.pdf?variant=3,au_pbs_archive_d8d4eb3b5a9514a3,public_reuse_review,Official PBS Schedule publication PDF. Suitable for checksum-bound historical citation; not equivalent to a structured API snapshot.,au_pbs,au_pbs_archive_2014_12_01_d8d4eb3b5a95,planned
https://www.pbs.gov.au/info/publication/schedule/2020,2020-11-01,download_for_local_review,pdf,2020-11-01-general-schedule-volume-2.pdf,https://www.pbs.gov.au/publication/schedule/2020/11/2020-11-01-general-schedule-volume-2.pdf?variant=3,au_pbs_archive_d8e9b847b26b95ea,public_reuse_review,Official PBS Schedule publication PDF. Suitable for checksum-bound historical citation; not equivalent to a structured API snapshot.,au_pbs,au_pbs_archive_2020_11_01_d8e9b847b26b,planned
https://www.pbs.gov.au/info/publication/schedule/2008,2008-12-01,download_for_local_review,pdf,2008-12-01-dental-book.pdf,https://www.pbs.gov.au/publication/schedule/2008/2008-12-01-dental-book.pdf?variant=3,au_pbs_archive_d9152e3298a33d7b,public_reuse_review,Official PBS Schedule publication PDF. Suitable for checksum-bound historical citation; not equivalent to a structured API snapshot.,au_pbs,au_pbs_archive_2008_12_01_d9152e3298a3,planned
https://www.pbs.gov.au/info/publication/schedule/2021,2021-04-01,download_for_local_review,pdf,2021-04-01-general-soc.pdf,https://www.pbs.gov.au/publication/schedule/2021/04/2021-04-01-general-soc.pdf?variant=3,au_pbs_archive_d9b5f4f6f3966884,public_reuse_review,Official PBS Schedule publication PDF. Suitable for checksum-bound historical citation; not equivalent to a structured API snapshot.,au_pbs,au_pbs_archive_2021_04_01_d9b5f4f6f396,planned
https://www.pbs.gov.au/info/publication/schedule/2014,2014-05-01,download_for_local_review,pdf,2014-05-01-errata.pdf,https://www.pbs.gov.au/publication/schedule/2014/05/2014-05-01-errata.pdf?variant=3,au_pbs_archive_d9c707e3c7110289,public_reuse_review,Official PBS Schedule publication PDF. Suitable for checksum-bound historical citation; not equivalent to a structured API snapshot.,au_pbs,au_pbs_archive_2014_05_01_d9c707e3c711,planned
https://www.pbs.gov.au/info/publication/schedule/2011,2011-10-01,download_for_local_review,pdf,2011-10-01-chemotherapy-booklet.pdf,https://www.pbs.gov.au/publication/schedule/2011/10/2011-10-01-chemotherapy-booklet.pdf?variant=3,au_pbs_archive_da33099bfb183852,public_reuse_review,Official PBS Schedule publication PDF. Suitable for checksum-bound historical citation; not equivalent to a structured API snapshot.,au_pbs,au_pbs_archive_2011_10_01_da33099bfb18,planned
https://www.pbs.gov.au/info/publication/schedule/2013,2013-06-01,download_for_local_review,pdf,2013-06-01-efc-schedule-soc.pdf,https://www.pbs.gov.au/publication/schedule/2013/06/2013-06-01-efc-schedule-soc.pdf?variant=3,au_pbs_archive_da3ec30983067748,public_reuse_review,Official PBS Schedule publication PDF. Suitable for checksum-bound historical citation; not equivalent to a structured API snapshot.,au_pbs,au_pbs_archive_2013_06_01_da3ec3098306,planned
https://www.pbs.gov.au/info/publication/schedule/2012,2012-01-01,download_for_local_review,pdf,2012-01-01-general-schedule.pdf,https://www.pbs.gov.au/publication/schedule/2012/01/2012-01-01-general-schedule.pdf?variant=3,au_pbs_archive_da8c94df49600618,public_reuse_review,Official PBS Schedule publication PDF. Suitable for checksum-bound historical citation; not equivalent to a structured API snapshot.,au_pbs,au_pbs_archive_2012_01_01_da8c94df4960,planned
https://www.pbs.gov.au/info/publication/schedule/2007,2007-10-01,download_for_local_review,pdf,2007-10-01-general-schedule-soc.pdf,https://www.pbs.gov.au/publication/schedule/2007/2007-10-01-general-schedule-soc.pdf?variant=3,au_pbs_archive_dab14645f6582dd5,public_reuse_review,Official PBS Schedule publication PDF. Suitable for checksum-bound historical citation; not equivalent to a structured API snapshot.,au_pbs,au_pbs_archive_2007_10_01_dab14645f658,planned
https://www.pbs.gov.au/info/publication/schedule/2016,2016-11-01,download_for_local_review,pdf,2016-11-01-efc-schedule.pdf,https://www.pbs.gov.au/publication/schedule/2016/11/2016-11-01-efc-schedule.pdf?variant=3,au_pbs_archive_db588dfe6b7bae62,public_reuse_review,Official PBS Schedule publication PDF. Suitable for checksum-bound historical citation; not equivalent to a structured API snapshot.,au_pbs,au_pbs_archive_2016_11_01_db588dfe6b7b,planned
https://www.pbs.gov.au/info/publication/schedule/2018,2018-07-01,download_for_local_review,pdf,2018-07-01-efc-schedule.pdf,https://www.pbs.gov.au/publication/schedule/2018/07/2018-07-01-efc-schedule.pdf?variant=3,au_pbs_archive_db6290bea730859a,public_reuse_review,Official PBS Schedule publication PDF. Suitable for checksum-bound historical citation; not equivalent to a structured API snapshot.,au_pbs,au_pbs_archive_2018_07_01_db6290bea730,planned
https://www.pbs.gov.au/info/publication/schedule/2021,2021-10-01,download_for_local_review,pdf,2021-10-01-efc-schedule.pdf,https://www.pbs.gov.au/publication/schedule/2021/10/2021-10-01-efc-schedule.pdf?variant=3,au_pbs_archive_db67b544b0744cd5,public_reuse_review,Official PBS Schedule publication PDF. Suitable for checksum-bound historical citation; not equivalent to a structured API snapshot.,au_pbs,au_pbs_archive_2021_10_01_db67b544b074,planned
https://www.pbs.gov.au/info/publication/schedule/2019,2019-01-01,download_for_local_review,pdf,2019-01-01-errata.pdf,https://www.pbs.gov.au/publication/schedule/2019/01/2019-01-01-errata.pdf?variant=3,au_pbs_archive_dba511f18cd7cde4,public_reuse_review,Official PBS Schedule publication PDF. Suitable for checksum-bound historical citation; not equivalent to a structured API snapshot.,au_pbs,au_pbs_archive_2019_01_01_dba511f18cd7,planned
https://www.pbs.gov.au/info/publication/schedule/2012,2012-01-01,download_for_local_review,pdf,2012-01-01-general-schedule-erratum.pdf,https://www.pbs.gov.au/publication/schedule/2012/01/2012-01-01-general-schedule-erratum.pdf?variant=3,au_pbs_archive_dbe6e801d54e1464,public_reuse_review,Official PBS Schedule publication PDF. Suitable for checksum-bound historical citation; not equivalent to a structured API snapshot.,au_pbs,au_pbs_archive_2012_01_01_dbe6e801d54e,planned
https://www.pbs.gov.au/info/publication/schedule/2013,2013-12-01,download_for_local_review,pdf,2013-12-01-efc-schedule-soc.pdf,https://www.pbs.gov.au/publication/schedule/2013/12/2013-12-01-efc-schedule-soc.pdf?variant=3,au_pbs_archive_dc74d504d22e745c,public_reuse_review,Official PBS Schedule publication PDF. Suitable for checksum-bound historical citation; not equivalent to a structured API snapshot.,au_pbs,au_pbs_archive_2013_12_01_dc74d504d22e,planned
https://www.pbs.gov.au/info/publication/schedule/2013,2013-04-01,download_for_local_review,pdf,2013-04-01-general-schedule-soc.pdf,https://www.pbs.gov.au/publication/schedule/2013/04/2013-04-01-general-schedule-soc.pdf?variant=3,au_pbs_archive_dc89b088f0ca4b4e,public_reuse_review,Official PBS Schedule publication PDF. Suitable for checksum-bound historical citation; not equivalent to a structured API snapshot.,au_pbs,au_pbs_archive_2013_04_01_dc89b088f0ca,planned
https://www.pbs.gov.au/info/publication/schedule/2012,2012-05-01,download_for_local_review,pdf,2012-05-01-efc-schedule.pdf,https://www.pbs.gov.au/publication/schedule/2012/05/2012-05-01-efc-schedule.pdf?variant=3,au_pbs_archive_dcdab5a4012118c6,public_reuse_review,Official PBS Schedule publication PDF. Suitable for checksum-bound historical citation; not equivalent to a structured API snapshot.,au_pbs,au_pbs_archive_2012_05_01_dcdab5a40121,planned
https://www.pbs.gov.au/info/publication/schedule/2015,2015-09-01,download_for_local_review,pdf,2015-09-01-efc-errata.pdf,https://www.pbs.gov.au/publication/schedule/2015/09/2015-09-01-efc-errata.pdf?variant=3,au_pbs_archive_dcdbd3a26c5513c6,public_reuse_review,Official PBS Schedule publication PDF. Suitable for checksum-bound historical citation; not equivalent to a structured API snapshot.,au_pbs,au_pbs_archive_2015_09_01_dcdbd3a26c55,planned
https://www.pbs.gov.au/info/publication/schedule/2011,2011-07-01,download_for_local_review,pdf,2011-07-01-dental-book.pdf,https://www.pbs.gov.au/publication/schedule/2011/07/2011-07-01-dental-book.pdf?variant=3,au_pbs_archive_dd7e4f57237a1f7e,public_reuse_review,Official PBS Schedule publication PDF. Suitable for checksum-bound historical citation; not equivalent to a structured API snapshot.,au_pbs,au_pbs_archive_2011_07_01_dd7e4f57237a,planned
https://www.pbs.gov.au/info/publication/schedule/2009,2009-04-01,download_for_local_review,pdf,2009-04-01-general-schedule.pdf,https://www.pbs.gov.au/publication/schedule/2009/2009-04-01-general-schedule.pdf?variant=3,au_pbs_archive_dd9465f5c8161604,public_reuse_review,Official PBS Schedule publication PDF. Suitable for checksum-bound historical citation; not equivalent to a structured API snapshot.,au_pbs,au_pbs_archive_2009_04_01_dd9465f5c816,planned
https://www.pbs.gov.au/info/publication/schedule/historical-archive,1983-12-01,download_for_local_review,pdf,1983-12-01-consolidated-schedules.pdf,https://www.pbs.gov.au/publication/schedule/1951-2002/1983-12-01-consolidated-schedules.pdf?variant=3,au_pbs_archive_dda73c7aeeeec826,public_reuse_review,Official PBS Schedule publication PDF. Suitable for checksum-bound historical citation; not equivalent to a structured API snapshot.,au_pbs,au_pbs_archive_1983_12_01_dda73c7aeeee,planned
https://www.pbs.gov.au/info/publication/schedule/2023,2023-01-01,download_for_local_review,pdf,2023-01-01-general-schedule-volume-2.pdf,https://www.pbs.gov.au/publication/schedule/2023/01/2023-01-01-general-schedule-volume-2.pdf?variant=3,au_pbs_archive_ddc602e635244f70,public_reuse_review,Official PBS Schedule publication PDF. Suitable for checksum-bound historical citation; not equivalent to a structured API snapshot.,au_pbs,au_pbs_archive_2023_01_01_ddc602e63524,planned
https://www.pbs.gov.au/info/publication/schedule/2021,2021-09-01,download_for_local_review,pdf,2021-09-01-general-schedule-volume-2.pdf,https://www.pbs.gov.au/publication/schedule/2021/09/2021-09-01-general-schedule-volume-2.pdf?variant=3,au_pbs_archive_ddfea1a0d3035c65,public_reuse_review,Official PBS Schedule publication PDF. Suitable for checksum-bound historical citation; not equivalent to a structured API snapshot.,au_pbs,au_pbs_archive_2021_09_01_ddfea1a0d303,planned
https://www.pbs.gov.au/info/publication/schedule/2010,2010-08-01,download_for_local_review,pdf,2010-08-01-dental-book-SOC.pdf,https://www.pbs.gov.au/publication/schedule/2010/2010-08-01-dental-book-SOC.pdf?variant=3,au_pbs_archive_dea9fe30bf0cacd2,public_reuse_review,Official PBS Schedule publication PDF. Suitable for checksum-bound historical citation; not equivalent to a structured API snapshot.,au_pbs,au_pbs_archive_2010_08_01_dea9fe30bf0c,planned
https://www.pbs.gov.au/info/publication/schedule/2022,2022-06-01,download_for_local_review,pdf,2022-06-01-general-schedule-volume-1.pdf,https://www.pbs.gov.au/publication/schedule/2022/06/2022-06-01-general-schedule-volume-1.pdf?variant=3,au_pbs_archive_dedceef01a436894,public_reuse_review,Official PBS Schedule publication PDF. Suitable for checksum-bound historical citation; not equivalent to a structured API snapshot.,au_pbs,au_pbs_archive_2022_06_01_dedceef01a43,planned
https://www.pbs.gov.au/info/publication/schedule/historical-archive,1968-12-01,download_for_local_review,pdf,1968-12-01-consolidated-schedules.pdf,https://www.pbs.gov.au/publication/schedule/1951-2002/1968-12-01-consolidated-schedules.pdf?variant=3,au_pbs_archive_e003d5aa01eea340,public_reuse_review,Official PBS Schedule publication PDF. Suitable for checksum-bound historical citation; not equivalent to a structured API snapshot.,au_pbs,au_pbs_archive_1968_12_01_e003d5aa01ee,planned
https://www.pbs.gov.au/info/publication/schedule/2023,2023-09-01,download_for_local_review,pdf,2023-09-01-general-soc.pdf,https://www.pbs.gov.au/publication/schedule/2023/09/2023-09-01-general-soc.pdf?variant=3,au_pbs_archive_e08d498c746b364b,public_reuse_review,Official PBS Schedule publication PDF. Suitable for checksum-bound historical citation; not equivalent to a structured API snapshot.,au_pbs,au_pbs_archive_2023_09_01_e08d498c746b,planned
https://www.pbs.gov.au/info/publication/schedule/2022,2022-05-01,download_for_local_review,pdf,2022-05-01-general-schedule-volume-2.pdf,https://www.pbs.gov.au/publication/schedule/2022/05/2022-05-01-general-schedule-volume-2.pdf?variant=3,au_pbs_archive_e091d4688f167e53,public_reuse_review,Official PBS Schedule publication PDF. Suitable for checksum-bound historical citation; not equivalent to a structured API snapshot.,au_pbs,au_pbs_archive_2022_05_01_e091d4688f16,planned
https://www.pbs.gov.au/info/publication/schedule/2020,2020-11-01,download_for_local_review,pdf,2020-11-01-efc-schedule.pdf,https://www.pbs.gov.au/publication/schedule/2020/11/2020-11-01-efc-schedule.pdf?variant=3,au_pbs_archive_e0c849857e21afc0,public_reuse_review,Official PBS Schedule publication PDF. Suitable for checksum-bound historical citation; not equivalent to a structured API snapshot.,au_pbs,au_pbs_archive_2020_11_01_e0c849857e21,planned
https://www.pbs.gov.au/info/publication/schedule/2023,2023-12-01,download_for_local_review,pdf,2023-12-01-efc-schedule.pdf,https://www.pbs.gov.au/publication/schedule/2023/12/2023-12-01-efc-schedule.pdf?variant=3,au_pbs_archive_e0f791472eb18909,public_reuse_review,Official PBS Schedule publication PDF. Suitable for checksum-bound historical citation; not equivalent to a structured API snapshot.,au_pbs,au_pbs_archive_2023_12_01_e0f791472eb1,planned
https://www.pbs.gov.au/info/publication/schedule/2019,2019-02-01,download_for_local_review,pdf,2019-02-01-general-soc.pdf,https://www.pbs.gov.au/publication/schedule/2019/02/2019-02-01-general-soc.pdf?variant=3,au_pbs_archive_e130668f23ac29dc,public_reuse_review,Official PBS Schedule publication PDF. Suitable for checksum-bound historical citation; not equivalent to a structured API snapshot.,au_pbs,au_pbs_archive_2019_02_01_e130668f23ac,planned
https://www.pbs.gov.au/info/publication/schedule/2007,2007-04-01,download_for_local_review,pdf,2007-04-01-dental-book-soc.pdf,https://www.pbs.gov.au/publication/schedule/2007/2007-04-01-dental-book-soc.pdf?variant=3,au_pbs_archive_e1517f8dbb857d73,public_reuse_review,Official PBS Schedule publication PDF. Suitable for checksum-bound historical citation; not equivalent to a structured API snapshot.,au_pbs,au_pbs_archive_2007_04_01_e1517f8dbb85,planned
https://www.pbs.gov.au/info/publication/schedule/2010,2010-04-01,download_for_local_review,pdf,2010-04-01-general-schedule.pdf,https://www.pbs.gov.au/publication/schedule/2010/2010-04-01-general-schedule.pdf?variant=3,au_pbs_archive_e17718f0f71bc8c5,public_reuse_review,Official PBS Schedule publication PDF. Suitable for checksum-bound historical citation; not equivalent to a structured API snapshot.,au_pbs,au_pbs_archive_2010_04_01_e17718f0f71b,planned
https://www.pbs.gov.au/info/publication/schedule/2008,2008-06-01,download_for_local_review,pdf,2008-06-01-dental-book-soc.pdf,https://www.pbs.gov.au/publication/schedule/2008/2008-06-01-dental-book-soc.pdf?variant=3,au_pbs_archive_e17df634eb2423f7,public_reuse_review,Official PBS Schedule publication PDF. Suitable for checksum-bound historical citation; not equivalent to a structured API snapshot.,au_pbs,au_pbs_archive_2008_06_01_e17df634eb24,planned
https://www.pbs.gov.au/info/publication/schedule/2007,2007-04-01,download_for_local_review,pdf,2007-04-01-general-schedule-soc.pdf,https://www.pbs.gov.au/publication/schedule/2007/2007-04-01-general-schedule-soc.pdf?variant=3,au_pbs_archive_e18ac06b4c3a5e00,public_reuse_review,Official PBS Schedule publication PDF. Suitable for checksum-bound historical citation; not equivalent to a structured API snapshot.,au_pbs,au_pbs_archive_2007_04_01_e18ac06b4c3a,planned
https://www.pbs.gov.au/info/publication/schedule/2020,2020-05-01,download_for_local_review,pdf,2020-05-01-efc-schedule.pdf,https://www.pbs.gov.au/publication/schedule/2020/05/2020-05-01-efc-schedule.pdf?variant=3,au_pbs_archive_e1a0fe04d1de59c0,public_reuse_review,Official PBS Schedule publication PDF. Suitable for checksum-bound historical citation; not equivalent to a structured API snapshot.,au_pbs,au_pbs_archive_2020_05_01_e1a0fe04d1de,planned
https://www.pbs.gov.au/info/publication/schedule/2011,2011-06-01,download_for_local_review,pdf,2011-06-01-general-schedule.pdf,https://www.pbs.gov.au/publication/schedule/2011/06/2011-06-01-general-schedule.pdf?variant=3,au_pbs_archive_e1fbf8dbcc640c65,public_reuse_review,Official PBS Schedule publication PDF. Suitable for checksum-bound historical citation; not equivalent to a structured API snapshot.,au_pbs,au_pbs_archive_2011_06_01_e1fbf8dbcc64,planned
https://www.pbs.gov.au/info/publication/schedule/2025,2025-05-01,download_for_local_review,pdf,2025-05-01-general-schedule-volume-2.pdf,https://www.pbs.gov.au/publication/schedule/2025/05/2025-05-01-general-schedule-volume-2.pdf?variant=3,au_pbs_archive_e26ca385a35af82c,public_reuse_review,Official PBS Schedule publication PDF. Suitable for checksum-bound historical citation; not equivalent to a structured API snapshot.,au_pbs,au_pbs_archive_2025_05_01_e26ca385a35a,planned
https://www.pbs.gov.au/info/publication/schedule/2018,2018-06-01,download_for_local_review,pdf,2018-06-01-efc-schedule.pdf,https://www.pbs.gov.au/publication/schedule/2018/06/2018-06-01-efc-schedule.pdf?variant=3,au_pbs_archive_e3af7423268af2ff,public_reuse_review,Official PBS Schedule publication PDF. Suitable for checksum-bound historical citation; not equivalent to a structured API snapshot.,au_pbs,au_pbs_archive_2018_06_01_e3af7423268a,planned
https://www.pbs.gov.au/info/publication/schedule/2018,2018-03-01,download_for_local_review,pdf,2018-03-01-general-soc.pdf,https://www.pbs.gov.au/publication/schedule/2018/03/2018-03-01-general-soc.pdf?variant=3,au_pbs_archive_e3e1a69a070615e8,public_reuse_review,Official PBS Schedule publication PDF. Suitable for checksum-bound historical citation; not equivalent to a structured API snapshot.,au_pbs,au_pbs_archive_2018_03_01_e3e1a69a0706,planned
https://www.pbs.gov.au/info/publication/schedule/2016,2016-11-01,download_for_local_review,pdf,2016-11-01-general-soc.pdf,https://www.pbs.gov.au/publication/schedule/2016/11/2016-11-01-general-soc.pdf?variant=3,au_pbs_archive_e43d2cec2caea4fb,public_reuse_review,Official PBS Schedule publication PDF. Suitable for checksum-bound historical citation; not equivalent to a structured API snapshot.,au_pbs,au_pbs_archive_2016_11_01_e43d2cec2cae,planned
https://www.pbs.gov.au/info/publication/schedule/2009,2009-12-01,download_for_local_review,pdf,2009-12-01-general-schedule.pdf,https://www.pbs.gov.au/publication/schedule/2009/2009-12-01-general-schedule.pdf?variant=3,au_pbs_archive_e43e8c5a99789462,public_reuse_review,Official PBS Schedule publication PDF. Suitable for checksum-bound historical citation; not equivalent to a structured API snapshot.,au_pbs,au_pbs_archive_2009_12_01_e43e8c5a9978,planned
https://www.pbs.gov.au/info/publication/schedule/historical-archive,1967-12-01,download_for_local_review,pdf,1967-12-01-PBS-Schedule-Medical-Practitioners.pdf,https://www.pbs.gov.au/publication/schedule/1951-2002/1967-12-01-PBS-Schedule-Medical-Practitioners.pdf?variant=3,au_pbs_archive_e4840afa13132779,public_reuse_review,Official PBS Schedule publication PDF. Suitable for checksum-bound historical citation; not equivalent to a structured API snapshot.,au_pbs,au_pbs_archive_1967_12_01_e4840afa1313,planned
https://www.pbs.gov.au/info/publication/schedule/2016,2016-09-01,download_for_local_review,pdf,2016-09-01-efc-schedule.pdf,https://www.pbs.gov.au/publication/schedule/2016/09/2016-09-01-efc-schedule.pdf?variant=3,au_pbs_archive_e48b051de51dfb71,public_reuse_review,Official PBS Schedule publication PDF. Suitable for checksum-bound historical citation; not equivalent to a structured API snapshot.,au_pbs,au_pbs_archive_2016_09_01_e48b051de51d,planned
https://www.pbs.gov.au/info/publication/schedule/historical-archive,1977-12-01,download_for_local_review,pdf,1977-12-01-consolidated-schedules.pdf,https://www.pbs.gov.au/publication/schedule/1951-2002/1977-12-01-consolidated-schedules.pdf?variant=3,au_pbs_archive_e4cb6a02dac00618,public_reuse_review,Official PBS Schedule publication PDF. Suitable for checksum-bound historical citation; not equivalent to a structured API snapshot.,au_pbs,au_pbs_archive_1977_12_01_e4cb6a02dac0,planned
https://www.pbs.gov.au/info/publication/schedule/2026,2026-05-01,download_for_local_review,pdf,2026-05-01-general-schedule-Volume-2.pdf,https://www.pbs.gov.au/publication/schedule/2026/05/2026-05-01-general-schedule-Volume-2.pdf?variant=3,au_pbs_archive_e4eb86a7237b90ad,public_reuse_review,Official PBS Schedule publication PDF. Suitable for checksum-bound historical citation; not equivalent to a structured API snapshot.,au_pbs,au_pbs_archive_2026_05_01_e4eb86a7237b,planned
https://www.pbs.gov.au/info/publication/schedule/2022,2022-12-01,download_for_local_review,pdf,2022-12-01-general-schedule-volume-1.pdf,https://www.pbs.gov.au/publication/schedule/2022/12/2022-12-01-general-schedule-volume-1.pdf?variant=3,au_pbs_archive_e51cc2d2e412855d,public_reuse_review,Official PBS Schedule publication PDF. Suitable for checksum-bound historical citation; not equivalent to a structured API snapshot.,au_pbs,au_pbs_archive_2022_12_01_e51cc2d2e412,planned
https://www.pbs.gov.au/info/publication/schedule/2009,2009-03-01,download_for_local_review,pdf,2009-03-01-general-schedule.pdf,https://www.pbs.gov.au/publication/schedule/2009/2009-03-01-general-schedule.pdf?variant=3,au_pbs_archive_e574bf4ff38a0563,public_reuse_review,Official PBS Schedule publication PDF. Suitable for checksum-bound historical citation; not equivalent to a structured API snapshot.,au_pbs,au_pbs_archive_2009_03_01_e574bf4ff38a,planned
https://www.pbs.gov.au/info/publication/schedule/2015,2015-06-01,download_for_local_review,pdf,2015-06-01-errata.pdf,https://www.pbs.gov.au/publication/schedule/2015/06/2015-06-01-errata.pdf?variant=3,au_pbs_archive_e57f3a1c364284c6,public_reuse_review,Official PBS Schedule publication PDF. Suitable for checksum-bound historical citation; not equivalent to a structured API snapshot.,au_pbs,au_pbs_archive_2015_06_01_e57f3a1c3642,planned
https://www.pbs.gov.au/info/publication/schedule/2022,2022-04-01,download_for_local_review,pdf,2022-04-01-general-schedule-volume-1.pdf,https://www.pbs.gov.au/publication/schedule/2022/04/2022-04-01-general-schedule-volume-1.pdf?variant=3,au_pbs_archive_e5914d69d4f3e653,public_reuse_review,Official PBS Schedule publication PDF. Suitable for checksum-bound historical citation; not equivalent to a structured API snapshot.,au_pbs,au_pbs_archive_2022_04_01_e5914d69d4f3,planned
https://www.pbs.gov.au/info/publication/schedule/2024,2024-02-01,download_for_local_review,pdf,2024-02-01-general-volume-1.pdf,https://www.pbs.gov.au/publication/schedule/2024/02/2024-02-01-general-volume-1.pdf?variant=3,au_pbs_archive_e59ebca5cc2bdfc9,public_reuse_review,Official PBS Schedule publication PDF. Suitable for checksum-bound historical citation; not equivalent to a structured API snapshot.,au_pbs,au_pbs_archive_2024_02_01_e59ebca5cc2b,planned
https://www.pbs.gov.au/info/publication/schedule/2009,2009-11-01,download_for_local_review,pdf,2009-11-01-dental-book.pdf,https://www.pbs.gov.au/publication/schedule/2009/2009-11-01-dental-book.pdf?variant=3,au_pbs_archive_e5b0ac8a950d3fed,public_reuse_review,Official PBS Schedule publication PDF. Suitable for checksum-bound historical citation; not equivalent to a structured API snapshot.,au_pbs,au_pbs_archive_2009_11_01_e5b0ac8a950d,planned
https://www.pbs.gov.au/info/publication/schedule/2011,2011-02-01,download_for_local_review,pdf,2011-02-01-dental-book.pdf,https://www.pbs.gov.au/publication/schedule/2011/02/2011-02-01-dental-book.pdf?variant=3,au_pbs_archive_e641d0253f10b212,public_reuse_review,Official PBS Schedule publication PDF. Suitable for checksum-bound historical citation; not equivalent to a structured API snapshot.,au_pbs,au_pbs_archive_2011_02_01_e641d0253f10,planned
https://www.pbs.gov.au/info/publication/schedule/2009,2009-02-01,download_for_local_review,pdf,2009-02-01-general-schedule-soc.pdf,https://www.pbs.gov.au/publication/schedule/2009/2009-02-01-general-schedule-soc.pdf?variant=3,au_pbs_archive_e67193edf26f4b33,public_reuse_review,Official PBS Schedule publication PDF. Suitable for checksum-bound historical citation; not equivalent to a structured API snapshot.,au_pbs,au_pbs_archive_2009_02_01_e67193edf26f,planned
https://www.pbs.gov.au/info/publication/schedule/2024,2024-03-01,download_for_local_review,pdf,2024-03-01-general-volume-1.pdf,https://www.pbs.gov.au/publication/schedule/2024/03/2024-03-01-general-volume-1.pdf?variant=3,au_pbs_archive_e7321e628a34388f,public_reuse_review,Official PBS Schedule publication PDF. Suitable for checksum-bound historical citation; not equivalent to a structured API snapshot.,au_pbs,au_pbs_archive_2024_03_01_e7321e628a34,planned
https://www.pbs.gov.au/info/publication/schedule/2020,2020-01-01,download_for_local_review,pdf,2020-01-01-efc-schedule.pdf,https://www.pbs.gov.au/publication/schedule/2020/01/2020-01-01-efc-schedule.pdf?variant=3,au_pbs_archive_e78b4e976a689969,public_reuse_review,Official PBS Schedule publication PDF. Suitable for checksum-bound historical citation; not equivalent to a structured API snapshot.,au_pbs,au_pbs_archive_2020_01_01_e78b4e976a68,planned
https://www.pbs.gov.au/info/publication/schedule/historical-archive,1959-11-01,download_for_local_review,pdf,1959-11-01-PBS-Schedule-Medical-Practitioners.pdf,https://www.pbs.gov.au/publication/schedule/1951-2002/1959-11-01-PBS-Schedule-Medical-Practitioners.pdf?variant=3,au_pbs_archive_e7bc7aaa306c1717,public_reuse_review,Official PBS Schedule publication PDF. Suitable for checksum-bound historical citation; not equivalent to a structured API snapshot.,au_pbs,au_pbs_archive_1959_11_01_e7bc7aaa306c,planned
https://www.pbs.gov.au/info/publication/schedule/2015,2015-02-01,download_for_local_review,pdf,2015-02-01-errata.pdf,https://www.pbs.gov.au/publication/schedule/2015/02/2015-02-01-errata.pdf?variant=3,au_pbs_archive_e82b80dc18830035,public_reuse_review,Official PBS Schedule publication PDF. Suitable for checksum-bound historical citation; not equivalent to a structured API snapshot.,au_pbs,au_pbs_archive_2015_02_01_e82b80dc1883,planned
https://www.pbs.gov.au/info/publication/schedule/2011,2011-01-01,download_for_local_review,pdf,2011-01-01-general-schedule-SOC.pdf,https://www.pbs.gov.au/publication/schedule/2011/01/2011-01-01-general-schedule-SOC.pdf?variant=3,au_pbs_archive_e8ba408b81b194a6,public_reuse_review,Official PBS Schedule publication PDF. Suitable for checksum-bound historical citation; not equivalent to a structured API snapshot.,au_pbs,au_pbs_archive_2011_01_01_e8ba408b81b1,planned
https://www.pbs.gov.au/info/publication/schedule/2003,2003-11-01,download_for_local_review,pdf,2003-11-01-general-schedule.pdf,https://www.pbs.gov.au/publication/schedule/2003/2003-11-01-general-schedule.pdf?variant=3,au_pbs_archive_e8bb3f3c725ae594,public_reuse_review,Official PBS Schedule publication PDF. Suitable for checksum-bound historical citation; not equivalent to a structured API snapshot.,au_pbs,au_pbs_archive_2003_11_01_e8bb3f3c725a,planned
https://www.pbs.gov.au/info/publication/schedule/2008,2008-09-01,download_for_local_review,pdf,2008-09-01-dental-book.pdf,https://www.pbs.gov.au/publication/schedule/2008/2008-09-01-dental-book.pdf?variant=3,au_pbs_archive_e8bb796d54eca7d8,public_reuse_review,Official PBS Schedule publication PDF. Suitable for checksum-bound historical citation; not equivalent to a structured API snapshot.,au_pbs,au_pbs_archive_2008_09_01_e8bb796d54ec,planned
https://www.pbs.gov.au/info/publication/schedule/2021,2021-06-01,download_for_local_review,pdf,2021-06-01-efc-schedule.pdf,https://www.pbs.gov.au/publication/schedule/2021/06/2021-06-01-efc-schedule.pdf?variant=3,au_pbs_archive_e8f74db6700f210c,public_reuse_review,Official PBS Schedule publication PDF. Suitable for checksum-bound historical citation; not equivalent to a structured API snapshot.,au_pbs,au_pbs_archive_2021_06_01_e8f74db6700f,planned
https://www.pbs.gov.au/info/publication/schedule/2010,2010-11-01,download_for_local_review,pdf,2010-11-01-chemotherapy-booklet.pdf,https://www.pbs.gov.au/publication/schedule/2010/2010-11-01-chemotherapy-booklet.pdf?variant=3,au_pbs_archive_ea3176600c4d74f9,public_reuse_review,Official PBS Schedule publication PDF. Suitable for checksum-bound historical citation; not equivalent to a structured API snapshot.,au_pbs,au_pbs_archive_2010_11_01_ea3176600c4d,planned
https://www.pbs.gov.au/info/publication/schedule/2009,2009-04-01,download_for_local_review,pdf,2009-04-01-dental-book.pdf,https://www.pbs.gov.au/publication/schedule/2009/2009-04-01-dental-book.pdf?variant=3,au_pbs_archive_eb53b79a08fcca1a,public_reuse_review,Official PBS Schedule publication PDF. Suitable for checksum-bound historical citation; not equivalent to a structured API snapshot.,au_pbs,au_pbs_archive_2009_04_01_eb53b79a08fc,planned
https://www.pbs.gov.au/info/publication/schedule/2009,2009-01-01,download_for_local_review,pdf,2009-01-01-general-schedule.pdf,https://www.pbs.gov.au/publication/schedule/2009/2009-01-01-general-schedule.pdf?variant=3,au_pbs_archive_eb783054dd625809,public_reuse_review,Official PBS Schedule publication PDF. Suitable for checksum-bound historical citation; not equivalent to a structured API snapshot.,au_pbs,au_pbs_archive_2009_01_01_eb783054dd62,planned
https://www.pbs.gov.au/info/publication/schedule/2007,2007-12-01,download_for_local_review,pdf,2007-12-01-dental-book-soc.pdf,https://www.pbs.gov.au/publication/schedule/2007/2007-12-01-dental-book-soc.pdf?variant=3,au_pbs_archive_eba86c44c8445af2,public_reuse_review,Official PBS Schedule publication PDF. Suitable for checksum-bound historical citation; not equivalent to a structured API snapshot.,au_pbs,au_pbs_archive_2007_12_01_eba86c44c844,planned
https://www.pbs.gov.au/info/publication/schedule/2013,2013-12-01,download_for_local_review,pdf,2013-12-01-errata.pdf,https://www.pbs.gov.au/publication/schedule/2013/12/2013-12-01-errata.pdf?variant=3,au_pbs_archive_ebffed89b08ac0a2,public_reuse_review,Official PBS Schedule publication PDF. Suitable for checksum-bound historical citation; not equivalent to a structured API snapshot.,au_pbs,au_pbs_archive_2013_12_01_ebffed89b08a,planned
https://www.pbs.gov.au/info/publication/schedule/2025,unknown,download_for_local_review,pdf,Errata-Error-in-methylphenidate-listings-1-January-2025.pdf,https://www.pbs.gov.au/publication/schedule/2025/01/Errata-Error-in-methylphenidate-listings-1-January-2025.pdf?variant=3,au_pbs_archive_ec59a8fe8b84cca7,public_reuse_review,Official PBS Schedule publication PDF. Suitable for checksum-bound historical citation; not equivalent to a structured API snapshot.,au_pbs,au_pbs_archive_unknown_ec59a8fe8b84,planned
https://www.pbs.gov.au/info/publication/schedule/2019,2019-03-01,download_for_local_review,pdf,2019-03-01-efc-schedule.pdf,https://www.pbs.gov.au/publication/schedule/2019/03/2019-03-01-efc-schedule.pdf?variant=3,au_pbs_archive_ecc6c518167adbdc,public_reuse_review,Official PBS Schedule publication PDF. Suitable for checksum-bound historical citation; not equivalent to a structured API snapshot.,au_pbs,au_pbs_archive_2019_03_01_ecc6c518167a,planned
https://www.pbs.gov.au/info/publication/schedule/2022,2022-08-01,download_for_local_review,pdf,2022-08-01-efc-schedule.pdf,https://www.pbs.gov.au/publication/schedule/2022/08/2022-08-01-efc-schedule.pdf?variant=3,au_pbs_archive_ed03e77aa3e4d10e,public_reuse_review,Official PBS Schedule publication PDF. Suitable for checksum-bound historical citation; not equivalent to a structured API snapshot.,au_pbs,au_pbs_archive_2022_08_01_ed03e77aa3e4,planned
https://www.pbs.gov.au/info/publication/schedule/2017,2017-06-01,download_for_local_review,pdf,2017-06-01-general-schedule.pdf,https://www.pbs.gov.au/publication/schedule/2017/06/2017-06-01-general-schedule.pdf?variant=3,au_pbs_archive_ed3fd8983394fc9d,public_reuse_review,Official PBS Schedule publication PDF. Suitable for checksum-bound historical citation; not equivalent to a structured API snapshot.,au_pbs,au_pbs_archive_2017_06_01_ed3fd8983394,planned
https://www.pbs.gov.au/info/publication/schedule/2022,2022-10-01,download_for_local_review,pdf,2022-10-01-efc-schedule.pdf,https://www.pbs.gov.au/publication/schedule/2022/10/2022-10-01-efc-schedule.pdf?variant=3,au_pbs_archive_edd9f1ff56a1fa0a,public_reuse_review,Official PBS Schedule publication PDF. Suitable for checksum-bound historical citation; not equivalent to a structured API snapshot.,au_pbs,au_pbs_archive_2022_10_01_edd9f1ff56a1,planned
https://www.pbs.gov.au/info/publication/schedule/2022,2022-01-01,download_for_local_review,pdf,2022-01-01-general-schedule-volume-2.pdf,https://www.pbs.gov.au/publication/schedule/2022/01/2022-01-01-general-schedule-volume-2.pdf?variant=3,au_pbs_archive_ef1e435fe45b1e82,public_reuse_review,Official PBS Schedule publication PDF. Suitable for checksum-bound historical citation; not equivalent to a structured API snapshot.,au_pbs,au_pbs_archive_2022_01_01_ef1e435fe45b,planned
https://www.pbs.gov.au/info/publication/schedule/2017,2017-01-01,download_for_local_review,pdf,2017-01-01-general-soc.pdf,https://www.pbs.gov.au/publication/schedule/2017/01/2017-01-01-general-soc.pdf?variant=3,au_pbs_archive_ef3eee74abe82ce4,public_reuse_review,Official PBS Schedule publication PDF. Suitable for checksum-bound historical citation; not equivalent to a structured API snapshot.,au_pbs,au_pbs_archive_2017_01_01_ef3eee74abe8,planned
https://www.pbs.gov.au/info/publication/schedule/2007,2007-06-01,download_for_local_review,pdf,2007-06-01-dental-book-soc.pdf,https://www.pbs.gov.au/publication/schedule/2007/2007-06-01-dental-book-soc.pdf?variant=3,au_pbs_archive_ef7d702a95fd75fa,public_reuse_review,Official PBS Schedule publication PDF. Suitable for checksum-bound historical citation; not equivalent to a structured API snapshot.,au_pbs,au_pbs_archive_2007_06_01_ef7d702a95fd,planned
https://www.pbs.gov.au/info/publication/schedule/2010,2010-11-01,download_for_local_review,pdf,2010-11-01-dental-book.pdf,https://www.pbs.gov.au/publication/schedule/2010/2010-11-01-dental-book.pdf?variant=3,au_pbs_archive_ef8a2d05008c3851,public_reuse_review,Official PBS Schedule publication PDF. Suitable for checksum-bound historical citation; not equivalent to a structured API snapshot.,au_pbs,au_pbs_archive_2010_11_01_ef8a2d05008c,planned
https://www.pbs.gov.au/info/publication/schedule/2025,2025-08-01,download_for_local_review,pdf,2025-08-01-general-schedule-volume-1.pdf,https://www.pbs.gov.au/publication/schedule/2025/08/2025-08-01-general-schedule-volume-1.pdf?variant=3,au_pbs_archive_efe95d48cce22749,public_reuse_review,Official PBS Schedule publication PDF. Suitable for checksum-bound historical citation; not equivalent to a structured API snapshot.,au_pbs,au_pbs_archive_2025_08_01_efe95d48cce2,planned
https://www.pbs.gov.au/info/publication/schedule/2014,2014-11-01,download_for_local_review,pdf,2014-11-01-errata.pdf,https://www.pbs.gov.au/publication/schedule/2014/11/2014-11-01-errata.pdf?variant=3,au_pbs_archive_f05866a00017eba9,public_reuse_review,Official PBS Schedule publication PDF. Suitable for checksum-bound historical citation; not equivalent to a structured API snapshot.,au_pbs,au_pbs_archive_2014_11_01_f05866a00017,planned
https://www.pbs.gov.au/info/publication/schedule/2022,2022-01-01,download_for_local_review,pdf,2022-01-01-general-soc.pdf,https://www.pbs.gov.au/publication/schedule/2022/01/2022-01-01-general-soc.pdf?variant=3,au_pbs_archive_f07f539527ba83d0,public_reuse_review,Official PBS Schedule publication PDF. Suitable for checksum-bound historical citation; not equivalent to a structured API snapshot.,au_pbs,au_pbs_archive_2022_01_01_f07f539527ba,planned
https://www.pbs.gov.au/info/publication/schedule/2013,2013-07-01,download_for_local_review,pdf,2013-07-01-general-schedule.pdf,https://www.pbs.gov.au/publication/schedule/2013/07/2013-07-01-general-schedule.pdf?variant=3,au_pbs_archive_f0a2a85042e63ec6,public_reuse_review,Official PBS Schedule publication PDF. Suitable for checksum-bound historical citation; not equivalent to a structured API snapshot.,au_pbs,au_pbs_archive_2013_07_01_f0a2a85042e6,planned
https://www.pbs.gov.au/info/publication/schedule/2012,2012-03-01,download_for_local_review,pdf,2012-03-01-general-schedule-SOC.pdf,https://www.pbs.gov.au/publication/schedule/2012/03/2012-03-01-general-schedule-SOC.pdf?variant=3,au_pbs_archive_f0fd437ec1f2c2db,public_reuse_review,Official PBS Schedule publication PDF. Suitable for checksum-bound historical citation; not equivalent to a structured API snapshot.,au_pbs,au_pbs_archive_2012_03_01_f0fd437ec1f2,planned
https://www.pbs.gov.au/info/publication/schedule/2012,2012-09-01,download_for_local_review,pdf,2012-09-01-efc-schedule.pdf,https://www.pbs.gov.au/publication/schedule/2012/09/2012-09-01-efc-schedule.pdf?variant=3,au_pbs_archive_f11c29d83445bc54,public_reuse_review,Official PBS Schedule publication PDF. Suitable for checksum-bound historical citation; not equivalent to a structured API snapshot.,au_pbs,au_pbs_archive_2012_09_01_f11c29d83445,planned
https://www.pbs.gov.au/info/publication/schedule/historical-archive,1964-11-01,download_for_local_review,pdf,1964-11-01-PBS-Schedule-Medical-Practitioners.pdf,https://www.pbs.gov.au/publication/schedule/1951-2002/1964-11-01-PBS-Schedule-Medical-Practitioners.pdf?variant=3,au_pbs_archive_f1dd2de4c5613ad0,public_reuse_review,Official PBS Schedule publication PDF. Suitable for checksum-bound historical citation; not equivalent to a structured API snapshot.,au_pbs,au_pbs_archive_1964_11_01_f1dd2de4c561,planned
https://www.pbs.gov.au/info/publication/schedule/2012,2012-07-01,download_for_local_review,pdf,2012-07-01-general-schedule.pdf,https://www.pbs.gov.au/publication/schedule/2012/07/2012-07-01-general-schedule.pdf?variant=3,au_pbs_archive_f21b40535ec454b6,public_reuse_review,Official PBS Schedule publication PDF. Suitable for checksum-bound historical citation; not equivalent to a structured API snapshot.,au_pbs,au_pbs_archive_2012_07_01_f21b40535ec4,planned
https://www.pbs.gov.au/info/publication/schedule/2024,2024-07-01,download_for_local_review,pdf,2024-07-01-efc-schedule.pdf,https://www.pbs.gov.au/publication/schedule/2024/07/2024-07-01-efc-schedule.pdf?variant=3,au_pbs_archive_f224275eb7a683c7,public_reuse_review,Official PBS Schedule publication PDF. Suitable for checksum-bound historical citation; not equivalent to a structured API snapshot.,au_pbs,au_pbs_archive_2024_07_01_f224275eb7a6,planned
https://www.pbs.gov.au/info/publication/schedule/2008,2008-07-01,download_for_local_review,pdf,2008-07-01-general-schedule.pdf,https://www.pbs.gov.au/publication/schedule/2008/2008-07-01-general-schedule.pdf?variant=3,au_pbs_archive_f25581b8a6529ce1,public_reuse_review,Official PBS Schedule publication PDF. Suitable for checksum-bound historical citation; not equivalent to a structured API snapshot.,au_pbs,au_pbs_archive_2008_07_01_f25581b8a652,planned
https://www.pbs.gov.au/info/publication/schedule/2022,2022-04-01,download_for_local_review,pdf,2022-04-01-general-soc.pdf,https://www.pbs.gov.au/publication/schedule/2022/04/2022-04-01-general-soc.pdf?variant=3,au_pbs_archive_f29e8a16072f83d9,public_reuse_review,Official PBS Schedule publication PDF. Suitable for checksum-bound historical citation; not equivalent to a structured API snapshot.,au_pbs,au_pbs_archive_2022_04_01_f29e8a16072f,planned
https://www.pbs.gov.au/info/publication/schedule/historical-archive,1978-12-01,download_for_local_review,pdf,1978-12-01-consolidated-schedules.pdf,https://www.pbs.gov.au/publication/schedule/1951-2002/1978-12-01-consolidated-schedules.pdf?variant=3,au_pbs_archive_f2be68e44b0f7b22,public_reuse_review,Official PBS Schedule publication PDF. Suitable for checksum-bound historical citation; not equivalent to a structured API snapshot.,au_pbs,au_pbs_archive_1978_12_01_f2be68e44b0f,planned
https://www.pbs.gov.au/info/publication/schedule/2015,2015-09-01,download_for_local_review,pdf,2015-09-01-efc-schedule.pdf,https://www.pbs.gov.au/publication/schedule/2015/09/2015-09-01-efc-schedule.pdf?variant=3,au_pbs_archive_f2c47d329c571eb0,public_reuse_review,Official PBS Schedule publication PDF. Suitable for checksum-bound historical citation; not equivalent to a structured API snapshot.,au_pbs,au_pbs_archive_2015_09_01_f2c47d329c57,planned
https://www.pbs.gov.au/info/publication/schedule/2016,2016-06-01,download_for_local_review,pdf,2016-06-01-general-schedule.pdf,https://www.pbs.gov.au/publication/schedule/2016/06/2016-06-01-general-schedule.pdf?variant=3,au_pbs_archive_f2df24afb897b6ea,public_reuse_review,Official PBS Schedule publication PDF. Suitable for checksum-bound historical citation; not equivalent to a structured API snapshot.,au_pbs,au_pbs_archive_2016_06_01_f2df24afb897,planned
https://www.pbs.gov.au/info/publication/schedule/2011,2011-06-01,download_for_local_review,pdf,2011-06-01-errata.pdf,https://www.pbs.gov.au/publication/schedule/2011/06/2011-06-01-errata.pdf?variant=3,au_pbs_archive_f2f4fc6c6b645244,public_reuse_review,Official PBS Schedule publication PDF. Suitable for checksum-bound historical citation; not equivalent to a structured API snapshot.,au_pbs,au_pbs_archive_2011_06_01_f2f4fc6c6b64,planned
https://www.pbs.gov.au/info/publication/schedule/2021,2021-08-01,download_for_local_review,pdf,2021-08-01-general-schedule-volume-2.pdf,https://www.pbs.gov.au/publication/schedule/2021/08/2021-08-01-general-schedule-volume-2.pdf?variant=3,au_pbs_archive_f306377aac1b4de3,public_reuse_review,Official PBS Schedule publication PDF. Suitable for checksum-bound historical citation; not equivalent to a structured API snapshot.,au_pbs,au_pbs_archive_2021_08_01_f306377aac1b,planned
https://www.pbs.gov.au/info/publication/schedule/2024,2024-12-01,download_for_local_review,pdf,2024-12-01-general-soc.pdf,https://www.pbs.gov.au/publication/schedule/2024/12/2024-12-01-general-soc.pdf?variant=3,au_pbs_archive_f35d2aa9801571b0,public_reuse_review,Official PBS Schedule publication PDF. Suitable for checksum-bound historical citation; not equivalent to a structured API snapshot.,au_pbs,au_pbs_archive_2024_12_01_f35d2aa98015,planned
https://www.pbs.gov.au/info/publication/schedule/historical-archive,1954-05-01,download_for_local_review,pdf,1954-05-01-PBS-Schedule-Medical-Practitioners.pdf,https://www.pbs.gov.au/publication/schedule/1951-2002/1954-05-01-PBS-Schedule-Medical-Practitioners.pdf?variant=3,au_pbs_archive_f3f612bf0f65ab7d,public_reuse_review,Official PBS Schedule publication PDF. Suitable for checksum-bound historical citation; not equivalent to a structured API snapshot.,au_pbs,au_pbs_archive_1954_05_01_f3f612bf0f65,planned
https://www.pbs.gov.au/info/publication/schedule/2009,2009-12-01,download_for_local_review,pdf,2009-12-01-dental-book.pdf,https://www.pbs.gov.au/publication/schedule/2009/2009-12-01-dental-book.pdf?variant=3,au_pbs_archive_f40d07621b5138a8,public_reuse_review,Official PBS Schedule publication PDF. Suitable for checksum-bound historical citation; not equivalent to a structured API snapshot.,au_pbs,au_pbs_archive_2009_12_01_f40d07621b51,planned
https://www.pbs.gov.au/info/publication/schedule/2009,2009-09-01,download_for_local_review,pdf,2009-09-01-general-schedule.pdf,https://www.pbs.gov.au/publication/schedule/2009/2009-09-01-general-schedule.pdf?variant=3,au_pbs_archive_f4665e9f6a14c982,public_reuse_review,Official PBS Schedule publication PDF. Suitable for checksum-bound historical citation; not equivalent to a structured API snapshot.,au_pbs,au_pbs_archive_2009_09_01_f4665e9f6a14,planned
https://www.pbs.gov.au/info/publication/schedule/2013,2013-07-01,download_for_local_review,pdf,2013-07-01-efc-schedule-soc.pdf,https://www.pbs.gov.au/publication/schedule/2013/07/2013-07-01-efc-schedule-soc.pdf?variant=3,au_pbs_archive_f492b3aca391d51c,public_reuse_review,Official PBS Schedule publication PDF. Suitable for checksum-bound historical citation; not equivalent to a structured API snapshot.,au_pbs,au_pbs_archive_2013_07_01_f492b3aca391,planned
https://www.pbs.gov.au/info/publication/schedule/2013,2013-06-01,download_for_local_review,pdf,2013-06-01-general-schedule.pdf,https://www.pbs.gov.au/publication/schedule/2013/06/2013-06-01-general-schedule.pdf?variant=3,au_pbs_archive_f50ae7a01c30333b,public_reuse_review,Official PBS Schedule publication PDF. Suitable for checksum-bound historical citation; not equivalent to a structured API snapshot.,au_pbs,au_pbs_archive_2013_06_01_f50ae7a01c30,planned
https://www.pbs.gov.au/info/publication/schedule/2024,2024-08-01,download_for_local_review,pdf,2024-08-01-Errata.pdf,https://www.pbs.gov.au/publication/schedule/2024/08/2024-08-01-Errata.pdf?variant=3,au_pbs_archive_f5909c02107e2358,public_reuse_review,Official PBS Schedule publication PDF. Suitable for checksum-bound historical citation; not equivalent to a structured API snapshot.,au_pbs,au_pbs_archive_2024_08_01_f5909c02107e,planned
https://www.pbs.gov.au/info/publication/schedule/2012,2012-08-01,download_for_local_review,pdf,2012-08-01-general-schedule-SOC-addendum.pdf,https://www.pbs.gov.au/publication/schedule/2012/08/2012-08-01-general-schedule-SOC-addendum.pdf?variant=3,au_pbs_archive_f5abe7b44f3f06cc,public_reuse_review,Official PBS Schedule publication PDF. Suitable for checksum-bound historical citation; not equivalent to a structured API snapshot.,au_pbs,au_pbs_archive_2012_08_01_f5abe7b44f3f,planned
https://www.pbs.gov.au/info/publication/schedule/2012,2012-07-01,download_for_local_review,pdf,2012-07-01-dental-book-SOC.pdf,https://www.pbs.gov.au/publication/schedule/2012/07/2012-07-01-dental-book-SOC.pdf?variant=3,au_pbs_archive_f5b7b1be926fb1ca,public_reuse_review,Official PBS Schedule publication PDF. Suitable for checksum-bound historical citation; not equivalent to a structured API snapshot.,au_pbs,au_pbs_archive_2012_07_01_f5b7b1be926f,planned
https://www.pbs.gov.au/info/publication/schedule/2023,2023-04-01,download_for_local_review,pdf,2023-04-01-general-soc.pdf,https://www.pbs.gov.au/publication/schedule/2023/04/2023-04-01-general-soc.pdf?variant=3,au_pbs_archive_f5da89c9e4fce2c4,public_reuse_review,Official PBS Schedule publication PDF. Suitable for checksum-bound historical citation; not equivalent to a structured API snapshot.,au_pbs,au_pbs_archive_2023_04_01_f5da89c9e4fc,planned
https://www.pbs.gov.au/info/publication/schedule/2008,2008-09-01,download_for_local_review,pdf,2008-09-01-dental-book-soc.pdf,https://www.pbs.gov.au/publication/schedule/2008/2008-09-01-dental-book-soc.pdf?variant=3,au_pbs_archive_f5f601a03f5b8958,public_reuse_review,Official PBS Schedule publication PDF. Suitable for checksum-bound historical citation; not equivalent to a structured API snapshot.,au_pbs,au_pbs_archive_2008_09_01_f5f601a03f5b,planned
https://www.pbs.gov.au/info/publication/schedule/2015,2015-12-01,download_for_local_review,pdf,2015-12-01-general-schedule-soc.pdf,https://www.pbs.gov.au/publication/schedule/2015/12/2015-12-01-general-schedule-soc.pdf?variant=3,au_pbs_archive_f6498a8af3554907,public_reuse_review,Official PBS Schedule publication PDF. Suitable for checksum-bound historical citation; not equivalent to a structured API snapshot.,au_pbs,au_pbs_archive_2015_12_01_f6498a8af355,planned
https://www.pbs.gov.au/info/publication/schedule/2025,2025-12-01,download_for_local_review,pdf,2025-12-01-general-schedule-volume-1.pdf,https://www.pbs.gov.au/publication/schedule/2025/12/2025-12-01-general-schedule-volume-1.pdf?variant=3,au_pbs_archive_f7181f17acc18202,public_reuse_review,Official PBS Schedule publication PDF. Suitable for checksum-bound historical citation; not equivalent to a structured API snapshot.,au_pbs,au_pbs_archive_2025_12_01_f7181f17acc1,planned
https://www.pbs.gov.au/info/publication/schedule/2022,2022-03-01,download_for_local_review,pdf,2022-03-01-general-schedule-volume-1.pdf,https://www.pbs.gov.au/publication/schedule/2022/03/2022-03-01-general-schedule-volume-1.pdf?variant=3,au_pbs_archive_f7732fdfdda85434,public_reuse_review,Official PBS Schedule publication PDF. Suitable for checksum-bound historical citation; not equivalent to a structured API snapshot.,au_pbs,au_pbs_archive_2022_03_01_f7732fdfdda8,planned
https://www.pbs.gov.au/info/publication/schedule/2015,2015-07-01,download_for_local_review,pdf,2015-07-01-efc-schedule.pdf,https://www.pbs.gov.au/publication/schedule/2015/07/2015-07-01-efc-schedule.pdf?variant=3,au_pbs_archive_f78be62741efef7f,public_reuse_review,Official PBS Schedule publication PDF. Suitable for checksum-bound historical citation; not equivalent to a structured API snapshot.,au_pbs,au_pbs_archive_2015_07_01_f78be62741ef,planned
https://www.pbs.gov.au/info/publication/schedule/2014,2014-11-01,download_for_local_review,pdf,2014-11-01-general-schedule.pdf,https://www.pbs.gov.au/publication/schedule/2014/11/2014-11-01-general-schedule.pdf?variant=3,au_pbs_archive_f79cfc24a90d5e2e,public_reuse_review,Official PBS Schedule publication PDF. Suitable for checksum-bound historical citation; not equivalent to a structured API snapshot.,au_pbs,au_pbs_archive_2014_11_01_f79cfc24a90d,planned
https://www.pbs.gov.au/info/publication/schedule/2018,2018-11-01,download_for_local_review,pdf,2018-11-01-general-soc.pdf,https://www.pbs.gov.au/publication/schedule/2018/11/2018-11-01-general-soc.pdf?variant=3,au_pbs_archive_f81640f7b3ce0f8c,public_reuse_review,Official PBS Schedule publication PDF. Suitable for checksum-bound historical citation; not equivalent to a structured API snapshot.,au_pbs,au_pbs_archive_2018_11_01_f81640f7b3ce,planned
https://www.pbs.gov.au/info/publication/schedule/2012,2012-12-01,download_for_local_review,pdf,2012-12-01-errata-notes.pdf,https://www.pbs.gov.au/publication/schedule/2012/12/2012-12-01-errata-notes.pdf?variant=3,au_pbs_archive_f817606907dd06ff,public_reuse_review,Official PBS Schedule publication PDF. Suitable for checksum-bound historical citation; not equivalent to a structured API snapshot.,au_pbs,au_pbs_archive_2012_12_01_f817606907dd,planned
https://www.pbs.gov.au/info/publication/schedule/2012,2012-01-01,download_for_local_review,pdf,2012-01-01-general-schedule-SOC.pdf,https://www.pbs.gov.au/publication/schedule/2012/01/2012-01-01-general-schedule-SOC.pdf?variant=3,au_pbs_archive_f8425b35c91a5154,public_reuse_review,Official PBS Schedule publication PDF. Suitable for checksum-bound historical citation; not equivalent to a structured API snapshot.,au_pbs,au_pbs_archive_2012_01_01_f8425b35c91a,planned
https://www.pbs.gov.au/info/publication/schedule/2020,2020-04-01,download_for_local_review,pdf,2020-04-01-efc-schedule.pdf,https://www.pbs.gov.au/publication/schedule/2020/04/2020-04-01-efc-schedule.pdf?variant=3,au_pbs_archive_f8a6668bc9796676,public_reuse_review,Official PBS Schedule publication PDF. Suitable for checksum-bound historical citation; not equivalent to a structured API snapshot.,au_pbs,au_pbs_archive_2020_04_01_f8a6668bc979,planned
https://www.pbs.gov.au/info/publication/schedule/2021,2021-08-01,download_for_local_review,pdf,2021-08-01-efc-schedule.pdf,https://www.pbs.gov.au/publication/schedule/2021/08/2021-08-01-efc-schedule.pdf?variant=3,au_pbs_archive_f8cb67aa8fd1eec6,public_reuse_review,Official PBS Schedule publication PDF. Suitable for checksum-bound historical citation; not equivalent to a structured API snapshot.,au_pbs,au_pbs_archive_2021_08_01_f8cb67aa8fd1,planned
https://www.pbs.gov.au/info/publication/schedule/2020,2020-12-01,download_for_local_review,pdf,2020-12-01-general-soc.pdf,https://www.pbs.gov.au/publication/schedule/2020/12/2020-12-01-general-soc.pdf?variant=3,au_pbs_archive_f944254ea93a39cf,public_reuse_review,Official PBS Schedule publication PDF. Suitable for checksum-bound historical citation; not equivalent to a structured API snapshot.,au_pbs,au_pbs_archive_2020_12_01_f944254ea93a,planned
https://www.pbs.gov.au/info/publication/schedule/2022,2022-07-01,download_for_local_review,pdf,2022-07-01-erratum.pdf,https://www.pbs.gov.au/publication/schedule/2022/07/2022-07-01-erratum.pdf?variant=3,au_pbs_archive_f96b051f66c7b9be,public_reuse_review,Official PBS Schedule publication PDF. Suitable for checksum-bound historical citation; not equivalent to a structured API snapshot.,au_pbs,au_pbs_archive_2022_07_01_f96b051f66c7,planned
https://www.pbs.gov.au/info/publication/schedule/2015,2015-10-01,download_for_local_review,pdf,2015-10-01-errata.pdf,https://www.pbs.gov.au/publication/schedule/2015/10/2015-10-01-errata.pdf?variant=3,au_pbs_archive_f97478f893980d47,public_reuse_review,Official PBS Schedule publication PDF. Suitable for checksum-bound historical citation; not equivalent to a structured API snapshot.,au_pbs,au_pbs_archive_2015_10_01_f97478f89398,planned
https://www.pbs.gov.au/info/publication/schedule/2022,2022-07-01,download_for_local_review,pdf,2022-07-01-general-soc.pdf,https://www.pbs.gov.au/publication/schedule/2022/07/2022-07-01-general-soc.pdf?variant=3,au_pbs_archive_f9833b15546c40ac,public_reuse_review,Official PBS Schedule publication PDF. Suitable for checksum-bound historical citation; not equivalent to a structured API snapshot.,au_pbs,au_pbs_archive_2022_07_01_f9833b15546c,planned
https://www.pbs.gov.au/info/publication/schedule/2023,2023-08-01,download_for_local_review,pdf,2023-08-01-general-schedule-volume-2.pdf,https://www.pbs.gov.au/publication/schedule/2023/08/2023-08-01-general-schedule-volume-2.pdf?variant=3,au_pbs_archive_f9e89c06b6ffd203,public_reuse_review,Official PBS Schedule publication PDF. Suitable for checksum-bound historical citation; not equivalent to a structured API snapshot.,au_pbs,au_pbs_archive_2023_08_01_f9e89c06b6ff,planned
https://www.pbs.gov.au/info/publication/schedule/2009,2009-04-01,download_for_local_review,pdf,2009-04-01-general-schedule-soc.pdf,https://www.pbs.gov.au/publication/schedule/2009/2009-04-01-general-schedule-soc.pdf?variant=3,au_pbs_archive_f9ece69c9aae9c74,public_reuse_review,Official PBS Schedule publication PDF. Suitable for checksum-bound historical citation; not equivalent to a structured API snapshot.,au_pbs,au_pbs_archive_2009_04_01_f9ece69c9aae,planned
https://www.pbs.gov.au/info/publication/schedule/2016,2016-05-01,download_for_local_review,pdf,2016-05-01-efc-schedule.pdf,https://www.pbs.gov.au/publication/schedule/2016/05/2016-05-01-efc-schedule.pdf?variant=3,au_pbs_archive_fa0864cef45973c0,public_reuse_review,Official PBS Schedule publication PDF. Suitable for checksum-bound historical citation; not equivalent to a structured API snapshot.,au_pbs,au_pbs_archive_2016_05_01_fa0864cef459,planned
https://www.pbs.gov.au/info/publication/schedule/2024,2024-04-01,download_for_local_review,pdf,2024-04-01-Errata.pdf,https://www.pbs.gov.au/publication/schedule/2024/04/2024-04-01-Errata.pdf?variant=3,au_pbs_archive_fa09847cce529809,public_reuse_review,Official PBS Schedule publication PDF. Suitable for checksum-bound historical citation; not equivalent to a structured API snapshot.,au_pbs,au_pbs_archive_2024_04_01_fa09847cce52,planned
https://www.pbs.gov.au/info/publication/schedule/2025,2025-01-01,download_for_local_review,pdf,2025-01-01-general-schedule-volume-1.pdf,https://www.pbs.gov.au/publication/schedule/2025/01/2025-01-01-general-schedule-volume-1.pdf?variant=3,au_pbs_archive_fa68e59505cbb2a0,public_reuse_review,Official PBS Schedule publication PDF. Suitable for checksum-bound historical citation; not equivalent to a structured API snapshot.,au_pbs,au_pbs_archive_2025_01_01_fa68e59505cb,planned
https://www.pbs.gov.au/info/publication/schedule/2015,2015-06-01,download_for_local_review,pdf,2015-06-01-general-schedule-soc.pdf,https://www.pbs.gov.au/publication/schedule/2015/06/2015-06-01-general-schedule-soc.pdf?variant=3,au_pbs_archive_fadee5f1efbfcb89,public_reuse_review,Official PBS Schedule publication PDF. Suitable for checksum-bound historical citation; not equivalent to a structured API snapshot.,au_pbs,au_pbs_archive_2015_06_01_fadee5f1efbf,planned
https://www.pbs.gov.au/info/publication/schedule/2010,2010-10-01,download_for_local_review,pdf,2010-10-01-HSD-schedule.pdf,https://www.pbs.gov.au/publication/schedule/2010/2010-10-01-HSD-schedule.pdf?variant=3,au_pbs_archive_fb73215509e77025,public_reuse_review,Official PBS Schedule publication PDF. Suitable for checksum-bound historical citation; not equivalent to a structured API snapshot.,au_pbs,au_pbs_archive_2010_10_01_fb73215509e7,planned
https://www.pbs.gov.au/info/publication/schedule/2014,2014-07-01,download_for_local_review,pdf,2014-07-01-efc-schedule.pdf,https://www.pbs.gov.au/publication/schedule/2014/07/2014-07-01-efc-schedule.pdf?variant=3,au_pbs_archive_fb96e83bf0d22229,public_reuse_review,Official PBS Schedule publication PDF. Suitable for checksum-bound historical citation; not equivalent to a structured API snapshot.,au_pbs,au_pbs_archive_2014_07_01_fb96e83bf0d2,planned
https://www.pbs.gov.au/info/publication/schedule/2009,2009-10-01,download_for_local_review,pdf,2009-10-01-dental-book.pdf,https://www.pbs.gov.au/publication/schedule/2009/2009-10-01-dental-book.pdf?variant=3,au_pbs_archive_fb9969e4157bc6f2,public_reuse_review,Official PBS Schedule publication PDF. Suitable for checksum-bound historical citation; not equivalent to a structured API snapshot.,au_pbs,au_pbs_archive_2009_10_01_fb9969e4157b,planned
https://www.pbs.gov.au/info/publication/schedule/2014,2014-08-01,download_for_local_review,pdf,2014-08-01-general-schedule-soc.pdf,https://www.pbs.gov.au/publication/schedule/2014/08/2014-08-01-general-schedule-soc.pdf?variant=3,au_pbs_archive_fba13ef37648dbb3,public_reuse_review,Official PBS Schedule publication PDF. Suitable for checksum-bound historical citation; not equivalent to a structured API snapshot.,au_pbs,au_pbs_archive_2014_08_01_fba13ef37648,planned
https://www.pbs.gov.au/info/publication/schedule/2007,2007-02-01,download_for_local_review,pdf,2007-02-01-dental-book-soc.pdf,https://www.pbs.gov.au/publication/schedule/2007/2007-02-01-dental-book-soc.pdf?variant=3,au_pbs_archive_fba9518959cb85ca,public_reuse_review,Official PBS Schedule publication PDF. Suitable for checksum-bound historical citation; not equivalent to a structured API snapshot.,au_pbs,au_pbs_archive_2007_02_01_fba9518959cb,planned
https://www.pbs.gov.au/info/publication/schedule/2019,2019-05-01,download_for_local_review,pdf,2019-05-01-efc-schedule.pdf,https://www.pbs.gov.au/publication/schedule/2019/05/2019-05-01-efc-schedule.pdf?variant=3,au_pbs_archive_fbb2cc8316ad164c,public_reuse_review,Official PBS Schedule publication PDF. Suitable for checksum-bound historical citation; not equivalent to a structured API snapshot.,au_pbs,au_pbs_archive_2019_05_01_fbb2cc8316ad,planned
https://www.pbs.gov.au/info/publication/schedule/2017,2017-12-01,download_for_local_review,pdf,2017-12-01-general-soc.pdf,https://www.pbs.gov.au/publication/schedule/2017/12/2017-12-01-general-soc.pdf?variant=3,au_pbs_archive_fbc5d58cf7a5c4c3,public_reuse_review,Official PBS Schedule publication PDF. Suitable for checksum-bound historical citation; not equivalent to a structured API snapshot.,au_pbs,au_pbs_archive_2017_12_01_fbc5d58cf7a5,planned
https://www.pbs.gov.au/info/publication/schedule/2021,2021-11-01,download_for_local_review,pdf,2021-11-01-efc-schedule.pdf,https://www.pbs.gov.au/publication/schedule/2021/11/2021-11-01-efc-schedule.pdf?variant=3,au_pbs_archive_fbd898755baaf72c,public_reuse_review,Official PBS Schedule publication PDF. Suitable for checksum-bound historical citation; not equivalent to a structured API snapshot.,au_pbs,au_pbs_archive_2021_11_01_fbd898755baa,planned
https://www.pbs.gov.au/info/publication/schedule/2023,2023-02-01,download_for_local_review,pdf,2023-02-01-general-soc.pdf,https://www.pbs.gov.au/publication/schedule/2023/02/2023-02-01-general-soc.pdf?variant=3,au_pbs_archive_fc015666d4414946,public_reuse_review,Official PBS Schedule publication PDF. Suitable for checksum-bound historical citation; not equivalent to a structured API snapshot.,au_pbs,au_pbs_archive_2023_02_01_fc015666d441,planned
https://www.pbs.gov.au/info/publication/schedule/2022,2022-02-01,download_for_local_review,pdf,2022-02-01-general-schedule-volume-2.pdf,https://www.pbs.gov.au/publication/schedule/2022/02/2022-02-01-general-schedule-volume-2.pdf?variant=3,au_pbs_archive_fc2c9a9ac539b4ef,public_reuse_review,Official PBS Schedule publication PDF. Suitable for checksum-bound historical citation; not equivalent to a structured API snapshot.,au_pbs,au_pbs_archive_2022_02_01_fc2c9a9ac539,planned
https://www.pbs.gov.au/info/publication/schedule/2019,2019-05-01,download_for_local_review,pdf,2019-05-01-general-schedule.pdf,https://www.pbs.gov.au/publication/schedule/2019/05/2019-05-01-general-schedule.pdf?variant=3,au_pbs_archive_fc3ad28583e11d95,public_reuse_review,Official PBS Schedule publication PDF. Suitable for checksum-bound historical citation; not equivalent to a structured API snapshot.,au_pbs,au_pbs_archive_2019_05_01_fc3ad28583e1,planned
https://www.pbs.gov.au/info/publication/schedule/2012,2012-07-01,download_for_local_review,pdf,2012-07-01-efc-schedule.pdf,https://www.pbs.gov.au/publication/schedule/2012/07/2012-07-01-efc-schedule.pdf?variant=3,au_pbs_archive_fd0fe84c40180683,public_reuse_review,Official PBS Schedule publication PDF. Suitable for checksum-bound historical citation; not equivalent to a structured API snapshot.,au_pbs,au_pbs_archive_2012_07_01_fd0fe84c4018,planned
https://www.pbs.gov.au/info/publication/schedule/2015,2015-01-01,download_for_local_review,pdf,2015-01-01-general-schedule.pdf,https://www.pbs.gov.au/publication/schedule/2015/01/2015-01-01-general-schedule.pdf?variant=3,au_pbs_archive_fd193e02828e7101,public_reuse_review,Official PBS Schedule publication PDF. Suitable for checksum-bound historical citation; not equivalent to a structured API snapshot.,au_pbs,au_pbs_archive_2015_01_01_fd193e02828e,planned
https://www.pbs.gov.au/info/publication/schedule/2017,2017-12-01,download_for_local_review,pdf,2017-12-01-general-schedule.pdf,https://www.pbs.gov.au/publication/schedule/2017/12/2017-12-01-general-schedule.pdf?variant=3,au_pbs_archive_fd263a900a910b84,public_reuse_review,Official PBS Schedule publication PDF. Suitable for checksum-bound historical citation; not equivalent to a structured API snapshot.,au_pbs,au_pbs_archive_2017_12_01_fd263a900a91,planned
https://www.pbs.gov.au/info/publication/schedule/2010,2010-01-01,download_for_local_review,pdf,2010-01-01-general-schedule-soc.pdf,https://www.pbs.gov.au/publication/schedule/2010/2010-01-01-general-schedule-soc.pdf?variant=3,au_pbs_archive_fe0a9edfae95b526,public_reuse_review,Official PBS Schedule publication PDF. Suitable for checksum-bound historical citation; not equivalent to a structured API snapshot.,au_pbs,au_pbs_archive_2010_01_01_fe0a9edfae95,planned
https://www.pbs.gov.au/info/publication/schedule/2010,2010-04-01,download_for_local_review,pdf,2010-04-01-dental-book-SOC.pdf,https://www.pbs.gov.au/publication/schedule/2010/2010-04-01-dental-book-SOC.pdf?variant=3,au_pbs_archive_fe223acb1c9591c1,public_reuse_review,Official PBS Schedule publication PDF. Suitable for checksum-bound historical citation; not equivalent to a structured API snapshot.,au_pbs,au_pbs_archive_2010_04_01_fe223acb1c95,planned
https://www.pbs.gov.au/info/publication/schedule/2011,2011-12-01,download_for_local_review,pdf,2011-12-01-efficient-funding-of-chemotherapy-erratum.pdf,https://www.pbs.gov.au/publication/schedule/2011/12/2011-12-01-efficient-funding-of-chemotherapy-erratum.pdf?variant=3,au_pbs_archive_fee28320ee316ee4,public_reuse_review,Official PBS Schedule publication PDF. Suitable for checksum-bound historical citation; not equivalent to a structured API snapshot.,au_pbs,au_pbs_archive_2011_12_01_fee28320ee31,planned
https://www.pbs.gov.au/info/publication/schedule/2022,2022-03-01,download_for_local_review,pdf,2022-03-01-general-soc.pdf,https://www.pbs.gov.au/publication/schedule/2022/03/2022-03-01-general-soc.pdf?variant=3,au_pbs_archive_fee4da9fdf4fba44,public_reuse_review,Official PBS Schedule publication PDF. Suitable for checksum-bound historical citation; not equivalent to a structured API snapshot.,au_pbs,au_pbs_archive_2022_03_01_fee4da9fdf4f,planned
https://www.pbs.gov.au/info/publication/schedule/2023,2023-09-01,download_for_local_review,pdf,2023-09-01-general-schedule-volume-2.pdf,https://www.pbs.gov.au/publication/schedule/2023/09/2023-09-01-general-schedule-volume-2.pdf?variant=3,au_pbs_archive_ff3a74f0211246f2,public_reuse_review,Official PBS Schedule publication PDF. Suitable for checksum-bound historical citation; not equivalent to a structured API snapshot.,au_pbs,au_pbs_archive_2023_09_01_ff3a74f02112,planned
https://www.pbs.gov.au/info/publication/schedule/2017,2017-11-01,download_for_local_review,pdf,2017-11-01-general-schedule.pdf,https://www.pbs.gov.au/publication/schedule/2017/11/2017-11-01-general-schedule.pdf?variant=3,au_pbs_archive_ff5c55474642b275,public_reuse_review,Official PBS Schedule publication PDF. Suitable for checksum-bound historical citation; not equivalent to a structured API snapshot.,au_pbs,au_pbs_archive_2017_11_01_ff5c55474642,planned
https://www.pbs.gov.au/info/publication/schedule/2023,2023-07-01,download_for_local_review,pdf,2023-07-01-general-soc.pdf,https://www.pbs.gov.au/publication/schedule/2023/07/2023-07-01-general-soc.pdf?variant=3,au_pbs_archive_ff69747c945d500d,public_reuse_review,Official PBS Schedule publication PDF. Suitable for checksum-bound historical citation; not equivalent to a structured API snapshot.,au_pbs,au_pbs_archive_2023_07_01_ff69747c945d,planned
https://www.pbs.gov.au/info/publication/schedule/2020,2020-07-01,download_for_local_review,pdf,2020-07-01-general-schedule-volume-2.pdf,https://www.pbs.gov.au/publication/schedule/2020/07/2020-07-01-general-schedule-volume-2.pdf?variant=3,au_pbs_archive_ff7333b6011df005,public_reuse_review,Official PBS Schedule publication PDF. Suitable for checksum-bound historical citation; not equivalent to a structured API snapshot.,au_pbs,au_pbs_archive_2020_07_01_ff7333b6011d,planned
https://www.pbs.gov.au/info/publication/schedule/2026,2026-04-01,download_for_local_review,pdf,2026-04-01-general-soc.pdf,https://www.pbs.gov.au/publication/schedule/2026/04/2026-04-01-general-soc.pdf?variant=3,au_pbs_archive_ff7f8a879e8a3a7d,public_reuse_review,Official PBS Schedule publication PDF. Suitable for checksum-bound historical citation; not equivalent to a structured API snapshot.,au_pbs,au_pbs_archive_2026_04_01_ff7f8a879e8a,planned
https://www.pbs.gov.au/info/publication/schedule/2020,2020-08-01,download_for_local_review,pdf,2020-08-01-general-soc.pdf,https://www.pbs.gov.au/publication/schedule/2020/08/2020-08-01-general-soc.pdf?variant=3,au_pbs_archive_ffa4151125a2e710,public_reuse_review,Official PBS Schedule publication PDF. Suitable for checksum-bound historical citation; not equivalent to a structured API snapshot.,au_pbs,au_pbs_archive_2020_08_01_ffa4151125a2,planned
https://www.pbs.gov.au/info/publication/schedule/2011,2011-05-01,download_for_local_review,pdf,2011-05-01-general-schedule-SOC.pdf,https://www.pbs.gov.au/publication/schedule/2011/05/2011-05-01-general-schedule-SOC.pdf?variant=3,au_pbs_archive_ffab30a22e94c45a,public_reuse_review,Official PBS Schedule publication PDF. Suitable for checksum-bound historical citation; not equivalent to a structured API snapshot.,au_pbs,au_pbs_archive_2011_05_01_ffab30a22e94,planned
https://www.pbs.gov.au/info/publication/schedule/2018,2018-04-01,download_for_local_review,pdf,2018-04-01-efc-schedule.pdf,https://www.pbs.gov.au/publication/schedule/2018/04/2018-04-01-efc-schedule.pdf?variant=3,au_pbs_archive_ffcce3e2fce4ef01,public_reuse_review,Official PBS Schedule publication PDF. Suitable for checksum-bound historical citation; not equivalent to a structured API snapshot.,au_pbs,au_pbs_archive_2018_04_01_ffcce3e2fce4,planned
