decision_date,decision_id,decision_status,economic_notes,evidence_standard,jurisdiction,provenance,restriction_summary,source_id,technology_domain,technology_name
2024-05-27,NCD-1-v3,covered,,CMS National Coverage Determination,United States,"{""effective_date"": null, ""licence_class"": ""permissive"", ""retrieved_at"": null, ""source_id"": ""us_cms_mcd"", ""source_url"": ""https://downloads.cms.gov/medicare-coverage-database/downloads/exports/ncd.zip"", ""source_version"": ""us_cms_mcd_ncd_2026_07_20"", ""transformation_notes"": ""Retained NCD identity, title, dates, and national/termination flags; excluded long HTML text and did not infer item-level coverage.""}",National NCD export metadata; consult the cited NCD.,us_cms_mcd,medicare_coverage,Routine Costs in Clinical Trials
1966-01-01,NCD-2-v1,covered,,CMS National Coverage Determination,United States,"{""effective_date"": null, ""licence_class"": ""permissive"", ""retrieved_at"": null, ""source_id"": ""us_cms_mcd"", ""source_url"": ""https://downloads.cms.gov/medicare-coverage-database/downloads/exports/ncd.zip"", ""source_version"": ""us_cms_mcd_ncd_2026_07_20"", ""transformation_notes"": ""Retained NCD identity, title, dates, and national/termination flags; excluded long HTML text and did not infer item-level coverage.""}",National NCD export metadata; consult the cited NCD.,us_cms_mcd,medicare_coverage,Colonic Irrigation
1966-01-01,NCD-3-v1,covered,,CMS National Coverage Determination,United States,"{""effective_date"": null, ""licence_class"": ""permissive"", ""retrieved_at"": null, ""source_id"": ""us_cms_mcd"", ""source_url"": ""https://downloads.cms.gov/medicare-coverage-database/downloads/exports/ncd.zip"", ""source_version"": ""us_cms_mcd_ncd_2026_07_20"", ""transformation_notes"": ""Retained NCD identity, title, dates, and national/termination flags; excluded long HTML text and did not infer item-level coverage.""}",National NCD export metadata; consult the cited NCD.,us_cms_mcd,medicare_coverage,Manipulation
1966-01-01,NCD-4-v1,covered,,CMS National Coverage Determination,United States,"{""effective_date"": null, ""licence_class"": ""permissive"", ""retrieved_at"": null, ""source_id"": ""us_cms_mcd"", ""source_url"": ""https://downloads.cms.gov/medicare-coverage-database/downloads/exports/ncd.zip"", ""source_version"": ""us_cms_mcd_ncd_2026_07_20"", ""transformation_notes"": ""Retained NCD identity, title, dates, and national/termination flags; excluded long HTML text and did not infer item-level coverage.""}",National NCD export metadata; consult the cited NCD.,us_cms_mcd,medicare_coverage,"Heat Treatment, Including the Use of Diathermy and Ultra-Sound for Pulmonary Conditions"
1966-01-01,NCD-5-v1,covered,,CMS National Coverage Determination,United States,"{""effective_date"": null, ""licence_class"": ""permissive"", ""retrieved_at"": null, ""source_id"": ""us_cms_mcd"", ""source_url"": ""https://downloads.cms.gov/medicare-coverage-database/downloads/exports/ncd.zip"", ""source_version"": ""us_cms_mcd_ncd_2026_07_20"", ""transformation_notes"": ""Retained NCD identity, title, dates, and national/termination flags; excluded long HTML text and did not infer item-level coverage.""}",National NCD export metadata; consult the cited NCD.,us_cms_mcd,medicare_coverage,Ultrasonic Surgery
1966-01-01,NCD-6-v1,covered,,CMS National Coverage Determination,United States,"{""effective_date"": null, ""licence_class"": ""permissive"", ""retrieved_at"": null, ""source_id"": ""us_cms_mcd"", ""source_url"": ""https://downloads.cms.gov/medicare-coverage-database/downloads/exports/ncd.zip"", ""source_version"": ""us_cms_mcd_ncd_2026_07_20"", ""transformation_notes"": ""Retained NCD identity, title, dates, and national/termination flags; excluded long HTML text and did not infer item-level coverage.""}",National NCD export metadata; consult the cited NCD.,us_cms_mcd,medicare_coverage,Cellular Therapy
1966-01-01,NCD-7-v1,covered,,CMS National Coverage Determination,United States,"{""effective_date"": null, ""licence_class"": ""permissive"", ""retrieved_at"": null, ""source_id"": ""us_cms_mcd"", ""source_url"": ""https://downloads.cms.gov/medicare-coverage-database/downloads/exports/ncd.zip"", ""source_version"": ""us_cms_mcd_ncd_2026_07_20"", ""transformation_notes"": ""Retained NCD identity, title, dates, and national/termination flags; excluded long HTML text and did not infer item-level coverage.""}",National NCD export metadata; consult the cited NCD.,us_cms_mcd,medicare_coverage,Thermogenic Therapy
1966-01-01,NCD-8-v1,covered,,CMS National Coverage Determination,United States,"{""effective_date"": null, ""licence_class"": ""permissive"", ""retrieved_at"": null, ""source_id"": ""us_cms_mcd"", ""source_url"": ""https://downloads.cms.gov/medicare-coverage-database/downloads/exports/ncd.zip"", ""source_version"": ""us_cms_mcd_ncd_2026_07_20"", ""transformation_notes"": ""Retained NCD identity, title, dates, and national/termination flags; excluded long HTML text and did not infer item-level coverage.""}",National NCD export metadata; consult the cited NCD.,us_cms_mcd,medicare_coverage,Carotid Body Resection/Carotid Body Denervation
1966-01-01,NCD-9-v1,covered,,CMS National Coverage Determination,United States,"{""effective_date"": null, ""licence_class"": ""permissive"", ""retrieved_at"": null, ""source_id"": ""us_cms_mcd"", ""source_url"": ""https://downloads.cms.gov/medicare-coverage-database/downloads/exports/ncd.zip"", ""source_version"": ""us_cms_mcd_ncd_2026_07_20"", ""transformation_notes"": ""Retained NCD identity, title, dates, and national/termination flags; excluded long HTML text and did not infer item-level coverage.""}",National NCD export metadata; consult the cited NCD.,us_cms_mcd,medicare_coverage,Phaco-Emulsification Procedure - Cataract Extraction
2020-01-21,NCD-11-v2,covered,,CMS National Coverage Determination,United States,"{""effective_date"": null, ""licence_class"": ""permissive"", ""retrieved_at"": null, ""source_id"": ""us_cms_mcd"", ""source_url"": ""https://downloads.cms.gov/medicare-coverage-database/downloads/exports/ncd.zip"", ""source_version"": ""us_cms_mcd_ncd_2026_07_20"", ""transformation_notes"": ""Retained NCD identity, title, dates, and national/termination flags; excluded long HTML text and did not infer item-level coverage.""}",National NCD export metadata; consult the cited NCD.,us_cms_mcd,medicare_coverage,Acupuncture
2017-04-03,NCD-12-v4,covered,,CMS National Coverage Determination,United States,"{""effective_date"": null, ""licence_class"": ""permissive"", ""retrieved_at"": null, ""source_id"": ""us_cms_mcd"", ""source_url"": ""https://downloads.cms.gov/medicare-coverage-database/downloads/exports/ncd.zip"", ""source_version"": ""us_cms_mcd_ncd_2026_07_20"", ""transformation_notes"": ""Retained NCD identity, title, dates, and national/termination flags; excluded long HTML text and did not infer item-level coverage.""}",National NCD export metadata; consult the cited NCD.,us_cms_mcd,medicare_coverage,Hyperbaric Oxygen Therapy
1966-01-01,NCD-13-v1,covered,,CMS National Coverage Determination,United States,"{""effective_date"": null, ""licence_class"": ""permissive"", ""retrieved_at"": null, ""source_id"": ""us_cms_mcd"", ""source_url"": ""https://downloads.cms.gov/medicare-coverage-database/downloads/exports/ncd.zip"", ""source_version"": ""us_cms_mcd_ncd_2026_07_20"", ""transformation_notes"": ""Retained NCD identity, title, dates, and national/termination flags; excluded long HTML text and did not infer item-level coverage.""}",National NCD export metadata; consult the cited NCD.,us_cms_mcd,medicare_coverage,Sterilization
1989-05-01,NCD-14-v1,covered,,CMS National Coverage Determination,United States,"{""effective_date"": null, ""licence_class"": ""permissive"", ""retrieved_at"": null, ""source_id"": ""us_cms_mcd"", ""source_url"": ""https://downloads.cms.gov/medicare-coverage-database/downloads/exports/ncd.zip"", ""source_version"": ""us_cms_mcd_ncd_2026_07_20"", ""transformation_notes"": ""Retained NCD identity, title, dates, and national/termination flags; excluded long HTML text and did not infer item-level coverage.""}",National NCD export metadata; consult the cited NCD.,us_cms_mcd,medicare_coverage,"Plastic Surgery to Correct ""Moon Face"""
1999-09-27,NCD-15-v1,covered,,CMS National Coverage Determination,United States,"{""effective_date"": null, ""licence_class"": ""permissive"", ""retrieved_at"": null, ""source_id"": ""us_cms_mcd"", ""source_url"": ""https://downloads.cms.gov/medicare-coverage-database/downloads/exports/ncd.zip"", ""source_version"": ""us_cms_mcd_ncd_2026_07_20"", ""transformation_notes"": ""Retained NCD identity, title, dates, and national/termination flags; excluded long HTML text and did not infer item-level coverage.""}",National NCD export metadata; consult the cited NCD.,us_cms_mcd,medicare_coverage,"Prolotherapy, Joint Sclerotherapy, and Ligamentous Injections with Sclerosing Agents"
1966-01-01,NCD-16-v1,covered,,CMS National Coverage Determination,United States,"{""effective_date"": null, ""licence_class"": ""permissive"", ""retrieved_at"": null, ""source_id"": ""us_cms_mcd"", ""source_url"": ""https://downloads.cms.gov/medicare-coverage-database/downloads/exports/ncd.zip"", ""source_version"": ""us_cms_mcd_ncd_2026_07_20"", ""transformation_notes"": ""Retained NCD identity, title, dates, and national/termination flags; excluded long HTML text and did not infer item-level coverage.""}",National NCD export metadata; consult the cited NCD.,us_cms_mcd,medicare_coverage,Consultations with a Beneficiary's Family and Associates
1988-09-01,NCD-17-v1,covered,,CMS National Coverage Determination,United States,"{""effective_date"": null, ""licence_class"": ""permissive"", ""retrieved_at"": null, ""source_id"": ""us_cms_mcd"", ""source_url"": ""https://downloads.cms.gov/medicare-coverage-database/downloads/exports/ncd.zip"", ""source_version"": ""us_cms_mcd_ncd_2026_07_20"", ""transformation_notes"": ""Retained NCD identity, title, dates, and national/termination flags; excluded long HTML text and did not infer item-level coverage.""}",National NCD export metadata; consult the cited NCD.,us_cms_mcd,medicare_coverage,Postural Drainage Procedures and Pulmonary Exercises
2006-06-19,NCD-18-v2,covered,,CMS National Coverage Determination,United States,"{""effective_date"": null, ""licence_class"": ""permissive"", ""retrieved_at"": null, ""source_id"": ""us_cms_mcd"", ""source_url"": ""https://downloads.cms.gov/medicare-coverage-database/downloads/exports/ncd.zip"", ""source_version"": ""us_cms_mcd_ncd_2026_07_20"", ""transformation_notes"": ""Retained NCD identity, title, dates, and national/termination flags; excluded long HTML text and did not infer item-level coverage.""}",National NCD export metadata; consult the cited NCD.,us_cms_mcd,medicare_coverage,Vitrectomy
1966-01-01,NCD-19-v1,covered,,CMS National Coverage Determination,United States,"{""effective_date"": null, ""licence_class"": ""permissive"", ""retrieved_at"": null, ""source_id"": ""us_cms_mcd"", ""source_url"": ""https://downloads.cms.gov/medicare-coverage-database/downloads/exports/ncd.zip"", ""source_version"": ""us_cms_mcd_ncd_2026_07_20"", ""transformation_notes"": ""Retained NCD identity, title, dates, and national/termination flags; excluded long HTML text and did not infer item-level coverage.""}",National NCD export metadata; consult the cited NCD.,us_cms_mcd,medicare_coverage,Induced Lesions of Nerve Tracts
2023-04-10,NCD-20-v3,not_covered,,CMS National Coverage Determination,United States,"{""effective_date"": null, ""licence_class"": ""permissive"", ""retrieved_at"": null, ""source_id"": ""us_cms_mcd"", ""source_url"": ""https://downloads.cms.gov/medicare-coverage-database/downloads/exports/ncd.zip"", ""source_version"": ""us_cms_mcd_ncd_2026_07_20"", ""transformation_notes"": ""Retained NCD identity, title, dates, and national/termination flags; excluded long HTML text and did not infer item-level coverage.""}",National NCD export metadata; consult the cited NCD.,us_cms_mcd,medicare_coverage,Electrosleep Therapy - RETIRED
1966-01-01,NCD-21-v1,covered,,CMS National Coverage Determination,United States,"{""effective_date"": null, ""licence_class"": ""permissive"", ""retrieved_at"": null, ""source_id"": ""us_cms_mcd"", ""source_url"": ""https://downloads.cms.gov/medicare-coverage-database/downloads/exports/ncd.zip"", ""source_version"": ""us_cms_mcd_ncd_2026_07_20"", ""transformation_notes"": ""Retained NCD identity, title, dates, and national/termination flags; excluded long HTML text and did not infer item-level coverage.""}",National NCD export metadata; consult the cited NCD.,us_cms_mcd,medicare_coverage,Intravenous Histamine Therapy
2003-04-01,NCD-22-v2,covered,,CMS National Coverage Determination,United States,"{""effective_date"": null, ""licence_class"": ""permissive"", ""retrieved_at"": null, ""source_id"": ""us_cms_mcd"", ""source_url"": ""https://downloads.cms.gov/medicare-coverage-database/downloads/exports/ncd.zip"", ""source_version"": ""us_cms_mcd_ncd_2026_07_20"", ""transformation_notes"": ""Retained NCD identity, title, dates, and national/termination flags; excluded long HTML text and did not infer item-level coverage.""}",National NCD export metadata; consult the cited NCD.,us_cms_mcd,medicare_coverage,Treatment of Motor Function Disorders with Electric Nerve Stimulation
1966-01-01,NCD-23-v1,covered,,CMS National Coverage Determination,United States,"{""effective_date"": null, ""licence_class"": ""permissive"", ""retrieved_at"": null, ""source_id"": ""us_cms_mcd"", ""source_url"": ""https://downloads.cms.gov/medicare-coverage-database/downloads/exports/ncd.zip"", ""source_version"": ""us_cms_mcd_ncd_2026_07_20"", ""transformation_notes"": ""Retained NCD identity, title, dates, and national/termination flags; excluded long HTML text and did not infer item-level coverage.""}",National NCD export metadata; consult the cited NCD.,us_cms_mcd,medicare_coverage,Inpatient Hospital Pain Rehabilitation Programs
1966-01-01,NCD-24-v1,covered,,CMS National Coverage Determination,United States,"{""effective_date"": null, ""licence_class"": ""permissive"", ""retrieved_at"": null, ""source_id"": ""us_cms_mcd"", ""source_url"": ""https://downloads.cms.gov/medicare-coverage-database/downloads/exports/ncd.zip"", ""source_version"": ""us_cms_mcd_ncd_2026_07_20"", ""transformation_notes"": ""Retained NCD identity, title, dates, and national/termination flags; excluded long HTML text and did not infer item-level coverage.""}",National NCD export metadata; consult the cited NCD.,us_cms_mcd,medicare_coverage,Outpatient Hospital Pain Rehabilitation Programs
2002-11-25,NCD-25-v1,covered,,CMS National Coverage Determination,United States,"{""effective_date"": null, ""licence_class"": ""permissive"", ""retrieved_at"": null, ""source_id"": ""us_cms_mcd"", ""source_url"": ""https://downloads.cms.gov/medicare-coverage-database/downloads/exports/ncd.zip"", ""source_version"": ""us_cms_mcd_ncd_2026_07_20"", ""transformation_notes"": ""Retained NCD identity, title, dates, and national/termination flags; excluded long HTML text and did not infer item-level coverage.""}",National NCD export metadata; consult the cited NCD.,us_cms_mcd,medicare_coverage,"Urine Culture, Bacterial"
1966-01-01,NCD-26-v1,covered,,CMS National Coverage Determination,United States,"{""effective_date"": null, ""licence_class"": ""permissive"", ""retrieved_at"": null, ""source_id"": ""us_cms_mcd"", ""source_url"": ""https://downloads.cms.gov/medicare-coverage-database/downloads/exports/ncd.zip"", ""source_version"": ""us_cms_mcd_ncd_2026_07_20"", ""transformation_notes"": ""Retained NCD identity, title, dates, and national/termination flags; excluded long HTML text and did not infer item-level coverage.""}",National NCD export metadata; consult the cited NCD.,us_cms_mcd,medicare_coverage,Inpatient Hospital Stays for Treatment of Alcoholism
1966-01-01,NCD-27-v1,covered,,CMS National Coverage Determination,United States,"{""effective_date"": null, ""licence_class"": ""permissive"", ""retrieved_at"": null, ""source_id"": ""us_cms_mcd"", ""source_url"": ""https://downloads.cms.gov/medicare-coverage-database/downloads/exports/ncd.zip"", ""source_version"": ""us_cms_mcd_ncd_2026_07_20"", ""transformation_notes"": ""Retained NCD identity, title, dates, and national/termination flags; excluded long HTML text and did not infer item-level coverage.""}",National NCD export metadata; consult the cited NCD.,us_cms_mcd,medicare_coverage,Outpatient Hospital Services for Treatment of Alcoholism
1966-01-01,NCD-28-v1,covered,,CMS National Coverage Determination,United States,"{""effective_date"": null, ""licence_class"": ""permissive"", ""retrieved_at"": null, ""source_id"": ""us_cms_mcd"", ""source_url"": ""https://downloads.cms.gov/medicare-coverage-database/downloads/exports/ncd.zip"", ""source_version"": ""us_cms_mcd_ncd_2026_07_20"", ""transformation_notes"": ""Retained NCD identity, title, dates, and national/termination flags; excluded long HTML text and did not infer item-level coverage.""}",National NCD export metadata; consult the cited NCD.,us_cms_mcd,medicare_coverage,Treatment of Drug Abuse (Chemical Dependency)
1966-01-01,NCD-29-v1,covered,,CMS National Coverage Determination,United States,"{""effective_date"": null, ""licence_class"": ""permissive"", ""retrieved_at"": null, ""source_id"": ""us_cms_mcd"", ""source_url"": ""https://downloads.cms.gov/medicare-coverage-database/downloads/exports/ncd.zip"", ""source_version"": ""us_cms_mcd_ncd_2026_07_20"", ""transformation_notes"": ""Retained NCD identity, title, dates, and national/termination flags; excluded long HTML text and did not infer item-level coverage.""}",National NCD export metadata; consult the cited NCD.,us_cms_mcd,medicare_coverage,Treatment of Alcoholism and Drug Abuse in a Freestanding Clinic
1966-01-01,NCD-30-v1,covered,,CMS National Coverage Determination,United States,"{""effective_date"": null, ""licence_class"": ""permissive"", ""retrieved_at"": null, ""source_id"": ""us_cms_mcd"", ""source_url"": ""https://downloads.cms.gov/medicare-coverage-database/downloads/exports/ncd.zip"", ""source_version"": ""us_cms_mcd_ncd_2026_07_20"", ""transformation_notes"": ""Retained NCD identity, title, dates, and national/termination flags; excluded long HTML text and did not infer item-level coverage.""}",National NCD export metadata; consult the cited NCD.,us_cms_mcd,medicare_coverage,Chemical Aversion Therapy for Treatment of Alcoholism
1966-01-01,NCD-31-v1,covered,,CMS National Coverage Determination,United States,"{""effective_date"": null, ""licence_class"": ""permissive"", ""retrieved_at"": null, ""source_id"": ""us_cms_mcd"", ""source_url"": ""https://downloads.cms.gov/medicare-coverage-database/downloads/exports/ncd.zip"", ""source_version"": ""us_cms_mcd_ncd_2026_07_20"", ""transformation_notes"": ""Retained NCD identity, title, dates, and national/termination flags; excluded long HTML text and did not infer item-level coverage.""}",National NCD export metadata; consult the cited NCD.,us_cms_mcd,medicare_coverage,Electrical Aversion Therapy for Treatment of Alcoholism
1966-01-01,NCD-32-v1,covered,,CMS National Coverage Determination,United States,"{""effective_date"": null, ""licence_class"": ""permissive"", ""retrieved_at"": null, ""source_id"": ""us_cms_mcd"", ""source_url"": ""https://downloads.cms.gov/medicare-coverage-database/downloads/exports/ncd.zip"", ""source_version"": ""us_cms_mcd_ncd_2026_07_20"", ""transformation_notes"": ""Retained NCD identity, title, dates, and national/termination flags; excluded long HTML text and did not infer item-level coverage.""}",National NCD export metadata; consult the cited NCD.,us_cms_mcd,medicare_coverage,Diagnosis and Treatment of Impotence
2023-04-10,NCD-36-v4,covered,,CMS National Coverage Determination,United States,"{""effective_date"": null, ""licence_class"": ""permissive"", ""retrieved_at"": null, ""source_id"": ""us_cms_mcd"", ""source_url"": ""https://downloads.cms.gov/medicare-coverage-database/downloads/exports/ncd.zip"", ""source_version"": ""us_cms_mcd_ncd_2026_07_20"", ""transformation_notes"": ""Retained NCD identity, title, dates, and national/termination flags; excluded long HTML text and did not infer item-level coverage.""}",National NCD export metadata; consult the cited NCD.,us_cms_mcd,medicare_coverage,Cardiac Rehabilitation Programs - RETIRED
2013-09-24,NCD-38-v4,covered,,CMS National Coverage Determination,United States,"{""effective_date"": null, ""licence_class"": ""permissive"", ""retrieved_at"": null, ""source_id"": ""us_cms_mcd"", ""source_url"": ""https://downloads.cms.gov/medicare-coverage-database/downloads/exports/ncd.zip"", ""source_version"": ""us_cms_mcd_ncd_2026_07_20"", ""transformation_notes"": ""Retained NCD identity, title, dates, and national/termination flags; excluded long HTML text and did not infer item-level coverage.""}",National NCD export metadata; consult the cited NCD.,us_cms_mcd,medicare_coverage,Treatment of Obesity
1966-01-01,NCD-41-v1,covered,,CMS National Coverage Determination,United States,"{""effective_date"": null, ""licence_class"": ""permissive"", ""retrieved_at"": null, ""source_id"": ""us_cms_mcd"", ""source_url"": ""https://downloads.cms.gov/medicare-coverage-database/downloads/exports/ncd.zip"", ""source_version"": ""us_cms_mcd_ncd_2026_07_20"", ""transformation_notes"": ""Retained NCD identity, title, dates, and national/termination flags; excluded long HTML text and did not infer item-level coverage.""}",National NCD export metadata; consult the cited NCD.,us_cms_mcd,medicare_coverage,Biofeedback Therapy
2001-07-01,NCD-42-v1,covered,,CMS National Coverage Determination,United States,"{""effective_date"": null, ""licence_class"": ""permissive"", ""retrieved_at"": null, ""source_id"": ""us_cms_mcd"", ""source_url"": ""https://downloads.cms.gov/medicare-coverage-database/downloads/exports/ncd.zip"", ""source_version"": ""us_cms_mcd_ncd_2026_07_20"", ""transformation_notes"": ""Retained NCD identity, title, dates, and national/termination flags; excluded long HTML text and did not infer item-level coverage.""}",National NCD export metadata; consult the cited NCD.,us_cms_mcd,medicare_coverage,Biofeedback Therapy for the Treatment of Urinary Incontinence
1978-08-01,NCD-43-v1,covered,,CMS National Coverage Determination,United States,"{""effective_date"": null, ""licence_class"": ""permissive"", ""retrieved_at"": null, ""source_id"": ""us_cms_mcd"", ""source_url"": ""https://downloads.cms.gov/medicare-coverage-database/downloads/exports/ncd.zip"", ""source_version"": ""us_cms_mcd_ncd_2026_07_20"", ""transformation_notes"": ""Retained NCD identity, title, dates, and national/termination flags; excluded long HTML text and did not infer item-level coverage.""}",National NCD export metadata; consult the cited NCD.,us_cms_mcd,medicare_coverage,Oxygen Treatment of Inner Ear/Carbon Therapy
1996-05-24,NCD-44-v1,covered,,CMS National Coverage Determination,United States,"{""effective_date"": null, ""licence_class"": ""permissive"", ""retrieved_at"": null, ""source_id"": ""us_cms_mcd"", ""source_url"": ""https://downloads.cms.gov/medicare-coverage-database/downloads/exports/ncd.zip"", ""source_version"": ""us_cms_mcd_ncd_2026_07_20"", ""transformation_notes"": ""Retained NCD identity, title, dates, and national/termination flags; excluded long HTML text and did not infer item-level coverage.""}",National NCD export metadata; consult the cited NCD.,us_cms_mcd,medicare_coverage,Blood Platelet Transfusions
2002-11-25,NCD-46-v1,covered,,CMS National Coverage Determination,United States,"{""effective_date"": null, ""licence_class"": ""permissive"", ""retrieved_at"": null, ""source_id"": ""us_cms_mcd"", ""source_url"": ""https://downloads.cms.gov/medicare-coverage-database/downloads/exports/ncd.zip"", ""source_version"": ""us_cms_mcd_ncd_2026_07_20"", ""transformation_notes"": ""Retained NCD identity, title, dates, and national/termination flags; excluded long HTML text and did not infer item-level coverage.""}",National NCD export metadata; consult the cited NCD.,us_cms_mcd,medicare_coverage,Human Immunodeficiency Virus (HIV) Testing (Prognosis Including Monitoring)
1966-01-01,NCD-47-v1,covered,,CMS National Coverage Determination,United States,"{""effective_date"": null, ""licence_class"": ""permissive"", ""retrieved_at"": null, ""source_id"": ""us_cms_mcd"", ""source_url"": ""https://downloads.cms.gov/medicare-coverage-database/downloads/exports/ncd.zip"", ""source_version"": ""us_cms_mcd_ncd_2026_07_20"", ""transformation_notes"": ""Retained NCD identity, title, dates, and national/termination flags; excluded long HTML text and did not infer item-level coverage.""}",National NCD export metadata; consult the cited NCD.,us_cms_mcd,medicare_coverage,Treatment of Decubitus Ulcers
1966-01-01,NCD-48-v1,covered,,CMS National Coverage Determination,United States,"{""effective_date"": null, ""licence_class"": ""permissive"", ""retrieved_at"": null, ""source_id"": ""us_cms_mcd"", ""source_url"": ""https://downloads.cms.gov/medicare-coverage-database/downloads/exports/ncd.zip"", ""source_version"": ""us_cms_mcd_ncd_2026_07_20"", ""transformation_notes"": ""Retained NCD identity, title, dates, and national/termination flags; excluded long HTML text and did not infer item-level coverage.""}",National NCD export metadata; consult the cited NCD.,us_cms_mcd,medicare_coverage,Vertebral Artery Surgery
2023-04-10,NCD-50-v3,covered,,CMS National Coverage Determination,United States,"{""effective_date"": null, ""licence_class"": ""permissive"", ""retrieved_at"": null, ""source_id"": ""us_cms_mcd"", ""source_url"": ""https://downloads.cms.gov/medicare-coverage-database/downloads/exports/ncd.zip"", ""source_version"": ""us_cms_mcd_ncd_2026_07_20"", ""transformation_notes"": ""Retained NCD identity, title, dates, and national/termination flags; excluded long HTML text and did not infer item-level coverage.""}",National NCD export metadata; consult the cited NCD.,us_cms_mcd,medicare_coverage,Intestinal Bypass Surgery - RETIRED
1966-01-01,NCD-51-v1,covered,,CMS National Coverage Determination,United States,"{""effective_date"": null, ""licence_class"": ""permissive"", ""retrieved_at"": null, ""source_id"": ""us_cms_mcd"", ""source_url"": ""https://downloads.cms.gov/medicare-coverage-database/downloads/exports/ncd.zip"", ""source_version"": ""us_cms_mcd_ncd_2026_07_20"", ""transformation_notes"": ""Retained NCD identity, title, dates, and national/termination flags; excluded long HTML text and did not infer item-level coverage.""}",National NCD export metadata; consult the cited NCD.,us_cms_mcd,medicare_coverage,Fabric Wrapping of Abdominal Aneurysms
1978-12-15,NCD-52-v1,covered,,CMS National Coverage Determination,United States,"{""effective_date"": null, ""licence_class"": ""permissive"", ""retrieved_at"": null, ""source_id"": ""us_cms_mcd"", ""source_url"": ""https://downloads.cms.gov/medicare-coverage-database/downloads/exports/ncd.zip"", ""source_version"": ""us_cms_mcd_ncd_2026_07_20"", ""transformation_notes"": ""Retained NCD identity, title, dates, and national/termination flags; excluded long HTML text and did not infer item-level coverage.""}",National NCD export metadata; consult the cited NCD.,us_cms_mcd,medicare_coverage,Therapeutic Embolization
2009-12-08,NCD-53-v3,covered,,CMS National Coverage Determination,United States,"{""effective_date"": null, ""licence_class"": ""permissive"", ""retrieved_at"": null, ""source_id"": ""us_cms_mcd"", ""source_url"": ""https://downloads.cms.gov/medicare-coverage-database/downloads/exports/ncd.zip"", ""source_version"": ""us_cms_mcd_ncd_2026_07_20"", ""transformation_notes"": ""Retained NCD identity, title, dates, and national/termination flags; excluded long HTML text and did not infer item-level coverage.""}",National NCD export metadata; consult the cited NCD.,us_cms_mcd,medicare_coverage,Human Immunodeficiency Virus (HIV) Testing (Diagnosis)
1991-03-27,NCD-54-v1,covered,,CMS National Coverage Determination,United States,"{""effective_date"": null, ""licence_class"": ""permissive"", ""retrieved_at"": null, ""source_id"": ""us_cms_mcd"", ""source_url"": ""https://downloads.cms.gov/medicare-coverage-database/downloads/exports/ncd.zip"", ""source_version"": ""us_cms_mcd_ncd_2026_07_20"", ""transformation_notes"": ""Retained NCD identity, title, dates, and national/termination flags; excluded long HTML text and did not infer item-level coverage.""}",National NCD export metadata; consult the cited NCD.,us_cms_mcd,medicare_coverage,Extracranial-Intracranial (EC-IC) Arterial Bypass Surgery
1987-08-20,NCD-55-v1,covered,,CMS National Coverage Determination,United States,"{""effective_date"": null, ""licence_class"": ""permissive"", ""retrieved_at"": null, ""source_id"": ""us_cms_mcd"", ""source_url"": ""https://downloads.cms.gov/medicare-coverage-database/downloads/exports/ncd.zip"", ""source_version"": ""us_cms_mcd_ncd_2026_07_20"", ""transformation_notes"": ""Retained NCD identity, title, dates, and national/termination flags; excluded long HTML text and did not infer item-level coverage.""}",National NCD export metadata; consult the cited NCD.,us_cms_mcd,medicare_coverage,"Ultrafiltration, Hemoperfusion and Hemofiltration"
1979-09-01,NCD-56-v1,covered,,CMS National Coverage Determination,United States,"{""effective_date"": null, ""licence_class"": ""permissive"", ""retrieved_at"": null, ""source_id"": ""us_cms_mcd"", ""source_url"": ""https://downloads.cms.gov/medicare-coverage-database/downloads/exports/ncd.zip"", ""source_version"": ""us_cms_mcd_ncd_2026_07_20"", ""transformation_notes"": ""Retained NCD identity, title, dates, and national/termination flags; excluded long HTML text and did not infer item-level coverage.""}",National NCD export metadata; consult the cited NCD.,us_cms_mcd,medicare_coverage,Intraocular Photography
2013-09-24,NCD-57-v5,covered,,CMS National Coverage Determination,United States,"{""effective_date"": null, ""licence_class"": ""permissive"", ""retrieved_at"": null, ""source_id"": ""us_cms_mcd"", ""source_url"": ""https://downloads.cms.gov/medicare-coverage-database/downloads/exports/ncd.zip"", ""source_version"": ""us_cms_mcd_ncd_2026_07_20"", ""transformation_notes"": ""Retained NCD identity, title, dates, and national/termination flags; excluded long HTML text and did not infer item-level coverage.""}",National NCD export metadata; consult the cited NCD.,us_cms_mcd,medicare_coverage,Bariatric Surgery for Treatment of Co-Morbid Conditions Related to Morbid Obesity
2006-06-19,NCD-58-v2,covered,,CMS National Coverage Determination,United States,"{""effective_date"": null, ""licence_class"": ""permissive"", ""retrieved_at"": null, ""source_id"": ""us_cms_mcd"", ""source_url"": ""https://downloads.cms.gov/medicare-coverage-database/downloads/exports/ncd.zip"", ""source_version"": ""us_cms_mcd_ncd_2026_07_20"", ""transformation_notes"": ""Retained NCD identity, title, dates, and national/termination flags; excluded long HTML text and did not infer item-level coverage.""}",National NCD export metadata; consult the cited NCD.,us_cms_mcd,medicare_coverage,Diathermy Treatment
1966-01-01,NCD-59-v1,covered,,CMS National Coverage Determination,United States,"{""effective_date"": null, ""licence_class"": ""permissive"", ""retrieved_at"": null, ""source_id"": ""us_cms_mcd"", ""source_url"": ""https://downloads.cms.gov/medicare-coverage-database/downloads/exports/ncd.zip"", ""source_version"": ""us_cms_mcd_ncd_2026_07_20"", ""transformation_notes"": ""Retained NCD identity, title, dates, and national/termination flags; excluded long HTML text and did not infer item-level coverage.""}",National NCD export metadata; consult the cited NCD.,us_cms_mcd,medicare_coverage,Withdrawal Treatments for Narcotic Addictions
1992-08-31,NCD-60-v1,covered,,CMS National Coverage Determination,United States,"{""effective_date"": null, ""licence_class"": ""permissive"", ""retrieved_at"": null, ""source_id"": ""us_cms_mcd"", ""source_url"": ""https://downloads.cms.gov/medicare-coverage-database/downloads/exports/ncd.zip"", ""source_version"": ""us_cms_mcd_ncd_2026_07_20"", ""transformation_notes"": ""Retained NCD identity, title, dates, and national/termination flags; excluded long HTML text and did not infer item-level coverage.""}",National NCD export metadata; consult the cited NCD.,us_cms_mcd,medicare_coverage,Use of Visual Tests Prior to and General Anesthesia during Cataract Surgery
2002-11-25,NCD-61-v1,covered,,CMS National Coverage Determination,United States,"{""effective_date"": null, ""licence_class"": ""permissive"", ""retrieved_at"": null, ""source_id"": ""us_cms_mcd"", ""source_url"": ""https://downloads.cms.gov/medicare-coverage-database/downloads/exports/ncd.zip"", ""source_version"": ""us_cms_mcd_ncd_2026_07_20"", ""transformation_notes"": ""Retained NCD identity, title, dates, and national/termination flags; excluded long HTML text and did not infer item-level coverage.""}",National NCD export metadata; consult the cited NCD.,us_cms_mcd,medicare_coverage,Blood Counts
2023-04-10,NCD-62-v3,covered,,CMS National Coverage Determination,United States,"{""effective_date"": null, ""licence_class"": ""permissive"", ""retrieved_at"": null, ""source_id"": ""us_cms_mcd"", ""source_url"": ""https://downloads.cms.gov/medicare-coverage-database/downloads/exports/ncd.zip"", ""source_version"": ""us_cms_mcd_ncd_2026_07_20"", ""transformation_notes"": ""Retained NCD identity, title, dates, and national/termination flags; excluded long HTML text and did not infer item-level coverage.""}",National NCD export metadata; consult the cited NCD.,us_cms_mcd,medicare_coverage,Cardiac Catheterization Performed in Other than a Hospital Setting - RETIRED
2006-06-19,NCD-63-v2,covered,,CMS National Coverage Determination,United States,"{""effective_date"": null, ""licence_class"": ""permissive"", ""retrieved_at"": null, ""source_id"": ""us_cms_mcd"", ""source_url"": ""https://downloads.cms.gov/medicare-coverage-database/downloads/exports/ncd.zip"", ""source_version"": ""us_cms_mcd_ncd_2026_07_20"", ""transformation_notes"": ""Retained NCD identity, title, dates, and national/termination flags; excluded long HTML text and did not infer item-level coverage.""}",National NCD export metadata; consult the cited NCD.,us_cms_mcd,medicare_coverage,Assessing Patient's Suitability for Electrical Nerve Stimulation Therapy
1997-01-01,NCD-64-v1,covered,,CMS National Coverage Determination,United States,"{""effective_date"": null, ""licence_class"": ""permissive"", ""retrieved_at"": null, ""source_id"": ""us_cms_mcd"", ""source_url"": ""https://downloads.cms.gov/medicare-coverage-database/downloads/exports/ncd.zip"", ""source_version"": ""us_cms_mcd_ncd_2026_07_20"", ""transformation_notes"": ""Retained NCD identity, title, dates, and national/termination flags; excluded long HTML text and did not infer item-level coverage.""}",National NCD export metadata; consult the cited NCD.,us_cms_mcd,medicare_coverage,Breast Reconstruction Following Mastectomy
2005-04-27,NCD-65-v2,covered,,CMS National Coverage Determination,United States,"{""effective_date"": null, ""licence_class"": ""permissive"", ""retrieved_at"": null, ""source_id"": ""us_cms_mcd"", ""source_url"": ""https://downloads.cms.gov/medicare-coverage-database/downloads/exports/ncd.zip"", ""source_version"": ""us_cms_mcd_ncd_2026_07_20"", ""transformation_notes"": ""Retained NCD identity, title, dates, and national/termination flags; excluded long HTML text and did not infer item-level coverage.""}",National NCD export metadata; consult the cited NCD.,us_cms_mcd,medicare_coverage,Osteogenic Stimulators
1984-12-31,NCD-66-v1,covered,,CMS National Coverage Determination,United States,"{""effective_date"": null, ""licence_class"": ""permissive"", ""retrieved_at"": null, ""source_id"": ""us_cms_mcd"", ""source_url"": ""https://downloads.cms.gov/medicare-coverage-database/downloads/exports/ncd.zip"", ""source_version"": ""us_cms_mcd_ncd_2026_07_20"", ""transformation_notes"": ""Retained NCD identity, title, dates, and national/termination flags; excluded long HTML text and did not infer item-level coverage.""}",National NCD export metadata; consult the cited NCD.,us_cms_mcd,medicare_coverage,Hyperthermia for Treatment of Cancer
1966-01-01,NCD-67-v1,covered,,CMS National Coverage Determination,United States,"{""effective_date"": null, ""licence_class"": ""permissive"", ""retrieved_at"": null, ""source_id"": ""us_cms_mcd"", ""source_url"": ""https://downloads.cms.gov/medicare-coverage-database/downloads/exports/ncd.zip"", ""source_version"": ""us_cms_mcd_ncd_2026_07_20"", ""transformation_notes"": ""Retained NCD identity, title, dates, and national/termination flags; excluded long HTML text and did not infer item-level coverage.""}",National NCD export metadata; consult the cited NCD.,us_cms_mcd,medicare_coverage,Cochleostomy with Neurovascular Transplant for Meniere's Disease
1966-01-01,NCD-68-v1,covered,,CMS National Coverage Determination,United States,"{""effective_date"": null, ""licence_class"": ""permissive"", ""retrieved_at"": null, ""source_id"": ""us_cms_mcd"", ""source_url"": ""https://downloads.cms.gov/medicare-coverage-database/downloads/exports/ncd.zip"", ""source_version"": ""us_cms_mcd_ncd_2026_07_20"", ""transformation_notes"": ""Retained NCD identity, title, dates, and national/termination flags; excluded long HTML text and did not infer item-level coverage.""}",National NCD export metadata; consult the cited NCD.,us_cms_mcd,medicare_coverage,Hemodialysis for Treatment of Schizophrenia
1997-05-01,NCD-69-v1,covered,,CMS National Coverage Determination,United States,"{""effective_date"": null, ""licence_class"": ""permissive"", ""retrieved_at"": null, ""source_id"": ""us_cms_mcd"", ""source_url"": ""https://downloads.cms.gov/medicare-coverage-database/downloads/exports/ncd.zip"", ""source_version"": ""us_cms_mcd_ncd_2026_07_20"", ""transformation_notes"": ""Retained NCD identity, title, dates, and national/termination flags; excluded long HTML text and did not infer item-level coverage.""}",National NCD export metadata; consult the cited NCD.,us_cms_mcd,medicare_coverage,Laser Procedures
2012-06-21,NCD-70-v3,covered,,CMS National Coverage Determination,United States,"{""effective_date"": null, ""licence_class"": ""permissive"", ""retrieved_at"": null, ""source_id"": ""us_cms_mcd"", ""source_url"": ""https://downloads.cms.gov/medicare-coverage-database/downloads/exports/ncd.zip"", ""source_version"": ""us_cms_mcd_ncd_2026_07_20"", ""transformation_notes"": ""Retained NCD identity, title, dates, and national/termination flags; excluded long HTML text and did not infer item-level coverage.""}",National NCD export metadata; consult the cited NCD.,us_cms_mcd,medicare_coverage,Adult Liver Transplantation
1991-04-12,NCD-71-v1,covered,,CMS National Coverage Determination,United States,"{""effective_date"": null, ""licence_class"": ""permissive"", ""retrieved_at"": null, ""source_id"": ""us_cms_mcd"", ""source_url"": ""https://downloads.cms.gov/medicare-coverage-database/downloads/exports/ncd.zip"", ""source_version"": ""us_cms_mcd_ncd_2026_07_20"", ""transformation_notes"": ""Retained NCD identity, title, dates, and national/termination flags; excluded long HTML text and did not infer item-level coverage.""}",National NCD export metadata; consult the cited NCD.,us_cms_mcd,medicare_coverage,Pediatric Liver Transplantation
1997-05-01,NCD-72-v1,covered,,CMS National Coverage Determination,United States,"{""effective_date"": null, ""licence_class"": ""permissive"", ""retrieved_at"": null, ""source_id"": ""us_cms_mcd"", ""source_url"": ""https://downloads.cms.gov/medicare-coverage-database/downloads/exports/ncd.zip"", ""source_version"": ""us_cms_mcd_ncd_2026_07_20"", ""transformation_notes"": ""Retained NCD identity, title, dates, and national/termination flags; excluded long HTML text and did not infer item-level coverage.""}",National NCD export metadata; consult the cited NCD.,us_cms_mcd,medicare_coverage,Refractive Keratoplasty
2023-04-10,NCD-73-v3,covered,,CMS National Coverage Determination,United States,"{""effective_date"": null, ""licence_class"": ""permissive"", ""retrieved_at"": null, ""source_id"": ""us_cms_mcd"", ""source_url"": ""https://downloads.cms.gov/medicare-coverage-database/downloads/exports/ncd.zip"", ""source_version"": ""us_cms_mcd_ncd_2026_07_20"", ""transformation_notes"": ""Retained NCD identity, title, dates, and national/termination flags; excluded long HTML text and did not infer item-level coverage.""}",National NCD export metadata; consult the cited NCD.,us_cms_mcd,medicare_coverage,Transvenous (Catheter) Pulmonary Embolectomy (TPE) - RETIRED
2002-11-25,NCD-74-v1,covered,,CMS National Coverage Determination,United States,"{""effective_date"": null, ""licence_class"": ""permissive"", ""retrieved_at"": null, ""source_id"": ""us_cms_mcd"", ""source_url"": ""https://downloads.cms.gov/medicare-coverage-database/downloads/exports/ncd.zip"", ""source_version"": ""us_cms_mcd_ncd_2026_07_20"", ""transformation_notes"": ""Retained NCD identity, title, dates, and national/termination flags; excluded long HTML text and did not infer item-level coverage.""}",National NCD export metadata; consult the cited NCD.,us_cms_mcd,medicare_coverage,Partial Thromboplastin Time (PTT)
1966-01-01,NCD-76-v1,covered,,CMS National Coverage Determination,United States,"{""effective_date"": null, ""licence_class"": ""permissive"", ""retrieved_at"": null, ""source_id"": ""us_cms_mcd"", ""source_url"": ""https://downloads.cms.gov/medicare-coverage-database/downloads/exports/ncd.zip"", ""source_version"": ""us_cms_mcd_ncd_2026_07_20"", ""transformation_notes"": ""Retained NCD identity, title, dates, and national/termination flags; excluded long HTML text and did not infer item-level coverage.""}",National NCD export metadata; consult the cited NCD.,us_cms_mcd,medicare_coverage,Fluidized Therapy Dry Heat for Certain Musculoskeletal Disorders
2006-06-19,NCD-77-v2,covered,,CMS National Coverage Determination,United States,"{""effective_date"": null, ""licence_class"": ""permissive"", ""retrieved_at"": null, ""source_id"": ""us_cms_mcd"", ""source_url"": ""https://downloads.cms.gov/medicare-coverage-database/downloads/exports/ncd.zip"", ""source_version"": ""us_cms_mcd_ncd_2026_07_20"", ""transformation_notes"": ""Retained NCD identity, title, dates, and national/termination flags; excluded long HTML text and did not infer item-level coverage.""}",National NCD export metadata; consult the cited NCD.,us_cms_mcd,medicare_coverage,Electroencephalographic Monitoring During Surgical Procedures Involving the Cerebral Vasculature
2023-04-10,NCD-78-v3,not_covered,,CMS National Coverage Determination,United States,"{""effective_date"": null, ""licence_class"": ""permissive"", ""retrieved_at"": null, ""source_id"": ""us_cms_mcd"", ""source_url"": ""https://downloads.cms.gov/medicare-coverage-database/downloads/exports/ncd.zip"", ""source_version"": ""us_cms_mcd_ncd_2026_07_20"", ""transformation_notes"": ""Retained NCD identity, title, dates, and national/termination flags; excluded long HTML text and did not infer item-level coverage.""}",National NCD export metadata; consult the cited NCD.,us_cms_mcd,medicare_coverage,Electronecephalographic (EEG) Monitoring During Open-Heart Surgery - RETIRED
1966-01-01,NCD-79-v1,covered,,CMS National Coverage Determination,United States,"{""effective_date"": null, ""licence_class"": ""permissive"", ""retrieved_at"": null, ""source_id"": ""us_cms_mcd"", ""source_url"": ""https://downloads.cms.gov/medicare-coverage-database/downloads/exports/ncd.zip"", ""source_version"": ""us_cms_mcd_ncd_2026_07_20"", ""transformation_notes"": ""Retained NCD identity, title, dates, and national/termination flags; excluded long HTML text and did not infer item-level coverage.""}",National NCD export metadata; consult the cited NCD.,us_cms_mcd,medicare_coverage,Thoracic Duct Drainage (TDD) in Renal Transplants
2002-11-25,NCD-80-v1,covered,,CMS National Coverage Determination,United States,"{""effective_date"": null, ""licence_class"": ""permissive"", ""retrieved_at"": null, ""source_id"": ""us_cms_mcd"", ""source_url"": ""https://downloads.cms.gov/medicare-coverage-database/downloads/exports/ncd.zip"", ""source_version"": ""us_cms_mcd_ncd_2026_07_20"", ""transformation_notes"": ""Retained NCD identity, title, dates, and national/termination flags; excluded long HTML text and did not infer item-level coverage.""}",National NCD export metadata; consult the cited NCD.,us_cms_mcd,medicare_coverage,Prothrombin Time (PT)
1966-01-01,NCD-81-v1,covered,,CMS National Coverage Determination,United States,"{""effective_date"": null, ""licence_class"": ""permissive"", ""retrieved_at"": null, ""source_id"": ""us_cms_mcd"", ""source_url"": ""https://downloads.cms.gov/medicare-coverage-database/downloads/exports/ncd.zip"", ""source_version"": ""us_cms_mcd_ncd_2026_07_20"", ""transformation_notes"": ""Retained NCD identity, title, dates, and national/termination flags; excluded long HTML text and did not infer item-level coverage.""}",National NCD export metadata; consult the cited NCD.,us_cms_mcd,medicare_coverage,Endoscopy
1992-07-30,NCD-82-v1,covered,,CMS National Coverage Determination,United States,"{""effective_date"": null, ""licence_class"": ""permissive"", ""retrieved_at"": null, ""source_id"": ""us_cms_mcd"", ""source_url"": ""https://downloads.cms.gov/medicare-coverage-database/downloads/exports/ncd.zip"", ""source_version"": ""us_cms_mcd_ncd_2026_07_20"", ""transformation_notes"": ""Retained NCD identity, title, dates, and national/termination flags; excluded long HTML text and did not infer item-level coverage.""}",National NCD export metadata; consult the cited NCD.,us_cms_mcd,medicare_coverage,Apheresis (Therapeutic Pheresis)
1966-01-01,NCD-84-v1,covered,,CMS National Coverage Determination,United States,"{""effective_date"": null, ""licence_class"": ""permissive"", ""retrieved_at"": null, ""source_id"": ""us_cms_mcd"", ""source_url"": ""https://downloads.cms.gov/medicare-coverage-database/downloads/exports/ncd.zip"", ""source_version"": ""us_cms_mcd_ncd_2026_07_20"", ""transformation_notes"": ""Retained NCD identity, title, dates, and national/termination flags; excluded long HTML text and did not infer item-level coverage.""}",National NCD export metadata; consult the cited NCD.,us_cms_mcd,medicare_coverage,Invasive Intracranial Pressure Monitoring
2023-04-10,NCD-85-v3,not_covered,,CMS National Coverage Determination,United States,"{""effective_date"": null, ""licence_class"": ""permissive"", ""retrieved_at"": null, ""source_id"": ""us_cms_mcd"", ""source_url"": ""https://downloads.cms.gov/medicare-coverage-database/downloads/exports/ncd.zip"", ""source_version"": ""us_cms_mcd_ncd_2026_07_20"", ""transformation_notes"": ""Retained NCD identity, title, dates, and national/termination flags; excluded long HTML text and did not infer item-level coverage.""}",National NCD export metadata; consult the cited NCD.,us_cms_mcd,medicare_coverage,Tinnitus Masking - RETIRED
1966-01-01,NCD-86-v1,covered,,CMS National Coverage Determination,United States,"{""effective_date"": null, ""licence_class"": ""permissive"", ""retrieved_at"": null, ""source_id"": ""us_cms_mcd"", ""source_url"": ""https://downloads.cms.gov/medicare-coverage-database/downloads/exports/ncd.zip"", ""source_version"": ""us_cms_mcd_ncd_2026_07_20"", ""transformation_notes"": ""Retained NCD identity, title, dates, and national/termination flags; excluded long HTML text and did not infer item-level coverage.""}",National NCD export metadata; consult the cited NCD.,us_cms_mcd,medicare_coverage,Chelation Therapy for Treatment of Atherosclerosis
1966-01-01,NCD-87-v1,covered,,CMS National Coverage Determination,United States,"{""effective_date"": null, ""licence_class"": ""permissive"", ""retrieved_at"": null, ""source_id"": ""us_cms_mcd"", ""source_url"": ""https://downloads.cms.gov/medicare-coverage-database/downloads/exports/ncd.zip"", ""source_version"": ""us_cms_mcd_ncd_2026_07_20"", ""transformation_notes"": ""Retained NCD identity, title, dates, and national/termination flags; excluded long HTML text and did not infer item-level coverage.""}",National NCD export metadata; consult the cited NCD.,us_cms_mcd,medicare_coverage,Gastric Freezing
1966-01-01,NCD-88-v1,covered,,CMS National Coverage Determination,United States,"{""effective_date"": null, ""licence_class"": ""permissive"", ""retrieved_at"": null, ""source_id"": ""us_cms_mcd"", ""source_url"": ""https://downloads.cms.gov/medicare-coverage-database/downloads/exports/ncd.zip"", ""source_version"": ""us_cms_mcd_ncd_2026_07_20"", ""transformation_notes"": ""Retained NCD identity, title, dates, and national/termination flags; excluded long HTML text and did not infer item-level coverage.""}",National NCD export metadata; consult the cited NCD.,us_cms_mcd,medicare_coverage,Treatment of Psoriasis
1983-03-11,NCD-89-v1,covered,,CMS National Coverage Determination,United States,"{""effective_date"": null, ""licence_class"": ""permissive"", ""retrieved_at"": null, ""source_id"": ""us_cms_mcd"", ""source_url"": ""https://downloads.cms.gov/medicare-coverage-database/downloads/exports/ncd.zip"", ""source_version"": ""us_cms_mcd_ncd_2026_07_20"", ""transformation_notes"": ""Retained NCD identity, title, dates, and national/termination flags; excluded long HTML text and did not infer item-level coverage.""}",National NCD export metadata; consult the cited NCD.,us_cms_mcd,medicare_coverage,Melodic Intonation Therapy
2002-11-25,NCD-90-v1,covered,,CMS National Coverage Determination,United States,"{""effective_date"": null, ""licence_class"": ""permissive"", ""retrieved_at"": null, ""source_id"": ""us_cms_mcd"", ""source_url"": ""https://downloads.cms.gov/medicare-coverage-database/downloads/exports/ncd.zip"", ""source_version"": ""us_cms_mcd_ncd_2026_07_20"", ""transformation_notes"": ""Retained NCD identity, title, dates, and national/termination flags; excluded long HTML text and did not infer item-level coverage.""}",National NCD export metadata; consult the cited NCD.,us_cms_mcd,medicare_coverage,Serum Iron Studies
2023-04-10,NCD-91-v3,not_covered,,CMS National Coverage Determination,United States,"{""effective_date"": null, ""licence_class"": ""permissive"", ""retrieved_at"": null, ""source_id"": ""us_cms_mcd"", ""source_url"": ""https://downloads.cms.gov/medicare-coverage-database/downloads/exports/ncd.zip"", ""source_version"": ""us_cms_mcd_ncd_2026_07_20"", ""transformation_notes"": ""Retained NCD identity, title, dates, and national/termination flags; excluded long HTML text and did not infer item-level coverage.""}",National NCD export metadata; consult the cited NCD.,us_cms_mcd,medicare_coverage,Implantation of  Anti-Gastroesophageal Reflux Device - RETIRED
1983-07-01,NCD-92-v1,covered,,CMS National Coverage Determination,United States,"{""effective_date"": null, ""licence_class"": ""permissive"", ""retrieved_at"": null, ""source_id"": ""us_cms_mcd"", ""source_url"": ""https://downloads.cms.gov/medicare-coverage-database/downloads/exports/ncd.zip"", ""source_version"": ""us_cms_mcd_ncd_2026_07_20"", ""transformation_notes"": ""Retained NCD identity, title, dates, and national/termination flags; excluded long HTML text and did not infer item-level coverage.""}",National NCD export metadata; consult the cited NCD.,us_cms_mcd,medicare_coverage,Closed-Loop Blood Glucose Control Device (CBGCD)
1983-12-01,NCD-93-v1,covered,,CMS National Coverage Determination,United States,"{""effective_date"": null, ""licence_class"": ""permissive"", ""retrieved_at"": null, ""source_id"": ""us_cms_mcd"", ""source_url"": ""https://downloads.cms.gov/medicare-coverage-database/downloads/exports/ncd.zip"", ""source_version"": ""us_cms_mcd_ncd_2026_07_20"", ""transformation_notes"": ""Retained NCD identity, title, dates, and national/termination flags; excluded long HTML text and did not infer item-level coverage.""}",National NCD export metadata; consult the cited NCD.,us_cms_mcd,medicare_coverage,Nonselective (Random) Transfusions and Living Related Donor Specific Transfusions (DST) in Kidney Transplantation
1966-01-01,NCD-94-v1,covered,,CMS National Coverage Determination,United States,"{""effective_date"": null, ""licence_class"": ""permissive"", ""retrieved_at"": null, ""source_id"": ""us_cms_mcd"", ""source_url"": ""https://downloads.cms.gov/medicare-coverage-database/downloads/exports/ncd.zip"", ""source_version"": ""us_cms_mcd_ncd_2026_07_20"", ""transformation_notes"": ""Retained NCD identity, title, dates, and national/termination flags; excluded long HTML text and did not infer item-level coverage.""}",National NCD export metadata; consult the cited NCD.,us_cms_mcd,medicare_coverage,Electrotherapy for Treatment of Facial Nerve Paralysis (Bell's Palsy)
1984-10-29,NCD-95-v1,covered,,CMS National Coverage Determination,United States,"{""effective_date"": null, ""licence_class"": ""permissive"", ""retrieved_at"": null, ""source_id"": ""us_cms_mcd"", ""source_url"": ""https://downloads.cms.gov/medicare-coverage-database/downloads/exports/ncd.zip"", ""source_version"": ""us_cms_mcd_ncd_2026_07_20"", ""transformation_notes"": ""Retained NCD identity, title, dates, and national/termination flags; excluded long HTML text and did not infer item-level coverage.""}",National NCD export metadata; consult the cited NCD.,us_cms_mcd,medicare_coverage,Injection Sclerotherapy for Esophageal Variceal Bleeding
2002-11-25,NCD-96-v1,covered,,CMS National Coverage Determination,United States,"{""effective_date"": null, ""licence_class"": ""permissive"", ""retrieved_at"": null, ""source_id"": ""us_cms_mcd"", ""source_url"": ""https://downloads.cms.gov/medicare-coverage-database/downloads/exports/ncd.zip"", ""source_version"": ""us_cms_mcd_ncd_2026_07_20"", ""transformation_notes"": ""Retained NCD identity, title, dates, and national/termination flags; excluded long HTML text and did not infer item-level coverage.""}",National NCD export metadata; consult the cited NCD.,us_cms_mcd,medicare_coverage,"Collagen Crosslinks, any Method"
2006-03-20,NCD-97-v2,covered,,CMS National Coverage Determination,United States,"{""effective_date"": null, ""licence_class"": ""permissive"", ""retrieved_at"": null, ""source_id"": ""us_cms_mcd"", ""source_url"": ""https://downloads.cms.gov/medicare-coverage-database/downloads/exports/ncd.zip"", ""source_version"": ""us_cms_mcd_ncd_2026_07_20"", ""transformation_notes"": ""Retained NCD identity, title, dates, and national/termination flags; excluded long HTML text and did not infer item-level coverage.""}",National NCD export metadata; consult the cited NCD.,us_cms_mcd,medicare_coverage,External Counterpulsation (ECP) Therapy for Severe Angina
2005-01-01,NCD-98-v2,covered,,CMS National Coverage Determination,United States,"{""effective_date"": null, ""licence_class"": ""permissive"", ""retrieved_at"": null, ""source_id"": ""us_cms_mcd"", ""source_url"": ""https://downloads.cms.gov/medicare-coverage-database/downloads/exports/ncd.zip"", ""source_version"": ""us_cms_mcd_ncd_2026_07_20"", ""transformation_notes"": ""Retained NCD identity, title, dates, and national/termination flags; excluded long HTML text and did not infer item-level coverage.""}",National NCD export metadata; consult the cited NCD.,us_cms_mcd,medicare_coverage,Blood Glucose Testing
1984-10-29,NCD-99-v1,covered,,CMS National Coverage Determination,United States,"{""effective_date"": null, ""licence_class"": ""permissive"", ""retrieved_at"": null, ""source_id"": ""us_cms_mcd"", ""source_url"": ""https://downloads.cms.gov/medicare-coverage-database/downloads/exports/ncd.zip"", ""source_version"": ""us_cms_mcd_ncd_2026_07_20"", ""transformation_notes"": ""Retained NCD identity, title, dates, and national/termination flags; excluded long HTML text and did not infer item-level coverage.""}",National NCD export metadata; consult the cited NCD.,us_cms_mcd,medicare_coverage,Intraoperative Ventricular Mapping
2002-11-25,NCD-100-v1,covered,,CMS National Coverage Determination,United States,"{""effective_date"": null, ""licence_class"": ""permissive"", ""retrieved_at"": null, ""source_id"": ""us_cms_mcd"", ""source_url"": ""https://downloads.cms.gov/medicare-coverage-database/downloads/exports/ncd.zip"", ""source_version"": ""us_cms_mcd_ncd_2026_07_20"", ""transformation_notes"": ""Retained NCD identity, title, dates, and national/termination flags; excluded long HTML text and did not infer item-level coverage.""}",National NCD export metadata; consult the cited NCD.,us_cms_mcd,medicare_coverage,Glycated Hemoglobin/Glycated Protein
2002-11-25,NCD-101-v1,covered,,CMS National Coverage Determination,United States,"{""effective_date"": null, ""licence_class"": ""permissive"", ""retrieved_at"": null, ""source_id"": ""us_cms_mcd"", ""source_url"": ""https://downloads.cms.gov/medicare-coverage-database/downloads/exports/ncd.zip"", ""source_version"": ""us_cms_mcd_ncd_2026_07_20"", ""transformation_notes"": ""Retained NCD identity, title, dates, and national/termination flags; excluded long HTML text and did not infer item-level coverage.""}",National NCD export metadata; consult the cited NCD.,us_cms_mcd,medicare_coverage,Thyroid Testing
2005-01-01,NCD-102-v2,covered,,CMS National Coverage Determination,United States,"{""effective_date"": null, ""licence_class"": ""permissive"", ""retrieved_at"": null, ""source_id"": ""us_cms_mcd"", ""source_url"": ""https://downloads.cms.gov/medicare-coverage-database/downloads/exports/ncd.zip"", ""source_version"": ""us_cms_mcd_ncd_2026_07_20"", ""transformation_notes"": ""Retained NCD identity, title, dates, and national/termination flags; excluded long HTML text and did not infer item-level coverage.""}",National NCD export metadata; consult the cited NCD.,us_cms_mcd,medicare_coverage,Lipid Testing
2002-11-25,NCD-103-v1,covered,,CMS National Coverage Determination,United States,"{""effective_date"": null, ""licence_class"": ""permissive"", ""retrieved_at"": null, ""source_id"": ""us_cms_mcd"", ""source_url"": ""https://downloads.cms.gov/medicare-coverage-database/downloads/exports/ncd.zip"", ""source_version"": ""us_cms_mcd_ncd_2026_07_20"", ""transformation_notes"": ""Retained NCD identity, title, dates, and national/termination flags; excluded long HTML text and did not infer item-level coverage.""}",National NCD export metadata; consult the cited NCD.,us_cms_mcd,medicare_coverage,Digoxin Therapeutic Drug Assay
1984-12-03,NCD-104-v1,covered,,CMS National Coverage Determination,United States,"{""effective_date"": null, ""licence_class"": ""permissive"", ""retrieved_at"": null, ""source_id"": ""us_cms_mcd"", ""source_url"": ""https://downloads.cms.gov/medicare-coverage-database/downloads/exports/ncd.zip"", ""source_version"": ""us_cms_mcd_ncd_2026_07_20"", ""transformation_notes"": ""Retained NCD identity, title, dates, and national/termination flags; excluded long HTML text and did not infer item-level coverage.""}",National NCD export metadata; consult the cited NCD.,us_cms_mcd,medicare_coverage,Diagnostic Endocardial Electrical Stimulation (Pacing)
1988-07-27,NCD-105-v2,covered,,CMS National Coverage Determination,United States,"{""effective_date"": null, ""licence_class"": ""permissive"", ""retrieved_at"": null, ""source_id"": ""us_cms_mcd"", ""source_url"": ""https://downloads.cms.gov/medicare-coverage-database/downloads/exports/ncd.zip"", ""source_version"": ""us_cms_mcd_ncd_2026_07_20"", ""transformation_notes"": ""Retained NCD identity, title, dates, and national/termination flags; excluded long HTML text and did not infer item-level coverage.""}",National NCD export metadata; consult the cited NCD.,us_cms_mcd,medicare_coverage,Anesthesia in Cardiac Pacemaker Surgery
1988-01-16,NCD-106-v1,covered,,CMS National Coverage Determination,United States,"{""effective_date"": null, ""licence_class"": ""permissive"", ""retrieved_at"": null, ""source_id"": ""us_cms_mcd"", ""source_url"": ""https://downloads.cms.gov/medicare-coverage-database/downloads/exports/ncd.zip"", ""source_version"": ""us_cms_mcd_ncd_2026_07_20"", ""transformation_notes"": ""Retained NCD identity, title, dates, and national/termination flags; excluded long HTML text and did not infer item-level coverage.""}",National NCD export metadata; consult the cited NCD.,us_cms_mcd,medicare_coverage,Treatment of Kidney Stones
2006-04-26,NCD-107-v3,covered,,CMS National Coverage Determination,United States,"{""effective_date"": null, ""licence_class"": ""permissive"", ""retrieved_at"": null, ""source_id"": ""us_cms_mcd"", ""source_url"": ""https://downloads.cms.gov/medicare-coverage-database/downloads/exports/ncd.zip"", ""source_version"": ""us_cms_mcd_ncd_2026_07_20"", ""transformation_notes"": ""Retained NCD identity, title, dates, and national/termination flags; excluded long HTML text and did not infer item-level coverage.""}",National NCD export metadata; consult the cited NCD.,us_cms_mcd,medicare_coverage,Pancreas Transplants
1985-06-11,NCD-108-v1,covered,,CMS National Coverage Determination,United States,"{""effective_date"": null, ""licence_class"": ""permissive"", ""retrieved_at"": null, ""source_id"": ""us_cms_mcd"", ""source_url"": ""https://downloads.cms.gov/medicare-coverage-database/downloads/exports/ncd.zip"", ""source_version"": ""us_cms_mcd_ncd_2026_07_20"", ""transformation_notes"": ""Retained NCD identity, title, dates, and national/termination flags; excluded long HTML text and did not infer item-level coverage.""}",National NCD export metadata; consult the cited NCD.,us_cms_mcd,medicare_coverage,24-Hour Ambulatory Esophageal pH Monitoring
2023-04-10,NCD-109-v3,not_covered,,CMS National Coverage Determination,United States,"{""effective_date"": null, ""licence_class"": ""permissive"", ""retrieved_at"": null, ""source_id"": ""us_cms_mcd"", ""source_url"": ""https://downloads.cms.gov/medicare-coverage-database/downloads/exports/ncd.zip"", ""source_version"": ""us_cms_mcd_ncd_2026_07_20"", ""transformation_notes"": ""Retained NCD identity, title, dates, and national/termination flags; excluded long HTML text and did not infer item-level coverage.""}",National NCD export metadata; consult the cited NCD.,us_cms_mcd,medicare_coverage,Stereotactic Cingulotomy as a Means of Psychosurgery - RETIRED
2023-07-31,NCD-110-v5,covered,,CMS National Coverage Determination,United States,"{""effective_date"": null, ""licence_class"": ""permissive"", ""retrieved_at"": null, ""source_id"": ""us_cms_mcd"", ""source_url"": ""https://downloads.cms.gov/medicare-coverage-database/downloads/exports/ncd.zip"", ""source_version"": ""us_cms_mcd_ncd_2026_07_20"", ""transformation_notes"": ""Retained NCD identity, title, dates, and national/termination flags; excluded long HTML text and did not infer item-level coverage.""}",National NCD export metadata; consult the cited NCD.,us_cms_mcd,medicare_coverage,Implantable Cardioverter Defibrillators (ICDs)
2023-04-10,NCD-111-v3,covered,,CMS National Coverage Determination,United States,"{""effective_date"": null, ""licence_class"": ""permissive"", ""retrieved_at"": null, ""source_id"": ""us_cms_mcd"", ""source_url"": ""https://downloads.cms.gov/medicare-coverage-database/downloads/exports/ncd.zip"", ""source_version"": ""us_cms_mcd_ncd_2026_07_20"", ""transformation_notes"": ""Retained NCD identity, title, dates, and national/termination flags; excluded long HTML text and did not infer item-level coverage.""}",National NCD export metadata; consult the cited NCD.,us_cms_mcd,medicare_coverage,Gastric Balloon for Treatment of Obesity - RETIRED
2008-05-01,NCD-112-v3,covered,,CMS National Coverage Determination,United States,"{""effective_date"": null, ""licence_class"": ""permissive"", ""retrieved_at"": null, ""source_id"": ""us_cms_mcd"", ""source_url"": ""https://downloads.cms.gov/medicare-coverage-database/downloads/exports/ncd.zip"", ""source_version"": ""us_cms_mcd_ncd_2026_07_20"", ""transformation_notes"": ""Retained NCD identity, title, dates, and national/termination flags; excluded long HTML text and did not infer item-level coverage.""}",National NCD export metadata; consult the cited NCD.,us_cms_mcd,medicare_coverage,Heart Transplants
2012-04-30,NCD-113-v3,covered,,CMS National Coverage Determination,United States,"{""effective_date"": null, ""licence_class"": ""permissive"", ""retrieved_at"": null, ""source_id"": ""us_cms_mcd"", ""source_url"": ""https://downloads.cms.gov/medicare-coverage-database/downloads/exports/ncd.zip"", ""source_version"": ""us_cms_mcd_ncd_2026_07_20"", ""transformation_notes"": ""Retained NCD identity, title, dates, and national/termination flags; excluded long HTML text and did not infer item-level coverage.""}",National NCD export metadata; consult the cited NCD.,us_cms_mcd,medicare_coverage,Extracorporeal Photopheresis
2023-04-10,NCD-115-v3,not_covered,,CMS National Coverage Determination,United States,"{""effective_date"": null, ""licence_class"": ""permissive"", ""retrieved_at"": null, ""source_id"": ""us_cms_mcd"", ""source_url"": ""https://downloads.cms.gov/medicare-coverage-database/downloads/exports/ncd.zip"", ""source_version"": ""us_cms_mcd_ncd_2026_07_20"", ""transformation_notes"": ""Retained NCD identity, title, dates, and national/termination flags; excluded long HTML text and did not infer item-level coverage.""}",National NCD export metadata; consult the cited NCD.,us_cms_mcd,medicare_coverage,Extracorporeal Immunoadsorption (ECI) Using Protein A Columns (RETIRED)
1991-11-18,NCD-116-v1,covered,,CMS National Coverage Determination,United States,"{""effective_date"": null, ""licence_class"": ""permissive"", ""retrieved_at"": null, ""source_id"": ""us_cms_mcd"", ""source_url"": ""https://downloads.cms.gov/medicare-coverage-database/downloads/exports/ncd.zip"", ""source_version"": ""us_cms_mcd_ncd_2026_07_20"", ""transformation_notes"": ""Retained NCD identity, title, dates, and national/termination flags; excluded long HTML text and did not infer item-level coverage.""}",National NCD export metadata; consult the cited NCD.,us_cms_mcd,medicare_coverage,Laparoscopic Cholecystectomy
1995-11-11,NCD-117-v1,covered,,CMS National Coverage Determination,United States,"{""effective_date"": null, ""licence_class"": ""permissive"", ""retrieved_at"": null, ""source_id"": ""us_cms_mcd"", ""source_url"": ""https://downloads.cms.gov/medicare-coverage-database/downloads/exports/ncd.zip"", ""source_version"": ""us_cms_mcd_ncd_2026_07_20"", ""transformation_notes"": ""Retained NCD identity, title, dates, and national/termination flags; excluded long HTML text and did not infer item-level coverage.""}",National NCD export metadata; consult the cited NCD.,us_cms_mcd,medicare_coverage,Transcendental Meditation
2002-11-25,NCD-118-v1,covered,,CMS National Coverage Determination,United States,"{""effective_date"": null, ""licence_class"": ""permissive"", ""retrieved_at"": null, ""source_id"": ""us_cms_mcd"", ""source_url"": ""https://downloads.cms.gov/medicare-coverage-database/downloads/exports/ncd.zip"", ""source_version"": ""us_cms_mcd_ncd_2026_07_20"", ""transformation_notes"": ""Retained NCD identity, title, dates, and national/termination flags; excluded long HTML text and did not infer item-level coverage.""}",National NCD export metadata; consult the cited NCD.,us_cms_mcd,medicare_coverage,Carcinoembryonic Antigen
2005-11-17,NCD-119-v3,covered,,CMS National Coverage Determination,United States,"{""effective_date"": null, ""licence_class"": ""permissive"", ""retrieved_at"": null, ""source_id"": ""us_cms_mcd"", ""source_url"": ""https://downloads.cms.gov/medicare-coverage-database/downloads/exports/ncd.zip"", ""source_version"": ""us_cms_mcd_ncd_2026_07_20"", ""transformation_notes"": ""Retained NCD identity, title, dates, and national/termination flags; excluded long HTML text and did not infer item-level coverage.""}",National NCD export metadata; consult the cited NCD.,us_cms_mcd,medicare_coverage,Lung Volume Reduction Surgery (Reduction Pneumoplasty)
1999-07-01,NCD-120-v1,covered,,CMS National Coverage Determination,United States,"{""effective_date"": null, ""licence_class"": ""permissive"", ""retrieved_at"": null, ""source_id"": ""us_cms_mcd"", ""source_url"": ""https://downloads.cms.gov/medicare-coverage-database/downloads/exports/ncd.zip"", ""source_version"": ""us_cms_mcd_ncd_2026_07_20"", ""transformation_notes"": ""Retained NCD identity, title, dates, and national/termination flags; excluded long HTML text and did not infer item-level coverage.""}",National NCD export metadata; consult the cited NCD.,us_cms_mcd,medicare_coverage,Transmyocardial Revascularization (TMR)
2002-11-25,NCD-121-v1,covered,,CMS National Coverage Determination,United States,"{""effective_date"": null, ""licence_class"": ""permissive"", ""retrieved_at"": null, ""source_id"": ""us_cms_mcd"", ""source_url"": ""https://downloads.cms.gov/medicare-coverage-database/downloads/exports/ncd.zip"", ""source_version"": ""us_cms_mcd_ncd_2026_07_20"", ""transformation_notes"": ""Retained NCD identity, title, dates, and national/termination flags; excluded long HTML text and did not infer item-level coverage.""}",National NCD export metadata; consult the cited NCD.,us_cms_mcd,medicare_coverage,Alpha-fetoprotein
1997-04-15,NCD-122-v1,covered,,CMS National Coverage Determination,United States,"{""effective_date"": null, ""licence_class"": ""permissive"", ""retrieved_at"": null, ""source_id"": ""us_cms_mcd"", ""source_url"": ""https://downloads.cms.gov/medicare-coverage-database/downloads/exports/ncd.zip"", ""source_version"": ""us_cms_mcd_ncd_2026_07_20"", ""transformation_notes"": ""Retained NCD identity, title, dates, and national/termination flags; excluded long HTML text and did not infer item-level coverage.""}",National NCD export metadata; consult the cited NCD.,us_cms_mcd,medicare_coverage,Partial Ventriculectomy
2001-07-01,NCD-123-v1,covered,,CMS National Coverage Determination,United States,"{""effective_date"": null, ""licence_class"": ""permissive"", ""retrieved_at"": null, ""source_id"": ""us_cms_mcd"", ""source_url"": ""https://downloads.cms.gov/medicare-coverage-database/downloads/exports/ncd.zip"", ""source_version"": ""us_cms_mcd_ncd_2026_07_20"", ""transformation_notes"": ""Retained NCD identity, title, dates, and national/termination flags; excluded long HTML text and did not infer item-level coverage.""}",National NCD export metadata; consult the cited NCD.,us_cms_mcd,medicare_coverage,Cryosurgery of Prostate
1997-04-15,NCD-124-v1,covered,,CMS National Coverage Determination,United States,"{""effective_date"": null, ""licence_class"": ""permissive"", ""retrieved_at"": null, ""source_id"": ""us_cms_mcd"", ""source_url"": ""https://downloads.cms.gov/medicare-coverage-database/downloads/exports/ncd.zip"", ""source_version"": ""us_cms_mcd_ncd_2026_07_20"", ""transformation_notes"": ""Retained NCD identity, title, dates, and national/termination flags; excluded long HTML text and did not infer item-level coverage.""}",National NCD export metadata; consult the cited NCD.,us_cms_mcd,medicare_coverage,Vertebral Axial Decompression (VAX-D)
2002-11-25,NCD-125-v1,covered,,CMS National Coverage Determination,United States,"{""effective_date"": null, ""licence_class"": ""permissive"", ""retrieved_at"": null, ""source_id"": ""us_cms_mcd"", ""source_url"": ""https://downloads.cms.gov/medicare-coverage-database/downloads/exports/ncd.zip"", ""source_version"": ""us_cms_mcd_ncd_2026_07_20"", ""transformation_notes"": ""Retained NCD identity, title, dates, and national/termination flags; excluded long HTML text and did not infer item-level coverage.""}",National NCD export metadata; consult the cited NCD.,us_cms_mcd,medicare_coverage,Human Chorionic Gonadotropin
2006-06-19,NCD-127-v2,covered,,CMS National Coverage Determination,United States,"{""effective_date"": null, ""licence_class"": ""permissive"", ""retrieved_at"": null, ""source_id"": ""us_cms_mcd"", ""source_url"": ""https://downloads.cms.gov/medicare-coverage-database/downloads/exports/ncd.zip"", ""source_version"": ""us_cms_mcd_ncd_2026_07_20"", ""transformation_notes"": ""Retained NCD identity, title, dates, and national/termination flags; excluded long HTML text and did not infer item-level coverage.""}",National NCD export metadata; consult the cited NCD.,us_cms_mcd,medicare_coverage,Abortion
2013-04-03,NCD-128-v3,covered,,CMS National Coverage Determination,United States,"{""effective_date"": null, ""licence_class"": ""permissive"", ""retrieved_at"": null, ""source_id"": ""us_cms_mcd"", ""source_url"": ""https://downloads.cms.gov/medicare-coverage-database/downloads/exports/ncd.zip"", ""source_version"": ""us_cms_mcd_ncd_2026_07_20"", ""transformation_notes"": ""Retained NCD identity, title, dates, and national/termination flags; excluded long HTML text and did not infer item-level coverage.""}",National NCD export metadata; consult the cited NCD.,us_cms_mcd,medicare_coverage,Photodynamic Therapy
2001-11-26,NCD-129-v1,covered,,CMS National Coverage Determination,United States,"{""effective_date"": null, ""licence_class"": ""permissive"", ""retrieved_at"": null, ""source_id"": ""us_cms_mcd"", ""source_url"": ""https://downloads.cms.gov/medicare-coverage-database/downloads/exports/ncd.zip"", ""source_version"": ""us_cms_mcd_ncd_2026_07_20"", ""transformation_notes"": ""Retained NCD identity, title, dates, and national/termination flags; excluded long HTML text and did not infer item-level coverage.""}",National NCD export metadata; consult the cited NCD.,us_cms_mcd,medicare_coverage,Treatment of Actinic Keratosis
2006-01-01,NCD-130-v2,covered,,CMS National Coverage Determination,United States,"{""effective_date"": null, ""licence_class"": ""permissive"", ""retrieved_at"": null, ""source_id"": ""us_cms_mcd"", ""source_url"": ""https://downloads.cms.gov/medicare-coverage-database/downloads/exports/ncd.zip"", ""source_version"": ""us_cms_mcd_ncd_2026_07_20"", ""transformation_notes"": ""Retained NCD identity, title, dates, and national/termination flags; excluded long HTML text and did not infer item-level coverage.""}",National NCD export metadata; consult the cited NCD.,us_cms_mcd,medicare_coverage,Tumor Antigen by Immunoassay - CA 125
2004-07-01,NCD-131-v3,covered,,CMS National Coverage Determination,United States,"{""effective_date"": null, ""licence_class"": ""permissive"", ""retrieved_at"": null, ""source_id"": ""us_cms_mcd"", ""source_url"": ""https://downloads.cms.gov/medicare-coverage-database/downloads/exports/ncd.zip"", ""source_version"": ""us_cms_mcd_ncd_2026_07_20"", ""transformation_notes"": ""Retained NCD identity, title, dates, and national/termination flags; excluded long HTML text and did not infer item-level coverage.""}",National NCD export metadata; consult the cited NCD.,us_cms_mcd,medicare_coverage,Electrical Stimulation (ES) and Electromagnetic Therapy for the Treatment of Wounds
1966-01-01,NCD-132-v1,covered,,CMS National Coverage Determination,United States,"{""effective_date"": null, ""licence_class"": ""permissive"", ""retrieved_at"": null, ""source_id"": ""us_cms_mcd"", ""source_url"": ""https://downloads.cms.gov/medicare-coverage-database/downloads/exports/ncd.zip"", ""source_version"": ""us_cms_mcd_ncd_2026_07_20"", ""transformation_notes"": ""Retained NCD identity, title, dates, and national/termination flags; excluded long HTML text and did not infer item-level coverage.""}",National NCD export metadata; consult the cited NCD.,us_cms_mcd,medicare_coverage,L-Dopa
1966-01-01,NCD-133-v1,covered,,CMS National Coverage Determination,United States,"{""effective_date"": null, ""licence_class"": ""permissive"", ""retrieved_at"": null, ""source_id"": ""us_cms_mcd"", ""source_url"": ""https://downloads.cms.gov/medicare-coverage-database/downloads/exports/ncd.zip"", ""source_version"": ""us_cms_mcd_ncd_2026_07_20"", ""transformation_notes"": ""Retained NCD identity, title, dates, and national/termination flags; excluded long HTML text and did not infer item-level coverage.""}",National NCD export metadata; consult the cited NCD.,us_cms_mcd,medicare_coverage,Insulin Syringe
2002-11-25,NCD-134-v1,covered,,CMS National Coverage Determination,United States,"{""effective_date"": null, ""licence_class"": ""permissive"", ""retrieved_at"": null, ""source_id"": ""us_cms_mcd"", ""source_url"": ""https://downloads.cms.gov/medicare-coverage-database/downloads/exports/ncd.zip"", ""source_version"": ""us_cms_mcd_ncd_2026_07_20"", ""transformation_notes"": ""Retained NCD identity, title, dates, and national/termination flags; excluded long HTML text and did not infer item-level coverage.""}",National NCD export metadata; consult the cited NCD.,us_cms_mcd,medicare_coverage,Tumor Antigen by Immunoassay - CA 15-3/CA 27.29
1966-01-01,NCD-135-v1,covered,,CMS National Coverage Determination,United States,"{""effective_date"": null, ""licence_class"": ""permissive"", ""retrieved_at"": null, ""source_id"": ""us_cms_mcd"", ""source_url"": ""https://downloads.cms.gov/medicare-coverage-database/downloads/exports/ncd.zip"", ""source_version"": ""us_cms_mcd_ncd_2026_07_20"", ""transformation_notes"": ""Retained NCD identity, title, dates, and national/termination flags; excluded long HTML text and did not infer item-level coverage.""}",National NCD export metadata; consult the cited NCD.,us_cms_mcd,medicare_coverage,"Vitamin B12 Injections to Strengthen Tendons, Ligaments, etc., of the Foot"
1966-01-01,NCD-136-v1,covered,,CMS National Coverage Determination,United States,"{""effective_date"": null, ""licence_class"": ""permissive"", ""retrieved_at"": null, ""source_id"": ""us_cms_mcd"", ""source_url"": ""https://downloads.cms.gov/medicare-coverage-database/downloads/exports/ncd.zip"", ""source_version"": ""us_cms_mcd_ncd_2026_07_20"", ""transformation_notes"": ""Retained NCD identity, title, dates, and national/termination flags; excluded long HTML text and did not infer item-level coverage.""}",National NCD export metadata; consult the cited NCD.,us_cms_mcd,medicare_coverage,Hydrophilic Contact Lens For Corneal Bandage
1966-01-01,NCD-137-v1,covered,,CMS National Coverage Determination,United States,"{""effective_date"": null, ""licence_class"": ""permissive"", ""retrieved_at"": null, ""source_id"": ""us_cms_mcd"", ""source_url"": ""https://downloads.cms.gov/medicare-coverage-database/downloads/exports/ncd.zip"", ""source_version"": ""us_cms_mcd_ncd_2026_07_20"", ""transformation_notes"": ""Retained NCD identity, title, dates, and national/termination flags; excluded long HTML text and did not infer item-level coverage.""}",National NCD export metadata; consult the cited NCD.,us_cms_mcd,medicare_coverage,Laetrile and Related Substances
1980-03-01,NCD-138-v1,covered,,CMS National Coverage Determination,United States,"{""effective_date"": null, ""licence_class"": ""permissive"", ""retrieved_at"": null, ""source_id"": ""us_cms_mcd"", ""source_url"": ""https://downloads.cms.gov/medicare-coverage-database/downloads/exports/ncd.zip"", ""source_version"": ""us_cms_mcd_ncd_2026_07_20"", ""transformation_notes"": ""Retained NCD identity, title, dates, and national/termination flags; excluded long HTML text and did not infer item-level coverage.""}",National NCD export metadata; consult the cited NCD.,us_cms_mcd,medicare_coverage,Autogenous Epidural Blood Graft
1966-01-01,NCD-139-v1,covered,,CMS National Coverage Determination,United States,"{""effective_date"": null, ""licence_class"": ""permissive"", ""retrieved_at"": null, ""source_id"": ""us_cms_mcd"", ""source_url"": ""https://downloads.cms.gov/medicare-coverage-database/downloads/exports/ncd.zip"", ""source_version"": ""us_cms_mcd_ncd_2026_07_20"", ""transformation_notes"": ""Retained NCD identity, title, dates, and national/termination flags; excluded long HTML text and did not infer item-level coverage.""}",National NCD export metadata; consult the cited NCD.,us_cms_mcd,medicare_coverage,Porcine Skin and Gradient Pressure Dressings
1966-01-01,NCD-140-v1,covered,,CMS National Coverage Determination,United States,"{""effective_date"": null, ""licence_class"": ""permissive"", ""retrieved_at"": null, ""source_id"": ""us_cms_mcd"", ""source_url"": ""https://downloads.cms.gov/medicare-coverage-database/downloads/exports/ncd.zip"", ""source_version"": ""us_cms_mcd_ncd_2026_07_20"", ""transformation_notes"": ""Retained NCD identity, title, dates, and national/termination flags; excluded long HTML text and did not infer item-level coverage.""}",National NCD export metadata; consult the cited NCD.,us_cms_mcd,medicare_coverage,Physician's Office within an Institution Coverage of Services and Supplies Incident to a Physician's Services
1980-10-01,NCD-141-v1,covered,,CMS National Coverage Determination,United States,"{""effective_date"": null, ""licence_class"": ""permissive"", ""retrieved_at"": null, ""source_id"": ""us_cms_mcd"", ""source_url"": ""https://downloads.cms.gov/medicare-coverage-database/downloads/exports/ncd.zip"", ""source_version"": ""us_cms_mcd_ncd_2026_07_20"", ""transformation_notes"": ""Retained NCD identity, title, dates, and national/termination flags; excluded long HTML text and did not infer item-level coverage.""}",National NCD export metadata; consult the cited NCD.,us_cms_mcd,medicare_coverage,Certain Drugs Distributed by the National Cancer Institute
2002-11-25,NCD-142-v1,covered,,CMS National Coverage Determination,United States,"{""effective_date"": null, ""licence_class"": ""permissive"", ""retrieved_at"": null, ""source_id"": ""us_cms_mcd"", ""source_url"": ""https://downloads.cms.gov/medicare-coverage-database/downloads/exports/ncd.zip"", ""source_version"": ""us_cms_mcd_ncd_2026_07_20"", ""transformation_notes"": ""Retained NCD identity, title, dates, and national/termination flags; excluded long HTML text and did not infer item-level coverage.""}",National NCD export metadata; consult the cited NCD.,us_cms_mcd,medicare_coverage,Tumor Antigen by Immunoassay - CA 19-9
1966-01-01,NCD-143-v1,covered,,CMS National Coverage Determination,United States,"{""effective_date"": null, ""licence_class"": ""permissive"", ""retrieved_at"": null, ""source_id"": ""us_cms_mcd"", ""source_url"": ""https://downloads.cms.gov/medicare-coverage-database/downloads/exports/ncd.zip"", ""source_version"": ""us_cms_mcd_ncd_2026_07_20"", ""transformation_notes"": ""Retained NCD identity, title, dates, and national/termination flags; excluded long HTML text and did not infer item-level coverage.""}",National NCD export metadata; consult the cited NCD.,us_cms_mcd,medicare_coverage,Transfer Factor for Treatment of Multiple Sclerosis
1966-01-01,NCD-144-v1,covered,,CMS National Coverage Determination,United States,"{""effective_date"": null, ""licence_class"": ""permissive"", ""retrieved_at"": null, ""source_id"": ""us_cms_mcd"", ""source_url"": ""https://downloads.cms.gov/medicare-coverage-database/downloads/exports/ncd.zip"", ""source_version"": ""us_cms_mcd_ncd_2026_07_20"", ""transformation_notes"": ""Retained NCD identity, title, dates, and national/termination flags; excluded long HTML text and did not infer item-level coverage.""}",National NCD export metadata; consult the cited NCD.,us_cms_mcd,medicare_coverage,Granulocyte Transfusions
2012-06-08,NCD-145-v2,covered,,CMS National Coverage Determination,United States,"{""effective_date"": null, ""licence_class"": ""permissive"", ""retrieved_at"": null, ""source_id"": ""us_cms_mcd"", ""source_url"": ""https://downloads.cms.gov/medicare-coverage-database/downloads/exports/ncd.zip"", ""source_version"": ""us_cms_mcd_ncd_2026_07_20"", ""transformation_notes"": ""Retained NCD identity, title, dates, and national/termination flags; excluded long HTML text and did not infer item-level coverage.""}",National NCD export metadata; consult the cited NCD.,us_cms_mcd,medicare_coverage,Transcutaneous Electrical Nerve Stimulation (TENS) for Acute Post-Operative Pain
1966-01-01,NCD-146-v1,covered,,CMS National Coverage Determination,United States,"{""effective_date"": null, ""licence_class"": ""permissive"", ""retrieved_at"": null, ""source_id"": ""us_cms_mcd"", ""source_url"": ""https://downloads.cms.gov/medicare-coverage-database/downloads/exports/ncd.zip"", ""source_version"": ""us_cms_mcd_ncd_2026_07_20"", ""transformation_notes"": ""Retained NCD identity, title, dates, and national/termination flags; excluded long HTML text and did not infer item-level coverage.""}",National NCD export metadata; consult the cited NCD.,us_cms_mcd,medicare_coverage,Ethylenediamine-Tetra-Acetic (EDTA) Chelation Therapy for Treatment of Atherosclerosis
1966-01-01,NCD-147-v1,covered,,CMS National Coverage Determination,United States,"{""effective_date"": null, ""licence_class"": ""permissive"", ""retrieved_at"": null, ""source_id"": ""us_cms_mcd"", ""source_url"": ""https://downloads.cms.gov/medicare-coverage-database/downloads/exports/ncd.zip"", ""source_version"": ""us_cms_mcd_ncd_2026_07_20"", ""transformation_notes"": ""Retained NCD identity, title, dates, and national/termination flags; excluded long HTML text and did not infer item-level coverage.""}",National NCD export metadata; consult the cited NCD.,us_cms_mcd,medicare_coverage,Scalp Hypothermia During Chemotherapy to Prevent Hair Loss
1966-01-01,NCD-148-v1,covered,,CMS National Coverage Determination,United States,"{""effective_date"": null, ""licence_class"": ""permissive"", ""retrieved_at"": null, ""source_id"": ""us_cms_mcd"", ""source_url"": ""https://downloads.cms.gov/medicare-coverage-database/downloads/exports/ncd.zip"", ""source_version"": ""us_cms_mcd_ncd_2026_07_20"", ""transformation_notes"": ""Retained NCD identity, title, dates, and national/termination flags; excluded long HTML text and did not infer item-level coverage.""}",National NCD export metadata; consult the cited NCD.,us_cms_mcd,medicare_coverage,"Lymphocyte Immune Globulin, Anti-Thymocyte Globulin (Equine)"
1966-01-01,NCD-149-v1,covered,,CMS National Coverage Determination,United States,"{""effective_date"": null, ""licence_class"": ""permissive"", ""retrieved_at"": null, ""source_id"": ""us_cms_mcd"", ""source_url"": ""https://downloads.cms.gov/medicare-coverage-database/downloads/exports/ncd.zip"", ""source_version"": ""us_cms_mcd_ncd_2026_07_20"", ""transformation_notes"": ""Retained NCD identity, title, dates, and national/termination flags; excluded long HTML text and did not infer item-level coverage.""}",National NCD export metadata; consult the cited NCD.,us_cms_mcd,medicare_coverage,Dimethyl Sulfoxide (DMSO)
1966-01-01,NCD-150-v1,covered,,CMS National Coverage Determination,United States,"{""effective_date"": null, ""licence_class"": ""permissive"", ""retrieved_at"": null, ""source_id"": ""us_cms_mcd"", ""source_url"": ""https://downloads.cms.gov/medicare-coverage-database/downloads/exports/ncd.zip"", ""source_version"": ""us_cms_mcd_ncd_2026_07_20"", ""transformation_notes"": ""Retained NCD identity, title, dates, and national/termination flags; excluded long HTML text and did not infer item-level coverage.""}",National NCD export metadata; consult the cited NCD.,us_cms_mcd,medicare_coverage,Anti-Inhibitor Coagulant Complex (AICC)
1988-07-14,NCD-151-v1,covered,,CMS National Coverage Determination,United States,"{""effective_date"": null, ""licence_class"": ""permissive"", ""retrieved_at"": null, ""source_id"": ""us_cms_mcd"", ""source_url"": ""https://downloads.cms.gov/medicare-coverage-database/downloads/exports/ncd.zip"", ""source_version"": ""us_cms_mcd_ncd_2026_07_20"", ""transformation_notes"": ""Retained NCD identity, title, dates, and national/termination flags; excluded long HTML text and did not infer item-level coverage.""}",National NCD export metadata; consult the cited NCD.,us_cms_mcd,medicare_coverage,Supplies Used in the Delivery of Transcutaneous Electrical Nerve Stimulation (TENS) and Neuromuscular Electrical Stimulation (NMES)
2002-11-25,NCD-152-v1,covered,,CMS National Coverage Determination,United States,"{""effective_date"": null, ""licence_class"": ""permissive"", ""retrieved_at"": null, ""source_id"": ""us_cms_mcd"", ""source_url"": ""https://downloads.cms.gov/medicare-coverage-database/downloads/exports/ncd.zip"", ""source_version"": ""us_cms_mcd_ncd_2026_07_20"", ""transformation_notes"": ""Retained NCD identity, title, dates, and national/termination flags; excluded long HTML text and did not infer item-level coverage.""}",National NCD export metadata; consult the cited NCD.,us_cms_mcd,medicare_coverage,Prostate Specific Antigen
2002-11-25,NCD-153-v1,covered,,CMS National Coverage Determination,United States,"{""effective_date"": null, ""licence_class"": ""permissive"", ""retrieved_at"": null, ""source_id"": ""us_cms_mcd"", ""source_url"": ""https://downloads.cms.gov/medicare-coverage-database/downloads/exports/ncd.zip"", ""source_version"": ""us_cms_mcd_ncd_2026_07_20"", ""transformation_notes"": ""Retained NCD identity, title, dates, and national/termination flags; excluded long HTML text and did not infer item-level coverage.""}",National NCD export metadata; consult the cited NCD.,us_cms_mcd,medicare_coverage,Gamma Glutamyl Transferase
1994-12-08,NCD-154-v1,covered,,CMS National Coverage Determination,United States,"{""effective_date"": null, ""licence_class"": ""permissive"", ""retrieved_at"": null, ""source_id"": ""us_cms_mcd"", ""source_url"": ""https://downloads.cms.gov/medicare-coverage-database/downloads/exports/ncd.zip"", ""source_version"": ""us_cms_mcd_ncd_2026_07_20"", ""transformation_notes"": ""Retained NCD identity, title, dates, and national/termination flags; excluded long HTML text and did not infer item-level coverage.""}",National NCD export metadata; consult the cited NCD.,us_cms_mcd,medicare_coverage,Blood Transfusions
1996-11-17,NCD-155-v1,covered,,CMS National Coverage Determination,United States,"{""effective_date"": null, ""licence_class"": ""permissive"", ""retrieved_at"": null, ""source_id"": ""us_cms_mcd"", ""source_url"": ""https://downloads.cms.gov/medicare-coverage-database/downloads/exports/ncd.zip"", ""source_version"": ""us_cms_mcd_ncd_2026_07_20"", ""transformation_notes"": ""Retained NCD identity, title, dates, and national/termination flags; excluded long HTML text and did not infer item-level coverage.""}",National NCD export metadata; consult the cited NCD.,us_cms_mcd,medicare_coverage,Antigens Prepared for Sublingual Administration
2001-10-01,NCD-156-v1,covered,,CMS National Coverage Determination,United States,"{""effective_date"": null, ""licence_class"": ""permissive"", ""retrieved_at"": null, ""source_id"": ""us_cms_mcd"", ""source_url"": ""https://downloads.cms.gov/medicare-coverage-database/downloads/exports/ncd.zip"", ""source_version"": ""us_cms_mcd_ncd_2026_07_20"", ""transformation_notes"": ""Retained NCD identity, title, dates, and national/termination flags; excluded long HTML text and did not infer item-level coverage.""}",National NCD export metadata; consult the cited NCD.,us_cms_mcd,medicare_coverage,Intravenous Iron Therapy
2013-04-03,NCD-157-v3,covered,,CMS National Coverage Determination,United States,"{""effective_date"": null, ""licence_class"": ""permissive"", ""retrieved_at"": null, ""source_id"": ""us_cms_mcd"", ""source_url"": ""https://downloads.cms.gov/medicare-coverage-database/downloads/exports/ncd.zip"", ""source_version"": ""us_cms_mcd_ncd_2026_07_20"", ""transformation_notes"": ""Retained NCD identity, title, dates, and national/termination flags; excluded long HTML text and did not infer item-level coverage.""}",National NCD export metadata; consult the cited NCD.,us_cms_mcd,medicare_coverage,Photosensitive Drugs
2002-10-01,NCD-158-v1,covered,,CMS National Coverage Determination,United States,"{""effective_date"": null, ""licence_class"": ""permissive"", ""retrieved_at"": null, ""source_id"": ""us_cms_mcd"", ""source_url"": ""https://downloads.cms.gov/medicare-coverage-database/downloads/exports/ncd.zip"", ""source_version"": ""us_cms_mcd_ncd_2026_07_20"", ""transformation_notes"": ""Retained NCD identity, title, dates, and national/termination flags; excluded long HTML text and did not infer item-level coverage.""}",National NCD export metadata; consult the cited NCD.,us_cms_mcd,medicare_coverage,Intravenous Immune Globulin for the Treatment of Autoimmune Mucocutaneous Blistering Diseases
2006-06-19,NCD-159-v2,covered,,CMS National Coverage Determination,United States,"{""effective_date"": null, ""licence_class"": ""permissive"", ""retrieved_at"": null, ""source_id"": ""us_cms_mcd"", ""source_url"": ""https://downloads.cms.gov/medicare-coverage-database/downloads/exports/ncd.zip"", ""source_version"": ""us_cms_mcd_ncd_2026_07_20"", ""transformation_notes"": ""Retained NCD identity, title, dates, and national/termination flags; excluded long HTML text and did not infer item-level coverage.""}",National NCD export metadata; consult the cited NCD.,us_cms_mcd,medicare_coverage,Levocarnitine for use in the Treatment of Carnitine Deficiency in ESRD Patients
1984-10-01,NCD-160-v1,covered,,CMS National Coverage Determination,United States,"{""effective_date"": null, ""licence_class"": ""permissive"", ""retrieved_at"": null, ""source_id"": ""us_cms_mcd"", ""source_url"": ""https://downloads.cms.gov/medicare-coverage-database/downloads/exports/ncd.zip"", ""source_version"": ""us_cms_mcd_ncd_2026_07_20"", ""transformation_notes"": ""Retained NCD identity, title, dates, and national/termination flags; excluded long HTML text and did not infer item-level coverage.""}",National NCD export metadata; consult the cited NCD.,us_cms_mcd,medicare_coverage,Cardiac Pacemaker Evaluation Services
1985-08-05,NCD-161-v1,covered,,CMS National Coverage Determination,United States,"{""effective_date"": null, ""licence_class"": ""permissive"", ""retrieved_at"": null, ""source_id"": ""us_cms_mcd"", ""source_url"": ""https://downloads.cms.gov/medicare-coverage-database/downloads/exports/ncd.zip"", ""source_version"": ""us_cms_mcd_ncd_2026_07_20"", ""transformation_notes"": ""Retained NCD identity, title, dates, and national/termination flags; excluded long HTML text and did not infer item-level coverage.""}",National NCD export metadata; consult the cited NCD.,us_cms_mcd,medicare_coverage,Cytotoxic Food Tests
1984-12-03,NCD-162-v1,covered,,CMS National Coverage Determination,United States,"{""effective_date"": null, ""licence_class"": ""permissive"", ""retrieved_at"": null, ""source_id"": ""us_cms_mcd"", ""source_url"": ""https://downloads.cms.gov/medicare-coverage-database/downloads/exports/ncd.zip"", ""source_version"": ""us_cms_mcd_ncd_2026_07_20"", ""transformation_notes"": ""Retained NCD identity, title, dates, and national/termination flags; excluded long HTML text and did not infer item-level coverage.""}",National NCD export metadata; consult the cited NCD.,us_cms_mcd,medicare_coverage,HIS Bundle Study
1966-01-01,NCD-163-v1,covered,,CMS National Coverage Determination,United States,"{""effective_date"": null, ""licence_class"": ""permissive"", ""retrieved_at"": null, ""source_id"": ""us_cms_mcd"", ""source_url"": ""https://downloads.cms.gov/medicare-coverage-database/downloads/exports/ncd.zip"", ""source_version"": ""us_cms_mcd_ncd_2026_07_20"", ""transformation_notes"": ""Retained NCD identity, title, dates, and national/termination flags; excluded long HTML text and did not infer item-level coverage.""}",National NCD export metadata; consult the cited NCD.,us_cms_mcd,medicare_coverage,Gravlee Jet Washer
1992-12-21,NCD-164-v1,covered,,CMS National Coverage Determination,United States,"{""effective_date"": null, ""licence_class"": ""permissive"", ""retrieved_at"": null, ""source_id"": ""us_cms_mcd"", ""source_url"": ""https://downloads.cms.gov/medicare-coverage-database/downloads/exports/ncd.zip"", ""source_version"": ""us_cms_mcd_ncd_2026_07_20"", ""transformation_notes"": ""Retained NCD identity, title, dates, and national/termination flags; excluded long HTML text and did not infer item-level coverage.""}",National NCD export metadata; consult the cited NCD.,us_cms_mcd,medicare_coverage,Thermography
1980-11-15,NCD-165-v1,covered,,CMS National Coverage Determination,United States,"{""effective_date"": null, ""licence_class"": ""permissive"", ""retrieved_at"": null, ""source_id"": ""us_cms_mcd"", ""source_url"": ""https://downloads.cms.gov/medicare-coverage-database/downloads/exports/ncd.zip"", ""source_version"": ""us_cms_mcd_ncd_2026_07_20"", ""transformation_notes"": ""Retained NCD identity, title, dates, and national/termination flags; excluded long HTML text and did not infer item-level coverage.""}",National NCD export metadata; consult the cited NCD.,us_cms_mcd,medicare_coverage,Plethysmography
2002-11-25,NCD-166-v1,covered,,CMS National Coverage Determination,United States,"{""effective_date"": null, ""licence_class"": ""permissive"", ""retrieved_at"": null, ""source_id"": ""us_cms_mcd"", ""source_url"": ""https://downloads.cms.gov/medicare-coverage-database/downloads/exports/ncd.zip"", ""source_version"": ""us_cms_mcd_ncd_2026_07_20"", ""transformation_notes"": ""Retained NCD identity, title, dates, and national/termination flags; excluded long HTML text and did not infer item-level coverage.""}",National NCD export metadata; consult the cited NCD.,us_cms_mcd,medicare_coverage,Hepatitis Panel/Acute Hepatitis Panel
2002-11-25,NCD-167-v1,covered,,CMS National Coverage Determination,United States,"{""effective_date"": null, ""licence_class"": ""permissive"", ""retrieved_at"": null, ""source_id"": ""us_cms_mcd"", ""source_url"": ""https://downloads.cms.gov/medicare-coverage-database/downloads/exports/ncd.zip"", ""source_version"": ""us_cms_mcd_ncd_2026_07_20"", ""transformation_notes"": ""Retained NCD identity, title, dates, and national/termination flags; excluded long HTML text and did not infer item-level coverage.""}",National NCD export metadata; consult the cited NCD.,us_cms_mcd,medicare_coverage,Fecal Occult Blood Test
1966-01-01,NCD-168-v1,covered,,CMS National Coverage Determination,United States,"{""effective_date"": null, ""licence_class"": ""permissive"", ""retrieved_at"": null, ""source_id"": ""us_cms_mcd"", ""source_url"": ""https://downloads.cms.gov/medicare-coverage-database/downloads/exports/ncd.zip"", ""source_version"": ""us_cms_mcd_ncd_2026_07_20"", ""transformation_notes"": ""Retained NCD identity, title, dates, and national/termination flags; excluded long HTML text and did not infer item-level coverage.""}",National NCD export metadata; consult the cited NCD.,us_cms_mcd,medicare_coverage,White Cane for Use by a Blind Person
2021-09-27,NCD-169-v2,covered,,CMS National Coverage Determination,United States,"{""effective_date"": null, ""licence_class"": ""permissive"", ""retrieved_at"": null, ""source_id"": ""us_cms_mcd"", ""source_url"": ""https://downloads.cms.gov/medicare-coverage-database/downloads/exports/ncd.zip"", ""source_version"": ""us_cms_mcd_ncd_2026_07_20"", ""transformation_notes"": ""Retained NCD identity, title, dates, and national/termination flags; excluded long HTML text and did not infer item-level coverage.""}",National NCD export metadata; consult the cited NCD.,us_cms_mcd,medicare_coverage,Home Use of Oxygen
1966-01-01,NCD-170-v1,covered,,CMS National Coverage Determination,United States,"{""effective_date"": null, ""licence_class"": ""permissive"", ""retrieved_at"": null, ""source_id"": ""us_cms_mcd"", ""source_url"": ""https://downloads.cms.gov/medicare-coverage-database/downloads/exports/ncd.zip"", ""source_version"": ""us_cms_mcd_ncd_2026_07_20"", ""transformation_notes"": ""Retained NCD identity, title, dates, and national/termination flags; excluded long HTML text and did not infer item-level coverage.""}",National NCD export metadata; consult the cited NCD.,us_cms_mcd,medicare_coverage,Consultation Services Rendered by a Podiatrist in a Skilled Nursing Facility
2002-07-01,NCD-171-v1,covered,,CMS National Coverage Determination,United States,"{""effective_date"": null, ""licence_class"": ""permissive"", ""retrieved_at"": null, ""source_id"": ""us_cms_mcd"", ""source_url"": ""https://downloads.cms.gov/medicare-coverage-database/downloads/exports/ncd.zip"", ""source_version"": ""us_cms_mcd_ncd_2026_07_20"", ""transformation_notes"": ""Retained NCD identity, title, dates, and national/termination flags; excluded long HTML text and did not infer item-level coverage.""}",National NCD export metadata; consult the cited NCD.,us_cms_mcd,medicare_coverage,Services Provided for the Diagnosis and Treatment of Diabetic Sensory Neuropathy with Loss of Protective Sensation (aka Diabetic Peripheral Neuropathy)
1966-01-01,NCD-172-v1,covered,,CMS National Coverage Determination,United States,"{""effective_date"": null, ""licence_class"": ""permissive"", ""retrieved_at"": null, ""source_id"": ""us_cms_mcd"", ""source_url"": ""https://downloads.cms.gov/medicare-coverage-database/downloads/exports/ncd.zip"", ""source_version"": ""us_cms_mcd_ncd_2026_07_20"", ""transformation_notes"": ""Retained NCD identity, title, dates, and national/termination flags; excluded long HTML text and did not infer item-level coverage.""}",National NCD export metadata; consult the cited NCD.,us_cms_mcd,medicare_coverage,Gastrophotography
1966-01-01,NCD-173-v1,covered,,CMS National Coverage Determination,United States,"{""effective_date"": null, ""licence_class"": ""permissive"", ""retrieved_at"": null, ""source_id"": ""us_cms_mcd"", ""source_url"": ""https://downloads.cms.gov/medicare-coverage-database/downloads/exports/ncd.zip"", ""source_version"": ""us_cms_mcd_ncd_2026_07_20"", ""transformation_notes"": ""Retained NCD identity, title, dates, and national/termination flags; excluded long HTML text and did not infer item-level coverage.""}",National NCD export metadata; consult the cited NCD.,us_cms_mcd,medicare_coverage,Vabra Aspirator
2006-10-01,NCD-175-v2,covered,,CMS National Coverage Determination,United States,"{""effective_date"": null, ""licence_class"": ""permissive"", ""retrieved_at"": null, ""source_id"": ""us_cms_mcd"", ""source_url"": ""https://downloads.cms.gov/medicare-coverage-database/downloads/exports/ncd.zip"", ""source_version"": ""us_cms_mcd_ncd_2026_07_20"", ""transformation_notes"": ""Retained NCD identity, title, dates, and national/termination flags; excluded long HTML text and did not infer item-level coverage.""}",National NCD export metadata; consult the cited NCD.,us_cms_mcd,medicare_coverage,Neuromuscular Electrical Stimulation (NMES)
2008-03-12,NCD-176-v2,covered,,CMS National Coverage Determination,United States,"{""effective_date"": null, ""licence_class"": ""permissive"", ""retrieved_at"": null, ""source_id"": ""us_cms_mcd"", ""source_url"": ""https://downloads.cms.gov/medicare-coverage-database/downloads/exports/ncd.zip"", ""source_version"": ""us_cms_mcd_ncd_2026_07_20"", ""transformation_notes"": ""Retained NCD identity, title, dates, and national/termination flags; excluded long HTML text and did not infer item-level coverage.""}",National NCD export metadata; consult the cited NCD.,us_cms_mcd,medicare_coverage,Computed Tomography
2018-04-10,NCD-177-v6,covered,,CMS National Coverage Determination,United States,"{""effective_date"": null, ""licence_class"": ""permissive"", ""retrieved_at"": null, ""source_id"": ""us_cms_mcd"", ""source_url"": ""https://downloads.cms.gov/medicare-coverage-database/downloads/exports/ncd.zip"", ""source_version"": ""us_cms_mcd_ncd_2026_07_20"", ""transformation_notes"": ""Retained NCD identity, title, dates, and national/termination flags; excluded long HTML text and did not infer item-level coverage.""}",National NCD export metadata; consult the cited NCD.,us_cms_mcd,medicare_coverage,Magnetic Resonance Imaging
2023-04-10,NCD-178-v3,covered,,CMS National Coverage Determination,United States,"{""effective_date"": null, ""licence_class"": ""permissive"", ""retrieved_at"": null, ""source_id"": ""us_cms_mcd"", ""source_url"": ""https://downloads.cms.gov/medicare-coverage-database/downloads/exports/ncd.zip"", ""source_version"": ""us_cms_mcd_ncd_2026_07_20"", ""transformation_notes"": ""Retained NCD identity, title, dates, and national/termination flags; excluded long HTML text and did not infer item-level coverage.""}",National NCD export metadata; consult the cited NCD.,us_cms_mcd,medicare_coverage,Magnetic Resonance Angiography - RETIRED
2004-08-26,NCD-179-v2,covered,,CMS National Coverage Determination,United States,"{""effective_date"": null, ""licence_class"": ""permissive"", ""retrieved_at"": null, ""source_id"": ""us_cms_mcd"", ""source_url"": ""https://downloads.cms.gov/medicare-coverage-database/downloads/exports/ncd.zip"", ""source_version"": ""us_cms_mcd_ncd_2026_07_20"", ""transformation_notes"": ""Retained NCD identity, title, dates, and national/termination flags; excluded long HTML text and did not infer item-level coverage.""}",National NCD export metadata; consult the cited NCD.,us_cms_mcd,medicare_coverage,Electrocardiographic Services
1966-01-01,NCD-180-v1,covered,,CMS National Coverage Determination,United States,"{""effective_date"": null, ""licence_class"": ""permissive"", ""retrieved_at"": null, ""source_id"": ""us_cms_mcd"", ""source_url"": ""https://downloads.cms.gov/medicare-coverage-database/downloads/exports/ncd.zip"", ""source_version"": ""us_cms_mcd_ncd_2026_07_20"", ""transformation_notes"": ""Retained NCD identity, title, dates, and national/termination flags; excluded long HTML text and did not infer item-level coverage.""}",National NCD export metadata; consult the cited NCD.,us_cms_mcd,medicare_coverage,Hemorheograph
1997-10-01,NCD-181-v1,covered,,CMS National Coverage Determination,United States,"{""effective_date"": null, ""licence_class"": ""permissive"", ""retrieved_at"": null, ""source_id"": ""us_cms_mcd"", ""source_url"": ""https://downloads.cms.gov/medicare-coverage-database/downloads/exports/ncd.zip"", ""source_version"": ""us_cms_mcd_ncd_2026_07_20"", ""transformation_notes"": ""Retained NCD identity, title, dates, and national/termination flags; excluded long HTML text and did not infer item-level coverage.""}",National NCD export metadata; consult the cited NCD.,us_cms_mcd,medicare_coverage,Laboratory Tests - CRD Patients
2023-04-10,NCD-182-v3,not_covered,,CMS National Coverage Determination,United States,"{""effective_date"": null, ""licence_class"": ""permissive"", ""retrieved_at"": null, ""source_id"": ""us_cms_mcd"", ""source_url"": ""https://downloads.cms.gov/medicare-coverage-database/downloads/exports/ncd.zip"", ""source_version"": ""us_cms_mcd_ncd_2026_07_20"", ""transformation_notes"": ""Retained NCD identity, title, dates, and national/termination flags; excluded long HTML text and did not infer item-level coverage.""}",National NCD export metadata; consult the cited NCD.,us_cms_mcd,medicare_coverage,Electron Microscope - RETIRED
1966-01-01,NCD-183-v1,covered,,CMS National Coverage Determination,United States,"{""effective_date"": null, ""licence_class"": ""permissive"", ""retrieved_at"": null, ""source_id"": ""us_cms_mcd"", ""source_url"": ""https://downloads.cms.gov/medicare-coverage-database/downloads/exports/ncd.zip"", ""source_version"": ""us_cms_mcd_ncd_2026_07_20"", ""transformation_notes"": ""Retained NCD identity, title, dates, and national/termination flags; excluded long HTML text and did not infer item-level coverage.""}",National NCD export metadata; consult the cited NCD.,us_cms_mcd,medicare_coverage,Pronouncement of Death
2006-06-19,NCD-184-v2,covered,,CMS National Coverage Determination,United States,"{""effective_date"": null, ""licence_class"": ""permissive"", ""retrieved_at"": null, ""source_id"": ""us_cms_mcd"", ""source_url"": ""https://downloads.cms.gov/medicare-coverage-database/downloads/exports/ncd.zip"", ""source_version"": ""us_cms_mcd_ncd_2026_07_20"", ""transformation_notes"": ""Retained NCD identity, title, dates, and national/termination flags; excluded long HTML text and did not infer item-level coverage.""}",National NCD export metadata; consult the cited NCD.,us_cms_mcd,medicare_coverage,Diagnostic Pap Smears
2006-06-19,NCD-185-v3,covered,,CMS National Coverage Determination,United States,"{""effective_date"": null, ""licence_class"": ""permissive"", ""retrieved_at"": null, ""source_id"": ""us_cms_mcd"", ""source_url"": ""https://downloads.cms.gov/medicare-coverage-database/downloads/exports/ncd.zip"", ""source_version"": ""us_cms_mcd_ncd_2026_07_20"", ""transformation_notes"": ""Retained NCD identity, title, dates, and national/termination flags; excluded long HTML text and did not infer item-level coverage.""}",National NCD export metadata; consult the cited NCD.,us_cms_mcd,medicare_coverage,Screening Pap Smears and Pelvic Examinations for Early Detection of Cervical or Vaginal Cancer
1978-05-15,NCD-186-v1,covered,,CMS National Coverage Determination,United States,"{""effective_date"": null, ""licence_class"": ""permissive"", ""retrieved_at"": null, ""source_id"": ""us_cms_mcd"", ""source_url"": ""https://downloads.cms.gov/medicare-coverage-database/downloads/exports/ncd.zip"", ""source_version"": ""us_cms_mcd_ncd_2026_07_20"", ""transformation_notes"": ""Retained NCD identity, title, dates, and national/termination flags; excluded long HTML text and did not infer item-level coverage.""}",National NCD export metadata; consult the cited NCD.,us_cms_mcd,medicare_coverage,Mammograms
1978-08-01,NCD-187-v1,covered,,CMS National Coverage Determination,United States,"{""effective_date"": null, ""licence_class"": ""permissive"", ""retrieved_at"": null, ""source_id"": ""us_cms_mcd"", ""source_url"": ""https://downloads.cms.gov/medicare-coverage-database/downloads/exports/ncd.zip"", ""source_version"": ""us_cms_mcd_ncd_2026_07_20"", ""transformation_notes"": ""Retained NCD identity, title, dates, and national/termination flags; excluded long HTML text and did not infer item-level coverage.""}",National NCD export metadata; consult the cited NCD.,us_cms_mcd,medicare_coverage,Challenge Ingestion Food Testing
2023-07-31,NCD-188-v2,covered,,CMS National Coverage Determination,United States,"{""effective_date"": null, ""licence_class"": ""permissive"", ""retrieved_at"": null, ""source_id"": ""us_cms_mcd"", ""source_url"": ""https://downloads.cms.gov/medicare-coverage-database/downloads/exports/ncd.zip"", ""source_version"": ""us_cms_mcd_ncd_2026_07_20"", ""transformation_notes"": ""Retained NCD identity, title, dates, and national/termination flags; excluded long HTML text and did not infer item-level coverage.""}",National NCD export metadata; consult the cited NCD.,us_cms_mcd,medicare_coverage,Histocompatibility Testing
1978-08-01,NCD-189-v1,covered,,CMS National Coverage Determination,United States,"{""effective_date"": null, ""licence_class"": ""permissive"", ""retrieved_at"": null, ""source_id"": ""us_cms_mcd"", ""source_url"": ""https://downloads.cms.gov/medicare-coverage-database/downloads/exports/ncd.zip"", ""source_version"": ""us_cms_mcd_ncd_2026_07_20"", ""transformation_notes"": ""Retained NCD identity, title, dates, and national/termination flags; excluded long HTML text and did not infer item-level coverage.""}",National NCD export metadata; consult the cited NCD.,us_cms_mcd,medicare_coverage,Hair Analysis
2025-06-09,NCD-190-v4,covered,,CMS National Coverage Determination,United States,"{""effective_date"": null, ""licence_class"": ""permissive"", ""retrieved_at"": null, ""source_id"": ""us_cms_mcd"", ""source_url"": ""https://downloads.cms.gov/medicare-coverage-database/downloads/exports/ncd.zip"", ""source_version"": ""us_cms_mcd_ncd_2026_07_20"", ""transformation_notes"": ""Retained NCD identity, title, dates, and national/termination flags; excluded long HTML text and did not infer item-level coverage.""}",National NCD export metadata; consult the cited NCD.,us_cms_mcd,medicare_coverage,Durable Medical Equipment Reference List
1978-10-02,NCD-191-v1,covered,,CMS National Coverage Determination,United States,"{""effective_date"": null, ""licence_class"": ""permissive"", ""retrieved_at"": null, ""source_id"": ""us_cms_mcd"", ""source_url"": ""https://downloads.cms.gov/medicare-coverage-database/downloads/exports/ncd.zip"", ""source_version"": ""us_cms_mcd_ncd_2026_07_20"", ""transformation_notes"": ""Retained NCD identity, title, dates, and national/termination flags; excluded long HTML text and did not infer item-level coverage.""}",National NCD export metadata; consult the cited NCD.,us_cms_mcd,medicare_coverage,Esophageal Manometry
2006-10-01,NCD-192-v2,covered,,CMS National Coverage Determination,United States,"{""effective_date"": null, ""licence_class"": ""permissive"", ""retrieved_at"": null, ""source_id"": ""us_cms_mcd"", ""source_url"": ""https://downloads.cms.gov/medicare-coverage-database/downloads/exports/ncd.zip"", ""source_version"": ""us_cms_mcd_ncd_2026_07_20"", ""transformation_notes"": ""Retained NCD identity, title, dates, and national/termination flags; excluded long HTML text and did not infer item-level coverage.""}",National NCD export metadata; consult the cited NCD.,us_cms_mcd,medicare_coverage,Speech-Language Pathology Services for the Treatment of Dysphagia
1989-05-01,NCD-193-v1,covered,,CMS National Coverage Determination,United States,"{""effective_date"": null, ""licence_class"": ""permissive"", ""retrieved_at"": null, ""source_id"": ""us_cms_mcd"", ""source_url"": ""https://downloads.cms.gov/medicare-coverage-database/downloads/exports/ncd.zip"", ""source_version"": ""us_cms_mcd_ncd_2026_07_20"", ""transformation_notes"": ""Retained NCD identity, title, dates, and national/termination flags; excluded long HTML text and did not infer item-level coverage.""}",National NCD export metadata; consult the cited NCD.,us_cms_mcd,medicare_coverage,Water Purification and Softening Systems Used in Conjunction with Home Dialysis
1979-01-01,NCD-194-v1,covered,,CMS National Coverage Determination,United States,"{""effective_date"": null, ""licence_class"": ""permissive"", ""retrieved_at"": null, ""source_id"": ""us_cms_mcd"", ""source_url"": ""https://downloads.cms.gov/medicare-coverage-database/downloads/exports/ncd.zip"", ""source_version"": ""us_cms_mcd_ncd_2026_07_20"", ""transformation_notes"": ""Retained NCD identity, title, dates, and national/termination flags; excluded long HTML text and did not infer item-level coverage.""}",National NCD export metadata; consult the cited NCD.,us_cms_mcd,medicare_coverage,Dental Examination Prior to Kidney Transplantation
2023-04-10,NCD-195-v3,covered,,CMS National Coverage Determination,United States,"{""effective_date"": null, ""licence_class"": ""permissive"", ""retrieved_at"": null, ""source_id"": ""us_cms_mcd"", ""source_url"": ""https://downloads.cms.gov/medicare-coverage-database/downloads/exports/ncd.zip"", ""source_version"": ""us_cms_mcd_ncd_2026_07_20"", ""transformation_notes"": ""Retained NCD identity, title, dates, and national/termination flags; excluded long HTML text and did not infer item-level coverage.""}",National NCD export metadata; consult the cited NCD.,us_cms_mcd,medicare_coverage,Xenon Scan - RETIRED
1979-09-01,NCD-196-v1,covered,,CMS National Coverage Determination,United States,"{""effective_date"": null, ""licence_class"": ""permissive"", ""retrieved_at"": null, ""source_id"": ""us_cms_mcd"", ""source_url"": ""https://downloads.cms.gov/medicare-coverage-database/downloads/exports/ncd.zip"", ""source_version"": ""us_cms_mcd_ncd_2026_07_20"", ""transformation_notes"": ""Retained NCD identity, title, dates, and national/termination flags; excluded long HTML text and did not infer item-level coverage.""}",National NCD export metadata; consult the cited NCD.,us_cms_mcd,medicare_coverage,Hospital and Skilled Nursing Facility Admission Diagnostic Procedures
1989-05-01,NCD-197-v1,covered,,CMS National Coverage Determination,United States,"{""effective_date"": null, ""licence_class"": ""permissive"", ""retrieved_at"": null, ""source_id"": ""us_cms_mcd"", ""source_url"": ""https://downloads.cms.gov/medicare-coverage-database/downloads/exports/ncd.zip"", ""source_version"": ""us_cms_mcd_ncd_2026_07_20"", ""transformation_notes"": ""Retained NCD identity, title, dates, and national/termination flags; excluded long HTML text and did not infer item-level coverage.""}",National NCD export metadata; consult the cited NCD.,us_cms_mcd,medicare_coverage,Peridex CAPD Filter Set
1998-07-16,NCD-198-v1,covered,,CMS National Coverage Determination,United States,"{""effective_date"": null, ""licence_class"": ""permissive"", ""retrieved_at"": null, ""source_id"": ""us_cms_mcd"", ""source_url"": ""https://downloads.cms.gov/medicare-coverage-database/downloads/exports/ncd.zip"", ""source_version"": ""us_cms_mcd_ncd_2026_07_20"", ""transformation_notes"": ""Retained NCD identity, title, dates, and national/termination flags; excluded long HTML text and did not infer item-level coverage.""}",National NCD export metadata; consult the cited NCD.,us_cms_mcd,medicare_coverage,Cytogenetic Studies
2023-04-10,NCD-199-v3,not_covered,,CMS National Coverage Determination,United States,"{""effective_date"": null, ""licence_class"": ""permissive"", ""retrieved_at"": null, ""source_id"": ""us_cms_mcd"", ""source_url"": ""https://downloads.cms.gov/medicare-coverage-database/downloads/exports/ncd.zip"", ""source_version"": ""us_cms_mcd_ncd_2026_07_20"", ""transformation_notes"": ""Retained NCD identity, title, dates, and national/termination flags; excluded long HTML text and did not infer item-level coverage.""}",National NCD export metadata; consult the cited NCD.,us_cms_mcd,medicare_coverage,Nuclear Radiology Procedure - RETIRED
1980-01-15,NCD-200-v1,covered,,CMS National Coverage Determination,United States,"{""effective_date"": null, ""licence_class"": ""permissive"", ""retrieved_at"": null, ""source_id"": ""us_cms_mcd"", ""source_url"": ""https://downloads.cms.gov/medicare-coverage-database/downloads/exports/ncd.zip"", ""source_version"": ""us_cms_mcd_ncd_2026_07_20"", ""transformation_notes"": ""Retained NCD identity, title, dates, and national/termination flags; excluded long HTML text and did not infer item-level coverage.""}",National NCD export metadata; consult the cited NCD.,us_cms_mcd,medicare_coverage,Evoked Response Tests
2023-10-11,NCD-201-v11,covered,,CMS National Coverage Determination,United States,"{""effective_date"": null, ""licence_class"": ""permissive"", ""retrieved_at"": null, ""source_id"": ""us_cms_mcd"", ""source_url"": ""https://downloads.cms.gov/medicare-coverage-database/downloads/exports/ncd.zip"", ""source_version"": ""us_cms_mcd_ncd_2026_07_20"", ""transformation_notes"": ""Retained NCD identity, title, dates, and national/termination flags; excluded long HTML text and did not infer item-level coverage.""}",National NCD export metadata; consult the cited NCD.,us_cms_mcd,medicare_coverage,Percutaneous Transluminal Angioplasty (PTA)
1980-01-01,NCD-202-v1,covered,,CMS National Coverage Determination,United States,"{""effective_date"": null, ""licence_class"": ""permissive"", ""retrieved_at"": null, ""source_id"": ""us_cms_mcd"", ""source_url"": ""https://downloads.cms.gov/medicare-coverage-database/downloads/exports/ncd.zip"", ""source_version"": ""us_cms_mcd_ncd_2026_07_20"", ""transformation_notes"": ""Retained NCD identity, title, dates, and national/termination flags; excluded long HTML text and did not infer item-level coverage.""}",National NCD export metadata; consult the cited NCD.,us_cms_mcd,medicare_coverage,Uroflowmetric Evaluations
1983-07-11,NCD-203-v1,covered,,CMS National Coverage Determination,United States,"{""effective_date"": null, ""licence_class"": ""permissive"", ""retrieved_at"": null, ""source_id"": ""us_cms_mcd"", ""source_url"": ""https://downloads.cms.gov/medicare-coverage-database/downloads/exports/ncd.zip"", ""source_version"": ""us_cms_mcd_ncd_2026_07_20"", ""transformation_notes"": ""Retained NCD identity, title, dates, and national/termination flags; excluded long HTML text and did not infer item-level coverage.""}",National NCD export metadata; consult the cited NCD.,us_cms_mcd,medicare_coverage,Ultrafiltration Monitor
2006-06-19,NCD-204-v2,covered,,CMS National Coverage Determination,United States,"{""effective_date"": null, ""licence_class"": ""permissive"", ""retrieved_at"": null, ""source_id"": ""us_cms_mcd"", ""source_url"": ""https://downloads.cms.gov/medicare-coverage-database/downloads/exports/ncd.zip"", ""source_version"": ""us_cms_mcd_ncd_2026_07_20"", ""transformation_notes"": ""Retained NCD identity, title, dates, and national/termination flags; excluded long HTML text and did not infer item-level coverage.""}",National NCD export metadata; consult the cited NCD.,us_cms_mcd,medicare_coverage,Obsolete or Unreliable Diagnostic Tests
1966-01-01,NCD-205-v1,covered,,CMS National Coverage Determination,United States,"{""effective_date"": null, ""licence_class"": ""permissive"", ""retrieved_at"": null, ""source_id"": ""us_cms_mcd"", ""source_url"": ""https://downloads.cms.gov/medicare-coverage-database/downloads/exports/ncd.zip"", ""source_version"": ""us_cms_mcd_ncd_2026_07_20"", ""transformation_notes"": ""Retained NCD identity, title, dates, and national/termination flags; excluded long HTML text and did not infer item-level coverage.""}",National NCD export metadata; consult the cited NCD.,us_cms_mcd,medicare_coverage,Sweat Test
1966-01-01,NCD-206-v1,covered,,CMS National Coverage Determination,United States,"{""effective_date"": null, ""licence_class"": ""permissive"", ""retrieved_at"": null, ""source_id"": ""us_cms_mcd"", ""source_url"": ""https://downloads.cms.gov/medicare-coverage-database/downloads/exports/ncd.zip"", ""source_version"": ""us_cms_mcd_ncd_2026_07_20"", ""transformation_notes"": ""Retained NCD identity, title, dates, and national/termination flags; excluded long HTML text and did not infer item-level coverage.""}",National NCD export metadata; consult the cited NCD.,us_cms_mcd,medicare_coverage,Corset Used as Hernia Support
1966-01-01,NCD-207-v1,covered,,CMS National Coverage Determination,United States,"{""effective_date"": null, ""licence_class"": ""permissive"", ""retrieved_at"": null, ""source_id"": ""us_cms_mcd"", ""source_url"": ""https://downloads.cms.gov/medicare-coverage-database/downloads/exports/ncd.zip"", ""source_version"": ""us_cms_mcd_ncd_2026_07_20"", ""transformation_notes"": ""Retained NCD identity, title, dates, and national/termination flags; excluded long HTML text and did not infer item-level coverage.""}",National NCD export metadata; consult the cited NCD.,us_cms_mcd,medicare_coverage,Sykes Hernia Control
1966-01-01,NCD-208-v1,covered,,CMS National Coverage Determination,United States,"{""effective_date"": null, ""licence_class"": ""permissive"", ""retrieved_at"": null, ""source_id"": ""us_cms_mcd"", ""source_url"": ""https://downloads.cms.gov/medicare-coverage-database/downloads/exports/ncd.zip"", ""source_version"": ""us_cms_mcd_ncd_2026_07_20"", ""transformation_notes"": ""Retained NCD identity, title, dates, and national/termination flags; excluded long HTML text and did not infer item-level coverage.""}",National NCD export metadata; consult the cited NCD.,us_cms_mcd,medicare_coverage,Prosthetic Shoe
2006-10-01,NCD-209-v2,covered,,CMS National Coverage Determination,United States,"{""effective_date"": null, ""licence_class"": ""permissive"", ""retrieved_at"": null, ""source_id"": ""us_cms_mcd"", ""source_url"": ""https://downloads.cms.gov/medicare-coverage-database/downloads/exports/ncd.zip"", ""source_version"": ""us_cms_mcd_ncd_2026_07_20"", ""transformation_notes"": ""Retained NCD identity, title, dates, and national/termination flags; excluded long HTML text and did not infer item-level coverage.""}",National NCD export metadata; consult the cited NCD.,us_cms_mcd,medicare_coverage,Home Health Visits to a Blind Diabetic
1966-01-01,NCD-210-v1,covered,,CMS National Coverage Determination,United States,"{""effective_date"": null, ""licence_class"": ""permissive"", ""retrieved_at"": null, ""source_id"": ""us_cms_mcd"", ""source_url"": ""https://downloads.cms.gov/medicare-coverage-database/downloads/exports/ncd.zip"", ""source_version"": ""us_cms_mcd_ncd_2026_07_20"", ""transformation_notes"": ""Retained NCD identity, title, dates, and national/termination flags; excluded long HTML text and did not infer item-level coverage.""}",National NCD export metadata; consult the cited NCD.,us_cms_mcd,medicare_coverage,Home Health Nurses' Visits to Patients Requiring Heparin Injection
2023-04-10,NCD-211-v7,covered,,CMS National Coverage Determination,United States,"{""effective_date"": null, ""licence_class"": ""permissive"", ""retrieved_at"": null, ""source_id"": ""us_cms_mcd"", ""source_url"": ""https://downloads.cms.gov/medicare-coverage-database/downloads/exports/ncd.zip"", ""source_version"": ""us_cms_mcd_ncd_2026_07_20"", ""transformation_notes"": ""Retained NCD identity, title, dates, and national/termination flags; excluded long HTML text and did not infer item-level coverage.""}",National NCD export metadata; consult the cited NCD.,us_cms_mcd,medicare_coverage,Positron Emission Tomography (PET) Scans - RETIRED
1980-11-15,NCD-212-v1,covered,,CMS National Coverage Determination,United States,"{""effective_date"": null, ""licence_class"": ""permissive"", ""retrieved_at"": null, ""source_id"": ""us_cms_mcd"", ""source_url"": ""https://downloads.cms.gov/medicare-coverage-database/downloads/exports/ncd.zip"", ""source_version"": ""us_cms_mcd_ncd_2026_07_20"", ""transformation_notes"": ""Retained NCD identity, title, dates, and national/termination flags; excluded long HTML text and did not infer item-level coverage.""}",National NCD export metadata; consult the cited NCD.,us_cms_mcd,medicare_coverage,Noninvasive Tests of Carotid Function
1992-08-31,NCD-213-v1,covered,,CMS National Coverage Determination,United States,"{""effective_date"": null, ""licence_class"": ""permissive"", ""retrieved_at"": null, ""source_id"": ""us_cms_mcd"", ""source_url"": ""https://downloads.cms.gov/medicare-coverage-database/downloads/exports/ncd.zip"", ""source_version"": ""us_cms_mcd_ncd_2026_07_20"", ""transformation_notes"": ""Retained NCD identity, title, dates, and national/termination flags; excluded long HTML text and did not infer item-level coverage.""}",National NCD export metadata; consult the cited NCD.,us_cms_mcd,medicare_coverage,Endothelial Cell Photography
1966-01-01,NCD-214-v1,covered,,CMS National Coverage Determination,United States,"{""effective_date"": null, ""licence_class"": ""permissive"", ""retrieved_at"": null, ""source_id"": ""us_cms_mcd"", ""source_url"": ""https://downloads.cms.gov/medicare-coverage-database/downloads/exports/ncd.zip"", ""source_version"": ""us_cms_mcd_ncd_2026_07_20"", ""transformation_notes"": ""Retained NCD identity, title, dates, and national/termination flags; excluded long HTML text and did not infer item-level coverage.""}",National NCD export metadata; consult the cited NCD.,us_cms_mcd,medicare_coverage,Telephone Transmission of EEGs
2023-04-10,NCD-215-v3,covered,,CMS National Coverage Determination,United States,"{""effective_date"": null, ""licence_class"": ""permissive"", ""retrieved_at"": null, ""source_id"": ""us_cms_mcd"", ""source_url"": ""https://downloads.cms.gov/medicare-coverage-database/downloads/exports/ncd.zip"", ""source_version"": ""us_cms_mcd_ncd_2026_07_20"", ""transformation_notes"": ""Retained NCD identity, title, dates, and national/termination flags; excluded long HTML text and did not infer item-level coverage.""}",National NCD export metadata; consult the cited NCD.,us_cms_mcd,medicare_coverage,Ambulatory EEG Monitoring - RETIRED
1966-01-01,NCD-216-v1,covered,,CMS National Coverage Determination,United States,"{""effective_date"": null, ""licence_class"": ""permissive"", ""retrieved_at"": null, ""source_id"": ""us_cms_mcd"", ""source_url"": ""https://downloads.cms.gov/medicare-coverage-database/downloads/exports/ncd.zip"", ""source_version"": ""us_cms_mcd_ncd_2026_07_20"", ""transformation_notes"": ""Retained NCD identity, title, dates, and national/termination flags; excluded long HTML text and did not infer item-level coverage.""}",National NCD export metadata; consult the cited NCD.,us_cms_mcd,medicare_coverage,Stereotaxic Depth Electrode Implantation
2021-04-13,NCD-217-v6,covered,,CMS National Coverage Determination,United States,"{""effective_date"": null, ""licence_class"": ""permissive"", ""retrieved_at"": null, ""source_id"": ""us_cms_mcd"", ""source_url"": ""https://downloads.cms.gov/medicare-coverage-database/downloads/exports/ncd.zip"", ""source_version"": ""us_cms_mcd_ncd_2026_07_20"", ""transformation_notes"": ""Retained NCD identity, title, dates, and national/termination flags; excluded long HTML text and did not infer item-level coverage.""}",National NCD export metadata; consult the cited NCD.,us_cms_mcd,medicare_coverage,Blood-Derived Products for Chronic Non-Healing Wounds
2005-05-05,NCD-219-v2,covered,,CMS National Coverage Determination,United States,"{""effective_date"": null, ""licence_class"": ""permissive"", ""retrieved_at"": null, ""source_id"": ""us_cms_mcd"", ""source_url"": ""https://downloads.cms.gov/medicare-coverage-database/downloads/exports/ncd.zip"", ""source_version"": ""us_cms_mcd_ncd_2026_07_20"", ""transformation_notes"": ""Retained NCD identity, title, dates, and national/termination flags; excluded long HTML text and did not infer item-level coverage.""}",National NCD export metadata; consult the cited NCD.,us_cms_mcd,medicare_coverage,Mobility Assistive Equipment (MAE)
1966-01-01,NCD-220-v1,covered,,CMS National Coverage Determination,United States,"{""effective_date"": null, ""licence_class"": ""permissive"", ""retrieved_at"": null, ""source_id"": ""us_cms_mcd"", ""source_url"": ""https://downloads.cms.gov/medicare-coverage-database/downloads/exports/ncd.zip"", ""source_version"": ""us_cms_mcd_ncd_2026_07_20"", ""transformation_notes"": ""Retained NCD identity, title, dates, and national/termination flags; excluded long HTML text and did not infer item-level coverage.""}",National NCD export metadata; consult the cited NCD.,us_cms_mcd,medicare_coverage,Self-Contained Pacemaker Monitors
1989-05-01,NCD-221-v1,covered,,CMS National Coverage Determination,United States,"{""effective_date"": null, ""licence_class"": ""permissive"", ""retrieved_at"": null, ""source_id"": ""us_cms_mcd"", ""source_url"": ""https://downloads.cms.gov/medicare-coverage-database/downloads/exports/ncd.zip"", ""source_version"": ""us_cms_mcd_ncd_2026_07_20"", ""transformation_notes"": ""Retained NCD identity, title, dates, and national/termination flags; excluded long HTML text and did not infer item-level coverage.""}",National NCD export metadata; consult the cited NCD.,us_cms_mcd,medicare_coverage,Seat Lift
2006-06-19,NCD-222-v2,covered,,CMS National Coverage Determination,United States,"{""effective_date"": null, ""licence_class"": ""permissive"", ""retrieved_at"": null, ""source_id"": ""us_cms_mcd"", ""source_url"": ""https://downloads.cms.gov/medicare-coverage-database/downloads/exports/ncd.zip"", ""source_version"": ""us_cms_mcd_ncd_2026_07_20"", ""transformation_notes"": ""Retained NCD identity, title, dates, and national/termination flags; excluded long HTML text and did not infer item-level coverage.""}",National NCD export metadata; consult the cited NCD.,us_cms_mcd,medicare_coverage,Home Blood Glucose Monitors
2004-12-17,NCD-223-v2,covered,,CMS National Coverage Determination,United States,"{""effective_date"": null, ""licence_class"": ""permissive"", ""retrieved_at"": null, ""source_id"": ""us_cms_mcd"", ""source_url"": ""https://downloads.cms.gov/medicare-coverage-database/downloads/exports/ncd.zip"", ""source_version"": ""us_cms_mcd_ncd_2026_07_20"", ""transformation_notes"": ""Retained NCD identity, title, dates, and national/termination flags; excluded long HTML text and did not infer item-level coverage.""}",National NCD export metadata; consult the cited NCD.,us_cms_mcd,medicare_coverage,Infusion Pumps
2002-01-14,NCD-225-v1,covered,,CMS National Coverage Determination,United States,"{""effective_date"": null, ""licence_class"": ""permissive"", ""retrieved_at"": null, ""source_id"": ""us_cms_mcd"", ""source_url"": ""https://downloads.cms.gov/medicare-coverage-database/downloads/exports/ncd.zip"", ""source_version"": ""us_cms_mcd_ncd_2026_07_20"", ""transformation_notes"": ""Retained NCD identity, title, dates, and national/termination flags; excluded long HTML text and did not infer item-level coverage.""}",National NCD export metadata; consult the cited NCD.,us_cms_mcd,medicare_coverage,Pneumatic Compression Devices
2008-03-13,NCD-226-v3,covered,,CMS National Coverage Determination,United States,"{""effective_date"": null, ""licence_class"": ""permissive"", ""retrieved_at"": null, ""source_id"": ""us_cms_mcd"", ""source_url"": ""https://downloads.cms.gov/medicare-coverage-database/downloads/exports/ncd.zip"", ""source_version"": ""us_cms_mcd_ncd_2026_07_20"", ""transformation_notes"": ""Retained NCD identity, title, dates, and national/termination flags; excluded long HTML text and did not infer item-level coverage.""}",National NCD export metadata; consult the cited NCD.,us_cms_mcd,medicare_coverage,Continuous Positive Airway Pressure (CPAP) Therapy For Obstructive Sleep Apnea (OSA)
1966-01-01,NCD-227-v1,covered,,CMS National Coverage Determination,United States,"{""effective_date"": null, ""licence_class"": ""permissive"", ""retrieved_at"": null, ""source_id"": ""us_cms_mcd"", ""source_url"": ""https://downloads.cms.gov/medicare-coverage-database/downloads/exports/ncd.zip"", ""source_version"": ""us_cms_mcd_ncd_2026_07_20"", ""transformation_notes"": ""Retained NCD identity, title, dates, and national/termination flags; excluded long HTML text and did not infer item-level coverage.""}",National NCD export metadata; consult the cited NCD.,us_cms_mcd,medicare_coverage,Hospital Beds
2000-11-01,NCD-228-v1,covered,,CMS National Coverage Determination,United States,"{""effective_date"": null, ""licence_class"": ""permissive"", ""retrieved_at"": null, ""source_id"": ""us_cms_mcd"", ""source_url"": ""https://downloads.cms.gov/medicare-coverage-database/downloads/exports/ncd.zip"", ""source_version"": ""us_cms_mcd_ncd_2026_07_20"", ""transformation_notes"": ""Retained NCD identity, title, dates, and national/termination flags; excluded long HTML text and did not infer item-level coverage.""}",National NCD export metadata; consult the cited NCD.,us_cms_mcd,medicare_coverage,Air-Fluidized Bed
1997-07-14,NCD-229-v1,covered,,CMS National Coverage Determination,United States,"{""effective_date"": null, ""licence_class"": ""permissive"", ""retrieved_at"": null, ""source_id"": ""us_cms_mcd"", ""source_url"": ""https://downloads.cms.gov/medicare-coverage-database/downloads/exports/ncd.zip"", ""source_version"": ""us_cms_mcd_ncd_2026_07_20"", ""transformation_notes"": ""Retained NCD identity, title, dates, and national/termination flags; excluded long HTML text and did not infer item-level coverage.""}",National NCD export metadata; consult the cited NCD.,us_cms_mcd,medicare_coverage,Intrapulmonary Percussive Ventilator (IPV)
2019-02-15,NCD-230-v3,covered,,CMS National Coverage Determination,United States,"{""effective_date"": null, ""licence_class"": ""permissive"", ""retrieved_at"": null, ""source_id"": ""us_cms_mcd"", ""source_url"": ""https://downloads.cms.gov/medicare-coverage-database/downloads/exports/ncd.zip"", ""source_version"": ""us_cms_mcd_ncd_2026_07_20"", ""transformation_notes"": ""Retained NCD identity, title, dates, and national/termination flags; excluded long HTML text and did not infer item-level coverage.""}",National NCD export metadata; consult the cited NCD.,us_cms_mcd,medicare_coverage,Vagus Nerve Stimulation (VNS)
2006-06-19,NCD-231-v2,covered,,CMS National Coverage Determination,United States,"{""effective_date"": null, ""licence_class"": ""permissive"", ""retrieved_at"": null, ""source_id"": ""us_cms_mcd"", ""source_url"": ""https://downloads.cms.gov/medicare-coverage-database/downloads/exports/ncd.zip"", ""source_version"": ""us_cms_mcd_ncd_2026_07_20"", ""transformation_notes"": ""Retained NCD identity, title, dates, and national/termination flags; excluded long HTML text and did not infer item-level coverage.""}",National NCD export metadata; consult the cited NCD.,us_cms_mcd,medicare_coverage,Non-Implantable Pelvic Floor Electrical Stimulator
2002-07-01,NCD-232-v1,covered,,CMS National Coverage Determination,United States,"{""effective_date"": null, ""licence_class"": ""permissive"", ""retrieved_at"": null, ""source_id"": ""us_cms_mcd"", ""source_url"": ""https://downloads.cms.gov/medicare-coverage-database/downloads/exports/ncd.zip"", ""source_version"": ""us_cms_mcd_ncd_2026_07_20"", ""transformation_notes"": ""Retained NCD identity, title, dates, and national/termination flags; excluded long HTML text and did not infer item-level coverage.""}",National NCD export metadata; consult the cited NCD.,us_cms_mcd,medicare_coverage,Noncontact Normothermic Wound Therapy (NNWT)
1966-01-01,NCD-233-v1,covered,,CMS National Coverage Determination,United States,"{""effective_date"": null, ""licence_class"": ""permissive"", ""retrieved_at"": null, ""source_id"": ""us_cms_mcd"", ""source_url"": ""https://downloads.cms.gov/medicare-coverage-database/downloads/exports/ncd.zip"", ""source_version"": ""us_cms_mcd_ncd_2026_07_20"", ""transformation_notes"": ""Retained NCD identity, title, dates, and national/termination flags; excluded long HTML text and did not infer item-level coverage.""}",National NCD export metadata; consult the cited NCD.,us_cms_mcd,medicare_coverage,Hydrophilic Contact Lenses
1966-01-01,NCD-234-v1,covered,,CMS National Coverage Determination,United States,"{""effective_date"": null, ""licence_class"": ""permissive"", ""retrieved_at"": null, ""source_id"": ""us_cms_mcd"", ""source_url"": ""https://downloads.cms.gov/medicare-coverage-database/downloads/exports/ncd.zip"", ""source_version"": ""us_cms_mcd_ncd_2026_07_20"", ""transformation_notes"": ""Retained NCD identity, title, dates, and national/termination flags; excluded long HTML text and did not infer item-level coverage.""}",National NCD export metadata; consult the cited NCD.,us_cms_mcd,medicare_coverage,Electrical Continence Aid
1966-01-01,NCD-235-v1,covered,,CMS National Coverage Determination,United States,"{""effective_date"": null, ""licence_class"": ""permissive"", ""retrieved_at"": null, ""source_id"": ""us_cms_mcd"", ""source_url"": ""https://downloads.cms.gov/medicare-coverage-database/downloads/exports/ncd.zip"", ""source_version"": ""us_cms_mcd_ncd_2026_07_20"", ""transformation_notes"": ""Retained NCD identity, title, dates, and national/termination flags; excluded long HTML text and did not infer item-level coverage.""}",National NCD export metadata; consult the cited NCD.,us_cms_mcd,medicare_coverage,Scleral Shell
2023-04-10,NCD-236-v3,not_covered,,CMS National Coverage Determination,United States,"{""effective_date"": null, ""licence_class"": ""permissive"", ""retrieved_at"": null, ""source_id"": ""us_cms_mcd"", ""source_url"": ""https://downloads.cms.gov/medicare-coverage-database/downloads/exports/ncd.zip"", ""source_version"": ""us_cms_mcd_ncd_2026_07_20"", ""transformation_notes"": ""Retained NCD identity, title, dates, and national/termination flags; excluded long HTML text and did not infer item-level coverage.""}",National NCD export metadata; consult the cited NCD.,us_cms_mcd,medicare_coverage,Carotid Sinus Nerve Stimulator - RETIRED
1966-01-01,NCD-237-v1,covered,,CMS National Coverage Determination,United States,"{""effective_date"": null, ""licence_class"": ""permissive"", ""retrieved_at"": null, ""source_id"": ""us_cms_mcd"", ""source_url"": ""https://downloads.cms.gov/medicare-coverage-database/downloads/exports/ncd.zip"", ""source_version"": ""us_cms_mcd_ncd_2026_07_20"", ""transformation_notes"": ""Retained NCD identity, title, dates, and national/termination flags; excluded long HTML text and did not infer item-level coverage.""}",National NCD export metadata; consult the cited NCD.,us_cms_mcd,medicare_coverage,Electronic Speech Aids
2013-08-13,NCD-238-v3,covered,,CMS National Coverage Determination,United States,"{""effective_date"": null, ""licence_class"": ""permissive"", ""retrieved_at"": null, ""source_id"": ""us_cms_mcd"", ""source_url"": ""https://downloads.cms.gov/medicare-coverage-database/downloads/exports/ncd.zip"", ""source_version"": ""us_cms_mcd_ncd_2026_07_20"", ""transformation_notes"": ""Retained NCD identity, title, dates, and national/termination flags; excluded long HTML text and did not infer item-level coverage.""}",National NCD export metadata; consult the cited NCD.,us_cms_mcd,medicare_coverage,Cardiac Pacemakers
1997-05-19,NCD-239-v1,covered,,CMS National Coverage Determination,United States,"{""effective_date"": null, ""licence_class"": ""permissive"", ""retrieved_at"": null, ""source_id"": ""us_cms_mcd"", ""source_url"": ""https://downloads.cms.gov/medicare-coverage-database/downloads/exports/ncd.zip"", ""source_version"": ""us_cms_mcd_ncd_2026_07_20"", ""transformation_notes"": ""Retained NCD identity, title, dates, and national/termination flags; excluded long HTML text and did not infer item-level coverage.""}",National NCD export metadata; consult the cited NCD.,us_cms_mcd,medicare_coverage,Intraocular Lenses (IOLs)
1995-08-07,NCD-240-v1,covered,,CMS National Coverage Determination,United States,"{""effective_date"": null, ""licence_class"": ""permissive"", ""retrieved_at"": null, ""source_id"": ""us_cms_mcd"", ""source_url"": ""https://downloads.cms.gov/medicare-coverage-database/downloads/exports/ncd.zip"", ""source_version"": ""us_cms_mcd_ncd_2026_07_20"", ""transformation_notes"": ""Retained NCD identity, title, dates, and national/termination flags; excluded long HTML text and did not infer item-level coverage.""}",National NCD export metadata; consult the cited NCD.,us_cms_mcd,medicare_coverage,Electrical Nerve Stimulators
1996-10-07,NCD-241-v1,covered,,CMS National Coverage Determination,United States,"{""effective_date"": null, ""licence_class"": ""permissive"", ""retrieved_at"": null, ""source_id"": ""us_cms_mcd"", ""source_url"": ""https://downloads.cms.gov/medicare-coverage-database/downloads/exports/ncd.zip"", ""source_version"": ""us_cms_mcd_ncd_2026_07_20"", ""transformation_notes"": ""Retained NCD identity, title, dates, and national/termination flags; excluded long HTML text and did not infer item-level coverage.""}",National NCD export metadata; consult the cited NCD.,us_cms_mcd,medicare_coverage,Incontinence Control Devices
2023-04-10,NCD-242-v3,covered,,CMS National Coverage Determination,United States,"{""effective_date"": null, ""licence_class"": ""permissive"", ""retrieved_at"": null, ""source_id"": ""us_cms_mcd"", ""source_url"": ""https://downloads.cms.gov/medicare-coverage-database/downloads/exports/ncd.zip"", ""source_version"": ""us_cms_mcd_ncd_2026_07_20"", ""transformation_notes"": ""Retained NCD identity, title, dates, and national/termination flags; excluded long HTML text and did not infer item-level coverage.""}",National NCD export metadata; consult the cited NCD.,us_cms_mcd,medicare_coverage,Enteral and Parenteral Nutritional Therapy - RETIRED
1996-10-07,NCD-243-v1,covered,,CMS National Coverage Determination,United States,"{""effective_date"": null, ""licence_class"": ""permissive"", ""retrieved_at"": null, ""source_id"": ""us_cms_mcd"", ""source_url"": ""https://downloads.cms.gov/medicare-coverage-database/downloads/exports/ncd.zip"", ""source_version"": ""us_cms_mcd_ncd_2026_07_20"", ""transformation_notes"": ""Retained NCD identity, title, dates, and national/termination flags; excluded long HTML text and did not infer item-level coverage.""}",National NCD export metadata; consult the cited NCD.,us_cms_mcd,medicare_coverage,Bladder Stimulators (Pacemakers)
1966-01-01,NCD-244-v1,covered,,CMS National Coverage Determination,United States,"{""effective_date"": null, ""licence_class"": ""permissive"", ""retrieved_at"": null, ""source_id"": ""us_cms_mcd"", ""source_url"": ""https://downloads.cms.gov/medicare-coverage-database/downloads/exports/ncd.zip"", ""source_version"": ""us_cms_mcd_ncd_2026_07_20"", ""transformation_notes"": ""Retained NCD identity, title, dates, and national/termination flags; excluded long HTML text and did not infer item-level coverage.""}",National NCD export metadata; consult the cited NCD.,us_cms_mcd,medicare_coverage,Phrenic Nerve Stimulator
2022-09-26,NCD-245-v3,covered,,CMS National Coverage Determination,United States,"{""effective_date"": null, ""licence_class"": ""permissive"", ""retrieved_at"": null, ""source_id"": ""us_cms_mcd"", ""source_url"": ""https://downloads.cms.gov/medicare-coverage-database/downloads/exports/ncd.zip"", ""source_version"": ""us_cms_mcd_ncd_2026_07_20"", ""transformation_notes"": ""Retained NCD identity, title, dates, and national/termination flags; excluded long HTML text and did not infer item-level coverage.""}",National NCD export metadata; consult the cited NCD.,us_cms_mcd,medicare_coverage,Cochlear Implantation
2023-04-10,NCD-246-v8,covered,,CMS National Coverage Determination,United States,"{""effective_date"": null, ""licence_class"": ""permissive"", ""retrieved_at"": null, ""source_id"": ""us_cms_mcd"", ""source_url"": ""https://downloads.cms.gov/medicare-coverage-database/downloads/exports/ncd.zip"", ""source_version"": ""us_cms_mcd_ncd_2026_07_20"", ""transformation_notes"": ""Retained NCD identity, title, dates, and national/termination flags; excluded long HTML text and did not infer item-level coverage.""}",National NCD export metadata; consult the cited NCD.,us_cms_mcd,medicare_coverage,Artificial Hearts and Related Devices - RETIRED
1988-09-09,NCD-247-v1,covered,,CMS National Coverage Determination,United States,"{""effective_date"": null, ""licence_class"": ""permissive"", ""retrieved_at"": null, ""source_id"": ""us_cms_mcd"", ""source_url"": ""https://downloads.cms.gov/medicare-coverage-database/downloads/exports/ncd.zip"", ""source_version"": ""us_cms_mcd_ncd_2026_07_20"", ""transformation_notes"": ""Retained NCD identity, title, dates, and national/termination flags; excluded long HTML text and did not infer item-level coverage.""}",National NCD export metadata; consult the cited NCD.,us_cms_mcd,medicare_coverage,Tracheostomy Speaking Valve
1997-06-05,NCD-248-v1,covered,,CMS National Coverage Determination,United States,"{""effective_date"": null, ""licence_class"": ""permissive"", ""retrieved_at"": null, ""source_id"": ""us_cms_mcd"", ""source_url"": ""https://downloads.cms.gov/medicare-coverage-database/downloads/exports/ncd.zip"", ""source_version"": ""us_cms_mcd_ncd_2026_07_20"", ""transformation_notes"": ""Retained NCD identity, title, dates, and national/termination flags; excluded long HTML text and did not infer item-level coverage.""}",National NCD export metadata; consult the cited NCD.,us_cms_mcd,medicare_coverage,Urinary Drainage Bags
2002-01-01,NCD-249-v1,covered,,CMS National Coverage Determination,United States,"{""effective_date"": null, ""licence_class"": ""permissive"", ""retrieved_at"": null, ""source_id"": ""us_cms_mcd"", ""source_url"": ""https://downloads.cms.gov/medicare-coverage-database/downloads/exports/ncd.zip"", ""source_version"": ""us_cms_mcd_ncd_2026_07_20"", ""transformation_notes"": ""Retained NCD identity, title, dates, and national/termination flags; excluded long HTML text and did not infer item-level coverage.""}",National NCD export metadata; consult the cited NCD.,us_cms_mcd,medicare_coverage,Sacral Nerve Stimulation For Urinary Incontinence
1966-01-01,NCD-250-v1,covered,,CMS National Coverage Determination,United States,"{""effective_date"": null, ""licence_class"": ""permissive"", ""retrieved_at"": null, ""source_id"": ""us_cms_mcd"", ""source_url"": ""https://downloads.cms.gov/medicare-coverage-database/downloads/exports/ncd.zip"", ""source_version"": ""us_cms_mcd_ncd_2026_07_20"", ""transformation_notes"": ""Retained NCD identity, title, dates, and national/termination flags; excluded long HTML text and did not infer item-level coverage.""}",National NCD export metadata; consult the cited NCD.,us_cms_mcd,medicare_coverage,Institutional and Home Care Patient Education Programs
2001-02-27,NCD-251-v1,covered,,CMS National Coverage Determination,United States,"{""effective_date"": null, ""licence_class"": ""permissive"", ""retrieved_at"": null, ""source_id"": ""us_cms_mcd"", ""source_url"": ""https://downloads.cms.gov/medicare-coverage-database/downloads/exports/ncd.zip"", ""source_version"": ""us_cms_mcd_ncd_2026_07_20"", ""transformation_notes"": ""Retained NCD identity, title, dates, and national/termination flags; excluded long HTML text and did not infer item-level coverage.""}",National NCD export metadata; consult the cited NCD.,us_cms_mcd,medicare_coverage,Diabetes Outpatient Self-Management Training
2022-01-01,NCD-252-v2,covered,,CMS National Coverage Determination,United States,"{""effective_date"": null, ""licence_class"": ""permissive"", ""retrieved_at"": null, ""source_id"": ""us_cms_mcd"", ""source_url"": ""https://downloads.cms.gov/medicare-coverage-database/downloads/exports/ncd.zip"", ""source_version"": ""us_cms_mcd_ncd_2026_07_20"", ""transformation_notes"": ""Retained NCD identity, title, dates, and national/termination flags; excluded long HTML text and did not infer item-level coverage.""}",National NCD export metadata; consult the cited NCD.,us_cms_mcd,medicare_coverage,Medical Nutrition Therapy
1996-07-01,NCD-253-v1,covered,,CMS National Coverage Determination,United States,"{""effective_date"": null, ""licence_class"": ""permissive"", ""retrieved_at"": null, ""source_id"": ""us_cms_mcd"", ""source_url"": ""https://downloads.cms.gov/medicare-coverage-database/downloads/exports/ncd.zip"", ""source_version"": ""us_cms_mcd_ncd_2026_07_20"", ""transformation_notes"": ""Retained NCD identity, title, dates, and national/termination flags; excluded long HTML text and did not infer item-level coverage.""}",National NCD export metadata; consult the cited NCD.,us_cms_mcd,medicare_coverage,Human Tumor Stem Cell Drug Sensitivity Assays
2019-07-02,NCD-254-v3,covered,,CMS National Coverage Determination,United States,"{""effective_date"": null, ""licence_class"": ""permissive"", ""retrieved_at"": null, ""source_id"": ""us_cms_mcd"", ""source_url"": ""https://downloads.cms.gov/medicare-coverage-database/downloads/exports/ncd.zip"", ""source_version"": ""us_cms_mcd_ncd_2026_07_20"", ""transformation_notes"": ""Retained NCD identity, title, dates, and national/termination flags; excluded long HTML text and did not infer item-level coverage.""}",National NCD export metadata; consult the cited NCD.,us_cms_mcd,medicare_coverage,Ambulatory Blood Pressure Monitoring
1966-01-01,NCD-255-v1,covered,,CMS National Coverage Determination,United States,"{""effective_date"": null, ""licence_class"": ""permissive"", ""retrieved_at"": null, ""source_id"": ""us_cms_mcd"", ""source_url"": ""https://downloads.cms.gov/medicare-coverage-database/downloads/exports/ncd.zip"", ""source_version"": ""us_cms_mcd_ncd_2026_07_20"", ""transformation_notes"": ""Retained NCD identity, title, dates, and national/termination flags; excluded long HTML text and did not infer item-level coverage.""}",National NCD export metadata; consult the cited NCD.,us_cms_mcd,medicare_coverage,Digital Subtraction Angiography
2007-01-01,NCD-256-v2,covered,,CMS National Coverage Determination,United States,"{""effective_date"": null, ""licence_class"": ""permissive"", ""retrieved_at"": null, ""source_id"": ""us_cms_mcd"", ""source_url"": ""https://downloads.cms.gov/medicare-coverage-database/downloads/exports/ncd.zip"", ""source_version"": ""us_cms_mcd_ncd_2026_07_20"", ""transformation_notes"": ""Retained NCD identity, title, dates, and national/termination flags; excluded long HTML text and did not infer item-level coverage.""}",National NCD export metadata; consult the cited NCD.,us_cms_mcd,medicare_coverage,Bone (Mineral) Density Studies
1983-05-16,NCD-257-v1,covered,,CMS National Coverage Determination,United States,"{""effective_date"": null, ""licence_class"": ""permissive"", ""retrieved_at"": null, ""source_id"": ""us_cms_mcd"", ""source_url"": ""https://downloads.cms.gov/medicare-coverage-database/downloads/exports/ncd.zip"", ""source_version"": ""us_cms_mcd_ncd_2026_07_20"", ""transformation_notes"": ""Retained NCD identity, title, dates, and national/termination flags; excluded long HTML text and did not infer item-level coverage.""}",National NCD export metadata; consult the cited NCD.,us_cms_mcd,medicare_coverage,Lymphocyte Mitogen Response Assays
1966-01-01,NCD-258-v1,covered,,CMS National Coverage Determination,United States,"{""effective_date"": null, ""licence_class"": ""permissive"", ""retrieved_at"": null, ""source_id"": ""us_cms_mcd"", ""source_url"": ""https://downloads.cms.gov/medicare-coverage-database/downloads/exports/ncd.zip"", ""source_version"": ""us_cms_mcd_ncd_2026_07_20"", ""transformation_notes"": ""Retained NCD identity, title, dates, and national/termination flags; excluded long HTML text and did not infer item-level coverage.""}",National NCD export metadata; consult the cited NCD.,us_cms_mcd,medicare_coverage,Transillumination Light Scanning or Diaphanography
1966-01-01,NCD-259-v1,covered,,CMS National Coverage Determination,United States,"{""effective_date"": null, ""licence_class"": ""permissive"", ""retrieved_at"": null, ""source_id"": ""us_cms_mcd"", ""source_url"": ""https://downloads.cms.gov/medicare-coverage-database/downloads/exports/ncd.zip"", ""source_version"": ""us_cms_mcd_ncd_2026_07_20"", ""transformation_notes"": ""Retained NCD identity, title, dates, and national/termination flags; excluded long HTML text and did not infer item-level coverage.""}",National NCD export metadata; consult the cited NCD.,us_cms_mcd,medicare_coverage,Cardiointegram (CIG) as an Alternative to Stress Test or Thallium Stress Test
1986-11-06,NCD-260-v1,covered,,CMS National Coverage Determination,United States,"{""effective_date"": null, ""licence_class"": ""permissive"", ""retrieved_at"": null, ""source_id"": ""us_cms_mcd"", ""source_url"": ""https://downloads.cms.gov/medicare-coverage-database/downloads/exports/ncd.zip"", ""source_version"": ""us_cms_mcd_ncd_2026_07_20"", ""transformation_notes"": ""Retained NCD identity, title, dates, and national/termination flags; excluded long HTML text and did not infer item-level coverage.""}",National NCD export metadata; consult the cited NCD.,us_cms_mcd,medicare_coverage,Portable Hand-Held X-Ray Instrument
1984-02-15,NCD-261-v1,covered,,CMS National Coverage Determination,United States,"{""effective_date"": null, ""licence_class"": ""permissive"", ""retrieved_at"": null, ""source_id"": ""us_cms_mcd"", ""source_url"": ""https://downloads.cms.gov/medicare-coverage-database/downloads/exports/ncd.zip"", ""source_version"": ""us_cms_mcd_ncd_2026_07_20"", ""transformation_notes"": ""Retained NCD identity, title, dates, and national/termination flags; excluded long HTML text and did not infer item-level coverage.""}",National NCD export metadata; consult the cited NCD.,us_cms_mcd,medicare_coverage,Computer Enhanced Perimetry
1988-10-12,NCD-262-v1,covered,,CMS National Coverage Determination,United States,"{""effective_date"": null, ""licence_class"": ""permissive"", ""retrieved_at"": null, ""source_id"": ""us_cms_mcd"", ""source_url"": ""https://downloads.cms.gov/medicare-coverage-database/downloads/exports/ncd.zip"", ""source_version"": ""us_cms_mcd_ncd_2026_07_20"", ""transformation_notes"": ""Retained NCD identity, title, dates, and national/termination flags; excluded long HTML text and did not infer item-level coverage.""}",National NCD export metadata; consult the cited NCD.,us_cms_mcd,medicare_coverage,Displacement Cardiography
2007-05-22,NCD-263-v3,covered,,CMS National Coverage Determination,United States,"{""effective_date"": null, ""licence_class"": ""permissive"", ""retrieved_at"": null, ""source_id"": ""us_cms_mcd"", ""source_url"": ""https://downloads.cms.gov/medicare-coverage-database/downloads/exports/ncd.zip"", ""source_version"": ""us_cms_mcd_ncd_2026_07_20"", ""transformation_notes"": ""Retained NCD identity, title, dates, and national/termination flags; excluded long HTML text and did not infer item-level coverage.""}",National NCD export metadata; consult the cited NCD.,us_cms_mcd,medicare_coverage,Ultrasound Diagnostic Procedures
1984-06-12,NCD-264-v1,covered,,CMS National Coverage Determination,United States,"{""effective_date"": null, ""licence_class"": ""permissive"", ""retrieved_at"": null, ""source_id"": ""us_cms_mcd"", ""source_url"": ""https://downloads.cms.gov/medicare-coverage-database/downloads/exports/ncd.zip"", ""source_version"": ""us_cms_mcd_ncd_2026_07_20"", ""transformation_notes"": ""Retained NCD identity, title, dates, and national/termination flags; excluded long HTML text and did not infer item-level coverage.""}",National NCD export metadata; consult the cited NCD.,us_cms_mcd,medicare_coverage,Diagnostic Breath Analyses
1987-08-12,NCD-265-v1,covered,,CMS National Coverage Determination,United States,"{""effective_date"": null, ""licence_class"": ""permissive"", ""retrieved_at"": null, ""source_id"": ""us_cms_mcd"", ""source_url"": ""https://downloads.cms.gov/medicare-coverage-database/downloads/exports/ncd.zip"", ""source_version"": ""us_cms_mcd_ncd_2026_07_20"", ""transformation_notes"": ""Retained NCD identity, title, dates, and national/termination flags; excluded long HTML text and did not infer item-level coverage.""}",National NCD export metadata; consult the cited NCD.,us_cms_mcd,medicare_coverage,Serologic Testing for Acquired Immunodeficiency Syndrome (AIDS)
1988-10-31,NCD-266-v1,covered,,CMS National Coverage Determination,United States,"{""effective_date"": null, ""licence_class"": ""permissive"", ""retrieved_at"": null, ""source_id"": ""us_cms_mcd"", ""source_url"": ""https://downloads.cms.gov/medicare-coverage-database/downloads/exports/ncd.zip"", ""source_version"": ""us_cms_mcd_ncd_2026_07_20"", ""transformation_notes"": ""Retained NCD identity, title, dates, and national/termination flags; excluded long HTML text and did not infer item-level coverage.""}",National NCD export metadata; consult the cited NCD.,us_cms_mcd,medicare_coverage,Food Allergy Testing and Treatment
2006-11-24,NCD-267-v3,covered,,CMS National Coverage Determination,United States,"{""effective_date"": null, ""licence_class"": ""permissive"", ""retrieved_at"": null, ""source_id"": ""us_cms_mcd"", ""source_url"": ""https://downloads.cms.gov/medicare-coverage-database/downloads/exports/ncd.zip"", ""source_version"": ""us_cms_mcd_ncd_2026_07_20"", ""transformation_notes"": ""Retained NCD identity, title, dates, and national/termination flags; excluded long HTML text and did not infer item-level coverage.""}",National NCD export metadata; consult the cited NCD.,us_cms_mcd,medicare_coverage,Cardiac Output Monitoring by Thoracic Electrical Bioimpedance (TEB)
2006-06-19,NCD-268-v2,covered,,CMS National Coverage Determination,United States,"{""effective_date"": null, ""licence_class"": ""permissive"", ""retrieved_at"": null, ""source_id"": ""us_cms_mcd"", ""source_url"": ""https://downloads.cms.gov/medicare-coverage-database/downloads/exports/ncd.zip"", ""source_version"": ""us_cms_mcd_ncd_2026_07_20"", ""transformation_notes"": ""Retained NCD identity, title, dates, and national/termination flags; excluded long HTML text and did not infer item-level coverage.""}",National NCD export metadata; consult the cited NCD.,us_cms_mcd,medicare_coverage,Prostate Cancer Screening Tests
2008-03-19,NCD-269-v2,covered,,CMS National Coverage Determination,United States,"{""effective_date"": null, ""licence_class"": ""permissive"", ""retrieved_at"": null, ""source_id"": ""us_cms_mcd"", ""source_url"": ""https://downloads.cms.gov/medicare-coverage-database/downloads/exports/ncd.zip"", ""source_version"": ""us_cms_mcd_ncd_2026_07_20"", ""transformation_notes"": ""Retained NCD identity, title, dates, and national/termination flags; excluded long HTML text and did not infer item-level coverage.""}",National NCD export metadata; consult the cited NCD.,us_cms_mcd,medicare_coverage,Home Prothrombin Time/International Normalized Ratio (PT/INR) Monitoring for Anticoagulation Management
2004-04-01,NCD-270-v2,covered,,CMS National Coverage Determination,United States,"{""effective_date"": null, ""licence_class"": ""permissive"", ""retrieved_at"": null, ""source_id"": ""us_cms_mcd"", ""source_url"": ""https://downloads.cms.gov/medicare-coverage-database/downloads/exports/ncd.zip"", ""source_version"": ""us_cms_mcd_ncd_2026_07_20"", ""transformation_notes"": ""Retained NCD identity, title, dates, and national/termination flags; excluded long HTML text and did not infer item-level coverage.""}",National NCD export metadata; consult the cited NCD.,us_cms_mcd,medicare_coverage,Sensory Nerve Conduction Threshold Tests (sNCTs)
2002-10-01,NCD-271-v1,covered,,CMS National Coverage Determination,United States,"{""effective_date"": null, ""licence_class"": ""permissive"", ""retrieved_at"": null, ""source_id"": ""us_cms_mcd"", ""source_url"": ""https://downloads.cms.gov/medicare-coverage-database/downloads/exports/ncd.zip"", ""source_version"": ""us_cms_mcd_ncd_2026_07_20"", ""transformation_notes"": ""Retained NCD identity, title, dates, and national/termination flags; excluded long HTML text and did not infer item-level coverage.""}",National NCD export metadata; consult the cited NCD.,us_cms_mcd,medicare_coverage,Single Photon Emission Computed Tomography  (SPECT)
2003-01-01,NCD-272-v1,covered,,CMS National Coverage Determination,United States,"{""effective_date"": null, ""licence_class"": ""permissive"", ""retrieved_at"": null, ""source_id"": ""us_cms_mcd"", ""source_url"": ""https://downloads.cms.gov/medicare-coverage-database/downloads/exports/ncd.zip"", ""source_version"": ""us_cms_mcd_ncd_2026_07_20"", ""transformation_notes"": ""Retained NCD identity, title, dates, and national/termination flags; excluded long HTML text and did not infer item-level coverage.""}",National NCD export metadata; consult the cited NCD.,us_cms_mcd,medicare_coverage,Percutaneous Image-Guided Breast Biopsy
2023-04-10,NCD-273-v3,covered,,CMS National Coverage Determination,United States,"{""effective_date"": null, ""licence_class"": ""permissive"", ""retrieved_at"": null, ""source_id"": ""us_cms_mcd"", ""source_url"": ""https://downloads.cms.gov/medicare-coverage-database/downloads/exports/ncd.zip"", ""source_version"": ""us_cms_mcd_ncd_2026_07_20"", ""transformation_notes"": ""Retained NCD identity, title, dates, and national/termination flags; excluded long HTML text and did not infer item-level coverage.""}",National NCD export metadata; consult the cited NCD.,us_cms_mcd,medicare_coverage,Transcutaneous Electrical Nerve Stimulators (TENS) - RETIRED
2015-07-29,NCD-274-v2,covered,,CMS National Coverage Determination,United States,"{""effective_date"": null, ""licence_class"": ""permissive"", ""retrieved_at"": null, ""source_id"": ""us_cms_mcd"", ""source_url"": ""https://downloads.cms.gov/medicare-coverage-database/downloads/exports/ncd.zip"", ""source_version"": ""us_cms_mcd_ncd_2026_07_20"", ""transformation_notes"": ""Retained NCD identity, title, dates, and national/termination flags; excluded long HTML text and did not infer item-level coverage.""}",National NCD export metadata; consult the cited NCD.,us_cms_mcd,medicare_coverage,Speech Generating Devices
2003-04-01,NCD-278-v1,covered,,CMS National Coverage Determination,United States,"{""effective_date"": null, ""licence_class"": ""permissive"", ""retrieved_at"": null, ""source_id"": ""us_cms_mcd"", ""source_url"": ""https://downloads.cms.gov/medicare-coverage-database/downloads/exports/ncd.zip"", ""source_version"": ""us_cms_mcd_ncd_2026_07_20"", ""transformation_notes"": ""Retained NCD identity, title, dates, and national/termination flags; excluded long HTML text and did not infer item-level coverage.""}",National NCD export metadata; consult the cited NCD.,us_cms_mcd,medicare_coverage,Multiple Electroconvulsive Therapy (MECT)
2003-04-01,NCD-279-v1,covered,,CMS National Coverage Determination,United States,"{""effective_date"": null, ""licence_class"": ""permissive"", ""retrieved_at"": null, ""source_id"": ""us_cms_mcd"", ""source_url"": ""https://downloads.cms.gov/medicare-coverage-database/downloads/exports/ncd.zip"", ""source_version"": ""us_cms_mcd_ncd_2026_07_20"", ""transformation_notes"": ""Retained NCD identity, title, dates, and national/termination flags; excluded long HTML text and did not infer item-level coverage.""}",National NCD export metadata; consult the cited NCD.,us_cms_mcd,medicare_coverage,Deep Brain Stimulation for Essential Tremor and Parkinson’s Disease
2006-05-11,NCD-280-v2,covered,,CMS National Coverage Determination,United States,"{""effective_date"": null, ""licence_class"": ""permissive"", ""retrieved_at"": null, ""source_id"": ""us_cms_mcd"", ""source_url"": ""https://downloads.cms.gov/medicare-coverage-database/downloads/exports/ncd.zip"", ""source_version"": ""us_cms_mcd_ncd_2026_07_20"", ""transformation_notes"": ""Retained NCD identity, title, dates, and national/termination flags; excluded long HTML text and did not infer item-level coverage.""}",National NCD export metadata; consult the cited NCD.,us_cms_mcd,medicare_coverage,Intestinal and Multi-Visceral Transplantation
2023-01-01,NCD-281-v7,covered,,CMS National Coverage Determination,United States,"{""effective_date"": null, ""licence_class"": ""permissive"", ""retrieved_at"": null, ""source_id"": ""us_cms_mcd"", ""source_url"": ""https://downloads.cms.gov/medicare-coverage-database/downloads/exports/ncd.zip"", ""source_version"": ""us_cms_mcd_ncd_2026_07_20"", ""transformation_notes"": ""Retained NCD identity, title, dates, and national/termination flags; excluded long HTML text and did not infer item-level coverage.""}",National NCD export metadata; consult the cited NCD.,us_cms_mcd,medicare_coverage,Colorectal Cancer Screening Tests
2020-01-21,NCD-283-v2,covered,,CMS National Coverage Determination,United States,"{""effective_date"": null, ""licence_class"": ""permissive"", ""retrieved_at"": null, ""source_id"": ""us_cms_mcd"", ""source_url"": ""https://downloads.cms.gov/medicare-coverage-database/downloads/exports/ncd.zip"", ""source_version"": ""us_cms_mcd_ncd_2026_07_20"", ""transformation_notes"": ""Retained NCD identity, title, dates, and national/termination flags; excluded long HTML text and did not infer item-level coverage.""}",National NCD export metadata; consult the cited NCD.,us_cms_mcd,medicare_coverage,Acupuncture for Fibromyalgia
2020-01-21,NCD-284-v2,covered,,CMS National Coverage Determination,United States,"{""effective_date"": null, ""licence_class"": ""permissive"", ""retrieved_at"": null, ""source_id"": ""us_cms_mcd"", ""source_url"": ""https://downloads.cms.gov/medicare-coverage-database/downloads/exports/ncd.zip"", ""source_version"": ""us_cms_mcd_ncd_2026_07_20"", ""transformation_notes"": ""Retained NCD identity, title, dates, and national/termination flags; excluded long HTML text and did not infer item-level coverage.""}",National NCD export metadata; consult the cited NCD.,us_cms_mcd,medicare_coverage,Acupuncture for Osteoarthritis
2004-06-11,NCD-285-v1,covered,,CMS National Coverage Determination,United States,"{""effective_date"": null, ""licence_class"": ""permissive"", ""retrieved_at"": null, ""source_id"": ""us_cms_mcd"", ""source_url"": ""https://downloads.cms.gov/medicare-coverage-database/downloads/exports/ncd.zip"", ""source_version"": ""us_cms_mcd_ncd_2026_07_20"", ""transformation_notes"": ""Retained NCD identity, title, dates, and national/termination flags; excluded long HTML text and did not infer item-level coverage.""}",National NCD export metadata; consult the cited NCD.,us_cms_mcd,medicare_coverage,Arthroscopic Lavage and Arthroscopic Debridement for the Osteoarthritic Knee
2004-10-01,NCD-286-v1,covered,,CMS National Coverage Determination,United States,"{""effective_date"": null, ""licence_class"": ""permissive"", ""retrieved_at"": null, ""source_id"": ""us_cms_mcd"", ""source_url"": ""https://downloads.cms.gov/medicare-coverage-database/downloads/exports/ncd.zip"", ""source_version"": ""us_cms_mcd_ncd_2026_07_20"", ""transformation_notes"": ""Retained NCD identity, title, dates, and national/termination flags; excluded long HTML text and did not infer item-level coverage.""}",National NCD export metadata; consult the cited NCD.,us_cms_mcd,medicare_coverage,Islet Cell Transplantation in the Context of a Clinical Trial
2023-04-10,NCD-287-v3,not_covered,,CMS National Coverage Determination,United States,"{""effective_date"": null, ""licence_class"": ""permissive"", ""retrieved_at"": null, ""source_id"": ""us_cms_mcd"", ""source_url"": ""https://downloads.cms.gov/medicare-coverage-database/downloads/exports/ncd.zip"", ""source_version"": ""us_cms_mcd_ncd_2026_07_20"", ""transformation_notes"": ""Retained NCD identity, title, dates, and national/termination flags; excluded long HTML text and did not infer item-level coverage.""}",National NCD export metadata; consult the cited NCD.,us_cms_mcd,medicare_coverage,Magnetic Resonance Spectroscopy - RETIRED
2009-04-03,NCD-288-v3,covered,,CMS National Coverage Determination,United States,"{""effective_date"": null, ""licence_class"": ""permissive"", ""retrieved_at"": null, ""source_id"": ""us_cms_mcd"", ""source_url"": ""https://downloads.cms.gov/medicare-coverage-database/downloads/exports/ncd.zip"", ""source_version"": ""us_cms_mcd_ncd_2026_07_20"", ""transformation_notes"": ""Retained NCD identity, title, dates, and national/termination flags; excluded long HTML text and did not infer item-level coverage.""}",National NCD export metadata; consult the cited NCD.,us_cms_mcd,medicare_coverage,FDG PET for Dementia and Neurodegenerative Diseases
2026-02-25,NCD-291-v2,covered,,CMS National Coverage Determination,United States,"{""effective_date"": null, ""licence_class"": ""permissive"", ""retrieved_at"": null, ""source_id"": ""us_cms_mcd"", ""source_url"": ""https://downloads.cms.gov/medicare-coverage-database/downloads/exports/ncd.zip"", ""source_version"": ""us_cms_mcd_ncd_2026_07_20"", ""transformation_notes"": ""Retained NCD identity, title, dates, and national/termination flags; excluded long HTML text and did not infer item-level coverage.""}",National NCD export metadata; consult the cited NCD.,us_cms_mcd,medicare_coverage,Anti-Cancer Chemotherapy for Colorectal Cancer - RETIRED
2009-04-03,NCD-292-v2,covered,,CMS National Coverage Determination,United States,"{""effective_date"": null, ""licence_class"": ""permissive"", ""retrieved_at"": null, ""source_id"": ""us_cms_mcd"", ""source_url"": ""https://downloads.cms.gov/medicare-coverage-database/downloads/exports/ncd.zip"", ""source_version"": ""us_cms_mcd_ncd_2026_07_20"", ""transformation_notes"": ""Retained NCD identity, title, dates, and national/termination flags; excluded long HTML text and did not infer item-level coverage.""}",National NCD export metadata; consult the cited NCD.,us_cms_mcd,medicare_coverage,PET for Perfusion of the Heart
2023-04-10,NCD-293-v3,covered,,CMS National Coverage Determination,United States,"{""effective_date"": null, ""licence_class"": ""permissive"", ""retrieved_at"": null, ""source_id"": ""us_cms_mcd"", ""source_url"": ""https://downloads.cms.gov/medicare-coverage-database/downloads/exports/ncd.zip"", ""source_version"": ""us_cms_mcd_ncd_2026_07_20"", ""transformation_notes"": ""Retained NCD identity, title, dates, and national/termination flags; excluded long HTML text and did not infer item-level coverage.""}",National NCD export metadata; consult the cited NCD.,us_cms_mcd,medicare_coverage,FDG PET for Esophageal Cancer (Replaced with Section 220.6.17) - RETIRED
2005-01-28,NCD-294-v1,covered,,CMS National Coverage Determination,United States,"{""effective_date"": null, ""licence_class"": ""permissive"", ""retrieved_at"": null, ""source_id"": ""us_cms_mcd"", ""source_url"": ""https://downloads.cms.gov/medicare-coverage-database/downloads/exports/ncd.zip"", ""source_version"": ""us_cms_mcd_ncd_2026_07_20"", ""transformation_notes"": ""Retained NCD identity, title, dates, and national/termination flags; excluded long HTML text and did not infer item-level coverage.""}",National NCD export metadata; consult the cited NCD.,us_cms_mcd,medicare_coverage,FDG PET for Refractory Seizures
2023-04-10,NCD-295-v3,covered,,CMS National Coverage Determination,United States,"{""effective_date"": null, ""licence_class"": ""permissive"", ""retrieved_at"": null, ""source_id"": ""us_cms_mcd"", ""source_url"": ""https://downloads.cms.gov/medicare-coverage-database/downloads/exports/ncd.zip"", ""source_version"": ""us_cms_mcd_ncd_2026_07_20"", ""transformation_notes"": ""Retained NCD identity, title, dates, and national/termination flags; excluded long HTML text and did not infer item-level coverage.""}",National NCD export metadata; consult the cited NCD.,us_cms_mcd,medicare_coverage,"FDG PET for Brain, Cervical, Ovarian, Pancreatic, Small Cell Lung, and Testicular Cancers (Replaced with Section 220.6.17) - RETIRED"
2023-04-10,NCD-296-v3,covered,,CMS National Coverage Determination,United States,"{""effective_date"": null, ""licence_class"": ""permissive"", ""retrieved_at"": null, ""source_id"": ""us_cms_mcd"", ""source_url"": ""https://downloads.cms.gov/medicare-coverage-database/downloads/exports/ncd.zip"", ""source_version"": ""us_cms_mcd_ncd_2026_07_20"", ""transformation_notes"": ""Retained NCD identity, title, dates, and national/termination flags; excluded long HTML text and did not infer item-level coverage.""}",National NCD export metadata; consult the cited NCD.,us_cms_mcd,medicare_coverage,FDG PET for All Other Cancer Indications Not Previously Specified (Replaced with Section 220.6.17) - RETIRED
2023-04-10,NCD-297-v3,covered,,CMS National Coverage Determination,United States,"{""effective_date"": null, ""licence_class"": ""permissive"", ""retrieved_at"": null, ""source_id"": ""us_cms_mcd"", ""source_url"": ""https://downloads.cms.gov/medicare-coverage-database/downloads/exports/ncd.zip"", ""source_version"": ""us_cms_mcd_ncd_2026_07_20"", ""transformation_notes"": ""Retained NCD identity, title, dates, and national/termination flags; excluded long HTML text and did not infer item-level coverage.""}",National NCD export metadata; consult the cited NCD.,us_cms_mcd,medicare_coverage,FDG PET for Breast Cancer (Replaced with Section 220.6.17) - RETIRED
2005-01-28,NCD-298-v1,covered,,CMS National Coverage Determination,United States,"{""effective_date"": null, ""licence_class"": ""permissive"", ""retrieved_at"": null, ""source_id"": ""us_cms_mcd"", ""source_url"": ""https://downloads.cms.gov/medicare-coverage-database/downloads/exports/ncd.zip"", ""source_version"": ""us_cms_mcd_ncd_2026_07_20"", ""transformation_notes"": ""Retained NCD identity, title, dates, and national/termination flags; excluded long HTML text and did not infer item-level coverage.""}",National NCD export metadata; consult the cited NCD.,us_cms_mcd,medicare_coverage,FDG PET for Myocardial Viability
2023-04-10,NCD-299-v3,covered,,CMS National Coverage Determination,United States,"{""effective_date"": null, ""licence_class"": ""permissive"", ""retrieved_at"": null, ""source_id"": ""us_cms_mcd"", ""source_url"": ""https://downloads.cms.gov/medicare-coverage-database/downloads/exports/ncd.zip"", ""source_version"": ""us_cms_mcd_ncd_2026_07_20"", ""transformation_notes"": ""Retained NCD identity, title, dates, and national/termination flags; excluded long HTML text and did not infer item-level coverage.""}",National NCD export metadata; consult the cited NCD.,us_cms_mcd,medicare_coverage,FDG PET for Colorectal Cancer (Replaced with Section 220.6.17) - RETIRED
2023-04-10,NCD-300-v3,covered,,CMS National Coverage Determination,United States,"{""effective_date"": null, ""licence_class"": ""permissive"", ""retrieved_at"": null, ""source_id"": ""us_cms_mcd"", ""source_url"": ""https://downloads.cms.gov/medicare-coverage-database/downloads/exports/ncd.zip"", ""source_version"": ""us_cms_mcd_ncd_2026_07_20"", ""transformation_notes"": ""Retained NCD identity, title, dates, and national/termination flags; excluded long HTML text and did not infer item-level coverage.""}",National NCD export metadata; consult the cited NCD.,us_cms_mcd,medicare_coverage,FDG PET for Lymphoma (Replaced with Section 220.6.17) - RETIRED
2023-04-10,NCD-301-v3,covered,,CMS National Coverage Determination,United States,"{""effective_date"": null, ""licence_class"": ""permissive"", ""retrieved_at"": null, ""source_id"": ""us_cms_mcd"", ""source_url"": ""https://downloads.cms.gov/medicare-coverage-database/downloads/exports/ncd.zip"", ""source_version"": ""us_cms_mcd_ncd_2026_07_20"", ""transformation_notes"": ""Retained NCD identity, title, dates, and national/termination flags; excluded long HTML text and did not infer item-level coverage.""}",National NCD export metadata; consult the cited NCD.,us_cms_mcd,medicare_coverage,FDG PET for Lung Cancer (Replaced with Section 220.6.17) - RETIRED
2023-04-10,NCD-302-v3,covered,,CMS National Coverage Determination,United States,"{""effective_date"": null, ""licence_class"": ""permissive"", ""retrieved_at"": null, ""source_id"": ""us_cms_mcd"", ""source_url"": ""https://downloads.cms.gov/medicare-coverage-database/downloads/exports/ncd.zip"", ""source_version"": ""us_cms_mcd_ncd_2026_07_20"", ""transformation_notes"": ""Retained NCD identity, title, dates, and national/termination flags; excluded long HTML text and did not infer item-level coverage.""}",National NCD export metadata; consult the cited NCD.,us_cms_mcd,medicare_coverage,FDG PET for Thyroid Cancer (Replaced with Section 220.6.17) - RETIRED
2023-04-10,NCD-303-v3,covered,,CMS National Coverage Determination,United States,"{""effective_date"": null, ""licence_class"": ""permissive"", ""retrieved_at"": null, ""source_id"": ""us_cms_mcd"", ""source_url"": ""https://downloads.cms.gov/medicare-coverage-database/downloads/exports/ncd.zip"", ""source_version"": ""us_cms_mcd_ncd_2026_07_20"", ""transformation_notes"": ""Retained NCD identity, title, dates, and national/termination flags; excluded long HTML text and did not infer item-level coverage.""}",National NCD export metadata; consult the cited NCD.,us_cms_mcd,medicare_coverage,FDG PET for Soft Tissue Sarcoma (Replaced with Section 220.6.17) - RETIRED
2023-04-10,NCD-304-v3,covered,,CMS National Coverage Determination,United States,"{""effective_date"": null, ""licence_class"": ""permissive"", ""retrieved_at"": null, ""source_id"": ""us_cms_mcd"", ""source_url"": ""https://downloads.cms.gov/medicare-coverage-database/downloads/exports/ncd.zip"", ""source_version"": ""us_cms_mcd_ncd_2026_07_20"", ""transformation_notes"": ""Retained NCD identity, title, dates, and national/termination flags; excluded long HTML text and did not infer item-level coverage.""}",National NCD export metadata; consult the cited NCD.,us_cms_mcd,medicare_coverage,FDG PET for Melanoma (Replaced with Section 220.6.17) - RETIRED
2023-04-10,NCD-305-v3,covered,,CMS National Coverage Determination,United States,"{""effective_date"": null, ""licence_class"": ""permissive"", ""retrieved_at"": null, ""source_id"": ""us_cms_mcd"", ""source_url"": ""https://downloads.cms.gov/medicare-coverage-database/downloads/exports/ncd.zip"", ""source_version"": ""us_cms_mcd_ncd_2026_07_20"", ""transformation_notes"": ""Retained NCD identity, title, dates, and national/termination flags; excluded long HTML text and did not infer item-level coverage.""}",National NCD export metadata; consult the cited NCD.,us_cms_mcd,medicare_coverage,FDG PET for Head and Neck Cancers (Replaced with Section 220.6.17) - RETIRED
2023-04-10,NCD-306-v3,not_covered,,CMS National Coverage Determination,United States,"{""effective_date"": null, ""licence_class"": ""permissive"", ""retrieved_at"": null, ""source_id"": ""us_cms_mcd"", ""source_url"": ""https://downloads.cms.gov/medicare-coverage-database/downloads/exports/ncd.zip"", ""source_version"": ""us_cms_mcd_ncd_2026_07_20"", ""transformation_notes"": ""Retained NCD identity, title, dates, and national/termination flags; excluded long HTML text and did not infer item-level coverage.""}",National NCD export metadata; consult the cited NCD.,us_cms_mcd,medicare_coverage,Abarelix for the Treatment of Prostate Cancer - RETIRED
2023-04-10,NCD-308-v3,covered,,CMS National Coverage Determination,United States,"{""effective_date"": null, ""licence_class"": ""permissive"", ""retrieved_at"": null, ""source_id"": ""us_cms_mcd"", ""source_url"": ""https://downloads.cms.gov/medicare-coverage-database/downloads/exports/ncd.zip"", ""source_version"": ""us_cms_mcd_ncd_2026_07_20"", ""transformation_notes"": ""Retained NCD identity, title, dates, and national/termination flags; excluded long HTML text and did not infer item-level coverage.""}",National NCD export metadata; consult the cited NCD.,us_cms_mcd,medicare_coverage,Smoking and Tobacco-Use Cessation Counseling - RETIRED
2013-05-29,NCD-309-v2,covered,,CMS National Coverage Determination,United States,"{""effective_date"": null, ""licence_class"": ""permissive"", ""retrieved_at"": null, ""source_id"": ""us_cms_mcd"", ""source_url"": ""https://downloads.cms.gov/medicare-coverage-database/downloads/exports/ncd.zip"", ""source_version"": ""us_cms_mcd_ncd_2026_07_20"", ""transformation_notes"": ""Retained NCD identity, title, dates, and national/termination flags; excluded long HTML text and did not infer item-level coverage.""}",National NCD export metadata; consult the cited NCD.,us_cms_mcd,medicare_coverage,Aprepitant for Chemotherapy-Induced Emesis
2015-01-13,NCD-310-v3,covered,,CMS National Coverage Determination,United States,"{""effective_date"": null, ""licence_class"": ""permissive"", ""retrieved_at"": null, ""source_id"": ""us_cms_mcd"", ""source_url"": ""https://downloads.cms.gov/medicare-coverage-database/downloads/exports/ncd.zip"", ""source_version"": ""us_cms_mcd_ncd_2026_07_20"", ""transformation_notes"": ""Retained NCD identity, title, dates, and national/termination flags; excluded long HTML text and did not infer item-level coverage.""}",National NCD export metadata; consult the cited NCD.,us_cms_mcd,medicare_coverage,Microvolt T-Wave Alternans (MTWA)
2006-03-02,NCD-311-v1,covered,,CMS National Coverage Determination,United States,"{""effective_date"": null, ""licence_class"": ""permissive"", ""retrieved_at"": null, ""source_id"": ""us_cms_mcd"", ""source_url"": ""https://downloads.cms.gov/medicare-coverage-database/downloads/exports/ncd.zip"", ""source_version"": ""us_cms_mcd_ncd_2026_07_20"", ""transformation_notes"": ""Retained NCD identity, title, dates, and national/termination flags; excluded long HTML text and did not infer item-level coverage.""}",National NCD export metadata; consult the cited NCD.,us_cms_mcd,medicare_coverage,Nesiritide for Treatment of Heart Failure Patients
2006-03-20,NCD-312-v1,covered,,CMS National Coverage Determination,United States,"{""effective_date"": null, ""licence_class"": ""permissive"", ""retrieved_at"": null, ""source_id"": ""us_cms_mcd"", ""source_url"": ""https://downloads.cms.gov/medicare-coverage-database/downloads/exports/ncd.zip"", ""source_version"": ""us_cms_mcd_ncd_2026_07_20"", ""transformation_notes"": ""Retained NCD identity, title, dates, and national/termination flags; excluded long HTML text and did not infer item-level coverage.""}",National NCD export metadata; consult the cited NCD.,us_cms_mcd,medicare_coverage,Home Use of Oxygen in Approved Clinical Trials
2007-08-14,NCD-313-v2,covered,,CMS National Coverage Determination,United States,"{""effective_date"": null, ""licence_class"": ""permissive"", ""retrieved_at"": null, ""source_id"": ""us_cms_mcd"", ""source_url"": ""https://downloads.cms.gov/medicare-coverage-database/downloads/exports/ncd.zip"", ""source_version"": ""us_cms_mcd_ncd_2026_07_20"", ""transformation_notes"": ""Retained NCD identity, title, dates, and national/termination flags; excluded long HTML text and did not infer item-level coverage.""}",National NCD export metadata; consult the cited NCD.,us_cms_mcd,medicare_coverage,Lumbar Artificial Disc Replacement (LADR)
2006-08-24,NCD-314-v1,covered,,CMS National Coverage Determination,United States,"{""effective_date"": null, ""licence_class"": ""permissive"", ""retrieved_at"": null, ""source_id"": ""us_cms_mcd"", ""source_url"": ""https://downloads.cms.gov/medicare-coverage-database/downloads/exports/ncd.zip"", ""source_version"": ""us_cms_mcd_ncd_2026_07_20"", ""transformation_notes"": ""Retained NCD identity, title, dates, and national/termination flags; excluded long HTML text and did not infer item-level coverage.""}",National NCD export metadata; consult the cited NCD.,us_cms_mcd,medicare_coverage,Cavernous Nerves by Electrical Stimulation with Penile Plethsmography
2006-10-24,NCD-315-v1,covered,,CMS National Coverage Determination,United States,"{""effective_date"": null, ""licence_class"": ""permissive"", ""retrieved_at"": null, ""source_id"": ""us_cms_mcd"", ""source_url"": ""https://downloads.cms.gov/medicare-coverage-database/downloads/exports/ncd.zip"", ""source_version"": ""us_cms_mcd_ncd_2026_07_20"", ""transformation_notes"": ""Retained NCD identity, title, dates, and national/termination flags; excluded long HTML text and did not infer item-level coverage.""}",National NCD export metadata; consult the cited NCD.,us_cms_mcd,medicare_coverage,Infrared Therapy Devices
2006-07-26,NCD-317-v1,covered,,CMS National Coverage Determination,United States,"{""effective_date"": null, ""licence_class"": ""permissive"", ""retrieved_at"": null, ""source_id"": ""us_cms_mcd"", ""source_url"": ""https://downloads.cms.gov/medicare-coverage-database/downloads/exports/ncd.zip"", ""source_version"": ""us_cms_mcd_ncd_2026_07_20"", ""transformation_notes"": ""Retained NCD identity, title, dates, and national/termination flags; excluded long HTML text and did not infer item-level coverage.""}",National NCD export metadata; consult the cited NCD.,us_cms_mcd,medicare_coverage,INDEPENDENCE iBOT 4000 Mobility System
2007-03-20,NCD-319-v1,covered,,CMS National Coverage Determination,United States,"{""effective_date"": null, ""licence_class"": ""permissive"", ""retrieved_at"": null, ""source_id"": ""us_cms_mcd"", ""source_url"": ""https://downloads.cms.gov/medicare-coverage-database/downloads/exports/ncd.zip"", ""source_version"": ""us_cms_mcd_ncd_2026_07_20"", ""transformation_notes"": ""Retained NCD identity, title, dates, and national/termination flags; excluded long HTML text and did not infer item-level coverage.""}",National NCD export metadata; consult the cited NCD.,us_cms_mcd,medicare_coverage,Blood Brain Barrier Osmotic Disruption for Treatment of Brain Tumors
2007-09-25,NCD-320-v1,covered,,CMS National Coverage Determination,United States,"{""effective_date"": null, ""licence_class"": ""permissive"", ""retrieved_at"": null, ""source_id"": ""us_cms_mcd"", ""source_url"": ""https://downloads.cms.gov/medicare-coverage-database/downloads/exports/ncd.zip"", ""source_version"": ""us_cms_mcd_ncd_2026_07_20"", ""transformation_notes"": ""Retained NCD identity, title, dates, and national/termination flags; excluded long HTML text and did not infer item-level coverage.""}",National NCD export metadata; consult the cited NCD.,us_cms_mcd,medicare_coverage,Pulmonary Rehabilitation Services
2007-09-10,NCD-321-v1,covered,,CMS National Coverage Determination,United States,"{""effective_date"": null, ""licence_class"": ""permissive"", ""retrieved_at"": null, ""source_id"": ""us_cms_mcd"", ""source_url"": ""https://downloads.cms.gov/medicare-coverage-database/downloads/exports/ncd.zip"", ""source_version"": ""us_cms_mcd_ncd_2026_07_20"", ""transformation_notes"": ""Retained NCD identity, title, dates, and national/termination flags; excluded long HTML text and did not infer item-level coverage.""}",National NCD export metadata; consult the cited NCD.,us_cms_mcd,medicare_coverage,Nebulized Beta Adrenergic Agonist Therapy for Lung Diseases
2007-07-30,NCD-322-v1,covered,,CMS National Coverage Determination,United States,"{""effective_date"": null, ""licence_class"": ""permissive"", ""retrieved_at"": null, ""source_id"": ""us_cms_mcd"", ""source_url"": ""https://downloads.cms.gov/medicare-coverage-database/downloads/exports/ncd.zip"", ""source_version"": ""us_cms_mcd_ncd_2026_07_20"", ""transformation_notes"": ""Retained NCD identity, title, dates, and national/termination flags; excluded long HTML text and did not infer item-level coverage.""}",National NCD export metadata; consult the cited NCD.,us_cms_mcd,medicare_coverage,Erythropoiesis Stimulating Agents (ESAs) in Cancer and Related Neoplastic Conditions
2023-04-10,NCD-323-v3,not_covered,,CMS National Coverage Determination,United States,"{""effective_date"": null, ""licence_class"": ""permissive"", ""retrieved_at"": null, ""source_id"": ""us_cms_mcd"", ""source_url"": ""https://downloads.cms.gov/medicare-coverage-database/downloads/exports/ncd.zip"", ""source_version"": ""us_cms_mcd_ncd_2026_07_20"", ""transformation_notes"": ""Retained NCD identity, title, dates, and national/termination flags; excluded long HTML text and did not infer item-level coverage.""}",National NCD export metadata; consult the cited NCD.,us_cms_mcd,medicare_coverage,FDG PET for Infection and Inflammation - RETIRED
2008-09-29,NCD-324-v1,covered,,CMS National Coverage Determination,United States,"{""effective_date"": null, ""licence_class"": ""permissive"", ""retrieved_at"": null, ""source_id"": ""us_cms_mcd"", ""source_url"": ""https://downloads.cms.gov/medicare-coverage-database/downloads/exports/ncd.zip"", ""source_version"": ""us_cms_mcd_ncd_2026_07_20"", ""transformation_notes"": ""Retained NCD identity, title, dates, and national/termination flags; excluded long HTML text and did not infer item-level coverage.""}",National NCD export metadata; consult the cited NCD.,us_cms_mcd,medicare_coverage,Thermal Intradiscal Procedures (TIPs)
2008-12-08,NCD-325-v1,covered,,CMS National Coverage Determination,United States,"{""effective_date"": null, ""licence_class"": ""permissive"", ""retrieved_at"": null, ""source_id"": ""us_cms_mcd"", ""source_url"": ""https://downloads.cms.gov/medicare-coverage-database/downloads/exports/ncd.zip"", ""source_version"": ""us_cms_mcd_ncd_2026_07_20"", ""transformation_notes"": ""Retained NCD identity, title, dates, and national/termination flags; excluded long HTML text and did not infer item-level coverage.""}",National NCD export metadata; consult the cited NCD.,us_cms_mcd,medicare_coverage,Heartsbreath Test for Heart Transplant Rejection
2023-04-10,NCD-326-v3,covered,,CMS National Coverage Determination,United States,"{""effective_date"": null, ""licence_class"": ""permissive"", ""retrieved_at"": null, ""source_id"": ""us_cms_mcd"", ""source_url"": ""https://downloads.cms.gov/medicare-coverage-database/downloads/exports/ncd.zip"", ""source_version"": ""us_cms_mcd_ncd_2026_07_20"", ""transformation_notes"": ""Retained NCD identity, title, dates, and national/termination flags; excluded long HTML text and did not infer item-level coverage.""}",National NCD export metadata; consult the cited NCD.,us_cms_mcd,medicare_coverage,Surgery for Diabetes - RETIRED
2009-01-15,NCD-327-v1,covered,,CMS National Coverage Determination,United States,"{""effective_date"": null, ""licence_class"": ""permissive"", ""retrieved_at"": null, ""source_id"": ""us_cms_mcd"", ""source_url"": ""https://downloads.cms.gov/medicare-coverage-database/downloads/exports/ncd.zip"", ""source_version"": ""us_cms_mcd_ncd_2026_07_20"", ""transformation_notes"": ""Retained NCD identity, title, dates, and national/termination flags; excluded long HTML text and did not infer item-level coverage.""}",National NCD export metadata; consult the cited NCD.,us_cms_mcd,medicare_coverage,Wrong Surgical or Other Invasive Procedure Performed on a Patient
2009-01-15,NCD-328-v1,covered,,CMS National Coverage Determination,United States,"{""effective_date"": null, ""licence_class"": ""permissive"", ""retrieved_at"": null, ""source_id"": ""us_cms_mcd"", ""source_url"": ""https://downloads.cms.gov/medicare-coverage-database/downloads/exports/ncd.zip"", ""source_version"": ""us_cms_mcd_ncd_2026_07_20"", ""transformation_notes"": ""Retained NCD identity, title, dates, and national/termination flags; excluded long HTML text and did not infer item-level coverage.""}",National NCD export metadata; consult the cited NCD.,us_cms_mcd,medicare_coverage,Surgical or Other Invasive Procedure Performed on the Wrong Body Part
2009-01-15,NCD-329-v1,covered,,CMS National Coverage Determination,United States,"{""effective_date"": null, ""licence_class"": ""permissive"", ""retrieved_at"": null, ""source_id"": ""us_cms_mcd"", ""source_url"": ""https://downloads.cms.gov/medicare-coverage-database/downloads/exports/ncd.zip"", ""source_version"": ""us_cms_mcd_ncd_2026_07_20"", ""transformation_notes"": ""Retained NCD identity, title, dates, and national/termination flags; excluded long HTML text and did not infer item-level coverage.""}",National NCD export metadata; consult the cited NCD.,us_cms_mcd,medicare_coverage,Surgical or Other Invasive Procedure Performed on the Wrong Patient
2009-03-03,NCD-330-v1,covered,,CMS National Coverage Determination,United States,"{""effective_date"": null, ""licence_class"": ""permissive"", ""retrieved_at"": null, ""source_id"": ""us_cms_mcd"", ""source_url"": ""https://downloads.cms.gov/medicare-coverage-database/downloads/exports/ncd.zip"", ""source_version"": ""us_cms_mcd_ncd_2026_07_20"", ""transformation_notes"": ""Retained NCD identity, title, dates, and national/termination flags; excluded long HTML text and did not infer item-level coverage.""}",National NCD export metadata; consult the cited NCD.,us_cms_mcd,medicare_coverage,Sleep Testing for Obstructive Sleep Apnea (OSA)
2013-06-11,NCD-331-v4,covered,,CMS National Coverage Determination,United States,"{""effective_date"": null, ""licence_class"": ""permissive"", ""retrieved_at"": null, ""source_id"": ""us_cms_mcd"", ""source_url"": ""https://downloads.cms.gov/medicare-coverage-database/downloads/exports/ncd.zip"", ""source_version"": ""us_cms_mcd_ncd_2026_07_20"", ""transformation_notes"": ""Retained NCD identity, title, dates, and national/termination flags; excluded long HTML text and did not infer item-level coverage.""}",National NCD export metadata; consult the cited NCD.,us_cms_mcd,medicare_coverage,Positron Emission Tomography (FDG) for Oncologic Conditions
2009-08-03,NCD-333-v1,covered,,CMS National Coverage Determination,United States,"{""effective_date"": null, ""licence_class"": ""permissive"", ""retrieved_at"": null, ""source_id"": ""us_cms_mcd"", ""source_url"": ""https://downloads.cms.gov/medicare-coverage-database/downloads/exports/ncd.zip"", ""source_version"": ""us_cms_mcd_ncd_2026_07_20"", ""transformation_notes"": ""Retained NCD identity, title, dates, and national/termination flags; excluded long HTML text and did not infer item-level coverage.""}",National NCD export metadata; consult the cited NCD.,us_cms_mcd,medicare_coverage,Pharmacogenomic Testing for Warfarin Response
2009-12-23,NCD-334-v1,covered,,CMS National Coverage Determination,United States,"{""effective_date"": null, ""licence_class"": ""permissive"", ""retrieved_at"": null, ""source_id"": ""us_cms_mcd"", ""source_url"": ""https://downloads.cms.gov/medicare-coverage-database/downloads/exports/ncd.zip"", ""source_version"": ""us_cms_mcd_ncd_2026_07_20"", ""transformation_notes"": ""Retained NCD identity, title, dates, and national/termination flags; excluded long HTML text and did not infer item-level coverage.""}",National NCD export metadata; consult the cited NCD.,us_cms_mcd,medicare_coverage,Outpatient Intravenous Insulin Treatment
2015-04-13,NCD-335-v2,covered,,CMS National Coverage Determination,United States,"{""effective_date"": null, ""licence_class"": ""permissive"", ""retrieved_at"": null, ""source_id"": ""us_cms_mcd"", ""source_url"": ""https://downloads.cms.gov/medicare-coverage-database/downloads/exports/ncd.zip"", ""source_version"": ""us_cms_mcd_ncd_2026_07_20"", ""transformation_notes"": ""Retained NCD identity, title, dates, and national/termination flags; excluded long HTML text and did not infer item-level coverage.""}",National NCD export metadata; consult the cited NCD.,us_cms_mcd,medicare_coverage,Screening for the Human Immunodeficiency Virus (HIV) Infection
2021-12-15,NCD-336-v2,covered,,CMS National Coverage Determination,United States,"{""effective_date"": null, ""licence_class"": ""permissive"", ""retrieved_at"": null, ""source_id"": ""us_cms_mcd"", ""source_url"": ""https://downloads.cms.gov/medicare-coverage-database/downloads/exports/ncd.zip"", ""source_version"": ""us_cms_mcd_ncd_2026_07_20"", ""transformation_notes"": ""Retained NCD identity, title, dates, and national/termination flags; excluded long HTML text and did not infer item-level coverage.""}",National NCD export metadata; consult the cited NCD.,us_cms_mcd,medicare_coverage,Positron Emission Tomography (NaF-18) to Identify Bone Metastasis of Cancer
2010-05-25,NCD-337-v1,covered,,CMS National Coverage Determination,United States,"{""effective_date"": null, ""licence_class"": ""permissive"", ""retrieved_at"": null, ""source_id"": ""us_cms_mcd"", ""source_url"": ""https://downloads.cms.gov/medicare-coverage-database/downloads/exports/ncd.zip"", ""source_version"": ""us_cms_mcd_ncd_2026_07_20"", ""transformation_notes"": ""Retained NCD identity, title, dates, and national/termination flags; excluded long HTML text and did not infer item-level coverage.""}",National NCD export metadata; consult the cited NCD.,us_cms_mcd,medicare_coverage,Collagen Meniscus Implant
2010-03-23,NCD-338-v1,covered,,CMS National Coverage Determination,United States,"{""effective_date"": null, ""licence_class"": ""permissive"", ""retrieved_at"": null, ""source_id"": ""us_cms_mcd"", ""source_url"": ""https://downloads.cms.gov/medicare-coverage-database/downloads/exports/ncd.zip"", ""source_version"": ""us_cms_mcd_ncd_2026_07_20"", ""transformation_notes"": ""Retained NCD identity, title, dates, and national/termination flags; excluded long HTML text and did not infer item-level coverage.""}",National NCD export metadata; consult the cited NCD.,us_cms_mcd,medicare_coverage,Dermal Injections for the Treatment of Facial Lipodystrophy Syndrome (LDS)
2010-08-12,NCD-339-v1,covered,,CMS National Coverage Determination,United States,"{""effective_date"": null, ""licence_class"": ""permissive"", ""retrieved_at"": null, ""source_id"": ""us_cms_mcd"", ""source_url"": ""https://downloads.cms.gov/medicare-coverage-database/downloads/exports/ncd.zip"", ""source_version"": ""us_cms_mcd_ncd_2026_07_20"", ""transformation_notes"": ""Retained NCD identity, title, dates, and national/termination flags; excluded long HTML text and did not infer item-level coverage.""}",National NCD export metadata; consult the cited NCD.,us_cms_mcd,medicare_coverage,Intensive Cardiac Rehabilitation (ICR) Programs
2010-08-12,NCD-340-v1,covered,,CMS National Coverage Determination,United States,"{""effective_date"": null, ""licence_class"": ""permissive"", ""retrieved_at"": null, ""source_id"": ""us_cms_mcd"", ""source_url"": ""https://downloads.cms.gov/medicare-coverage-database/downloads/exports/ncd.zip"", ""source_version"": ""us_cms_mcd_ncd_2026_07_20"", ""transformation_notes"": ""Retained NCD identity, title, dates, and national/termination flags; excluded long HTML text and did not infer item-level coverage.""}",National NCD export metadata; consult the cited NCD.,us_cms_mcd,medicare_coverage,The Pritikin Program
2010-08-12,NCD-341-v1,covered,,CMS National Coverage Determination,United States,"{""effective_date"": null, ""licence_class"": ""permissive"", ""retrieved_at"": null, ""source_id"": ""us_cms_mcd"", ""source_url"": ""https://downloads.cms.gov/medicare-coverage-database/downloads/exports/ncd.zip"", ""source_version"": ""us_cms_mcd_ncd_2026_07_20"", ""transformation_notes"": ""Retained NCD identity, title, dates, and national/termination flags; excluded long HTML text and did not infer item-level coverage.""}",National NCD export metadata; consult the cited NCD.,us_cms_mcd,medicare_coverage,Ornish Program for Reversing Heart Disease
2017-09-26,NCD-342-v2,covered,,CMS National Coverage Determination,United States,"{""effective_date"": null, ""licence_class"": ""permissive"", ""retrieved_at"": null, ""source_id"": ""us_cms_mcd"", ""source_url"": ""https://downloads.cms.gov/medicare-coverage-database/downloads/exports/ncd.zip"", ""source_version"": ""us_cms_mcd_ncd_2026_07_20"", ""transformation_notes"": ""Retained NCD identity, title, dates, and national/termination flags; excluded long HTML text and did not infer item-level coverage.""}",National NCD export metadata; consult the cited NCD.,us_cms_mcd,medicare_coverage,Counseling to Prevent Tobacco Use
2023-04-10,NCD-343-v3,covered,,CMS National Coverage Determination,United States,"{""effective_date"": null, ""licence_class"": ""permissive"", ""retrieved_at"": null, ""source_id"": ""us_cms_mcd"", ""source_url"": ""https://downloads.cms.gov/medicare-coverage-database/downloads/exports/ncd.zip"", ""source_version"": ""us_cms_mcd_ncd_2026_07_20"", ""transformation_notes"": ""Retained NCD identity, title, dates, and national/termination flags; excluded long HTML text and did not infer item-level coverage.""}",National NCD export metadata; consult the cited NCD.,us_cms_mcd,medicare_coverage,Home Oxygen Use to Treat Cluster Headache (CH) - RETIRED
2011-06-30,NCD-344-v1,covered,,CMS National Coverage Determination,United States,"{""effective_date"": null, ""licence_class"": ""permissive"", ""retrieved_at"": null, ""source_id"": ""us_cms_mcd"", ""source_url"": ""https://downloads.cms.gov/medicare-coverage-database/downloads/exports/ncd.zip"", ""source_version"": ""us_cms_mcd_ncd_2026_07_20"", ""transformation_notes"": ""Retained NCD identity, title, dates, and national/termination flags; excluded long HTML text and did not infer item-level coverage.""}",National NCD export metadata; consult the cited NCD.,us_cms_mcd,medicare_coverage,Autologous Cellular Immunotherapy Treatment
2003-10-03,NCD-345-v1,covered,,CMS National Coverage Determination,United States,"{""effective_date"": null, ""licence_class"": ""permissive"", ""retrieved_at"": null, ""source_id"": ""us_cms_mcd"", ""source_url"": ""https://downloads.cms.gov/medicare-coverage-database/downloads/exports/ncd.zip"", ""source_version"": ""us_cms_mcd_ncd_2026_07_20"", ""transformation_notes"": ""Retained NCD identity, title, dates, and national/termination flags; excluded long HTML text and did not infer item-level coverage.""}",National NCD export metadata; consult the cited NCD.,us_cms_mcd,medicare_coverage,Transtelephonic Monitoring of Cardiac Pacemakers
2011-10-14,NCD-346-v1,covered,,CMS National Coverage Determination,United States,"{""effective_date"": null, ""licence_class"": ""permissive"", ""retrieved_at"": null, ""source_id"": ""us_cms_mcd"", ""source_url"": ""https://downloads.cms.gov/medicare-coverage-database/downloads/exports/ncd.zip"", ""source_version"": ""us_cms_mcd_ncd_2026_07_20"", ""transformation_notes"": ""Retained NCD identity, title, dates, and national/termination flags; excluded long HTML text and did not infer item-level coverage.""}",National NCD export metadata; consult the cited NCD.,us_cms_mcd,medicare_coverage,Screening for Depression in Adults
2011-10-14,NCD-347-v1,covered,,CMS National Coverage Determination,United States,"{""effective_date"": null, ""licence_class"": ""permissive"", ""retrieved_at"": null, ""source_id"": ""us_cms_mcd"", ""source_url"": ""https://downloads.cms.gov/medicare-coverage-database/downloads/exports/ncd.zip"", ""source_version"": ""us_cms_mcd_ncd_2026_07_20"", ""transformation_notes"": ""Retained NCD identity, title, dates, and national/termination flags; excluded long HTML text and did not infer item-level coverage.""}",National NCD export metadata; consult the cited NCD.,us_cms_mcd,medicare_coverage,Screening and Behavioral Counseling Interventions in Primary Care to Reduce Alcohol Misuse
2011-11-08,NCD-348-v1,covered,,CMS National Coverage Determination,United States,"{""effective_date"": null, ""licence_class"": ""permissive"", ""retrieved_at"": null, ""source_id"": ""us_cms_mcd"", ""source_url"": ""https://downloads.cms.gov/medicare-coverage-database/downloads/exports/ncd.zip"", ""source_version"": ""us_cms_mcd_ncd_2026_07_20"", ""transformation_notes"": ""Retained NCD identity, title, dates, and national/termination flags; excluded long HTML text and did not infer item-level coverage.""}",National NCD export metadata; consult the cited NCD.,us_cms_mcd,medicare_coverage,Intensive Behavioral Therapy for Cardiovascular Disease
2013-04-03,NCD-349-v2,covered,,CMS National Coverage Determination,United States,"{""effective_date"": null, ""licence_class"": ""permissive"", ""retrieved_at"": null, ""source_id"": ""us_cms_mcd"", ""source_url"": ""https://downloads.cms.gov/medicare-coverage-database/downloads/exports/ncd.zip"", ""source_version"": ""us_cms_mcd_ncd_2026_07_20"", ""transformation_notes"": ""Retained NCD identity, title, dates, and national/termination flags; excluded long HTML text and did not infer item-level coverage.""}",National NCD export metadata; consult the cited NCD.,us_cms_mcd,medicare_coverage,Ocular Photodynamic Therapy (OPT)
2013-04-03,NCD-350-v2,covered,,CMS National Coverage Determination,United States,"{""effective_date"": null, ""licence_class"": ""permissive"", ""retrieved_at"": null, ""source_id"": ""us_cms_mcd"", ""source_url"": ""https://downloads.cms.gov/medicare-coverage-database/downloads/exports/ncd.zip"", ""source_version"": ""us_cms_mcd_ncd_2026_07_20"", ""transformation_notes"": ""Retained NCD identity, title, dates, and national/termination flags; excluded long HTML text and did not infer item-level coverage.""}",National NCD export metadata; consult the cited NCD.,us_cms_mcd,medicare_coverage,Verteporfin
2023-04-10,NCD-351-v2,covered,,CMS National Coverage Determination,United States,"{""effective_date"": null, ""licence_class"": ""permissive"", ""retrieved_at"": null, ""source_id"": ""us_cms_mcd"", ""source_url"": ""https://downloads.cms.gov/medicare-coverage-database/downloads/exports/ncd.zip"", ""source_version"": ""us_cms_mcd_ncd_2026_07_20"", ""transformation_notes"": ""Retained NCD identity, title, dates, and national/termination flags; excluded long HTML text and did not infer item-level coverage.""}",National NCD export metadata; consult the cited NCD.,us_cms_mcd,medicare_coverage,Diagnostic Pap Smears - RETIRED
2011-11-08,NCD-352-v1,covered,,CMS National Coverage Determination,United States,"{""effective_date"": null, ""licence_class"": ""permissive"", ""retrieved_at"": null, ""source_id"": ""us_cms_mcd"", ""source_url"": ""https://downloads.cms.gov/medicare-coverage-database/downloads/exports/ncd.zip"", ""source_version"": ""us_cms_mcd_ncd_2026_07_20"", ""transformation_notes"": ""Retained NCD identity, title, dates, and national/termination flags; excluded long HTML text and did not infer item-level coverage.""}",National NCD export metadata; consult the cited NCD.,us_cms_mcd,medicare_coverage,Screening for Sexually Transmitted Infections (STIs) and High-Intensity Behavioral Counseling (HIBC) to Prevent STIs
2011-11-29,NCD-353-v1,covered,,CMS National Coverage Determination,United States,"{""effective_date"": null, ""licence_class"": ""permissive"", ""retrieved_at"": null, ""source_id"": ""us_cms_mcd"", ""source_url"": ""https://downloads.cms.gov/medicare-coverage-database/downloads/exports/ncd.zip"", ""source_version"": ""us_cms_mcd_ncd_2026_07_20"", ""transformation_notes"": ""Retained NCD identity, title, dates, and national/termination flags; excluded long HTML text and did not infer item-level coverage.""}",National NCD export metadata; consult the cited NCD.,us_cms_mcd,medicare_coverage,Intensive Behavioral Therapy for Obesity
2012-06-08,NCD-354-v1,covered,,CMS National Coverage Determination,United States,"{""effective_date"": null, ""licence_class"": ""permissive"", ""retrieved_at"": null, ""source_id"": ""us_cms_mcd"", ""source_url"": ""https://downloads.cms.gov/medicare-coverage-database/downloads/exports/ncd.zip"", ""source_version"": ""us_cms_mcd_ncd_2026_07_20"", ""transformation_notes"": ""Retained NCD identity, title, dates, and national/termination flags; excluded long HTML text and did not infer item-level coverage.""}",National NCD export metadata; consult the cited NCD.,us_cms_mcd,medicare_coverage,Transcutaneous Electrical Nerve Stimulation (TENS) for Chronic Low Back Pain (CLBP)
2019-06-21,NCD-355-v2,covered,,CMS National Coverage Determination,United States,"{""effective_date"": null, ""licence_class"": ""permissive"", ""retrieved_at"": null, ""source_id"": ""us_cms_mcd"", ""source_url"": ""https://downloads.cms.gov/medicare-coverage-database/downloads/exports/ncd.zip"", ""source_version"": ""us_cms_mcd_ncd_2026_07_20"", ""transformation_notes"": ""Retained NCD identity, title, dates, and national/termination flags; excluded long HTML text and did not infer item-level coverage.""}",National NCD export metadata; consult the cited NCD.,us_cms_mcd,medicare_coverage,Transcatheter Aortic Valve Replacement (TAVR)
2023-10-13,NCD-356-v2,covered,,CMS National Coverage Determination,United States,"{""effective_date"": null, ""licence_class"": ""permissive"", ""retrieved_at"": null, ""source_id"": ""us_cms_mcd"", ""source_url"": ""https://downloads.cms.gov/medicare-coverage-database/downloads/exports/ncd.zip"", ""source_version"": ""us_cms_mcd_ncd_2026_07_20"", ""transformation_notes"": ""Retained NCD identity, title, dates, and national/termination flags; excluded long HTML text and did not infer item-level coverage.""}",National NCD export metadata; consult the cited NCD.,us_cms_mcd,medicare_coverage,Beta Amyloid Positron Tomography in Dementia and Neurodegenerative Disease (RETIRED)
2013-08-13,NCD-357-v2,covered,,CMS National Coverage Determination,United States,"{""effective_date"": null, ""licence_class"": ""permissive"", ""retrieved_at"": null, ""source_id"": ""us_cms_mcd"", ""source_url"": ""https://downloads.cms.gov/medicare-coverage-database/downloads/exports/ncd.zip"", ""source_version"": ""us_cms_mcd_ncd_2026_07_20"", ""transformation_notes"": ""Retained NCD identity, title, dates, and national/termination flags; excluded long HTML text and did not infer item-level coverage.""}",National NCD export metadata; consult the cited NCD.,us_cms_mcd,medicare_coverage,Single Chamber and Dual Chamber Permanent Cardiac Pacemakers
2016-12-07,NCD-358-v2,covered,,CMS National Coverage Determination,United States,"{""effective_date"": null, ""licence_class"": ""permissive"", ""retrieved_at"": null, ""source_id"": ""us_cms_mcd"", ""source_url"": ""https://downloads.cms.gov/medicare-coverage-database/downloads/exports/ncd.zip"", ""source_version"": ""us_cms_mcd_ncd_2026_07_20"", ""transformation_notes"": ""Retained NCD identity, title, dates, and national/termination flags; excluded long HTML text and did not infer item-level coverage.""}",National NCD export metadata; consult the cited NCD.,us_cms_mcd,medicare_coverage,Percutaneous Image-Guided Lumbar Decompression for Lumbar Spinal Stenosis
2014-02-18,NCD-359-v1,covered,,CMS National Coverage Determination,United States,"{""effective_date"": null, ""licence_class"": ""permissive"", ""retrieved_at"": null, ""source_id"": ""us_cms_mcd"", ""source_url"": ""https://downloads.cms.gov/medicare-coverage-database/downloads/exports/ncd.zip"", ""source_version"": ""us_cms_mcd_ncd_2026_07_20"", ""transformation_notes"": ""Retained NCD identity, title, dates, and national/termination flags; excluded long HTML text and did not infer item-level coverage.""}",National NCD export metadata; consult the cited NCD.,us_cms_mcd,medicare_coverage,Cardiac Rehabilitation Programs for Chronic Heart Failure
2020-12-01,NCD-360-v2,covered,,CMS National Coverage Determination,United States,"{""effective_date"": null, ""licence_class"": ""permissive"", ""retrieved_at"": null, ""source_id"": ""us_cms_mcd"", ""source_url"": ""https://downloads.cms.gov/medicare-coverage-database/downloads/exports/ncd.zip"", ""source_version"": ""us_cms_mcd_ncd_2026_07_20"", ""transformation_notes"": ""Retained NCD identity, title, dates, and national/termination flags; excluded long HTML text and did not infer item-level coverage.""}",National NCD export metadata; consult the cited NCD.,us_cms_mcd,medicare_coverage,Ventricular Assist Devices
2014-06-02,NCD-361-v1,covered,,CMS National Coverage Determination,United States,"{""effective_date"": null, ""licence_class"": ""permissive"", ""retrieved_at"": null, ""source_id"": ""us_cms_mcd"", ""source_url"": ""https://downloads.cms.gov/medicare-coverage-database/downloads/exports/ncd.zip"", ""source_version"": ""us_cms_mcd_ncd_2026_07_20"", ""transformation_notes"": ""Retained NCD identity, title, dates, and national/termination flags; excluded long HTML text and did not infer item-level coverage.""}",National NCD export metadata; consult the cited NCD.,us_cms_mcd,medicare_coverage,Screening for Hepatitis C Virus (HCV) in Adults
2014-05-06,NCD-362-v1,covered,,CMS National Coverage Determination,United States,"{""effective_date"": null, ""licence_class"": ""permissive"", ""retrieved_at"": null, ""source_id"": ""us_cms_mcd"", ""source_url"": ""https://downloads.cms.gov/medicare-coverage-database/downloads/exports/ncd.zip"", ""source_version"": ""us_cms_mcd_ncd_2026_07_20"", ""transformation_notes"": ""Retained NCD identity, title, dates, and national/termination flags; excluded long HTML text and did not infer item-level coverage.""}",National NCD export metadata; consult the cited NCD.,us_cms_mcd,medicare_coverage,Benson-Henry Institute Cardiac Wellness Program
2023-07-31,NCD-363-v3,covered,,CMS National Coverage Determination,United States,"{""effective_date"": null, ""licence_class"": ""permissive"", ""retrieved_at"": null, ""source_id"": ""us_cms_mcd"", ""source_url"": ""https://downloads.cms.gov/medicare-coverage-database/downloads/exports/ncd.zip"", ""source_version"": ""us_cms_mcd_ncd_2026_07_20"", ""transformation_notes"": ""Retained NCD identity, title, dates, and national/termination flags; excluded long HTML text and did not infer item-level coverage.""}",National NCD export metadata; consult the cited NCD.,us_cms_mcd,medicare_coverage,Transcatheter Edge-to-Edge Repair (TEER) for Mitral Valve Regurgitation
2022-02-10,NCD-364-v2,covered,,CMS National Coverage Determination,United States,"{""effective_date"": null, ""licence_class"": ""permissive"", ""retrieved_at"": null, ""source_id"": ""us_cms_mcd"", ""source_url"": ""https://downloads.cms.gov/medicare-coverage-database/downloads/exports/ncd.zip"", ""source_version"": ""us_cms_mcd_ncd_2026_07_20"", ""transformation_notes"": ""Retained NCD identity, title, dates, and national/termination flags; excluded long HTML text and did not infer item-level coverage.""}",National NCD export metadata; consult the cited NCD.,us_cms_mcd,medicare_coverage,Lung Cancer Screening with Low Dose Computed Tomography (LDCT)
2015-07-09,NCD-365-v1,covered,,CMS National Coverage Determination,United States,"{""effective_date"": null, ""licence_class"": ""permissive"", ""retrieved_at"": null, ""source_id"": ""us_cms_mcd"", ""source_url"": ""https://downloads.cms.gov/medicare-coverage-database/downloads/exports/ncd.zip"", ""source_version"": ""us_cms_mcd_ncd_2026_07_20"", ""transformation_notes"": ""Retained NCD identity, title, dates, and national/termination flags; excluded long HTML text and did not infer item-level coverage.""}",National NCD export metadata; consult the cited NCD.,us_cms_mcd,medicare_coverage,Screening for Cervical Cancer with Human Papillomavirus (HPV)
2024-03-06,NCD-366-v2,covered,,CMS National Coverage Determination,United States,"{""effective_date"": null, ""licence_class"": ""permissive"", ""retrieved_at"": null, ""source_id"": ""us_cms_mcd"", ""source_url"": ""https://downloads.cms.gov/medicare-coverage-database/downloads/exports/ncd.zip"", ""source_version"": ""us_cms_mcd_ncd_2026_07_20"", ""transformation_notes"": ""Retained NCD identity, title, dates, and national/termination flags; excluded long HTML text and did not infer item-level coverage.""}",National NCD export metadata; consult the cited NCD.,us_cms_mcd,medicare_coverage,Stem Cell Transplantation (Formerly 110.8.1)
2016-02-08,NCD-367-v1,covered,,CMS National Coverage Determination,United States,"{""effective_date"": null, ""licence_class"": ""permissive"", ""retrieved_at"": null, ""source_id"": ""us_cms_mcd"", ""source_url"": ""https://downloads.cms.gov/medicare-coverage-database/downloads/exports/ncd.zip"", ""source_version"": ""us_cms_mcd_ncd_2026_07_20"", ""transformation_notes"": ""Retained NCD identity, title, dates, and national/termination flags; excluded long HTML text and did not infer item-level coverage.""}",National NCD export metadata; consult the cited NCD.,us_cms_mcd,medicare_coverage,Percutaneous Left Atrial Appendage Closure (LAAC)
2016-08-30,NCD-368-v1,covered,,CMS National Coverage Determination,United States,"{""effective_date"": null, ""licence_class"": ""permissive"", ""retrieved_at"": null, ""source_id"": ""us_cms_mcd"", ""source_url"": ""https://downloads.cms.gov/medicare-coverage-database/downloads/exports/ncd.zip"", ""source_version"": ""us_cms_mcd_ncd_2026_07_20"", ""transformation_notes"": ""Retained NCD identity, title, dates, and national/termination flags; excluded long HTML text and did not infer item-level coverage.""}",National NCD export metadata; consult the cited NCD.,us_cms_mcd,medicare_coverage,Gender Dysphoria and Gender Reassignment Surgery
2016-09-28,NCD-369-v1,covered,,CMS National Coverage Determination,United States,"{""effective_date"": null, ""licence_class"": ""permissive"", ""retrieved_at"": null, ""source_id"": ""us_cms_mcd"", ""source_url"": ""https://downloads.cms.gov/medicare-coverage-database/downloads/exports/ncd.zip"", ""source_version"": ""us_cms_mcd_ncd_2026_07_20"", ""transformation_notes"": ""Retained NCD identity, title, dates, and national/termination flags; excluded long HTML text and did not infer item-level coverage.""}",National NCD export metadata; consult the cited NCD.,us_cms_mcd,medicare_coverage,Screening for Hepatitis B Virus (HBV) Infection
2017-01-18,NCD-370-v1,covered,,CMS National Coverage Determination,United States,"{""effective_date"": null, ""licence_class"": ""permissive"", ""retrieved_at"": null, ""source_id"": ""us_cms_mcd"", ""source_url"": ""https://downloads.cms.gov/medicare-coverage-database/downloads/exports/ncd.zip"", ""source_version"": ""us_cms_mcd_ncd_2026_07_20"", ""transformation_notes"": ""Retained NCD identity, title, dates, and national/termination flags; excluded long HTML text and did not infer item-level coverage.""}",National NCD export metadata; consult the cited NCD.,us_cms_mcd,medicare_coverage,Leadless Pacemakers
2017-05-25,NCD-371-v1,covered,,CMS National Coverage Determination,United States,"{""effective_date"": null, ""licence_class"": ""permissive"", ""retrieved_at"": null, ""source_id"": ""us_cms_mcd"", ""source_url"": ""https://downloads.cms.gov/medicare-coverage-database/downloads/exports/ncd.zip"", ""source_version"": ""us_cms_mcd_ncd_2026_07_20"", ""transformation_notes"": ""Retained NCD identity, title, dates, and national/termination flags; excluded long HTML text and did not infer item-level coverage.""}",National NCD export metadata; consult the cited NCD.,us_cms_mcd,medicare_coverage,Supervised Exercise Therapy (SET) for Symptomatic Peripheral Artery Disease (PAD)
2020-01-27,NCD-372-v2,covered,,CMS National Coverage Determination,United States,"{""effective_date"": null, ""licence_class"": ""permissive"", ""retrieved_at"": null, ""source_id"": ""us_cms_mcd"", ""source_url"": ""https://downloads.cms.gov/medicare-coverage-database/downloads/exports/ncd.zip"", ""source_version"": ""us_cms_mcd_ncd_2026_07_20"", ""transformation_notes"": ""Retained NCD identity, title, dates, and national/termination flags; excluded long HTML text and did not infer item-level coverage.""}",National NCD export metadata; consult the cited NCD.,us_cms_mcd,medicare_coverage,Next Generation Sequencing (NGS)
2020-01-21,NCD-373-v1,covered,,CMS National Coverage Determination,United States,"{""effective_date"": null, ""licence_class"": ""permissive"", ""retrieved_at"": null, ""source_id"": ""us_cms_mcd"", ""source_url"": ""https://downloads.cms.gov/medicare-coverage-database/downloads/exports/ncd.zip"", ""source_version"": ""us_cms_mcd_ncd_2026_07_20"", ""transformation_notes"": ""Retained NCD identity, title, dates, and national/termination flags; excluded long HTML text and did not infer item-level coverage.""}",National NCD export metadata; consult the cited NCD.,us_cms_mcd,medicare_coverage,Acupuncture for Chronic Lower Back Pain (cLBP)
2019-08-07,NCD-374-v1,covered,,CMS National Coverage Determination,United States,"{""effective_date"": null, ""licence_class"": ""permissive"", ""retrieved_at"": null, ""source_id"": ""us_cms_mcd"", ""source_url"": ""https://downloads.cms.gov/medicare-coverage-database/downloads/exports/ncd.zip"", ""source_version"": ""us_cms_mcd_ncd_2026_07_20"", ""transformation_notes"": ""Retained NCD identity, title, dates, and national/termination flags; excluded long HTML text and did not infer item-level coverage.""}",National NCD export metadata; consult the cited NCD.,us_cms_mcd,medicare_coverage,Chimeric Antigen Receptor (CAR) T-cell Therapy
2022-04-07,NCD-375-v1,covered,,CMS National Coverage Determination,United States,"{""effective_date"": null, ""licence_class"": ""permissive"", ""retrieved_at"": null, ""source_id"": ""us_cms_mcd"", ""source_url"": ""https://downloads.cms.gov/medicare-coverage-database/downloads/exports/ncd.zip"", ""source_version"": ""us_cms_mcd_ncd_2026_07_20"", ""transformation_notes"": ""Retained NCD identity, title, dates, and national/termination flags; excluded long HTML text and did not infer item-level coverage.""}",National NCD export metadata; consult the cited NCD.,us_cms_mcd,medicare_coverage,Monoclonal Antibodies Directed Against Amyloid for the Treatment of Alzheimer's Disease (AD)
2023-05-16,NCD-376-v1,covered,,CMS National Coverage Determination,United States,"{""effective_date"": null, ""licence_class"": ""permissive"", ""retrieved_at"": null, ""source_id"": ""us_cms_mcd"", ""source_url"": ""https://downloads.cms.gov/medicare-coverage-database/downloads/exports/ncd.zip"", ""source_version"": ""us_cms_mcd_ncd_2026_07_20"", ""transformation_notes"": ""Retained NCD identity, title, dates, and national/termination flags; excluded long HTML text and did not infer item-level coverage.""}",National NCD export metadata; consult the cited NCD.,us_cms_mcd,medicare_coverage,Seat Elevation Equipment (Power Operated) on Power Wheelchairs
2024-09-30,NCD-377-v1,covered,,CMS National Coverage Determination,United States,"{""effective_date"": null, ""licence_class"": ""permissive"", ""retrieved_at"": null, ""source_id"": ""us_cms_mcd"", ""source_url"": ""https://downloads.cms.gov/medicare-coverage-database/downloads/exports/ncd.zip"", ""source_version"": ""us_cms_mcd_ncd_2026_07_20"", ""transformation_notes"": ""Retained NCD identity, title, dates, and national/termination flags; excluded long HTML text and did not infer item-level coverage.""}",National NCD export metadata; consult the cited NCD.,us_cms_mcd,medicare_coverage,Pre-Exposure Prophylaxis (PrEP) for Human Immunodeficiency Virus (HIV) Prevention
2025-01-13,NCD-378-v1,covered,,CMS National Coverage Determination,United States,"{""effective_date"": null, ""licence_class"": ""permissive"", ""retrieved_at"": null, ""source_id"": ""us_cms_mcd"", ""source_url"": ""https://downloads.cms.gov/medicare-coverage-database/downloads/exports/ncd.zip"", ""source_version"": ""us_cms_mcd_ncd_2026_07_20"", ""transformation_notes"": ""Retained NCD identity, title, dates, and national/termination flags; excluded long HTML text and did not infer item-level coverage.""}",National NCD export metadata; consult the cited NCD.,us_cms_mcd,medicare_coverage,Implantable Pulmonary Artery Pressure Sensors for Heart Failure Management
2025-03-19,NCD-379-v1,covered,,CMS National Coverage Determination,United States,"{""effective_date"": null, ""licence_class"": ""permissive"", ""retrieved_at"": null, ""source_id"": ""us_cms_mcd"", ""source_url"": ""https://downloads.cms.gov/medicare-coverage-database/downloads/exports/ncd.zip"", ""source_version"": ""us_cms_mcd_ncd_2026_07_20"", ""transformation_notes"": ""Retained NCD identity, title, dates, and national/termination flags; excluded long HTML text and did not infer item-level coverage.""}",National NCD export metadata; consult the cited NCD.,us_cms_mcd,medicare_coverage,Transcatheter Tricuspid Valve Replacement (TTVR)
2025-06-09,NCD-380-v1,covered,,CMS National Coverage Determination,United States,"{""effective_date"": null, ""licence_class"": ""permissive"", ""retrieved_at"": null, ""source_id"": ""us_cms_mcd"", ""source_url"": ""https://downloads.cms.gov/medicare-coverage-database/downloads/exports/ncd.zip"", ""source_version"": ""us_cms_mcd_ncd_2026_07_20"", ""transformation_notes"": ""Retained NCD identity, title, dates, and national/termination flags; excluded long HTML text and did not infer item-level coverage.""}",National NCD export metadata; consult the cited NCD.,us_cms_mcd,medicare_coverage,Noninvasive Positive Pressure Ventilation (NIPPV) in the Home for the Treatment of Chronic Respiratory Failure (CRF) Consequent to Chronic Obstructive Pulmonary Disease (COPD)
2025-07-02,NCD-381-v1,covered,,CMS National Coverage Determination,United States,"{""effective_date"": null, ""licence_class"": ""permissive"", ""retrieved_at"": null, ""source_id"": ""us_cms_mcd"", ""source_url"": ""https://downloads.cms.gov/medicare-coverage-database/downloads/exports/ncd.zip"", ""source_version"": ""us_cms_mcd_ncd_2026_07_20"", ""transformation_notes"": ""Retained NCD identity, title, dates, and national/termination flags; excluded long HTML text and did not infer item-level coverage.""}",National NCD export metadata; consult the cited NCD.,us_cms_mcd,medicare_coverage,Transcatheter Edge-to-Edge Repair for Tricuspid Valve Regurgitation (T-TEER)
2025-10-28,NCD-382-v1,covered,,CMS National Coverage Determination,United States,"{""effective_date"": null, ""licence_class"": ""permissive"", ""retrieved_at"": null, ""source_id"": ""us_cms_mcd"", ""source_url"": ""https://downloads.cms.gov/medicare-coverage-database/downloads/exports/ncd.zip"", ""source_version"": ""us_cms_mcd_ncd_2026_07_20"", ""transformation_notes"": ""Retained NCD identity, title, dates, and national/termination flags; excluded long HTML text and did not infer item-level coverage.""}",National NCD export metadata; consult the cited NCD.,us_cms_mcd,medicare_coverage,Renal Denervation (RDN) for Uncontrolled Hypertension
2025-10-28,NCD-383-v1,covered,,CMS National Coverage Determination,United States,"{""effective_date"": null, ""licence_class"": ""permissive"", ""retrieved_at"": null, ""source_id"": ""us_cms_mcd"", ""source_url"": ""https://downloads.cms.gov/medicare-coverage-database/downloads/exports/ncd.zip"", ""source_version"": ""us_cms_mcd_ncd_2026_07_20"", ""transformation_notes"": ""Retained NCD identity, title, dates, and national/termination flags; excluded long HTML text and did not infer item-level coverage.""}",National NCD export metadata; consult the cited NCD.,us_cms_mcd,medicare_coverage,Cardiac Contractility Modulation (CCM) for Heart Failure (HF)
